# Blender v2.79 (sub 0) OBJ File: 'FirstRoom.blend'
# www.blender.org
v -36.459591 0.039432 -3.300000
v -36.471428 0.068004 -3.300000
v -36.500000 0.079842 -3.300000
v -36.528572 0.068004 -3.300000
v -36.540409 0.039432 -3.300000
v -36.528572 0.010860 -3.300000
v -36.500000 -0.000978 -3.300000
v -36.471428 0.010860 -3.300000
v -36.459591 0.039432 -3.175553
v -36.471428 0.068004 -3.175553
v -36.500000 0.079842 -3.175553
v -36.528572 0.068004 -3.175553
v -36.540409 0.039432 -3.175553
v -36.528572 0.010860 -3.175553
v -36.500000 -0.000978 -3.175553
v -36.471428 0.010860 -3.175553
v -36.459591 0.039432 -2.986912
v -36.471428 0.068004 -2.986912
v -36.500000 0.079842 -2.986912
v -36.528572 0.068004 -2.986912
v -36.540409 0.039432 -2.986912
v -36.528572 0.010860 -2.986912
v -36.500000 -0.000978 -2.986912
v -36.471428 0.010860 -2.986912
v -36.459591 0.039432 -2.747397
v -36.471428 0.068004 -2.747397
v -36.500000 0.079842 -2.747397
v -36.528572 0.068004 -2.747397
v -36.540409 0.039432 -2.747397
v -36.528572 0.010860 -2.747397
v -36.500000 -0.000978 -2.747397
v -36.471428 0.010860 -2.747397
v -36.459591 0.039432 -2.470327
v -36.471428 0.068004 -2.470327
v -36.500000 0.079842 -2.470327
v -36.528572 0.068004 -2.470327
v -36.540409 0.039432 -2.470327
v -36.528572 0.010860 -2.470327
v -36.500000 -0.000978 -2.470327
v -36.471428 0.010860 -2.470327
v -36.459591 0.039432 -2.169019
v -36.471428 0.068004 -2.169019
v -36.500000 0.079842 -2.169019
v -36.528572 0.068004 -2.169019
v -36.540409 0.039432 -2.169019
v -36.528572 0.010860 -2.169019
v -36.500000 -0.000978 -2.169019
v -36.471428 0.010860 -2.169019
v -36.459591 0.039432 -1.856793
v -36.471428 0.068004 -1.856793
v -36.500000 0.079842 -1.856793
v -36.528572 0.068004 -1.856793
v -36.540409 0.039432 -1.856793
v -36.528572 0.010860 -1.856793
v -36.500000 -0.000978 -1.856793
v -36.471428 0.010860 -1.856793
v -36.459591 0.039432 -1.546967
v -36.471428 0.068004 -1.546967
v -36.500000 0.079842 -1.546967
v -36.528572 0.068004 -1.546967
v -36.540409 0.039432 -1.546967
v -36.528572 0.010860 -1.546967
v -36.500000 -0.000978 -1.546967
v -36.471428 0.010860 -1.546967
v -36.459591 0.039432 -1.252861
v -36.471428 0.068004 -1.252861
v -36.500000 0.079842 -1.252861
v -36.528572 0.068004 -1.252861
v -36.540409 0.039432 -1.252861
v -36.528572 0.010860 -1.252861
v -36.500000 -0.000978 -1.252861
v -36.471428 0.010860 -1.252861
v -36.459591 0.039432 -0.987792
v -36.471428 0.068004 -0.987792
v -36.500000 0.079842 -0.987792
v -36.528572 0.068004 -0.987792
v -36.540409 0.039432 -0.987792
v -36.528572 0.010860 -0.987792
v -36.500000 -0.000978 -0.987792
v -36.471428 0.010860 -0.987792
v -36.459591 0.039432 -0.765080
v -36.471428 0.068004 -0.765080
v -36.500000 0.079842 -0.765080
v -36.528572 0.068004 -0.765080
v -36.540409 0.039432 -0.765080
v -36.528572 0.010860 -0.765080
v -36.500000 -0.000978 -0.765080
v -36.471428 0.010860 -0.765080
v -36.459591 0.039432 -0.598043
v -36.471428 0.068004 -0.598043
v -36.500000 0.079842 -0.598043
v -36.528572 0.068004 -0.598043
v -36.540409 0.039432 -0.598043
v -36.528572 0.010860 -0.598043
v -36.500000 -0.000978 -0.598043
v -36.471428 0.010860 -0.598043
v -36.459591 0.039432 -0.500000
v -36.471428 0.068004 -0.500000
v -36.500000 0.079842 -0.500000
v -36.528572 0.068004 -0.500000
v -36.540409 0.039432 -0.500000
v -36.528572 0.010860 -0.500000
v -36.500000 -0.000978 -0.500000
v -36.471428 0.010860 -0.500000
vn 1.0000 0.0000 0.0000
vn 0.7071 -0.7071 0.0000
vn 0.7071 0.7071 0.0000
vn 0.0000 1.0000 0.0000
vn -0.7071 0.7071 0.0000
vn -1.0000 0.0000 0.0000
vn -0.7071 -0.7071 0.0000
vn 0.0000 -1.0000 0.0000
s 1
f 1//1 9//1 16//2 8//2
f 2//3 10//3 9//1 1//1
f 3//4 11//4 10//3 2//3
f 4//5 12//5 11//4 3//4
f 5//6 13//6 12//5 4//5
f 6//7 14//7 13//6 5//6
f 7//8 15//8 14//7 6//7
f 8//2 16//2 15//8 7//8
f 9//1 17//1 24//2 16//2
f 10//3 18//3 17//1 9//1
f 11//4 19//4 18//3 10//3
f 12//5 20//5 19//4 11//4
f 13//6 21//6 20//5 12//5
f 14//7 22//7 21//6 13//6
f 15//8 23//8 22//7 14//7
f 16//2 24//2 23//8 15//8
f 17//1 25//1 32//2 24//2
f 18//3 26//3 25//1 17//1
f 19//4 27//4 26//3 18//3
f 20//5 28//5 27//4 19//4
f 21//6 29//6 28//5 20//5
f 22//7 30//7 29//6 21//6
f 23//8 31//8 30//7 22//7
f 24//2 32//2 31//8 23//8
f 25//1 33//1 40//2 32//2
f 26//3 34//3 33//1 25//1
f 27//4 35//4 34//3 26//3
f 28//5 36//5 35//4 27//4
f 29//6 37//6 36//5 28//5
f 30//7 38//7 37//6 29//6
f 31//8 39//8 38//7 30//7
f 32//2 40//2 39//8 31//8
f 33//1 41//1 48//2 40//2
f 34//3 42//3 41//1 33//1
f 35//4 43//4 42//3 34//3
f 36//5 44//5 43//4 35//4
f 37//6 45//6 44//5 36//5
f 38//7 46//7 45//6 37//6
f 39//8 47//8 46//7 38//7
f 40//2 48//2 47//8 39//8
f 41//1 49//1 56//2 48//2
f 42//3 50//3 49//1 41//1
f 43//4 51//4 50//3 42//3
f 44//5 52//5 51//4 43//4
f 45//6 53//6 52//5 44//5
f 46//7 54//7 53//6 45//6
f 47//8 55//8 54//7 46//7
f 48//2 56//2 55//8 47//8
f 49//1 57//1 64//2 56//2
f 50//3 58//3 57//1 49//1
f 51//4 59//4 58//3 50//3
f 52//5 60//5 59//4 51//4
f 53//6 61//6 60//5 52//5
f 54//7 62//7 61//6 53//6
f 55//8 63//8 62//7 54//7
f 56//2 64//2 63//8 55//8
f 57//1 65//1 72//2 64//2
f 58//3 66//3 65//1 57//1
f 59//4 67//4 66//3 58//3
f 60//5 68//5 67//4 59//4
f 61//6 69//6 68//5 60//5
f 62//7 70//7 69//6 61//6
f 63//8 71//8 70//7 62//7
f 64//2 72//2 71//8 63//8
f 65//1 73//1 80//2 72//2
f 66//3 74//3 73//1 65//1
f 67//4 75//4 74//3 66//3
f 68//5 76//5 75//4 67//4
f 69//6 77//6 76//5 68//5
f 70//7 78//7 77//6 69//6
f 71//8 79//8 78//7 70//7
f 72//2 80//2 79//8 71//8
f 73//1 81//1 88//2 80//2
f 74//3 82//3 81//1 73//1
f 75//4 83//4 82//3 74//3
f 76//5 84//5 83//4 75//4
f 77//6 85//6 84//5 76//5
f 78//7 86//7 85//6 77//6
f 79//8 87//8 86//7 78//7
f 80//2 88//2 87//8 79//8
f 81//1 89//1 96//2 88//2
f 82//3 90//3 89//1 81//1
f 83//4 91//4 90//3 82//3
f 84//5 92//5 91//4 83//4
f 85//6 93//6 92//5 84//5
f 86//7 94//7 93//6 85//6
f 87//8 95//8 94//7 86//7
f 88//2 96//2 95//8 87//8
f 89//1 97//1 104//2 96//2
f 90//3 98//3 97//1 89//1
f 91//4 99//4 98//3 90//3
f 92//5 100//5 99//4 91//4
f 93//6 101//6 100//5 92//5
f 94//7 102//7 101//6 93//6
f 95//8 103//8 102//7 94//7
f 96//2 104//2 103//8 95//8
v -36.105530 0.039432 0.500000
v -36.117367 0.068004 0.500000
v -36.145939 0.079842 0.500000
v -36.174511 0.068004 0.500000
v -36.186348 0.039432 0.500000
v -36.174511 0.010860 0.500000
v -36.145939 -0.000978 0.500000
v -36.117367 0.010860 0.500000
v -36.105530 0.039432 0.636783
v -36.117367 0.068004 0.636783
v -36.145939 0.079842 0.636783
v -36.174511 0.068004 0.636783
v -36.186348 0.039432 0.636783
v -36.174511 0.010860 0.636783
v -36.145939 -0.000978 0.636783
v -36.117367 0.010860 0.636783
v -36.105530 0.039432 0.859530
v -36.117367 0.068004 0.859530
v -36.145939 0.079842 0.859530
v -36.174511 0.068004 0.859530
v -36.186348 0.039432 0.859530
v -36.174511 0.010860 0.859530
v -36.145939 -0.000978 0.859530
v -36.117367 0.010860 0.859530
v -36.105530 0.039432 1.150566
v -36.117367 0.068004 1.150566
v -36.145939 0.079842 1.150566
v -36.174511 0.068004 1.150566
v -36.186348 0.039432 1.150566
v -36.174511 0.010860 1.150566
v -36.145939 -0.000978 1.150566
v -36.117367 0.010860 1.150566
v -36.105530 0.039432 1.492220
v -36.117367 0.068004 1.492220
v -36.145939 0.079842 1.492220
v -36.174511 0.068004 1.492220
v -36.186348 0.039432 1.492220
v -36.174511 0.010860 1.492220
v -36.145939 -0.000978 1.492220
v -36.117367 0.010860 1.492220
v -36.105530 0.039432 1.866819
v -36.117367 0.068004 1.866819
v -36.145939 0.079842 1.866819
v -36.174511 0.068004 1.866819
v -36.186348 0.039432 1.866819
v -36.174511 0.010860 1.866819
v -36.145939 -0.000978 1.866819
v -36.117367 0.010860 1.866819
v -36.105530 0.039432 2.256691
v -36.117367 0.068004 2.256691
v -36.145939 0.079842 2.256691
v -36.174511 0.068004 2.256691
v -36.186348 0.039432 2.256691
v -36.174511 0.010860 2.256691
v -36.145939 -0.000978 2.256691
v -36.117367 0.010860 2.256691
v -36.105530 0.039432 2.644161
v -36.117367 0.068004 2.644161
v -36.145939 0.079842 2.644161
v -36.174511 0.068004 2.644161
v -36.186348 0.039432 2.644161
v -36.174511 0.010860 2.644161
v -36.145939 -0.000978 2.644161
v -36.117367 0.010860 2.644161
v -36.105530 0.039432 3.011559
v -36.117367 0.068004 3.011559
v -36.145939 0.079842 3.011559
v -36.174511 0.068004 3.011559
v -36.186348 0.039432 3.011559
v -36.174511 0.010860 3.011559
v -36.145939 -0.000978 3.011559
v -36.117367 0.010860 3.011559
v -36.105530 0.039432 3.341211
v -36.117367 0.068004 3.341211
v -36.145939 0.079842 3.341211
v -36.174511 0.068004 3.341211
v -36.186348 0.039432 3.341211
v -36.174511 0.010860 3.341211
v -36.145939 -0.000978 3.341211
v -36.117367 0.010860 3.341211
v -36.105530 0.039432 3.615445
v -36.117367 0.068004 3.615445
v -36.145939 0.079842 3.615445
v -36.174511 0.068004 3.615445
v -36.186348 0.039432 3.615445
v -36.174511 0.010860 3.615445
v -36.145939 -0.000978 3.615445
v -36.117367 0.010860 3.615445
v -36.105530 0.039432 3.816587
v -36.117367 0.068004 3.816587
v -36.145939 0.079842 3.816587
v -36.174511 0.068004 3.816587
v -36.186348 0.039432 3.816587
v -36.174511 0.010860 3.816587
v -36.145939 -0.000978 3.816587
v -36.117367 0.010860 3.816587
v -36.105549 0.039432 3.928265
v -36.117382 0.068004 3.927885
v -36.145939 0.079842 3.926967
v -36.174496 0.068004 3.926049
v -36.186329 0.039432 3.925669
v -36.174496 0.010860 3.926049
v -36.145939 -0.000978 3.926967
v -36.117382 0.010860 3.927885
v -36.107822 0.039432 3.961789
v -36.119534 0.068004 3.960063
v -36.147800 0.079842 3.955896
v -36.176067 0.068004 3.951729
v -36.187778 0.039432 3.950003
v -36.176067 0.010860 3.951729
v -36.147800 -0.000978 3.955896
v -36.119534 0.010860 3.960063
v -36.115116 0.039432 3.992711
v -36.126289 0.068004 3.988798
v -36.153255 0.079842 3.979353
v -36.180222 0.068004 3.969908
v -36.191391 0.039432 3.965995
v -36.180222 0.010860 3.969908
v -36.153255 -0.000978 3.979353
v -36.126289 0.010860 3.988798
v -36.128189 0.039432 4.019865
v -36.138126 0.068004 4.013431
v -36.162109 0.079842 3.997901
v -36.186092 0.068004 3.982372
v -36.196030 0.039432 3.975938
v -36.186092 0.010860 3.982372
v -36.162109 -0.000978 3.997901
v -36.138126 0.010860 4.013431
v -36.147038 0.039432 4.042056
v -36.154987 0.068004 4.033281
v -36.174168 0.079842 4.012105
v -36.193348 0.068004 3.990928
v -36.201294 0.039432 3.982153
v -36.193348 0.010860 3.990928
v -36.174168 -0.000978 4.012105
v -36.154987 0.010860 4.033281
v -36.170074 0.039432 4.058105
v -36.175690 0.068004 4.047682
v -36.189236 0.079842 4.022526
v -36.202782 0.068004 3.997370
v -36.208393 0.039432 3.986947
v -36.202782 0.010860 3.997370
v -36.189236 -0.000978 4.022526
v -36.175690 0.010860 4.047682
v -36.195156 0.039432 4.068328
v -36.198662 0.068004 4.057020
v -36.207123 0.079842 4.029730
v -36.215580 0.068004 4.002439
v -36.219086 0.039432 3.991132
v -36.215580 0.010860 4.002439
v -36.207123 -0.000978 4.029730
v -36.198662 0.010860 4.057020
v -36.221092 0.039432 4.074157
v -36.223007 0.068004 4.062474
v -36.227631 0.079842 4.034279
v -36.232254 0.068004 4.006084
v -36.234169 0.039432 3.994402
v -36.232254 0.010860 4.006084
v -36.227631 -0.000978 4.034279
v -36.223007 0.010860 4.062474
v -36.247665 0.039432 4.077043
v -36.248516 0.068004 4.065235
v -36.250568 0.079842 4.036737
v -36.252617 0.068004 4.008240
v -36.253468 0.039432 3.996432
v -36.252617 0.010860 4.008240
v -36.250568 -0.000978 4.036737
v -36.248516 0.010860 4.065235
v -36.275017 0.039432 4.078072
v -36.275227 0.068004 4.066236
v -36.275738 0.079842 4.037668
v -36.276249 0.068004 4.009101
v -36.276459 0.039432 3.997265
v -36.276249 0.010860 4.009101
v -36.275738 -0.000978 4.037668
v -36.275227 0.010860 4.066236
v -36.303276 0.039432 4.078044
v -36.303181 0.068004 4.066207
v -36.302948 0.079842 4.037636
v -36.302719 0.068004 4.009065
v -36.302624 0.039432 3.997227
v -36.302719 0.010860 4.009065
v -36.302948 -0.000978 4.037636
v -36.303181 0.010860 4.066207
v -36.332485 0.039432 4.077610
v -36.332344 0.068004 4.065773
v -36.332008 0.079842 4.037203
v -36.331669 0.068004 4.008633
v -36.331528 0.039432 3.996796
v -36.331669 0.010860 4.008633
v -36.332008 -0.000978 4.037203
v -36.332344 0.010860 4.065773
v -36.362896 0.039432 4.077343
v -36.362843 0.068004 4.065505
v -36.362717 0.079842 4.036933
v -36.362591 0.068004 4.008362
v -36.362541 0.039432 3.996524
v -36.362591 0.010860 4.008362
v -36.362717 -0.000978 4.036933
v -36.362843 0.010860 4.065505
v -36.474350 0.039432 4.077343
v -36.474350 0.068004 4.065505
v -36.474350 0.079842 4.036933
v -36.474350 0.068004 4.008362
v -36.474350 0.039432 3.996523
v -36.474350 0.010860 4.008362
v -36.474350 -0.000978 4.036933
v -36.474350 0.010860 4.065505
v -36.669586 0.039432 4.077343
v -36.669586 0.068004 4.065505
v -36.669586 0.079842 4.036933
v -36.669586 0.068004 4.008362
v -36.669586 0.039432 3.996523
v -36.669586 0.010860 4.008362
v -36.669586 -0.000978 4.036933
v -36.669586 0.010860 4.065505
v -36.932938 0.039432 4.077343
v -36.932938 0.068004 4.065505
v -36.932938 0.079842 4.036933
v -36.932938 0.068004 4.008362
v -36.932938 0.039432 3.996523
v -36.932938 0.010860 4.008362
v -36.932938 -0.000978 4.036933
v -36.932938 0.010860 4.065505
v -37.248909 0.039432 4.077344
v -37.248909 0.068004 4.065505
v -37.248909 0.079842 4.036934
v -37.248909 0.068004 4.008362
v -37.248909 0.039432 3.996524
v -37.248909 0.010860 4.008362
v -37.248909 -0.000978 4.036934
v -37.248909 0.010860 4.065505
v -37.602020 0.039432 4.077344
v -37.602020 0.068004 4.065505
v -37.602020 0.079842 4.036934
v -37.602020 0.068004 4.008362
v -37.602020 0.039432 3.996524
v -37.602020 0.010860 4.008362
v -37.602020 -0.000978 4.036934
v -37.602020 0.010860 4.065505
v -37.976776 0.039432 4.077344
v -37.976776 0.068004 4.065506
v -37.976776 0.079842 4.036934
v -37.976776 0.068004 4.008362
v -37.976776 0.039432 3.996524
v -37.976776 0.010860 4.008362
v -37.976776 -0.000978 4.036934
v -37.976776 0.010860 4.065506
v -38.357693 0.039432 4.077344
v -38.357693 0.068004 4.065506
v -38.357693 0.079842 4.036934
v -38.357693 0.068004 4.008362
v -38.357693 0.039432 3.996524
v -38.357693 0.010860 4.008362
v -38.357693 -0.000978 4.036934
v -38.357693 0.010860 4.065506
v -38.729282 0.039432 4.077344
v -38.729282 0.068004 4.065506
v -38.729282 0.079842 4.036934
v -38.729282 0.068004 4.008363
v -38.729282 0.039432 3.996524
v -38.729282 0.010860 4.008363
v -38.729282 -0.000978 4.036934
v -38.729282 0.010860 4.065506
v -39.076050 0.039432 4.077344
v -39.076050 0.068004 4.065506
v -39.076050 0.079842 4.036934
v -39.076050 0.068004 4.008363
v -39.076050 0.039432 3.996524
v -39.076050 0.010860 4.008363
v -39.076050 -0.000978 4.036934
v -39.076050 0.010860 4.065506
v -39.382511 0.039432 4.077344
v -39.382511 0.068004 4.065506
v -39.382511 0.079842 4.036934
v -39.382511 0.068004 4.008363
v -39.382511 0.039432 3.996524
v -39.382511 0.010860 4.008363
v -39.382511 -0.000978 4.036934
v -39.382511 0.010860 4.065506
v -39.633183 0.039432 4.077344
v -39.633183 0.068004 4.065506
v -39.633183 0.079842 4.036934
v -39.633183 0.068004 4.008363
v -39.633183 0.039432 3.996524
v -39.633183 0.010860 4.008363
v -39.633183 -0.000978 4.036934
v -39.633183 0.010860 4.065506
v -39.810905 0.039432 4.077311
v -39.811390 0.068004 4.065483
v -39.812565 0.079842 4.036935
v -39.813740 0.068004 4.008388
v -39.814228 0.039432 3.996559
v -39.813740 0.010860 4.008388
v -39.812565 -0.000978 4.036935
v -39.811390 0.010860 4.065483
v -39.843987 0.039432 4.079852
v -39.846176 0.068004 4.068218
v -39.851467 0.079842 4.040140
v -39.856754 0.068004 4.012062
v -39.858944 0.039432 4.000429
v -39.856754 0.010860 4.012062
v -39.851467 -0.000978 4.040140
v -39.846176 0.010860 4.068218
v -39.866364 0.039432 4.086401
v -39.871201 0.068004 4.075595
v -39.882866 0.079842 4.049514
v -39.894535 0.068004 4.023433
v -39.899368 0.039432 4.012627
v -39.894535 0.010860 4.023433
v -39.882866 -0.000978 4.049514
v -39.871201 0.010860 4.075595
v -39.881771 0.039432 4.095808
v -39.889324 0.068004 4.086692
v -39.907555 0.079842 4.064692
v -39.925785 0.068004 4.042692
v -39.933338 0.039432 4.033577
v -39.925785 0.010860 4.042692
v -39.907555 -0.000978 4.064692
v -39.889324 0.010860 4.086693
v -39.893250 0.039432 4.108549
v -39.902935 0.068004 4.101741
v -39.926311 0.079842 4.085312
v -39.949688 0.068004 4.068883
v -39.959373 0.039432 4.062076
v -39.949688 0.010860 4.068883
v -39.926311 -0.000978 4.085312
v -39.902935 0.010860 4.101741
v -39.902565 0.039432 4.126419
v -39.913509 0.068004 4.121905
v -39.939922 0.079842 4.111011
v -39.966335 0.068004 4.100116
v -39.977280 0.039432 4.095602
v -39.966335 0.010860 4.100116
v -39.939922 -0.000978 4.111011
v -39.913509 0.010860 4.121905
v -39.909817 0.039432 4.150579
v -39.921349 0.068004 4.147897
v -39.949177 0.079842 4.141423
v -39.977005 0.068004 4.134950
v -39.988533 0.039432 4.132267
v -39.977005 0.010860 4.134950
v -39.949177 -0.000978 4.141423
v -39.921349 0.010860 4.147898
v -39.914722 0.039432 4.180948
v -39.926479 0.068004 4.179554
v -39.954849 0.079842 4.176188
v -39.983223 0.068004 4.172823
v -39.994980 0.039432 4.171429
v -39.983223 0.010860 4.172823
v -39.954849 -0.000978 4.176188
v -39.926479 0.010860 4.179554
v -39.917370 0.039432 4.216860
v -39.929195 0.068004 4.216298
v -39.957737 0.079842 4.214941
v -39.986275 0.068004 4.213585
v -39.998100 0.039432 4.213022
v -39.986275 0.010860 4.213585
v -39.957737 -0.000978 4.214941
v -39.929195 0.010860 4.216298
v -39.918205 0.039432 4.257586
v -39.930042 0.068004 4.257507
v -39.958614 0.079842 4.257319
v -39.987183 0.068004 4.257132
v -39.999023 0.039432 4.257053
v -39.987183 0.010860 4.257132
v -39.958614 -0.000978 4.257319
v -39.930042 0.010860 4.257507
v -39.917862 0.039432 4.302481
v -39.929699 0.068004 4.302621
v -39.958267 0.079842 4.302959
v -39.986839 0.068004 4.303297
v -39.998676 0.039432 4.303437
v -39.986839 0.010860 4.303297
v -39.958267 -0.000978 4.302959
v -39.929699 0.010860 4.302621
v -39.917080 0.039432 4.351000
v -39.928917 0.068004 4.351146
v -39.957485 0.079842 4.351498
v -39.986057 0.068004 4.351850
v -39.997894 0.039432 4.351995
v -39.986057 0.010860 4.351850
v -39.957485 -0.000978 4.351498
v -39.928917 0.010860 4.351146
v -39.916641 0.039432 4.402399
v -39.928478 0.068004 4.402449
v -39.957050 0.079842 4.402571
v -39.985622 0.068004 4.402692
v -39.997459 0.039432 4.402743
v -39.985622 0.010860 4.402692
v -39.957050 -0.000978 4.402571
v -39.928478 0.010860 4.402449
v -39.916641 0.039432 4.519595
v -39.928478 0.068004 4.519595
v -39.957050 0.079842 4.519595
v -39.985622 0.068004 4.519595
v -39.997459 0.039432 4.519595
v -39.985622 0.010860 4.519595
v -39.957050 -0.000978 4.519595
v -39.928478 0.010860 4.519595
v -39.916641 0.039432 4.685657
v -39.928478 0.068004 4.685657
v -39.957050 0.079842 4.685657
v -39.985622 0.068004 4.685657
v -39.997459 0.039432 4.685657
v -39.985622 0.010860 4.685657
v -39.957050 -0.000978 4.685657
v -39.928478 0.010860 4.685657
v -39.916641 0.039432 4.890335
v -39.928478 0.068004 4.890335
v -39.957050 0.079842 4.890335
v -39.985622 0.068004 4.890335
v -39.997459 0.039432 4.890335
v -39.985622 0.010860 4.890335
v -39.957050 -0.000978 4.890335
v -39.928478 0.010860 4.890335
v -39.916641 0.039432 5.123208
v -39.928478 0.068004 5.123208
v -39.957050 0.079842 5.123208
v -39.985622 0.068004 5.123208
v -39.997459 0.039432 5.123208
v -39.985622 0.010860 5.123208
v -39.957050 -0.000978 5.123208
v -39.928478 0.010860 5.123208
v -39.916641 0.039432 5.373855
v -39.928478 0.068004 5.373855
v -39.957050 0.079842 5.373855
v -39.985622 0.068004 5.373855
v -39.997459 0.039432 5.373855
v -39.985622 0.010860 5.373855
v -39.957050 -0.000978 5.373855
v -39.928478 0.010860 5.373855
v -39.916641 0.039432 5.631855
v -39.928478 0.068004 5.631855
v -39.957050 0.079842 5.631855
v -39.985622 0.068004 5.631855
v -39.997459 0.039432 5.631855
v -39.985622 0.010860 5.631855
v -39.957050 -0.000978 5.631855
v -39.928478 0.010860 5.631855
v -39.916641 0.039432 5.886788
v -39.928478 0.068004 5.886788
v -39.957050 0.079842 5.886788
v -39.985622 0.068004 5.886788
v -39.997459 0.039432 5.886788
v -39.985622 0.010860 5.886788
v -39.957050 -0.000978 5.886788
v -39.928478 0.010860 5.886788
v -39.916641 0.039432 6.128232
v -39.928478 0.068004 6.128232
v -39.957050 0.079842 6.128232
v -39.985622 0.068004 6.128232
v -39.997463 0.039432 6.128232
v -39.985622 0.010860 6.128232
v -39.957050 -0.000978 6.128232
v -39.928478 0.010860 6.128232
v -39.916641 0.039432 6.345766
v -39.928478 0.068004 6.345766
v -39.957050 0.079842 6.345766
v -39.985622 0.068004 6.345766
v -39.997463 0.039432 6.345766
v -39.985622 0.010860 6.345766
v -39.957050 -0.000978 6.345766
v -39.928478 0.010860 6.345766
v -39.916641 0.039432 6.528970
v -39.928478 0.068004 6.528970
v -39.957050 0.079842 6.528970
v -39.985622 0.068004 6.528970
v -39.997463 0.039432 6.528970
v -39.985622 0.010860 6.528970
v -39.957050 -0.000978 6.528970
v -39.928478 0.010860 6.528970
v -39.916641 0.039432 6.667422
v -39.928478 0.068004 6.667422
v -39.957050 0.079842 6.667422
v -39.985622 0.068004 6.667422
v -39.997459 0.039432 6.667422
v -39.985622 0.010860 6.667422
v -39.957050 -0.000978 6.667422
v -39.928478 0.010860 6.667422
v -39.916641 0.039432 6.750889
v -39.928478 0.068004 6.750834
v -39.957050 0.079842 6.750701
v -39.985622 0.068004 6.750568
v -39.997459 0.039432 6.750513
v -39.985622 0.010860 6.750568
v -39.957050 -0.000978 6.750701
v -39.928478 0.010860 6.750834
v -39.917080 0.039432 6.798005
v -39.928917 0.068004 6.797837
v -39.957485 0.079842 6.797431
v -39.986053 0.068004 6.797025
v -39.997890 0.039432 6.796857
v -39.986053 0.010860 6.797025
v -39.957485 -0.000978 6.797431
v -39.928917 0.010860 6.797837
v -39.917862 0.039432 6.838947
v -39.929699 0.068004 6.838776
v -39.958267 0.079842 6.838365
v -39.986835 0.068004 6.837953
v -39.998672 0.039432 6.837782
v -39.986835 0.010860 6.837953
v -39.958267 -0.000978 6.838365
v -39.929699 0.010860 6.838776
v -39.918205 0.039432 6.873444
v -39.930042 0.068004 6.873557
v -39.958614 0.079842 6.873832
v -39.987183 0.068004 6.874106
v -39.999020 0.039432 6.874220
v -39.987183 0.010860 6.874106
v -39.958614 -0.000978 6.873832
v -39.930042 0.010860 6.873557
v -39.917427 0.039432 6.901308
v -39.929234 0.068004 6.902144
v -39.957733 0.079842 6.904163
v -39.986237 0.068004 6.906182
v -39.998043 0.039432 6.907019
v -39.986237 0.010860 6.906182
v -39.957733 -0.000978 6.904163
v -39.929234 0.010860 6.902144
v -39.915154 0.039432 6.922140
v -39.926781 0.068004 6.924351
v -39.954849 0.079842 6.929689
v -39.982918 0.068004 6.935028
v -39.994549 0.039432 6.937239
v -39.982918 0.010860 6.935028
v -39.954849 -0.000978 6.929689
v -39.926781 0.010860 6.924351
v -39.911678 0.039432 6.935675
v -39.922665 0.068004 6.940088
v -39.949177 0.079842 6.950740
v -39.975685 0.068004 6.961392
v -39.986671 0.039432 6.965806
v -39.975685 0.010860 6.961392
v -39.949177 -0.000978 6.950740
v -39.922665 0.010860 6.940088
v -39.907822 0.039432 6.943100
v -39.917225 0.068004 6.950291
v -39.939922 0.079842 6.967646
v -39.962620 0.068004 6.985001
v -39.972023 0.039432 6.992192
v -39.962620 0.010860 6.985001
v -39.939922 -0.000978 6.967646
v -39.917225 0.010860 6.950291
v -39.902843 0.039432 6.947840
v -39.909718 0.068004 6.957478
v -39.926311 0.079842 6.980738
v -39.942905 0.068004 7.003998
v -39.949780 0.039432 7.013635
v -39.942905 0.010860 7.003998
v -39.926311 -0.000978 6.980738
v -39.909718 0.010860 6.957478
v -39.893147 0.039432 6.952590
v -39.897369 0.068004 6.963651
v -39.907555 0.079842 6.990345
v -39.917740 0.068004 7.017039
v -39.921959 0.039432 7.028100
v -39.917740 0.010860 7.017039
v -39.907555 -0.000978 6.990345
v -39.897369 0.010860 6.963651
v -39.875420 0.039432 6.957080
v -39.877602 0.068004 6.968716
v -39.882866 0.079842 6.996798
v -39.888134 0.068004 7.024880
v -39.890316 0.039432 7.036516
v -39.888134 0.010860 7.024880
v -39.882866 -0.000978 6.996798
v -39.877602 0.010860 6.968716
v -39.848553 0.039432 6.960123
v -39.849407 0.068004 6.971931
v -39.851467 0.079842 7.000428
v -39.853527 0.068004 7.028925
v -39.854378 0.039432 7.040732
v -39.853527 0.010860 7.028925
v -39.851467 -0.000978 7.000428
v -39.849407 0.010860 6.971931
v -39.811977 0.039432 6.961158
v -39.812149 0.068004 6.972995
v -39.812565 0.079842 7.001564
v -39.812984 0.068004 7.030133
v -39.813156 0.039432 7.041970
v -39.812984 0.010860 7.030133
v -39.812565 -0.000978 7.001564
v -39.812149 0.010860 6.972995
v -39.694801 0.039432 6.961154
v -39.694801 0.068004 6.972992
v -39.694801 0.079842 7.001564
v -39.694801 0.068004 7.030136
v -39.694801 0.039432 7.041974
v -39.694801 0.010860 7.030136
v -39.694801 -0.000978 7.001564
v -39.694801 0.010860 6.972992
v -39.526783 0.039432 6.961154
v -39.526783 0.068004 6.972992
v -39.526783 0.079842 7.001564
v -39.526783 0.068004 7.030136
v -39.526783 0.039432 7.041974
v -39.526783 0.010860 7.030136
v -39.526783 -0.000978 7.001564
v -39.526783 0.010860 6.972992
v -39.319328 0.039432 6.961154
v -39.319328 0.068004 6.972992
v -39.319328 0.079842 7.001564
v -39.319328 0.068004 7.030136
v -39.319328 0.039432 7.041974
v -39.319328 0.010860 7.030136
v -39.319328 -0.000978 7.001564
v -39.319328 0.010860 6.972992
v -39.083263 0.039432 6.961154
v -39.083263 0.068004 6.972992
v -39.083263 0.079842 7.001564
v -39.083263 0.068004 7.030136
v -39.083263 0.039432 7.041974
v -39.083263 0.010860 7.030136
v -39.083263 -0.000978 7.001564
v -39.083263 0.010860 6.972992
v -38.829403 0.039432 6.961154
v -38.829403 0.068004 6.972992
v -38.829403 0.079842 7.001564
v -38.829403 0.068004 7.030136
v -38.829403 0.039432 7.041974
v -38.829403 0.010860 7.030136
v -38.829403 -0.000978 7.001564
v -38.829403 0.010860 6.972992
v -38.568565 0.039432 6.961154
v -38.568565 0.068004 6.972992
v -38.568565 0.079842 7.001564
v -38.568565 0.068004 7.030135
v -38.568565 0.039432 7.041974
v -38.568565 0.010860 7.030135
v -38.568565 -0.000978 7.001564
v -38.568565 0.010860 6.972992
v -38.311569 0.039432 6.961154
v -38.311569 0.068004 6.972992
v -38.311569 0.079842 7.001564
v -38.311569 0.068004 7.030135
v -38.311569 0.039432 7.041974
v -38.311569 0.010860 7.030135
v -38.311569 -0.000978 7.001564
v -38.311569 0.010860 6.972992
v -38.069237 0.039432 6.961154
v -38.069237 0.068004 6.972992
v -38.069237 0.079842 7.001564
v -38.069237 0.068004 7.030135
v -38.069237 0.039432 7.041974
v -38.069237 0.010860 7.030135
v -38.069237 -0.000978 7.001564
v -38.069237 0.010860 6.972992
v -37.852390 0.039432 6.961154
v -37.852390 0.068004 6.972992
v -37.852390 0.079842 7.001564
v -37.852390 0.068004 7.030135
v -37.852390 0.039432 7.041974
v -37.852390 0.010860 7.030135
v -37.852390 -0.000978 7.001564
v -37.852390 0.010860 6.972992
v -37.671841 0.039432 6.961154
v -37.671841 0.068004 6.972992
v -37.671841 0.079842 7.001564
v -37.671841 0.068004 7.030135
v -37.671841 0.039432 7.041974
v -37.671841 0.010860 7.030135
v -37.671841 -0.000978 7.001564
v -37.671841 0.010860 6.972992
v -37.538414 0.039432 6.961154
v -37.538414 0.068004 6.972992
v -37.538414 0.079842 7.001564
v -37.538414 0.068004 7.030135
v -37.538414 0.039432 7.041974
v -37.538414 0.010860 7.030135
v -37.538414 -0.000978 7.001564
v -37.538414 0.010860 6.972992
v -37.463062 0.039432 6.961154
v -37.463024 0.068004 6.972992
v -37.462925 0.079842 7.001564
v -37.462830 0.068004 7.030135
v -37.462788 0.039432 7.041973
v -37.462830 0.010860 7.030135
v -37.462925 -0.000978 7.001564
v -37.463024 0.010860 6.972992
v -37.432678 0.039432 6.960949
v -37.432472 0.068004 6.972785
v -37.431965 0.079842 7.001352
v -37.431458 0.068004 7.029920
v -37.431248 0.039432 7.041756
v -37.431458 0.010860 7.029920
v -37.431965 -0.000978 7.001352
v -37.432472 0.010860 6.972785
v -37.407379 0.039432 6.960229
v -37.406826 0.068004 6.972054
v -37.405487 0.079842 7.000595
v -37.404144 0.068004 7.029135
v -37.403591 0.039432 7.040960
v -37.404144 0.010860 7.029135
v -37.405487 -0.000978 7.000595
v -37.406826 0.010860 6.972054
v -37.386398 0.039432 6.958867
v -37.385303 0.068004 6.970654
v -37.382664 0.079842 6.999104
v -37.380020 0.068004 7.027554
v -37.378929 0.039432 7.039341
v -37.380020 0.010860 7.027554
v -37.382664 -0.000978 6.999104
v -37.385303 0.010860 6.970654
v -37.368958 0.039432 6.956778
v -37.367115 0.068004 6.968472
v -37.362667 0.079842 6.996695
v -37.358215 0.068004 7.024918
v -37.356373 0.039432 7.036612
v -37.358215 0.010860 7.024918
v -37.362667 -0.000978 6.996695
v -37.367115 0.010860 6.968472
v -37.354095 0.039432 6.953887
v -37.351334 0.068004 6.965398
v -37.344669 0.079842 6.993181
v -37.338001 0.068004 7.020965
v -37.335239 0.039432 7.032476
v -37.338001 0.010860 7.020965
v -37.344669 -0.000978 6.993181
v -37.351334 0.010860 6.965398
v -37.340595 0.039432 6.950032
v -37.336861 0.068004 6.961266
v -37.327843 0.079842 6.988377
v -37.318825 0.068004 7.015488
v -37.315086 0.039432 7.026721
v -37.318825 0.010860 7.015488
v -37.327843 -0.000978 6.988377
v -37.336861 0.010860 6.961266
v -37.327133 0.039432 6.944890
v -37.322510 0.068004 6.955790
v -37.311359 0.079842 6.982095
v -37.300205 0.068004 7.008400
v -37.295586 0.039432 7.019300
v -37.300205 0.010860 7.008400
v -37.311359 -0.000978 6.982095
v -37.322510 0.010860 6.955790
v -37.312504 0.039432 6.938029
v -37.307198 0.068004 6.948611
v -37.294392 0.079842 6.974151
v -37.281582 0.068004 6.999691
v -37.276276 0.039432 7.010273
v -37.281582 0.010860 6.999691
v -37.294392 -0.000978 6.974151
v -37.307198 0.010860 6.948611
v -37.295780 0.039432 6.929058
v -37.290016 0.068004 6.939399
v -37.276108 0.079842 6.964358
v -37.262203 0.068004 6.989316
v -37.256439 0.039432 6.999658
v -37.262203 0.010860 6.989316
v -37.276108 -0.000978 6.964358
v -37.290016 0.010860 6.939399
v -37.276218 0.039432 6.917724
v -37.270203 0.068004 6.927920
v -37.255688 0.079842 6.952530
v -37.241173 0.068004 6.977140
v -37.235157 0.039432 6.987337
v -37.241173 0.010860 6.977140
v -37.255688 -0.000978 6.952530
v -37.270203 0.010860 6.927920
v -37.253162 0.039432 6.903875
v -37.247051 0.068004 6.914014
v -37.232296 0.079842 6.938482
v -37.217545 0.068004 6.962951
v -37.211433 0.039432 6.973089
v -37.217545 0.010860 6.962951
v -37.232296 -0.000978 6.938482
v -37.247051 0.010860 6.914014
v -37.226009 0.039432 6.887441
v -37.219887 0.068004 6.897573
v -37.205109 0.079842 6.922028
v -37.190334 0.068004 6.946482
v -37.184212 0.039432 6.956614
v -37.190334 0.010860 6.946482
v -37.205109 -0.000978 6.922028
v -37.219887 0.010860 6.897573
v -37.152138 0.039432 6.842880
v -37.146027 0.068004 6.853018
v -37.131271 0.079842 6.877486
v -37.116516 0.068004 6.901954
v -37.110405 0.039432 6.912092
v -37.116516 0.010860 6.901954
v -37.131271 -0.000978 6.877486
v -37.146027 0.010860 6.853018
v -37.085175 0.039432 6.802520
v -37.079063 0.068004 6.812660
v -37.064320 0.079842 6.837133
v -37.049572 0.068004 6.861606
v -37.043465 0.039432 6.871746
v -37.049572 0.010860 6.861606
v -37.064320 -0.000978 6.837133
v -37.079063 0.010860 6.812660
v -37.024391 0.039432 6.765912
v -37.018288 0.068004 6.776053
v -37.003548 0.079842 6.800530
v -36.988808 0.068004 6.825006
v -36.982700 0.039432 6.835148
v -36.988808 0.010860 6.825006
v -37.003548 -0.000978 6.800530
v -37.018288 0.010860 6.776053
v -36.969093 0.039432 6.732618
v -36.962990 0.068004 6.742760
v -36.948250 0.079842 6.767238
v -36.933514 0.068004 6.791715
v -36.927406 0.039432 6.801857
v -36.933514 0.010860 6.791715
v -36.948250 -0.000978 6.767238
v -36.962990 0.010860 6.742760
v -36.918575 0.039432 6.702200
v -36.912468 0.068004 6.712341
v -36.897728 0.079842 6.736817
v -36.882988 0.068004 6.761292
v -36.876877 0.039432 6.771433
v -36.882988 0.010860 6.761292
v -36.897728 -0.000978 6.736817
v -36.912468 0.010860 6.712341
v -36.872135 0.039432 6.674221
v -36.866020 0.068004 6.684360
v -36.851273 0.079842 6.708829
v -36.836521 0.068004 6.733298
v -36.830406 0.039432 6.743437
v -36.836521 0.010860 6.733298
v -36.851273 -0.000978 6.708829
v -36.866020 0.010860 6.684360
v -36.829063 0.039432 6.648242
v -36.822945 0.068004 6.658376
v -36.808178 0.079842 6.682835
v -36.793407 0.068004 6.707294
v -36.787289 0.039432 6.717428
v -36.793407 0.010860 6.707294
v -36.808178 -0.000978 6.682835
v -36.822945 0.010860 6.658376
v -36.788666 0.039432 6.623824
v -36.782536 0.068004 6.633952
v -36.767742 0.079842 6.658395
v -36.752949 0.068004 6.682838
v -36.746819 0.039432 6.692966
v -36.752949 0.010860 6.682838
v -36.767742 -0.000978 6.658395
v -36.782536 0.010860 6.633952
v -36.750237 0.039432 6.600529
v -36.744091 0.068004 6.610648
v -36.729259 0.079842 6.635070
v -36.714432 0.068004 6.659492
v -36.708286 0.039432 6.669611
v -36.714432 0.010860 6.659492
v -36.729259 -0.000978 6.635070
v -36.744091 0.010860 6.610648
v -36.713062 0.039432 6.577918
v -36.706902 0.068004 6.588026
v -36.692028 0.079842 6.612422
v -36.677158 0.068004 6.636819
v -36.670998 0.039432 6.646927
v -36.677158 0.010860 6.636819
v -36.692028 -0.000978 6.612422
v -36.706902 0.010860 6.588026
v -36.676441 0.039432 6.555549
v -36.670261 0.068004 6.565645
v -36.655342 0.079842 6.590012
v -36.640423 0.068004 6.614379
v -36.634239 0.039432 6.624475
v -36.640423 0.010860 6.614379
v -36.655342 -0.000978 6.590012
v -36.670261 0.010860 6.565645
v -36.639668 0.039432 6.532980
v -36.633465 0.068004 6.543064
v -36.618496 0.079842 6.567400
v -36.603523 0.068004 6.591736
v -36.597321 0.039432 6.601820
v -36.603523 0.010860 6.591736
v -36.618496 -0.000978 6.567400
v -36.633465 0.010860 6.543064
vn 1.0000 0.0000 0.0000
vn 0.7071 -0.7071 0.0000
vn 0.7071 0.7071 0.0000
vn 0.0000 1.0000 0.0000
vn -0.7071 0.7071 0.0000
vn -1.0000 0.0000 0.0000
vn -0.7071 -0.7071 0.0000
vn 0.0000 -1.0000 0.0000
vn 1.0000 0.0000 0.0001
vn -1.0000 0.0000 0.0001
vn 0.9994 0.0000 0.0337
vn 0.7108 -0.7029 0.0238
vn 0.7108 0.7029 0.0238
vn 0.0078 1.0000 0.0005
vn -0.7031 0.7107 -0.0214
vn -0.9995 0.0000 -0.0301
vn -0.7031 -0.7107 -0.0214
vn 0.0078 -1.0000 0.0005
vn 0.9889 0.0000 0.1487
vn 0.7089 -0.6973 0.1063
vn 0.7089 0.6973 0.1063
vn 0.0197 0.9998 0.0035
vn -0.6898 0.7172 -0.0992
vn -0.9900 0.0000 -0.1413
vn -0.6898 -0.7172 -0.0992
vn 0.0197 -0.9998 0.0035
vn 0.9428 0.0000 0.3332
vn 0.6787 -0.6941 0.2397
vn 0.6787 0.6941 0.2397
vn 0.0247 0.9996 0.0094
vn -0.6556 0.7204 -0.2263
vn -0.9457 0.0000 -0.3248
vn -0.6556 -0.7204 -0.2263
vn 0.0247 -0.9996 0.0094
vn 0.8385 0.0000 0.5448
vn 0.6054 -0.6920 0.3932
vn 0.6054 0.6920 0.3932
vn 0.0262 0.9995 0.0175
vn -0.5804 0.7236 -0.3734
vn -0.8415 0.0000 -0.5402
vn -0.5804 -0.7237 -0.3734
vn 0.0262 -0.9995 0.0175
vn 0.6723 0.0000 0.7402
vn 0.4854 -0.6919 0.5345
vn 0.4854 0.6918 0.5345
vn 0.0217 0.9995 0.0234
vn -0.4616 0.7240 -0.5125
vn -0.6684 0.0000 -0.7437
vn -0.4616 -0.7240 -0.5125
vn 0.0217 -0.9995 0.0234
vn 0.4770 0.0000 0.8789
vn 0.3433 -0.6939 0.6330
vn 0.3433 0.6939 0.6330
vn 0.0135 0.9996 0.0234
vn -0.3249 0.7208 -0.6122
vn -0.4669 0.0000 -0.8843
vn -0.3249 -0.7208 -0.6122
vn 0.0136 -0.9996 0.0234
vn 0.2990 0.0000 0.9543
vn 0.2141 -0.6971 0.6842
vn 0.2141 0.6971 0.6842
vn 0.0066 0.9998 0.0189
vn -0.2034 0.7170 -0.6667
vn -0.2904 0.0000 -0.9569
vn -0.2033 -0.7170 -0.6667
vn 0.0066 -0.9998 0.0190
vn 0.1636 0.0000 0.9865
vn 0.1166 -0.7003 0.7042
vn 0.1166 0.7003 0.7042
vn 0.0026 0.9999 0.0133
vn -0.1118 0.7138 -0.6914
vn -0.1590 0.0000 -0.9872
vn -0.1118 -0.7138 -0.6914
vn 0.0026 -0.9999 0.0133
vn 0.0727 0.0000 0.9973
vn 0.0516 -0.7028 0.7095
vn 0.0516 0.7028 0.7095
vn 0.0008 0.9999 0.0085
vn -0.0498 0.7113 -0.7011
vn -0.0707 0.0000 -0.9975
vn -0.0498 -0.7113 -0.7011
vn 0.0008 -0.9999 0.0085
vn 0.0183 0.0000 0.9998
vn 0.0129 -0.7047 0.7093
vn 0.0129 0.7047 0.7093
vn 0.0001 1.0000 0.0046
vn -0.0124 0.7094 -0.7047
vn -0.0175 0.0000 -0.9998
vn -0.0124 -0.7094 -0.7047
vn 0.0002 -1.0000 0.0046
vn -0.0079 0.0000 0.9999
vn -0.0056 -0.7062 0.7079
vn -0.0056 0.7062 0.7079
vn 0.0000 1.0000 0.0017
vn 0.0057 0.7079 -0.7062
vn 0.0081 0.0000 -0.9999
vn 0.0057 -0.7079 -0.7063
vn 0.0000 -1.0000 0.0017
vn -0.0118 0.0000 0.9999
vn -0.0083 -0.7074 0.7067
vn -0.0083 0.7074 0.7067
vn 0.0000 1.0000 -0.0007
vn 0.0084 0.7067 -0.7074
vn 0.0118 0.0000 -0.9999
vn 0.0084 -0.7067 -0.7074
vn 0.0000 -1.0000 -0.0007
vn -0.0044 0.0000 1.0000
vn -0.0031 -0.7076 0.7065
vn -0.0031 0.7076 0.7065
vn 0.0000 1.0000 -0.0011
vn 0.0031 0.7066 -0.7076
vn 0.0044 0.0000 -1.0000
vn 0.0031 -0.7066 -0.7076
vn 0.0000 -1.0000 -0.0011
vn 0.0000 0.0000 1.0000
vn 0.0000 -0.7071 0.7071
vn 0.0000 0.7071 0.7071
vn 0.0000 0.7071 -0.7071
vn 0.0000 0.0000 -1.0000
vn 0.0000 -0.7071 -0.7071
vn -0.0001 0.0000 1.0000
vn -0.0000 -0.7070 0.7071
vn -0.0000 0.7070 0.7071
vn -0.0000 0.7070 -0.7071
vn -0.0001 0.0000 -1.0000
vn -0.0000 -0.7070 -0.7071
vn 0.0387 0.0000 0.9992
vn 0.0275 -0.7117 0.7020
vn 0.0275 0.7117 0.7020
vn -0.0008 0.9999 -0.0100
vn -0.0304 0.7017 -0.7118
vn -0.0429 0.0000 -0.9991
vn -0.0304 -0.7017 -0.7118
vn -0.0008 -0.9999 -0.0100
vn 0.1805 0.0000 0.9836
vn 0.1260 -0.7201 0.6824
vn 0.1260 0.7201 0.6824
vn -0.0053 0.9997 -0.0247
vn -0.1350 0.6948 -0.7064
vn -0.1881 0.0000 -0.9821
vn -0.1350 -0.6948 -0.7064
vn -0.0053 -0.9997 -0.0247
vn 0.4052 0.0000 0.9142
vn 0.2802 -0.7235 0.6308
vn 0.2802 0.7235 0.6308
vn -0.0133 0.9995 -0.0288
vn -0.2960 0.6917 -0.6587
vn -0.4101 0.0000 -0.9120
vn -0.2960 -0.6917 -0.6587
vn -0.0133 -0.9995 -0.0288
vn 0.6386 0.0000 0.7695
vn 0.4396 -0.7252 0.5300
vn 0.4396 0.7252 0.5300
vn -0.0218 0.9994 -0.0264
vn -0.4612 0.6907 -0.5569
vn -0.6378 0.0000 -0.7702
vn -0.4612 -0.6907 -0.5569
vn -0.0218 -0.9994 -0.0264
vn 0.8208 0.0000 0.5712
vn 0.5667 -0.7228 0.3953
vn 0.5667 0.7228 0.3953
vn -0.0247 0.9995 -0.0180
vn -0.5895 0.6923 -0.4162
vn -0.8167 0.0000 -0.5770
vn -0.5895 -0.6923 -0.4162
vn -0.0247 -0.9995 -0.0180
vn 0.9261 -0.0000 0.3774
vn 0.6435 -0.7188 0.2630
vn 0.6436 0.7187 0.2630
vn -0.0213 0.9997 -0.0094
vn -0.6636 0.6955 -0.2755
vn -0.9235 0.0000 -0.3837
vn -0.6636 -0.6955 -0.2755
vn -0.0213 -0.9997 -0.0094
vn 0.9745 -0.0000 0.2244
vn 0.6811 -0.7151 0.1571
vn 0.6811 0.7151 0.1572
vn -0.0157 0.9998 -0.0040
vn -0.6963 0.6989 -0.1630
vn -0.9736 0.0000 -0.2282
vn -0.6963 -0.6989 -0.1630
vn -0.0157 -0.9998 -0.0040
vn 0.9931 0.0000 0.1168
vn 0.6970 -0.7123 0.0821
vn 0.6970 0.7123 0.0821
vn -0.0105 0.9999 -0.0014
vn -0.7074 0.7017 -0.0844
vn -0.9929 0.0000 -0.1186
vn -0.7074 -0.7018 -0.0844
vn -0.0105 -0.9999 -0.0014
vn 0.9989 0.0000 0.0471
vn 0.7031 -0.7103 0.0332
vn 0.7031 0.7103 0.0332
vn -0.0065 1.0000 -0.0004
vn -0.7096 0.7038 -0.0339
vn -0.9988 0.0000 -0.0478
vn -0.7096 -0.7038 -0.0339
vn -0.0065 -1.0000 -0.0004
vn 1.0000 0.0000 0.0064
vn 0.7053 -0.7088 0.0045
vn 0.7053 0.7088 0.0045
vn -0.0035 1.0000 -0.0000
vn -0.7088 0.7054 -0.0047
vn -1.0000 0.0000 -0.0067
vn -0.7088 -0.7054 -0.0047
vn -0.0035 -1.0000 -0.0000
vn 0.9999 0.0000 -0.0119
vn 0.7065 -0.7076 -0.0084
vn 0.7065 0.7076 -0.0084
vn -0.0010 1.0000 0.0000
vn -0.7076 0.7066 0.0083
vn -0.9999 0.0000 0.0118
vn -0.7076 -0.7066 0.0083
vn -0.0010 -1.0000 0.0000
vn 0.9999 0.0000 -0.0123
vn 0.7075 -0.7066 -0.0087
vn 0.7075 0.7066 -0.0087
vn 0.0009 1.0000 0.0000
vn -0.7066 0.7075 0.0087
vn -0.9999 0.0000 0.0123
vn -0.7066 -0.7075 0.0087
vn 0.0009 -1.0000 0.0000
vn 1.0000 0.0000 -0.0042
vn 0.7076 -0.7065 -0.0030
vn 0.7076 0.7065 -0.0030
vn 0.0010 1.0000 0.0000
vn -0.7066 0.7076 0.0030
vn -1.0000 0.0000 0.0043
vn -0.7066 -0.7076 0.0030
vn 0.0010 -1.0000 0.0000
vn 1.0000 0.0000 0.0046
vn 0.7077 -0.7065 0.0033
vn 0.7077 0.7065 0.0033
vn 0.0011 1.0000 0.0000
vn -0.7065 0.7076 -0.0033
vn -1.0000 0.0000 -0.0046
vn -0.7065 -0.7076 -0.0033
vn 0.0011 -1.0000 0.0000
vn 0.9999 0.0000 0.0142
vn 0.7076 -0.7065 0.0100
vn 0.7076 0.7065 0.0100
vn 0.0012 1.0000 0.0000
vn -0.7064 0.7077 -0.0100
vn -0.9999 0.0000 -0.0142
vn -0.7064 -0.7077 -0.0100
vn 0.0012 -1.0000 0.0000
vn 0.9999 0.0000 0.0145
vn 0.7065 -0.7076 0.0102
vn 0.7065 0.7076 0.0102
vn -0.0012 1.0000 0.0000
vn -0.7076 0.7065 -0.0101
vn -0.9999 0.0000 -0.0143
vn -0.7076 -0.7065 -0.0101
vn -0.0012 -1.0000 0.0000
vn 0.9999 0.0000 -0.0091
vn 0.7048 -0.7094 -0.0065
vn 0.7048 0.7094 -0.0065
vn -0.0047 1.0000 0.0001
vn -0.7095 0.7047 0.0070
vn -0.9999 0.0000 0.0100
vn -0.7095 -0.7047 0.0070
vn -0.0047 -1.0000 0.0001
vn 0.9976 0.0000 -0.0687
vn 0.7005 -0.7120 -0.0485
vn 0.7005 0.7120 -0.0485
vn -0.0101 0.9999 0.0010
vn -0.7104 0.7019 0.0512
vn -0.9974 0.0000 0.0721
vn -0.7104 -0.7019 0.0512
vn -0.0101 -0.9999 0.0010
vn 0.9836 0.0000 -0.1804
vn 0.6866 -0.7158 -0.1270
vn 0.6866 0.7158 -0.1270
vn -0.0178 0.9998 0.0042
vn -0.7032 0.6978 0.1361
vn -0.9817 0.0000 0.1904
vn -0.7032 -0.6978 0.1361
vn -0.0178 -0.9998 0.0042
vn 0.9326 0.0000 -0.3608
vn 0.6450 -0.7215 -0.2519
vn 0.6450 0.7215 -0.2519
vn -0.0263 0.9996 0.0119
vn -0.6677 0.6929 0.2719
vn -0.9260 0.0000 0.3775
vn -0.6677 -0.6929 0.2719
vn -0.0263 -0.9996 0.0120
vn 0.7982 0.0000 -0.6024
vn 0.5469 -0.7275 -0.4143
vn 0.5469 0.7274 -0.4143
vn -0.0291 0.9993 0.0229
vn -0.5744 0.6897 0.4410
vn -0.7931 0.0000 0.6091
vn -0.5744 -0.6896 0.4410
vn -0.0291 -0.9993 0.0229
vn 0.5736 -0.0000 -0.8191
vn 0.3957 -0.7261 -0.5622
vn 0.3957 0.7261 -0.5623
vn -0.0213 0.9994 0.0285
vn -0.4219 0.6901 0.5879
vn -0.5833 0.0000 0.8123
vn -0.4219 -0.6901 0.5879
vn -0.0213 -0.9994 0.0285
vn 0.3471 0.0000 -0.9378
vn 0.2425 -0.7201 -0.6501
vn 0.2425 0.7201 -0.6502
vn -0.0104 0.9996 0.0243
vn -0.2594 0.6940 0.6717
vn -0.3607 0.0000 0.9327
vn -0.2594 -0.6940 0.6717
vn -0.0104 -0.9996 0.0243
vn 0.1803 0.0000 -0.9836
vn 0.1266 -0.7154 -0.6872
vn 0.1266 0.7154 -0.6872
vn -0.0037 0.9998 0.0167
vn -0.1335 0.6984 0.7031
vn -0.1869 0.0000 0.9824
vn -0.1335 -0.6984 0.7031
vn -0.0037 -0.9998 0.0167
vn 0.0707 0.0000 -0.9975
vn 0.0498 -0.7122 -0.7001
vn 0.0498 0.7122 -0.7001
vn -0.0009 0.9999 0.0104
vn -0.0520 0.7018 0.7104
vn -0.0732 0.0000 0.9973
vn -0.0520 -0.7018 0.7104
vn -0.0009 -0.9999 0.0104
vn 0.0142 0.0000 -0.9999
vn 0.0100 -0.7088 -0.7053
vn 0.0100 0.7088 -0.7053
vn -0.0001 1.0000 0.0035
vn -0.0106 0.7053 0.7089
vn -0.0150 0.0000 0.9999
vn -0.0106 -0.7052 0.7089
vn -0.0001 -1.0000 0.0035
vn -0.0034 0.0000 -1.0000
vn -0.0024 -0.7075 -0.7067
vn -0.0024 0.7075 -0.7067
vn 0.0000 1.0000 0.0008
vn 0.0024 0.7067 0.7075
vn 0.0034 0.0000 1.0000
vn 0.0024 -0.7067 0.7075
vn 0.0000 -1.0000 0.0008
vn -0.0176 0.0000 -0.9998
vn -0.0124 -0.7084 -0.7057
vn -0.0124 0.7084 -0.7056
vn 0.0001 1.0000 0.0027
vn 0.0126 0.7057 0.7083
vn 0.0178 0.0000 0.9998
vn 0.0126 -0.7057 0.7083
vn 0.0001 -1.0000 0.0027
vn -0.0466 0.0000 -0.9989
vn -0.0329 -0.7093 -0.7041
vn -0.0329 0.7093 -0.7041
vn 0.0002 1.0000 0.0045
vn 0.0334 0.7049 0.7085
vn 0.0471 0.0000 0.9989
vn 0.0334 -0.7049 0.7085
vn 0.0002 -1.0000 0.0045
vn -0.0920 0.0000 -0.9958
vn -0.0648 -0.7104 -0.7008
vn -0.0648 0.7104 -0.7008
vn 0.0007 1.0000 0.0066
vn 0.0659 0.7038 0.7074
vn 0.0928 0.0000 0.9957
vn 0.0659 -0.7038 0.7073
vn 0.0007 -1.0000 0.0066
vn -0.1551 0.0000 -0.9879
vn -0.1091 -0.7116 -0.6941
vn -0.1091 0.7115 -0.6941
vn 0.0014 0.9999 0.0087
vn 0.1110 0.7027 0.7027
vn 0.1561 0.0000 0.9877
vn 0.1110 -0.7027 0.7027
vn 0.0014 -0.9999 0.0088
vn -0.2330 0.0000 -0.9724
vn -0.1636 -0.7124 -0.6825
vn -0.1636 0.7123 -0.6825
vn 0.0024 0.9999 0.0101
vn 0.1663 0.7020 0.6925
vn 0.2335 0.0000 0.9724
vn 0.1663 -0.7020 0.6925
vn 0.0024 -0.9999 0.0101
vn -0.3159 0.0000 -0.9488
vn -0.2216 -0.7124 -0.6658
vn -0.2216 0.7124 -0.6658
vn 0.0033 0.9999 0.0099
vn 0.2247 0.7019 0.6758
vn 0.3154 0.0000 0.9489
vn 0.2247 -0.7019 0.6758
vn 0.0033 -0.9999 0.0099
vn -0.3909 0.0000 -0.9204
vn -0.2745 -0.7116 -0.6467
vn -0.2745 0.7116 -0.6467
vn 0.0034 0.9999 0.0083
vn 0.2774 0.7026 0.6552
vn 0.3899 0.0000 0.9208
vn 0.2774 -0.7026 0.6552
vn 0.0034 -0.9999 0.0083
vn -0.4487 0.0000 -0.8936
vn -0.3158 -0.7103 -0.6290
vn -0.3158 0.7103 -0.6290
vn 0.0029 1.0000 0.0059
vn 0.3182 0.7038 0.6351
vn 0.4479 0.0000 0.8941
vn 0.3182 -0.7038 0.6351
vn 0.0028 -1.0000 0.0059
vn -0.4870 0.0000 -0.8734
vn -0.3433 -0.7091 -0.6158
vn -0.3433 0.7091 -0.6158
vn 0.0019 1.0000 0.0035
vn 0.3450 0.7051 0.6195
vn 0.4865 0.0000 0.8737
vn 0.3450 -0.7051 0.6195
vn 0.0019 -1.0000 0.0035
vn -0.5081 0.0000 -0.8613
vn -0.3588 -0.7081 -0.6082
vn -0.3588 0.7081 -0.6082
vn 0.0009 1.0000 0.0016
vn 0.3597 0.7061 0.6099
vn 0.5080 0.0000 0.8614
vn 0.3597 -0.7061 0.6099
vn 0.0009 -1.0000 0.0016
vn -0.5163 0.0000 -0.8563
vn -0.3650 -0.7073 -0.6054
vn -0.3650 0.7073 -0.6053
vn 0.0002 1.0000 0.0004
vn 0.3652 0.7069 0.6057
vn 0.5163 0.0000 0.8564
vn 0.3652 -0.7069 0.6057
vn 0.0002 -1.0000 0.0004
vn -0.5171 0.0000 -0.8559
vn -0.3657 -0.7070 -0.6053
vn -0.3657 0.7070 -0.6053
vn -0.0001 1.0000 -0.0001
vn 0.3656 0.7072 0.6051
vn 0.5171 0.0000 0.8559
vn 0.3656 -0.7072 0.6051
vn -0.0001 -1.0000 -0.0001
vn -0.3651 -0.7071 -0.6055
vn -0.3651 0.7071 -0.6055
vn 0.3651 0.7071 0.6055
vn 0.5163 0.0000 0.8563
vn 0.3651 -0.7071 0.6055
vn -0.5161 0.0000 -0.8565
vn -0.3649 -0.7071 -0.6057
vn -0.3649 0.7071 -0.6057
vn 0.3649 0.7071 0.6056
vn 0.5161 0.0000 0.8565
vn 0.3649 -0.7071 0.6056
vn -0.5159 0.0000 -0.8567
vn -0.3648 -0.7071 -0.6058
vn -0.3648 0.7071 -0.6058
vn 0.3648 0.7071 0.6057
vn 0.5159 0.0000 0.8567
vn 0.3648 -0.7071 0.6057
vn -0.5158 0.0000 -0.8567
vn -0.3647 -0.7071 -0.6058
vn -0.3647 0.7071 -0.6058
vn 0.3647 0.7071 0.6058
vn 0.5158 0.0000 0.8567
vn 0.3647 -0.7071 0.6058
vn -0.5159 0.0000 -0.8566
vn -0.3648 -0.7071 -0.6057
vn -0.3648 0.7071 -0.6057
vn 0.5159 0.0000 0.8566
vn -0.5163 0.0000 -0.8564
vn -0.3650 -0.7071 -0.6055
vn -0.3650 0.7071 -0.6055
vn 0.3651 0.7071 0.6056
vn 0.3651 -0.7071 0.6056
vn -0.5169 0.0000 -0.8560
vn -0.3655 -0.7071 -0.6053
vn -0.3655 0.7071 -0.6053
vn 0.0000 1.0000 0.0001
vn 0.3655 0.7071 0.6053
vn 0.5169 0.0000 0.8560
vn 0.3655 -0.7071 0.6053
vn 0.0000 -1.0000 0.0001
vn -0.5178 0.0000 -0.8555
vn -0.3661 -0.7072 -0.6048
vn -0.3661 0.7072 -0.6048
vn 0.0001 1.0000 0.0001
vn 0.3662 0.7070 0.6050
vn 0.5178 0.0000 0.8555
vn 0.3662 -0.7070 0.6050
vn 0.0001 -1.0000 0.0001
vn -0.5190 0.0000 -0.8547
vn -0.3669 -0.7072 -0.6043
vn -0.3669 0.7072 -0.6043
vn 0.0001 1.0000 0.0002
vn 0.3670 0.7070 0.6045
vn 0.5190 0.0000 0.8548
vn 0.3670 -0.7070 0.6045
vn 0.0001 -1.0000 0.0002
vn -0.5205 0.0000 -0.8538
vn -0.3680 -0.7072 -0.6037
vn -0.3680 0.7072 -0.6037
vn 0.3681 0.7070 0.6039
vn 0.5205 0.0000 0.8538
vn 0.3681 -0.7070 0.6039
vn -0.5221 0.0000 -0.8528
vn -0.3692 -0.7072 -0.6029
vn -0.3692 0.7072 -0.6029
vn 0.3693 0.7070 0.6031
vn 0.5221 0.0000 0.8528
vn 0.3693 -0.7070 0.6032
vn -0.5230 0.0000 -0.8523
vn -0.3698 -0.7072 -0.6025
vn -0.3698 0.7072 -0.6025
vn 0.3699 0.7070 0.6028
vn 0.5230 0.0000 0.8523
vn 0.3699 -0.7070 0.6028
s 1
f 105//9 113//9 120//10 112//10
f 106//11 114//11 113//9 105//9
f 107//12 115//12 114//11 106//11
f 108//13 116//13 115//12 107//12
f 109//14 117//14 116//13 108//13
f 110//15 118//15 117//14 109//14
f 111//16 119//16 118//15 110//15
f 112//10 120//10 119//16 111//16
f 113//9 121//9 128//10 120//10
f 114//11 122//11 121//9 113//9
f 115//12 123//12 122//11 114//11
f 116//13 124//13 123//12 115//12
f 117//14 125//14 124//13 116//13
f 118//15 126//15 125//14 117//14
f 119//16 127//16 126//15 118//15
f 120//10 128//10 127//16 119//16
f 121//9 129//9 136//10 128//10
f 122//11 130//11 129//9 121//9
f 123//12 131//12 130//11 122//11
f 124//13 132//13 131//12 123//12
f 125//14 133//14 132//13 124//13
f 126//15 134//15 133//14 125//14
f 127//16 135//16 134//15 126//15
f 128//10 136//10 135//16 127//16
f 129//9 137//9 144//10 136//10
f 130//11 138//11 137//9 129//9
f 131//12 139//12 138//11 130//11
f 132//13 140//13 139//12 131//12
f 133//14 141//14 140//13 132//13
f 134//15 142//15 141//14 133//14
f 135//16 143//16 142//15 134//15
f 136//10 144//10 143//16 135//16
f 137//9 145//9 152//10 144//10
f 138//11 146//11 145//9 137//9
f 139//12 147//12 146//11 138//11
f 140//13 148//13 147//12 139//12
f 141//14 149//14 148//13 140//13
f 142//15 150//15 149//14 141//14
f 143//16 151//16 150//15 142//15
f 144//10 152//10 151//16 143//16
f 145//9 153//9 160//10 152//10
f 146//11 154//11 153//9 145//9
f 147//12 155//12 154//11 146//11
f 148//13 156//13 155//12 147//12
f 149//14 157//14 156//13 148//13
f 150//15 158//15 157//14 149//14
f 151//16 159//16 158//15 150//15
f 152//10 160//10 159//16 151//16
f 153//9 161//9 168//10 160//10
f 154//11 162//11 161//9 153//9
f 155//12 163//12 162//11 154//11
f 156//13 164//13 163//12 155//12
f 157//14 165//14 164//13 156//13
f 158//15 166//15 165//14 157//14
f 159//16 167//16 166//15 158//15
f 160//10 168//10 167//16 159//16
f 161//9 169//9 176//10 168//10
f 162//11 170//11 169//9 161//9
f 163//12 171//12 170//11 162//11
f 164//13 172//13 171//12 163//12
f 165//14 173//14 172//13 164//13
f 166//15 174//15 173//14 165//14
f 167//16 175//16 174//15 166//15
f 168//10 176//10 175//16 167//16
f 169//9 177//9 184//10 176//10
f 170//11 178//11 177//9 169//9
f 171//12 179//12 178//11 170//11
f 172//13 180//13 179//12 171//12
f 173//14 181//14 180//13 172//13
f 174//15 182//15 181//14 173//14
f 175//16 183//16 182//15 174//15
f 176//10 184//10 183//16 175//16
f 177//9 185//9 192//10 184//10
f 178//11 186//11 185//9 177//9
f 179//12 187//12 186//11 178//11
f 180//13 188//13 187//12 179//12
f 181//14 189//14 188//13 180//13
f 182//15 190//15 189//14 181//14
f 183//16 191//16 190//15 182//15
f 184//10 192//10 191//16 183//16
f 185//9 193//17 200//10 192//10
f 186//11 194//11 193//17 185//9
f 187//12 195//12 194//11 186//11
f 188//13 196//13 195//12 187//12
f 189//14 197//18 196//13 188//13
f 190//15 198//15 197//18 189//14
f 191//16 199//16 198//15 190//15
f 192//10 200//10 199//16 191//16
f 193//17 201//19 208//20 200//10
f 194//11 202//21 201//19 193//17
f 195//12 203//22 202//21 194//11
f 196//13 204//23 203//22 195//12
f 197//18 205//24 204//23 196//13
f 198//15 206//25 205//24 197//18
f 199//16 207//26 206//25 198//15
f 200//10 208//20 207//26 199//16
f 201//19 209//27 216//28 208//20
f 202//21 210//29 209//27 201//19
f 203//22 211//30 210//29 202//21
f 204//23 212//31 211//30 203//22
f 205//24 213//32 212//31 204//23
f 206//25 214//33 213//32 205//24
f 207//26 215//34 214//33 206//25
f 208//20 216//28 215//34 207//26
f 209//27 217//35 224//36 216//28
f 210//29 218//37 217//35 209//27
f 211//30 219//38 218//37 210//29
f 212//31 220//39 219//38 211//30
f 213//32 221//40 220//39 212//31
f 214//33 222//41 221//40 213//32
f 215//34 223//42 222//41 214//33
f 216//28 224//36 223//42 215//34
f 217//35 225//43 232//44 224//36
f 218//37 226//45 225//43 217//35
f 219//38 227//46 226//45 218//37
f 220//39 228//47 227//46 219//38
f 221//40 229//48 228//47 220//39
f 222//41 230//49 229//48 221//40
f 223//42 231//50 230//49 222//41
f 224//36 232//44 231//50 223//42
f 225//43 233//51 240//52 232//44
f 226//45 234//53 233//51 225//43
f 227//46 235//54 234//53 226//45
f 228//47 236//55 235//54 227//46
f 229//48 237//56 236//55 228//47
f 230//49 238//57 237//56 229//48
f 231//50 239//58 238//57 230//49
f 232//44 240//52 239//58 231//50
f 233//51 241//59 248//60 240//52
f 234//53 242//61 241//59 233//51
f 235//54 243//62 242//61 234//53
f 236//55 244//63 243//62 235//54
f 237//56 245//64 244//63 236//55
f 238//57 246//65 245//64 237//56
f 239//58 247//66 246//65 238//57
f 240//52 248//60 247//66 239//58
f 241//59 249//67 256//68 248//60
f 242//61 250//69 249//67 241//59
f 243//62 251//70 250//69 242//61
f 244//63 252//71 251//70 243//62
f 245//64 253//72 252//71 244//63
f 246//65 254//73 253//72 245//64
f 247//66 255//74 254//73 246//65
f 248//60 256//68 255//74 247//66
f 249//67 257//75 264//76 256//68
f 250//69 258//77 257//75 249//67
f 251//70 259//78 258//77 250//69
f 252//71 260//79 259//78 251//70
f 253//72 261//80 260//79 252//71
f 254//73 262//81 261//80 253//72
f 255//74 263//82 262//81 254//73
f 256//68 264//76 263//82 255//74
f 257//75 265//83 272//84 264//76
f 258//77 266//85 265//83 257//75
f 259//78 267//86 266//85 258//77
f 260//79 268//87 267//86 259//78
f 261//80 269//88 268//87 260//79
f 262//81 270//89 269//88 261//80
f 263//82 271//90 270//89 262//81
f 264//76 272//84 271//90 263//82
f 265//83 273//91 280//92 272//84
f 266//85 274//93 273//91 265//83
f 267//86 275//94 274//93 266//85
f 268//87 276//95 275//94 267//86
f 269//88 277//96 276//95 268//87
f 270//89 278//97 277//96 269//88
f 271//90 279//98 278//97 270//89
f 272//84 280//92 279//98 271//90
f 273//91 281//99 288//100 280//92
f 274//93 282//101 281//99 273//91
f 275//94 283//102 282//101 274//93
f 276//95 284//103 283//102 275//94
f 277//96 285//104 284//103 276//95
f 278//97 286//105 285//104 277//96
f 279//98 287//106 286//105 278//97
f 280//92 288//100 287//106 279//98
f 281//99 289//107 296//108 288//100
f 282//101 290//109 289//107 281//99
f 283//102 291//110 290//109 282//101
f 284//103 292//111 291//110 283//102
f 285//104 293//112 292//111 284//103
f 286//105 294//113 293//112 285//104
f 287//106 295//114 294//113 286//105
f 288//100 296//108 295//114 287//106
f 289//107 297//115 304//116 296//108
f 290//109 298//117 297//115 289//107
f 291//110 299//118 298//117 290//109
f 292//111 300//119 299//118 291//110
f 293//112 301//120 300//119 292//111
f 294//113 302//121 301//120 293//112
f 295//114 303//122 302//121 294//113
f 296//108 304//116 303//122 295//114
f 297//115 305//123 312//124 304//116
f 298//117 306//125 305//123 297//115
f 299//118 307//12 306//125 298//117
f 300//119 308//126 307//12 299//118
f 301//120 309//127 308//126 300//119
f 302//121 310//128 309//127 301//120
f 303//122 311//16 310//128 302//121
f 304//116 312//124 311//16 303//122
f 305//123 313//123 320//124 312//124
f 306//125 314//125 313//123 305//123
f 307//12 315//12 314//125 306//125
f 308//126 316//126 315//12 307//12
f 309//127 317//127 316//126 308//126
f 310//128 318//128 317//127 309//127
f 311//16 319//16 318//128 310//128
f 312//124 320//124 319//16 311//16
f 313//123 321//123 328//124 320//124
f 314//125 322//125 321//123 313//123
f 315//12 323//12 322//125 314//125
f 316//126 324//126 323//12 315//12
f 317//127 325//127 324//126 316//126
f 318//128 326//128 325//127 317//127
f 319//16 327//16 326//128 318//128
f 320//124 328//124 327//16 319//16
f 321//123 329//123 336//124 328//124
f 322//125 330//125 329//123 321//123
f 323//12 331//12 330//125 322//125
f 324//126 332//126 331//12 323//12
f 325//127 333//127 332//126 324//126
f 326//128 334//128 333//127 325//127
f 327//16 335//16 334//128 326//128
f 328//124 336//124 335//16 327//16
f 329//123 337//123 344//124 336//124
f 330//125 338//125 337//123 329//123
f 331//12 339//12 338//125 330//125
f 332//126 340//126 339//12 331//12
f 333//127 341//127 340//126 332//126
f 334//128 342//128 341//127 333//127
f 335//16 343//16 342//128 334//128
f 336//124 344//124 343//16 335//16
f 337//123 345//123 352//124 344//124
f 338//125 346//125 345//123 337//123
f 339//12 347//12 346//125 338//125
f 340//126 348//126 347//12 339//12
f 341//127 349//127 348//126 340//126
f 342//128 350//128 349//127 341//127
f 343//16 351//16 350//128 342//128
f 344//124 352//124 351//16 343//16
f 345//123 353//123 360//124 352//124
f 346//125 354//125 353//123 345//123
f 347//12 355//12 354//125 346//125
f 348//126 356//126 355//12 347//12
f 349//127 357//127 356//126 348//126
f 350//128 358//128 357//127 349//127
f 351//16 359//16 358//128 350//128
f 352//124 360//124 359//16 351//16
f 353//123 361//123 368//124 360//124
f 354//125 362//125 361//123 353//123
f 355//12 363//12 362//125 354//125
f 356//126 364//126 363//12 355//12
f 357//127 365//127 364//126 356//126
f 358//128 366//128 365//127 357//127
f 359//16 367//16 366//128 358//128
f 360//124 368//124 367//16 359//16
f 361//123 369//123 376//124 368//124
f 362//125 370//125 369//123 361//123
f 363//12 371//12 370//125 362//125
f 364//126 372//126 371//12 363//12
f 365//127 373//127 372//126 364//126
f 366//128 374//128 373//127 365//127
f 367//16 375//16 374//128 366//128
f 368//124 376//124 375//16 367//16
f 369//123 377//123 384//124 376//124
f 370//125 378//125 377//123 369//123
f 371//12 379//12 378//125 370//125
f 372//126 380//126 379//12 371//12
f 373//127 381//127 380//126 372//126
f 374//128 382//128 381//127 373//127
f 375//16 383//16 382//128 374//128
f 376//124 384//124 383//16 375//16
f 377//123 385//129 392//130 384//124
f 378//125 386//131 385//129 377//123
f 379//12 387//12 386//131 378//125
f 380//126 388//132 387//12 379//12
f 381//127 389//133 388//132 380//126
f 382//128 390//134 389//133 381//127
f 383//16 391//16 390//134 382//128
f 384//124 392//130 391//16 383//16
f 385//129 393//135 400//136 392//130
f 386//131 394//137 393//135 385//129
f 387//12 395//138 394//137 386//131
f 388//132 396//139 395//138 387//12
f 389//133 397//140 396//139 388//132
f 390//134 398//141 397//140 389//133
f 391//16 399//142 398//141 390//134
f 392//130 400//136 399//142 391//16
f 393//135 401//143 408//144 400//136
f 394//137 402//145 401//143 393//135
f 395//138 403//146 402//145 394//137
f 396//139 404//147 403//146 395//138
f 397//140 405//148 404//147 396//139
f 398//141 406//149 405//148 397//140
f 399//142 407//150 406//149 398//141
f 400//136 408//144 407//150 399//142
f 401//143 409//151 416//152 408//144
f 402//145 410//153 409//151 401//143
f 403//146 411//154 410//153 402//145
f 404//147 412//155 411//154 403//146
f 405//148 413//156 412//155 404//147
f 406//149 414//157 413//156 405//148
f 407//150 415//158 414//157 406//149
f 408//144 416//152 415//158 407//150
f 409//151 417//159 424//160 416//152
f 410//153 418//161 417//159 409//151
f 411//154 419//162 418//161 410//153
f 412//155 420//163 419//162 411//154
f 413//156 421//164 420//163 412//155
f 414//157 422//165 421//164 413//156
f 415//158 423//166 422//165 414//157
f 416//152 424//160 423//166 415//158
f 417//159 425//167 432//168 424//160
f 418//161 426//169 425//167 417//159
f 419//162 427//170 426//169 418//161
f 420//163 428//171 427//170 419//162
f 421//164 429//172 428//171 420//163
f 422//165 430//173 429//172 421//164
f 423//166 431//174 430//173 422//165
f 424//160 432//168 431//174 423//166
f 425//167 433//175 440//176 432//168
f 426//169 434//177 433//175 425//167
f 427//170 435//178 434//177 426//169
f 428//171 436//179 435//178 427//170
f 429//172 437//180 436//179 428//171
f 430//173 438//181 437//180 429//172
f 431//174 439//182 438//181 430//173
f 432//168 440//176 439//182 431//174
f 433//175 441//183 448//184 440//176
f 434//177 442//185 441//183 433//175
f 435//178 443//186 442//185 434//177
f 436//179 444//187 443//186 435//178
f 437//180 445//188 444//187 436//179
f 438//181 446//189 445//188 437//180
f 439//182 447//190 446//189 438//181
f 440//176 448//184 447//190 439//182
f 441//183 449//191 456//192 448//184
f 442//185 450//193 449//191 441//183
f 443//186 451//194 450//193 442//185
f 444//187 452//195 451//194 443//186
f 445//188 453//196 452//195 444//187
f 446//189 454//197 453//196 445//188
f 447//190 455//198 454//197 446//189
f 448//184 456//192 455//198 447//190
f 449//191 457//199 464//200 456//192
f 450//193 458//201 457//199 449//191
f 451//194 459//202 458//201 450//193
f 452//195 460//203 459//202 451//194
f 453//196 461//204 460//203 452//195
f 454//197 462//205 461//204 453//196
f 455//198 463//206 462//205 454//197
f 456//192 464//200 463//206 455//198
f 457//199 465//207 472//208 464//200
f 458//201 466//209 465//207 457//199
f 459//202 467//210 466//209 458//201
f 460//203 468//211 467//210 459//202
f 461//204 469//212 468//211 460//203
f 462//205 470//213 469//212 461//204
f 463//206 471//214 470//213 462//205
f 464//200 472//208 471//214 463//206
f 465//207 473//215 480//216 472//208
f 466//209 474//217 473//215 465//207
f 467//210 475//218 474//217 466//209
f 468//211 476//219 475//218 467//210
f 469//212 477//220 476//219 468//211
f 470//213 478//221 477//220 469//212
f 471//214 479//222 478//221 470//213
f 472//208 480//216 479//222 471//214
f 473//215 481//223 488//224 480//216
f 474//217 482//225 481//223 473//215
f 475//218 483//226 482//225 474//217
f 476//219 484//227 483//226 475//218
f 477//220 485//228 484//227 476//219
f 478//221 486//229 485//228 477//220
f 479//222 487//230 486//229 478//221
f 480//216 488//224 487//230 479//222
f 481//223 489//231 496//232 488//224
f 482//225 490//233 489//231 481//223
f 483//226 491//234 490//233 482//225
f 484//227 492//235 491//234 483//226
f 485//228 493//236 492//235 484//227
f 486//229 494//237 493//236 485//228
f 487//230 495//238 494//237 486//229
f 488//224 496//232 495//238 487//230
f 489//231 497//9 504//10 496//232
f 490//233 498//11 497//9 489//231
f 491//234 499//12 498//11 490//233
f 492//235 500//13 499//12 491//234
f 493//236 501//14 500//13 492//235
f 494//237 502//15 501//14 493//236
f 495//238 503//16 502//15 494//237
f 496//232 504//10 503//16 495//238
f 497//9 505//9 512//10 504//10
f 498//11 506//11 505//9 497//9
f 499//12 507//12 506//11 498//11
f 500//13 508//13 507//12 499//12
f 501//14 509//14 508//13 500//13
f 502//15 510//15 509//14 501//14
f 503//16 511//16 510//15 502//15
f 504//10 512//10 511//16 503//16
f 505//9 513//9 520//10 512//10
f 506//11 514//11 513//9 505//9
f 507//12 515//12 514//11 506//11
f 508//13 516//13 515//12 507//12
f 509//14 517//14 516//13 508//13
f 510//15 518//15 517//14 509//14
f 511//16 519//16 518//15 510//15
f 512//10 520//10 519//16 511//16
f 513//9 521//9 528//10 520//10
f 514//11 522//11 521//9 513//9
f 515//12 523//12 522//11 514//11
f 516//13 524//13 523//12 515//12
f 517//14 525//14 524//13 516//13
f 518//15 526//15 525//14 517//14
f 519//16 527//16 526//15 518//15
f 520//10 528//10 527//16 519//16
f 521//9 529//9 536//10 528//10
f 522//11 530//11 529//9 521//9
f 523//12 531//12 530//11 522//11
f 524//13 532//13 531//12 523//12
f 525//14 533//14 532//13 524//13
f 526//15 534//15 533//14 525//14
f 527//16 535//16 534//15 526//15
f 528//10 536//10 535//16 527//16
f 529//9 537//9 544//10 536//10
f 530//11 538//11 537//9 529//9
f 531//12 539//12 538//11 530//11
f 532//13 540//13 539//12 531//12
f 533//14 541//14 540//13 532//13
f 534//15 542//15 541//14 533//14
f 535//16 543//16 542//15 534//15
f 536//10 544//10 543//16 535//16
f 537//9 545//9 552//10 544//10
f 538//11 546//11 545//9 537//9
f 539//12 547//12 546//11 538//11
f 540//13 548//13 547//12 539//12
f 541//14 549//14 548//13 540//13
f 542//15 550//15 549//14 541//14
f 543//16 551//16 550//15 542//15
f 544//10 552//10 551//16 543//16
f 545//9 553//9 560//10 552//10
f 546//11 554//11 553//9 545//9
f 547//12 555//12 554//11 546//11
f 548//13 556//13 555//12 547//12
f 549//14 557//14 556//13 548//13
f 550//15 558//15 557//14 549//14
f 551//16 559//16 558//15 550//15
f 552//10 560//10 559//16 551//16
f 553//9 561//9 568//10 560//10
f 554//11 562//11 561//9 553//9
f 555//12 563//12 562//11 554//11
f 556//13 564//13 563//12 555//12
f 557//14 565//14 564//13 556//13
f 558//15 566//15 565//14 557//14
f 559//16 567//16 566//15 558//15
f 560//10 568//10 567//16 559//16
f 561//9 569//9 576//10 568//10
f 562//11 570//11 569//9 561//9
f 563//12 571//12 570//11 562//11
f 564//13 572//13 571//12 563//12
f 565//14 573//14 572//13 564//13
f 566//15 574//15 573//14 565//14
f 567//16 575//16 574//15 566//15
f 568//10 576//10 575//16 567//16
f 569//9 577//9 584//10 576//10
f 570//11 578//11 577//9 569//9
f 571//12 579//12 578//11 570//11
f 572//13 580//13 579//12 571//12
f 573//14 581//14 580//13 572//13
f 574//15 582//15 581//14 573//14
f 575//16 583//16 582//15 574//15
f 576//10 584//10 583//16 575//16
f 577//9 585//239 592//240 584//10
f 578//11 586//241 585//239 577//9
f 579//12 587//242 586//241 578//11
f 580//13 588//243 587//242 579//12
f 581//14 589//244 588//243 580//13
f 582//15 590//245 589//244 581//14
f 583//16 591//246 590//245 582//15
f 584//10 592//240 591//246 583//16
f 585//239 593//247 600//248 592//240
f 586//241 594//249 593//247 585//239
f 587//242 595//250 594//249 586//241
f 588//243 596//251 595//250 587//242
f 589//244 597//252 596//251 588//243
f 590//245 598//253 597//252 589//244
f 591//246 599//254 598//253 590//245
f 592//240 600//248 599//254 591//246
f 593//247 601//255 608//256 600//248
f 594//249 602//257 601//255 593//247
f 595//250 603//258 602//257 594//249
f 596//251 604//259 603//258 595//250
f 597//252 605//260 604//259 596//251
f 598//253 606//261 605//260 597//252
f 599//254 607//262 606//261 598//253
f 600//248 608//256 607//262 599//254
f 601//255 609//263 616//264 608//256
f 602//257 610//265 609//263 601//255
f 603//258 611//266 610//265 602//257
f 604//259 612//267 611//266 603//258
f 605//260 613//268 612//267 604//259
f 606//261 614//269 613//268 605//260
f 607//262 615//270 614//269 606//261
f 608//256 616//264 615//270 607//262
f 609//263 617//271 624//272 616//264
f 610//265 618//273 617//271 609//263
f 611//266 619//274 618//273 610//265
f 612//267 620//275 619//274 611//266
f 613//268 621//276 620//275 612//267
f 614//269 622//277 621//276 613//268
f 615//270 623//278 622//277 614//269
f 616//264 624//272 623//278 615//270
f 617//271 625//279 632//280 624//272
f 618//273 626//281 625//279 617//271
f 619//274 627//282 626//281 618//273
f 620//275 628//283 627//282 619//274
f 621//276 629//284 628//283 620//275
f 622//277 630//285 629//284 621//276
f 623//278 631//286 630//285 622//277
f 624//272 632//280 631//286 623//278
f 625//279 633//287 640//288 632//280
f 626//281 634//289 633//287 625//279
f 627//282 635//290 634//289 626//281
f 628//283 636//291 635//290 627//282
f 629//284 637//292 636//291 628//283
f 630//285 638//293 637//292 629//284
f 631//286 639//294 638//293 630//285
f 632//280 640//288 639//294 631//286
f 633//287 641//295 648//296 640//288
f 634//289 642//297 641//295 633//287
f 635//290 643//298 642//297 634//289
f 636//291 644//299 643//298 635//290
f 637//292 645//300 644//299 636//291
f 638//293 646//301 645//300 637//292
f 639//294 647//302 646//301 638//293
f 640//288 648//296 647//302 639//294
f 641//295 649//303 656//304 648//296
f 642//297 650//305 649//303 641//295
f 643//298 651//306 650//305 642//297
f 644//299 652//307 651//306 643//298
f 645//300 653//308 652//307 644//299
f 646//301 654//309 653//308 645//300
f 647//302 655//310 654//309 646//301
f 648//296 656//304 655//310 647//302
f 649//303 657//311 664//312 656//304
f 650//305 658//313 657//311 649//303
f 651//306 659//314 658//313 650//305
f 652//307 660//315 659//314 651//306
f 653//308 661//316 660//315 652//307
f 654//309 662//317 661//316 653//308
f 655//310 663//318 662//317 654//309
f 656//304 664//312 663//318 655//310
f 657//311 665//319 672//320 664//312
f 658//313 666//321 665//319 657//311
f 659//314 667//322 666//321 658//313
f 660//315 668//323 667//322 659//314
f 661//316 669//324 668//323 660//315
f 662//317 670//325 669//324 661//316
f 663//318 671//326 670//325 662//317
f 664//312 672//320 671//326 663//318
f 665//319 673//327 680//328 672//320
f 666//321 674//329 673//327 665//319
f 667//322 675//330 674//329 666//321
f 668//323 676//331 675//330 667//322
f 669//324 677//332 676//331 668//323
f 670//325 678//333 677//332 669//324
f 671//326 679//334 678//333 670//325
f 672//320 680//328 679//334 671//326
f 673//327 681//335 688//336 680//328
f 674//329 682//337 681//335 673//327
f 675//330 683//338 682//337 674//329
f 676//331 684//339 683//338 675//330
f 677//332 685//340 684//339 676//331
f 678//333 686//341 685//340 677//332
f 679//334 687//342 686//341 678//333
f 680//328 688//336 687//342 679//334
f 681//335 689//127 696//128 688//336
f 682//337 690//126 689//127 681//335
f 683//338 691//12 690//126 682//337
f 684//339 692//125 691//12 683//338
f 685//340 693//123 692//125 684//339
f 686//341 694//124 693//123 685//340
f 687//342 695//16 694//124 686//341
f 688//336 696//128 695//16 687//342
f 689//127 697//127 704//128 696//128
f 690//126 698//126 697//127 689//127
f 691//12 699//12 698//126 690//126
f 692//125 700//125 699//12 691//12
f 693//123 701//123 700//125 692//125
f 694//124 702//124 701//123 693//123
f 695//16 703//16 702//124 694//124
f 696//128 704//128 703//16 695//16
f 697//127 705//127 712//128 704//128
f 698//126 706//126 705//127 697//127
f 699//12 707//12 706//126 698//126
f 700//125 708//125 707//12 699//12
f 701//123 709//123 708//125 700//125
f 702//124 710//124 709//123 701//123
f 703//16 711//16 710//124 702//124
f 704//128 712//128 711//16 703//16
f 705//127 713//127 720//128 712//128
f 706//126 714//126 713//127 705//127
f 707//12 715//12 714//126 706//126
f 708//125 716//125 715//12 707//12
f 709//123 717//123 716//125 708//125
f 710//124 718//124 717//123 709//123
f 711//16 719//16 718//124 710//124
f 712//128 720//128 719//16 711//16
f 713//127 721//127 728//128 720//128
f 714//126 722//126 721//127 713//127
f 715//12 723//12 722//126 714//126
f 716//125 724//125 723//12 715//12
f 717//123 725//123 724//125 716//125
f 718//124 726//124 725//123 717//123
f 719//16 727//16 726//124 718//124
f 720//128 728//128 727//16 719//16
f 721//127 729//127 736//128 728//128
f 722//126 730//126 729//127 721//127
f 723//12 731//12 730//126 722//126
f 724//125 732//125 731//12 723//12
f 725//123 733//123 732//125 724//125
f 726//124 734//124 733//123 725//123
f 727//16 735//16 734//124 726//124
f 728//128 736//128 735//16 727//16
f 729//127 737//127 744//128 736//128
f 730//126 738//126 737//127 729//127
f 731//12 739//12 738//126 730//126
f 732//125 740//125 739//12 731//12
f 733//123 741//123 740//125 732//125
f 734//124 742//124 741//123 733//123
f 735//16 743//16 742//124 734//124
f 736//128 744//128 743//16 735//16
f 737//127 745//127 752//128 744//128
f 738//126 746//126 745//127 737//127
f 739//12 747//12 746//126 738//126
f 740//125 748//125 747//12 739//12
f 741//123 749//123 748//125 740//125
f 742//124 750//124 749//123 741//123
f 743//16 751//16 750//124 742//124
f 744//128 752//128 751//16 743//16
f 745//127 753//127 760//128 752//128
f 746//126 754//126 753//127 745//127
f 747//12 755//12 754//126 746//126
f 748//125 756//125 755//12 747//12
f 749//123 757//123 756//125 748//125
f 750//124 758//124 757//123 749//123
f 751//16 759//16 758//124 750//124
f 752//128 760//128 759//16 751//16
f 753//127 761//127 768//128 760//128
f 754//126 762//126 761//127 753//127
f 755//12 763//12 762//126 754//126
f 756//125 764//125 763//12 755//12
f 757//123 765//123 764//125 756//125
f 758//124 766//124 765//123 757//123
f 759//16 767//16 766//124 758//124
f 760//128 768//128 767//16 759//16
f 761//127 769//127 776//128 768//128
f 762//126 770//126 769//127 761//127
f 763//12 771//12 770//126 762//126
f 764//125 772//125 771//12 763//12
f 765//123 773//123 772//125 764//125
f 766//124 774//124 773//123 765//123
f 767//16 775//16 774//124 766//124
f 768//128 776//128 775//16 767//16
f 769//127 777//343 784//344 776//128
f 770//126 778//345 777//343 769//127
f 771//12 779//346 778//345 770//126
f 772//125 780//347 779//346 771//12
f 773//123 781//348 780//347 772//125
f 774//124 782//349 781//348 773//123
f 775//16 783//350 782//349 774//124
f 776//128 784//344 783//350 775//16
f 777//343 785//351 792//352 784//344
f 778//345 786//353 785//351 777//343
f 779//346 787//354 786//353 778//345
f 780//347 788//355 787//354 779//346
f 781//348 789//356 788//355 780//347
f 782//349 790//357 789//356 781//348
f 783//350 791//358 790//357 782//349
f 784//344 792//352 791//358 783//350
f 785//351 793//359 800//360 792//352
f 786//353 794//361 793//359 785//351
f 787//354 795//362 794//361 786//353
f 788//355 796//363 795//362 787//354
f 789//356 797//364 796//363 788//355
f 790//357 798//365 797//364 789//356
f 791//358 799//366 798//365 790//357
f 792//352 800//360 799//366 791//358
f 793//359 801//367 808//368 800//360
f 794//361 802//369 801//367 793//359
f 795//362 803//370 802//369 794//361
f 796//363 804//371 803//370 795//362
f 797//364 805//372 804//371 796//363
f 798//365 806//373 805//372 797//364
f 799//366 807//374 806//373 798//365
f 800//360 808//368 807//374 799//366
f 801//367 809//375 816//376 808//368
f 802//369 810//377 809//375 801//367
f 803//370 811//378 810//377 802//369
f 804//371 812//379 811//378 803//370
f 805//372 813//380 812//379 804//371
f 806//373 814//381 813//380 805//372
f 807//374 815//382 814//381 806//373
f 808//368 816//376 815//382 807//374
f 809//375 817//383 824//384 816//376
f 810//377 818//385 817//383 809//375
f 811//378 819//386 818//385 810//377
f 812//379 820//387 819//386 811//378
f 813//380 821//388 820//387 812//379
f 814//381 822//389 821//388 813//380
f 815//382 823//390 822//389 814//381
f 816//376 824//384 823//390 815//382
f 817//383 825//391 832//392 824//384
f 818//385 826//393 825//391 817//383
f 819//386 827//394 826//393 818//385
f 820//387 828//395 827//394 819//386
f 821//388 829//396 828//395 820//387
f 822//389 830//397 829//396 821//388
f 823//390 831//398 830//397 822//389
f 824//384 832//392 831//398 823//390
f 825//391 833//399 840//400 832//392
f 826//393 834//401 833//399 825//391
f 827//394 835//402 834//401 826//393
f 828//395 836//403 835//402 827//394
f 829//396 837//404 836//403 828//395
f 830//397 838//405 837//404 829//396
f 831//398 839//406 838//405 830//397
f 832//392 840//400 839//406 831//398
f 833//399 841//407 848//408 840//400
f 834//401 842//409 841//407 833//399
f 835//402 843//410 842//409 834//401
f 836//403 844//411 843//410 835//402
f 837//404 845//412 844//411 836//403
f 838//405 846//413 845//412 837//404
f 839//406 847//414 846//413 838//405
f 840//400 848//408 847//414 839//406
f 841//407 849//415 856//416 848//408
f 842//409 850//417 849//415 841//407
f 843//410 851//418 850//417 842//409
f 844//411 852//419 851//418 843//410
f 845//412 853//420 852//419 844//411
f 846//413 854//421 853//420 845//412
f 847//414 855//422 854//421 846//413
f 848//408 856//416 855//422 847//414
f 849//415 857//423 864//424 856//416
f 850//417 858//425 857//423 849//415
f 851//418 859//426 858//425 850//417
f 852//419 860//427 859//426 851//418
f 853//420 861//428 860//427 852//419
f 854//421 862//429 861//428 853//420
f 855//422 863//430 862//429 854//421
f 856//416 864//424 863//430 855//422
f 857//423 865//431 872//432 864//424
f 858//425 866//433 865//431 857//423
f 859//426 867//434 866//433 858//425
f 860//427 868//435 867//434 859//426
f 861//428 869//436 868//435 860//427
f 862//429 870//437 869//436 861//428
f 863//430 871//438 870//437 862//429
f 864//424 872//432 871//438 863//430
f 865//431 873//439 880//440 872//432
f 866//433 874//441 873//439 865//431
f 867//434 875//442 874//441 866//433
f 868//435 876//443 875//442 867//434
f 869//436 877//444 876//443 868//435
f 870//437 878//445 877//444 869//436
f 871//438 879//446 878//445 870//437
f 872//432 880//440 879//446 871//438
f 873//439 881//431 888//447 880//440
f 874//441 882//448 881//431 873//439
f 875//442 883//12 882//448 874//441
f 876//443 884//449 883//12 875//442
f 877//444 885//450 884//449 876//443
f 878//445 886//451 885//450 877//444
f 879//446 887//16 886//451 878//445
f 880//440 888//447 887//16 879//446
f 881//431 889//452 896//453 888//447
f 882//448 890//454 889//452 881//431
f 883//12 891//12 890//454 882//448
f 884//449 892//455 891//12 883//12
f 885//450 893//456 892//455 884//449
f 886//451 894//457 893//456 885//450
f 887//16 895//16 894//457 886//451
f 888//447 896//453 895//16 887//16
f 889//452 897//458 904//459 896//453
f 890//454 898//460 897//458 889//452
f 891//12 899//12 898//460 890//454
f 892//455 900//461 899//12 891//12
f 893//456 901//462 900//461 892//455
f 894//457 902//463 901//462 893//456
f 895//16 903//16 902//463 894//457
f 896//453 904//459 903//16 895//16
f 897//458 905//464 912//465 904//459
f 898//460 906//466 905//464 897//458
f 899//12 907//12 906//466 898//460
f 900//461 908//467 907//12 899//12
f 901//462 909//468 908//467 900//461
f 902//463 910//469 909//468 901//462
f 903//16 911//16 910//469 902//463
f 904//459 912//465 911//16 903//16
f 905//464 913//470 920//471 912//465
f 906//466 914//472 913//470 905//464
f 907//12 915//12 914//472 906//466
f 908//467 916//461 915//12 907//12
f 909//468 917//473 916//461 908//467
f 910//469 918//463 917//473 909//468
f 911//16 919//16 918//463 910//469
f 912//465 920//471 919//16 911//16
f 913//470 921//474 928//475 920//471
f 914//472 922//476 921//474 913//470
f 915//12 923//12 922//476 914//472
f 916//461 924//477 923//12 915//12
f 917//473 925//436 924//477 916//461
f 918//463 926//478 925//436 917//473
f 919//16 927//16 926//478 918//463
f 920//471 928//475 927//16 919//16
f 921//474 929//479 936//480 928//475
f 922//476 930//481 929//479 921//474
f 923//12 931//482 930//481 922//476
f 924//477 932//483 931//482 923//12
f 925//436 933//484 932//483 924//477
f 926//478 934//485 933//484 925//436
f 927//16 935//486 934//485 926//478
f 928//475 936//480 935//486 927//16
f 929//479 937//487 944//488 936//480
f 930//481 938//489 937//487 929//479
f 931//482 939//490 938//489 930//481
f 932//483 940//491 939//490 931//482
f 933//484 941//492 940//491 932//483
f 934//485 942//493 941//492 933//484
f 935//486 943//494 942//493 934//485
f 936//480 944//488 943//494 935//486
f 937//487 945//495 952//496 944//488
f 938//489 946//497 945//495 937//487
f 939//490 947//498 946//497 938//489
f 940//491 948//499 947//498 939//490
f 941//492 949//500 948//499 940//491
f 942//493 950//501 949//500 941//492
f 943//494 951//502 950//501 942//493
f 944//488 952//496 951//502 943//494
f 945//495 953//503 960//504 952//496
f 946//497 954//505 953//503 945//495
f 947//498 955//498 954//505 946//497
f 948//499 956//506 955//498 947//498
f 949//500 957//507 956//506 948//499
f 950//501 958//508 957//507 949//500
f 951//502 959//502 958//508 950//501
f 952//496 960//504 959//502 951//502
f 953//503 961//509 968//510 960//504
f 954//505 962//511 961//509 953//503
f 955//498 963//498 962//511 954//505
f 956//506 964//512 963//498 955//498
f 957//507 965//513 964//512 956//506
f 958//508 966//514 965//513 957//507
f 959//502 967//502 966//514 958//508
f 960//504 968//510 967//502 959//502
f 961//509 969//515 976//516 968//510
f 962//511 970//517 969//515 961//509
f 963//498 971//498 970//517 962//511
f 964//512 972//518 971//498 963//498
f 965//513 973//519 972//518 964//512
f 966//514 974//520 973//519 965//513
f 967//502 975//502 974//520 966//514
f 968//510 976//516 975//502 967//502
v -36.810528 0.039432 0.500000
v -36.822365 0.068004 0.500000
v -36.850937 0.079842 0.500000
v -36.879509 0.068004 0.500000
v -36.891346 0.039432 0.500000
v -36.879509 0.010860 0.500000
v -36.850937 -0.000978 0.500000
v -36.822365 0.010860 0.500000
v -36.810528 0.039432 0.607958
v -36.822365 0.068004 0.607958
v -36.850937 0.079842 0.607958
v -36.879509 0.068004 0.607958
v -36.891346 0.039432 0.607958
v -36.879509 0.010860 0.607958
v -36.850937 -0.000978 0.607958
v -36.822365 0.010860 0.607958
v -36.810528 0.039432 0.751011
v -36.822365 0.068004 0.751011
v -36.850937 0.079842 0.751011
v -36.879509 0.068004 0.751011
v -36.891346 0.039432 0.751011
v -36.879509 0.010860 0.751011
v -36.850937 -0.000978 0.751011
v -36.822365 0.010860 0.751011
v -36.810528 0.039432 0.921659
v -36.822365 0.068004 0.921659
v -36.850937 0.079842 0.921659
v -36.879509 0.068004 0.921659
v -36.891346 0.039432 0.921659
v -36.879509 0.010860 0.921659
v -36.850937 -0.000978 0.921659
v -36.822365 0.010860 0.921659
v -36.810528 0.039432 1.112403
v -36.822365 0.068004 1.112403
v -36.850937 0.079842 1.112403
v -36.879509 0.068004 1.112403
v -36.891346 0.039432 1.112403
v -36.879509 0.010860 1.112403
v -36.850937 -0.000978 1.112403
v -36.822365 0.010860 1.112403
v -36.810528 0.039432 1.315745
v -36.822365 0.068004 1.315745
v -36.850937 0.079842 1.315745
v -36.879509 0.068004 1.315745
v -36.891346 0.039432 1.315745
v -36.879509 0.010860 1.315745
v -36.850937 -0.000978 1.315745
v -36.822365 0.010860 1.315745
v -36.810528 0.039432 1.524186
v -36.822365 0.068004 1.524186
v -36.850937 0.079842 1.524186
v -36.879509 0.068004 1.524186
v -36.891346 0.039432 1.524186
v -36.879509 0.010860 1.524186
v -36.850937 -0.000978 1.524186
v -36.822365 0.010860 1.524186
v -36.810528 0.039432 1.730227
v -36.822365 0.068004 1.730227
v -36.850937 0.079842 1.730227
v -36.879509 0.068004 1.730227
v -36.891346 0.039432 1.730227
v -36.879509 0.010860 1.730227
v -36.850937 -0.000978 1.730227
v -36.822365 0.010860 1.730227
v -36.810528 0.039432 1.926368
v -36.822365 0.068004 1.926368
v -36.850937 0.079842 1.926368
v -36.879509 0.068004 1.926368
v -36.891346 0.039432 1.926368
v -36.879509 0.010860 1.926368
v -36.850937 -0.000978 1.926368
v -36.822365 0.010860 1.926368
v -36.810528 0.039432 2.105110
v -36.822365 0.068004 2.105110
v -36.850937 0.079842 2.105110
v -36.879509 0.068004 2.105110
v -36.891346 0.039432 2.105110
v -36.879509 0.010860 2.105110
v -36.850937 -0.000978 2.105110
v -36.822365 0.010860 2.105110
v -36.810528 0.039432 2.258955
v -36.822365 0.068004 2.258955
v -36.850937 0.079842 2.258955
v -36.879509 0.068004 2.258955
v -36.891346 0.039432 2.258955
v -36.879509 0.010860 2.258955
v -36.850937 -0.000978 2.258955
v -36.822365 0.010860 2.258955
v -36.810528 0.039432 2.380404
v -36.822365 0.068004 2.380404
v -36.850937 0.079842 2.380404
v -36.879509 0.068004 2.380404
v -36.891346 0.039432 2.380404
v -36.879509 0.010860 2.380404
v -36.850937 -0.000978 2.380404
v -36.822365 0.010860 2.380404
v -36.810547 0.039432 2.463256
v -36.822380 0.068004 2.462876
v -36.850937 0.079842 2.461958
v -36.879494 0.068004 2.461040
v -36.891327 0.039432 2.460660
v -36.879494 0.010860 2.461040
v -36.850937 -0.000978 2.461958
v -36.822380 0.010860 2.462876
v -36.812820 0.039432 2.496780
v -36.824532 0.068004 2.495054
v -36.852798 0.079842 2.490887
v -36.881065 0.068004 2.486720
v -36.892776 0.039432 2.484994
v -36.881065 0.010860 2.486720
v -36.852798 -0.000978 2.490887
v -36.824532 0.010860 2.495054
v -36.820114 0.039432 2.527702
v -36.831287 0.068004 2.523789
v -36.858253 0.079842 2.514344
v -36.885220 0.068004 2.504900
v -36.896389 0.039432 2.500986
v -36.885220 0.010860 2.504900
v -36.858253 -0.000978 2.514344
v -36.831287 0.010860 2.523789
v -36.833187 0.039432 2.554856
v -36.843124 0.068004 2.548422
v -36.867107 0.079842 2.532892
v -36.891090 0.068004 2.517363
v -36.901028 0.039432 2.510929
v -36.891090 0.010860 2.517363
v -36.867107 -0.000978 2.532892
v -36.843124 0.010860 2.548422
v -36.852036 0.039432 2.577047
v -36.859985 0.068004 2.568272
v -36.879166 0.079842 2.547096
v -36.898346 0.068004 2.525919
v -36.906292 0.039432 2.517144
v -36.898346 0.010860 2.525919
v -36.879166 -0.000978 2.547096
v -36.859985 0.010860 2.568272
v -36.875076 0.039432 2.593096
v -36.880688 0.068004 2.582673
v -36.894234 0.079842 2.557517
v -36.907780 0.068004 2.532361
v -36.913391 0.039432 2.521938
v -36.907780 0.010860 2.532361
v -36.894234 -0.000978 2.557517
v -36.880688 0.010860 2.582673
v -36.900154 0.039432 2.603319
v -36.903660 0.068004 2.592011
v -36.912121 0.079842 2.564721
v -36.920578 0.068004 2.537430
v -36.924084 0.039432 2.526123
v -36.920578 0.010860 2.537430
v -36.912121 -0.000978 2.564721
v -36.903660 0.010860 2.592011
v -36.926090 0.039432 2.609148
v -36.928005 0.068004 2.597465
v -36.932629 0.079842 2.569270
v -36.937252 0.068004 2.541075
v -36.939167 0.039432 2.529393
v -36.937252 0.010860 2.541075
v -36.932629 -0.000978 2.569270
v -36.928005 0.010860 2.597465
v -36.952663 0.039432 2.612034
v -36.953514 0.068004 2.600226
v -36.955566 0.079842 2.571728
v -36.957615 0.068004 2.543231
v -36.958466 0.039432 2.531423
v -36.957615 0.010860 2.543231
v -36.955566 -0.000978 2.571728
v -36.953514 0.010860 2.600226
v -36.980015 0.039432 2.613063
v -36.980225 0.068004 2.601227
v -36.980736 0.079842 2.572659
v -36.981247 0.068004 2.544092
v -36.981461 0.039432 2.532256
v -36.981247 0.010860 2.544092
v -36.980736 -0.000978 2.572659
v -36.980225 0.010860 2.601227
v -37.008274 0.039432 2.613035
v -37.008179 0.068004 2.601198
v -37.007950 0.079842 2.572627
v -37.007717 0.068004 2.544056
v -37.007622 0.039432 2.532218
v -37.007717 0.010860 2.544056
v -37.007950 -0.000978 2.572627
v -37.008179 0.010860 2.601198
v -37.037483 0.039432 2.612601
v -37.037346 0.068004 2.600764
v -37.037006 0.079842 2.572194
v -37.036667 0.068004 2.543624
v -37.036530 0.039432 2.531787
v -37.036667 0.010860 2.543624
v -37.037006 -0.000978 2.572194
v -37.037346 0.010860 2.600764
v -37.067894 0.039432 2.612334
v -37.067841 0.068004 2.600496
v -37.067715 0.079842 2.571924
v -37.067589 0.068004 2.543353
v -37.067539 0.039432 2.531515
v -37.067589 0.010860 2.543353
v -37.067715 -0.000978 2.571924
v -37.067841 0.010860 2.600496
v -37.265743 0.039432 2.612334
v -37.265743 0.068004 2.600496
v -37.265743 0.079842 2.571924
v -37.265743 0.068004 2.543353
v -37.265743 0.039432 2.531514
v -37.265743 0.010860 2.543353
v -37.265743 -0.000978 2.571924
v -37.265743 0.010860 2.600496
v -37.699829 0.039432 2.612335
v -37.699829 0.068004 2.600496
v -37.699829 0.079842 2.571925
v -37.699829 0.068004 2.543353
v -37.699829 0.039432 2.531515
v -37.699829 0.010860 2.543353
v -37.699829 -0.000978 2.571925
v -37.699829 0.010860 2.600496
v -38.323997 0.039432 2.612335
v -38.323997 0.068004 2.600496
v -38.323997 0.079842 2.571925
v -38.323997 0.068004 2.543353
v -38.323997 0.039432 2.531515
v -38.323997 0.010860 2.543353
v -38.323997 -0.000978 2.571925
v -38.323997 0.010860 2.600496
v -39.092266 0.039432 2.612335
v -39.092266 0.068004 2.600497
v -39.092266 0.079842 2.571925
v -39.092266 0.068004 2.543353
v -39.092266 0.039432 2.531515
v -39.092266 0.010860 2.543353
v -39.092266 -0.000978 2.571925
v -39.092266 0.010860 2.600497
v -39.958652 0.039432 2.612335
v -39.958652 0.068004 2.600497
v -39.958652 0.079842 2.571925
v -39.958652 0.068004 2.543354
v -39.958652 0.039432 2.531515
v -39.958652 0.010860 2.543354
v -39.958652 -0.000978 2.571925
v -39.958652 0.010860 2.600497
v -40.877178 0.039432 2.612336
v -40.877178 0.068004 2.600497
v -40.877178 0.079842 2.571926
v -40.877178 0.068004 2.543354
v -40.877178 0.039432 2.531516
v -40.877178 0.010860 2.543354
v -40.877178 -0.000978 2.571926
v -40.877178 0.010860 2.600497
v -41.801865 0.039432 2.612336
v -41.801865 0.068004 2.600497
v -41.801865 0.079842 2.571926
v -41.801865 0.068004 2.543354
v -41.801865 0.039432 2.531516
v -41.801865 0.010860 2.543354
v -41.801865 -0.000978 2.571926
v -41.801865 0.010860 2.600497
v -42.686729 0.039432 2.612336
v -42.686729 0.068004 2.600498
v -42.686729 0.079842 2.571926
v -42.686729 0.068004 2.543355
v -42.686729 0.039432 2.531516
v -42.686729 0.010860 2.543355
v -42.686729 -0.000978 2.571926
v -42.686729 0.010860 2.600498
v -43.485794 0.039432 2.612336
v -43.485794 0.068004 2.600498
v -43.485794 0.079842 2.571926
v -43.485794 0.068004 2.543355
v -43.485794 0.039432 2.531516
v -43.485794 0.010860 2.543355
v -43.485794 -0.000978 2.571926
v -43.485794 0.010860 2.600498
v -44.153072 0.039432 2.612337
v -44.153072 0.068004 2.600498
v -44.153072 0.079842 2.571927
v -44.153072 0.068004 2.543355
v -44.153072 0.039432 2.531517
v -44.153072 0.010860 2.543355
v -44.153072 -0.000978 2.571927
v -44.153072 0.010860 2.600498
v -44.642593 0.039432 2.612337
v -44.642593 0.068004 2.600498
v -44.642593 0.079842 2.571927
v -44.642593 0.068004 2.543355
v -44.642593 0.039432 2.531517
v -44.642593 0.010860 2.543355
v -44.642593 -0.000978 2.571927
v -44.642593 0.010860 2.600498
v -44.908199 0.039432 2.612336
v -44.908249 0.068004 2.600497
v -44.908371 0.079842 2.571926
v -44.908493 0.068004 2.543355
v -44.908546 0.039432 2.531517
v -44.908493 0.010860 2.543355
v -44.908371 -0.000978 2.571926
v -44.908249 0.010860 2.600497
v -44.939468 0.039432 2.612603
v -44.939610 0.068004 2.600765
v -44.939941 0.079842 2.572196
v -44.940277 0.068004 2.543626
v -44.940414 0.039432 2.531788
v -44.940277 0.010860 2.543626
v -44.939941 -0.000978 2.572196
v -44.939610 0.010860 2.600765
v -44.968712 0.039432 2.613037
v -44.968807 0.068004 2.601199
v -44.969036 0.079842 2.572628
v -44.969265 0.068004 2.544058
v -44.969360 0.039432 2.532220
v -44.969265 0.010860 2.544058
v -44.969036 -0.000978 2.572628
v -44.968807 0.010860 2.601199
v -44.996361 0.039432 2.613064
v -44.996140 0.068004 2.601228
v -44.995602 0.079842 2.572661
v -44.995064 0.068004 2.544095
v -44.994843 0.039432 2.532258
v -44.995064 0.010860 2.544095
v -44.995602 -0.000978 2.572661
v -44.996140 0.010860 2.601228
v -45.022686 0.039432 2.612021
v -45.021782 0.068004 2.600218
v -45.019592 0.079842 2.571730
v -45.017403 0.068004 2.543242
v -45.016495 0.039432 2.531439
v -45.017403 0.010860 2.543242
v -45.019592 -0.000978 2.571730
v -45.021782 0.010860 2.600218
v -45.048054 0.039432 2.609051
v -45.045975 0.068004 2.597398
v -45.040947 0.079842 2.569271
v -45.035923 0.068004 2.541145
v -45.033844 0.039432 2.529491
v -45.035923 0.010860 2.541145
v -45.040947 -0.000978 2.569271
v -45.045975 0.010860 2.597398
v -45.072784 0.039432 2.602930
v -45.068928 0.068004 2.591737
v -45.059624 0.079842 2.564722
v -45.050323 0.068004 2.537707
v -45.046467 0.039432 2.526514
v -45.050323 0.010860 2.537707
v -45.059624 -0.000978 2.564722
v -45.068928 0.010860 2.591737
v -45.096588 0.039432 2.592030
v -45.090431 0.068004 2.581920
v -45.075569 0.079842 2.557518
v -45.060707 0.068004 2.533116
v -45.054550 0.039432 2.523006
v -45.060707 0.010860 2.533116
v -45.075569 -0.000978 2.557518
v -45.090431 0.010860 2.581920
v -45.117886 0.039432 2.575076
v -45.109344 0.068004 2.566879
v -45.088730 0.079842 2.547096
v -45.068115 0.068004 2.527313
v -45.059574 0.039432 2.519117
v -45.068115 0.010860 2.527313
v -45.088730 -0.000978 2.547096
v -45.109344 0.010860 2.566879
v -45.134422 0.039432 2.552443
v -45.124062 0.068004 2.546716
v -45.099052 0.079842 2.532893
v -45.074051 0.068004 2.519070
v -45.063690 0.039432 2.513343
v -45.074051 0.010860 2.519070
v -45.099052 -0.000978 2.532893
v -45.124062 0.010860 2.546716
v -45.145267 0.039432 2.525725
v -45.133907 0.068004 2.522391
v -45.106491 0.079842 2.514344
v -45.079079 0.068004 2.506298
v -45.067719 0.039432 2.502964
v -45.079079 0.010860 2.506298
v -45.106491 -0.000978 2.514344
v -45.133907 0.010860 2.522391
v -45.151108 0.039432 2.495760
v -45.139359 0.068004 2.494333
v -45.110992 0.079842 2.490887
v -45.082630 0.068004 2.487442
v -45.070877 0.039432 2.486015
v -45.082630 0.010860 2.487442
v -45.110992 -0.000978 2.490887
v -45.139359 0.010860 2.494333
v -45.152901 0.039432 2.463012
v -45.141068 0.068004 2.462703
v -45.112503 0.079842 2.461958
v -45.083942 0.068004 2.461213
v -45.072109 0.039432 2.460904
v -45.083942 0.010860 2.461213
v -45.112503 -0.000978 2.461958
v -45.141068 0.010860 2.462703
v -45.152916 0.039432 2.345524
v -45.141075 0.068004 2.345524
v -45.112503 0.079842 2.345524
v -45.083931 0.068004 2.345524
v -45.072094 0.039432 2.345524
v -45.083931 0.010860 2.345524
v -45.112503 -0.000978 2.345524
v -45.141075 0.010860 2.345524
v -45.152916 0.039432 2.180251
v -45.141075 0.068004 2.180251
v -45.112503 0.079842 2.180251
v -45.083931 0.068004 2.180251
v -45.072094 0.039432 2.180251
v -45.083931 0.010860 2.180251
v -45.112503 -0.000978 2.180251
v -45.141075 0.010860 2.180251
v -45.152916 0.039432 1.975080
v -45.141075 0.068004 1.975080
v -45.112503 0.079842 1.975080
v -45.083931 0.068004 1.975080
v -45.072094 0.039432 1.975080
v -45.083931 0.010860 1.975080
v -45.112503 -0.000978 1.975080
v -45.141075 0.010860 1.975080
v -45.152916 0.039432 1.738953
v -45.141075 0.068004 1.738953
v -45.112503 0.079842 1.738953
v -45.083931 0.068004 1.738953
v -45.072094 0.039432 1.738953
v -45.083931 0.010860 1.738953
v -45.112503 -0.000978 1.738953
v -45.141075 0.010860 1.738953
v -45.152916 0.039432 1.480813
v -45.141075 0.068004 1.480812
v -45.112503 0.079842 1.480812
v -45.083931 0.068004 1.480812
v -45.072094 0.039432 1.480812
v -45.083931 0.010860 1.480812
v -45.112503 -0.000978 1.480812
v -45.141075 0.010860 1.480812
v -45.152916 0.039432 1.209601
v -45.141075 0.068004 1.209601
v -45.112503 0.079842 1.209601
v -45.083931 0.068004 1.209601
v -45.072094 0.039432 1.209601
v -45.083931 0.010860 1.209601
v -45.112503 -0.000978 1.209601
v -45.141075 0.010860 1.209601
v -45.152916 0.039432 0.934261
v -45.141075 0.068004 0.934261
v -45.112503 0.079842 0.934261
v -45.083935 0.068004 0.934261
v -45.072094 0.039432 0.934261
v -45.083935 0.010860 0.934261
v -45.112503 -0.000978 0.934261
v -45.141075 0.010860 0.934261
v -45.152916 0.039432 0.663734
v -45.141075 0.068004 0.663734
v -45.112503 0.079842 0.663734
v -45.083935 0.068004 0.663734
v -45.072094 0.039432 0.663734
v -45.083935 0.010860 0.663734
v -45.112503 -0.000978 0.663734
v -45.141075 0.010860 0.663734
v -45.152916 0.039432 0.406962
v -45.141075 0.068004 0.406962
v -45.112503 0.079842 0.406962
v -45.083935 0.068004 0.406962
v -45.072094 0.039432 0.406962
v -45.083935 0.010860 0.406962
v -45.112503 -0.000978 0.406962
v -45.141075 0.010860 0.406962
v -45.152916 0.039432 0.172888
v -45.141075 0.068004 0.172888
v -45.112503 0.079842 0.172888
v -45.083935 0.068004 0.172888
v -45.072094 0.039432 0.172888
v -45.083935 0.010860 0.172888
v -45.112503 -0.000978 0.172888
v -45.141075 0.010860 0.172888
v -45.152916 0.039432 -0.029547
v -45.141075 0.068004 -0.029547
v -45.112503 0.079842 -0.029546
v -45.083935 0.068004 -0.029546
v -45.072094 0.039432 -0.029546
v -45.083935 0.010860 -0.029546
v -45.112503 -0.000978 -0.029546
v -45.141075 0.010860 -0.029547
v -45.152912 0.039432 -0.191903
v -45.141075 0.068004 -0.191755
v -45.112503 0.079842 -0.191398
v -45.083935 0.068004 -0.191042
v -45.072098 0.039432 -0.190894
v -45.083935 0.010860 -0.191042
v -45.112503 -0.000978 -0.191398
v -45.141075 0.010860 -0.191755
v -45.151829 0.039432 -0.234600
v -45.140007 0.068004 -0.233929
v -45.111481 0.079842 -0.232311
v -45.082958 0.068004 -0.230692
v -45.071136 0.039432 -0.230021
v -45.082958 0.010860 -0.230692
v -45.111481 -0.000978 -0.232311
v -45.140007 0.010860 -0.233929
v -45.148373 0.039432 -0.273412
v -45.136635 0.068004 -0.271866
v -45.108307 0.079842 -0.268137
v -45.079979 0.068004 -0.264407
v -45.068245 0.039432 -0.262862
v -45.079979 0.010860 -0.264407
v -45.108307 -0.000978 -0.268137
v -45.136635 0.010860 -0.271866
v -45.142178 0.039432 -0.308633
v -45.130646 0.068004 -0.305960
v -45.102814 0.079842 -0.299511
v -45.074978 0.068004 -0.293062
v -45.063446 0.039432 -0.290389
v -45.074978 0.010860 -0.293062
v -45.102814 -0.000978 -0.299511
v -45.130646 0.010860 -0.305960
v -45.132835 0.039432 -0.340800
v -45.121700 0.068004 -0.336777
v -45.094830 0.079842 -0.327068
v -45.067959 0.068004 -0.317359
v -45.056824 0.039432 -0.313336
v -45.067959 0.010860 -0.317359
v -45.094830 -0.000978 -0.327068
v -45.121700 0.010860 -0.336777
v -45.119999 0.039432 -0.370174
v -45.109509 0.068004 -0.364686
v -45.084190 0.079842 -0.351442
v -45.058876 0.068004 -0.338197
v -45.048386 0.039432 -0.332710
v -45.058876 0.010860 -0.338197
v -45.084190 -0.000978 -0.351442
v -45.109509 0.010860 -0.364686
v -45.103592 0.039432 -0.396793
v -45.093967 0.068004 -0.389901
v -45.070736 0.079842 -0.373267
v -45.047504 0.068004 -0.356633
v -45.037880 0.039432 -0.349741
v -45.047504 0.010860 -0.356633
v -45.070736 -0.000978 -0.373267
v -45.093967 0.010860 -0.389901
v -45.083847 0.039432 -0.420737
v -45.075188 0.068004 -0.412664
v -45.054291 0.079842 -0.393178
v -45.033394 0.068004 -0.373691
v -45.024738 0.039432 -0.365618
v -45.033394 0.010860 -0.373691
v -45.054291 -0.000978 -0.393178
v -45.075188 0.010860 -0.412664
v -45.061119 0.039432 -0.442381
v -45.053379 0.068004 -0.433425
v -45.034695 0.079842 -0.411808
v -45.016010 0.068004 -0.390192
v -45.008270 0.039432 -0.381235
v -45.016010 0.010860 -0.390192
v -45.034695 -0.000978 -0.411808
v -45.053379 0.010860 -0.433425
v -45.035633 0.039432 -0.462409
v -45.028645 0.068004 -0.452854
v -45.011776 0.079842 -0.429793
v -44.994907 0.068004 -0.406732
v -44.987919 0.039432 -0.397177
v -44.994907 0.010860 -0.406732
v -45.011776 -0.000978 -0.429793
v -45.028645 0.010860 -0.452854
v -45.007378 0.039432 -0.481660
v -45.000931 0.068004 -0.471731
v -44.985371 0.079842 -0.447767
v -44.969814 0.068004 -0.423803
v -44.963367 0.039432 -0.413874
v -44.969814 0.010860 -0.423803
v -44.985371 -0.000978 -0.447767
v -45.000931 0.010860 -0.471731
v -44.976162 0.039432 -0.500980
v -44.970055 0.068004 -0.490839
v -44.955315 0.079842 -0.466364
v -44.940575 0.068004 -0.441888
v -44.934467 0.039432 -0.431747
v -44.940575 0.010860 -0.441888
v -44.955315 -0.000978 -0.466364
v -44.970055 0.010860 -0.490839
v -44.941795 0.039432 -0.521124
v -44.935829 0.068004 -0.510898
v -44.921436 0.079842 -0.486218
v -44.907040 0.068004 -0.461537
v -44.901077 0.039432 -0.451311
v -44.907040 0.010860 -0.461537
v -44.921436 -0.000978 -0.486218
v -44.935829 0.010860 -0.510898
v -44.902714 0.039432 -0.543808
v -44.896755 0.068004 -0.533579
v -44.882374 0.079842 -0.508891
v -44.867992 0.068004 -0.484203
v -44.862034 0.039432 -0.473974
v -44.867992 0.010860 -0.484203
v -44.882374 -0.000978 -0.508891
v -44.896755 0.010860 -0.533579
v -44.857140 0.039432 -0.570455
v -44.851154 0.068004 -0.560241
v -44.836708 0.079842 -0.535589
v -44.822266 0.068004 -0.510937
v -44.816280 0.039432 -0.500723
v -44.822266 0.010860 -0.510937
v -44.836708 -0.000978 -0.535589
v -44.851154 0.010860 -0.560241
v -44.805832 0.039432 -0.600580
v -44.799831 0.068004 -0.590375
v -44.785355 0.079842 -0.565744
v -44.770874 0.068004 -0.541113
v -44.764874 0.039432 -0.530908
v -44.770874 0.010860 -0.541113
v -44.785355 -0.000978 -0.565744
v -44.799831 0.010860 -0.590375
v -44.749725 0.039432 -0.633606
v -44.743717 0.068004 -0.623406
v -44.729218 0.079842 -0.598786
v -44.714718 0.068004 -0.574167
v -44.708710 0.039432 -0.563967
v -44.714718 0.010860 -0.574167
v -44.729218 -0.000978 -0.598786
v -44.743717 0.010860 -0.623406
v -44.689728 0.039432 -0.668961
v -44.683716 0.068004 -0.658763
v -44.669212 0.079842 -0.634148
v -44.654705 0.068004 -0.609533
v -44.648693 0.039432 -0.599334
v -44.654705 0.010860 -0.609533
v -44.669212 -0.000978 -0.634148
v -44.683716 0.010860 -0.658763
v -44.626762 0.039432 -0.706075
v -44.620754 0.068004 -0.695875
v -44.606247 0.079842 -0.671259
v -44.591743 0.068004 -0.646643
v -44.585735 0.039432 -0.636443
v -44.591743 0.010860 -0.646643
v -44.606247 -0.000978 -0.671259
v -44.620754 0.010860 -0.695875
v -44.561737 0.039432 -0.744376
v -44.555733 0.068004 -0.734174
v -44.541241 0.079842 -0.709551
v -44.526745 0.068004 -0.684929
v -44.520741 0.039432 -0.674726
v -44.526745 0.010860 -0.684929
v -44.541241 -0.000978 -0.709551
v -44.555733 0.010860 -0.734174
v -44.495567 0.039432 -0.783298
v -44.489571 0.068004 -0.773091
v -44.475098 0.079842 -0.748456
v -44.460625 0.068004 -0.723822
v -44.454628 0.039432 -0.713615
v -44.460625 0.010860 -0.723822
v -44.475098 -0.000978 -0.748456
v -44.489571 0.010860 -0.773091
v -44.429161 0.039432 -0.822270
v -44.423176 0.068004 -0.812056
v -44.408730 0.079842 -0.787405
v -44.394287 0.068004 -0.762753
v -44.388302 0.039432 -0.752539
v -44.394287 0.010860 -0.762753
v -44.408730 -0.000978 -0.787405
v -44.423176 0.010860 -0.812056
v -44.363426 0.039432 -0.860726
v -44.357456 0.068004 -0.850503
v -44.343052 0.079842 -0.825828
v -44.328648 0.068004 -0.801153
v -44.322678 0.039432 -0.790930
v -44.328648 0.010860 -0.801153
v -44.343052 -0.000978 -0.825828
v -44.357456 0.010860 -0.850503
v -44.299274 0.039432 -0.898099
v -44.293327 0.068004 -0.887862
v -44.278976 0.079842 -0.863157
v -44.264622 0.068004 -0.838452
v -44.258675 0.039432 -0.828215
v -44.264622 0.010860 -0.838452
v -44.278976 -0.000978 -0.863157
v -44.293327 0.010860 -0.887862
v -44.237614 0.039432 -0.933819
v -44.231693 0.068004 -0.923567
v -44.217407 0.079842 -0.898823
v -44.203121 0.068004 -0.874079
v -44.197205 0.039432 -0.863827
v -44.203121 0.010860 -0.874079
v -44.217407 -0.000978 -0.898823
v -44.231693 0.010860 -0.923567
vn 1.0000 0.0000 0.0000
vn 0.7071 -0.7071 0.0000
vn 0.7071 0.7071 0.0000
vn 0.0000 1.0000 0.0000
vn -0.7071 0.7071 0.0000
vn -1.0000 0.0000 0.0000
vn -0.7071 -0.7071 0.0000
vn 0.0000 -1.0000 0.0000
vn 1.0000 0.0000 0.0001
vn 0.7072 -0.7070 0.0001
vn 0.7072 0.7070 0.0001
vn -0.7071 0.7070 0.0001
vn -1.0000 0.0000 0.0001
vn -0.7071 -0.7070 0.0001
vn 0.9994 0.0000 0.0337
vn 0.7109 -0.7029 0.0238
vn 0.7109 0.7029 0.0238
vn 0.0078 0.9999 0.0005
vn -0.7032 0.7107 -0.0214
vn -0.9995 0.0000 -0.0300
vn -0.7032 -0.7107 -0.0214
vn 0.0078 -0.9999 0.0005
vn 0.9889 0.0000 0.1487
vn 0.7089 -0.6973 0.1063
vn 0.7089 0.6973 0.1063
vn 0.0197 0.9998 0.0035
vn -0.6897 0.7172 -0.0992
vn -0.9900 0.0000 -0.1413
vn -0.6897 -0.7172 -0.0992
vn 0.0197 -0.9998 0.0035
vn 0.9428 -0.0000 0.3332
vn 0.6787 -0.6942 0.2397
vn 0.6787 0.6941 0.2397
vn 0.0247 0.9996 0.0093
vn -0.6556 0.7204 -0.2263
vn -0.9457 0.0000 -0.3248
vn -0.6556 -0.7204 -0.2263
vn 0.0247 -0.9996 0.0093
vn 0.8385 -0.0001 0.5448
vn 0.6054 -0.6920 0.3932
vn 0.6054 0.6919 0.3933
vn 0.0262 0.9995 0.0174
vn -0.5804 0.7237 -0.3734
vn -0.8415 0.0000 -0.5402
vn -0.5804 -0.7237 -0.3734
vn 0.0262 -0.9995 0.0175
vn 0.6723 -0.0000 0.7402
vn 0.4854 -0.6918 0.5345
vn 0.4854 0.6918 0.5346
vn 0.0217 0.9995 0.0234
vn -0.4616 0.7241 -0.5125
vn -0.6684 0.0000 -0.7437
vn -0.4616 -0.7240 -0.5125
vn 0.0217 -0.9995 0.0234
vn 0.4770 0.0000 0.8789
vn 0.3433 -0.6939 0.6330
vn 0.3433 0.6939 0.6330
vn 0.0136 0.9996 0.0234
vn -0.3249 0.7208 -0.6122
vn -0.4669 0.0000 -0.8843
vn -0.3249 -0.7208 -0.6122
vn 0.0136 -0.9996 0.0234
vn 0.2990 0.0000 0.9543
vn 0.2141 -0.6971 0.6843
vn 0.2141 0.6971 0.6842
vn 0.0066 0.9998 0.0189
vn -0.2033 0.7170 -0.6667
vn -0.2904 0.0000 -0.9569
vn -0.2033 -0.7170 -0.6667
vn 0.0066 -0.9998 0.0189
vn 0.1636 0.0000 0.9865
vn 0.1166 -0.7002 0.7043
vn 0.1166 0.7002 0.7043
vn 0.0026 0.9999 0.0133
vn -0.1118 0.7137 -0.6914
vn -0.1590 0.0000 -0.9872
vn -0.1118 -0.7137 -0.6914
vn 0.0026 -0.9999 0.0133
vn 0.0727 0.0000 0.9973
vn 0.0516 -0.7028 0.7095
vn 0.0516 0.7028 0.7095
vn 0.0008 0.9999 0.0085
vn -0.0498 0.7113 -0.7011
vn -0.0707 0.0000 -0.9975
vn -0.0498 -0.7113 -0.7011
vn 0.0008 -0.9999 0.0085
vn 0.0183 0.0000 0.9998
vn 0.0129 -0.7048 0.7093
vn 0.0129 0.7048 0.7093
vn 0.0001 1.0000 0.0046
vn -0.0124 0.7094 -0.7047
vn -0.0174 0.0000 -0.9998
vn -0.0123 -0.7094 -0.7047
vn 0.0001 -1.0000 0.0046
vn -0.0079 0.0000 0.9999
vn -0.0056 -0.7063 0.7079
vn -0.0056 0.7063 0.7079
vn 0.0000 1.0000 0.0016
vn 0.0057 0.7079 -0.7063
vn 0.0081 0.0000 -0.9999
vn 0.0057 -0.7079 -0.7063
vn 0.0000 -1.0000 0.0016
vn -0.0118 0.0000 0.9999
vn -0.0084 -0.7075 0.7067
vn -0.0084 0.7075 0.7067
vn 0.0000 1.0000 -0.0007
vn 0.0084 0.7067 -0.7074
vn 0.0118 0.0000 -0.9999
vn 0.0084 -0.7067 -0.7074
vn 0.0000 -1.0000 -0.0007
vn -0.0044 0.0000 1.0000
vn -0.0031 -0.7076 0.7065
vn -0.0031 0.7076 0.7065
vn 0.0000 1.0000 -0.0011
vn 0.0031 0.7066 -0.7076
vn 0.0044 0.0000 -1.0000
vn 0.0031 -0.7066 -0.7076
vn 0.0000 -1.0000 -0.0011
vn 0.0000 0.0000 1.0000
vn 0.0000 -0.7071 0.7071
vn 0.0000 0.7071 0.7071
vn 0.0000 0.7071 -0.7071
vn 0.0000 0.0000 -1.0000
vn 0.0000 -0.7071 -0.7071
vn 0.0042 0.0000 1.0000
vn 0.0030 -0.7076 0.7066
vn 0.0030 0.7076 0.7066
vn 0.0000 1.0000 -0.0010
vn -0.0030 0.7066 -0.7076
vn -0.0042 0.0000 -1.0000
vn -0.0030 -0.7066 -0.7076
vn 0.0000 -1.0000 -0.0010
vn 0.0117 0.0000 0.9999
vn 0.0082 -0.7075 0.7067
vn 0.0082 0.7074 0.7067
vn 0.0000 1.0000 -0.0008
vn -0.0083 0.7067 -0.7074
vn -0.0117 0.0000 -0.9999
vn -0.0083 -0.7067 -0.7074
vn 0.0000 -1.0000 -0.0008
vn 0.0079 0.0000 0.9999
vn 0.0056 -0.7063 0.7079
vn 0.0056 0.7063 0.7079
vn -0.0057 0.7079 -0.7063
vn -0.0082 0.0000 -0.9999
vn -0.0057 -0.7079 -0.7063
vn -0.0192 0.0000 0.9998
vn -0.0136 -0.7046 0.7094
vn -0.0136 0.7046 0.7094
vn -0.0002 1.0000 0.0048
vn 0.0129 0.7095 -0.7046
vn 0.0183 0.0000 -0.9998
vn 0.0129 -0.7095 -0.7046
vn -0.0002 -1.0000 0.0049
vn -0.0778 0.0000 0.9969
vn -0.0552 -0.7024 0.7096
vn -0.0552 0.7024 0.7096
vn -0.0009 0.9999 0.0092
vn 0.0529 0.7116 -0.7005
vn 0.0750 0.0000 -0.9972
vn 0.0529 -0.7116 -0.7006
vn -0.0009 -0.9999 0.0092
vn -0.1783 0.0000 0.9840
vn -0.1272 -0.6995 0.7032
vn -0.1272 0.6995 0.7032
vn -0.0032 0.9999 0.0148
vn 0.1208 0.7145 -0.6891
vn 0.1718 0.0000 -0.9851
vn 0.1208 -0.7145 -0.6891
vn -0.0032 -0.9999 0.0148
vn -0.3292 0.0000 0.9442
vn -0.2361 -0.6959 0.6782
vn -0.2361 0.6959 0.6782
vn -0.0082 0.9997 0.0210
vn 0.2222 0.7182 -0.6594
vn 0.3174 0.0000 -0.9483
vn 0.2222 -0.7182 -0.6594
vn -0.0082 -0.9997 0.0210
vn -0.5230 0.0000 0.8523
vn -0.3770 -0.6926 0.6149
vn -0.3770 0.6926 0.6149
vn -0.0163 0.9995 0.0250
vn 0.3553 0.7226 -0.5929
vn 0.5119 0.0000 -0.8590
vn 0.3553 -0.7226 -0.5929
vn -0.0163 -0.9995 0.0251
vn -0.7215 0.0000 0.6923
vn -0.5214 -0.6912 0.5003
vn -0.5214 0.6912 0.5003
vn -0.0240 0.9994 0.0229
vn 0.4967 0.7250 -0.4770
vn 0.7211 0.0000 -0.6928
vn 0.4967 -0.7251 -0.4770
vn -0.0240 -0.9994 0.0229
vn -0.8738 0.0000 0.4863
vn -0.6304 -0.6925 0.3506
vn -0.6304 0.6925 0.3506
vn -0.0259 0.9995 0.0152
vn 0.6068 0.7226 -0.3309
vn 0.8789 0.0000 -0.4769
vn 0.6068 -0.7226 -0.3309
vn -0.0260 -0.9995 0.0152
vn -0.9586 0.0000 0.2846
vn -0.6888 -0.6956 0.2042
vn -0.6888 0.6956 0.2042
vn -0.0221 0.9997 0.0073
vn 0.6681 0.7187 -0.1924
vn 0.9613 0.0000 -0.2753
vn 0.6681 -0.7187 -0.1924
vn -0.0221 -0.9997 0.0073
vn -0.9924 0.0000 0.1229
vn -0.7099 -0.6988 0.0877
vn -0.7099 0.6988 0.0877
vn -0.0165 0.9998 0.0025
vn 0.6938 0.7154 -0.0823
vn 0.9931 0.0000 -0.1170
vn 0.6938 -0.7154 -0.0823
vn -0.0165 -0.9998 0.0025
vn -0.9996 0.0000 0.0272
vn -0.7102 -0.7038 0.0192
vn -0.7102 0.7038 0.0192
vn -0.0063 1.0000 0.0004
vn 0.7039 0.7100 -0.0175
vn 0.9997 0.0000 -0.0247
vn 0.7039 -0.7100 -0.0175
vn -0.0063 -1.0000 0.0004
vn -0.7070 -0.7071 0.0000
vn -0.7070 0.7071 0.0000
vn -0.9999 0.0000 -0.0127
vn -0.7085 -0.7056 -0.0089
vn -0.7085 0.7056 -0.0089
vn -0.0030 1.0000 -0.0001
vn 0.7056 0.7085 0.0087
vn 0.9999 0.0000 0.0123
vn 0.7056 -0.7085 0.0087
vn -0.0030 -1.0000 -0.0001
vn -0.9984 0.0000 -0.0570
vn -0.7097 -0.7033 -0.0405
vn -0.7097 0.7033 -0.0405
vn -0.0077 1.0000 -0.0005
vn 0.7021 0.7110 0.0396
vn 0.9984 0.0000 0.0562
vn 0.7021 -0.7110 0.0396
vn -0.0077 -1.0000 -0.0005
vn -0.9914 0.0000 -0.1310
vn -0.7061 -0.7019 -0.0932
vn -0.7061 0.7019 -0.0932
vn -0.0103 0.9999 -0.0014
vn 0.6959 0.7123 0.0913
vn 0.9915 0.0000 0.1299
vn 0.6959 -0.7122 0.0913
vn -0.0102 -0.9999 -0.0014
vn -0.9740 0.0000 -0.2263
vn -0.6951 -0.7005 -0.1614
vn -0.6951 0.7005 -0.1614
vn -0.0128 0.9999 -0.0031
vn 0.6824 0.7137 0.1576
vn 0.9744 0.0001 0.2249
vn 0.6825 -0.7137 0.1577
vn -0.0128 -0.9999 -0.0031
vn -0.9403 0.0000 -0.3403
vn -0.6721 -0.6993 -0.2432
vn -0.6721 0.6993 -0.2432
vn -0.0148 0.9998 -0.0055
vn 0.6576 0.7151 0.2372
vn 0.9407 0.0000 0.3391
vn 0.6576 -0.7151 0.2372
vn -0.0148 -0.9998 -0.0055
vn -0.8860 0.0000 -0.4637
vn -0.6339 -0.6987 -0.3317
vn -0.6339 0.6987 -0.3317
vn -0.0152 0.9998 -0.0080
vn 0.6187 0.7158 0.3236
vn 0.8861 0.0000 0.4634
vn 0.6187 -0.7159 0.3236
vn -0.0152 -0.9998 -0.0080
vn -0.8133 0.0000 -0.5819
vn -0.5817 -0.6988 -0.4162
vn -0.5817 0.6988 -0.4162
vn -0.0137 0.9998 -0.0097
vn 0.5677 0.7157 0.4069
vn 0.8127 0.0000 0.5826
vn 0.5677 -0.7157 0.4069
vn -0.0137 -0.9998 -0.0097
vn -0.7318 0.0000 -0.6815
vn -0.5227 -0.6999 -0.4868
vn -0.5227 0.6998 -0.4868
vn -0.0108 0.9999 -0.0099
vn 0.5113 0.7145 0.4775
vn 0.7307 0.0000 0.6827
vn 0.5113 -0.7145 0.4775
vn -0.0108 -0.9999 -0.0099
vn -0.6544 0.0000 -0.7561
vn -0.4664 -0.7013 -0.5390
vn -0.4664 0.7013 -0.5390
vn -0.0076 0.9999 -0.0086
vn 0.4582 0.7129 0.5308
vn 0.6532 0.0000 0.7571
vn 0.4582 -0.7129 0.5308
vn -0.0076 -0.9999 -0.0086
vn -0.5907 0.0000 -0.8068
vn -0.4201 -0.7030 -0.5739
vn -0.4201 0.7030 -0.5738
vn -0.0049 0.9999 -0.0066
vn 0.4147 0.7112 0.5676
vn 0.5899 0.0000 0.8074
vn 0.4147 -0.7112 0.5676
vn -0.0049 -0.9999 -0.0066
vn -0.5448 0.0000 -0.8386
vn -0.3866 -0.7044 -0.5952
vn -0.3866 0.7044 -0.5952
vn -0.0029 1.0000 -0.0044
vn 0.3835 0.7097 0.5909
vn 0.5443 0.0000 0.8389
vn 0.3835 -0.7097 0.5909
vn -0.0029 -1.0000 -0.0044
vn -0.5160 0.0000 -0.8566
vn -0.3656 -0.7056 -0.6070
vn -0.3656 0.7056 -0.6070
vn -0.0015 1.0000 -0.0025
vn 0.3640 0.7085 0.6045
vn 0.5158 0.0000 0.8567
vn 0.3640 -0.7085 0.6045
vn -0.0015 -1.0000 -0.0025
vn -0.5038 0.0000 -0.8638
vn -0.3564 -0.7068 -0.6110
vn -0.3564 0.7068 -0.6110
vn -0.0002 1.0000 -0.0004
vn 0.3561 0.7073 0.6106
vn 0.5038 -0.0000 0.8638
vn 0.3561 -0.7074 0.6106
vn -0.0002 -1.0000 -0.0004
vn -0.5034 0.0000 -0.8640
vn -0.3558 -0.7073 -0.6108
vn -0.3558 0.7073 -0.6108
vn 0.0002 1.0000 0.0003
vn 0.3560 0.7069 0.6111
vn 0.5033 -0.0000 0.8641
vn 0.3560 -0.7069 0.6111
vn 0.0002 -1.0000 0.0003
vn -0.5055 0.0000 -0.8628
vn -0.3574 -0.7072 -0.6100
vn -0.3574 0.7072 -0.6100
vn 0.0001 1.0000 0.0002
vn 0.3575 0.7070 0.6102
vn 0.5055 0.0000 0.8628
vn 0.3575 -0.7070 0.6102
vn 0.0001 -1.0000 0.0002
vn -0.5068 0.0000 -0.8621
vn -0.3583 -0.7072 -0.6095
vn -0.3583 0.7072 -0.6095
vn 0.0001 1.0000 0.0001
vn 0.3584 0.7070 0.6096
vn 0.5068 0.0000 0.8621
vn 0.3584 -0.7070 0.6096
vn 0.0001 -1.0000 0.0001
vn -0.5075 0.0000 -0.8617
vn -0.3588 -0.7071 -0.6092
vn -0.3588 0.7071 -0.6092
vn 0.3588 0.7071 0.6093
vn 0.5075 0.0000 0.8617
vn 0.3588 -0.7071 0.6093
vn -0.5077 0.0000 -0.8615
vn -0.3590 -0.7071 -0.6091
vn -0.3590 0.7071 -0.6091
vn 0.3590 0.7071 0.6092
vn 0.5077 0.0000 0.8615
vn 0.3590 -0.7071 0.6092
vn -0.5076 0.0000 -0.8615
vn -0.3590 -0.7071 -0.6092
vn -0.3590 0.7071 -0.6092
vn 0.3589 0.7071 0.6092
vn 0.5076 0.0000 0.8615
vn 0.3589 -0.7071 0.6092
vn -0.5072 0.0000 -0.8618
vn -0.3587 -0.7071 -0.6094
vn -0.3587 0.7071 -0.6094
vn -0.0000 1.0000 -0.0001
vn 0.3587 0.7071 0.6093
vn 0.5072 0.0000 0.8618
vn 0.3587 -0.7071 0.6093
vn -0.0000 -1.0000 -0.0001
vn -0.5065 0.0000 -0.8622
vn -0.3582 -0.7070 -0.6097
vn -0.3582 0.7070 -0.6097
vn -0.0001 1.0000 -0.0001
vn 0.3582 0.7071 0.6096
vn 0.5065 0.0000 0.8622
vn 0.3582 -0.7071 0.6096
vn -0.0001 -1.0000 -0.0001
vn -0.3575 -0.7070 -0.6102
vn -0.3575 0.7070 -0.6102
vn 0.3574 0.7072 0.6100
vn 0.3574 -0.7072 0.6100
vn -0.5041 0.0000 -0.8636
vn -0.3565 -0.7070 -0.6107
vn -0.3565 0.7070 -0.6107
vn -0.0001 1.0000 -0.0002
vn 0.3564 0.7072 0.6106
vn 0.5041 0.0000 0.8636
vn 0.3564 -0.7072 0.6106
vn -0.0001 -1.0000 -0.0002
vn -0.5023 0.0000 -0.8647
vn -0.3553 -0.7069 -0.6115
vn -0.3553 0.7070 -0.6115
vn 0.3551 0.7072 0.6113
vn 0.5023 0.0000 0.8647
vn 0.3551 -0.7072 0.6113
vn -0.5013 0.0000 -0.8653
vn -0.3545 -0.7069 -0.6120
vn -0.3545 0.7069 -0.6120
vn -0.0002 1.0000 -0.0003
vn 0.3544 0.7073 0.6117
vn 0.5013 0.0000 0.8653
vn 0.3544 -0.7073 0.6117
vn -0.0002 -1.0000 -0.0003
s 1
f 977//521 985//521 992//522 984//522
f 978//523 986//523 985//521 977//521
f 979//524 987//524 986//523 978//523
f 980//525 988//525 987//524 979//524
f 981//526 989//526 988//525 980//525
f 982//527 990//527 989//526 981//526
f 983//528 991//528 990//527 982//527
f 984//522 992//522 991//528 983//528
f 985//521 993//521 1000//522 992//522
f 986//523 994//523 993//521 985//521
f 987//524 995//524 994//523 986//523
f 988//525 996//525 995//524 987//524
f 989//526 997//526 996//525 988//525
f 990//527 998//527 997//526 989//526
f 991//528 999//528 998//527 990//527
f 992//522 1000//522 999//528 991//528
f 993//521 1001//521 1008//522 1000//522
f 994//523 1002//523 1001//521 993//521
f 995//524 1003//524 1002//523 994//523
f 996//525 1004//525 1003//524 995//524
f 997//526 1005//526 1004//525 996//525
f 998//527 1006//527 1005//526 997//526
f 999//528 1007//528 1006//527 998//527
f 1000//522 1008//522 1007//528 999//528
f 1001//521 1009//521 1016//522 1008//522
f 1002//523 1010//523 1009//521 1001//521
f 1003//524 1011//524 1010//523 1002//523
f 1004//525 1012//525 1011//524 1003//524
f 1005//526 1013//526 1012//525 1004//525
f 1006//527 1014//527 1013//526 1005//526
f 1007//528 1015//528 1014//527 1006//527
f 1008//522 1016//522 1015//528 1007//528
f 1009//521 1017//521 1024//522 1016//522
f 1010//523 1018//523 1017//521 1009//521
f 1011//524 1019//524 1018//523 1010//523
f 1012//525 1020//525 1019//524 1011//524
f 1013//526 1021//526 1020//525 1012//525
f 1014//527 1022//527 1021//526 1013//526
f 1015//528 1023//528 1022//527 1014//527
f 1016//522 1024//522 1023//528 1015//528
f 1017//521 1025//521 1032//522 1024//522
f 1018//523 1026//523 1025//521 1017//521
f 1019//524 1027//524 1026//523 1018//523
f 1020//525 1028//525 1027//524 1019//524
f 1021//526 1029//526 1028//525 1020//525
f 1022//527 1030//527 1029//526 1021//526
f 1023//528 1031//528 1030//527 1022//527
f 1024//522 1032//522 1031//528 1023//528
f 1025//521 1033//521 1040//522 1032//522
f 1026//523 1034//523 1033//521 1025//521
f 1027//524 1035//524 1034//523 1026//523
f 1028//525 1036//525 1035//524 1027//524
f 1029//526 1037//526 1036//525 1028//525
f 1030//527 1038//527 1037//526 1029//526
f 1031//528 1039//528 1038//527 1030//527
f 1032//522 1040//522 1039//528 1031//528
f 1033//521 1041//521 1048//522 1040//522
f 1034//523 1042//523 1041//521 1033//521
f 1035//524 1043//524 1042//523 1034//523
f 1036//525 1044//525 1043//524 1035//524
f 1037//526 1045//526 1044//525 1036//525
f 1038//527 1046//527 1045//526 1037//526
f 1039//528 1047//528 1046//527 1038//527
f 1040//522 1048//522 1047//528 1039//528
f 1041//521 1049//521 1056//522 1048//522
f 1042//523 1050//523 1049//521 1041//521
f 1043//524 1051//524 1050//523 1042//523
f 1044//525 1052//525 1051//524 1043//524
f 1045//526 1053//526 1052//525 1044//525
f 1046//527 1054//527 1053//526 1045//526
f 1047//528 1055//528 1054//527 1046//527
f 1048//522 1056//522 1055//528 1047//528
f 1049//521 1057//521 1064//522 1056//522
f 1050//523 1058//523 1057//521 1049//521
f 1051//524 1059//524 1058//523 1050//523
f 1052//525 1060//525 1059//524 1051//524
f 1053//526 1061//526 1060//525 1052//525
f 1054//527 1062//527 1061//526 1053//526
f 1055//528 1063//528 1062//527 1054//527
f 1056//522 1064//522 1063//528 1055//528
f 1057//521 1065//529 1072//530 1064//522
f 1058//523 1066//531 1065//529 1057//521
f 1059//524 1067//524 1066//531 1058//523
f 1060//525 1068//532 1067//524 1059//524
f 1061//526 1069//533 1068//532 1060//525
f 1062//527 1070//534 1069//533 1061//526
f 1063//528 1071//528 1070//534 1062//527
f 1064//522 1072//530 1071//528 1063//528
f 1065//529 1073//535 1080//536 1072//530
f 1066//531 1074//537 1073//535 1065//529
f 1067//524 1075//538 1074//537 1066//531
f 1068//532 1076//539 1075//538 1067//524
f 1069//533 1077//540 1076//539 1068//532
f 1070//534 1078//541 1077//540 1069//533
f 1071//528 1079//542 1078//541 1070//534
f 1072//530 1080//536 1079//542 1071//528
f 1073//535 1081//543 1088//544 1080//536
f 1074//537 1082//545 1081//543 1073//535
f 1075//538 1083//546 1082//545 1074//537
f 1076//539 1084//547 1083//546 1075//538
f 1077//540 1085//548 1084//547 1076//539
f 1078//541 1086//549 1085//548 1077//540
f 1079//542 1087//550 1086//549 1078//541
f 1080//536 1088//544 1087//550 1079//542
f 1081//543 1089//551 1096//552 1088//544
f 1082//545 1090//553 1089//551 1081//543
f 1083//546 1091//554 1090//553 1082//545
f 1084//547 1092//555 1091//554 1083//546
f 1085//548 1093//556 1092//555 1084//547
f 1086//549 1094//557 1093//556 1085//548
f 1087//550 1095//558 1094//557 1086//549
f 1088//544 1096//552 1095//558 1087//550
f 1089//551 1097//559 1104//560 1096//552
f 1090//553 1098//561 1097//559 1089//551
f 1091//554 1099//562 1098//561 1090//553
f 1092//555 1100//563 1099//562 1091//554
f 1093//556 1101//564 1100//563 1092//555
f 1094//557 1102//565 1101//564 1093//556
f 1095//558 1103//566 1102//565 1094//557
f 1096//552 1104//560 1103//566 1095//558
f 1097//559 1105//567 1112//568 1104//560
f 1098//561 1106//569 1105//567 1097//559
f 1099//562 1107//570 1106//569 1098//561
f 1100//563 1108//571 1107//570 1099//562
f 1101//564 1109//572 1108//571 1100//563
f 1102//565 1110//573 1109//572 1101//564
f 1103//566 1111//574 1110//573 1102//565
f 1104//560 1112//568 1111//574 1103//566
f 1105//567 1113//575 1120//576 1112//568
f 1106//569 1114//577 1113//575 1105//567
f 1107//570 1115//578 1114//577 1106//569
f 1108//571 1116//579 1115//578 1107//570
f 1109//572 1117//580 1116//579 1108//571
f 1110//573 1118//581 1117//580 1109//572
f 1111//574 1119//582 1118//581 1110//573
f 1112//568 1120//576 1119//582 1111//574
f 1113//575 1121//583 1128//584 1120//576
f 1114//577 1122//585 1121//583 1113//575
f 1115//578 1123//586 1122//585 1114//577
f 1116//579 1124//587 1123//586 1115//578
f 1117//580 1125//588 1124//587 1116//579
f 1118//581 1126//589 1125//588 1117//580
f 1119//582 1127//590 1126//589 1118//581
f 1120//576 1128//584 1127//590 1119//582
f 1121//583 1129//591 1136//592 1128//584
f 1122//585 1130//593 1129//591 1121//583
f 1123//586 1131//594 1130//593 1122//585
f 1124//587 1132//595 1131//594 1123//586
f 1125//588 1133//596 1132//595 1124//587
f 1126//589 1134//597 1133//596 1125//588
f 1127//590 1135//598 1134//597 1126//589
f 1128//584 1136//592 1135//598 1127//590
f 1129//591 1137//599 1144//600 1136//592
f 1130//593 1138//601 1137//599 1129//591
f 1131//594 1139//602 1138//601 1130//593
f 1132//595 1140//603 1139//602 1131//594
f 1133//596 1141//604 1140//603 1132//595
f 1134//597 1142//605 1141//604 1133//596
f 1135//598 1143//606 1142//605 1134//597
f 1136//592 1144//600 1143//606 1135//598
f 1137//599 1145//607 1152//608 1144//600
f 1138//601 1146//609 1145//607 1137//599
f 1139//602 1147//610 1146//609 1138//601
f 1140//603 1148//611 1147//610 1139//602
f 1141//604 1149//612 1148//611 1140//603
f 1142//605 1150//613 1149//612 1141//604
f 1143//606 1151//614 1150//613 1142//605
f 1144//600 1152//608 1151//614 1143//606
f 1145//607 1153//615 1160//616 1152//608
f 1146//609 1154//617 1153//615 1145//607
f 1147//610 1155//618 1154//617 1146//609
f 1148//611 1156//619 1155//618 1147//610
f 1149//612 1157//620 1156//619 1148//611
f 1150//613 1158//621 1157//620 1149//612
f 1151//614 1159//622 1158//621 1150//613
f 1152//608 1160//616 1159//622 1151//614
f 1153//615 1161//623 1168//624 1160//616
f 1154//617 1162//625 1161//623 1153//615
f 1155//618 1163//626 1162//625 1154//617
f 1156//619 1164//627 1163//626 1155//618
f 1157//620 1165//628 1164//627 1156//619
f 1158//621 1166//629 1165//628 1157//620
f 1159//622 1167//630 1166//629 1158//621
f 1160//616 1168//624 1167//630 1159//622
f 1161//623 1169//631 1176//632 1168//624
f 1162//625 1170//633 1169//631 1161//623
f 1163//626 1171//634 1170//633 1162//625
f 1164//627 1172//635 1171//634 1163//626
f 1165//628 1173//636 1172//635 1164//627
f 1166//629 1174//637 1173//636 1165//628
f 1167//630 1175//638 1174//637 1166//629
f 1168//624 1176//632 1175//638 1167//630
f 1169//631 1177//639 1184//640 1176//632
f 1170//633 1178//641 1177//639 1169//631
f 1171//634 1179//524 1178//641 1170//633
f 1172//635 1180//642 1179//524 1171//634
f 1173//636 1181//643 1180//642 1172//635
f 1174//637 1182//644 1181//643 1173//636
f 1175//638 1183//528 1182//644 1174//637
f 1176//632 1184//640 1183//528 1175//638
f 1177//639 1185//639 1192//640 1184//640
f 1178//641 1186//641 1185//639 1177//639
f 1179//524 1187//524 1186//641 1178//641
f 1180//642 1188//642 1187//524 1179//524
f 1181//643 1189//643 1188//642 1180//642
f 1182//644 1190//644 1189//643 1181//643
f 1183//528 1191//528 1190//644 1182//644
f 1184//640 1192//640 1191//528 1183//528
f 1185//639 1193//639 1200//640 1192//640
f 1186//641 1194//641 1193//639 1185//639
f 1187//524 1195//524 1194//641 1186//641
f 1188//642 1196//642 1195//524 1187//524
f 1189//643 1197//643 1196//642 1188//642
f 1190//644 1198//644 1197//643 1189//643
f 1191//528 1199//528 1198//644 1190//644
f 1192//640 1200//640 1199//528 1191//528
f 1193//639 1201//639 1208//640 1200//640
f 1194//641 1202//641 1201//639 1193//639
f 1195//524 1203//524 1202//641 1194//641
f 1196//642 1204//642 1203//524 1195//524
f 1197//643 1205//643 1204//642 1196//642
f 1198//644 1206//644 1205//643 1197//643
f 1199//528 1207//528 1206//644 1198//644
f 1200//640 1208//640 1207//528 1199//528
f 1201//639 1209//639 1216//640 1208//640
f 1202//641 1210//641 1209//639 1201//639
f 1203//524 1211//524 1210//641 1202//641
f 1204//642 1212//642 1211//524 1203//524
f 1205//643 1213//643 1212//642 1204//642
f 1206//644 1214//644 1213//643 1205//643
f 1207//528 1215//528 1214//644 1206//644
f 1208//640 1216//640 1215//528 1207//528
f 1209//639 1217//639 1224//640 1216//640
f 1210//641 1218//641 1217//639 1209//639
f 1211//524 1219//524 1218//641 1210//641
f 1212//642 1220//642 1219//524 1211//524
f 1213//643 1221//643 1220//642 1212//642
f 1214//644 1222//644 1221//643 1213//643
f 1215//528 1223//528 1222//644 1214//644
f 1216//640 1224//640 1223//528 1215//528
f 1217//639 1225//639 1232//640 1224//640
f 1218//641 1226//641 1225//639 1217//639
f 1219//524 1227//524 1226//641 1218//641
f 1220//642 1228//642 1227//524 1219//524
f 1221//643 1229//643 1228//642 1220//642
f 1222//644 1230//644 1229//643 1221//643
f 1223//528 1231//528 1230//644 1222//644
f 1224//640 1232//640 1231//528 1223//528
f 1225//639 1233//639 1240//640 1232//640
f 1226//641 1234//641 1233//639 1225//639
f 1227//524 1235//524 1234//641 1226//641
f 1228//642 1236//642 1235//524 1227//524
f 1229//643 1237//643 1236//642 1228//642
f 1230//644 1238//644 1237//643 1229//643
f 1231//528 1239//528 1238//644 1230//644
f 1232//640 1240//640 1239//528 1231//528
f 1233//639 1241//639 1248//640 1240//640
f 1234//641 1242//641 1241//639 1233//639
f 1235//524 1243//524 1242//641 1234//641
f 1236//642 1244//642 1243//524 1235//524
f 1237//643 1245//643 1244//642 1236//642
f 1238//644 1246//644 1245//643 1237//643
f 1239//528 1247//528 1246//644 1238//644
f 1240//640 1248//640 1247//528 1239//528
f 1241//639 1249//639 1256//640 1248//640
f 1242//641 1250//641 1249//639 1241//639
f 1243//524 1251//524 1250//641 1242//641
f 1244//642 1252//642 1251//524 1243//524
f 1245//643 1253//643 1252//642 1244//642
f 1246//644 1254//644 1253//643 1245//643
f 1247//528 1255//528 1254//644 1246//644
f 1248//640 1256//640 1255//528 1247//528
f 1249//639 1257//639 1264//640 1256//640
f 1250//641 1258//641 1257//639 1249//639
f 1251//524 1259//524 1258//641 1250//641
f 1252//642 1260//642 1259//524 1251//524
f 1253//643 1261//643 1260//642 1252//642
f 1254//644 1262//644 1261//643 1253//643
f 1255//528 1263//528 1262//644 1254//644
f 1256//640 1264//640 1263//528 1255//528
f 1257//639 1265//645 1272//646 1264//640
f 1258//641 1266//647 1265//645 1257//639
f 1259//524 1267//648 1266//647 1258//641
f 1260//642 1268//649 1267//648 1259//524
f 1261//643 1269//650 1268//649 1260//642
f 1262//644 1270//651 1269//650 1261//643
f 1263//528 1271//652 1270//651 1262//644
f 1264//640 1272//646 1271//652 1263//528
f 1265//645 1273//653 1280//654 1272//646
f 1266//647 1274//655 1273//653 1265//645
f 1267//648 1275//656 1274//655 1266//647
f 1268//649 1276//657 1275//656 1267//648
f 1269//650 1277//658 1276//657 1268//649
f 1270//651 1278//659 1277//658 1269//650
f 1271//652 1279//660 1278//659 1270//651
f 1272//646 1280//654 1279//660 1271//652
f 1273//653 1281//661 1288//662 1280//654
f 1274//655 1282//663 1281//661 1273//653
f 1275//656 1283//618 1282//663 1274//655
f 1276//657 1284//664 1283//618 1275//656
f 1277//658 1285//665 1284//664 1276//657
f 1278//659 1286//666 1285//665 1277//658
f 1279//660 1287//622 1286//666 1278//659
f 1280//654 1288//662 1287//622 1279//660
f 1281//661 1289//667 1296//668 1288//662
f 1282//663 1290//669 1289//667 1281//661
f 1283//618 1291//670 1290//669 1282//663
f 1284//664 1292//671 1291//670 1283//618
f 1285//665 1293//672 1292//671 1284//664
f 1286//666 1294//673 1293//672 1285//665
f 1287//622 1295//674 1294//673 1286//666
f 1288//662 1296//668 1295//674 1287//622
f 1289//667 1297//675 1304//676 1296//668
f 1290//669 1298//677 1297//675 1289//667
f 1291//670 1299//678 1298//677 1290//669
f 1292//671 1300//679 1299//678 1291//670
f 1293//672 1301//680 1300//679 1292//671
f 1294//673 1302//681 1301//680 1293//672
f 1295//674 1303//682 1302//681 1294//673
f 1296//668 1304//676 1303//682 1295//674
f 1297//675 1305//683 1312//684 1304//676
f 1298//677 1306//685 1305//683 1297//675
f 1299//678 1307//686 1306//685 1298//677
f 1300//679 1308//687 1307//686 1299//678
f 1301//680 1309//688 1308//687 1300//679
f 1302//681 1310//689 1309//688 1301//680
f 1303//682 1311//690 1310//689 1302//681
f 1304//676 1312//684 1311//690 1303//682
f 1305//683 1313//691 1320//692 1312//684
f 1306//685 1314//693 1313//691 1305//683
f 1307//686 1315//694 1314//693 1306//685
f 1308//687 1316//695 1315//694 1307//686
f 1309//688 1317//696 1316//695 1308//687
f 1310//689 1318//697 1317//696 1309//688
f 1311//690 1319//698 1318//697 1310//689
f 1312//684 1320//692 1319//698 1311//690
f 1313//691 1321//699 1328//700 1320//692
f 1314//693 1322//701 1321//699 1313//691
f 1315//694 1323//702 1322//701 1314//693
f 1316//695 1324//703 1323//702 1315//694
f 1317//696 1325//704 1324//703 1316//695
f 1318//697 1326//705 1325//704 1317//696
f 1319//698 1327//706 1326//705 1318//697
f 1320//692 1328//700 1327//706 1319//698
f 1321//699 1329//707 1336//708 1328//700
f 1322//701 1330//709 1329//707 1321//699
f 1323//702 1331//710 1330//709 1322//701
f 1324//703 1332//711 1331//710 1323//702
f 1325//704 1333//712 1332//711 1324//703
f 1326//705 1334//713 1333//712 1325//704
f 1327//706 1335//714 1334//713 1326//705
f 1328//700 1336//708 1335//714 1327//706
f 1329//707 1337//715 1344//716 1336//708
f 1330//709 1338//717 1337//715 1329//707
f 1331//710 1339//718 1338//717 1330//709
f 1332//711 1340//719 1339//718 1331//710
f 1333//712 1341//720 1340//719 1332//711
f 1334//713 1342//721 1341//720 1333//712
f 1335//714 1343//722 1342//721 1334//713
f 1336//708 1344//716 1343//722 1335//714
f 1337//715 1345//723 1352//724 1344//716
f 1338//717 1346//725 1345//723 1337//715
f 1339//718 1347//726 1346//725 1338//717
f 1340//719 1348//727 1347//726 1339//718
f 1341//720 1349//728 1348//727 1340//719
f 1342//721 1350//729 1349//728 1341//720
f 1343//722 1351//730 1350//729 1342//721
f 1344//716 1352//724 1351//730 1343//722
f 1345//723 1353//731 1360//732 1352//724
f 1346//725 1354//733 1353//731 1345//723
f 1347//726 1355//734 1354//733 1346//725
f 1348//727 1356//735 1355//734 1347//726
f 1349//728 1357//736 1356//735 1348//727
f 1350//729 1358//737 1357//736 1349//728
f 1351//730 1359//738 1358//737 1350//729
f 1352//724 1360//732 1359//738 1351//730
f 1353//731 1361//739 1368//740 1360//732
f 1354//733 1362//741 1361//739 1353//731
f 1355//734 1363//742 1362//741 1354//733
f 1356//735 1364//743 1363//742 1355//734
f 1357//736 1365//744 1364//743 1356//735
f 1358//737 1366//745 1365//744 1357//736
f 1359//738 1367//746 1366//745 1358//737
f 1360//732 1368//740 1367//746 1359//738
f 1361//739 1369//526 1376//527 1368//740
f 1362//741 1370//525 1369//526 1361//739
f 1363//742 1371//524 1370//525 1362//741
f 1364//743 1372//523 1371//524 1363//742
f 1365//744 1373//521 1372//523 1364//743
f 1366//745 1374//522 1373//521 1365//744
f 1367//746 1375//528 1374//522 1366//745
f 1368//740 1376//527 1375//528 1367//746
f 1369//526 1377//526 1384//747 1376//527
f 1370//525 1378//748 1377//526 1369//526
f 1371//524 1379//524 1378//748 1370//525
f 1372//523 1380//523 1379//524 1371//524
f 1373//521 1381//521 1380//523 1372//523
f 1374//522 1382//522 1381//521 1373//521
f 1375//528 1383//528 1382//522 1374//522
f 1376//527 1384//747 1383//528 1375//528
f 1377//526 1385//526 1392//747 1384//747
f 1378//748 1386//748 1385//526 1377//526
f 1379//524 1387//524 1386//748 1378//748
f 1380//523 1388//523 1387//524 1379//524
f 1381//521 1389//521 1388//523 1380//523
f 1382//522 1390//522 1389//521 1381//521
f 1383//528 1391//528 1390//522 1382//522
f 1384//747 1392//747 1391//528 1383//528
f 1385//526 1393//526 1400//527 1392//747
f 1386//748 1394//525 1393//526 1385//526
f 1387//524 1395//524 1394//525 1386//748
f 1388//523 1396//523 1395//524 1387//524
f 1389//521 1397//521 1396//523 1388//523
f 1390//522 1398//522 1397//521 1389//521
f 1391//528 1399//528 1398//522 1390//522
f 1392//747 1400//527 1399//528 1391//528
f 1393//526 1401//526 1408//527 1400//527
f 1394//525 1402//525 1401//526 1393//526
f 1395//524 1403//524 1402//525 1394//525
f 1396//523 1404//523 1403//524 1395//524
f 1397//521 1405//521 1404//523 1396//523
f 1398//522 1406//522 1405//521 1397//521
f 1399//528 1407//528 1406//522 1398//522
f 1400//527 1408//527 1407//528 1399//528
f 1401//526 1409//526 1416//527 1408//527
f 1402//525 1410//525 1409//526 1401//526
f 1403//524 1411//524 1410//525 1402//525
f 1404//523 1412//523 1411//524 1403//524
f 1405//521 1413//521 1412//523 1404//523
f 1406//522 1414//522 1413//521 1405//521
f 1407//528 1415//528 1414//522 1406//522
f 1408//527 1416//527 1415//528 1407//528
f 1409//526 1417//526 1424//527 1416//527
f 1410//525 1418//525 1417//526 1409//526
f 1411//524 1419//524 1418//525 1410//525
f 1412//523 1420//523 1419//524 1411//524
f 1413//521 1421//521 1420//523 1412//523
f 1414//522 1422//522 1421//521 1413//521
f 1415//528 1423//528 1422//522 1414//522
f 1416//527 1424//527 1423//528 1415//528
f 1417//526 1425//526 1432//527 1424//527
f 1418//525 1426//525 1425//526 1417//526
f 1419//524 1427//524 1426//525 1418//525
f 1420//523 1428//523 1427//524 1419//524
f 1421//521 1429//521 1428//523 1420//523
f 1422//522 1430//522 1429//521 1421//521
f 1423//528 1431//528 1430//522 1422//522
f 1424//527 1432//527 1431//528 1423//528
f 1425//526 1433//526 1440//527 1432//527
f 1426//525 1434//525 1433//526 1425//526
f 1427//524 1435//524 1434//525 1426//525
f 1428//523 1436//523 1435//524 1427//524
f 1429//521 1437//521 1436//523 1428//523
f 1430//522 1438//522 1437//521 1429//521
f 1431//528 1439//528 1438//522 1430//522
f 1432//527 1440//527 1439//528 1431//528
f 1433//526 1441//526 1448//527 1440//527
f 1434//525 1442//525 1441//526 1433//526
f 1435//524 1443//524 1442//525 1434//525
f 1436//523 1444//523 1443//524 1435//524
f 1437//521 1445//521 1444//523 1436//523
f 1438//522 1446//522 1445//521 1437//521
f 1439//528 1447//528 1446//522 1438//522
f 1440//527 1448//527 1447//528 1439//528
f 1441//526 1449//526 1456//527 1448//527
f 1442//525 1450//525 1449//526 1441//526
f 1443//524 1451//524 1450//525 1442//525
f 1444//523 1452//523 1451//524 1443//524
f 1445//521 1453//521 1452//523 1444//523
f 1446//522 1454//522 1453//521 1445//521
f 1447//528 1455//528 1454//522 1446//522
f 1448//527 1456//527 1455//528 1447//528
f 1449//526 1457//749 1464//750 1456//527
f 1450//525 1458//751 1457//749 1449//526
f 1451//524 1459//752 1458//751 1450//525
f 1452//523 1460//753 1459//752 1451//524
f 1453//521 1461//754 1460//753 1452//523
f 1454//522 1462//755 1461//754 1453//521
f 1455//528 1463//756 1462//755 1454//522
f 1456//527 1464//750 1463//756 1455//528
f 1457//749 1465//757 1472//758 1464//750
f 1458//751 1466//759 1465//757 1457//749
f 1459//752 1467//760 1466//759 1458//751
f 1460//753 1468//761 1467//760 1459//752
f 1461//754 1469//762 1468//761 1460//753
f 1462//755 1470//763 1469//762 1461//754
f 1463//756 1471//764 1470//763 1462//755
f 1464//750 1472//758 1471//764 1463//756
f 1465//757 1473//765 1480//766 1472//758
f 1466//759 1474//767 1473//765 1465//757
f 1467//760 1475//768 1474//767 1466//759
f 1468//761 1476//769 1475//768 1467//760
f 1469//762 1477//770 1476//769 1468//761
f 1470//763 1478//771 1477//770 1469//762
f 1471//764 1479//772 1478//771 1470//763
f 1472//758 1480//766 1479//772 1471//764
f 1473//765 1481//773 1488//774 1480//766
f 1474//767 1482//775 1481//773 1473//765
f 1475//768 1483//776 1482//775 1474//767
f 1476//769 1484//777 1483//776 1475//768
f 1477//770 1485//778 1484//777 1476//769
f 1478//771 1486//779 1485//778 1477//770
f 1479//772 1487//780 1486//779 1478//771
f 1480//766 1488//774 1487//780 1479//772
f 1481//773 1489//781 1496//782 1488//774
f 1482//775 1490//783 1489//781 1481//773
f 1483//776 1491//784 1490//783 1482//775
f 1484//777 1492//785 1491//784 1483//776
f 1485//778 1493//786 1492//785 1484//777
f 1486//779 1494//787 1493//786 1485//778
f 1487//780 1495//788 1494//787 1486//779
f 1488//774 1496//782 1495//788 1487//780
f 1489//781 1497//789 1504//790 1496//782
f 1490//783 1498//791 1497//789 1489//781
f 1491//784 1499//792 1498//791 1490//783
f 1492//785 1500//793 1499//792 1491//784
f 1493//786 1501//794 1500//793 1492//785
f 1494//787 1502//795 1501//794 1493//786
f 1495//788 1503//796 1502//795 1494//787
f 1496//782 1504//790 1503//796 1495//788
f 1497//789 1505//797 1512//798 1504//790
f 1498//791 1506//799 1505//797 1497//789
f 1499//792 1507//800 1506//799 1498//791
f 1500//793 1508//801 1507//800 1499//792
f 1501//794 1509//802 1508//801 1500//793
f 1502//795 1510//803 1509//802 1501//794
f 1503//796 1511//804 1510//803 1502//795
f 1504//790 1512//798 1511//804 1503//796
f 1505//797 1513//805 1520//806 1512//798
f 1506//799 1514//807 1513//805 1505//797
f 1507//800 1515//808 1514//807 1506//799
f 1508//801 1516//809 1515//808 1507//800
f 1509//802 1517//810 1516//809 1508//801
f 1510//803 1518//811 1517//810 1509//802
f 1511//804 1519//812 1518//811 1510//803
f 1512//798 1520//806 1519//812 1511//804
f 1513//805 1521//813 1528//814 1520//806
f 1514//807 1522//815 1521//813 1513//805
f 1515//808 1523//816 1522//815 1514//807
f 1516//809 1524//817 1523//816 1515//808
f 1517//810 1525//818 1524//817 1516//809
f 1518//811 1526//819 1525//818 1517//810
f 1519//812 1527//820 1526//819 1518//811
f 1520//806 1528//814 1527//820 1519//812
f 1521//813 1529//821 1536//822 1528//814
f 1522//815 1530//823 1529//821 1521//813
f 1523//816 1531//824 1530//823 1522//815
f 1524//817 1532//825 1531//824 1523//816
f 1525//818 1533//826 1532//825 1524//817
f 1526//819 1534//827 1533//826 1525//818
f 1527//820 1535//828 1534//827 1526//819
f 1528//814 1536//822 1535//828 1527//820
f 1529//821 1537//829 1544//830 1536//822
f 1530//823 1538//831 1537//829 1529//821
f 1531//824 1539//832 1538//831 1530//823
f 1532//825 1540//833 1539//832 1531//824
f 1533//826 1541//834 1540//833 1532//825
f 1534//827 1542//835 1541//834 1533//826
f 1535//828 1543//836 1542//835 1534//827
f 1536//822 1544//830 1543//836 1535//828
f 1537//829 1545//837 1552//838 1544//830
f 1538//831 1546//839 1545//837 1537//829
f 1539//832 1547//840 1546//839 1538//831
f 1540//833 1548//841 1547//840 1539//832
f 1541//834 1549//842 1548//841 1540//833
f 1542//835 1550//843 1549//842 1541//834
f 1543//836 1551//844 1550//843 1542//835
f 1544//830 1552//838 1551//844 1543//836
f 1545//837 1553//845 1560//846 1552//838
f 1546//839 1554//847 1553//845 1545//837
f 1547//840 1555//848 1554//847 1546//839
f 1548//841 1556//849 1555//848 1547//840
f 1549//842 1557//850 1556//849 1548//841
f 1550//843 1558//851 1557//850 1549//842
f 1551//844 1559//852 1558//851 1550//843
f 1552//838 1560//846 1559//852 1551//844
f 1553//845 1561//853 1568//854 1560//846
f 1554//847 1562//855 1561//853 1553//845
f 1555//848 1563//856 1562//855 1554//847
f 1556//849 1564//857 1563//856 1555//848
f 1557//850 1565//858 1564//857 1556//849
f 1558//851 1566//859 1565//858 1557//850
f 1559//852 1567//860 1566//859 1558//851
f 1560//846 1568//854 1567//860 1559//852
f 1561//853 1569//861 1576//862 1568//854
f 1562//855 1570//863 1569//861 1561//853
f 1563//856 1571//864 1570//863 1562//855
f 1564//857 1572//865 1571//864 1563//856
f 1565//858 1573//866 1572//865 1564//857
f 1566//859 1574//867 1573//866 1565//858
f 1567//860 1575//868 1574//867 1566//859
f 1568//854 1576//862 1575//868 1567//860
f 1569//861 1577//869 1584//870 1576//862
f 1570//863 1578//871 1577//869 1569//861
f 1571//864 1579//872 1578//871 1570//863
f 1572//865 1580//873 1579//872 1571//864
f 1573//866 1581//874 1580//873 1572//865
f 1574//867 1582//875 1581//874 1573//866
f 1575//868 1583//876 1582//875 1574//867
f 1576//862 1584//870 1583//876 1575//868
f 1577//869 1585//877 1592//878 1584//870
f 1578//871 1586//879 1585//877 1577//869
f 1579//872 1587//524 1586//879 1578//871
f 1580//873 1588//880 1587//524 1579//872
f 1581//874 1589//881 1588//880 1580//873
f 1582//875 1590//882 1589//881 1581//874
f 1583//876 1591//528 1590//882 1582//875
f 1584//870 1592//878 1591//528 1583//876
f 1585//877 1593//883 1600//884 1592//878
f 1586//879 1594//885 1593//883 1585//877
f 1587//524 1595//524 1594//885 1586//879
f 1588//880 1596//886 1595//524 1587//524
f 1589//881 1597//887 1596//886 1588//880
f 1590//882 1598//888 1597//887 1589//881
f 1591//528 1599//528 1598//888 1590//882
f 1592//878 1600//884 1599//528 1591//528
f 1593//883 1601//889 1608//890 1600//884
f 1594//885 1602//891 1601//889 1593//883
f 1595//524 1603//524 1602//891 1594//885
f 1596//886 1604//892 1603//524 1595//524
f 1597//887 1605//893 1604//892 1596//886
f 1598//888 1606//894 1605//893 1597//887
f 1599//528 1607//528 1606//894 1598//888
f 1600//884 1608//890 1607//528 1599//528
f 1601//889 1609//895 1616//896 1608//890
f 1602//891 1610//897 1609//895 1601//889
f 1603//524 1611//898 1610//897 1602//891
f 1604//892 1612//899 1611//898 1603//524
f 1605//893 1613//900 1612//899 1604//892
f 1606//894 1614//901 1613//900 1605//893
f 1607//528 1615//902 1614//901 1606//894
f 1608//890 1616//896 1615//902 1607//528
f 1609//895 1617//903 1624//904 1616//896
f 1610//897 1618//905 1617//903 1609//895
f 1611//898 1619//906 1618//905 1610//897
f 1612//899 1620//907 1619//906 1611//898
f 1613//900 1621//908 1620//907 1612//899
f 1614//901 1622//909 1621//908 1613//900
f 1615//902 1623//910 1622//909 1614//901
f 1616//896 1624//904 1623//910 1615//902
f 1617//903 1625//861 1632//911 1624//904
f 1618//905 1626//912 1625//861 1617//903
f 1619//906 1627//906 1626//912 1618//905
f 1620//907 1628//913 1627//906 1619//906
f 1621//908 1629//866 1628//913 1620//907
f 1622//909 1630//914 1629//866 1621//908
f 1623//910 1631//910 1630//914 1622//909
f 1624//904 1632//911 1631//910 1623//910
f 1625//861 1633//915 1640//916 1632//911
f 1626//912 1634//917 1633//915 1625//861
f 1627//906 1635//918 1634//917 1626//912
f 1628//913 1636//919 1635//918 1627//906
f 1629//866 1637//920 1636//919 1628//913
f 1630//914 1638//921 1637//920 1629//866
f 1631//910 1639//922 1638//921 1630//914
f 1632//911 1640//916 1639//922 1631//910
f 1633//915 1641//923 1648//924 1640//916
f 1634//917 1642//925 1641//923 1633//915
f 1635//918 1643//918 1642//925 1634//917
f 1636//919 1644//926 1643//918 1635//918
f 1637//920 1645//927 1644//926 1636//919
f 1638//921 1646//928 1645//927 1637//920
f 1639//922 1647//922 1646//928 1638//921
f 1640//916 1648//924 1647//922 1639//922
f 1641//923 1649//929 1656//930 1648//924
f 1642//925 1650//931 1649//929 1641//923
f 1643//918 1651//932 1650//931 1642//925
f 1644//926 1652//933 1651//932 1643//918
f 1645//927 1653//934 1652//933 1644//926
f 1646//928 1654//935 1653//934 1645//927
f 1647//922 1655//936 1654//935 1646//928
f 1648//924 1656//930 1655//936 1647//922
