# Blender v2.79 (sub 0) OBJ File: 'FirstRoom.blend'
# www.blender.org
v -36.459591 0.039432 -11.700000
v -36.471428 0.068004 -11.700000
v -36.500000 0.079842 -11.700000
v -36.528572 0.068004 -11.700000
v -36.540409 0.039432 -11.700000
v -36.528572 0.010860 -11.700000
v -36.500000 -0.000978 -11.700000
v -36.471428 0.010860 -11.700000
v -36.459591 0.039432 -11.885612
v -36.471428 0.068004 -11.885612
v -36.500000 0.079842 -11.885612
v -36.528572 0.068004 -11.885612
v -36.540409 0.039432 -11.885612
v -36.528572 0.010860 -11.885612
v -36.500000 -0.000978 -11.885612
v -36.471428 0.010860 -11.885612
v -36.459591 0.039432 -12.344823
v -36.471428 0.068004 -12.344823
v -36.500000 0.079842 -12.344823
v -36.528572 0.068004 -12.344823
v -36.540409 0.039432 -12.344823
v -36.528572 0.010860 -12.344823
v -36.500000 -0.000978 -12.344823
v -36.471428 0.010860 -12.344823
v -36.459591 0.039432 -13.022898
v -36.471428 0.068004 -13.022898
v -36.500000 0.079842 -13.022898
v -36.528572 0.068004 -13.022898
v -36.540409 0.039432 -13.022898
v -36.528572 0.010860 -13.022898
v -36.500000 -0.000978 -13.022898
v -36.471428 0.010860 -13.022898
v -36.459591 0.039432 -13.865105
v -36.471428 0.068004 -13.865105
v -36.500000 0.079842 -13.865105
v -36.528572 0.068004 -13.865105
v -36.540409 0.039432 -13.865105
v -36.528572 0.010860 -13.865105
v -36.500000 -0.000978 -13.865105
v -36.471428 0.010860 -13.865105
v -36.459591 0.039432 -14.816710
v -36.471428 0.068004 -14.816710
v -36.500000 0.079842 -14.816710
v -36.528572 0.068004 -14.816710
v -36.540409 0.039432 -14.816710
v -36.528572 0.010860 -14.816710
v -36.500000 -0.000978 -14.816710
v -36.471428 0.010860 -14.816710
v -36.459591 0.039432 -15.822977
v -36.471428 0.068004 -15.822977
v -36.500000 0.079842 -15.822977
v -36.528572 0.068004 -15.822977
v -36.540409 0.039432 -15.822977
v -36.528572 0.010860 -15.822977
v -36.500000 -0.000978 -15.822977
v -36.471428 0.010860 -15.822977
v -36.459591 0.039432 -16.829176
v -36.471428 0.068004 -16.829176
v -36.500000 0.079842 -16.829176
v -36.528572 0.068004 -16.829176
v -36.540409 0.039432 -16.829176
v -36.528572 0.010860 -16.829176
v -36.500000 -0.000978 -16.829176
v -36.471428 0.010860 -16.829176
v -36.459591 0.039432 -17.780573
v -36.471428 0.068004 -17.780573
v -36.500000 0.079842 -17.780573
v -36.528572 0.068004 -17.780573
v -36.540409 0.039432 -17.780573
v -36.528572 0.010860 -17.780573
v -36.500000 -0.000978 -17.780573
v -36.471428 0.010860 -17.780573
v -36.459591 0.039432 -18.622433
v -36.471428 0.068004 -18.622433
v -36.500000 0.079842 -18.622433
v -36.528572 0.068004 -18.622433
v -36.540409 0.039432 -18.622433
v -36.528572 0.010860 -18.622433
v -36.500000 -0.000978 -18.622433
v -36.471428 0.010860 -18.622433
v -36.459591 0.039432 -19.300022
v -36.471428 0.068004 -19.300022
v -36.500000 0.079842 -19.300022
v -36.528572 0.068004 -19.300022
v -36.540409 0.039432 -19.300022
v -36.528572 0.010860 -19.300022
v -36.500000 -0.000978 -19.300022
v -36.471428 0.010860 -19.300022
v -36.459591 0.039432 -19.758610
v -36.471428 0.068004 -19.758610
v -36.500000 0.079842 -19.758610
v -36.528572 0.068004 -19.758610
v -36.540409 0.039432 -19.758610
v -36.528572 0.010860 -19.758610
v -36.500000 -0.000978 -19.758610
v -36.471428 0.010860 -19.758610
v -36.459591 0.039432 -19.943386
v -36.471428 0.068004 -19.943409
v -36.500000 0.079842 -19.943459
v -36.528572 0.068004 -19.943508
v -36.540409 0.039432 -19.943531
v -36.528572 0.010860 -19.943508
v -36.500000 -0.000978 -19.943459
v -36.471428 0.010860 -19.943409
v -36.459492 0.039432 -19.971870
v -36.471329 0.068004 -19.972044
v -36.499897 0.079842 -19.972462
v -36.528465 0.068004 -19.972881
v -36.540302 0.039432 -19.973055
v -36.528465 0.010860 -19.972881
v -36.499897 -0.000978 -19.972462
v -36.471329 0.010860 -19.972044
v -36.458874 0.039432 -19.996328
v -36.470695 0.068004 -19.996937
v -36.499229 0.079842 -19.998405
v -36.527763 0.068004 -19.999872
v -36.539585 0.039432 -20.000481
v -36.527763 0.010860 -19.999872
v -36.499229 -0.000978 -19.998405
v -36.470695 0.010860 -19.996937
v -36.457348 0.039432 -20.016445
v -36.469097 0.068004 -20.017893
v -36.497456 0.079842 -20.021389
v -36.525814 0.068004 -20.024883
v -36.537563 0.039432 -20.026331
v -36.525814 0.010860 -20.024883
v -36.497456 -0.000978 -20.021389
v -36.469097 0.010860 -20.017893
v -36.454784 0.039432 -20.031906
v -36.466286 0.068004 -20.034721
v -36.494038 0.079842 -20.041515
v -36.521790 0.068004 -20.048311
v -36.533287 0.039432 -20.051126
v -36.521790 0.010860 -20.048311
v -36.494038 -0.000978 -20.041515
v -36.466286 0.010860 -20.034721
v -36.451427 0.039432 -20.042658
v -36.462269 0.068004 -20.047413
v -36.488434 0.079842 -20.058891
v -36.514595 0.068004 -20.070370
v -36.525436 0.039432 -20.075125
v -36.514595 0.010860 -20.070370
v -36.488434 -0.000978 -20.058891
v -36.462269 0.010860 -20.047413
v -36.447639 0.039432 -20.049553
v -36.457150 0.068004 -20.056602
v -36.480103 0.079842 -20.073616
v -36.503056 0.068004 -20.090630
v -36.512566 0.039432 -20.097679
v -36.503056 0.010860 -20.090630
v -36.480103 -0.000978 -20.073616
v -36.457150 0.010860 -20.056602
v -36.442886 0.039432 -20.054544
v -36.450394 0.068004 -20.063700
v -36.468510 0.079842 -20.085793
v -36.486626 0.068004 -20.107887
v -36.494129 0.039432 -20.117043
v -36.486626 0.010860 -20.107887
v -36.468510 -0.000978 -20.085793
v -36.450394 0.010860 -20.063700
v -36.435135 0.039432 -20.059334
v -36.440399 0.068004 -20.069935
v -36.453110 0.079842 -20.095526
v -36.465816 0.068004 -20.121117
v -36.471081 0.039432 -20.131720
v -36.465816 0.010860 -20.121117
v -36.453110 -0.000978 -20.095526
v -36.440399 0.010860 -20.069935
v -36.422112 0.039432 -20.064106
v -36.425407 0.068004 -20.075476
v -36.433365 0.079842 -20.102917
v -36.441322 0.068004 -20.130360
v -36.444618 0.039432 -20.141729
v -36.441322 0.010860 -20.130360
v -36.433365 -0.000978 -20.102917
v -36.425407 0.010860 -20.075476
v -36.402573 0.039432 -20.068132
v -36.404377 0.068004 -20.079832
v -36.408733 0.079842 -20.108070
v -36.413094 0.068004 -20.136307
v -36.414898 0.039432 -20.148006
v -36.413094 0.010860 -20.136307
v -36.408733 -0.000978 -20.108070
v -36.404377 0.010860 -20.079832
v -36.376110 0.039432 -20.070757
v -36.376865 0.068004 -20.082571
v -36.378681 0.079842 -20.111086
v -36.380497 0.068004 -20.139599
v -36.381252 0.039432 -20.151413
v -36.380497 0.010860 -20.139599
v -36.378681 -0.000978 -20.111086
v -36.376865 0.010860 -20.082571
v -36.342113 0.039432 -20.071663
v -36.342274 0.068004 -20.083500
v -36.342663 0.079842 -20.112068
v -36.343052 0.068004 -20.140636
v -36.343212 0.039432 -20.152473
v -36.343052 0.010860 -20.140636
v -36.342663 -0.000978 -20.112068
v -36.342274 0.010860 -20.083500
v -36.248783 0.039432 -20.071659
v -36.248783 0.068004 -20.083496
v -36.248783 0.079842 -20.112068
v -36.248783 0.068004 -20.140640
v -36.248783 0.039432 -20.152477
v -36.248783 0.010860 -20.140640
v -36.248783 -0.000978 -20.112068
v -36.248783 0.010860 -20.083496
v -36.157471 0.039432 -20.071659
v -36.157471 0.068004 -20.083496
v -36.157471 0.079842 -20.112068
v -36.157471 0.068004 -20.140640
v -36.157471 0.039432 -20.152477
v -36.157471 0.010860 -20.140640
v -36.157471 -0.000978 -20.112068
v -36.157471 0.010860 -20.083496
v -36.068623 0.039432 -20.071659
v -36.068623 0.068004 -20.083496
v -36.068623 0.079842 -20.112068
v -36.068623 0.068004 -20.140640
v -36.068623 0.039432 -20.152477
v -36.068623 0.010860 -20.140640
v -36.068623 -0.000978 -20.112068
v -36.068623 0.010860 -20.083496
v -35.982143 0.039432 -20.071659
v -35.982143 0.068004 -20.083496
v -35.982143 0.079842 -20.112068
v -35.982143 0.068004 -20.140640
v -35.982143 0.039432 -20.152477
v -35.982143 0.010860 -20.140640
v -35.982143 -0.000978 -20.112068
v -35.982143 0.010860 -20.083496
v -35.897926 0.039432 -20.071659
v -35.897926 0.068004 -20.083496
v -35.897926 0.079842 -20.112068
v -35.897926 0.068004 -20.140640
v -35.897926 0.039432 -20.152477
v -35.897926 0.010860 -20.140640
v -35.897926 -0.000978 -20.112068
v -35.897926 0.010860 -20.083496
v -35.815868 0.039432 -20.071659
v -35.815868 0.068004 -20.083496
v -35.815868 0.079842 -20.112068
v -35.815868 0.068004 -20.140640
v -35.815868 0.039432 -20.152477
v -35.815868 0.010860 -20.140640
v -35.815868 -0.000978 -20.112068
v -35.815868 0.010860 -20.083496
v -35.735874 0.039432 -20.071659
v -35.735874 0.068004 -20.083496
v -35.735874 0.079842 -20.112068
v -35.735874 0.068004 -20.140640
v -35.735874 0.039432 -20.152477
v -35.735874 0.010860 -20.140640
v -35.735874 -0.000978 -20.112068
v -35.735874 0.010860 -20.083496
v -35.657841 0.039432 -20.071659
v -35.657841 0.068004 -20.083496
v -35.657841 0.079842 -20.112068
v -35.657841 0.068004 -20.140640
v -35.657841 0.039432 -20.152477
v -35.657841 0.010860 -20.140640
v -35.657841 -0.000978 -20.112068
v -35.657841 0.010860 -20.083496
v -35.581661 0.039432 -20.071659
v -35.581661 0.068004 -20.083496
v -35.581661 0.079842 -20.112068
v -35.581661 0.068004 -20.140640
v -35.581661 0.039432 -20.152477
v -35.581661 0.010860 -20.140640
v -35.581661 -0.000978 -20.112068
v -35.581661 0.010860 -20.083496
v -35.507244 0.039432 -20.071659
v -35.507244 0.068004 -20.083496
v -35.507244 0.079842 -20.112068
v -35.507244 0.068004 -20.140640
v -35.507244 0.039432 -20.152477
v -35.507244 0.010860 -20.140640
v -35.507244 -0.000978 -20.112068
v -35.507244 0.010860 -20.083496
v -35.434479 0.039432 -20.071659
v -35.434479 0.068004 -20.083496
v -35.434479 0.079842 -20.112068
v -35.434479 0.068004 -20.140640
v -35.434479 0.039432 -20.152477
v -35.434479 0.010860 -20.140640
v -35.434479 -0.000978 -20.112068
v -35.434479 0.010860 -20.083496
v -35.363270 0.039432 -20.071659
v -35.363270 0.068004 -20.083496
v -35.363270 0.079842 -20.112068
v -35.363270 0.068004 -20.140640
v -35.363270 0.039432 -20.152477
v -35.363270 0.010860 -20.140640
v -35.363270 -0.000978 -20.112068
v -35.363270 0.010860 -20.083496
v -35.253601 0.039432 -20.071659
v -35.253601 0.068004 -20.083496
v -35.253601 0.079842 -20.112068
v -35.253601 0.068004 -20.140640
v -35.253601 0.039432 -20.152477
v -35.253601 0.010860 -20.140640
v -35.253601 -0.000978 -20.112068
v -35.253601 0.010860 -20.083496
v -35.114311 0.039432 -20.071659
v -35.114311 0.068004 -20.083496
v -35.114311 0.079842 -20.112068
v -35.114311 0.068004 -20.140640
v -35.114311 0.039432 -20.152477
v -35.114311 0.010860 -20.140640
v -35.114311 -0.000978 -20.112068
v -35.114311 0.010860 -20.083496
v -34.951019 0.039432 -20.071659
v -34.951019 0.068004 -20.083496
v -34.951019 0.079842 -20.112068
v -34.951019 0.068004 -20.140640
v -34.951019 0.039432 -20.152477
v -34.951019 0.010860 -20.140640
v -34.951019 -0.000978 -20.112068
v -34.951019 0.010860 -20.083496
v -34.769348 0.039432 -20.071659
v -34.769348 0.068004 -20.083496
v -34.769348 0.079842 -20.112068
v -34.769348 0.068004 -20.140640
v -34.769348 0.039432 -20.152477
v -34.769348 0.010860 -20.140640
v -34.769348 -0.000978 -20.112068
v -34.769348 0.010860 -20.083496
v -34.574917 0.039432 -20.071659
v -34.574917 0.068004 -20.083496
v -34.574917 0.079842 -20.112068
v -34.574917 0.068004 -20.140640
v -34.574917 0.039432 -20.152477
v -34.574917 0.010860 -20.140640
v -34.574917 -0.000978 -20.112068
v -34.574917 0.010860 -20.083496
v -34.373352 0.039432 -20.071659
v -34.373352 0.068004 -20.083496
v -34.373352 0.079842 -20.112068
v -34.373352 0.068004 -20.140640
v -34.373352 0.039432 -20.152477
v -34.373352 0.010860 -20.140640
v -34.373352 -0.000978 -20.112068
v -34.373352 0.010860 -20.083496
v -34.170273 0.039432 -20.071659
v -34.170273 0.068004 -20.083496
v -34.170273 0.079842 -20.112068
v -34.170273 0.068004 -20.140640
v -34.170273 0.039432 -20.152477
v -34.170273 0.010860 -20.140640
v -34.170273 -0.000978 -20.112068
v -34.170273 0.010860 -20.083496
v -33.971302 0.039432 -20.071659
v -33.971302 0.068004 -20.083496
v -33.971302 0.079842 -20.112068
v -33.971302 0.068004 -20.140640
v -33.971302 0.039432 -20.152477
v -33.971302 0.010860 -20.140640
v -33.971302 -0.000978 -20.112068
v -33.971302 0.010860 -20.083496
v -33.782055 0.039432 -20.071659
v -33.782055 0.068004 -20.083496
v -33.782055 0.079842 -20.112068
v -33.782055 0.068004 -20.140640
v -33.782055 0.039432 -20.152477
v -33.782055 0.010860 -20.140640
v -33.782055 -0.000978 -20.112068
v -33.782055 0.010860 -20.083496
v -33.608162 0.039432 -20.071659
v -33.608162 0.068004 -20.083496
v -33.608162 0.079842 -20.112068
v -33.608162 0.068004 -20.140640
v -33.608162 0.039432 -20.152477
v -33.608162 0.010860 -20.140640
v -33.608162 -0.000978 -20.112068
v -33.608162 0.010860 -20.083496
v -33.455235 0.039432 -20.071659
v -33.455235 0.068004 -20.083496
v -33.455235 0.079842 -20.112068
v -33.455235 0.068004 -20.140640
v -33.455235 0.039432 -20.152477
v -33.455235 0.010860 -20.140640
v -33.455235 -0.000978 -20.112068
v -33.455235 0.010860 -20.083496
v -33.328903 0.039432 -20.071659
v -33.329117 0.068003 -20.083496
v -33.329205 0.079841 -20.112068
v -33.329117 0.068003 -20.140640
v -33.328903 0.039432 -20.152477
v -33.328690 0.010861 -20.140640
v -33.328602 -0.000977 -20.112068
v -33.328690 0.010861 -20.083496
v -33.288330 0.040034 -20.071659
v -33.289288 0.068589 -20.083496
v -33.289688 0.080421 -20.112068
v -33.289288 0.068589 -20.140640
v -33.288330 0.040034 -20.152477
v -33.287373 0.011478 -20.140640
v -33.286976 -0.000353 -20.112068
v -33.287373 0.011478 -20.083496
v -33.251579 0.041956 -20.071659
v -33.253799 0.070441 -20.083496
v -33.254719 0.082244 -20.112068
v -33.253799 0.070441 -20.140640
v -33.251579 0.041956 -20.152477
v -33.249363 0.013471 -20.140640
v -33.248444 0.001668 -20.112068
v -33.249363 0.013471 -20.083496
v -33.218597 0.045374 -20.071659
v -33.222519 0.073675 -20.083496
v -33.224140 0.085401 -20.112068
v -33.222515 0.073675 -20.140640
v -33.218594 0.045374 -20.152477
v -33.214672 0.017073 -20.140640
v -33.213051 0.005347 -20.112068
v -33.214676 0.017073 -20.083496
v -33.189320 0.050463 -20.071657
v -33.195507 0.078357 -20.083496
v -33.198071 0.089915 -20.112068
v -33.195507 0.078357 -20.140640
v -33.189320 0.050463 -20.152477
v -33.183132 0.022569 -20.140640
v -33.180573 0.011012 -20.112068
v -33.183136 0.022569 -20.083496
v -33.163700 0.057399 -20.071657
v -33.172832 0.084472 -20.083496
v -33.176617 0.095689 -20.112068
v -33.172832 0.084472 -20.140638
v -33.163700 0.057399 -20.152477
v -33.154564 0.030326 -20.140638
v -33.150784 0.019109 -20.112068
v -33.154568 0.030326 -20.083496
v -33.141674 0.066358 -20.071657
v -33.154480 0.091900 -20.083496
v -33.159782 0.102482 -20.112068
v -33.154480 0.091899 -20.140638
v -33.141674 0.066358 -20.152477
v -33.128872 0.040816 -20.140638
v -33.123566 0.030233 -20.112068
v -33.128872 0.040816 -20.083496
v -33.123192 0.077513 -20.071657
v -33.140221 0.100456 -20.083496
v -33.147278 0.109961 -20.112068
v -33.140221 0.100456 -20.140638
v -33.123192 0.077513 -20.152477
v -33.106163 0.054571 -20.140638
v -33.099106 0.045066 -20.112068
v -33.106163 0.054571 -20.083496
v -33.108196 0.091043 -20.071657
v -33.129482 0.110101 -20.083496
v -33.138302 0.117997 -20.112068
v -33.129482 0.110101 -20.140638
v -33.108196 0.091043 -20.152477
v -33.086910 0.071984 -20.140638
v -33.078091 0.064088 -20.112068
v -33.086910 0.071985 -20.083496
v -33.096630 0.107121 -20.071657
v -33.121464 0.121250 -20.083496
v -33.131752 0.127104 -20.112068
v -33.121464 0.121249 -20.140638
v -33.096630 0.107120 -20.152477
v -33.071796 0.092990 -20.140638
v -33.061508 0.087137 -20.112068
v -33.071796 0.092991 -20.083496
v -33.088436 0.125922 -20.071657
v -33.115593 0.134800 -20.083496
v -33.126846 0.138477 -20.112068
v -33.115597 0.134798 -20.140640
v -33.088436 0.125921 -20.152477
v -33.061279 0.117043 -20.140640
v -33.050026 0.113366 -20.112068
v -33.061279 0.117045 -20.083496
v -33.083565 0.147623 -20.071659
v -33.111843 0.151693 -20.083496
v -33.123562 0.153380 -20.112068
v -33.111843 0.151693 -20.140640
v -33.083565 0.147622 -20.152477
v -33.055283 0.143551 -20.140640
v -33.043564 0.141865 -20.112068
v -33.055283 0.143552 -20.083496
v -33.081951 0.172398 -20.071659
v -33.110508 0.173326 -20.083496
v -33.122341 0.173710 -20.112068
v -33.110508 0.173326 -20.140640
v -33.081951 0.172398 -20.152477
v -33.053394 0.171470 -20.140640
v -33.041561 0.171085 -20.112068
v -33.053394 0.171470 -20.083496
v -33.081951 0.281038 -20.071659
v -33.110523 0.281038 -20.083498
v -33.122360 0.281037 -20.112070
v -33.110523 0.281037 -20.140642
v -33.081951 0.281036 -20.152481
v -33.053379 0.281037 -20.140642
v -33.041542 0.281037 -20.112070
v -33.053379 0.281037 -20.083498
v -33.081951 0.477890 -20.071663
v -33.110523 0.477889 -20.083500
v -33.122360 0.477889 -20.112072
v -33.110523 0.477889 -20.140644
v -33.081951 0.477889 -20.152483
v -33.053379 0.477889 -20.140644
v -33.041542 0.477889 -20.112072
v -33.053379 0.477889 -20.083500
v -33.081951 0.746014 -20.071665
v -33.110523 0.746014 -20.083504
v -33.122360 0.746013 -20.112076
v -33.110523 0.746013 -20.140648
v -33.081951 0.746013 -20.152485
v -33.053379 0.746013 -20.140648
v -33.041542 0.746013 -20.112076
v -33.053379 0.746013 -20.083504
v -33.081951 1.068469 -20.071669
v -33.110523 1.068469 -20.083506
v -33.122360 1.068469 -20.112078
v -33.110523 1.068469 -20.140650
v -33.081951 1.068468 -20.152489
v -33.053379 1.068469 -20.140650
v -33.041542 1.068469 -20.112078
v -33.053379 1.068469 -20.083508
v -33.081951 1.428315 -20.071671
v -33.110519 1.428315 -20.083509
v -33.122360 1.428315 -20.112082
v -33.110523 1.428315 -20.140652
v -33.081951 1.428315 -20.152491
v -33.053379 1.428315 -20.140654
v -33.041538 1.428315 -20.112082
v -33.053379 1.428315 -20.083509
v -33.081947 1.808612 -20.071674
v -33.110519 1.808612 -20.083511
v -33.122360 1.808612 -20.112083
v -33.110519 1.808611 -20.140656
v -33.081951 1.808611 -20.152494
v -33.053379 1.808611 -20.140656
v -33.041538 1.808611 -20.112083
v -33.053379 1.808612 -20.083511
v -33.081947 2.192417 -20.071676
v -33.110519 2.192417 -20.083515
v -33.122360 2.192417 -20.112087
v -33.110519 2.192417 -20.140659
v -33.081947 2.192417 -20.152496
v -33.053375 2.192417 -20.140659
v -33.041538 2.192417 -20.112087
v -33.053375 2.192417 -20.083515
v -33.081947 2.562792 -20.071678
v -33.110519 2.562792 -20.083517
v -33.122356 2.562791 -20.112089
v -33.110519 2.562791 -20.140661
v -33.081947 2.562791 -20.152500
v -33.053375 2.562791 -20.140661
v -33.041538 2.562791 -20.112089
v -33.053375 2.562792 -20.083517
v -33.081947 2.902794 -20.071682
v -33.110519 2.902794 -20.083519
v -33.122356 2.902794 -20.112091
v -33.110519 2.902793 -20.140663
v -33.081947 2.902793 -20.152500
v -33.053375 2.902793 -20.140663
v -33.041538 2.902793 -20.112091
v -33.053375 2.902794 -20.083519
v -33.081947 3.195483 -20.071682
v -33.110519 3.195483 -20.083521
v -33.122356 3.195483 -20.112093
v -33.110519 3.195483 -20.140663
v -33.081947 3.195483 -20.152502
v -33.053375 3.195483 -20.140665
v -33.041538 3.195483 -20.112093
v -33.053375 3.195483 -20.083521
v -33.081947 3.423919 -20.071684
v -33.110519 3.423919 -20.083521
v -33.122356 3.423919 -20.112093
v -33.110519 3.423918 -20.140665
v -33.081947 3.423918 -20.152504
v -33.053375 3.423918 -20.140665
v -33.041538 3.423919 -20.112093
v -33.053375 3.423919 -20.083523
v -33.081966 3.574059 -20.071789
v -33.110531 3.572815 -20.083582
v -33.122353 3.570602 -20.112074
v -33.110504 3.568716 -20.140579
v -33.081928 3.568261 -20.152401
v -33.053364 3.569505 -20.140608
v -33.041542 3.571718 -20.112116
v -33.053391 3.573604 -20.083611
v -33.083759 3.635533 -20.081106
v -33.112179 3.630327 -20.092144
v -33.123741 3.621063 -20.119289
v -33.111671 3.613167 -20.146648
v -33.083042 3.611264 -20.158194
v -33.054626 3.616470 -20.147156
v -33.043060 3.625734 -20.120010
v -33.055134 3.633630 -20.092651
v -33.088852 3.688035 -20.107557
v -33.116810 3.678035 -20.116207
v -33.127556 3.660241 -20.139107
v -33.114788 3.645076 -20.162846
v -33.085991 3.641420 -20.173517
v -33.058033 3.651420 -20.164867
v -33.047287 3.669214 -20.141968
v -33.060055 3.684379 -20.118231
v -33.096287 3.728079 -20.146185
v -33.123661 3.714827 -20.151800
v -33.133369 3.691247 -20.169300
v -33.119713 3.671150 -20.188435
v -33.090706 3.666305 -20.197998
v -33.063332 3.679557 -20.192383
v -33.053623 3.703137 -20.174885
v -33.067276 3.723234 -20.155748
v -33.105030 3.757706 -20.191601
v -33.131920 3.742745 -20.194702
v -33.140766 3.716125 -20.207726
v -33.126377 3.693438 -20.223045
v -33.097191 3.687968 -20.231689
v -33.070301 3.702928 -20.228590
v -33.061455 3.729548 -20.215565
v -33.075844 3.752236 -20.200245
v -33.114376 3.780358 -20.240152
v -33.140961 3.764633 -20.241680
v -33.149269 3.736653 -20.251907
v -33.134422 3.712806 -20.264843
v -33.105125 3.707057 -20.272911
v -33.078537 3.722781 -20.271383
v -33.070229 3.750762 -20.261158
v -33.085075 3.774609 -20.248222
v -33.123814 3.799094 -20.289200
v -33.150280 3.783114 -20.290087
v -33.158367 3.754680 -20.299171
v -33.143333 3.730446 -20.311136
v -33.113991 3.724603 -20.318972
v -33.087524 3.740583 -20.318085
v -33.079437 3.769018 -20.308998
v -33.094471 3.793252 -20.297033
v -33.132854 3.816327 -20.336166
v -33.159367 3.800443 -20.337305
v -33.167542 3.772180 -20.346838
v -33.152580 3.748092 -20.359184
v -33.123257 3.742285 -20.367109
v -33.096745 3.758168 -20.365971
v -33.088570 3.786432 -20.356438
v -33.103531 3.810520 -20.344093
v -33.140949 3.833901 -20.378225
v -33.167698 3.818551 -20.380577
v -33.176285 3.791238 -20.392269
v -33.161678 3.767960 -20.406454
v -33.132439 3.762348 -20.414825
v -33.105694 3.777697 -20.412474
v -33.097103 3.805010 -20.400780
v -33.111713 3.828289 -20.386595
v -33.147526 3.852928 -20.412390
v -33.174717 3.838950 -20.417053
v -33.184097 3.814078 -20.432859
v -33.170166 3.792880 -20.450552
v -33.141090 3.787769 -20.459768
v -33.113899 3.801747 -20.455103
v -33.104519 3.826619 -20.439297
v -33.118450 3.847817 -20.421604
v -33.152153 3.873644 -20.436432
v -33.179966 3.862652 -20.444319
v -33.190453 3.843093 -20.465860
v -33.177460 3.826423 -20.488440
v -33.148609 3.822404 -20.498833
v -33.120800 3.833396 -20.490946
v -33.110313 3.852955 -20.469406
v -33.123306 3.869625 -20.446827
v -33.154877 3.897069 -20.450569
v -33.183243 3.891117 -20.461353
v -33.194721 3.880526 -20.488047
v -33.182575 3.871498 -20.515018
v -33.153931 3.869322 -20.526470
v -33.125561 3.875274 -20.515688
v -33.114082 3.885866 -20.488995
v -33.126228 3.894893 -20.462023
v -33.155891 3.931286 -20.455809
v -33.184448 3.929868 -20.467592
v -33.196262 3.927302 -20.496059
v -33.184402 3.925092 -20.524536
v -33.155823 3.924532 -20.536345
v -33.127266 3.925950 -20.524561
v -33.115452 3.928515 -20.496094
v -33.127312 3.930726 -20.467617
v -33.155807 3.964311 -20.455666
v -33.184368 3.964656 -20.467525
v -33.196186 3.964799 -20.496105
v -33.184326 3.964655 -20.524668
v -33.155750 3.964310 -20.536488
v -33.127190 3.963964 -20.524628
v -33.115372 3.963822 -20.496048
v -33.127228 3.963965 -20.467485
v -33.155083 3.997204 -20.455666
v -33.183613 3.998539 -20.467525
v -33.195419 3.999092 -20.496105
v -33.183575 3.998537 -20.524668
v -33.155025 3.997201 -20.536488
v -33.126495 3.995866 -20.524628
v -33.114689 3.995313 -20.496048
v -33.126534 3.995868 -20.467485
v -33.152981 4.026502 -20.455666
v -33.181351 4.029839 -20.467525
v -33.193089 4.031220 -20.496105
v -33.181313 4.029834 -20.524668
v -33.152927 4.026495 -20.536488
v -33.124557 4.023158 -20.524628
v -33.112823 4.021777 -20.496048
v -33.124599 4.023163 -20.467485
v -33.148777 4.052119 -20.455666
v -33.176540 4.058831 -20.467525
v -33.188030 4.061608 -20.496105
v -33.176502 4.058821 -20.524668
v -33.148724 4.052106 -20.536488
v -33.120960 4.045394 -20.524628
v -33.109474 4.042617 -20.496048
v -33.120998 4.045403 -20.467485
v -33.141739 4.073968 -20.455666
v -33.167793 4.085672 -20.467525
v -33.178574 4.090515 -20.496105
v -33.167755 4.085656 -20.524668
v -33.141685 4.073945 -20.536488
v -33.115631 4.062242 -20.524628
v -33.104851 4.057399 -20.496048
v -33.115665 4.062258 -20.467485
v -33.131130 4.091963 -20.455666
v -33.153454 4.109784 -20.467525
v -33.162689 4.117158 -20.496105
v -33.153423 4.109759 -20.524668
v -33.131088 4.091928 -20.536488
v -33.108765 4.074107 -20.524628
v -33.099529 4.066733 -20.496048
v -33.108795 4.074132 -20.467485
v -33.116226 4.106015 -20.455666
v -33.132610 4.129412 -20.467525
v -33.139389 4.139092 -20.496105
v -33.132587 4.129379 -20.524668
v -33.116192 4.105969 -20.536488
v -33.099808 4.082572 -20.524628
v -33.093029 4.072892 -20.496048
v -33.099831 4.082605 -20.467485
v -33.096294 4.116036 -20.455666
v -33.105980 4.142908 -20.467525
v -33.109985 4.154026 -20.496105
v -33.105968 4.142870 -20.524668
v -33.096275 4.115983 -20.536488
v -33.086594 4.089112 -20.524628
v -33.082584 4.077993 -20.496048
v -33.086605 4.089149 -20.467485
v -33.070610 4.121940 -20.455666
v -33.074581 4.150226 -20.467525
v -33.076221 4.161930 -20.496105
v -33.074574 4.150187 -20.524668
v -33.070602 4.121884 -20.536488
v -33.066635 4.093597 -20.524628
v -33.064995 4.081894 -20.496048
v -33.066643 4.093637 -20.467485
v -33.038445 4.123640 -20.455666
v -33.038261 4.152203 -20.467525
v -33.038185 4.164021 -20.496105
v -33.038261 4.152164 -20.524668
v -33.038445 4.123584 -20.536488
v -33.038628 4.095021 -20.524628
v -33.038704 4.083203 -20.496048
v -33.038628 4.095060 -20.467485
v -32.999065 4.121051 -20.455666
v -32.996044 4.149455 -20.467525
v -32.994797 4.161207 -20.496105
v -32.996048 4.149415 -20.524668
v -32.999069 4.120996 -20.536488
v -33.002087 4.092592 -20.524628
v -33.003338 4.080840 -20.496048
v -33.002083 4.092631 -20.467485
v -32.951740 4.114087 -20.455666
v -32.946732 4.142208 -20.467522
v -32.944656 4.153843 -20.496103
v -32.946735 4.142169 -20.524666
v -32.951748 4.114032 -20.536484
v -32.956757 4.085911 -20.524628
v -32.958832 4.074276 -20.496046
v -32.956753 4.085950 -20.467484
vn 1.0000 0.0000 0.0000
vn 0.7071 -0.7071 0.0000
vn 0.7071 0.7071 0.0000
vn 0.0000 1.0000 0.0000
vn -0.7071 0.7071 0.0000
vn -1.0000 0.0000 0.0000
vn -0.7071 -0.7071 0.0000
vn 0.0000 -1.0000 0.0000
vn 0.7069 -0.7073 0.0012
vn 1.0000 0.0000 0.0017
vn 0.7069 0.7073 0.0012
vn -0.0004 1.0000 0.0000
vn -0.7073 0.7069 -0.0013
vn -1.0000 0.0000 -0.0018
vn -0.7073 -0.7069 -0.0013
vn -0.0004 -1.0000 0.0000
vn 0.7057 -0.7084 0.0102
vn 0.9999 0.0000 0.0144
vn 0.7057 0.7084 0.0102
vn -0.0027 1.0000 -0.0001
vn -0.7084 0.7057 -0.0105
vn -0.9999 0.0000 -0.0148
vn -0.7084 -0.7057 -0.0105
vn -0.0027 -1.0000 -0.0001
vn 0.7031 -0.7101 0.0357
vn 0.9987 0.0000 0.0506
vn 0.7031 0.7102 0.0357
vn -0.0063 1.0000 -0.0004
vn -0.7093 0.7039 -0.0368
vn -0.9986 0.0000 -0.0519
vn -0.7093 -0.7039 -0.0368
vn -0.0063 -1.0000 -0.0004
vn 0.6965 -0.7125 0.0846
vn 0.9927 0.0000 0.1201
vn 0.6965 0.7125 0.0846
vn -0.0110 0.9999 -0.0016
vn -0.7072 0.7014 -0.0881
vn -0.9923 0.0000 -0.1238
vn -0.7072 -0.7014 -0.0881
vn -0.0110 -0.9999 -0.0016
vn 0.6790 -0.7157 0.1632
vn 0.9726 0.0000 0.2326
vn 0.6790 0.7157 0.1632
vn -0.0168 0.9998 -0.0048
vn -0.6948 0.6983 -0.1720
vn -0.9706 0.0000 -0.2407
vn -0.6948 -0.6983 -0.1720
vn -0.0168 -0.9998 -0.0048
vn 0.6377 -0.7195 0.2749
vn 0.9191 0.0000 0.3940
vn 0.6377 0.7196 0.2749
vn -0.0222 0.9997 -0.0107
vn -0.6575 0.6950 -0.2909
vn -0.9143 0.0000 -0.4049
vn -0.6575 -0.6950 -0.2909
vn -0.0222 -0.9997 -0.0107
vn 0.5564 -0.7230 0.4094
vn 0.8061 0.0000 0.5917
vn 0.5564 0.7230 0.4094
vn -0.0238 0.9995 -0.0182
vn -0.5788 0.6927 -0.4303
vn -0.8024 0.0000 -0.5968
vn -0.5788 -0.6927 -0.4303
vn -0.0238 -0.9995 -0.0182
vn 0.4364 -0.7230 0.5355
vn 0.6310 0.0000 0.7758
vn 0.4364 0.7230 0.5355
vn -0.0193 0.9995 -0.0229
vn -0.4580 0.6927 -0.5571
vn -0.6352 0.0000 -0.7723
vn -0.4581 -0.6927 -0.5571
vn -0.0193 -0.9995 -0.0229
vn 0.3056 -0.7197 0.6234
vn 0.4387 0.0000 0.8986
vn 0.3056 0.7197 0.6234
vn -0.0117 0.9997 -0.0220
vn -0.3215 0.6948 -0.6432
vn -0.4474 0.0000 -0.8943
vn -0.3215 -0.6948 -0.6432
vn -0.0117 -0.9997 -0.0220
vn 0.1922 -0.7162 0.6709
vn 0.2746 0.0000 0.9615
vn 0.1922 0.7162 0.6708
vn -0.0056 0.9998 -0.0176
vn -0.2008 0.6978 -0.6875
vn -0.2807 0.0000 -0.9598
vn -0.2008 -0.6979 -0.6875
vn -0.0056 -0.9998 -0.0176
vn 0.1059 -0.7135 0.6926
vn 0.1508 0.0000 0.9886
vn 0.1059 0.7135 0.6926
vn -0.0022 0.9999 -0.0128
vn -0.1096 0.7006 -0.7051
vn -0.1537 0.0000 -0.9881
vn -0.1096 -0.7006 -0.7051
vn -0.0022 -0.9999 -0.0127
vn 0.0443 -0.7115 0.7013
vn 0.0628 0.0000 0.9980
vn 0.0443 0.7115 0.7013
vn -0.0007 0.9999 -0.0088
vn -0.0456 0.7027 -0.7100
vn -0.0642 0.0000 -0.9979
vn -0.0456 -0.7027 -0.7100
vn -0.0007 -0.9999 -0.0088
vn 0.0094 -0.7087 0.7054
vn 0.0133 0.0000 0.9999
vn 0.0094 0.7087 0.7054
vn -0.0001 1.0000 -0.0033
vn -0.0098 0.7054 -0.7087
vn -0.0139 0.0000 -0.9999
vn -0.0098 -0.7054 -0.7087
vn -0.0001 -1.0000 -0.0033
vn 0.0000 -0.7071 0.7071
vn 0.0000 0.0000 1.0000
vn 0.0000 0.7071 0.7071
vn 0.0000 0.7071 -0.7071
vn 0.0000 0.0000 -1.0000
vn 0.0000 -0.7071 -0.7071
vn 0.0053 -0.7080 0.7062
vn 0.0000 -0.0018 1.0000
vn -0.0052 0.7062 0.7080
vn -0.0073 1.0000 0.0000
vn -0.0052 0.7062 -0.7080
vn 0.0000 -0.0018 -1.0000
vn 0.0052 -0.7080 -0.7062
vn 0.0075 -1.0000 0.0000
vn 0.0239 -0.7089 0.7048
vn 0.0002 -0.0045 1.0000
vn -0.0236 0.7044 0.7094
vn -0.0334 0.9994 0.0000
vn -0.0236 0.7044 -0.7094
vn 0.0002 -0.0045 -1.0000
vn 0.0238 -0.7089 -0.7048
vn 0.0337 -0.9994 0.0000
vn 0.0553 -0.7080 0.7040
vn 0.0005 -0.0062 1.0000
vn -0.0545 0.7019 0.7102
vn -0.0775 0.9970 0.0000
vn -0.0545 0.7019 -0.7102
vn 0.0005 -0.0062 -1.0000
vn 0.0553 -0.7080 -0.7040
vn 0.0779 -0.9969 0.0000
vn 0.0978 -0.7045 0.7029
vn 0.0012 -0.0083 0.9999
vn -0.0963 0.6962 0.7113
vn -0.1368 0.9906 0.0000
vn -0.0962 0.6962 -0.7113
vn 0.0012 -0.0083 -0.9999
vn 0.0978 -0.7045 -0.7029
vn 0.1376 -0.9905 0.0000
vn 0.1547 -0.6957 0.7015
vn 0.0025 -0.0109 0.9999
vn -0.1514 0.6849 0.7127
vn -0.2156 0.9765 0.0000
vn -0.1513 0.6849 -0.7127
vn 0.0026 -0.0109 -0.9999
vn 0.1547 -0.6956 -0.7015
vn 0.2172 -0.9761 0.0000
vn 0.2290 -0.6767 0.6997
vn 0.0049 -0.0140 0.9999
vn -0.2227 0.6632 0.7145
vn -0.3180 0.9481 0.0000
vn -0.2227 0.6632 -0.7145
vn 0.0050 -0.0140 -0.9999
vn 0.2291 -0.6767 -0.6997
vn 0.3207 -0.9471 0.0000
vn 0.3219 -0.6400 0.6977
vn 0.0089 -0.0169 0.9998
vn -0.3111 0.6241 0.7167
vn -0.4456 0.8952 0.0000
vn -0.3111 0.6241 -0.7167
vn 0.0089 -0.0169 -0.9998
vn 0.3219 -0.6400 -0.6977
vn 0.4496 -0.8932 0.0000
vn 0.4289 -0.5762 0.6957
vn 0.0141 -0.0184 0.9997
vn -0.4129 0.5591 0.7189
vn -0.5934 0.8049 0.0000
vn -0.4129 0.5591 -0.7190
vn 0.0142 -0.0184 -0.9997
vn 0.4289 -0.5762 -0.6957
vn 0.5973 -0.8020 0.0000
vn 0.5363 -0.4796 0.6945
vn 0.0194 -0.0172 0.9996
vn -0.5161 0.4631 0.7205
vn -0.7441 0.6681 0.0000
vn -0.5161 0.4630 -0.7205
vn 0.0194 -0.0172 -0.9996
vn 0.5363 -0.4796 -0.6945
vn 0.7455 -0.6665 0.0000
vn 0.6251 -0.3562 0.6945
vn 0.0224 -0.0129 0.9997
vn -0.6031 0.3422 0.7205
vn -0.8700 0.4931 0.0000
vn -0.6031 0.3421 -0.7205
vn 0.0224 -0.0130 -0.9997
vn 0.6251 -0.3562 -0.6945
vn 0.8688 -0.4951 0.0000
vn 0.6824 -0.2241 0.6958
vn 0.0219 -0.0075 0.9997
vn -0.6612 0.2145 0.7189
vn -0.9514 0.3078 0.0000
vn -0.6612 0.2144 -0.7189
vn 0.0219 -0.0076 -0.9997
vn 0.6824 -0.2241 -0.6958
vn 0.9500 -0.3122 0.0000
vn 0.7087 -0.1035 0.6979
vn 0.0187 -0.0032 0.9998
vn -0.6904 0.0973 0.7168
vn -0.9903 0.1388 0.0000
vn -0.6904 0.0974 -0.7168
vn 0.0187 -0.0032 -0.9998
vn 0.7087 -0.1035 -0.6979
vn 0.9894 -0.1448 0.0000
vn 0.7108 -0.0240 0.7029
vn 0.0079 -0.0005 0.9999
vn -0.7031 0.0216 0.7107
vn -0.9995 0.0303 0.0000
vn -0.7031 0.0216 -0.7107
vn 0.0079 -0.0006 -0.9999
vn 0.7108 -0.0240 -0.7029
vn 0.9994 -0.0340 0.0000
vn 0.7071 0.0000 0.7071
vn -0.7071 -0.0000 0.7071
vn -1.0000 -0.0001 0.0000
vn -0.7071 -0.0000 -0.7071
vn 0.7071 -0.0000 -0.7071
vn 1.0000 -0.0001 0.0000
vn 0.7069 0.0002 0.7072
vn 0.0001 0.0003 1.0000
vn -0.7069 0.0001 0.7073
vn -1.0000 0.0001 -0.0001
vn -0.7069 0.0002 -0.7073
vn -0.0001 0.0003 -1.0000
vn 0.7069 0.0001 -0.7073
vn 1.0000 0.0001 0.0001
vn 0.6991 0.0635 0.7122
vn 0.0031 0.0750 0.9972
vn -0.6964 0.0435 0.7163
vn -0.9998 -0.0118 0.0175
vn -0.7130 -0.0569 -0.6988
vn 0.0033 -0.0673 -0.9977
vn 0.7169 -0.0384 -0.6960
vn 0.9997 0.0158 0.0172
vn 0.6851 0.2584 0.6810
vn -0.0024 0.3029 0.9530
vn -0.6905 0.1803 0.7005
vn -0.9978 -0.0451 0.0473
vn -0.7177 -0.2466 -0.6512
vn 0.0175 -0.2966 -0.9548
vn 0.7369 -0.1611 -0.6565
vn 0.9972 0.0698 0.0273
vn 0.6632 0.4912 0.5647
vn -0.0287 0.5757 0.8171
vn -0.7070 0.3425 0.6187
vn -0.9937 -0.0901 0.0659
vn -0.6930 -0.4808 -0.5371
vn 0.0434 -0.5786 -0.8144
vn 0.7489 -0.3145 -0.5833
vn 0.9913 0.1312 -0.0057
vn 0.6380 0.6495 0.4136
vn -0.0637 0.7633 0.6429
vn -0.7317 0.4497 0.5121
vn -0.9881 -0.1270 0.0868
vn -0.6598 -0.6395 -0.3944
vn 0.0748 -0.7661 -0.6384
vn 0.7613 -0.4226 -0.4917
vn 0.9846 0.1669 -0.0515
vn 0.6182 0.7316 0.2873
vn -0.0936 0.8625 0.4972
vn -0.7535 0.5025 0.4239
vn -0.9827 -0.1519 0.1055
vn -0.6321 -0.7237 -0.2768
vn 0.1004 -0.8634 -0.4944
vn 0.7712 -0.4830 -0.4146
vn 0.9796 0.1802 -0.0884
vn 0.6069 0.7671 0.2080
vn -0.1127 0.9069 0.4058
vn -0.7680 0.5232 0.3693
vn -0.9789 -0.1670 0.1180
vn -0.6141 -0.7626 -0.2034
vn 0.1161 -0.9070 -0.4047
vn 0.7767 -0.5127 -0.3658
vn 0.9770 0.1821 -0.1109
vn 0.6038 0.7776 0.1749
vn -0.1212 0.9217 0.3684
vn -0.7757 0.5273 0.3467
vn -0.9767 -0.1761 0.1221
vn -0.6052 -0.7768 -0.1741
vn 0.1218 -0.9217 -0.3683
vn 0.7772 -0.5254 -0.3462
vn 0.9764 0.1788 -0.1210
vn 0.6091 0.7711 0.1853
vn -0.1198 0.9162 0.3824
vn -0.7776 0.5199 0.3536
vn -0.9765 -0.1812 0.1166
vn -0.6045 -0.7740 -0.1882
vn 0.1176 -0.9161 -0.3832
vn 0.7721 -0.5266 -0.3558
vn 0.9777 0.1715 -0.1209
vn 0.6237 0.7434 0.2414
vn -0.1081 0.8858 0.4513
vn -0.7743 0.4975 0.3911
vn -0.9782 -0.1823 0.0988
vn -0.6124 -0.7499 -0.2500
vn 0.1024 -0.8851 -0.4540
vn 0.7598 -0.5138 -0.3982
vn 0.9810 0.1585 -0.1117
vn 0.6497 0.6755 0.3486
vn -0.0850 0.8084 0.5824
vn -0.7659 0.4473 0.4617
vn -0.9825 -0.1745 0.0644
vn -0.6298 -0.6846 -0.3670
vn 0.0744 -0.8050 -0.5886
vn 0.7388 -0.4734 -0.4796
vn 0.9862 0.1357 -0.0948
vn 0.6861 0.5297 0.4986
vn -0.0523 0.6380 0.7682
vn -0.7542 0.3460 0.5581
vn -0.9893 -0.1447 0.0144
vn -0.6555 -0.5394 -0.5285
vn 0.0367 -0.6319 -0.7742
vn 0.7111 -0.3766 -0.5937
vn 0.9924 0.0984 -0.0740
vn 0.7187 0.2810 0.6360
vn -0.0221 0.3392 0.9405
vn -0.7424 0.1825 0.6446
vn -0.9962 -0.0814 -0.0285
vn -0.6811 -0.2957 -0.6698
vn 0.0046 -0.3462 -0.9381
vn 0.6897 -0.2071 -0.6938
vn 0.9973 0.0496 -0.0549
vn 0.7136 0.0631 0.6977
vn -0.0044 0.0752 0.9971
vn -0.7188 0.0440 0.6938
vn -0.9996 -0.0181 -0.0201
vn -0.6977 -0.0748 -0.7125
vn -0.0035 -0.0893 -0.9960
vn 0.6947 -0.0525 -0.7174
vn 0.9997 0.0120 -0.0201
vn 0.7050 -0.0098 0.7091
vn -0.0028 -0.0017 1.0000
vn -0.7084 0.0079 0.7058
vn -0.9999 0.0119 -0.0009
vn -0.7075 0.0074 -0.7067
vn -0.0020 -0.0015 -1.0000
vn 0.7060 -0.0091 -0.7082
vn 0.9999 -0.0123 0.0009
vn 0.7029 -0.0325 0.7105
vn -0.0067 0.0004 1.0000
vn -0.7098 0.0335 0.7035
vn -0.9989 0.0472 -0.0007
vn -0.7089 0.0334 -0.7045
vn -0.0053 0.0003 -1.0000
vn 0.7039 -0.0326 -0.7095
vn 0.9989 -0.0461 0.0007
vn 0.6964 -0.0809 0.7130
vn -0.0117 0.0016 0.9999
vn -0.7082 0.0841 0.7009
vn -0.9930 0.1182 -0.0007
vn -0.7072 0.0840 -0.7019
vn -0.0103 0.0015 -0.9999
vn 0.6975 -0.0810 -0.7120
vn 0.9933 -0.1150 0.0007
vn 0.6787 -0.1613 0.7164
vn -0.0181 0.0050 0.9998
vn -0.6961 0.1701 0.6975
vn -0.9713 0.2378 -0.0007
vn -0.6952 0.1700 -0.6984
vn -0.0168 0.0047 -0.9998
vn 0.6797 -0.1616 -0.7154
vn 0.9731 -0.2302 0.0007
vn 0.6341 -0.2795 0.7210
vn -0.0248 0.0122 0.9996
vn -0.6562 0.2976 0.6934
vn -0.9105 0.4134 -0.0007
vn -0.6554 0.2972 -0.6944
vn -0.0234 0.0116 -0.9996
vn 0.6350 -0.2799 -0.7200
vn 0.9159 -0.4013 0.0007
vn 0.5396 -0.4266 0.7259
vn -0.0270 0.0224 0.9994
vn -0.5645 0.4527 0.6902
vn -0.7800 0.6258 -0.0006
vn -0.5638 0.4521 -0.6912
vn -0.0259 0.0215 -0.9994
vn 0.5404 -0.4271 -0.7249
vn 0.7855 -0.6188 0.0007
vn 0.3927 -0.5639 0.7265
vn -0.0210 0.0293 0.9993
vn -0.4161 0.5925 0.6898
vn -0.5748 0.8183 -0.0007
vn -0.4155 0.5917 -0.6908
vn -0.0201 0.0282 -0.9994
vn 0.3932 -0.5648 -0.7255
vn 0.5706 -0.8212 0.0007
vn 0.2307 -0.6519 0.7223
vn -0.0109 0.0278 0.9995
vn -0.2468 0.6781 0.6923
vn -0.3423 0.9396 -0.0007
vn -0.2465 0.6772 -0.6933
vn -0.0104 0.0265 -0.9996
vn 0.2311 -0.6529 -0.7213
vn 0.3318 -0.9433 0.0007
vn 0.0943 -0.6897 0.7179
vn -0.0036 0.0215 0.9998
vn -0.1014 0.7108 0.6960
vn -0.1415 0.9899 -0.0007
vn -0.1013 0.7098 -0.6970
vn -0.0034 0.0201 -0.9998
vn 0.0945 -0.6906 -0.7170
vn 0.1345 -0.9909 0.0007
vn -0.0055 -0.6994 0.7147
vn -0.0002 0.0151 0.9999
vn 0.0038 0.7147 0.6993
vn 0.0051 1.0000 -0.0007
vn 0.0038 0.7138 -0.7003
vn -0.0002 0.0137 -0.9999
vn -0.0054 -0.7004 -0.7137
vn -0.0081 -0.9999 0.0007
vn -0.0745 -0.6977 0.7124
vn 0.0010 0.0104 0.9999
vn 0.0750 0.7085 0.7017
vn 0.1052 0.9944 -0.0007
vn 0.0749 0.7075 -0.7027
vn 0.0009 0.0091 -0.9999
vn -0.0746 -0.6987 -0.7114
vn -0.1063 -0.9943 0.0007
vn -0.1025 -0.6956 0.7111
vn 0.0011 0.0080 0.9999
vn 0.1034 0.7039 0.7027
vn 0.1453 0.9894 -0.0007
vn 0.1033 0.7029 -0.7037
vn 0.0010 0.0066 -1.0000
vn -0.1026 -0.6966 -0.7101
vn -0.1458 -0.9893 0.0007
s 1
f 1//1 8//2 16//2 9//1
f 2//3 1//1 9//1 10//3
f 3//4 2//3 10//3 11//4
f 4//5 3//4 11//4 12//5
f 5//6 4//5 12//5 13//6
f 6//7 5//6 13//6 14//7
f 7//8 6//7 14//7 15//8
f 8//2 7//8 15//8 16//2
f 9//1 16//2 24//2 17//1
f 10//3 9//1 17//1 18//3
f 11//4 10//3 18//3 19//4
f 12//5 11//4 19//4 20//5
f 13//6 12//5 20//5 21//6
f 14//7 13//6 21//6 22//7
f 15//8 14//7 22//7 23//8
f 16//2 15//8 23//8 24//2
f 17//1 24//2 32//2 25//1
f 18//3 17//1 25//1 26//3
f 19//4 18//3 26//3 27//4
f 20//5 19//4 27//4 28//5
f 21//6 20//5 28//5 29//6
f 22//7 21//6 29//6 30//7
f 23//8 22//7 30//7 31//8
f 24//2 23//8 31//8 32//2
f 25//1 32//2 40//2 33//1
f 26//3 25//1 33//1 34//3
f 27//4 26//3 34//3 35//4
f 28//5 27//4 35//4 36//5
f 29//6 28//5 36//5 37//6
f 30//7 29//6 37//6 38//7
f 31//8 30//7 38//7 39//8
f 32//2 31//8 39//8 40//2
f 33//1 40//2 48//2 41//1
f 34//3 33//1 41//1 42//3
f 35//4 34//3 42//3 43//4
f 36//5 35//4 43//4 44//5
f 37//6 36//5 44//5 45//6
f 38//7 37//6 45//6 46//7
f 39//8 38//7 46//7 47//8
f 40//2 39//8 47//8 48//2
f 41//1 48//2 56//2 49//1
f 42//3 41//1 49//1 50//3
f 43//4 42//3 50//3 51//4
f 44//5 43//4 51//4 52//5
f 45//6 44//5 52//5 53//6
f 46//7 45//6 53//6 54//7
f 47//8 46//7 54//7 55//8
f 48//2 47//8 55//8 56//2
f 49//1 56//2 64//2 57//1
f 50//3 49//1 57//1 58//3
f 51//4 50//3 58//3 59//4
f 52//5 51//4 59//4 60//5
f 53//6 52//5 60//5 61//6
f 54//7 53//6 61//6 62//7
f 55//8 54//7 62//7 63//8
f 56//2 55//8 63//8 64//2
f 57//1 64//2 72//2 65//1
f 58//3 57//1 65//1 66//3
f 59//4 58//3 66//3 67//4
f 60//5 59//4 67//4 68//5
f 61//6 60//5 68//5 69//6
f 62//7 61//6 69//6 70//7
f 63//8 62//7 70//7 71//8
f 64//2 63//8 71//8 72//2
f 65//1 72//2 80//2 73//1
f 66//3 65//1 73//1 74//3
f 67//4 66//3 74//3 75//4
f 68//5 67//4 75//4 76//5
f 69//6 68//5 76//5 77//6
f 70//7 69//6 77//6 78//7
f 71//8 70//7 78//7 79//8
f 72//2 71//8 79//8 80//2
f 73//1 80//2 88//2 81//1
f 74//3 73//1 81//1 82//3
f 75//4 74//3 82//3 83//4
f 76//5 75//4 83//4 84//5
f 77//6 76//5 84//5 85//6
f 78//7 77//6 85//6 86//7
f 79//8 78//7 86//7 87//8
f 80//2 79//8 87//8 88//2
f 81//1 88//2 96//2 89//1
f 82//3 81//1 89//1 90//3
f 83//4 82//3 90//3 91//4
f 84//5 83//4 91//4 92//5
f 85//6 84//5 92//5 93//6
f 86//7 85//6 93//6 94//7
f 87//8 86//7 94//7 95//8
f 88//2 87//8 95//8 96//2
f 89//1 96//2 104//9 97//10
f 90//3 89//1 97//10 98//11
f 91//4 90//3 98//11 99//12
f 92//5 91//4 99//12 100//13
f 93//6 92//5 100//13 101//14
f 94//7 93//6 101//14 102//15
f 95//8 94//7 102//15 103//16
f 96//2 95//8 103//16 104//9
f 97//10 104//9 112//17 105//18
f 98//11 97//10 105//18 106//19
f 99//12 98//11 106//19 107//20
f 100//13 99//12 107//20 108//21
f 101//14 100//13 108//21 109//22
f 102//15 101//14 109//22 110//23
f 103//16 102//15 110//23 111//24
f 104//9 103//16 111//24 112//17
f 105//18 112//17 120//25 113//26
f 106//19 105//18 113//26 114//27
f 107//20 106//19 114//27 115//28
f 108//21 107//20 115//28 116//29
f 109//22 108//21 116//29 117//30
f 110//23 109//22 117//30 118//31
f 111//24 110//23 118//31 119//32
f 112//17 111//24 119//32 120//25
f 113//26 120//25 128//33 121//34
f 114//27 113//26 121//34 122//35
f 115//28 114//27 122//35 123//36
f 116//29 115//28 123//36 124//37
f 117//30 116//29 124//37 125//38
f 118//31 117//30 125//38 126//39
f 119//32 118//31 126//39 127//40
f 120//25 119//32 127//40 128//33
f 121//34 128//33 136//41 129//42
f 122//35 121//34 129//42 130//43
f 123//36 122//35 130//43 131//44
f 124//37 123//36 131//44 132//45
f 125//38 124//37 132//45 133//46
f 126//39 125//38 133//46 134//47
f 127//40 126//39 134//47 135//48
f 128//33 127//40 135//48 136//41
f 129//42 136//41 144//49 137//50
f 130//43 129//42 137//50 138//51
f 131//44 130//43 138//51 139//52
f 132//45 131//44 139//52 140//53
f 133//46 132//45 140//53 141//54
f 134//47 133//46 141//54 142//55
f 135//48 134//47 142//55 143//56
f 136//41 135//48 143//56 144//49
f 137//50 144//49 152//57 145//58
f 138//51 137//50 145//58 146//59
f 139//52 138//51 146//59 147//60
f 140//53 139//52 147//60 148//61
f 141//54 140//53 148//61 149//62
f 142//55 141//54 149//62 150//63
f 143//56 142//55 150//63 151//64
f 144//49 143//56 151//64 152//57
f 145//58 152//57 160//65 153//66
f 146//59 145//58 153//66 154//67
f 147//60 146//59 154//67 155//68
f 148//61 147//60 155//68 156//69
f 149//62 148//61 156//69 157//70
f 150//63 149//62 157//70 158//71
f 151//64 150//63 158//71 159//72
f 152//57 151//64 159//72 160//65
f 153//66 160//65 168//73 161//74
f 154//67 153//66 161//74 162//75
f 155//68 154//67 162//75 163//76
f 156//69 155//68 163//76 164//77
f 157//70 156//69 164//77 165//78
f 158//71 157//70 165//78 166//79
f 159//72 158//71 166//79 167//80
f 160//65 159//72 167//80 168//73
f 161//74 168//73 176//81 169//82
f 162//75 161//74 169//82 170//83
f 163//76 162//75 170//83 171//84
f 164//77 163//76 171//84 172//85
f 165//78 164//77 172//85 173//86
f 166//79 165//78 173//86 174//87
f 167//80 166//79 174//87 175//88
f 168//73 167//80 175//88 176//81
f 169//82 176//81 184//89 177//90
f 170//83 169//82 177//90 178//91
f 171//84 170//83 178//91 179//92
f 172//85 171//84 179//92 180//93
f 173//86 172//85 180//93 181//94
f 174//87 173//86 181//94 182//95
f 175//88 174//87 182//95 183//96
f 176//81 175//88 183//96 184//89
f 177//90 184//89 192//97 185//98
f 178//91 177//90 185//98 186//99
f 179//92 178//91 186//99 187//100
f 180//93 179//92 187//100 188//101
f 181//94 180//93 188//101 189//102
f 182//95 181//94 189//102 190//103
f 183//96 182//95 190//103 191//104
f 184//89 183//96 191//104 192//97
f 185//98 192//97 200//105 193//106
f 186//99 185//98 193//106 194//107
f 187//100 186//99 194//107 195//108
f 188//101 187//100 195//108 196//109
f 189//102 188//101 196//109 197//110
f 190//103 189//102 197//110 198//111
f 191//104 190//103 198//111 199//112
f 192//97 191//104 199//112 200//105
f 193//106 200//105 208//113 201//114
f 194//107 193//106 201//114 202//115
f 195//108 194//107 202//115 203//4
f 196//109 195//108 203//4 204//116
f 197//110 196//109 204//116 205//117
f 198//111 197//110 205//117 206//118
f 199//112 198//111 206//118 207//8
f 200//105 199//112 207//8 208//113
f 201//114 208//113 216//113 209//114
f 202//115 201//114 209//114 210//115
f 203//4 202//115 210//115 211//4
f 204//116 203//4 211//4 212//116
f 205//117 204//116 212//116 213//117
f 206//118 205//117 213//117 214//118
f 207//8 206//118 214//118 215//8
f 208//113 207//8 215//8 216//113
f 209//114 216//113 224//113 217//114
f 210//115 209//114 217//114 218//115
f 211//4 210//115 218//115 219//4
f 212//116 211//4 219//4 220//116
f 213//117 212//116 220//116 221//117
f 214//118 213//117 221//117 222//118
f 215//8 214//118 222//118 223//8
f 216//113 215//8 223//8 224//113
f 217//114 224//113 232//113 225//114
f 218//115 217//114 225//114 226//115
f 219//4 218//115 226//115 227//4
f 220//116 219//4 227//4 228//116
f 221//117 220//116 228//116 229//117
f 222//118 221//117 229//117 230//118
f 223//8 222//118 230//118 231//8
f 224//113 223//8 231//8 232//113
f 225//114 232//113 240//113 233//114
f 226//115 225//114 233//114 234//115
f 227//4 226//115 234//115 235//4
f 228//116 227//4 235//4 236//116
f 229//117 228//116 236//116 237//117
f 230//118 229//117 237//117 238//118
f 231//8 230//118 238//118 239//8
f 232//113 231//8 239//8 240//113
f 233//114 240//113 248//113 241//114
f 234//115 233//114 241//114 242//115
f 235//4 234//115 242//115 243//4
f 236//116 235//4 243//4 244//116
f 237//117 236//116 244//116 245//117
f 238//118 237//117 245//117 246//118
f 239//8 238//118 246//118 247//8
f 240//113 239//8 247//8 248//113
f 241//114 248//113 256//113 249//114
f 242//115 241//114 249//114 250//115
f 243//4 242//115 250//115 251//4
f 244//116 243//4 251//4 252//116
f 245//117 244//116 252//116 253//117
f 246//118 245//117 253//117 254//118
f 247//8 246//118 254//118 255//8
f 248//113 247//8 255//8 256//113
f 249//114 256//113 264//113 257//114
f 250//115 249//114 257//114 258//115
f 251//4 250//115 258//115 259//4
f 252//116 251//4 259//4 260//116
f 253//117 252//116 260//116 261//117
f 254//118 253//117 261//117 262//118
f 255//8 254//118 262//118 263//8
f 256//113 255//8 263//8 264//113
f 257//114 264//113 272//113 265//114
f 258//115 257//114 265//114 266//115
f 259//4 258//115 266//115 267//4
f 260//116 259//4 267//4 268//116
f 261//117 260//116 268//116 269//117
f 262//118 261//117 269//117 270//118
f 263//8 262//118 270//118 271//8
f 264//113 263//8 271//8 272//113
f 265//114 272//113 280//113 273//114
f 266//115 265//114 273//114 274//115
f 267//4 266//115 274//115 275//4
f 268//116 267//4 275//4 276//116
f 269//117 268//116 276//116 277//117
f 270//118 269//117 277//117 278//118
f 271//8 270//118 278//118 279//8
f 272//113 271//8 279//8 280//113
f 273//114 280//113 288//113 281//114
f 274//115 273//114 281//114 282//115
f 275//4 274//115 282//115 283//4
f 276//116 275//4 283//4 284//116
f 277//117 276//116 284//116 285//117
f 278//118 277//117 285//117 286//118
f 279//8 278//118 286//118 287//8
f 280//113 279//8 287//8 288//113
f 281//114 288//113 296//113 289//114
f 282//115 281//114 289//114 290//115
f 283//4 282//115 290//115 291//4
f 284//116 283//4 291//4 292//116
f 285//117 284//116 292//116 293//117
f 286//118 285//117 293//117 294//118
f 287//8 286//118 294//118 295//8
f 288//113 287//8 295//8 296//113
f 289//114 296//113 304//113 297//114
f 290//115 289//114 297//114 298//115
f 291//4 290//115 298//115 299//4
f 292//116 291//4 299//4 300//116
f 293//117 292//116 300//116 301//117
f 294//118 293//117 301//117 302//118
f 295//8 294//118 302//118 303//8
f 296//113 295//8 303//8 304//113
f 297//114 304//113 312//113 305//114
f 298//115 297//114 305//114 306//115
f 299//4 298//115 306//115 307//4
f 300//116 299//4 307//4 308//116
f 301//117 300//116 308//116 309//117
f 302//118 301//117 309//117 310//118
f 303//8 302//118 310//118 311//8
f 304//113 303//8 311//8 312//113
f 305//114 312//113 320//113 313//114
f 306//115 305//114 313//114 314//115
f 307//4 306//115 314//115 315//4
f 308//116 307//4 315//4 316//116
f 309//117 308//116 316//116 317//117
f 310//118 309//117 317//117 318//118
f 311//8 310//118 318//118 319//8
f 312//113 311//8 319//8 320//113
f 313//114 320//113 328//113 321//114
f 314//115 313//114 321//114 322//115
f 315//4 314//115 322//115 323//4
f 316//116 315//4 323//4 324//116
f 317//117 316//116 324//116 325//117
f 318//118 317//117 325//117 326//118
f 319//8 318//118 326//118 327//8
f 320//113 319//8 327//8 328//113
f 321//114 328//113 336//113 329//114
f 322//115 321//114 329//114 330//115
f 323//4 322//115 330//115 331//4
f 324//116 323//4 331//4 332//116
f 325//117 324//116 332//116 333//117
f 326//118 325//117 333//117 334//118
f 327//8 326//118 334//118 335//8
f 328//113 327//8 335//8 336//113
f 329//114 336//113 344//113 337//114
f 330//115 329//114 337//114 338//115
f 331//4 330//115 338//115 339//4
f 332//116 331//4 339//4 340//116
f 333//117 332//116 340//116 341//117
f 334//118 333//117 341//117 342//118
f 335//8 334//118 342//118 343//8
f 336//113 335//8 343//8 344//113
f 337//114 344//113 352//113 345//114
f 338//115 337//114 345//114 346//115
f 339//4 338//115 346//115 347//4
f 340//116 339//4 347//4 348//116
f 341//117 340//116 348//116 349//117
f 342//118 341//117 349//117 350//118
f 343//8 342//118 350//118 351//8
f 344//113 343//8 351//8 352//113
f 345//114 352//113 360//113 353//114
f 346//115 345//114 353//114 354//115
f 347//4 346//115 354//115 355//4
f 348//116 347//4 355//4 356//116
f 349//117 348//116 356//116 357//117
f 350//118 349//117 357//117 358//118
f 351//8 350//118 358//118 359//8
f 352//113 351//8 359//8 360//113
f 353//114 360//113 368//113 361//114
f 354//115 353//114 361//114 362//115
f 355//4 354//115 362//115 363//4
f 356//116 355//4 363//4 364//116
f 357//117 356//116 364//116 365//117
f 358//118 357//117 365//117 366//118
f 359//8 358//118 366//118 367//8
f 360//113 359//8 367//8 368//113
f 361//114 368//113 376//113 369//114
f 362//115 361//114 369//114 370//115
f 363//4 362//115 370//115 371//4
f 364//116 363//4 371//4 372//116
f 365//117 364//116 372//116 373//117
f 366//118 365//117 373//117 374//118
f 367//8 366//118 374//118 375//8
f 368//113 367//8 375//8 376//113
f 369//114 376//113 384//113 377//114
f 370//115 369//114 377//114 378//115
f 371//4 370//115 378//115 379//4
f 372//116 371//4 379//4 380//116
f 373//117 372//116 380//116 381//117
f 374//118 373//117 381//117 382//118
f 375//8 374//118 382//118 383//8
f 376//113 375//8 383//8 384//113
f 377//114 384//113 392//119 385//120
f 378//115 377//114 385//120 386//121
f 379//4 378//115 386//121 387//122
f 380//116 379//4 387//122 388//123
f 381//117 380//116 388//123 389//124
f 382//118 381//117 389//124 390//125
f 383//8 382//118 390//125 391//126
f 384//113 383//8 391//126 392//119
f 385//120 392//119 400//127 393//128
f 386//121 385//120 393//128 394//129
f 387//122 386//121 394//129 395//130
f 388//123 387//122 395//130 396//131
f 389//124 388//123 396//131 397//132
f 390//125 389//124 397//132 398//133
f 391//126 390//125 398//133 399//134
f 392//119 391//126 399//134 400//127
f 393//128 400//127 408//135 401//136
f 394//129 393//128 401//136 402//137
f 395//130 394//129 402//137 403//138
f 396//131 395//130 403//138 404//139
f 397//132 396//131 404//139 405//140
f 398//133 397//132 405//140 406//141
f 399//134 398//133 406//141 407//142
f 400//127 399//134 407//142 408//135
f 401//136 408//135 416//143 409//144
f 402//137 401//136 409//144 410//145
f 403//138 402//137 410//145 411//146
f 404//139 403//138 411//146 412//147
f 405//140 404//139 412//147 413//148
f 406//141 405//140 413//148 414//149
f 407//142 406//141 414//149 415//150
f 408//135 407//142 415//150 416//143
f 409//144 416//143 424//151 417//152
f 410//145 409//144 417//152 418//153
f 411//146 410//145 418//153 419//154
f 412//147 411//146 419//154 420//155
f 413//148 412//147 420//155 421//156
f 414//149 413//148 421//156 422//157
f 415//150 414//149 422//157 423//158
f 416//143 415//150 423//158 424//151
f 417//152 424//151 432//159 425//160
f 418//153 417//152 425//160 426//161
f 419//154 418//153 426//161 427//162
f 420//155 419//154 427//162 428//163
f 421//156 420//155 428//163 429//164
f 422//157 421//156 429//164 430//165
f 423//158 422//157 430//165 431//166
f 424//151 423//158 431//166 432//159
f 425//160 432//159 440//167 433//168
f 426//161 425//160 433//168 434//169
f 427//162 426//161 434//169 435//170
f 428//163 427//162 435//170 436//171
f 429//164 428//163 436//171 437//172
f 430//165 429//164 437//172 438//173
f 431//166 430//165 438//173 439//174
f 432//159 431//166 439//174 440//167
f 433//168 440//167 448//175 441//176
f 434//169 433//168 441//176 442//177
f 435//170 434//169 442//177 443//178
f 436//171 435//170 443//178 444//179
f 437//172 436//171 444//179 445//180
f 438//173 437//172 445//180 446//181
f 439//174 438//173 446//181 447//182
f 440//167 439//174 447//182 448//175
f 441//176 448//175 456//183 449//184
f 442//177 441//176 449//184 450//185
f 443//178 442//177 450//185 451//186
f 444//179 443//178 451//186 452//187
f 445//180 444//179 452//187 453//188
f 446//181 445//180 453//188 454//189
f 447//182 446//181 454//189 455//190
f 448//175 447//182 455//190 456//183
f 449//184 456//183 464//191 457//192
f 450//185 449//184 457//192 458//193
f 451//186 450//185 458//193 459//194
f 452//187 451//186 459//194 460//195
f 453//188 452//187 460//195 461//196
f 454//189 453//188 461//196 462//197
f 455//190 454//189 462//197 463//198
f 456//183 455//190 463//198 464//191
f 457//192 464//191 472//199 465//200
f 458//193 457//192 465//200 466//201
f 459//194 458//193 466//201 467//202
f 460//195 459//194 467//202 468//203
f 461//196 460//195 468//203 469//204
f 462//197 461//196 469//204 470//205
f 463//198 462//197 470//205 471//206
f 464//191 463//198 471//206 472//199
f 465//200 472//199 480//207 473//208
f 466//201 465//200 473//208 474//209
f 467//202 466//201 474//209 475//210
f 468//203 467//202 475//210 476//211
f 469//204 468//203 476//211 477//212
f 470//205 469//204 477//212 478//213
f 471//206 470//205 478//213 479//214
f 472//199 471//206 479//214 480//207
f 473//208 480//207 488//215 481//216
f 474//209 473//208 481//216 482//217
f 475//210 474//209 482//217 483//218
f 476//211 475//210 483//218 484//219
f 477//212 476//211 484//219 485//220
f 478//213 477//212 485//220 486//221
f 479//214 478//213 486//221 487//222
f 480//207 479//214 487//222 488//215
f 481//216 488//215 496//223 489//114
f 482//217 481//216 489//114 490//224
f 483//218 482//217 490//224 491//225
f 484//219 483//218 491//225 492//226
f 485//220 484//219 492//226 493//117
f 486//221 485//220 493//117 494//227
f 487//222 486//221 494//227 495//228
f 488//215 487//222 495//228 496//223
f 489//114 496//223 504//223 497//114
f 490//224 489//114 497//114 498//224
f 491//225 490//224 498//224 499//6
f 492//226 491//225 499//6 500//226
f 493//117 492//226 500//226 501//117
f 494//227 493//117 501//117 502//227
f 495//228 494//227 502//227 503//1
f 496//223 495//228 503//1 504//223
f 497//114 504//223 512//223 505//114
f 498//224 497//114 505//114 506//224
f 499//6 498//224 506//224 507//6
f 500//226 499//6 507//6 508//226
f 501//117 500//226 508//226 509//117
f 502//227 501//117 509//117 510//227
f 503//1 502//227 510//227 511//1
f 504//223 503//1 511//1 512//223
f 505//114 512//223 520//223 513//114
f 506//224 505//114 513//114 514//224
f 507//6 506//224 514//224 515//6
f 508//226 507//6 515//6 516//226
f 509//117 508//226 516//226 517//117
f 510//227 509//117 517//117 518//227
f 511//1 510//227 518//227 519//1
f 512//223 511//1 519//1 520//223
f 513//114 520//223 528//223 521//114
f 514//224 513//114 521//114 522//224
f 515//6 514//224 522//224 523//6
f 516//226 515//6 523//6 524//226
f 517//117 516//226 524//226 525//117
f 518//227 517//117 525//117 526//227
f 519//1 518//227 526//227 527//1
f 520//223 519//1 527//1 528//223
f 521//114 528//223 536//223 529//114
f 522//224 521//114 529//114 530//224
f 523//6 522//224 530//224 531//6
f 524//226 523//6 531//6 532//226
f 525//117 524//226 532//226 533//117
f 526//227 525//117 533//117 534//227
f 527//1 526//227 534//227 535//1
f 528//223 527//1 535//1 536//223
f 529//114 536//223 544//223 537//114
f 530//224 529//114 537//114 538//224
f 531//6 530//224 538//224 539//6
f 532//226 531//6 539//6 540//226
f 533//117 532//226 540//226 541//117
f 534//227 533//117 541//117 542//227
f 535//1 534//227 542//227 543//1
f 536//223 535//1 543//1 544//223
f 537//114 544//223 552//223 545//114
f 538//224 537//114 545//114 546//224
f 539//6 538//224 546//224 547//6
f 540//226 539//6 547//6 548//226
f 541//117 540//226 548//226 549//117
f 542//227 541//117 549//117 550//227
f 543//1 542//227 550//227 551//1
f 544//223 543//1 551//1 552//223
f 545//114 552//223 560//223 553//114
f 546//224 545//114 553//114 554//224
f 547//6 546//224 554//224 555//6
f 548//226 547//6 555//6 556//226
f 549//117 548//226 556//226 557//117
f 550//227 549//117 557//117 558//227
f 551//1 550//227 558//227 559//1
f 552//223 551//1 559//1 560//223
f 553//114 560//223 568//223 561//114
f 554//224 553//114 561//114 562//224
f 555//6 554//224 562//224 563//6
f 556//226 555//6 563//6 564//226
f 557//117 556//226 564//226 565//117
f 558//227 557//117 565//117 566//227
f 559//1 558//227 566//227 567//1
f 560//223 559//1 567//1 568//223
f 561//114 568//223 576//229 569//230
f 562//224 561//114 569//230 570//231
f 563//6 562//224 570//231 571//232
f 564//226 563//6 571//232 572//233
f 565//117 564//226 572//233 573//234
f 566//227 565//117 573//234 574//235
f 567//1 566//227 574//235 575//236
f 568//223 567//1 575//236 576//229
f 569//230 576//229 584//237 577//238
f 570//231 569//230 577//238 578//239
f 571//232 570//231 578//239 579//240
f 572//233 571//232 579//240 580//241
f 573//234 572//233 580//241 581//242
f 574//235 573//234 581//242 582//243
f 575//236 574//235 582//243 583//244
f 576//229 575//236 583//244 584//237
f 577//238 584//237 592//245 585//246
f 578//239 577//238 585//246 586//247
f 579//240 578//239 586//247 587//248
f 580//241 579//240 587//248 588//249
f 581//242 580//241 588//249 589//250
f 582//243 581//242 589//250 590//251
f 583//244 582//243 590//251 591//252
f 584//237 583//244 591//252 592//245
f 585//246 592//245 600//253 593//254
f 586//247 585//246 593//254 594//255
f 587//248 586//247 594//255 595//256
f 588//249 587//248 595//256 596//257
f 589//250 588//249 596//257 597//258
f 590//251 589//250 597//258 598//259
f 591//252 590//251 598//259 599//260
f 592//245 591//252 599//260 600//253
f 593//254 600//253 608//261 601//262
f 594//255 593//254 601//262 602//263
f 595//256 594//255 602//263 603//264
f 596//257 595//256 603//264 604//265
f 597//258 596//257 604//265 605//266
f 598//259 597//258 605//266 606//267
f 599//260 598//259 606//267 607//268
f 600//253 599//260 607//268 608//261
f 601//262 608//261 616//269 609//270
f 602//263 601//262 609//270 610//271
f 603//264 602//263 610//271 611//272
f 604//265 603//264 611//272 612//273
f 605//266 604//265 612//273 613//274
f 606//267 605//266 613//274 614//275
f 607//268 606//267 614//275 615//276
f 608//261 607//268 615//276 616//269
f 609//270 616//269 624//277 617//278
f 610//271 609//270 617//278 618//279
f 611//272 610//271 618//279 619//280
f 612//273 611//272 619//280 620//281
f 613//274 612//273 620//281 621//282
f 614//275 613//274 621//282 622//283
f 615//276 614//275 622//283 623//284
f 616//269 615//276 623//284 624//277
f 617//278 624//277 632//285 625//286
f 618//279 617//278 625//286 626//287
f 619//280 618//279 626//287 627//288
f 620//281 619//280 627//288 628//289
f 621//282 620//281 628//289 629//290
f 622//283 621//282 629//290 630//291
f 623//284 622//283 630//291 631//292
f 624//277 623//284 631//292 632//285
f 625//286 632//285 640//293 633//294
f 626//287 625//286 633//294 634//295
f 627//288 626//287 634//295 635//296
f 628//289 627//288 635//296 636//297
f 629//290 628//289 636//297 637//298
f 630//291 629//290 637//298 638//299
f 631//292 630//291 638//299 639//300
f 632//285 631//292 639//300 640//293
f 633//294 640//293 648//301 641//302
f 634//295 633//294 641//302 642//303
f 635//296 634//295 642//303 643//304
f 636//297 635//296 643//304 644//305
f 637//298 636//297 644//305 645//306
f 638//299 637//298 645//306 646//307
f 639//300 638//299 646//307 647//308
f 640//293 639//300 647//308 648//301
f 641//302 648//301 656//309 649//310
f 642//303 641//302 649//310 650//311
f 643//304 642//303 650//311 651//312
f 644//305 643//304 651//312 652//313
f 645//306 644//305 652//313 653//314
f 646//307 645//306 653//314 654//315
f 647//308 646//307 654//315 655//316
f 648//301 647//308 655//316 656//309
f 649//310 656//309 664//317 657//318
f 650//311 649//310 657//318 658//319
f 651//312 650//311 658//319 659//320
f 652//313 651//312 659//320 660//321
f 653//314 652//313 660//321 661//322
f 654//315 653//314 661//322 662//323
f 655//316 654//315 662//323 663//324
f 656//309 655//316 663//324 664//317
f 657//318 664//317 672//325 665//326
f 658//319 657//318 665//326 666//327
f 659//320 658//319 666//327 667//328
f 660//321 659//320 667//328 668//329
f 661//322 660//321 668//329 669//330
f 662//323 661//322 669//330 670//331
f 663//324 662//323 670//331 671//332
f 664//317 663//324 671//332 672//325
f 665//326 672//325 680//333 673//334
f 666//327 665//326 673//334 674//335
f 667//328 666//327 674//335 675//336
f 668//329 667//328 675//336 676//337
f 669//330 668//329 676//337 677//338
f 670//331 669//330 677//338 678//339
f 671//332 670//331 678//339 679//340
f 672//325 671//332 679//340 680//333
f 673//334 680//333 688//341 681//342
f 674//335 673//334 681//342 682//343
f 675//336 674//335 682//343 683//344
f 676//337 675//336 683//344 684//345
f 677//338 676//337 684//345 685//346
f 678//339 677//338 685//346 686//347
f 679//340 678//339 686//347 687//348
f 680//333 679//340 687//348 688//341
f 681//342 688//341 696//349 689//350
f 682//343 681//342 689//350 690//351
f 683//344 682//343 690//351 691//352
f 684//345 683//344 691//352 692//353
f 685//346 684//345 692//353 693//354
f 686//347 685//346 693//354 694//355
f 687//348 686//347 694//355 695//356
f 688//341 687//348 695//356 696//349
f 689//350 696//349 704//357 697//358
f 690//351 689//350 697//358 698//359
f 691//352 690//351 698//359 699//360
f 692//353 691//352 699//360 700//361
f 693//354 692//353 700//361 701//362
f 694//355 693//354 701//362 702//363
f 695//356 694//355 702//363 703//364
f 696//349 695//356 703//364 704//357
f 697//358 704//357 712//365 705//366
f 698//359 697//358 705//366 706//367
f 699//360 698//359 706//367 707//368
f 700//361 699//360 707//368 708//369
f 701//362 700//361 708//369 709//370
f 702//363 701//362 709//370 710//371
f 703//364 702//363 710//371 711//372
f 704//357 703//364 711//372 712//365
f 705//366 712//365 720//373 713//374
f 706//367 705//366 713//374 714//375
f 707//368 706//367 714//375 715//376
f 708//369 707//368 715//376 716//377
f 709//370 708//369 716//377 717//378
f 710//371 709//370 717//378 718//379
f 711//372 710//371 718//379 719//380
f 712//365 711//372 719//380 720//373
f 713//374 720//373 728//381 721//382
f 714//375 713//374 721//382 722//383
f 715//376 714//375 722//383 723//384
f 716//377 715//376 723//384 724//385
f 717//378 716//377 724//385 725//386
f 718//379 717//378 725//386 726//387
f 719//380 718//379 726//387 727//388
f 720//373 719//380 727//388 728//381
f 721//382 728//381 736//389 729//390
f 722//383 721//382 729//390 730//391
f 723//384 722//383 730//391 731//392
f 724//385 723//384 731//392 732//393
f 725//386 724//385 732//393 733//394
f 726//387 725//386 733//394 734//395
f 727//388 726//387 734//395 735//396
f 728//381 727//388 735//396 736//389
f 729//390 736//389 744//397 737//398
f 730//391 729//390 737//398 738//399
f 731//392 730//391 738//399 739//400
f 732//393 731//392 739//400 740//401
f 733//394 732//393 740//401 741//402
f 734//395 733//394 741//402 742//403
f 735//396 734//395 742//403 743//404
f 736//389 735//396 743//404 744//397
f 737//398 744//397 752//405 745//406
f 738//399 737//398 745//406 746//407
f 739//400 738//399 746//407 747//408
f 740//401 739//400 747//408 748//409
f 741//402 740//401 748//409 749//410
f 742//403 741//402 749//410 750//411
f 743//404 742//403 750//411 751//412
f 744//397 743//404 751//412 752//405
f 745//406 752//405 760//413 753//414
f 746//407 745//406 753//414 754//415
f 747//408 746//407 754//415 755//416
f 748//409 747//408 755//416 756//417
f 749//410 748//409 756//417 757//418
f 750//411 749//410 757//418 758//419
f 751//412 750//411 758//419 759//420
f 752//405 751//412 759//420 760//413
f 753//414 760//413 768//421 761//422
f 754//415 753//414 761//422 762//423
f 755//416 754//415 762//423 763//424
f 756//417 755//416 763//424 764//425
f 757//418 756//417 764//425 765//426
f 758//419 757//418 765//426 766//427
f 759//420 758//419 766//427 767//428
f 760//413 759//420 767//428 768//421
f 761//422 768//421 776//429 769//430
f 762//423 761//422 769//430 770//431
f 763//424 762//423 770//431 771//432
f 764//425 763//424 771//432 772//433
f 765//426 764//425 772//433 773//434
f 766//427 765//426 773//434 774//435
f 767//428 766//427 774//435 775//436
f 768//421 767//428 775//436 776//429
v 1.304843 0.798655 -18.616940
v 1.316681 0.827227 -18.616940
v 1.345253 0.839065 -18.616940
v 1.373825 0.827227 -18.616940
v 1.385663 0.798655 -18.616940
v 1.373825 0.770084 -18.616940
v 1.345253 0.758245 -18.616940
v 1.316681 0.770084 -18.616940
v 1.304843 0.783717 -18.682184
v 1.316681 0.809273 -18.694960
v 1.345253 0.819862 -18.700253
v 1.373825 0.809273 -18.694960
v 1.385663 0.783717 -18.682184
v 1.373825 0.758161 -18.669409
v 1.345253 0.747572 -18.664116
v 1.316681 0.758161 -18.669409
v 1.304843 0.742417 -18.731014
v 1.316681 0.760744 -18.752934
v 1.345253 0.768338 -18.762014
v 1.373825 0.760744 -18.752934
v 1.385663 0.742417 -18.731014
v 1.373825 0.724089 -18.709095
v 1.345253 0.716496 -18.700014
v 1.316681 0.724089 -18.709095
v 1.304843 0.680027 -18.767071
v 1.316681 0.691880 -18.793068
v 1.345253 0.696791 -18.803839
v 1.373825 0.691880 -18.793068
v 1.385663 0.680027 -18.767071
v 1.373825 0.668173 -18.741074
v 1.345253 0.663262 -18.730303
v 1.316681 0.668173 -18.741074
v 1.304843 0.601820 -18.793995
v 1.316681 0.609832 -18.821421
v 1.345253 0.613152 -18.832783
v 1.373825 0.609832 -18.821421
v 1.385663 0.601820 -18.793995
v 1.373825 0.593807 -18.766569
v 1.345253 0.590487 -18.755207
v 1.316681 0.593807 -18.766569
v 1.304843 0.513068 -18.815426
v 1.316681 0.519334 -18.843302
v 1.345253 0.521931 -18.854853
v 1.373825 0.519334 -18.843302
v 1.385663 0.513068 -18.815426
v 1.373825 0.506801 -18.787550
v 1.345253 0.504205 -18.775999
v 1.316681 0.506801 -18.787550
v 1.304843 0.419044 -18.835007
v 1.316681 0.425123 -18.862925
v 1.345253 0.427641 -18.874491
v 1.373825 0.425123 -18.862925
v 1.385663 0.419044 -18.835007
v 1.373825 0.412965 -18.807089
v 1.345253 0.410446 -18.795523
v 1.316681 0.412965 -18.807089
v 1.304843 0.325020 -18.856377
v 1.316681 0.332320 -18.884001
v 1.345253 0.335345 -18.895445
v 1.373825 0.332320 -18.884001
v 1.385663 0.325020 -18.856377
v 1.373825 0.317719 -18.828753
v 1.345253 0.314694 -18.817308
v 1.316681 0.317719 -18.828753
v 1.304843 0.236268 -18.883177
v 1.316681 0.246377 -18.909901
v 1.345253 0.250566 -18.920973
v 1.373825 0.246377 -18.909901
v 1.385663 0.236268 -18.883177
v 1.373825 0.226158 -18.856453
v 1.345253 0.221970 -18.845381
v 1.316681 0.226158 -18.856453
v 1.304843 0.158061 -18.919048
v 1.316681 0.172893 -18.943468
v 1.345253 0.179039 -18.953587
v 1.373825 0.172893 -18.943468
v 1.385663 0.158061 -18.919048
v 1.373825 0.143228 -18.894629
v 1.345253 0.137083 -18.884510
v 1.316681 0.143228 -18.894629
v 1.304843 0.095671 -18.967630
v 1.316681 0.116812 -18.986851
v 1.345253 0.125571 -18.994814
v 1.373825 0.116812 -18.986851
v 1.385663 0.095671 -18.967630
v 1.373825 0.074530 -18.948410
v 1.345253 0.065770 -18.940447
v 1.316681 0.074530 -18.948410
v 1.304843 0.054371 -19.032566
v 1.316681 0.081006 -19.042906
v 1.345253 0.092041 -19.047190
v 1.373825 0.081006 -19.042906
v 1.385663 0.054371 -19.032566
v 1.373825 0.027735 -19.022226
v 1.345253 0.016700 -19.017942
v 1.316681 0.027735 -19.022226
v 1.304843 0.039432 -19.117493
v 1.316681 0.067896 -19.119976
v 1.345253 0.079689 -19.121006
v 1.373825 0.067896 -19.119976
v 1.385663 0.039432 -19.117493
v 1.373825 0.010968 -19.115009
v 1.345253 -0.000825 -19.113979
v 1.316681 0.010968 -19.115009
v 1.304843 0.039432 -19.205774
v 1.316681 0.068004 -19.205774
v 1.345253 0.079842 -19.205774
v 1.373825 0.068004 -19.205774
v 1.385663 0.039432 -19.205774
v 1.373825 0.010860 -19.205774
v 1.345253 -0.000978 -19.205774
v 1.316681 0.010860 -19.205774
v 1.304843 0.039432 -19.294428
v 1.316681 0.068004 -19.294428
v 1.345253 0.079842 -19.294428
v 1.373825 0.068004 -19.294428
v 1.385663 0.039432 -19.294428
v 1.373825 0.010860 -19.294428
v 1.345253 -0.000978 -19.294428
v 1.316681 0.010860 -19.294428
v 1.304843 0.039432 -19.382900
v 1.316681 0.068004 -19.382900
v 1.345253 0.079842 -19.382900
v 1.373825 0.068004 -19.382900
v 1.385663 0.039432 -19.382900
v 1.373825 0.010860 -19.382900
v 1.345253 -0.000978 -19.382900
v 1.316681 0.010860 -19.382900
v 1.304843 0.039432 -19.470636
v 1.316681 0.068004 -19.470636
v 1.345253 0.079842 -19.470636
v 1.373825 0.068004 -19.470636
v 1.385663 0.039432 -19.470636
v 1.373825 0.010860 -19.470636
v 1.345253 -0.000978 -19.470636
v 1.316681 0.010860 -19.470636
v 1.304843 0.039432 -19.557081
v 1.316681 0.068004 -19.557081
v 1.345253 0.079842 -19.557081
v 1.373825 0.068004 -19.557081
v 1.385663 0.039432 -19.557081
v 1.373825 0.010860 -19.557081
v 1.345253 -0.000978 -19.557081
v 1.316681 0.010860 -19.557081
v 1.304843 0.039432 -19.641680
v 1.316681 0.068004 -19.641680
v 1.345253 0.079842 -19.641680
v 1.373825 0.068004 -19.641680
v 1.385663 0.039432 -19.641680
v 1.373825 0.010860 -19.641680
v 1.345253 -0.000978 -19.641680
v 1.316681 0.010860 -19.641680
v 1.304843 0.039432 -19.723877
v 1.316681 0.068004 -19.723877
v 1.345253 0.079842 -19.723877
v 1.373825 0.068004 -19.723877
v 1.385663 0.039432 -19.723877
v 1.373825 0.010860 -19.723877
v 1.345253 -0.000978 -19.723877
v 1.316681 0.010860 -19.723877
v 1.304843 0.039432 -19.803120
v 1.316681 0.068004 -19.803120
v 1.345253 0.079842 -19.803120
v 1.373825 0.068004 -19.803120
v 1.385663 0.039432 -19.803120
v 1.373825 0.010860 -19.803120
v 1.345253 -0.000978 -19.803120
v 1.316681 0.010860 -19.803120
v 1.304843 0.039432 -19.878853
v 1.316681 0.068004 -19.878853
v 1.345253 0.079842 -19.878853
v 1.373825 0.068004 -19.878853
v 1.385663 0.039432 -19.878853
v 1.373825 0.010860 -19.878853
v 1.345253 -0.000978 -19.878853
v 1.316681 0.010860 -19.878853
v 1.304843 0.039432 -19.950521
v 1.316681 0.068004 -19.950521
v 1.345253 0.079842 -19.950521
v 1.373825 0.068004 -19.950521
v 1.385663 0.039432 -19.950521
v 1.373825 0.010860 -19.950521
v 1.345253 -0.000978 -19.950521
v 1.316681 0.010860 -19.950521
v 1.304843 0.039432 -20.017572
v 1.316681 0.068004 -20.017572
v 1.345253 0.079842 -20.017572
v 1.373825 0.068004 -20.017572
v 1.385663 0.039432 -20.017572
v 1.373825 0.010860 -20.017572
v 1.345253 -0.000978 -20.017572
v 1.316681 0.010860 -20.017572
v 1.304864 0.039432 -20.080748
v 1.316696 0.068004 -20.080368
v 1.345253 0.079842 -20.079451
v 1.373810 0.068004 -20.078533
v 1.385642 0.039432 -20.078154
v 1.373810 0.010860 -20.078533
v 1.345253 -0.000978 -20.079451
v 1.316696 0.010860 -20.080368
v 1.307136 0.039432 -20.114273
v 1.318848 0.068004 -20.112547
v 1.347114 0.079842 -20.108379
v 1.375380 0.068004 -20.104212
v 1.387092 0.039432 -20.102486
v 1.375380 0.010860 -20.104212
v 1.347114 -0.000978 -20.108379
v 1.318848 0.010860 -20.112547
v 1.314430 0.039432 -20.145193
v 1.325603 0.068004 -20.141281
v 1.352569 0.079842 -20.131836
v 1.379534 0.068004 -20.122391
v 1.390707 0.039432 -20.118479
v 1.379534 0.010860 -20.122391
v 1.352569 -0.000978 -20.131836
v 1.325603 0.010860 -20.141281
v 1.327502 0.039432 -20.172348
v 1.337439 0.068004 -20.165915
v 1.361422 0.079842 -20.150385
v 1.385405 0.068004 -20.134855
v 1.395342 0.039432 -20.128422
v 1.385405 0.010860 -20.134855
v 1.361422 -0.000978 -20.150385
v 1.337439 0.010860 -20.165915
v 1.346352 0.039432 -20.194540
v 1.354300 0.068004 -20.185766
v 1.373480 0.079842 -20.164589
v 1.392661 0.068004 -20.143412
v 1.400608 0.039432 -20.134638
v 1.392661 0.010860 -20.143412
v 1.373480 -0.000978 -20.164589
v 1.354300 0.010860 -20.185766
v 1.369390 0.039432 -20.210590
v 1.375003 0.068004 -20.200167
v 1.388549 0.079842 -20.175011
v 1.402096 0.068004 -20.149855
v 1.407709 0.039432 -20.139431
v 1.402096 0.010860 -20.149855
v 1.388549 -0.000978 -20.175011
v 1.375003 0.010860 -20.200167
v 1.394471 0.039432 -20.220812
v 1.397976 0.068004 -20.209505
v 1.406435 0.079842 -20.182215
v 1.414895 0.068004 -20.154924
v 1.418400 0.039432 -20.143618
v 1.414895 0.010860 -20.154924
v 1.406435 -0.000978 -20.182215
v 1.397976 0.010860 -20.209505
v 1.420405 0.039432 -20.226641
v 1.422321 0.068004 -20.214958
v 1.426944 0.079842 -20.186764
v 1.431567 0.068004 -20.158569
v 1.433483 0.039432 -20.146887
v 1.431567 0.010860 -20.158569
v 1.426944 -0.000978 -20.186764
v 1.422321 0.010860 -20.214958
v 1.446979 0.039432 -20.229528
v 1.447829 0.068004 -20.217720
v 1.449881 0.079842 -20.189222
v 1.451933 0.068004 -20.160725
v 1.452783 0.039432 -20.148916
v 1.451933 0.010860 -20.160725
v 1.449881 -0.000978 -20.189222
v 1.447829 0.010860 -20.217720
v 1.474330 0.039432 -20.230556
v 1.474541 0.068004 -20.218719
v 1.475052 0.079842 -20.190153
v 1.475563 0.068004 -20.161587
v 1.475775 0.039432 -20.149750
v 1.475563 0.010860 -20.161587
v 1.475052 -0.000978 -20.190153
v 1.474541 0.010860 -20.218719
v 1.502589 0.039432 -20.230530
v 1.502494 0.068004 -20.218691
v 1.502264 0.079842 -20.190121
v 1.502034 0.068004 -20.161551
v 1.501939 0.039432 -20.149712
v 1.502034 0.010860 -20.161551
v 1.502264 -0.000978 -20.190121
v 1.502494 0.010860 -20.218691
v 1.531801 0.039432 -20.230095
v 1.531661 0.068004 -20.218258
v 1.531322 0.079842 -20.189688
v 1.530983 0.068004 -20.161118
v 1.530843 0.039432 -20.149281
v 1.530983 0.010860 -20.161118
v 1.531322 -0.000978 -20.189688
v 1.531661 0.010860 -20.218258
v 1.562210 0.039432 -20.229826
v 1.562158 0.068004 -20.217989
v 1.562032 0.079842 -20.189417
v 1.561906 0.068004 -20.160845
v 1.561854 0.039432 -20.149008
v 1.561906 0.010860 -20.160845
v 1.562032 -0.000978 -20.189417
v 1.562158 0.010860 -20.217989
v 1.646755 0.039432 -20.229826
v 1.646755 0.068004 -20.217989
v 1.646755 0.079842 -20.189417
v 1.646755 0.068004 -20.160845
v 1.646755 0.039432 -20.149008
v 1.646755 0.010860 -20.160845
v 1.646755 -0.000978 -20.189417
v 1.646755 0.010860 -20.217989
v 1.767871 0.039432 -20.229826
v 1.767871 0.068004 -20.217989
v 1.767871 0.079842 -20.189417
v 1.767871 0.068004 -20.160845
v 1.767871 0.039432 -20.149008
v 1.767871 0.010860 -20.160845
v 1.767871 -0.000978 -20.189417
v 1.767871 0.010860 -20.217989
v 1.919811 0.039432 -20.229826
v 1.919811 0.068004 -20.217989
v 1.919811 0.079842 -20.189417
v 1.919811 0.068004 -20.160845
v 1.919811 0.039432 -20.149008
v 1.919811 0.010860 -20.160845
v 1.919811 -0.000978 -20.189417
v 1.919811 0.010860 -20.217989
v 2.097006 0.039432 -20.229826
v 2.097006 0.068004 -20.217989
v 2.097006 0.079842 -20.189417
v 2.097006 0.068004 -20.160845
v 2.097006 0.039432 -20.149008
v 2.097006 0.010860 -20.160845
v 2.097006 -0.000978 -20.189417
v 2.097006 0.010860 -20.217989
v 2.293885 0.039432 -20.229826
v 2.293885 0.068004 -20.217989
v 2.293885 0.079842 -20.189417
v 2.293885 0.068004 -20.160845
v 2.293885 0.039432 -20.149008
v 2.293885 0.010860 -20.160845
v 2.293885 -0.000978 -20.189417
v 2.293885 0.010860 -20.217989
v 2.504882 0.039432 -20.229826
v 2.504882 0.068004 -20.217989
v 2.504882 0.079842 -20.189417
v 2.504882 0.068004 -20.160845
v 2.504882 0.039432 -20.149008
v 2.504882 0.010860 -20.160845
v 2.504882 -0.000978 -20.189417
v 2.504882 0.010860 -20.217989
v 2.724426 0.039432 -20.229826
v 2.724426 0.068004 -20.217989
v 2.724426 0.079842 -20.189417
v 2.724426 0.068004 -20.160845
v 2.724426 0.039432 -20.149008
v 2.724426 0.010860 -20.160845
v 2.724426 -0.000978 -20.189417
v 2.724426 0.010860 -20.217989
v 2.946948 0.039432 -20.229826
v 2.946948 0.068004 -20.217989
v 2.946948 0.079842 -20.189417
v 2.946948 0.068004 -20.160845
v 2.946948 0.039432 -20.149008
v 2.946948 0.010860 -20.160845
v 2.946948 -0.000978 -20.189417
v 2.946948 0.010860 -20.217989
v 3.166880 0.039432 -20.229826
v 3.166880 0.068004 -20.217989
v 3.166880 0.079842 -20.189417
v 3.166880 0.068004 -20.160845
v 3.166880 0.039432 -20.149008
v 3.166880 0.010860 -20.160845
v 3.166880 -0.000978 -20.189417
v 3.166880 0.010860 -20.217989
v 3.378651 0.039432 -20.229826
v 3.378651 0.068004 -20.217989
v 3.378651 0.079842 -20.189417
v 3.378651 0.068004 -20.160845
v 3.378651 0.039432 -20.149008
v 3.378651 0.010860 -20.160845
v 3.378651 -0.000978 -20.189417
v 3.378651 0.010860 -20.217989
v 3.576694 0.039432 -20.229826
v 3.576694 0.068004 -20.217989
v 3.576694 0.079842 -20.189417
v 3.576694 0.068004 -20.160845
v 3.576694 0.039432 -20.149008
v 3.576694 0.010860 -20.160845
v 3.576694 -0.000978 -20.189417
v 3.576694 0.010860 -20.217989
v 3.755439 0.039432 -20.229826
v 3.755439 0.068004 -20.217989
v 3.755439 0.079842 -20.189417
v 3.755439 0.068004 -20.160845
v 3.755439 0.039432 -20.149008
v 3.755439 0.010860 -20.160845
v 3.755439 -0.000978 -20.189417
v 3.755439 0.010860 -20.217989
v 3.925827 0.039432 -20.229826
v 3.925827 0.068004 -20.217989
v 3.925827 0.079842 -20.189417
v 3.925827 0.068004 -20.160845
v 3.925827 0.039432 -20.149008
v 3.925827 0.010860 -20.160845
v 3.925827 -0.000978 -20.189417
v 3.925827 0.010860 -20.217989
v 4.076206 0.039432 -20.229826
v 4.076206 0.068004 -20.217989
v 4.076206 0.079842 -20.189417
v 4.076206 0.068004 -20.160845
v 4.076206 0.039432 -20.149008
v 4.076206 0.010860 -20.160845
v 4.076206 -0.000978 -20.189417
v 4.076206 0.010860 -20.217989
v 4.209238 0.039432 -20.229826
v 4.209238 0.068004 -20.217989
v 4.209238 0.079842 -20.189417
v 4.209238 0.068004 -20.160845
v 4.209238 0.039432 -20.149008
v 4.209238 0.010860 -20.160845
v 4.209238 -0.000978 -20.189417
v 4.209238 0.010860 -20.217989
v 4.327583 0.039432 -20.229826
v 4.327583 0.068004 -20.217989
v 4.327583 0.079842 -20.189417
v 4.327583 0.068004 -20.160845
v 4.327583 0.039432 -20.149008
v 4.327583 0.010860 -20.160845
v 4.327583 -0.000978 -20.189417
v 4.327583 0.010860 -20.217989
v 4.433902 0.039432 -20.229826
v 4.433902 0.068004 -20.217989
v 4.433902 0.079842 -20.189417
v 4.433902 0.068004 -20.160845
v 4.433902 0.039432 -20.149008
v 4.433902 0.010860 -20.160845
v 4.433902 -0.000978 -20.189417
v 4.433902 0.010860 -20.217989
v 4.530857 0.039432 -20.229826
v 4.530857 0.068004 -20.217989
v 4.530857 0.079842 -20.189417
v 4.530857 0.068004 -20.160845
v 4.530857 0.039432 -20.149008
v 4.530857 0.010860 -20.160845
v 4.530857 -0.000978 -20.189417
v 4.530857 0.010860 -20.217989
v 4.621107 0.039432 -20.229826
v 4.621107 0.068004 -20.217989
v 4.621107 0.079842 -20.189417
v 4.621107 0.068004 -20.160845
v 4.621107 0.039432 -20.149008
v 4.621107 0.010860 -20.160845
v 4.621107 -0.000978 -20.189417
v 4.621107 0.010860 -20.217989
v 4.707314 0.039432 -20.229826
v 4.707314 0.068004 -20.217989
v 4.707314 0.079842 -20.189417
v 4.707314 0.068004 -20.160845
v 4.707314 0.039432 -20.149008
v 4.707314 0.010860 -20.160845
v 4.707314 -0.000978 -20.189417
v 4.707314 0.010860 -20.217989
v 4.792140 0.039432 -20.229826
v 4.792140 0.068004 -20.217989
v 4.792140 0.079842 -20.189417
v 4.792140 0.068004 -20.160845
v 4.792140 0.039432 -20.149008
v 4.792140 0.010860 -20.160845
v 4.792140 -0.000978 -20.189417
v 4.792140 0.010860 -20.217989
v 4.878243 0.039432 -20.229826
v 4.878243 0.068004 -20.217989
v 4.878243 0.079842 -20.189417
v 4.878243 0.068004 -20.160845
v 4.878243 0.039432 -20.149008
v 4.878243 0.010860 -20.160845
v 4.878243 -0.000978 -20.189417
v 4.878243 0.010860 -20.217989
v 4.968286 0.039432 -20.229826
v 4.968286 0.068004 -20.217989
v 4.968286 0.079842 -20.189417
v 4.968286 0.068004 -20.160845
v 4.968286 0.039432 -20.149008
v 4.968286 0.010860 -20.160845
v 4.968286 -0.000978 -20.189417
v 4.968286 0.010860 -20.217989
v 5.064929 0.039432 -20.229826
v 5.064929 0.068004 -20.217989
v 5.064929 0.079842 -20.189417
v 5.064929 0.068004 -20.160845
v 5.064929 0.039432 -20.149008
v 5.064929 0.010860 -20.160845
v 5.064929 -0.000978 -20.189417
v 5.064929 0.010860 -20.217989
v 5.184736 0.039432 -20.229826
v 5.184736 0.068004 -20.217989
v 5.184736 0.079842 -20.189417
v 5.184736 0.068004 -20.160845
v 5.184736 0.039432 -20.149008
v 5.184736 0.010860 -20.160845
v 5.184736 -0.000978 -20.189417
v 5.184736 0.010860 -20.217989
v 5.309585 0.039432 -20.229826
v 5.309585 0.068004 -20.217989
v 5.309585 0.079842 -20.189417
v 5.309585 0.068004 -20.160845
v 5.309585 0.039432 -20.149008
v 5.309585 0.010860 -20.160845
v 5.309585 -0.000978 -20.189417
v 5.309585 0.010860 -20.217989
v 5.438825 0.039432 -20.229826
v 5.438825 0.068004 -20.217989
v 5.438825 0.079842 -20.189417
v 5.438825 0.068004 -20.160845
v 5.438825 0.039432 -20.149008
v 5.438825 0.010860 -20.160845
v 5.438825 -0.000978 -20.189417
v 5.438825 0.010860 -20.217989
v 5.571806 0.039432 -20.229826
v 5.571806 0.068004 -20.217989
v 5.571806 0.079842 -20.189417
v 5.571806 0.068004 -20.160845
v 5.571806 0.039432 -20.149008
v 5.571806 0.010860 -20.160845
v 5.571806 -0.000978 -20.189417
v 5.571806 0.010860 -20.217989
v 5.707880 0.039432 -20.229826
v 5.707880 0.068004 -20.217989
v 5.707880 0.079842 -20.189417
v 5.707880 0.068004 -20.160845
v 5.707880 0.039432 -20.149008
v 5.707880 0.010860 -20.160845
v 5.707880 -0.000978 -20.189417
v 5.707880 0.010860 -20.217989
v 5.846395 0.039432 -20.229826
v 5.846395 0.068004 -20.217989
v 5.846395 0.079842 -20.189417
v 5.846395 0.068004 -20.160845
v 5.846395 0.039432 -20.149008
v 5.846395 0.010860 -20.160845
v 5.846395 -0.000978 -20.189417
v 5.846395 0.010860 -20.217989
v 5.986703 0.039432 -20.229826
v 5.986703 0.068004 -20.217989
v 5.986703 0.079842 -20.189417
v 5.986703 0.068004 -20.160845
v 5.986703 0.039432 -20.149008
v 5.986703 0.010860 -20.160845
v 5.986703 -0.000978 -20.189417
v 5.986703 0.010860 -20.217989
v 6.128154 0.039432 -20.229826
v 6.128154 0.068004 -20.217989
v 6.128154 0.079842 -20.189417
v 6.128154 0.068004 -20.160845
v 6.128154 0.039432 -20.149008
v 6.128154 0.010860 -20.160845
v 6.128154 -0.000978 -20.189417
v 6.128154 0.010860 -20.217989
v 6.270098 0.039432 -20.229826
v 6.270098 0.068004 -20.217989
v 6.270098 0.079842 -20.189417
v 6.270098 0.068004 -20.160845
v 6.270098 0.039432 -20.149008
v 6.270098 0.010860 -20.160845
v 6.270098 -0.000978 -20.189417
v 6.270098 0.010860 -20.217989
v 6.411885 0.039432 -20.229826
v 6.411885 0.068004 -20.217989
v 6.411885 0.079842 -20.189417
v 6.411885 0.068004 -20.160845
v 6.411885 0.039432 -20.149008
v 6.411885 0.010860 -20.160845
v 6.411885 -0.000978 -20.189417
v 6.411885 0.010860 -20.217989
v 6.552866 0.039432 -20.229826
v 6.552866 0.068004 -20.217989
v 6.552866 0.079842 -20.189417
v 6.552866 0.068004 -20.160845
v 6.552866 0.039432 -20.149008
v 6.552866 0.010860 -20.160845
v 6.552866 -0.000978 -20.189417
v 6.552866 0.010860 -20.217989
v 6.692391 0.039432 -20.229826
v 6.692391 0.068004 -20.217989
v 6.692390 0.079842 -20.189417
v 6.692391 0.068004 -20.160845
v 6.692391 0.039432 -20.149008
v 6.692392 0.010860 -20.160845
v 6.692392 -0.000978 -20.189417
v 6.692392 0.010860 -20.217989
v 6.781232 0.039435 -20.229826
v 6.781230 0.068007 -20.217989
v 6.781229 0.079845 -20.189417
v 6.781230 0.068007 -20.160845
v 6.781232 0.039435 -20.149008
v 6.781234 0.010864 -20.160845
v 6.781235 -0.000975 -20.189417
v 6.781234 0.010864 -20.217989
v 6.869342 0.039444 -20.229826
v 6.869339 0.068015 -20.217989
v 6.869338 0.079854 -20.189417
v 6.869339 0.068015 -20.160845
v 6.869342 0.039444 -20.149008
v 6.869346 0.010872 -20.160845
v 6.869347 -0.000966 -20.189417
v 6.869346 0.010872 -20.217989
v 6.956204 0.039456 -20.229826
v 6.956200 0.068027 -20.217989
v 6.956198 0.079866 -20.189417
v 6.956200 0.068027 -20.160845
v 6.956204 0.039456 -20.149008
v 6.956209 0.010884 -20.160845
v 6.956211 -0.000954 -20.189417
v 6.956209 0.010884 -20.217989
v 7.041300 0.039470 -20.229826
v 7.041295 0.068041 -20.217989
v 7.041293 0.079880 -20.189417
v 7.041295 0.068041 -20.160845
v 7.041300 0.039470 -20.149008
v 7.041305 0.010898 -20.160845
v 7.041306 -0.000940 -20.189417
v 7.041305 0.010898 -20.217989
v 7.124111 0.039483 -20.229826
v 7.124106 0.068055 -20.217989
v 7.124104 0.079893 -20.189417
v 7.124106 0.068055 -20.160845
v 7.124111 0.039483 -20.149008
v 7.124115 0.010912 -20.160845
v 7.124117 -0.000927 -20.189417
v 7.124115 0.010912 -20.217989
v 7.204119 0.039495 -20.229826
v 7.204115 0.068067 -20.217989
v 7.204113 0.079905 -20.189417
v 7.204115 0.068067 -20.160845
v 7.204119 0.039495 -20.149008
v 7.204123 0.010924 -20.160845
v 7.204124 -0.000915 -20.189417
v 7.204123 0.010924 -20.217989
v 7.280806 0.039504 -20.229826
v 7.280803 0.068076 -20.217989
v 7.280802 0.079914 -20.189417
v 7.280803 0.068076 -20.160845
v 7.280806 0.039504 -20.149008
v 7.280808 0.010932 -20.160845
v 7.280809 -0.000906 -20.189417
v 7.280808 0.010932 -20.217989
v 7.353653 0.039507 -20.229826
v 7.353653 0.068079 -20.217989
v 7.353653 0.079917 -20.189417
v 7.353653 0.068079 -20.160845
v 7.353653 0.039507 -20.149008
v 7.353653 0.010935 -20.160845
v 7.353653 -0.000903 -20.189417
v 7.353653 0.010935 -20.217989
v 7.422143 0.039503 -20.229826
v 7.422147 0.068075 -20.217989
v 7.422149 0.079913 -20.189417
v 7.422147 0.068075 -20.160845
v 7.422143 0.039503 -20.149008
v 7.422140 0.010932 -20.160845
v 7.422138 -0.000907 -20.189417
v 7.422140 0.010932 -20.217989
v 7.485758 0.039491 -20.229826
v 7.485767 0.068062 -20.217989
v 7.485770 0.079901 -20.189417
v 7.485767 0.068062 -20.160845
v 7.485758 0.039491 -20.149008
v 7.485750 0.010919 -20.160845
v 7.485746 -0.000919 -20.189417
v 7.485750 0.010919 -20.217989
v 7.543979 0.039468 -20.229826
v 7.543994 0.068039 -20.217989
v 7.544001 0.079877 -20.189417
v 7.543994 0.068039 -20.160845
v 7.543979 0.039468 -20.149008
v 7.543964 0.010896 -20.160845
v 7.543957 -0.000942 -20.189417
v 7.543964 0.010896 -20.217989
v 7.596582 0.039433 -20.229826
v 7.596303 0.068004 -20.217989
v 7.596015 0.079841 -20.189419
v 7.595887 0.068002 -20.160847
v 7.595993 0.039431 -20.149008
v 7.596271 0.010860 -20.160845
v 7.596559 -0.000977 -20.189415
v 7.596688 0.010862 -20.217987
v 7.637907 0.040022 -20.229219
v 7.636609 0.068572 -20.217402
v 7.635370 0.080391 -20.188848
v 7.634916 0.068546 -20.160282
v 7.635513 0.039984 -20.148436
v 7.636812 0.011434 -20.160254
v 7.638051 -0.000385 -20.188807
v 7.638504 0.011460 -20.217373
v 7.675489 0.041993 -20.227537
v 7.672545 0.070451 -20.215794
v 7.669906 0.082191 -20.187304
v 7.669118 0.070327 -20.158752
v 7.670644 0.041818 -20.146864
v 7.673588 0.013359 -20.158607
v 7.676228 0.001619 -20.187098
v 7.677015 0.013483 -20.215649
v 7.709148 0.045535 -20.224985
v 7.704104 0.073763 -20.213400
v 7.699874 0.085329 -20.185032
v 7.698936 0.073448 -20.156492
v 7.701839 0.045090 -20.144499
v 7.706884 0.016862 -20.156084
v 7.711114 0.005296 -20.184452
v 7.712052 0.017176 -20.212992
v 7.738986 0.050842 -20.221777
v 7.731291 0.078583 -20.210476
v 7.725258 0.089817 -20.182301
v 7.724424 0.077956 -20.153749
v 7.729274 0.049955 -20.141546
v 7.736969 0.022214 -20.152847
v 7.743001 0.010979 -20.181023
v 7.743835 0.022841 -20.209574
v 7.765076 0.058097 -20.218126
v 7.754109 0.084904 -20.207281
v 7.746072 0.095566 -20.179384
v 7.745676 0.083830 -20.150774
v 7.753149 0.056578 -20.138205
v 7.764115 0.029771 -20.149050
v 7.772152 0.019109 -20.176947
v 7.772549 0.030845 -20.205557
v 7.787465 0.067457 -20.214266
v 7.772637 0.092615 -20.204082
v 7.762460 0.102363 -20.176554
v 7.762899 0.090983 -20.147799
v 7.773692 0.065149 -20.134661
v 7.788520 0.039991 -20.144844
v 7.798697 0.030243 -20.172373
v 7.798258 0.041623 -20.201128
v 7.806184 0.079019 -20.210436
v 7.787153 0.101540 -20.201105
v 7.774865 0.109965 -20.174002
v 7.776523 0.099350 -20.145000
v 7.791149 0.075920 -20.131086
v 7.810180 0.053398 -20.140417
v 7.822468 0.044974 -20.167521
v 7.820810 0.055589 -20.196522
v 7.821301 0.092807 -20.206879
v 7.798235 0.111622 -20.198483
v 7.784118 0.118365 -20.171804
v 7.787224 0.109081 -20.142467
v 7.805727 0.089213 -20.127655
v 7.828792 0.070399 -20.136051
v 7.842909 0.063656 -20.162729
v 7.839804 0.072940 -20.192066
v 7.832996 0.108831 -20.203815
v 7.806661 0.123178 -20.196259
v 7.791217 0.128108 -20.169920
v 7.795718 0.120730 -20.140226
v 7.817519 0.105369 -20.124565
v 7.843855 0.091022 -20.132122
v 7.859298 0.086091 -20.158461
v 7.854797 0.093469 -20.188154
v 7.841556 0.127181 -20.201422
v 7.813048 0.136941 -20.194456
v 7.796832 0.140242 -20.168329
v 7.802414 0.135146 -20.138340
v 7.826517 0.124642 -20.122053
v 7.855025 0.114882 -20.129019
v 7.871241 0.111581 -20.155146
v 7.865658 0.116677 -20.185135
v 7.847279 0.148080 -20.199862
v 7.817613 0.153744 -20.193203
v 7.801051 0.155821 -20.167166
v 7.807302 0.153093 -20.137001
v 7.832696 0.147159 -20.120375
v 7.862362 0.141496 -20.127033
v 7.878923 0.139419 -20.153070
v 7.872672 0.142147 -20.183235
v 7.850457 0.172263 -20.199301
v 7.820330 0.174675 -20.192738
v 7.803627 0.175753 -20.166731
v 7.810139 0.174866 -20.136511
v 7.836043 0.172533 -20.119776
v 7.866169 0.170122 -20.126339
v 7.882873 0.169043 -20.152346
v 7.876360 0.169931 -20.182566
v 7.854136 0.280867 -20.199318
v 7.823919 0.281564 -20.192764
v 7.807179 0.281952 -20.166763
v 7.813730 0.281805 -20.136538
v 7.839725 0.281207 -20.119793
v 7.869942 0.280511 -20.126347
v 7.886682 0.280122 -20.152348
v 7.880131 0.280270 -20.182573
v 7.856541 0.477826 -20.199327
v 7.826317 0.478085 -20.192774
v 7.809573 0.478229 -20.166773
v 7.816126 0.478174 -20.136547
v 7.842127 0.477952 -20.119802
v 7.872351 0.477694 -20.126356
v 7.889094 0.477550 -20.152357
v 7.882542 0.477605 -20.182583
v 7.857849 0.745991 -20.199331
v 7.827624 0.746083 -20.192778
v 7.810880 0.746135 -20.166777
v 7.817433 0.746115 -20.136551
v 7.843435 0.746035 -20.119806
v 7.873660 0.745943 -20.126360
v 7.890404 0.745892 -20.152361
v 7.883852 0.745912 -20.182587
v 7.858245 1.068468 -20.199329
v 7.828020 1.068473 -20.192776
v 7.811276 1.068475 -20.166775
v 7.817829 1.068473 -20.136549
v 7.843831 1.068469 -20.119804
v 7.874056 1.068465 -20.126358
v 7.890800 1.068463 -20.152359
v 7.884247 1.068464 -20.182585
v 7.857911 1.428327 -20.199324
v 7.827686 1.428278 -20.192770
v 7.810942 1.428251 -20.166769
v 7.817494 1.428261 -20.136543
v 7.843497 1.428303 -20.119799
v 7.873722 1.428352 -20.126352
v 7.890466 1.428380 -20.152353
v 7.883913 1.428369 -20.182579
v 7.857029 1.808632 -20.199316
v 7.826804 1.808548 -20.192762
v 7.810060 1.808501 -20.166761
v 7.816613 1.808519 -20.136536
v 7.842615 1.808591 -20.119791
v 7.872840 1.808675 -20.126345
v 7.889584 1.808722 -20.152346
v 7.883031 1.808704 -20.182571
v 7.855782 2.192443 -20.199308
v 7.825557 2.192336 -20.192755
v 7.808813 2.192276 -20.166754
v 7.815366 2.192298 -20.136528
v 7.841368 2.192390 -20.119783
v 7.871593 2.192498 -20.126337
v 7.888337 2.192558 -20.152338
v 7.881784 2.192535 -20.182564
v 7.854352 2.562821 -20.199301
v 7.824128 2.562699 -20.192747
v 7.807384 2.562631 -20.166746
v 7.813937 2.562657 -20.136520
v 7.839939 2.562761 -20.119776
v 7.870163 2.562883 -20.126329
v 7.886907 2.562951 -20.152330
v 7.880354 2.562925 -20.182556
v 7.852923 2.902824 -20.199295
v 7.822698 2.902696 -20.192741
v 7.805954 2.902625 -20.166740
v 7.812507 2.902652 -20.136515
v 7.838509 2.902762 -20.119770
v 7.868734 2.902890 -20.126324
v 7.885478 2.902961 -20.152325
v 7.878925 2.902934 -20.182550
v 7.851676 3.195512 -20.199291
v 7.821451 3.195389 -20.192738
v 7.804707 3.195321 -20.166737
v 7.811260 3.195347 -20.136511
v 7.837262 3.195453 -20.119766
v 7.867486 3.195576 -20.126320
v 7.884230 3.195644 -20.152321
v 7.877677 3.195617 -20.182547
v 7.850793 3.423939 -20.199293
v 7.820568 3.423846 -20.192739
v 7.803824 3.423795 -20.166739
v 7.810377 3.423816 -20.136513
v 7.836379 3.423897 -20.119768
v 7.866604 3.423990 -20.126322
v 7.883348 3.424040 -20.152323
v 7.876795 3.424019 -20.182549
v 7.850438 3.568664 -20.199224
v 7.820221 3.569589 -20.192703
v 7.803491 3.571434 -20.166758
v 7.810056 3.573117 -20.136581
v 7.836061 3.573654 -20.119852
v 7.866279 3.572729 -20.126373
v 7.883009 3.570884 -20.152319
v 7.876444 3.569201 -20.182495
v 7.852012 3.612720 -20.204178
v 7.821952 3.616797 -20.198158
v 7.805524 3.624713 -20.173178
v 7.812360 3.631831 -20.143867
v 7.838446 3.633983 -20.127396
v 7.868506 3.629906 -20.133415
v 7.884934 3.621990 -20.158396
v 7.878098 3.614872 -20.187706
v 7.856125 3.643809 -20.217155
v 7.826586 3.651859 -20.212780
v 7.811172 3.667487 -20.190994
v 7.818917 3.681539 -20.164555
v 7.845278 3.685786 -20.148949
v 7.874817 3.677736 -20.153324
v 7.890232 3.662108 -20.175110
v 7.882486 3.648056 -20.201550
v 7.862557 3.669319 -20.237444
v 7.833723 3.680292 -20.235291
v 7.819674 3.701594 -20.217815
v 7.828650 3.720748 -20.195253
v 7.855382 3.726537 -20.180819
v 7.884216 3.715563 -20.182972
v 7.898265 3.694261 -20.200447
v 7.889290 3.675107 -20.223009
v 7.871377 3.692318 -20.265261
v 7.843135 3.704920 -20.264975
v 7.830236 3.729382 -20.251127
v 7.840246 3.751377 -20.231827
v 7.867291 3.758025 -20.218378
v 7.895533 3.745423 -20.218664
v 7.908431 3.720961 -20.232512
v 7.898422 3.698966 -20.251812
v 7.882286 3.714306 -20.299669
v 7.854371 3.727598 -20.300415
v 7.842107 3.753400 -20.288568
v 7.852686 3.776600 -20.271067
v 7.879904 3.783612 -20.258162
v 7.907819 3.770320 -20.257416
v 7.920083 3.744518 -20.269262
v 7.909503 3.721318 -20.286764
v 7.894649 3.736882 -20.338661
v 7.866771 3.750245 -20.339525
v 7.854580 3.776185 -20.327908
v 7.865224 3.799508 -20.310610
v 7.892461 3.806557 -20.297768
v 7.920339 3.793194 -20.296904
v 7.932530 3.767254 -20.308521
v 7.921886 3.743931 -20.325819
v 7.907726 3.762288 -20.379904
v 7.879611 3.775175 -20.380022
v 7.866961 3.800189 -20.366955
v 7.877192 3.822681 -20.348356
v 7.904305 3.829478 -20.335119
v 7.932419 3.816592 -20.335001
v 7.945070 3.791577 -20.348068
v 7.934838 3.769086 -20.366667
v 7.920724 3.793335 -20.420898
v 7.892136 3.805051 -20.419519
v 7.878564 3.827795 -20.403549
v 7.887968 3.848245 -20.382339
v 7.914830 3.854425 -20.368313
v 7.943419 3.842709 -20.369692
v 7.956990 3.819965 -20.385662
v 7.947586 3.799515 -20.406872
v 7.932691 3.833047 -20.458639
v 7.903488 3.842672 -20.455320
v 7.888723 3.861356 -20.435587
v 7.897054 3.878155 -20.410994
v 7.923591 3.883233 -20.395945
v 7.952795 3.873608 -20.399263
v 7.967559 3.854923 -20.418997
v 7.959229 3.838124 -20.443590
v 7.942446 3.883835 -20.489405
v 7.912672 3.890454 -20.484287
v 7.896800 3.903304 -20.461061
v 7.904135 3.914858 -20.433327
v 7.930372 3.918350 -20.417330
v 7.960146 3.911730 -20.422447
v 7.976018 3.898880 -20.445673
v 7.968683 3.887326 -20.473408
v 7.948834 3.946818 -20.509550
v 7.918709 3.950020 -20.503328
v 7.902156 3.956237 -20.477953
v 7.908879 3.961828 -20.448288
v 7.934930 3.963517 -20.431707
v 7.965055 3.960315 -20.437929
v 7.981608 3.954097 -20.463305
v 7.974885 3.948507 -20.492970
v 7.950976 4.020703 -20.516598
v 7.920768 4.020718 -20.509966
v 7.904086 4.021948 -20.483953
v 7.910707 4.023675 -20.453793
v 7.936747 4.024886 -20.437149
v 7.966955 4.024872 -20.443781
v 7.983637 4.023641 -20.469793
v 7.977015 4.021914 -20.499954
v 7.949763 4.043629 -20.517033
v 7.919760 4.040414 -20.510252
v 7.903215 4.039471 -20.484140
v 7.909827 4.041352 -20.453987
v 7.935715 4.044955 -20.437454
v 7.965718 4.048170 -20.444235
v 7.982263 4.049113 -20.470346
v 7.975651 4.047232 -20.500500
v 7.946678 4.060812 -20.518015
v 7.917405 4.053709 -20.511007
v 7.901088 4.051554 -20.484823
v 7.907291 4.055614 -20.454798
v 7.932373 4.063508 -20.438517
v 7.961646 4.070611 -20.445524
v 7.977963 4.072766 -20.471708
v 7.971760 4.068706 -20.501734
v 7.941832 4.074750 -20.519491
v 7.914174 4.063116 -20.511997
v 7.898393 4.059456 -20.485653
v 7.903739 4.065920 -20.455885
v 7.927073 4.078718 -20.440130
v 7.954731 4.090353 -20.447624
v 7.970512 4.094012 -20.473969
v 7.965166 4.087548 -20.503736
v 7.935410 4.085886 -20.521349
v 7.910524 4.069501 -20.513063
v 7.895727 4.064155 -20.486437
v 7.899693 4.072985 -20.457064
v 7.920092 4.090814 -20.442148
v 7.944978 4.107199 -20.450434
v 7.959775 4.112545 -20.477060
v 7.955810 4.103715 -20.506433
v 7.927527 4.094641 -20.523491
v 7.906505 4.073963 -20.514166
v 7.893183 4.066978 -20.487144
v 7.895370 4.077783 -20.458248
v 7.911779 4.100044 -20.444405
v 7.932802 4.120722 -20.453730
v 7.946124 4.127707 -20.480751
v 7.943937 4.116902 -20.509647
v 7.918263 4.101346 -20.525820
v 7.901695 4.077407 -20.515387
v 7.890219 4.069070 -20.487904
v 7.890562 4.081227 -20.459467
v 7.902517 4.106750 -20.446733
v 7.919086 4.130689 -20.457167
v 7.930562 4.139025 -20.484650
v 7.930219 4.126869 -20.513086
v 7.907745 4.106253 -20.528221
v 7.895553 4.080228 -20.516796
v 7.886078 4.070937 -20.488861
v 7.884874 4.083831 -20.460775
v 7.892642 4.111349 -20.448990
v 7.904835 4.137374 -20.460415
v 7.914309 4.146665 -20.488350
v 7.915513 4.133770 -20.516436
v 7.896157 4.109594 -20.530560
v 7.887793 4.082430 -20.518368
v 7.880308 4.072547 -20.490034
v 7.878088 4.085743 -20.462152
v 7.882432 4.114281 -20.451050
v 7.890797 4.141445 -20.463242
v 7.898282 4.151328 -20.491575
v 7.900501 4.138132 -20.519457
v 7.883719 4.111633 -20.532677
v 7.878456 4.083936 -20.519962
v 7.872881 4.073725 -20.491308
v 7.870262 4.086989 -20.463493
v 7.872130 4.115952 -20.452808
v 7.877394 4.143650 -20.465523
v 7.882969 4.153861 -20.494177
v 7.885588 4.140596 -20.521992
v 7.870642 4.112669 -20.534414
v 7.867753 4.084768 -20.521389
v 7.864022 4.074398 -20.492493
v 7.861635 4.087643 -20.464647
v 7.861989 4.116736 -20.454161
v 7.864879 4.144638 -20.467186
v 7.868610 4.155007 -20.496082
v 7.870997 4.141763 -20.523928
v 7.857103 4.113033 -20.535601
v 7.855917 4.085075 -20.522430
v 7.854017 4.074645 -20.493378
v 7.852517 4.087861 -20.465456
v 7.852294 4.116972 -20.455019
v 7.853481 4.144930 -20.468189
v 7.855380 4.155361 -20.497242
v 7.856880 4.142145 -20.525164
v 7.843304 4.113075 -20.536047
v 7.843304 4.085109 -20.522840
v 7.843304 4.074665 -20.493731
v 7.843304 4.087871 -20.465765
v 7.843304 4.116981 -20.455320
v 7.843304 4.144947 -20.468527
v 7.843304 4.155391 -20.497637
v 7.843304 4.142185 -20.525602
vn -0.9984 0.0547 -0.0128
vn -0.9983 0.0520 -0.0254
vn -0.7390 -0.6018 0.3028
vn -0.7262 -0.6704 0.1523
vn -0.6709 0.7226 -0.1663
vn -0.6806 0.6560 -0.3261
vn 0.0000 0.9745 -0.2244
vn 0.0000 0.8955 -0.4451
vn 0.6709 0.7226 -0.1663
vn 0.6806 0.6560 -0.3261
vn 0.9984 0.0547 -0.0128
vn 0.9983 0.0520 -0.0254
vn 0.7262 -0.6704 0.1523
vn 0.7390 -0.6018 0.3028
vn 0.0000 -0.9752 0.2211
vn 0.0000 -0.8928 0.4505
vn -0.9991 0.0277 -0.0314
vn -0.7281 -0.4367 0.5282
vn -0.6865 0.4690 -0.5556
vn 0.0000 0.6453 -0.7639
vn 0.6865 0.4690 -0.5556
vn 0.9991 0.0277 -0.0314
vn 0.7281 -0.4367 0.5282
vn 0.0000 -0.6355 0.7721
vn -0.9997 0.0102 -0.0211
vn -0.7183 -0.2868 0.6338
vn -0.6950 0.2999 -0.6534
vn 0.0000 0.4174 -0.9087
vn 0.6950 0.2999 -0.6534
vn 0.9997 0.0102 -0.0211
vn 0.7183 -0.2868 0.6338
vn 0.0000 -0.4115 0.9114
vn -0.9999 0.0034 -0.0110
vn -0.7127 -0.1962 0.6735
vn -0.7012 0.2004 -0.6842
vn 0.0000 0.2813 -0.9596
vn 0.7012 0.2004 -0.6842
vn 0.9999 0.0034 -0.0110
vn 0.7127 -0.1962 0.6735
vn 0.0000 -0.2795 0.9601
vn -1.0000 0.0009 -0.0037
vn -0.7089 -0.1545 0.6881
vn -0.7051 0.1556 -0.6918
vn 0.0000 0.2195 -0.9756
vn 0.7051 0.1556 -0.6918
vn 1.0000 0.0009 -0.0037
vn 0.7089 -0.1545 0.6881
vn 0.0000 -0.2191 0.9757
vn -1.0000 -0.0005 0.0021
vn -0.7059 -0.1507 0.6920
vn -0.7082 0.1502 -0.6899
vn 0.0000 0.2127 -0.9771
vn 0.7082 0.1502 -0.6899
vn 1.0000 -0.0005 0.0021
vn 0.7059 -0.1507 0.6920
vn 0.0000 -0.2128 0.9771
vn -0.9999 -0.0022 0.0082
vn -0.7028 -0.1820 0.6877
vn -0.7113 0.1794 -0.6796
vn 0.0000 0.2551 -0.9669
vn 0.7113 0.1794 -0.6796
vn 0.9999 -0.0022 0.0082
vn 0.7028 -0.1820 0.6877
vn 0.0000 -0.2559 0.9667
vn -0.9998 -0.0061 0.0155
vn -0.6987 -0.2538 0.6689
vn -0.7153 0.2466 -0.6539
vn 0.0000 0.3526 -0.9358
vn 0.7153 0.2466 -0.6539
vn 0.9998 -0.0061 0.0155
vn 0.6987 -0.2538 0.6689
vn 0.0000 -0.3548 0.9349
vn -0.9996 -0.0150 0.0239
vn -0.6930 -0.3755 0.6153
vn -0.7211 0.3583 -0.5929
vn 0.0000 0.5166 -0.8562
vn 0.7211 0.3583 -0.5929
vn 0.9996 -0.0150 0.0238
vn 0.6930 -0.3755 0.6153
vn 0.0000 -0.5211 0.8535
vn -0.9991 -0.0311 0.0276
vn -0.6871 -0.5387 0.4875
vn -0.7288 0.5055 -0.4618
vn 0.0000 0.7377 -0.6751
vn 0.7288 0.5055 -0.4618
vn 0.9991 -0.0311 0.0276
vn 0.6871 -0.5387 0.4875
vn 0.0000 -0.7415 0.6709
vn -0.9988 -0.0442 0.0175
vn -0.6856 -0.6782 0.2647
vn -0.7335 0.6340 -0.2449
vn 0.0000 0.9330 -0.3597
vn 0.7335 0.6340 -0.2449
vn 0.9988 -0.0442 0.0175
vn 0.6856 -0.6782 0.2647
vn 0.0000 -0.9315 0.3636
vn -0.9998 -0.0211 0.0025
vn -0.6958 -0.7153 0.0646
vn -0.7168 0.6948 -0.0583
vn 0.0000 0.9966 -0.0827
vn 0.7168 0.6948 -0.0583
vn 0.9998 -0.0211 0.0025
vn 0.6958 -0.7153 0.0646
vn 0.0000 -0.9959 0.0904
vn -1.0000 0.0000 0.0001
vn -0.7068 -0.7074 0.0004
vn -0.7068 0.7074 0.0004
vn 0.0000 1.0000 0.0008
vn 0.7068 0.7074 0.0004
vn 1.0000 0.0000 0.0001
vn 0.7068 -0.7074 0.0004
vn 0.0000 -1.0000 0.0007
vn -1.0000 0.0000 0.0000
vn -0.7071 -0.7071 0.0000
vn -0.7071 0.7071 0.0000
vn 0.0000 1.0000 0.0000
vn 0.7071 0.7071 0.0000
vn 1.0000 0.0000 0.0000
vn 0.7071 -0.7071 0.0000
vn 0.0000 -1.0000 0.0000
vn -1.0000 0.0000 -0.0001
vn -0.7071 -0.7071 -0.0001
vn -0.7071 0.7071 -0.0001
vn 0.7071 0.7071 -0.0001
vn 1.0000 0.0000 -0.0001
vn 0.7071 -0.7071 -0.0001
vn -0.9994 0.0000 -0.0337
vn -0.7108 -0.7029 -0.0238
vn -0.7108 0.7029 -0.0238
vn -0.0078 1.0000 -0.0005
vn 0.7032 0.7107 0.0214
vn 0.9995 0.0000 0.0300
vn 0.7032 -0.7107 0.0214
vn -0.0078 -1.0000 -0.0005
vn -0.9889 0.0000 -0.1487
vn -0.7089 -0.6973 -0.1063
vn -0.7089 0.6973 -0.1063
vn -0.0197 0.9998 -0.0035
vn 0.6897 0.7172 0.0992
vn 0.9899 0.0000 0.1414
vn 0.6897 -0.7172 0.0992
vn -0.0197 -0.9998 -0.0035
vn -0.9428 0.0000 -0.3332
vn -0.6788 -0.6941 -0.2396
vn -0.6787 0.6941 -0.2397
vn -0.0247 0.9996 -0.0093
vn 0.6556 0.7204 0.2262
vn 0.9458 0.0000 0.3248
vn 0.6556 -0.7204 0.2262
vn -0.0247 -0.9996 -0.0093
vn -0.8385 0.0000 -0.5448
vn -0.6054 -0.6919 -0.3932
vn -0.6054 0.6919 -0.3932
vn -0.0262 0.9995 -0.0174
vn 0.5804 0.7236 0.3734
vn 0.8416 0.0000 0.5401
vn 0.5804 -0.7237 0.3734
vn -0.0262 -0.9995 -0.0174
vn -0.6723 0.0000 -0.7402
vn -0.4854 -0.6918 -0.5346
vn -0.4854 0.6918 -0.5345
vn -0.0217 0.9995 -0.0234
vn 0.4616 0.7241 0.5125
vn 0.6684 0.0000 0.7438
vn 0.4616 -0.7240 0.5125
vn -0.0217 -0.9995 -0.0234
vn -0.4770 0.0000 -0.8789
vn -0.3433 -0.6939 -0.6330
vn -0.3433 0.6939 -0.6330
vn -0.0135 0.9996 -0.0234
vn 0.3249 0.7208 0.6122
vn 0.4669 0.0000 0.8843
vn 0.3249 -0.7208 0.6122
vn -0.0135 -0.9996 -0.0234
vn -0.2989 0.0000 -0.9543
vn -0.2141 -0.6971 -0.6842
vn -0.2141 0.6971 -0.6842
vn -0.0066 0.9998 -0.0189
vn 0.2034 0.7170 0.6667
vn 0.2905 0.0000 0.9568
vn 0.2034 -0.7170 0.6667
vn -0.0066 -0.9998 -0.0189
vn -0.1636 0.0000 -0.9865
vn -0.1166 -0.7002 -0.7043
vn -0.1166 0.7002 -0.7043
vn -0.0026 0.9999 -0.0133
vn 0.1118 0.7138 0.6914
vn 0.1590 0.0000 0.9873
vn 0.1118 -0.7138 0.6914
vn -0.0026 -0.9999 -0.0133
vn -0.0727 0.0000 -0.9973
vn -0.0516 -0.7028 -0.7095
vn -0.0516 0.7028 -0.7095
vn -0.0008 0.9999 -0.0085
vn 0.0498 0.7113 0.7011
vn 0.0706 0.0000 0.9975
vn 0.0498 -0.7113 0.7011
vn -0.0008 -0.9999 -0.0085
vn -0.0182 0.0000 -0.9998
vn -0.0129 -0.7048 -0.7093
vn -0.0129 0.7048 -0.7093
vn -0.0001 1.0000 -0.0046
vn 0.0124 0.7094 0.7047
vn 0.0175 0.0000 0.9998
vn 0.0124 -0.7094 0.7047
vn -0.0002 -1.0000 -0.0046
vn 0.0079 0.0000 -0.9999
vn 0.0056 -0.7063 -0.7079
vn 0.0056 0.7063 -0.7079
vn 0.0000 1.0000 -0.0016
vn -0.0057 0.7079 0.7062
vn -0.0081 0.0000 0.9999
vn -0.0057 -0.7079 0.7062
vn 0.0000 -1.0000 -0.0016
vn 0.0118 0.0000 -0.9999
vn 0.0084 -0.7074 -0.7067
vn 0.0084 0.7074 -0.7067
vn 0.0000 1.0000 0.0007
vn -0.0084 0.7067 0.7074
vn -0.0119 0.0000 0.9999
vn -0.0084 -0.7067 0.7074
vn 0.0044 0.0000 -1.0000
vn 0.0031 -0.7076 -0.7066
vn 0.0031 0.7076 -0.7066
vn 0.0000 1.0000 0.0011
vn -0.0031 0.7065 0.7076
vn -0.0044 0.0000 1.0000
vn -0.0031 -0.7065 0.7076
vn 0.0000 -1.0000 0.0011
vn 0.0000 0.0000 -1.0000
vn 0.0000 -0.7071 -0.7071
vn 0.0000 0.7071 -0.7071
vn 0.0000 0.7071 0.7071
vn 0.0000 0.0000 1.0000
vn 0.0000 -0.7071 0.7071
vn -0.0001 1.0000 0.0000
vn 0.0001 -1.0000 0.0000
vn 0.0001 -0.7071 -0.7071
vn -0.0001 0.7071 -0.7071
vn -0.0001 0.7071 0.7071
vn 0.0001 -0.7071 0.7071
vn -0.0002 1.0000 0.0000
vn 0.0002 -1.0000 0.0000
vn -0.0001 -0.7071 -0.7071
vn 0.0001 0.7071 -0.7071
vn 0.0001 1.0000 0.0000
vn 0.0001 0.7071 0.7071
vn -0.0001 -0.7071 0.7071
vn -0.0001 -1.0000 0.0000
vn -0.0002 -0.7071 -0.7071
vn 0.0002 0.7071 -0.7071
vn 0.0003 1.0000 0.0000
vn 0.0002 0.7071 0.7071
vn -0.0002 -0.7071 0.7071
vn -0.0003 -1.0000 0.0000
vn -0.0004 -0.7071 -0.7071
vn 0.0004 0.7071 -0.7071
vn 0.0005 1.0000 0.0000
vn 0.0004 0.7071 0.7071
vn -0.0004 -0.7071 0.7071
vn -0.0005 -1.0000 0.0000
vn 0.0074 -0.0018 -1.0000
vn 0.0100 -0.7071 -0.7070
vn 0.0004 0.7053 -0.7089
vn -0.0066 1.0000 -0.0018
vn -0.0098 0.7071 0.7071
vn -0.0072 -0.0018 1.0000
vn -0.0003 -0.7089 0.7053
vn 0.0068 -1.0000 -0.0017
vn 0.0298 -0.0041 -0.9995
vn 0.0446 -0.7068 -0.7059
vn -0.0022 0.7029 -0.7113
vn -0.0329 0.9994 -0.0042
vn -0.0442 0.7059 0.7069
vn -0.0294 -0.0052 0.9995
vn 0.0028 -0.7112 0.7030
vn 0.0334 -0.9994 -0.0031
vn 0.0605 -0.0041 -0.9981
vn 0.0979 -0.7047 -0.7027
vn -0.0121 0.7014 -0.7126
vn -0.0777 0.9969 -0.0063
vn -0.0974 0.7021 0.7053
vn -0.0594 -0.0085 0.9982
vn 0.0137 -0.7114 0.7026
vn 0.0786 -0.9969 -0.0011
vn 0.0916 -0.0029 -0.9958
vn 0.1627 -0.6987 -0.6967
vn -0.0328 0.6980 -0.7153
vn -0.1382 0.9903 -0.0109
vn -0.1618 0.6939 0.7016
vn -0.0891 -0.0140 0.9959
vn 0.0360 -0.7101 0.7031
vn 0.1398 -0.9901 0.0035
vn 0.1227 -0.0001 -0.9924
vn 0.2410 -0.6857 -0.6868
vn -0.0673 0.6903 -0.7204
vn -0.2182 0.9757 -0.0194
vn -0.2392 0.6783 0.6948
vn -0.1175 -0.0222 0.9928
vn 0.0732 -0.7046 0.7057
vn 0.2206 -0.9752 0.0123
vn 0.1525 0.0048 -0.9883
vn 0.3341 -0.6609 -0.6719
vn -0.1187 0.6739 -0.7292
vn -0.3207 0.9466 -0.0333
vn -0.3306 0.6503 0.6839
vn -0.1426 -0.0329 0.9892
vn 0.1286 -0.6904 0.7119
vn 0.3242 -0.9456 0.0271
vn 0.1790 0.0120 -0.9838
vn 0.4404 -0.6176 -0.6516
vn -0.1886 0.6422 -0.7429
vn -0.4458 0.8935 -0.0542
vn -0.4342 0.6038 0.6685
vn -0.1617 -0.0453 0.9858
vn 0.2039 -0.6598 0.7232
vn 0.4500 -0.8916 0.0493
vn 0.1992 0.0206 -0.9797
vn 0.5524 -0.5495 -0.6268
vn -0.2741 0.5871 -0.7617
vn -0.5868 0.8056 -0.0817
vn -0.5430 0.5331 0.6488
vn -0.1726 -0.0562 0.9834
vn 0.2947 -0.6040 0.7404
vn 0.5903 -0.8033 0.0787
vn 0.2103 0.0281 -0.9772
vn 0.6566 -0.4555 -0.6011
vn -0.3657 0.5025 -0.7834
vn -0.7268 0.6775 -0.1126
vn -0.6439 0.4381 0.6272
vn -0.1749 -0.0608 0.9827
vn 0.3894 -0.5172 0.7621
vn 0.7277 -0.6766 0.1119
vn 0.2115 0.0303 -0.9769
vn 0.7384 -0.3446 -0.5796
vn -0.4481 0.3919 -0.8035
vn -0.8433 0.5186 -0.1409
vn -0.7232 0.3291 0.6072
vn -0.1715 -0.0552 0.9836
vn 0.4715 -0.4032 0.7842
vn 0.8419 -0.5205 0.1426
vn 0.2055 0.0236 -0.9784
vn 0.7905 -0.2338 -0.5660
vn -0.5090 0.2688 -0.8177
vn -0.9219 0.3522 -0.1611
vn -0.7743 0.2226 0.5924
vn -0.1668 -0.0391 0.9852
vn 0.5293 -0.2766 0.8020
vn 0.9198 -0.3559 0.1650
vn 0.1974 0.0074 -0.9803
vn 0.8165 -0.1384 -0.5605
vn -0.5456 0.1486 -0.8248
vn -0.9645 0.2006 -0.1714
vn -0.8010 0.1322 0.5839
vn -0.1639 -0.0152 0.9863
vn 0.5616 -0.1540 0.8130
vn 0.9627 -0.2044 0.1770
vn 0.1901 -0.0046 -0.9817
vn 0.8245 -0.0620 -0.5624
vn -0.5607 0.0548 -0.8262
vn -0.9807 0.0817 -0.1774
vn -0.8143 0.0600 0.5773
vn -0.1664 0.0021 0.9861
vn 0.5737 -0.0576 0.8170
vn 0.9803 -0.0840 0.1787
vn 0.1808 -0.0043 -0.9835
vn 0.8226 -0.0191 -0.5683
vn -0.5678 0.0128 -0.8230
vn -0.9836 0.0224 -0.1788
vn -0.8209 0.0189 0.5708
vn -0.1757 0.0041 0.9844
vn 0.5714 -0.0132 0.8206
vn 0.9838 -0.0228 0.1779
vn 0.1792 -0.0016 -0.9838
vn 0.8221 -0.0070 -0.5692
vn -0.5690 0.0048 -0.8223
vn -0.9839 0.0084 -0.1785
vn -0.8216 0.0070 0.5700
vn -0.1775 0.0015 0.9841
vn 0.5702 -0.0048 0.8215
vn 0.9839 -0.0084 0.1782
vn 0.1787 -0.0005 -0.9839
vn 0.8220 -0.0025 -0.5694
vn -0.5694 0.0017 -0.8221
vn -0.9839 0.0030 -0.1784
vn -0.8217 0.0025 0.5698
vn -0.1779 0.0005 0.9840
vn 0.5699 -0.0017 0.8216
vn 0.9839 -0.0030 0.1783
vn 0.1785 0.0000 -0.9839
vn 0.8220 -0.0001 -0.5695
vn -0.5695 0.0001 -0.8220
vn -0.9839 0.0001 -0.1784
vn -0.8218 0.0001 0.5698
vn -0.1781 0.0000 0.9840
vn 0.5698 -0.0001 0.8217
vn 0.9839 -0.0001 0.1783
vn 0.1785 0.0003 -0.9839
vn 0.8219 0.0013 -0.5696
vn -0.5695 -0.0009 -0.8220
vn -0.9839 -0.0016 -0.1784
vn -0.8218 -0.0013 0.5697
vn -0.1782 -0.0003 0.9840
vn 0.5698 0.0009 0.8218
vn 0.9839 0.0016 0.1783
vn 0.1784 0.0005 -0.9839
vn 0.8219 0.0023 -0.5696
vn -0.5696 -0.0016 -0.8219
vn -0.9839 -0.0027 -0.1784
vn -0.8218 -0.0023 0.5697
vn -0.1782 -0.0005 0.9840
vn 0.5697 0.0016 0.8218
vn 0.9839 0.0027 0.1783
vn 0.1784 0.0006 -0.9839
vn 0.8219 0.0029 -0.5696
vn -0.5696 -0.0020 -0.8219
vn -0.9839 -0.0035 -0.1784
vn -0.8218 -0.0029 0.5697
vn -0.1783 -0.0006 0.9840
vn 0.5697 0.0020 0.8218
vn 0.9839 0.0035 0.1783
vn 0.1784 0.0007 -0.9839
vn 0.8219 0.0033 -0.5696
vn -0.5696 -0.0023 -0.8219
vn -0.9839 -0.0039 -0.1784
vn -0.8218 -0.0033 0.5697
vn -0.1783 -0.0007 0.9840
vn 0.5697 0.0023 0.8218
vn 0.9839 0.0039 0.1783
vn 0.1784 0.0008 -0.9839
vn 0.8219 0.0035 -0.5696
vn -0.5696 -0.0024 -0.8219
vn -0.9839 -0.0042 -0.1784
vn -0.8219 -0.0035 0.5697
vn -0.1783 -0.0008 0.9839
vn 0.5697 0.0024 0.8219
vn 0.9839 0.0042 0.1783
vn 0.1783 0.0007 -0.9840
vn 0.8218 0.0033 -0.5697
vn -0.5697 -0.0023 -0.8218
vn -0.9839 -0.0040 -0.1783
vn -0.8219 -0.0033 0.5696
vn -0.1784 -0.0007 0.9839
vn 0.5696 0.0023 0.8219
vn 0.9839 0.0040 0.1784
vn 0.1782 0.0007 -0.9840
vn 0.8217 0.0027 -0.5699
vn -0.9839 -0.0030 -0.1783
vn -0.1786 -0.0003 0.9839
vn 0.5694 0.0019 0.8221
vn 0.9839 0.0031 0.1783
vn 0.1760 -0.0584 -0.9826
vn 0.8262 -0.0459 -0.5615
vn -0.5792 -0.0368 -0.8143
vn -0.9865 0.0083 -0.1636
vn -0.8159 0.0507 0.5760
vn -0.1802 0.0643 0.9815
vn 0.5593 0.0408 0.8279
vn 0.9811 -0.0053 0.1932
vn 0.1631 -0.2601 -0.9517
vn 0.8270 -0.2042 -0.5238
vn -0.6000 -0.1547 -0.7849
vn -0.9876 0.0431 -0.1505
vn -0.8019 0.2145 0.5575
vn -0.1716 0.2653 0.9488
vn 0.5550 0.1687 0.8145
vn 0.9761 -0.0240 0.2161
vn 0.1292 -0.5211 -0.8436
vn 0.7994 -0.4084 -0.4406
vn -0.6189 -0.3092 -0.7220
vn -0.9822 0.0835 -0.1682
vn -0.7750 0.4195 0.4726
vn -0.1384 0.5183 0.8439
vn 0.5764 0.3299 0.7476
vn 0.9731 -0.0491 0.2252
vn 0.0847 -0.7103 -0.6988
vn 0.7597 -0.5595 -0.3315
vn -0.6404 -0.4259 -0.6391
vn -0.9745 0.1081 -0.1968
vn -0.7412 0.5700 0.3545
vn -0.0924 0.7064 0.7017
vn 0.6096 0.4465 0.6550
vn 0.9697 -0.0731 0.2329
vn 0.0482 -0.8141 -0.5787
vn 0.7253 -0.6449 -0.2409
vn -0.6570 -0.4942 -0.5693
vn -0.9682 0.1160 -0.2214
vn -0.7142 0.6524 0.2535
vn -0.0528 0.8122 0.5810
vn 0.6395 0.5083 0.5767
vn 0.9666 -0.0924 0.2392
vn 0.0287 -0.8578 -0.5131
vn 0.7050 -0.6827 -0.1922
vn -0.6643 -0.5260 -0.5310
vn -0.9650 0.1144 -0.2360
vn -0.7009 0.6857 0.1964
vn -0.0303 0.8573 0.5139
vn 0.6582 0.5315 0.5332
vn 0.9646 -0.1054 0.2417
vn 0.0276 -0.8620 -0.5061
vn 0.6998 -0.6887 -0.1895
vn -0.6610 -0.5332 -0.5280
vn -0.9644 0.1079 -0.2414
vn -0.7022 0.6869 0.1871
vn -0.0266 0.8622 0.5058
vn 0.6645 0.5300 0.5268
vn 0.9646 -0.1132 0.2382
vn 0.0440 -0.8309 -0.5546
vn 0.7089 -0.6663 -0.2311
vn -0.6468 -0.5182 -0.5595
vn -0.9658 0.0973 -0.2401
vn -0.7176 0.6601 0.2221
vn -0.0407 0.8318 0.5535
vn 0.6599 0.5069 0.5546
vn 0.9669 -0.1158 0.2272
vn 0.0756 -0.7551 -0.6512
vn 0.7305 -0.6077 -0.3116
vn -0.6230 -0.4746 -0.6217
vn -0.9687 0.0823 -0.2342
vn -0.7451 0.5981 0.2951
vn -0.0700 0.7569 0.6497
vn 0.6463 0.4570 0.6111
vn 0.9717 -0.1113 0.2084
vn 0.1159 -0.6202 -0.7758
vn 0.7599 -0.5005 -0.4147
vn -0.5942 -0.3923 -0.7021
vn -0.9720 0.0632 -0.2260
vn -0.7794 0.4896 0.3908
vn -0.1088 0.6220 0.7754
vn 0.6269 0.3725 0.6843
vn 0.9781 -0.0956 0.1847
vn 0.1528 -0.4271 -0.8912
vn 0.7885 -0.3450 -0.5091
vn -0.5693 -0.2708 -0.7762
vn -0.9753 0.0421 -0.2168
vn -0.8098 0.3357 0.4811
vn -0.1454 0.4270 0.8925
vn 0.6068 0.2549 0.7528
vn 0.9841 -0.0671 0.1643
vn 0.1750 -0.2081 -0.9623
vn 0.8074 -0.1677 -0.5656
vn -0.5567 -0.1316 -0.8202
vn -0.9780 0.0206 -0.2073
vn -0.8269 0.1615 0.5387
vn -0.1683 0.2047 0.9642
vn 0.5923 0.1227 0.7963
vn 0.9874 -0.0323 0.1547
vn 0.1838 -0.0533 -0.9815
vn 0.8195 -0.0229 -0.5726
vn -0.5603 -0.0514 -0.8267
vn -0.9822 -0.0203 -0.1866
vn -0.8216 0.0204 0.5697
vn -0.1677 0.0499 0.9846
vn 0.5820 0.0514 0.8115
vn 0.9860 0.0213 0.1653
vn 0.1898 -0.0147 -0.9817
vn 0.8214 0.0741 -0.5654
vn -0.5606 -0.0932 -0.8228
vn -0.9788 -0.1164 -0.1682
vn -0.8070 -0.0712 0.5862
vn -0.1587 0.0179 0.9872
vn 0.5761 0.0981 0.8115
vn 0.9775 0.1211 0.1723
vn 0.1956 -0.0277 -0.9803
vn 0.8057 0.1662 -0.5685
vn -0.5380 -0.2049 -0.8177
vn -0.9526 -0.2585 -0.1603
vn -0.7896 -0.1568 0.5932
vn -0.1585 0.0389 0.9866
vn 0.5568 0.2123 0.8031
vn 0.9503 0.2643 0.1641
vn 0.2033 -0.0386 -0.9783
vn 0.7682 0.2745 -0.5783
vn -0.4911 -0.3305 -0.8060
vn -0.8948 -0.4229 -0.1430
vn -0.7518 -0.2591 0.6063
vn -0.1621 0.0594 0.9850
vn 0.5125 0.3419 0.7877
vn 0.8913 0.4292 0.1462
vn 0.2098 -0.0455 -0.9767
vn 0.7017 0.3893 -0.5966
vn -0.4140 -0.4591 -0.7860
vn -0.7941 -0.5969 -0.1146
vn -0.6866 -0.3695 0.6261
vn -0.1693 0.0763 0.9826
vn 0.4375 0.4728 0.7648
vn 0.7918 0.5994 0.1172
vn 0.2117 -0.0480 -0.9761
vn 0.6069 0.4939 -0.6226
vn -0.3118 -0.5716 -0.7590
vn -0.6520 -0.7542 -0.0777
vn -0.5937 -0.4735 0.6506
vn -0.1780 0.0857 0.9803
vn 0.3363 0.5860 0.7372
vn 0.6557 0.7508 0.0798
vn 0.2066 -0.0476 -0.9773
vn 0.4949 0.5741 -0.6522
vn -0.2026 -0.6521 -0.7305
vn -0.4919 -0.8697 -0.0393
vn -0.4843 -0.5557 0.6757
vn -0.1831 0.0863 0.9793
vn 0.2245 0.6673 0.7101
vn 0.5013 0.8643 0.0402
vn 0.1939 -0.0459 -0.9799
vn 0.3818 0.6257 -0.6802
vn -0.1055 -0.6996 -0.7067
vn -0.3421 -0.9396 -0.0067
vn -0.3744 -0.6106 0.6978
vn -0.1797 0.0804 0.9804
vn 0.1220 0.7151 0.6883
vn 0.3520 0.9359 0.0053
vn 0.1733 -0.0443 -0.9839
vn 0.2788 0.6539 -0.7034
vn -0.0315 -0.7230 -0.6901
vn -0.2173 -0.9759 0.0171
vn -0.2746 -0.6429 0.7150
vn -0.1662 0.0718 0.9835
vn 0.0418 0.7376 0.6739
vn 0.2249 0.9741 -0.0213
vn 0.1447 -0.0434 -0.9885
vn 0.1904 0.6666 -0.7207
vn 0.0162 -0.7325 -0.6806
vn -0.1216 -0.9920 0.0320
vn -0.1882 -0.6603 0.7270
vn -0.1420 0.0636 0.9878
vn -0.0105 0.7454 0.6665
vn 0.1268 0.9911 -0.0390
vn 0.1073 -0.0438 -0.9933
vn 0.1163 0.6705 -0.7327
vn 0.0369 -0.7353 -0.6767
vn -0.0548 -0.9977 0.0394
vn -0.1149 -0.6690 0.7343
vn -0.1068 0.0570 0.9926
vn -0.0343 0.7464 0.6646
vn 0.0582 0.9971 -0.0493
vn 0.0592 -0.0456 -0.9972
vn 0.0543 0.6700 -0.7403
vn 0.0303 -0.7360 -0.6762
vn -0.0160 -0.9990 0.0413
vn -0.0535 -0.6735 0.7372
vn -0.0598 0.0519 0.9968
vn -0.0301 0.7453 0.6660
vn 0.0176 0.9984 -0.0543
vn 0.0323 -0.0472 -0.9984
vn 0.0260 0.6684 -0.7433
vn 0.0202 -0.7362 -0.6765
vn -0.0034 -0.9991 0.0404
vn -0.0255 -0.6758 0.7366
vn -0.0331 0.0490 0.9982
vn -0.0207 0.7446 0.6672
vn 0.0042 0.9984 -0.0563
s 1
f 777//437 785//438 792//439 784//440
f 778//441 786//442 785//438 777//437
f 779//443 787//444 786//442 778//441
f 780//445 788//446 787//444 779//443
f 781//447 789//448 788//446 780//445
f 782//449 790//450 789//448 781//447
f 783//451 791//452 790//450 782//449
f 784//440 792//439 791//452 783//451
f 785//438 793//453 800//454 792//439
f 786//442 794//455 793//453 785//438
f 787//444 795//456 794//455 786//442
f 788//446 796//457 795//456 787//444
f 789//448 797//458 796//457 788//446
f 790//450 798//459 797//458 789//448
f 791//452 799//460 798//459 790//450
f 792//439 800//454 799//460 791//452
f 793//453 801//461 808//462 800//454
f 794//455 802//463 801//461 793//453
f 795//456 803//464 802//463 794//455
f 796//457 804//465 803//464 795//456
f 797//458 805//466 804//465 796//457
f 798//459 806//467 805//466 797//458
f 799//460 807//468 806//467 798//459
f 800//454 808//462 807//468 799//460
f 801//461 809//469 816//470 808//462
f 802//463 810//471 809//469 801//461
f 803//464 811//472 810//471 802//463
f 804//465 812//473 811//472 803//464
f 805//466 813//474 812//473 804//465
f 806//467 814//475 813//474 805//466
f 807//468 815//476 814//475 806//467
f 808//462 816//470 815//476 807//468
f 809//469 817//477 824//478 816//470
f 810//471 818//479 817//477 809//469
f 811//472 819//480 818//479 810//471
f 812//473 820//481 819//480 811//472
f 813//474 821//482 820//481 812//473
f 814//475 822//483 821//482 813//474
f 815//476 823//484 822//483 814//475
f 816//470 824//478 823//484 815//476
f 817//477 825//485 832//486 824//478
f 818//479 826//487 825//485 817//477
f 819//480 827//488 826//487 818//479
f 820//481 828//489 827//488 819//480
f 821//482 829//490 828//489 820//481
f 822//483 830//491 829//490 821//482
f 823//484 831//492 830//491 822//483
f 824//478 832//486 831//492 823//484
f 825//485 833//493 840//494 832//486
f 826//487 834//495 833//493 825//485
f 827//488 835//496 834//495 826//487
f 828//489 836//497 835//496 827//488
f 829//490 837//498 836//497 828//489
f 830//491 838//499 837//498 829//490
f 831//492 839//500 838//499 830//491
f 832//486 840//494 839//500 831//492
f 833//493 841//501 848//502 840//494
f 834//495 842//503 841//501 833//493
f 835//496 843//504 842//503 834//495
f 836//497 844//505 843//504 835//496
f 837//498 845//506 844//505 836//497
f 838//499 846//507 845//506 837//498
f 839//500 847//508 846//507 838//499
f 840//494 848//502 847//508 839//500
f 841//501 849//509 856//510 848//502
f 842//503 850//511 849//509 841//501
f 843//504 851//512 850//511 842//503
f 844//505 852//513 851//512 843//504
f 845//506 853//514 852//513 844//505
f 846//507 854//515 853//514 845//506
f 847//508 855//516 854//515 846//507
f 848//502 856//510 855//516 847//508
f 849//509 857//517 864//518 856//510
f 850//511 858//519 857//517 849//509
f 851//512 859//520 858//519 850//511
f 852//513 860//521 859//520 851//512
f 853//514 861//522 860//521 852//513
f 854//515 862//523 861//522 853//514
f 855//516 863//524 862//523 854//515
f 856//510 864//518 863//524 855//516
f 857//517 865//525 872//526 864//518
f 858//519 866//527 865//525 857//517
f 859//520 867//528 866//527 858//519
f 860//521 868//529 867//528 859//520
f 861//522 869//530 868//529 860//521
f 862//523 870//531 869//530 861//522
f 863//524 871//532 870//531 862//523
f 864//518 872//526 871//532 863//524
f 865//525 873//533 880//534 872//526
f 866//527 874//535 873//533 865//525
f 867//528 875//536 874//535 866//527
f 868//529 876//537 875//536 867//528
f 869//530 877//538 876//537 868//529
f 870//531 878//539 877//538 869//530
f 871//532 879//540 878//539 870//531
f 872//526 880//534 879//540 871//532
f 873//533 881//541 888//542 880//534
f 874//535 882//543 881//541 873//533
f 875//536 883//544 882//543 874//535
f 876//537 884//545 883//544 875//536
f 877//538 885//546 884//545 876//537
f 878//539 886//547 885//546 877//538
f 879//540 887//548 886//547 878//539
f 880//534 888//542 887//548 879//540
f 881//541 889//549 896//550 888//542
f 882//543 890//551 889//549 881//541
f 883//544 891//552 890//551 882//543
f 884//545 892//553 891//552 883//544
f 885//546 893//554 892//553 884//545
f 886//547 894//555 893//554 885//546
f 887//548 895//556 894//555 886//547
f 888//542 896//550 895//556 887//548
f 889//549 897//549 904//550 896//550
f 890//551 898//551 897//549 889//549
f 891//552 899//552 898//551 890//551
f 892//553 900//553 899//552 891//552
f 893//554 901//554 900//553 892//553
f 894//555 902//555 901//554 893//554
f 895//556 903//556 902//555 894//555
f 896//550 904//550 903//556 895//556
f 897//549 905//549 912//550 904//550
f 898//551 906//551 905//549 897//549
f 899//552 907//552 906//551 898//551
f 900//553 908//553 907//552 899//552
f 901//554 909//554 908//553 900//553
f 902//555 910//555 909//554 901//554
f 903//556 911//556 910//555 902//555
f 904//550 912//550 911//556 903//556
f 905//549 913//549 920//550 912//550
f 906//551 914//551 913//549 905//549
f 907//552 915//552 914//551 906//551
f 908//553 916//553 915//552 907//552
f 909//554 917//554 916//553 908//553
f 910//555 918//555 917//554 909//554
f 911//556 919//556 918//555 910//555
f 912//550 920//550 919//556 911//556
f 913//549 921//549 928//550 920//550
f 914//551 922//551 921//549 913//549
f 915//552 923//552 922//551 914//551
f 916//553 924//553 923//552 915//552
f 917//554 925//554 924//553 916//553
f 918//555 926//555 925//554 917//554
f 919//556 927//556 926//555 918//555
f 920//550 928//550 927//556 919//556
f 921//549 929//549 936//550 928//550
f 922//551 930//551 929//549 921//549
f 923//552 931//552 930//551 922//551
f 924//553 932//553 931//552 923//552
f 925//554 933//554 932//553 924//553
f 926//555 934//555 933//554 925//554
f 927//556 935//556 934//555 926//555
f 928//550 936//550 935//556 927//556
f 929//549 937//549 944//550 936//550
f 930//551 938//551 937//549 929//549
f 931//552 939//552 938//551 930//551
f 932//553 940//553 939//552 931//552
f 933//554 941//554 940//553 932//553
f 934//555 942//555 941//554 933//554
f 935//556 943//556 942//555 934//555
f 936//550 944//550 943//556 935//556
f 937//549 945//549 952//550 944//550
f 938//551 946//551 945//549 937//549
f 939//552 947//552 946//551 938//551
f 940//553 948//553 947//552 939//552
f 941//554 949//554 948//553 940//553
f 942//555 950//555 949//554 941//554
f 943//556 951//556 950//555 942//555
f 944//550 952//550 951//556 943//556
f 945//549 953//549 960//550 952//550
f 946//551 954//551 953//549 945//549
f 947//552 955//552 954//551 946//551
f 948//553 956//553 955//552 947//552
f 949//554 957//554 956//553 948//553
f 950//555 958//555 957//554 949//554
f 951//556 959//556 958//555 950//555
f 952//550 960//550 959//556 951//556
f 953//549 961//557 968//558 960//550
f 954//551 962//559 961//557 953//549
f 955//552 963//552 962//559 954//551
f 956//553 964//560 963//552 955//552
f 957//554 965//561 964//560 956//553
f 958//555 966//562 965//561 957//554
f 959//556 967//556 966//562 958//555
f 960//550 968//558 967//556 959//556
f 961//557 969//563 976//564 968//558
f 962//559 970//565 969//563 961//557
f 963//552 971//566 970//565 962//559
f 964//560 972//567 971//566 963//552
f 965//561 973//568 972//567 964//560
f 966//562 974//569 973//568 965//561
f 967//556 975//570 974//569 966//562
f 968//558 976//564 975//570 967//556
f 969//563 977//571 984//572 976//564
f 970//565 978//573 977//571 969//563
f 971//566 979//574 978//573 970//565
f 972//567 980//575 979//574 971//566
f 973//568 981//576 980//575 972//567
f 974//569 982//577 981//576 973//568
f 975//570 983//578 982//577 974//569
f 976//564 984//572 983//578 975//570
f 977//571 985//579 992//580 984//572
f 978//573 986//581 985//579 977//571
f 979//574 987//582 986//581 978//573
f 980//575 988//583 987//582 979//574
f 981//576 989//584 988//583 980//575
f 982//577 990//585 989//584 981//576
f 983//578 991//586 990//585 982//577
f 984//572 992//580 991//586 983//578
f 985//579 993//587 1000//588 992//580
f 986//581 994//589 993//587 985//579
f 987//582 995//590 994//589 986//581
f 988//583 996//591 995//590 987//582
f 989//584 997//592 996//591 988//583
f 990//585 998//593 997//592 989//584
f 991//586 999//594 998//593 990//585
f 992//580 1000//588 999//594 991//586
f 993//587 1001//595 1008//596 1000//588
f 994//589 1002//597 1001//595 993//587
f 995//590 1003//598 1002//597 994//589
f 996//591 1004//599 1003//598 995//590
f 997//592 1005//600 1004//599 996//591
f 998//593 1006//601 1005//600 997//592
f 999//594 1007//602 1006//601 998//593
f 1000//588 1008//596 1007//602 999//594
f 1001//595 1009//603 1016//604 1008//596
f 1002//597 1010//605 1009//603 1001//595
f 1003//598 1011//606 1010//605 1002//597
f 1004//599 1012//607 1011//606 1003//598
f 1005//600 1013//608 1012//607 1004//599
f 1006//601 1014//609 1013//608 1005//600
f 1007//602 1015//610 1014//609 1006//601
f 1008//596 1016//604 1015//610 1007//602
f 1009//603 1017//611 1024//612 1016//604
f 1010//605 1018//613 1017//611 1009//603
f 1011//606 1019//614 1018//613 1010//605
f 1012//607 1020//615 1019//614 1011//606
f 1013//608 1021//616 1020//615 1012//607
f 1014//609 1022//617 1021//616 1013//608
f 1015//610 1023//618 1022//617 1014//609
f 1016//604 1024//612 1023//618 1015//610
f 1017//611 1025//619 1032//620 1024//612
f 1018//613 1026//621 1025//619 1017//611
f 1019//614 1027//622 1026//621 1018//613
f 1020//615 1028//623 1027//622 1019//614
f 1021//616 1029//624 1028//623 1020//615
f 1022//617 1030//625 1029//624 1021//616
f 1023//618 1031//626 1030//625 1022//617
f 1024//612 1032//620 1031//626 1023//618
f 1025//619 1033//627 1040//628 1032//620
f 1026//621 1034//629 1033//627 1025//619
f 1027//622 1035//630 1034//629 1026//621
f 1028//623 1036//631 1035//630 1027//622
f 1029//624 1037//632 1036//631 1028//623
f 1030//625 1038//633 1037//632 1029//624
f 1031//626 1039//634 1038//633 1030//625
f 1032//620 1040//628 1039//634 1031//626
f 1033//627 1041//635 1048//636 1040//628
f 1034//629 1042//637 1041//635 1033//627
f 1035//630 1043//638 1042//637 1034//629
f 1036//631 1044//639 1043//638 1035//630
f 1037//632 1045//640 1044//639 1036//631
f 1038//633 1046//641 1045//640 1037//632
f 1039//634 1047//642 1046//641 1038//633
f 1040//628 1048//636 1047//642 1039//634
f 1041//635 1049//643 1056//644 1048//636
f 1042//637 1050//645 1049//643 1041//635
f 1043//638 1051//646 1050//645 1042//637
f 1044//639 1052//647 1051//646 1043//638
f 1045//640 1053//648 1052//647 1044//639
f 1046//641 1054//649 1053//648 1045//640
f 1047//642 1055//650 1054//649 1046//641
f 1048//636 1056//644 1055//650 1047//642
f 1049//643 1057//651 1064//652 1056//644
f 1050//645 1058//653 1057//651 1049//643
f 1051//646 1059//654 1058//653 1050//645
f 1052//647 1060//655 1059//654 1051//646
f 1053//648 1061//656 1060//655 1052//647
f 1054//649 1062//657 1061//656 1053//648
f 1055//650 1063//548 1062//657 1054//649
f 1056//644 1064//652 1063//548 1055//650
f 1057//651 1065//658 1072//659 1064//652
f 1058//653 1066//660 1065//658 1057//651
f 1059//654 1067//661 1066//660 1058//653
f 1060//655 1068//662 1067//661 1059//654
f 1061//656 1069//663 1068//662 1060//655
f 1062//657 1070//664 1069//663 1061//656
f 1063//548 1071//665 1070//664 1062//657
f 1064//652 1072//659 1071//665 1063//548
f 1065//658 1073//666 1080//667 1072//659
f 1066//660 1074//668 1073//666 1065//658
f 1067//661 1075//552 1074//668 1066//660
f 1068//662 1076//669 1075//552 1067//661
f 1069//663 1077//670 1076//669 1068//662
f 1070//664 1078//671 1077//670 1069//663
f 1071//665 1079//556 1078//671 1070//664
f 1072//659 1080//667 1079//556 1071//665
f 1073//666 1081//666 1088//667 1080//667
f 1074//668 1082//668 1081//666 1073//666
f 1075//552 1083//552 1082//668 1074//668
f 1076//669 1084//669 1083//552 1075//552
f 1077//670 1085//670 1084//669 1076//669
f 1078//671 1086//671 1085//670 1077//670
f 1079//556 1087//556 1086//671 1078//671
f 1080//667 1088//667 1087//556 1079//556
f 1081//666 1089//666 1096//667 1088//667
f 1082//668 1090//668 1089//666 1081//666
f 1083//552 1091//552 1090//668 1082//668
f 1084//669 1092//669 1091//552 1083//552
f 1085//670 1093//670 1092//669 1084//669
f 1086//671 1094//671 1093//670 1085//670
f 1087//556 1095//556 1094//671 1086//671
f 1088//667 1096//667 1095//556 1087//556
f 1089//666 1097//666 1104//667 1096//667
f 1090//668 1098//668 1097//666 1089//666
f 1091//552 1099//552 1098//668 1090//668
f 1092//669 1100//669 1099//552 1091//552
f 1093//670 1101//670 1100//669 1092//669
f 1094//671 1102//671 1101//670 1093//670
f 1095//556 1103//556 1102//671 1094//671
f 1096//667 1104//667 1103//556 1095//556
f 1097//666 1105//666 1112//667 1104//667
f 1098//668 1106//668 1105//666 1097//666
f 1099//552 1107//552 1106//668 1098//668
f 1100//669 1108//669 1107//552 1099//552
f 1101//670 1109//670 1108//669 1100//669
f 1102//671 1110//671 1109//670 1101//670
f 1103//556 1111//556 1110//671 1102//671
f 1104//667 1112//667 1111//556 1103//556
f 1105//666 1113//666 1120//667 1112//667
f 1106//668 1114//668 1113//666 1105//666
f 1107//552 1115//552 1114//668 1106//668
f 1108//669 1116//669 1115//552 1107//552
f 1109//670 1117//670 1116//669 1108//669
f 1110//671 1118//671 1117//670 1109//670
f 1111//556 1119//556 1118//671 1110//671
f 1112//667 1120//667 1119//556 1111//556
f 1113//666 1121//666 1128//667 1120//667
f 1114//668 1122//668 1121//666 1113//666
f 1115//552 1123//552 1122//668 1114//668
f 1116//669 1124//669 1123//552 1115//552
f 1117//670 1125//670 1124//669 1116//669
f 1118//671 1126//671 1125//670 1117//670
f 1119//556 1127//556 1126//671 1118//671
f 1120//667 1128//667 1127//556 1119//556
f 1121//666 1129//666 1136//667 1128//667
f 1122//668 1130//668 1129//666 1121//666
f 1123//552 1131//552 1130//668 1122//668
f 1124//669 1132//669 1131//552 1123//552
f 1125//670 1133//670 1132//669 1124//669
f 1126//671 1134//671 1133//670 1125//670
f 1127//556 1135//556 1134//671 1126//671
f 1128//667 1136//667 1135//556 1127//556
f 1129//666 1137//666 1144//667 1136//667
f 1130//668 1138//668 1137//666 1129//666
f 1131//552 1139//552 1138//668 1130//668
f 1132//669 1140//669 1139//552 1131//552
f 1133//670 1141//670 1140//669 1132//669
f 1134//671 1142//671 1141//670 1133//670
f 1135//556 1143//556 1142//671 1134//671
f 1136//667 1144//667 1143//556 1135//556
f 1137//666 1145//666 1152//667 1144//667
f 1138//668 1146//668 1145//666 1137//666
f 1139//552 1147//552 1146//668 1138//668
f 1140//669 1148//669 1147//552 1139//552
f 1141//670 1149//670 1148//669 1140//669
f 1142//671 1150//671 1149//670 1141//670
f 1143//556 1151//556 1150//671 1142//671
f 1144//667 1152//667 1151//556 1143//556
f 1145//666 1153//666 1160//667 1152//667
f 1146//668 1154//668 1153//666 1145//666
f 1147//552 1155//552 1154//668 1146//668
f 1148//669 1156//669 1155//552 1147//552
f 1149//670 1157//670 1156//669 1148//669
f 1150//671 1158//671 1157//670 1149//670
f 1151//556 1159//556 1158//671 1150//671
f 1152//667 1160//667 1159//556 1151//556
f 1153//666 1161//666 1168//667 1160//667
f 1154//668 1162//668 1161//666 1153//666
f 1155//552 1163//552 1162//668 1154//668
f 1156//669 1164//669 1163//552 1155//552
f 1157//670 1165//670 1164//669 1156//669
f 1158//671 1166//671 1165//670 1157//670
f 1159//556 1167//556 1166//671 1158//671
f 1160//667 1168//667 1167//556 1159//556
f 1161//666 1169//666 1176//667 1168//667
f 1162//668 1170//668 1169//666 1161//666
f 1163//552 1171//552 1170//668 1162//668
f 1164//669 1172//669 1171//552 1163//552
f 1165//670 1173//670 1172//669 1164//669
f 1166//671 1174//671 1173//670 1165//670
f 1167//556 1175//556 1174//671 1166//671
f 1168//667 1176//667 1175//556 1167//556
f 1169//666 1177//666 1184//667 1176//667
f 1170//668 1178//668 1177//666 1169//666
f 1171//552 1179//552 1178//668 1170//668
f 1172//669 1180//669 1179//552 1171//552
f 1173//670 1181//670 1180//669 1172//669
f 1174//671 1182//671 1181//670 1173//670
f 1175//556 1183//556 1182//671 1174//671
f 1176//667 1184//667 1183//556 1175//556
f 1177//666 1185//666 1192//667 1184//667
f 1178//668 1186//668 1185//666 1177//666
f 1179//552 1187//552 1186//668 1178//668
f 1180//669 1188//669 1187//552 1179//552
f 1181//670 1189//670 1188//669 1180//669
f 1182//671 1190//671 1189//670 1181//670
f 1183//556 1191//556 1190//671 1182//671
f 1184//667 1192//667 1191//556 1183//556
f 1185//666 1193//666 1200//667 1192//667
f 1186//668 1194//668 1193//666 1185//666
f 1187//552 1195//552 1194//668 1186//668
f 1188//669 1196//669 1195//552 1187//552
f 1189//670 1197//670 1196//669 1188//669
f 1190//671 1198//671 1197//670 1189//670
f 1191//556 1199//556 1198//671 1190//671
f 1192//667 1200//667 1199//556 1191//556
f 1193//666 1201//666 1208//667 1200//667
f 1194//668 1202//668 1201//666 1193//666
f 1195//552 1203//552 1202//668 1194//668
f 1196//669 1204//669 1203//552 1195//552
f 1197//670 1205//670 1204//669 1196//669
f 1198//671 1206//671 1205//670 1197//670
f 1199//556 1207//556 1206//671 1198//671
f 1200//667 1208//667 1207//556 1199//556
f 1201//666 1209//666 1216//667 1208//667
f 1202//668 1210//668 1209//666 1201//666
f 1203//552 1211//552 1210//668 1202//668
f 1204//669 1212//669 1211//552 1203//552
f 1205//670 1213//670 1212//669 1204//669
f 1206//671 1214//671 1213//670 1205//670
f 1207//556 1215//556 1214//671 1206//671
f 1208//667 1216//667 1215//556 1207//556
f 1209//666 1217//666 1224//667 1216//667
f 1210//668 1218//668 1217//666 1209//666
f 1211//552 1219//552 1218//668 1210//668
f 1212//669 1220//669 1219//552 1211//552
f 1213//670 1221//670 1220//669 1212//669
f 1214//671 1222//671 1221//670 1213//670
f 1215//556 1223//556 1222//671 1214//671
f 1216//667 1224//667 1223//556 1215//556
f 1217//666 1225//666 1232//667 1224//667
f 1218//668 1226//668 1225//666 1217//666
f 1219//552 1227//552 1226//668 1218//668
f 1220//669 1228//669 1227//552 1219//552
f 1221//670 1229//670 1228//669 1220//669
f 1222//671 1230//671 1229//670 1221//670
f 1223//556 1231//556 1230//671 1222//671
f 1224//667 1232//667 1231//556 1223//556
f 1225//666 1233//666 1240//667 1232//667
f 1226//668 1234//668 1233//666 1225//666
f 1227//552 1235//552 1234//668 1226//668
f 1228//669 1236//669 1235//552 1227//552
f 1229//670 1237//670 1236//669 1228//669
f 1230//671 1238//671 1237//670 1229//670
f 1231//556 1239//556 1238//671 1230//671
f 1232//667 1240//667 1239//556 1231//556
f 1233//666 1241//666 1248//667 1240//667
f 1234//668 1242//668 1241//666 1233//666
f 1235//552 1243//552 1242//668 1234//668
f 1236//669 1244//669 1243//552 1235//552
f 1237//670 1245//670 1244//669 1236//669
f 1238//671 1246//671 1245//670 1237//670
f 1239//556 1247//556 1246//671 1238//671
f 1240//667 1248//667 1247//556 1239//556
f 1241//666 1249//666 1256//667 1248//667
f 1242//668 1250//668 1249//666 1241//666
f 1243//552 1251//552 1250//668 1242//668
f 1244//669 1252//669 1251//552 1243//552
f 1245//670 1253//670 1252//669 1244//669
f 1246//671 1254//671 1253//670 1245//670
f 1247//556 1255//556 1254//671 1246//671
f 1248//667 1256//667 1255//556 1247//556
f 1249//666 1257//666 1264//667 1256//667
f 1250//668 1258//668 1257//666 1249//666
f 1251//552 1259//552 1258//668 1250//668
f 1252//669 1260//669 1259//552 1251//552
f 1253//670 1261//670 1260//669 1252//669
f 1254//671 1262//671 1261//670 1253//670
f 1255//556 1263//556 1262//671 1254//671
f 1256//667 1264//667 1263//556 1255//556
f 1257//666 1265//666 1272//667 1264//667
f 1258//668 1266//668 1265//666 1257//666
f 1259//552 1267//552 1266//668 1258//668
f 1260//669 1268//669 1267//552 1259//552
f 1261//670 1269//670 1268//669 1260//669
f 1262//671 1270//671 1269//670 1261//670
f 1263//556 1271//556 1270//671 1262//671
f 1264//667 1272//667 1271//556 1263//556
f 1265//666 1273//666 1280//667 1272//667
f 1266//668 1274//668 1273//666 1265//666
f 1267//552 1275//552 1274//668 1266//668
f 1268//669 1276//669 1275//552 1267//552
f 1269//670 1277//670 1276//669 1268//669
f 1270//671 1278//671 1277//670 1269//670
f 1271//556 1279//556 1278//671 1270//671
f 1272//667 1280//667 1279//556 1271//556
f 1273//666 1281//666 1288//667 1280//667
f 1274//668 1282//668 1281//666 1273//666
f 1275//552 1283//552 1282//668 1274//668
f 1276//669 1284//669 1283//552 1275//552
f 1277//670 1285//670 1284//669 1276//669
f 1278//671 1286//671 1285//670 1277//670
f 1279//556 1287//556 1286//671 1278//671
f 1280//667 1288//667 1287//556 1279//556
f 1281//666 1289//666 1296//667 1288//667
f 1282//668 1290//668 1289//666 1281//666
f 1283//552 1291//552 1290//668 1282//668
f 1284//669 1292//669 1291//552 1283//552
f 1285//670 1293//670 1292//669 1284//669
f 1286//671 1294//671 1293//670 1285//670
f 1287//556 1295//556 1294//671 1286//671
f 1288//667 1296//667 1295//556 1287//556
f 1289//666 1297//666 1304//667 1296//667
f 1290//668 1298//668 1297//666 1289//666
f 1291//552 1299//552 1298//668 1290//668
f 1292//669 1300//669 1299//552 1291//552
f 1293//670 1301//670 1300//669 1292//669
f 1294//671 1302//671 1301//670 1293//670
f 1295//556 1303//556 1302//671 1294//671
f 1296//667 1304//667 1303//556 1295//556
f 1297//666 1305//666 1312//667 1304//667
f 1298//668 1306//668 1305//666 1297//666
f 1299//552 1307//552 1306//668 1298//668
f 1300//669 1308//669 1307//552 1299//552
f 1301//670 1309//670 1308//669 1300//669
f 1302//671 1310//671 1309//670 1301//670
f 1303//556 1311//556 1310//671 1302//671
f 1304//667 1312//667 1311//556 1303//556
f 1305//666 1313//666 1320//667 1312//667
f 1306//668 1314//668 1313//666 1305//666
f 1307//552 1315//552 1314//668 1306//668
f 1308//669 1316//669 1315//552 1307//552
f 1309//670 1317//670 1316//669 1308//669
f 1310//671 1318//671 1317//670 1309//670
f 1311//556 1319//556 1318//671 1310//671
f 1312//667 1320//667 1319//556 1311//556
f 1313//666 1321//666 1328//667 1320//667
f 1314//668 1322//668 1321//666 1313//666
f 1315//552 1323//552 1322//668 1314//668
f 1316//669 1324//669 1323//552 1315//552
f 1317//670 1325//670 1324//669 1316//669
f 1318//671 1326//671 1325//670 1317//670
f 1319//556 1327//556 1326//671 1318//671
f 1320//667 1328//667 1327//556 1319//556
f 1321//666 1329//666 1336//667 1328//667
f 1322//668 1330//668 1329//666 1321//666
f 1323//552 1331//552 1330//668 1322//668
f 1324//669 1332//669 1331//552 1323//552
f 1325//670 1333//670 1332//669 1324//669
f 1326//671 1334//671 1333//670 1325//670
f 1327//556 1335//556 1334//671 1326//671
f 1328//667 1336//667 1335//556 1327//556
f 1329//666 1337//666 1344//667 1336//667
f 1330//668 1338//668 1337//666 1329//666
f 1331//552 1339//552 1338//668 1330//668
f 1332//669 1340//669 1339//552 1331//552
f 1333//670 1341//670 1340//669 1332//669
f 1334//671 1342//671 1341//670 1333//670
f 1335//556 1343//556 1342//671 1334//671
f 1336//667 1344//667 1343//556 1335//556
f 1337//666 1345//666 1352//667 1344//667
f 1338//668 1346//668 1345//666 1337//666
f 1339//552 1347//552 1346//668 1338//668
f 1340//669 1348//669 1347//552 1339//552
f 1341//670 1349//670 1348//669 1340//669
f 1342//671 1350//671 1349//670 1341//670
f 1343//556 1351//556 1350//671 1342//671
f 1344//667 1352//667 1351//556 1343//556
f 1345//666 1353//666 1360//667 1352//667
f 1346//668 1354//668 1353//666 1345//666
f 1347//552 1355//552 1354//668 1346//668
f 1348//669 1356//669 1355//552 1347//552
f 1349//670 1357//670 1356//669 1348//669
f 1350//671 1358//671 1357//670 1349//670
f 1351//556 1359//556 1358//671 1350//671
f 1352//667 1360//667 1359//556 1351//556
f 1353//666 1361//666 1368//667 1360//667
f 1354//668 1362//668 1361//666 1353//666
f 1355//552 1363//672 1362//668 1354//668
f 1356//669 1364//669 1363//672 1355//552
f 1357//670 1365//670 1364//669 1356//669
f 1358//671 1366//671 1365//670 1357//670
f 1359//556 1367//673 1366//671 1358//671
f 1360//667 1368//667 1367//673 1359//556
f 1361//666 1369//666 1376//674 1368//667
f 1362//668 1370//675 1369//666 1361//666
f 1363//672 1371//672 1370//675 1362//668
f 1364//669 1372//676 1371//672 1363//672
f 1365//670 1373//670 1372//676 1364//669
f 1366//671 1374//677 1373//670 1365//670
f 1367//673 1375//673 1374//677 1366//671
f 1368//667 1376//674 1375//673 1367//673
f 1369//666 1377//666 1384//674 1376//674
f 1370//675 1378//675 1377//666 1369//666
f 1371//672 1379//672 1378//675 1370//675
f 1372//676 1380//676 1379//672 1371//672
f 1373//670 1381//670 1380//676 1372//676
f 1374//677 1382//677 1381//670 1373//670
f 1375//673 1383//673 1382//677 1374//677
f 1376//674 1384//674 1383//673 1375//673
f 1377//666 1385//666 1392//674 1384//674
f 1378//675 1386//675 1385//666 1377//666
f 1379//672 1387//678 1386//675 1378//675
f 1380//676 1388//676 1387//678 1379//672
f 1381//670 1389//670 1388//676 1380//676
f 1382//677 1390//677 1389//670 1381//670
f 1383//673 1391//679 1390//677 1382//677
f 1384//674 1392//674 1391//679 1383//673
f 1385//666 1393//666 1400//674 1392//674
f 1386//675 1394//675 1393//666 1385//666
f 1387//678 1395//678 1394//675 1386//675
f 1388//676 1396//676 1395//678 1387//678
f 1389//670 1397//670 1396//676 1388//676
f 1390//677 1398//677 1397//670 1389//670
f 1391//679 1399//679 1398//677 1390//677
f 1392//674 1400//674 1399//679 1391//679
f 1393//666 1401//666 1408//674 1400//674
f 1394//675 1402//675 1401//666 1393//666
f 1395//678 1403//672 1402//675 1394//675
f 1396//676 1404//676 1403//672 1395//678
f 1397//670 1405//670 1404//676 1396//676
f 1398//677 1406//677 1405//670 1397//670
f 1399//679 1407//673 1406//677 1398//677
f 1400//674 1408//674 1407//673 1399//679
f 1401//666 1409//666 1416//667 1408//674
f 1402//675 1410//668 1409//666 1401//666
f 1403//672 1411//672 1410//668 1402//675
f 1404//676 1412//669 1411//672 1403//672
f 1405//670 1413//670 1412//669 1404//676
f 1406//677 1414//671 1413//670 1405//670
f 1407//673 1415//673 1414//671 1406//677
f 1408//674 1416//667 1415//673 1407//673
f 1409//666 1417//666 1424//667 1416//667
f 1410//668 1418//668 1417//666 1409//666
f 1411//672 1419//552 1418//668 1410//668
f 1412//669 1420//669 1419//552 1411//672
f 1413//670 1421//670 1420//669 1412//669
f 1414//671 1422//671 1421//670 1413//670
f 1415//673 1423//556 1422//671 1414//671
f 1416//667 1424//667 1423//556 1415//673
f 1417//666 1425//666 1432//680 1424//667
f 1418//668 1426//681 1425//666 1417//666
f 1419//552 1427//682 1426//681 1418//668
f 1420//669 1428//683 1427//682 1419//552
f 1421//670 1429//670 1428//683 1420//669
f 1422//671 1430//684 1429//670 1421//670
f 1423//556 1431//685 1430//684 1422//671
f 1424//667 1432//680 1431//685 1423//556
f 1425//666 1433//666 1440//686 1432//680
f 1426//681 1434//687 1433//666 1425//666
f 1427//682 1435//688 1434//687 1426//681
f 1428//683 1436//689 1435//688 1427//682
f 1429//670 1437//670 1436//689 1428//683
f 1430//684 1438//690 1437//670 1429//670
f 1431//685 1439//691 1438//690 1430//684
f 1432//680 1440//686 1439//691 1431//685
f 1433//666 1441//666 1448//692 1440//686
f 1434//687 1442//693 1441//666 1433//666
f 1435//688 1443//694 1442//693 1434//687
f 1436//689 1444//695 1443//694 1435//688
f 1437//670 1445//670 1444//695 1436//689
f 1438//690 1446//696 1445//670 1437//670
f 1439//691 1447//697 1446//696 1438//690
f 1440//686 1448//692 1447//697 1439//691
f 1441//666 1449//698 1456//699 1448//692
f 1442//693 1450//700 1449//698 1441//666
f 1443//694 1451//701 1450//700 1442//693
f 1444//695 1452//702 1451//701 1443//694
f 1445//670 1453//703 1452//702 1444//695
f 1446//696 1454//704 1453//703 1445//670
f 1447//697 1455//705 1454//704 1446//696
f 1448//692 1456//699 1455//705 1447//697
f 1449//698 1457//706 1464//707 1456//699
f 1450//700 1458//708 1457//706 1449//698
f 1451//701 1459//709 1458//708 1450//700
f 1452//702 1460//710 1459//709 1451//701
f 1453//703 1461//711 1460//710 1452//702
f 1454//704 1462//712 1461//711 1453//703
f 1455//705 1463//713 1462//712 1454//704
f 1456//699 1464//707 1463//713 1455//705
f 1457//706 1465//714 1472//715 1464//707
f 1458//708 1466//716 1465//714 1457//706
f 1459//709 1467//717 1466//716 1458//708
f 1460//710 1468//718 1467//717 1459//709
f 1461//711 1469//719 1468//718 1460//710
f 1462//712 1470//720 1469//719 1461//711
f 1463//713 1471//721 1470//720 1462//712
f 1464//707 1472//715 1471//721 1463//713
f 1465//714 1473//722 1480//723 1472//715
f 1466//716 1474//724 1473//722 1465//714
f 1467//717 1475//725 1474//724 1466//716
f 1468//718 1476//726 1475//725 1467//717
f 1469//719 1477//727 1476//726 1468//718
f 1470//720 1478//728 1477//727 1469//719
f 1471//721 1479//729 1478//728 1470//720
f 1472//715 1480//723 1479//729 1471//721
f 1473//722 1481//730 1488//731 1480//723
f 1474//724 1482//732 1481//730 1473//722
f 1475//725 1483//733 1482//732 1474//724
f 1476//726 1484//734 1483//733 1475//725
f 1477//727 1485//735 1484//734 1476//726
f 1478//728 1486//736 1485//735 1477//727
f 1479//729 1487//737 1486//736 1478//728
f 1480//723 1488//731 1487//737 1479//729
f 1481//730 1489//738 1496//739 1488//731
f 1482//732 1490//740 1489//738 1481//730
f 1483//733 1491//741 1490//740 1482//732
f 1484//734 1492//742 1491//741 1483//733
f 1485//735 1493//743 1492//742 1484//734
f 1486//736 1494//744 1493//743 1485//735
f 1487//737 1495//745 1494//744 1486//736
f 1488//731 1496//739 1495//745 1487//737
f 1489//738 1497//746 1504//747 1496//739
f 1490//740 1498//748 1497//746 1489//738
f 1491//741 1499//749 1498//748 1490//740
f 1492//742 1500//750 1499//749 1491//741
f 1493//743 1501//751 1500//750 1492//742
f 1494//744 1502//752 1501//751 1493//743
f 1495//745 1503//753 1502//752 1494//744
f 1496//739 1504//747 1503//753 1495//745
f 1497//746 1505//754 1512//755 1504//747
f 1498//748 1506//756 1505//754 1497//746
f 1499//749 1507//757 1506//756 1498//748
f 1500//750 1508//758 1507//757 1499//749
f 1501//751 1509//759 1508//758 1500//750
f 1502//752 1510//760 1509//759 1501//751
f 1503//753 1511//761 1510//760 1502//752
f 1504//747 1512//755 1511//761 1503//753
f 1505//754 1513//762 1520//763 1512//755
f 1506//756 1514//764 1513//762 1505//754
f 1507//757 1515//765 1514//764 1506//756
f 1508//758 1516//766 1515//765 1507//757
f 1509//759 1517//767 1516//766 1508//758
f 1510//760 1518//768 1517//767 1509//759
f 1511//761 1519//769 1518//768 1510//760
f 1512//755 1520//763 1519//769 1511//761
f 1513//762 1521//770 1528//771 1520//763
f 1514//764 1522//772 1521//770 1513//762
f 1515//765 1523//773 1522//772 1514//764
f 1516//766 1524//774 1523//773 1515//765
f 1517//767 1525//775 1524//774 1516//766
f 1518//768 1526//776 1525//775 1517//767
f 1519//769 1527//777 1526//776 1518//768
f 1520//763 1528//771 1527//777 1519//769
f 1521//770 1529//778 1536//779 1528//771
f 1522//772 1530//780 1529//778 1521//770
f 1523//773 1531//781 1530//780 1522//772
f 1524//774 1532//782 1531//781 1523//773
f 1525//775 1533//783 1532//782 1524//774
f 1526//776 1534//784 1533//783 1525//775
f 1527//777 1535//785 1534//784 1526//776
f 1528//771 1536//779 1535//785 1527//777
f 1529//778 1537//786 1544//787 1536//779
f 1530//780 1538//788 1537//786 1529//778
f 1531//781 1539//789 1538//788 1530//780
f 1532//782 1540//790 1539//789 1531//781
f 1533//783 1541//791 1540//790 1532//782
f 1534//784 1542//792 1541//791 1533//783
f 1535//785 1543//793 1542//792 1534//784
f 1536//779 1544//787 1543//793 1535//785
f 1537//786 1545//794 1552//795 1544//787
f 1538//788 1546//796 1545//794 1537//786
f 1539//789 1547//797 1546//796 1538//788
f 1540//790 1548//798 1547//797 1539//789
f 1541//791 1549//799 1548//798 1540//790
f 1542//792 1550//800 1549//799 1541//791
f 1543//793 1551//801 1550//800 1542//792
f 1544//787 1552//795 1551//801 1543//793
f 1545//794 1553//802 1560//803 1552//795
f 1546//796 1554//804 1553//802 1545//794
f 1547//797 1555//805 1554//804 1546//796
f 1548//798 1556//806 1555//805 1547//797
f 1549//799 1557//807 1556//806 1548//798
f 1550//800 1558//808 1557//807 1549//799
f 1551//801 1559//809 1558//808 1550//800
f 1552//795 1560//803 1559//809 1551//801
f 1553//802 1561//810 1568//811 1560//803
f 1554//804 1562//812 1561//810 1553//802
f 1555//805 1563//813 1562//812 1554//804
f 1556//806 1564//814 1563//813 1555//805
f 1557//807 1565//815 1564//814 1556//806
f 1558//808 1566//816 1565//815 1557//807
f 1559//809 1567//817 1566//816 1558//808
f 1560//803 1568//811 1567//817 1559//809
f 1561//810 1569//818 1576//819 1568//811
f 1562//812 1570//820 1569//818 1561//810
f 1563//813 1571//821 1570//820 1562//812
f 1564//814 1572//822 1571//821 1563//813
f 1565//815 1573//823 1572//822 1564//814
f 1566//816 1574//824 1573//823 1565//815
f 1567//817 1575//825 1574//824 1566//816
f 1568//811 1576//819 1575//825 1567//817
f 1569//818 1577//826 1584//827 1576//819
f 1570//820 1578//828 1577//826 1569//818
f 1571//821 1579//829 1578//828 1570//820
f 1572//822 1580//830 1579//829 1571//821
f 1573//823 1581//831 1580//830 1572//822
f 1574//824 1582//832 1581//831 1573//823
f 1575//825 1583//833 1582//832 1574//824
f 1576//819 1584//827 1583//833 1575//825
f 1577//826 1585//834 1592//835 1584//827
f 1578//828 1586//836 1585//834 1577//826
f 1579//829 1587//837 1586//836 1578//828
f 1580//830 1588//838 1587//837 1579//829
f 1581//831 1589//839 1588//838 1580//830
f 1582//832 1590//840 1589//839 1581//831
f 1583//833 1591//841 1590//840 1582//832
f 1584//827 1592//835 1591//841 1583//833
f 1585//834 1593//842 1600//843 1592//835
f 1586//836 1594//844 1593//842 1585//834
f 1587//837 1595//845 1594//844 1586//836
f 1588//838 1596//846 1595//845 1587//837
f 1589//839 1597//847 1596//846 1588//838
f 1590//840 1598//848 1597//847 1589//839
f 1591//841 1599//849 1598//848 1590//840
f 1592//835 1600//843 1599//849 1591//841
f 1593//842 1601//850 1608//851 1600//843
f 1594//844 1602//852 1601//850 1593//842
f 1595//845 1603//853 1602//852 1594//844
f 1596//846 1604//854 1603//853 1595//845
f 1597//847 1605//855 1604//854 1596//846
f 1598//848 1606//856 1605//855 1597//847
f 1599//849 1607//857 1606//856 1598//848
f 1600//843 1608//851 1607//857 1599//849
f 1601//850 1609//858 1616//859 1608//851
f 1602//852 1610//860 1609//858 1601//850
f 1603//853 1611//861 1610//860 1602//852
f 1604//854 1612//862 1611//861 1603//853
f 1605//855 1613//863 1612//862 1604//854
f 1606//856 1614//864 1613//863 1605//855
f 1607//857 1615//865 1614//864 1606//856
f 1608//851 1616//859 1615//865 1607//857
f 1609//858 1617//866 1624//867 1616//859
f 1610//860 1618//868 1617//866 1609//858
f 1611//861 1619//869 1618//868 1610//860
f 1612//862 1620//870 1619//869 1611//861
f 1613//863 1621//871 1620//870 1612//862
f 1614//864 1622//872 1621//871 1613//863
f 1615//865 1623//873 1622//872 1614//864
f 1616//859 1624//867 1623//873 1615//865
f 1617//866 1625//874 1632//875 1624//867
f 1618//868 1626//876 1625//874 1617//866
f 1619//869 1627//877 1626//876 1618//868
f 1620//870 1628//878 1627//877 1619//869
f 1621//871 1629//879 1628//878 1620//870
f 1622//872 1630//880 1629//879 1621//871
f 1623//873 1631//881 1630//880 1622//872
f 1624//867 1632//875 1631//881 1623//873
f 1625//874 1633//882 1640//883 1632//875
f 1626//876 1634//844 1633//882 1625//874
f 1627//877 1635//884 1634//844 1626//876
f 1628//878 1636//846 1635//884 1627//877
f 1629//879 1637//885 1636//846 1628//878
f 1630//880 1638//886 1637//885 1629//879
f 1631//881 1639//887 1638//886 1630//880
f 1632//875 1640//883 1639//887 1631//881
f 1633//882 1641//888 1648//889 1640//883
f 1634//844 1642//890 1641//888 1633//882
f 1635//884 1643//891 1642//890 1634//844
f 1636//846 1644//892 1643//891 1635//884
f 1637//885 1645//893 1644//892 1636//846
f 1638//886 1646//894 1645//893 1637//885
f 1639//887 1647//895 1646//894 1638//886
f 1640//883 1648//889 1647//895 1639//887
f 1641//888 1649//896 1656//897 1648//889
f 1642//890 1650//898 1649//896 1641//888
f 1643//891 1651//899 1650//898 1642//890
f 1644//892 1652//900 1651//899 1643//891
f 1645//893 1653//901 1652//900 1644//892
f 1646//894 1654//902 1653//901 1645//893
f 1647//895 1655//903 1654//902 1646//894
f 1648//889 1656//897 1655//903 1647//895
f 1649//896 1657//904 1664//905 1656//897
f 1650//898 1658//906 1657//904 1649//896
f 1651//899 1659//907 1658//906 1650//898
f 1652//900 1660//908 1659//907 1651//899
f 1653//901 1661//909 1660//908 1652//900
f 1654//902 1662//910 1661//909 1653//901
f 1655//903 1663//911 1662//910 1654//902
f 1656//897 1664//905 1663//911 1655//903
f 1657//904 1665//912 1672//913 1664//905
f 1658//906 1666//914 1665//912 1657//904
f 1659//907 1667//915 1666//914 1658//906
f 1660//908 1668//916 1667//915 1659//907
f 1661//909 1669//917 1668//916 1660//908
f 1662//910 1670//918 1669//917 1661//909
f 1663//911 1671//919 1670//918 1662//910
f 1664//905 1672//913 1671//919 1663//911
f 1665//912 1673//920 1680//921 1672//913
f 1666//914 1674//922 1673//920 1665//912
f 1667//915 1675//923 1674//922 1666//914
f 1668//916 1676//924 1675//923 1667//915
f 1669//917 1677//925 1676//924 1668//916
f 1670//918 1678//926 1677//925 1669//917
f 1671//919 1679//927 1678//926 1670//918
f 1672//913 1680//921 1679//927 1671//919
f 1673//920 1681//928 1688//929 1680//921
f 1674//922 1682//930 1681//928 1673//920
f 1675//923 1683//931 1682//930 1674//922
f 1676//924 1684//932 1683//931 1675//923
f 1677//925 1685//933 1684//932 1676//924
f 1678//926 1686//934 1685//933 1677//925
f 1679//927 1687//935 1686//934 1678//926
f 1680//921 1688//929 1687//935 1679//927
f 1681//928 1689//936 1696//937 1688//929
f 1682//930 1690//938 1689//936 1681//928
f 1683//931 1691//939 1690//938 1682//930
f 1684//932 1692//940 1691//939 1683//931
f 1685//933 1693//941 1692//940 1684//932
f 1686//934 1694//942 1693//941 1685//933
f 1687//935 1695//943 1694//942 1686//934
f 1688//929 1696//937 1695//943 1687//935
f 1689//936 1697//944 1704//945 1696//937
f 1690//938 1698//946 1697//944 1689//936
f 1691//939 1699//947 1698//946 1690//938
f 1692//940 1700//948 1699//947 1691//939
f 1693//941 1701//949 1700//948 1692//940
f 1694//942 1702//950 1701//949 1693//941
f 1695//943 1703//951 1702//950 1694//942
f 1696//937 1704//945 1703//951 1695//943
f 1697//944 1705//952 1712//953 1704//945
f 1698//946 1706//954 1705//952 1697//944
f 1699//947 1707//955 1706//954 1698//946
f 1700//948 1708//956 1707//955 1699//947
f 1701//949 1709//957 1708//956 1700//948
f 1702//950 1710//958 1709//957 1701//949
f 1703//951 1711//959 1710//958 1702//950
f 1704//945 1712//953 1711//959 1703//951
f 1705//952 1713//960 1720//961 1712//953
f 1706//954 1714//962 1713//960 1705//952
f 1707//955 1715//963 1714//962 1706//954
f 1708//956 1716//964 1715//963 1707//955
f 1709//957 1717//965 1716//964 1708//956
f 1710//958 1718//966 1717//965 1709//957
f 1711//959 1719//967 1718//966 1710//958
f 1712//953 1720//961 1719//967 1711//959
f 1713//960 1721//968 1728//969 1720//961
f 1714//962 1722//970 1721//968 1713//960
f 1715//963 1723//971 1722//970 1714//962
f 1716//964 1724//972 1723//971 1715//963
f 1717//965 1725//973 1724//972 1716//964
f 1718//966 1726//974 1725//973 1717//965
f 1719//967 1727//975 1726//974 1718//966
f 1720//961 1728//969 1727//975 1719//967
f 1721//968 1729//976 1736//977 1728//969
f 1722//970 1730//978 1729//976 1721//968
f 1723//971 1731//979 1730//978 1722//970
f 1724//972 1732//980 1731//979 1723//971
f 1725//973 1733//981 1732//980 1724//972
f 1726//974 1734//982 1733//981 1725//973
f 1727//975 1735//983 1734//982 1726//974
f 1728//969 1736//977 1735//983 1727//975
f 1729//976 1737//984 1744//985 1736//977
f 1730//978 1738//986 1737//984 1729//976
f 1731//979 1739//987 1738//986 1730//978
f 1732//980 1740//988 1739//987 1731//979
f 1733//981 1741//989 1740//988 1732//980
f 1734//982 1742//990 1741//989 1733//981
f 1735//983 1743//991 1742//990 1734//982
f 1736//977 1744//985 1743//991 1735//983
f 1737//984 1745//992 1752//993 1744//985
f 1738//986 1746//994 1745//992 1737//984
f 1739//987 1747//995 1746//994 1738//986
f 1740//988 1748//996 1747//995 1739//987
f 1741//989 1749//997 1748//996 1740//988
f 1742//990 1750//998 1749//997 1741//989
f 1743//991 1751//999 1750//998 1742//990
f 1744//985 1752//993 1751//999 1743//991
f 1745//992 1753//1000 1760//1001 1752//993
f 1746//994 1754//1002 1753//1000 1745//992
f 1747//995 1755//1003 1754//1002 1746//994
f 1748//996 1756//1004 1755//1003 1747//995
f 1749//997 1757//1005 1756//1004 1748//996
f 1750//998 1758//1006 1757//1005 1749//997
f 1751//999 1759//1007 1758//1006 1750//998
f 1752//993 1760//1001 1759//1007 1751//999
f 1753//1000 1761//1008 1768//1009 1760//1001
f 1754//1002 1762//1010 1761//1008 1753//1000
f 1755//1003 1763//1011 1762//1010 1754//1002
f 1756//1004 1764//1012 1763//1011 1755//1003
f 1757//1005 1765//1013 1764//1012 1756//1004
f 1758//1006 1766//1014 1765//1013 1757//1005
f 1759//1007 1767//1015 1766//1014 1758//1006
f 1760//1001 1768//1009 1767//1015 1759//1007
f 1761//1008 1769//1016 1776//1017 1768//1009
f 1762//1010 1770//1018 1769//1016 1761//1008
f 1763//1011 1771//1019 1770//1018 1762//1010
f 1764//1012 1772//1020 1771//1019 1763//1011
f 1765//1013 1773//1021 1772//1020 1764//1012
f 1766//1014 1774//1022 1773//1021 1765//1013
f 1767//1015 1775//1023 1774//1022 1766//1014
f 1768//1009 1776//1017 1775//1023 1767//1015
f 1769//1016 1777//1024 1784//1025 1776//1017
f 1770//1018 1778//1026 1777//1024 1769//1016
f 1771//1019 1779//1027 1778//1026 1770//1018
f 1772//1020 1780//1028 1779//1027 1771//1019
f 1773//1021 1781//1029 1780//1028 1772//1020
f 1774//1022 1782//1030 1781//1029 1773//1021
f 1775//1023 1783//1031 1782//1030 1774//1022
f 1776//1017 1784//1025 1783//1031 1775//1023
f 1777//1024 1785//1032 1792//1033 1784//1025
f 1778//1026 1786//1034 1785//1032 1777//1024
f 1779//1027 1787//1035 1786//1034 1778//1026
f 1780//1028 1788//1036 1787//1035 1779//1027
f 1781//1029 1789//1037 1788//1036 1780//1028
f 1782//1030 1790//1038 1789//1037 1781//1029
f 1783//1031 1791//1039 1790//1038 1782//1030
f 1784//1025 1792//1033 1791//1039 1783//1031
f 1785//1032 1793//1040 1800//1041 1792//1033
f 1786//1034 1794//1042 1793//1040 1785//1032
f 1787//1035 1795//1043 1794//1042 1786//1034
f 1788//1036 1796//1044 1795//1043 1787//1035
f 1789//1037 1797//1045 1796//1044 1788//1036
f 1790//1038 1798//1046 1797//1045 1789//1037
f 1791//1039 1799//1047 1798//1046 1790//1038
f 1792//1033 1800//1041 1799//1047 1791//1039
f 1793//1040 1801//1048 1808//1049 1800//1041
f 1794//1042 1802//1050 1801//1048 1793//1040
f 1795//1043 1803//1051 1802//1050 1794//1042
f 1796//1044 1804//1052 1803//1051 1795//1043
f 1797//1045 1805//1053 1804//1052 1796//1044
f 1798//1046 1806//1054 1805//1053 1797//1045
f 1799//1047 1807//1055 1806//1054 1798//1046
f 1800//1041 1808//1049 1807//1055 1799//1047
f 1801//1048 1809//1056 1816//1057 1808//1049
f 1802//1050 1810//1058 1809//1056 1801//1048
f 1803//1051 1811//1059 1810//1058 1802//1050
f 1804//1052 1812//1060 1811//1059 1803//1051
f 1805//1053 1813//1061 1812//1060 1804//1052
f 1806//1054 1814//1062 1813//1061 1805//1053
f 1807//1055 1815//1063 1814//1062 1806//1054
f 1808//1049 1816//1057 1815//1063 1807//1055
f 1809//1056 1817//1064 1824//1065 1816//1057
f 1810//1058 1818//1066 1817//1064 1809//1056
f 1811//1059 1819//1067 1818//1066 1810//1058
f 1812//1060 1820//1068 1819//1067 1811//1059
f 1813//1061 1821//1069 1820//1068 1812//1060
f 1814//1062 1822//1070 1821//1069 1813//1061
f 1815//1063 1823//1071 1822//1070 1814//1062
f 1816//1057 1824//1065 1823//1071 1815//1063
f 1817//1064 1825//1072 1832//1073 1824//1065
f 1818//1066 1826//1074 1825//1072 1817//1064
f 1819//1067 1827//1075 1826//1074 1818//1066
f 1820//1068 1828//1076 1827//1075 1819//1067
f 1821//1069 1829//1077 1828//1076 1820//1068
f 1822//1070 1830//1078 1829//1077 1821//1069
f 1823//1071 1831//1079 1830//1078 1822//1070
f 1824//1065 1832//1073 1831//1079 1823//1071
f 1825//1072 1833//1080 1840//1081 1832//1073
f 1826//1074 1834//1082 1833//1080 1825//1072
f 1827//1075 1835//1083 1834//1082 1826//1074
f 1828//1076 1836//1084 1835//1083 1827//1075
f 1829//1077 1837//1085 1836//1084 1828//1076
f 1830//1078 1838//1086 1837//1085 1829//1077
f 1831//1079 1839//1087 1838//1086 1830//1078
f 1832//1073 1840//1081 1839//1087 1831//1079
