ply
format ascii 1.0
comment Created by Blender 2.79 (sub 0) - www.blender.org, source file: 'FirstRoom.blend'
element vertex 4319
property float x
property float y
property float z
property float nx
property float ny
property float nz
property uchar red
property uchar green
property uchar blue
element face 2244
property list uchar uint vertex_indices
end_header
0.000020 6.135341 -1.366800 0.000000 0.727866 -0.685690 255 255 255
-0.180488 6.117562 -1.079084 -0.195074 0.980773 0.000000 255 255 255
0.000020 6.135341 -1.079084 0.000000 1.000000 0.000000 255 255 255
-0.180488 6.117562 -1.366799 -0.142003 0.713889 -0.685690 255 255 255
-0.354059 6.064910 -1.079084 -0.382672 0.923856 0.000000 255 255 255
-0.354059 6.064910 -1.366799 -0.278542 0.672475 -0.685690 255 255 255
-0.514023 5.979407 -1.079084 -0.555559 0.831446 0.000000 255 255 255
-0.514023 5.979407 -1.366799 -0.404370 0.605213 -0.685690 255 255 255
-0.654232 5.864340 -1.079084 -0.707083 0.707083 0.000000 255 255 255
-0.654233 5.864341 -1.366799 -0.514695 0.514664 -0.685690 255 255 255
-0.769300 5.724131 -1.079084 -0.831446 0.555559 0.000000 255 255 255
-0.769300 5.724131 -1.366799 -0.605213 0.404370 -0.685690 255 255 255
-0.854802 5.564167 -1.079084 -0.923856 0.382672 0.000000 255 255 255
-0.854802 5.564167 -1.366799 -0.672475 0.278542 -0.685690 255 255 255
-0.907454 5.390595 -1.079084 -0.980773 0.195074 0.000000 255 255 255
-0.907454 5.390595 -1.366799 -0.713889 0.142003 -0.685690 255 255 255
-0.925233 5.210088 -1.079084 -1.000000 0.000000 0.000000 255 255 255
-0.925233 5.210088 -1.366799 -0.727866 0.000000 -0.685690 255 255 255
-0.907454 5.029580 -1.079083 -0.980773 -0.195074 0.000000 255 255 255
-0.907454 5.029580 -1.366799 -0.713889 -0.142003 -0.685690 255 255 255
-0.854802 4.856009 -1.079083 -0.923856 -0.382672 0.000000 255 255 255
-0.854802 4.856009 -1.366799 -0.672475 -0.278542 -0.685690 255 255 255
-0.769299 4.696045 -1.079083 -0.831446 -0.555559 0.000000 255 255 255
-0.769300 4.696045 -1.366799 -0.605213 -0.404370 -0.685690 255 255 255
-0.654232 4.555835 -1.079083 -0.707083 -0.707083 0.000000 255 255 255
-0.654232 4.555835 -1.366799 -0.514664 -0.514664 -0.685690 255 255 255
-0.514023 4.440768 -1.079083 -0.555559 -0.831446 0.000000 255 255 255
-0.514023 4.440768 -1.366799 -0.404370 -0.605213 -0.685690 255 255 255
-0.354058 4.355265 -1.079083 -0.382672 -0.923856 0.000000 255 255 255
-0.354059 4.355265 -1.366799 -0.278542 -0.672475 -0.685690 255 255 255
-0.180487 4.302613 -1.079083 -0.195074 -0.980773 0.000000 255 255 255
-0.180487 4.302613 -1.366799 -0.141972 -0.713889 -0.685690 255 255 255
0.000021 4.284834 -1.079084 0.000000 -0.999969 0.000000 255 255 255
0.000021 4.284834 -1.366799 0.000000 -0.727866 -0.685690 255 255 255
0.180529 4.302613 -1.079084 0.195074 -0.980773 0.000000 255 255 255
0.180529 4.302613 -1.366799 0.142003 -0.713889 -0.685690 255 255 255
0.354100 4.355266 -1.079084 0.382672 -0.923856 0.000000 255 255 255
0.354100 4.355266 -1.366799 0.278542 -0.672475 -0.685690 255 255 255
0.514064 4.440768 -1.079084 0.555559 -0.831446 0.000000 255 255 255
0.514064 4.440768 -1.366799 0.404370 -0.605213 -0.685690 255 255 255
0.654274 4.555836 -1.079084 0.707083 -0.707083 0.000000 255 255 255
0.654274 4.555836 -1.366799 0.514664 -0.514664 -0.685690 255 255 255
0.769341 4.696045 -1.079084 0.831446 -0.555559 0.000000 255 255 255
0.769341 4.696045 -1.366799 0.605213 -0.404370 -0.685690 255 255 255
0.854843 4.856009 -1.079084 0.923856 -0.382672 0.000000 255 255 255
0.854843 4.856009 -1.366799 0.672475 -0.278542 -0.685690 255 255 255
0.907495 5.029581 -1.079084 0.980773 -0.195074 0.000000 255 255 255
0.907495 5.029581 -1.366799 0.713889 -0.142003 -0.685690 255 255 255
0.925273 5.210089 -1.079084 0.999969 0.000000 0.000000 255 255 255
0.925273 5.210089 -1.366800 0.727866 0.000000 -0.685690 255 255 255
0.907495 5.390596 -1.079084 0.980773 0.195074 0.000000 255 255 255
0.907495 5.390596 -1.366800 0.713889 0.142003 -0.685690 255 255 255
0.854842 5.564168 -1.079084 0.923856 0.382672 0.000000 255 255 255
0.854842 5.564168 -1.366800 0.672475 0.278542 -0.685690 255 255 255
0.769340 5.724132 -1.079084 0.831446 0.555559 0.000000 255 255 255
0.769340 5.724132 -1.366800 0.605213 0.404370 -0.685690 255 255 255
0.654272 5.864341 -1.079084 0.707083 0.707083 0.000000 255 255 255
0.654272 5.864341 -1.366800 0.514664 0.514695 -0.685690 255 255 255
0.514062 5.979408 -1.079084 0.555559 0.831446 0.000000 255 255 255
0.514062 5.979408 -1.366800 0.404370 0.605213 -0.685690 255 255 255
0.354098 6.064911 -1.079084 0.382672 0.923856 0.000000 255 255 255
0.354100 4.355266 -1.366799 -0.000000 -0.000000 -1.000000 255 255 255
-0.854802 4.856009 -1.366799 -0.000000 -0.000000 -1.000000 255 255 255
-0.354059 6.064910 -1.366799 -0.000000 -0.000000 -1.000000 255 255 255
0.354098 6.064911 -1.366800 0.278542 0.672475 -0.685690 255 255 255
0.180527 6.117562 -1.079084 0.195074 0.980773 0.000000 255 255 255
0.180527 6.117563 -1.366800 0.141972 0.713889 -0.685690 255 255 255
-0.180486 4.302614 1.366755 0.000000 0.000000 1.000000 255 255 255
0.907496 5.029582 1.366754 0.000000 0.000000 1.000000 255 255 255
0.180528 6.117563 1.366754 0.000000 0.000000 1.000000 255 255 255
0.180528 6.117563 1.079066 0.195074 0.980773 0.000000 255 255 255
0.000021 6.135342 1.366754 0.000000 0.727866 0.685690 255 255 255
0.180528 6.117563 1.366754 0.141972 0.713889 0.685690 255 255 255
0.180527 6.117562 -1.079084 0.195074 0.980773 0.000000 128 128 128
0.000021 6.135342 1.079066 0.000000 1.000000 0.000000 128 128 128
0.180528 6.117563 1.079066 0.195074 0.980773 0.000000 128 128 128
0.354099 6.064912 1.079066 0.382672 0.923856 0.000000 255 255 255
0.354099 6.064912 1.366754 0.278542 0.672475 0.685690 255 255 255
0.354098 6.064911 -1.079084 0.382672 0.923856 0.000000 128 128 128
0.354099 6.064912 1.079066 0.382672 0.923856 0.000000 128 128 128
0.514063 5.979409 1.079066 0.555559 0.831446 0.000000 255 255 255
0.514063 5.979409 1.366754 0.404370 0.605213 0.685690 255 255 255
0.514062 5.979408 -1.079084 0.555559 0.831446 0.000000 128 128 128
0.514063 5.979409 1.079066 0.555559 0.831446 0.000000 128 128 128
0.654273 5.864342 1.079066 0.707083 0.707083 0.000000 255 255 255
0.654273 5.864342 1.366754 0.514664 0.514695 0.685690 255 255 255
0.654272 5.864341 -1.079084 0.707083 0.707083 0.000000 128 128 128
0.654273 5.864342 1.079066 0.707083 0.707083 0.000000 128 128 128
0.769340 5.724133 1.079066 0.831446 0.555559 0.000000 255 255 255
0.769340 5.724133 1.366754 0.605213 0.404370 0.685690 255 255 255
0.769340 5.724132 -1.079084 0.831446 0.555559 0.000000 128 128 128
0.769340 5.724133 1.079066 0.831446 0.555559 0.000000 128 128 128
0.854843 5.564168 1.079066 0.923856 0.382672 0.000000 255 255 255
0.854843 5.564168 1.366754 0.672475 0.278542 0.685690 255 255 255
0.854843 5.564168 1.079066 0.923856 0.382672 0.000000 128 128 128
0.907496 5.390597 1.079066 0.980773 0.195074 0.000000 255 255 255
0.907496 5.390597 1.366754 0.713889 0.142003 0.685690 255 255 255
0.907495 5.390596 -1.079084 0.980773 0.195074 0.000000 128 128 128
0.907496 5.390597 1.079066 0.980773 0.195074 0.000000 128 128 128
0.925274 5.210090 1.079066 1.000000 0.000000 0.000000 255 255 255
0.925274 5.210090 1.366754 0.727866 0.000000 0.685690 255 255 255
0.925273 5.210089 -1.079084 0.999969 0.000000 0.000000 128 128 128
0.925274 5.210090 1.079066 1.000000 0.000000 0.000000 128 128 128
0.907496 5.029582 1.079066 0.980773 -0.195074 0.000000 255 255 255
0.907496 5.029582 1.366754 0.713889 -0.141972 0.685690 255 255 255
0.907495 5.029581 -1.079084 0.980773 -0.195074 0.000000 128 128 128
0.907496 5.029582 1.079066 0.980773 -0.195074 0.000000 128 128 128
0.854844 4.856010 1.079066 0.923856 -0.382672 0.000000 255 255 255
0.854844 4.856010 1.366754 0.672475 -0.278542 0.685690 255 255 255
0.854843 4.856009 -1.079084 0.923856 -0.382672 0.000000 128 128 128
0.854844 4.856010 1.079066 0.923856 -0.382672 0.000000 128 128 128
0.769341 4.696046 1.079067 0.831446 -0.555559 0.000000 255 255 255
0.769341 4.696046 1.366754 0.605213 -0.404370 0.685690 255 255 255
0.769341 4.696045 -1.079084 0.831446 -0.555559 0.000000 128 128 128
0.769341 4.696046 1.079067 0.831446 -0.555559 0.000000 128 128 128
0.654274 4.555836 1.079067 0.707083 -0.707083 0.000000 255 255 255
0.654274 4.555836 1.366754 0.514664 -0.514664 0.685690 255 255 255
0.654274 4.555836 -1.079084 0.707083 -0.707083 0.000000 128 128 128
0.654274 4.555836 1.079067 0.707083 -0.707083 0.000000 128 128 128
0.514065 4.440769 1.079067 0.555559 -0.831446 0.000000 255 255 255
0.514065 4.440769 1.366754 0.404370 -0.605213 0.685690 255 255 255
0.514064 4.440768 -1.079084 0.555559 -0.831446 0.000000 128 128 128
0.514065 4.440769 1.079067 0.555559 -0.831446 0.000000 128 128 128
0.354101 4.355266 1.079067 0.382672 -0.923856 0.000000 255 255 255
0.354101 4.355266 1.366755 0.278542 -0.672475 0.685690 255 255 255
0.354100 4.355266 -1.079084 0.382672 -0.923856 0.000000 128 128 128
0.354101 4.355266 1.079067 0.382672 -0.923856 0.000000 128 128 128
0.180529 4.302614 1.079067 0.195074 -0.980773 0.000000 255 255 255
0.180530 4.302614 1.366755 0.142003 -0.713889 0.685690 255 255 255
0.180529 4.302613 -1.079084 0.195074 -0.980773 0.000000 128 128 128
0.180529 4.302614 1.079067 0.195074 -0.980773 0.000000 128 128 128
0.000022 4.284835 1.366755 0.000000 -0.727866 0.685690 255 255 255
0.000021 4.284834 -1.079084 0.000000 -0.999969 0.000000 128 128 128
0.000021 4.284835 1.079067 0.000000 -1.000000 0.000000 128 128 128
-0.180487 4.302614 1.079067 -0.195074 -0.980773 0.000000 255 255 255
-0.180486 4.302614 1.366755 -0.142003 -0.713889 0.685690 255 255 255
-0.180487 4.302613 -1.079083 -0.195074 -0.980773 0.000000 128 128 128
-0.180487 4.302614 1.079067 -0.195074 -0.980773 0.000000 128 128 128
-0.354058 4.355266 1.079067 -0.382672 -0.923856 0.000000 255 255 255
-0.354058 4.355266 1.366755 -0.278542 -0.672475 0.685690 255 255 255
-0.354058 4.355265 -1.079083 -0.382672 -0.923856 0.000000 128 128 128
-0.354058 4.355266 1.079067 -0.382672 -0.923856 0.000000 128 128 128
-0.514022 4.440768 1.079067 -0.555559 -0.831446 0.000000 255 255 255
-0.514022 4.440768 1.366755 -0.404370 -0.605213 0.685690 255 255 255
-0.514022 4.440768 1.079067 -0.555559 -0.831446 0.000000 128 128 128
-0.654232 4.555836 1.079067 -0.707083 -0.707083 0.000000 255 255 255
-0.654232 4.555836 1.366755 -0.514695 -0.514664 0.685690 255 255 255
-0.654232 4.555835 -1.079083 -0.707083 -0.707083 0.000000 128 128 128
-0.654232 4.555836 1.079067 -0.707083 -0.707083 0.000000 128 128 128
-0.769299 4.696046 1.079067 -0.831446 -0.555559 0.000000 255 255 255
-0.769299 4.696046 1.366755 -0.605213 -0.404370 0.685690 255 255 255
-0.769299 4.696045 -1.079083 -0.831446 -0.555559 0.000000 128 128 128
-0.769299 4.696046 1.079067 -0.831446 -0.555559 0.000000 128 128 128
-0.854801 4.856010 1.079067 -0.923856 -0.382672 0.000000 255 255 255
-0.854801 4.856010 1.366755 -0.672475 -0.278542 0.685690 255 255 255
-0.854802 4.856009 -1.079083 -0.923856 -0.382672 0.000000 128 128 128
-0.854801 4.856010 1.079067 -0.923856 -0.382672 0.000000 128 128 128
-0.907454 5.029581 1.079067 -0.980773 -0.195074 0.000000 255 255 255
-0.907453 5.029581 1.366755 -0.713889 -0.142003 0.685690 255 255 255
-0.907454 5.029580 -1.079083 -0.980773 -0.195074 0.000000 128 128 128
-0.907454 5.029581 1.079067 -0.980773 -0.195074 0.000000 128 128 128
-0.925232 5.210089 1.079067 -1.000000 0.000000 0.000000 255 255 255
-0.925232 5.210089 1.366755 -0.727866 0.000000 0.685690 255 255 255
-0.925233 5.210088 -1.079084 -1.000000 0.000000 0.000000 128 128 128
-0.925232 5.210089 1.079067 -1.000000 0.000000 0.000000 128 128 128
-0.907454 5.390596 1.079067 -0.980773 0.195074 0.000000 255 255 255
-0.907453 5.390596 1.366755 -0.713889 0.142003 0.685690 255 255 255
-0.907454 5.390595 -1.079084 -0.980773 0.195074 0.000000 128 128 128
-0.907454 5.390596 1.079067 -0.980773 0.195074 0.000000 128 128 128
-0.854801 5.564167 1.079067 -0.923856 0.382672 0.000000 255 255 255
-0.854801 5.564167 1.366755 -0.672475 0.278542 0.685690 255 255 255
-0.854802 5.564167 -1.079084 -0.923856 0.382672 0.000000 128 128 128
-0.854801 5.564167 1.079067 -0.923856 0.382672 0.000000 128 128 128
-0.769299 5.724132 1.079067 -0.831446 0.555559 0.000000 255 255 255
-0.769299 5.724132 1.366754 -0.605213 0.404370 0.685690 255 255 255
-0.769300 5.724131 -1.079084 -0.831446 0.555559 0.000000 128 128 128
-0.769299 5.724132 1.079067 -0.831446 0.555559 0.000000 128 128 128
-0.654232 5.864341 1.079067 -0.707083 0.707083 0.000000 255 255 255
-0.654232 5.864341 1.366754 -0.514664 0.514664 0.685690 255 255 255
-0.654232 5.864340 -1.079084 -0.707083 0.707083 0.000000 128 128 128
-0.654232 5.864341 1.079067 -0.707083 0.707083 0.000000 128 128 128
-0.514022 5.979408 1.079067 -0.555559 0.831446 0.000000 255 255 255
-0.514022 5.979408 1.366754 -0.404370 0.605213 0.685690 255 255 255
-0.514023 5.979407 -1.079084 -0.555559 0.831446 0.000000 128 128 128
-0.514022 5.979408 1.079067 -0.555559 0.831446 0.000000 128 128 128
-0.354058 6.064911 1.079066 -0.382672 0.923856 0.000000 255 255 255
-0.354058 6.064911 1.366754 -0.278542 0.672475 0.685690 255 255 255
-0.354058 6.064911 1.079066 -0.382672 0.923856 0.000000 128 128 128
-0.180487 6.117563 1.079066 -0.195074 0.980773 0.000000 255 255 255
-0.180487 6.117563 1.366754 -0.142003 0.713889 0.685690 255 255 255
-0.180488 6.117562 -1.079084 -0.195074 0.980773 0.000000 128 128 128
-0.180487 6.117563 1.079066 -0.195074 0.980773 0.000000 128 128 128
0.000020 6.135341 -1.079084 0.000000 1.000000 0.000000 128 128 128
-1.366756 6.135341 -0.000022 -0.685690 0.727866 0.000000 255 255 255
-1.079041 6.117563 0.180486 0.000000 0.980773 0.195074 255 255 255
-1.079041 6.135341 -0.000022 0.000000 0.999969 0.000000 255 255 255
-1.366756 6.117563 0.180486 -0.685690 0.713889 0.142003 255 255 255
-1.079041 6.064911 0.354057 0.000000 0.923856 0.382672 255 255 255
-1.366756 6.064911 0.354057 -0.685690 0.672475 0.278542 255 255 255
-1.079041 5.979408 0.514021 0.000000 0.831446 0.555559 255 255 255
-1.366756 5.979408 0.514021 -0.685690 0.605213 0.404370 255 255 255
-1.079040 5.864341 0.654231 0.000000 0.707083 0.707083 255 255 255
-1.366756 5.864341 0.654231 -0.685690 0.514695 0.514664 255 255 255
-1.079040 5.724132 0.769298 0.000000 0.555559 0.831446 255 255 255
-1.366756 5.724132 0.769298 -0.685690 0.404370 0.605213 255 255 255
-1.079040 5.564167 0.854800 0.000000 0.382672 0.923856 255 255 255
-1.366756 5.564167 0.854801 -0.685690 0.278542 0.672475 255 255 255
-1.079040 5.390596 0.907453 0.000000 0.195074 0.980773 255 255 255
-1.366756 5.390596 0.907453 -0.685690 0.142003 0.713889 255 255 255
-1.079040 5.210089 0.925231 0.000000 0.000000 1.000000 255 255 255
-1.366756 5.029581 0.907453 -0.685690 -0.142003 0.713889 255 255 255
-1.079040 5.029581 0.907453 0.000000 -0.195074 0.980773 255 255 255
-1.079040 4.856010 0.854801 0.000000 -0.382672 0.923856 255 255 255
-1.366756 4.696046 0.769298 -0.685690 -0.404370 0.605213 255 255 255
-1.079040 4.696046 0.769298 0.000000 -0.555559 0.831446 255 255 255
-1.366756 4.555835 0.654231 -0.685690 -0.514664 0.514695 255 255 255
-1.079040 4.555835 0.654231 0.000000 -0.707083 0.707083 255 255 255
-1.366756 4.440768 0.514021 -0.685690 -0.605213 0.404370 255 255 255
-1.079040 4.440768 0.514021 0.000000 -0.831446 0.555559 255 255 255
-1.366756 4.355266 0.354057 -0.685690 -0.672475 0.278542 255 255 255
-1.079040 4.355266 0.354057 0.000000 -0.923856 0.382672 255 255 255
-1.366756 4.302613 0.180486 -0.685690 -0.713889 0.142003 255 255 255
-1.079040 4.302613 0.180486 0.000000 -0.980773 0.195074 255 255 255
-1.366756 4.284835 -0.000022 -0.685690 -0.727866 0.000000 255 255 255
-1.079041 4.284835 -0.000022 0.000000 -1.000000 0.000000 255 255 255
-1.366756 4.302613 -0.180530 -0.685690 -0.713889 -0.142003 255 255 255
-1.079041 4.302613 -0.180530 0.000000 -0.980773 -0.195074 255 255 255
-1.366756 4.355266 -0.354101 -0.685690 -0.672475 -0.278542 255 255 255
-1.079041 4.355266 -0.354101 0.000000 -0.923856 -0.382672 255 255 255
-1.366756 4.440769 -0.514065 -0.685690 -0.605213 -0.404370 255 255 255
-1.079041 4.440768 -0.514065 0.000000 -0.831446 -0.555559 255 255 255
-1.366756 4.555836 -0.654275 -0.685690 -0.514664 -0.514664 255 255 255
-1.079041 4.555836 -0.654275 0.000000 -0.707083 -0.707083 255 255 255
-1.366756 4.696045 -0.769342 -0.685690 -0.404370 -0.605213 255 255 255
-1.079041 4.696045 -0.769342 0.000000 -0.555559 -0.831446 255 255 255
-1.366756 4.856009 -0.854845 -0.685690 -0.278542 -0.672475 255 255 255
-1.079041 4.856009 -0.854845 0.000000 -0.382672 -0.923856 255 255 255
-1.366756 5.029581 -0.907497 -0.685690 -0.142003 -0.713889 255 255 255
-1.079041 5.029581 -0.907497 0.000000 -0.195074 -0.980773 255 255 255
-1.366757 5.210089 -0.925275 -0.685690 0.000000 -0.727866 255 255 255
-1.079041 5.210089 -0.925275 0.000000 0.000000 -1.000000 255 255 255
-1.079041 5.390596 -0.907497 0.000000 0.195074 -0.980773 255 255 255
-1.366756 5.390596 -0.907496 -0.685690 0.142003 -0.713889 255 255 255
-1.079041 5.564168 -0.854844 0.000000 0.382672 -0.923856 255 255 255
-1.366756 5.564168 -0.854844 -0.685690 0.278542 -0.672475 255 255 255
-1.079041 5.724132 -0.769341 0.000000 0.555559 -0.831446 255 255 255
-1.366756 5.724132 -0.769341 -0.685690 0.404370 -0.605213 255 255 255
-1.079041 5.864342 -0.654274 0.000000 0.707083 -0.707083 255 255 255
-1.366756 5.864342 -0.654274 -0.685690 0.514695 -0.514664 255 255 255
-1.079041 5.979409 -0.514064 0.000000 0.831446 -0.555559 255 255 255
-1.366756 5.979409 -0.514064 -0.685690 0.605213 -0.404370 255 255 255
-1.079041 6.064911 -0.354100 0.000000 0.923856 -0.382672 255 255 255
-1.366756 5.864341 0.654231 -1.000000 -0.000000 0.000002 255 255 255
-1.366756 5.979408 0.514021 -1.000000 -0.000000 0.000002 255 255 255
-1.366756 4.555835 0.654231 -1.000000 -0.000000 0.000002 255 255 255
-1.366756 6.064911 -0.354100 -0.685690 0.672475 -0.278542 255 255 255
-1.079041 6.117563 -0.180529 0.000000 0.980773 -0.195074 255 255 255
-1.366756 6.117563 -0.180529 -0.685690 0.713889 -0.141972 255 255 255
1.366797 5.979409 -0.514065 1.000000 0.000000 -0.000000 255 255 255
1.366797 6.064911 -0.354101 1.000000 0.000000 -0.000000 255 255 255
1.366798 4.355266 -0.354102 1.000000 0.000000 -0.000000 255 255 255
1.079110 6.117563 -0.180530 0.000000 0.980773 -0.195074 255 255 255
1.366798 6.135341 -0.000023 0.685690 0.727866 0.000000 255 255 255
1.366797 6.117563 -0.180530 0.685690 0.713889 -0.142003 255 255 255
-1.079041 6.117563 -0.180529 0.000000 0.980773 -0.195074 128 128 128
1.079110 6.135341 -0.000023 0.000000 1.000000 0.000000 128 128 128
1.079110 6.117563 -0.180530 0.000000 0.980773 -0.195074 128 128 128
1.079110 6.064911 -0.354101 0.000000 0.923856 -0.382672 255 255 255
1.366797 6.064911 -0.354101 0.685690 0.672475 -0.278542 255 255 255
-1.079041 6.064911 -0.354100 0.000000 0.923856 -0.382672 128 128 128
1.079110 6.064911 -0.354101 0.000000 0.923856 -0.382672 128 128 128
1.079110 5.979409 -0.514065 0.000000 0.831446 -0.555559 255 255 255
1.366797 5.979409 -0.514065 0.685690 0.605213 -0.404370 255 255 255
-1.079041 5.979409 -0.514064 0.000000 0.831446 -0.555559 128 128 128
1.079110 5.979409 -0.514065 0.000000 0.831446 -0.555559 128 128 128
1.079109 5.864342 -0.654275 0.000000 0.707083 -0.707083 255 255 255
1.366797 5.864342 -0.654275 0.685690 0.514695 -0.514664 255 255 255
-1.079041 5.864342 -0.654274 0.000000 0.707083 -0.707083 128 128 128
1.079109 5.864342 -0.654275 0.000000 0.707083 -0.707083 128 128 128
1.079109 5.724132 -0.769342 0.000000 0.555559 -0.831446 255 255 255
1.366797 5.724132 -0.769343 0.685690 0.404370 -0.605213 255 255 255
-1.079041 5.724132 -0.769341 0.000000 0.555559 -0.831446 128 128 128
1.079109 5.724132 -0.769342 0.000000 0.555559 -0.831446 128 128 128
1.079109 5.564168 -0.854845 0.000000 0.382672 -0.923856 255 255 255
1.366797 5.564168 -0.854845 0.685690 0.278542 -0.672475 255 255 255
-1.079041 5.564168 -0.854844 0.000000 0.382672 -0.923856 128 128 128
1.079109 5.564168 -0.854845 0.000000 0.382672 -0.923856 128 128 128
1.079109 5.390596 -0.907497 0.000000 0.195074 -0.980773 255 255 255
1.366797 5.390596 -0.907498 0.685690 0.142003 -0.713889 255 255 255
-1.079041 5.390596 -0.907497 0.000000 0.195074 -0.980773 128 128 128
1.079109 5.390596 -0.907497 0.000000 0.195074 -0.980773 128 128 128
1.366797 5.210089 -0.925276 0.685690 0.000000 -0.727866 255 255 255
-1.079041 5.210089 -0.925275 0.000000 0.000000 -1.000000 128 128 128
1.079109 5.210089 -0.925276 0.000000 0.000000 -0.999969 128 128 128
1.079109 5.029581 -0.907498 0.000000 -0.195074 -0.980773 255 255 255
1.366797 5.029581 -0.907498 0.685690 -0.142003 -0.713889 255 255 255
-1.079041 5.029581 -0.907497 0.000000 -0.195074 -0.980773 128 128 128
1.079109 5.029581 -0.907498 0.000000 -0.195074 -0.980773 128 128 128
1.366797 4.856009 -0.854846 0.685690 -0.278542 -0.672475 255 255 255
1.079109 4.856009 -0.854846 0.000000 -0.382672 -0.923856 128 128 128
1.366797 4.696045 -0.769343 0.685690 -0.404370 -0.605213 255 255 255
1.079109 4.856009 -0.854846 0.000000 -0.382672 -0.923856 255 255 255
1.079110 4.696045 -0.769343 0.000000 -0.555559 -0.831446 128 128 128
-1.079041 4.856009 -0.854845 0.000000 -0.382672 -0.923856 128 128 128
1.366797 4.555836 -0.654276 0.685690 -0.514664 -0.514695 255 255 255
1.079110 4.696045 -0.769343 0.000000 -0.555559 -0.831446 255 255 255
1.079110 4.555836 -0.654276 0.000000 -0.707083 -0.707083 128 128 128
-1.079041 4.696045 -0.769342 0.000000 -0.555559 -0.831446 128 128 128
1.366798 4.440768 -0.514067 0.685690 -0.605213 -0.404370 255 255 255
1.079110 4.555836 -0.654276 0.000000 -0.707083 -0.707083 255 255 255
1.079110 4.440768 -0.514066 0.000000 -0.831446 -0.555559 128 128 128
-1.079041 4.555836 -0.654275 0.000000 -0.707083 -0.707083 128 128 128
1.366798 4.355266 -0.354102 0.685690 -0.672475 -0.278542 255 255 255
1.079110 4.440768 -0.514066 0.000000 -0.831446 -0.555559 255 255 255
1.079110 4.355266 -0.354102 0.000000 -0.923856 -0.382672 128 128 128
-1.079041 4.440768 -0.514065 0.000000 -0.831446 -0.555559 128 128 128
1.366798 4.302613 -0.180531 0.685690 -0.713889 -0.142003 255 255 255
1.079110 4.355266 -0.354102 0.000000 -0.923856 -0.382672 255 255 255
1.079110 4.302613 -0.180531 0.000000 -0.980773 -0.195074 128 128 128
-1.079041 4.355266 -0.354101 0.000000 -0.923856 -0.382672 128 128 128
1.366798 4.284835 -0.000023 0.685690 -0.727866 0.000000 255 255 255
1.079110 4.302613 -0.180531 0.000000 -0.980773 -0.195074 255 255 255
1.079110 4.284835 -0.000023 0.000000 -1.000000 0.000000 128 128 128
-1.079041 4.302613 -0.180530 0.000000 -0.980773 -0.195074 128 128 128
1.366798 4.302613 0.180485 0.685690 -0.713889 0.142003 255 255 255
1.079110 4.284835 -0.000023 0.000000 -1.000000 0.000000 255 255 255
1.079110 4.302613 0.180485 0.000000 -0.980773 0.195074 128 128 128
-1.079041 4.284835 -0.000022 0.000000 -1.000000 0.000000 128 128 128
1.366798 4.355266 0.354056 0.685690 -0.672475 0.278542 255 255 255
1.079110 4.302613 0.180485 0.000000 -0.980773 0.195074 255 255 255
1.079110 4.355266 0.354056 0.000000 -0.923856 0.382672 128 128 128
-1.079040 4.302613 0.180486 0.000000 -0.980773 0.195074 128 128 128
1.366798 4.440768 0.514020 0.685690 -0.605213 0.404370 255 255 255
1.079110 4.355266 0.354056 0.000000 -0.923856 0.382672 255 255 255
1.079110 4.440768 0.514020 0.000000 -0.831446 0.555559 128 128 128
-1.079040 4.355266 0.354057 0.000000 -0.923856 0.382672 128 128 128
1.366798 4.555835 0.654230 0.685690 -0.514664 0.514695 255 255 255
1.079110 4.440768 0.514020 0.000000 -0.831446 0.555559 255 255 255
1.079110 4.555835 0.654230 0.000000 -0.707083 0.707083 128 128 128
-1.079040 4.440768 0.514021 0.000000 -0.831446 0.555559 128 128 128
1.366798 4.696046 0.769297 0.685690 -0.404370 0.605213 255 255 255
1.079110 4.555835 0.654230 0.000000 -0.707083 0.707083 255 255 255
1.079110 4.696046 0.769297 0.000000 -0.555559 0.831446 128 128 128
-1.079040 4.555835 0.654231 0.000000 -0.707083 0.707083 128 128 128
1.366798 4.856010 0.854799 0.685690 -0.278542 0.672475 255 255 255
1.079110 4.696046 0.769297 0.000000 -0.555559 0.831446 255 255 255
1.079110 4.856010 0.854800 0.000000 -0.382672 0.923856 128 128 128
-1.079040 4.696046 0.769298 0.000000 -0.555559 0.831446 128 128 128
1.366798 5.029581 0.907452 0.685690 -0.142003 0.713889 255 255 255
1.079110 4.856010 0.854800 0.000000 -0.382672 0.923856 255 255 255
1.079110 5.029581 0.907452 0.000000 -0.195074 0.980773 128 128 128
-1.079040 4.856010 0.854801 0.000000 -0.382672 0.923856 128 128 128
1.366798 5.210089 0.925230 0.685690 0.000000 0.727866 255 255 255
1.079110 5.029581 0.907452 0.000000 -0.195074 0.980773 255 255 255
-1.079040 5.210089 0.925231 0.000000 0.000000 1.000000 128 128 128
1.079110 5.210089 0.925230 0.000000 0.000000 1.000000 128 128 128
1.079110 5.390596 0.907452 0.000000 0.195074 0.980773 255 255 255
1.366798 5.390596 0.907451 0.685690 0.142003 0.713889 255 255 255
-1.079040 5.390596 0.907453 0.000000 0.195074 0.980773 128 128 128
1.079110 5.390596 0.907452 0.000000 0.195074 0.980773 128 128 128
1.079110 5.564167 0.854799 0.000000 0.382672 0.923856 255 255 255
1.366798 5.564167 0.854799 0.685690 0.278542 0.672475 255 255 255
-1.079040 5.564167 0.854800 0.000000 0.382672 0.923856 128 128 128
1.079110 5.564167 0.854799 0.000000 0.382672 0.923856 128 128 128
1.079110 5.724132 0.769297 0.000000 0.555559 0.831446 255 255 255
1.366798 5.724132 0.769297 0.685690 0.404370 0.605213 255 255 255
-1.079040 5.724132 0.769298 0.000000 0.555559 0.831446 128 128 128
1.079110 5.724132 0.769297 0.000000 0.555559 0.831446 128 128 128
1.079110 5.864341 0.654230 0.000000 0.707083 0.707083 255 255 255
1.366798 5.864341 0.654229 0.685690 0.514664 0.514664 255 255 255
-1.079040 5.864341 0.654231 0.000000 0.707083 0.707083 128 128 128
1.079110 5.864341 0.654230 0.000000 0.707083 0.707083 128 128 128
1.079110 5.979408 0.514020 0.000000 0.831446 0.555559 255 255 255
1.366798 5.979408 0.514020 0.685690 0.605213 0.404370 255 255 255
-1.079041 5.979408 0.514021 0.000000 0.831446 0.555559 128 128 128
1.079110 5.979408 0.514020 0.000000 0.831446 0.555559 128 128 128
1.079110 6.064911 0.354056 0.000000 0.923856 0.382672 255 255 255
1.366798 6.064911 0.354056 0.685690 0.672475 0.278542 255 255 255
-1.079041 6.064911 0.354057 0.000000 0.923856 0.382672 128 128 128
1.079110 6.064911 0.354056 0.000000 0.923856 0.382672 128 128 128
1.079110 6.117563 0.180485 0.000000 0.980773 0.195074 255 255 255
1.366798 6.117563 0.180485 0.685690 0.713889 0.141972 255 255 255
-1.079041 6.117563 0.180486 0.000000 0.980773 0.195074 128 128 128
1.079110 6.117563 0.180485 0.000000 0.980773 0.195074 128 128 128
1.079110 6.135341 -0.000023 0.000000 1.000000 0.000000 255 255 255
-1.079041 6.135341 -0.000022 0.000000 0.999969 0.000000 128 128 128
0.025011 5.907858 1.366786 1.000000 0.000001 -0.000001 64 64 64
0.025010 6.094858 1.377582 1.000000 0.000001 -0.000001 64 64 64
0.025011 5.907858 1.377582 1.000000 0.000001 -0.000001 64 64 64
-0.024989 5.907858 1.377582 -1.000000 -0.000001 0.000001 64 64 64
-0.024989 6.094858 1.366786 -1.000000 -0.000001 0.000001 64 64 64
-0.024989 5.907858 1.366786 -1.000000 -0.000001 0.000001 64 64 64
-0.024989 5.907858 1.377582 -0.000000 0.000001 1.000000 64 64 64
0.025010 6.094858 1.377582 -0.000000 0.000001 1.000000 64 64 64
-0.024989 6.094858 1.377582 -0.000000 0.000001 1.000000 64 64 64
0.025010 6.094858 1.377582 -0.000000 1.000000 0.000000 64 64 64
-0.024989 6.094858 1.366786 -0.000000 1.000000 0.000000 64 64 64
-0.024989 6.094858 1.377582 -0.000000 1.000000 0.000000 64 64 64
0.025011 5.907858 1.377582 0.000000 -1.000000 0.000000 64 64 64
-0.024989 5.907858 1.366786 0.000000 -1.000000 0.000000 64 64 64
0.025011 5.907858 1.366786 0.000000 -1.000000 0.000000 64 64 64
-0.004778 5.259032 1.417429 0.627499 0.778617 0.000000 64 64 64
-0.375166 5.557532 1.390440 0.627499 0.778617 0.000000 64 64 64
-0.375166 5.557532 1.417429 0.627499 0.778617 0.000000 64 64 64
-0.049022 5.206304 1.417429 -0.657824 -0.753172 0.000000 64 64 64
-0.407305 5.519230 1.390440 -0.657824 -0.753172 0.000000 64 64 64
-0.049022 5.206304 1.390440 -0.657824 -0.753172 0.000000 64 64 64
-0.004778 5.259032 1.417429 0.000000 -0.000000 1.000000 64 64 64
-0.407305 5.519230 1.417429 0.000000 -0.000000 1.000000 64 64 64
-0.049022 5.206304 1.417429 0.000000 -0.000000 1.000000 64 64 64
-0.375166 5.557532 1.390440 -0.766047 0.642785 0.000000 64 64 64
-0.407305 5.519230 1.417429 -0.766047 0.642785 0.000000 64 64 64
-0.375166 5.557532 1.417429 -0.766047 0.642785 0.000000 64 64 64
-0.004778 5.259032 1.417429 0.766046 -0.642786 -0.000001 64 64 64
-0.049022 5.206304 1.390440 0.766046 -0.642786 -0.000001 64 64 64
-0.004779 5.259032 1.390440 0.766046 -0.642786 -0.000001 64 64 64
-0.004779 5.259032 1.390440 0.000000 -0.000000 -1.000000 64 64 64
-0.407305 5.519230 1.390440 0.000000 -0.000000 -1.000000 64 64 64
-0.375166 5.557532 1.390440 0.000000 -0.000000 -1.000000 64 64 64
0.044793 5.189762 1.390440 0.354104 -0.935206 -0.000001 64 64 64
0.727976 5.448441 1.417428 0.354104 -0.935206 -0.000001 64 64 64
0.044793 5.189762 1.417429 0.354104 -0.935206 -0.000001 64 64 64
0.021251 5.254442 1.390440 -0.329880 0.944023 0.000000 64 64 64
0.710875 5.495425 1.417428 -0.329880 0.944023 0.000000 64 64 64
0.710875 5.495425 1.390439 -0.329880 0.944023 0.000000 64 64 64
0.044793 5.189762 1.417429 0.000001 0.000000 1.000000 64 64 64
0.710875 5.495425 1.417428 0.000001 0.000000 1.000000 64 64 64
0.021251 5.254442 1.417429 0.000001 0.000000 1.000000 64 64 64
0.727975 5.448441 1.390439 0.939692 0.342023 -0.000002 64 64 64
0.710875 5.495425 1.417428 0.939692 0.342023 -0.000002 64 64 64
0.727976 5.448441 1.417428 0.939692 0.342023 -0.000002 64 64 64
0.044793 5.189762 1.417429 -0.939693 -0.342019 0.000001 64 64 64
0.021251 5.254442 1.390440 -0.939693 -0.342019 0.000001 64 64 64
0.044793 5.189762 1.390440 -0.939693 -0.342019 0.000001 64 64 64
0.021251 5.254442 1.390440 -0.000001 -0.000000 -1.000000 64 64 64
0.727975 5.448441 1.390439 -0.000001 -0.000000 -1.000000 64 64 64
0.044793 5.189762 1.390440 -0.000001 -0.000000 -1.000000 64 64 64
0.370547 5.801875 1.366786 0.866026 -0.499999 0.000000 64 64 64
0.464047 5.963821 1.377581 0.866026 -0.499999 0.000000 64 64 64
0.370547 5.801875 1.377582 0.866026 -0.499999 0.000000 64 64 64
0.327246 5.826875 1.377582 -0.866026 0.499999 0.000002 64 64 64
0.420745 5.988822 1.366786 -0.866026 0.499999 0.000002 64 64 64
0.327246 5.826875 1.366786 -0.866026 0.499999 0.000002 64 64 64
0.370547 5.801875 1.377582 0.000002 -0.000001 1.000000 64 64 64
0.420745 5.988822 1.377582 0.000002 -0.000001 1.000000 64 64 64
0.327246 5.826875 1.377582 0.000002 -0.000001 1.000000 64 64 64
0.464047 5.963821 1.377581 0.500002 0.866024 0.000000 64 64 64
0.420745 5.988822 1.366786 0.500002 0.866024 0.000000 64 64 64
0.420745 5.988822 1.377582 0.500002 0.866024 0.000000 64 64 64
0.370547 5.801875 1.377582 -0.500002 -0.866024 0.000000 64 64 64
0.327246 5.826875 1.366786 -0.500002 -0.866024 0.000000 64 64 64
0.370547 5.801875 1.366786 -0.500002 -0.866024 0.000000 64 64 64
0.616798 5.537322 1.366786 0.500003 -0.866024 -0.000003 64 64 64
0.778745 5.630822 1.377581 0.500003 -0.866024 -0.000003 64 64 64
0.616798 5.537322 1.377581 0.500003 -0.866024 -0.000003 64 64 64
0.591798 5.580623 1.366786 -0.500001 0.866025 0.000003 64 64 64
0.753745 5.674123 1.377581 -0.500001 0.866025 0.000003 64 64 64
0.753745 5.674123 1.366786 -0.500001 0.866025 0.000003 64 64 64
0.591798 5.580623 1.377582 0.000001 0.000001 1.000000 64 64 64
0.778745 5.630822 1.377581 0.000001 0.000001 1.000000 64 64 64
0.753745 5.674123 1.377581 0.000001 0.000001 1.000000 64 64 64
0.778745 5.630822 1.377581 0.866025 0.500000 -0.000005 64 64 64
0.753745 5.674123 1.366786 0.866025 0.500000 -0.000005 64 64 64
0.753745 5.674123 1.377581 0.866025 0.500000 -0.000005 64 64 64
0.616798 5.537322 1.377581 -0.866028 -0.499996 0.000005 64 64 64
0.591798 5.580623 1.366786 -0.866028 -0.499996 0.000005 64 64 64
0.616798 5.537322 1.366786 -0.866028 -0.499996 0.000005 64 64 64
0.697782 5.185088 1.366786 0.000000 -1.000000 -0.000000 64 64 64
0.884782 5.185088 1.377581 0.000000 -1.000000 -0.000000 64 64 64
0.697782 5.185088 1.377581 0.000000 -1.000000 -0.000000 64 64 64
0.697782 5.235087 1.366786 -0.000003 1.000000 0.000000 64 64 64
0.884782 5.235088 1.377581 -0.000003 1.000000 0.000000 64 64 64
0.884782 5.235088 1.366786 -0.000003 1.000000 0.000000 64 64 64
0.697782 5.235087 1.377581 0.000001 0.000000 1.000000 64 64 64
0.884782 5.185088 1.377581 0.000001 0.000000 1.000000 64 64 64
0.884782 5.235088 1.377581 0.000001 0.000000 1.000000 64 64 64
0.884782 5.185088 1.366786 1.000000 0.000001 -0.000006 64 64 64
0.884782 5.235088 1.377581 1.000000 0.000001 -0.000006 64 64 64
0.884782 5.185088 1.377581 1.000000 0.000001 -0.000006 64 64 64
0.697782 5.185088 1.377581 -1.000000 -0.000001 0.000006 64 64 64
0.697782 5.235087 1.366786 -1.000000 -0.000001 0.000006 64 64 64
0.697782 5.185088 1.366786 -1.000000 -0.000001 0.000006 64 64 64
0.591798 4.839550 1.366786 -0.499999 -0.866026 0.000003 64 64 64
0.753745 4.746051 1.377582 -0.499999 -0.866026 0.000003 64 64 64
0.591798 4.839550 1.377582 -0.499999 -0.866026 0.000003 64 64 64
0.616798 4.882852 1.366786 0.499999 0.866026 -0.000003 64 64 64
0.778745 4.789352 1.377582 0.499999 0.866026 -0.000003 64 64 64
0.778745 4.789352 1.366786 0.499999 0.866026 -0.000003 64 64 64
0.591798 4.839550 1.377582 0.000001 -0.000000 1.000000 64 64 64
0.778745 4.789352 1.377582 0.000001 -0.000000 1.000000 64 64 64
0.616798 4.882852 1.377582 0.000001 -0.000000 1.000000 64 64 64
0.753745 4.746051 1.366786 0.866028 -0.499996 -0.000005 64 64 64
0.778745 4.789352 1.377582 0.866028 -0.499996 -0.000005 64 64 64
0.753745 4.746051 1.377582 0.866028 -0.499996 -0.000005 64 64 64
0.591798 4.839550 1.377582 -0.866028 0.499996 0.000005 64 64 64
0.616798 4.882852 1.366786 -0.866028 0.499996 0.000005 64 64 64
0.591798 4.839550 1.366786 -0.866028 0.499996 0.000005 64 64 64
0.327246 4.593299 1.366786 -0.866025 -0.500000 0.000000 64 64 64
0.420746 4.431353 1.377581 -0.866025 -0.500000 0.000000 64 64 64
0.327246 4.593299 1.377581 -0.866025 -0.500000 0.000000 64 64 64
0.370547 4.618299 1.366786 0.866025 0.500001 -0.000000 64 64 64
0.464047 4.456353 1.377581 0.866025 0.500001 -0.000000 64 64 64
0.464047 4.456353 1.366786 0.866025 0.500001 -0.000000 64 64 64
0.327246 4.593299 1.377581 0.000002 0.000001 1.000000 64 64 64
0.464047 4.456353 1.377581 0.000002 0.000001 1.000000 64 64 64
0.370547 4.618299 1.377581 0.000002 0.000001 1.000000 64 64 64
0.420746 4.431353 1.366786 0.500003 -0.866024 -0.000038 64 64 64
0.464047 4.456353 1.377581 0.500003 -0.866024 -0.000038 64 64 64
0.420746 4.431353 1.377581 0.500003 -0.866024 -0.000038 64 64 64
0.327246 4.593299 1.377581 -0.499996 0.866028 0.000000 64 64 64
0.370547 4.618299 1.366786 -0.499996 0.866028 0.000000 64 64 64
0.327246 4.593299 1.366786 -0.499996 0.866028 0.000000 64 64 64
-0.024989 4.512316 1.366786 -1.000000 -0.000001 0.000000 64 64 64
-0.024989 4.325315 1.377581 -1.000000 -0.000001 0.000000 64 64 64
-0.024989 4.512316 1.377581 -1.000000 -0.000001 0.000000 64 64 64
0.025011 4.512316 1.366786 1.000000 0.000001 -0.000000 64 64 64
0.025011 4.325315 1.377581 1.000000 0.000001 -0.000000 64 64 64
0.025011 4.325315 1.366786 1.000000 0.000001 -0.000000 64 64 64
0.025011 4.512316 1.377581 0.000000 -0.000001 1.000000 64 64 64
-0.024989 4.325315 1.377581 0.000000 -0.000001 1.000000 64 64 64
0.025011 4.325315 1.377581 0.000000 -0.000001 1.000000 64 64 64
-0.024989 4.325315 1.377581 -0.000000 -1.000000 -0.000000 64 64 64
0.025011 4.325315 1.366786 -0.000000 -1.000000 -0.000000 64 64 64
0.025011 4.325315 1.377581 -0.000000 -1.000000 -0.000000 64 64 64
-0.024989 4.512316 1.377581 0.000000 1.000000 -0.000000 64 64 64
0.025011 4.512316 1.366786 0.000000 1.000000 -0.000000 64 64 64
-0.024989 4.512316 1.366786 0.000000 1.000000 -0.000000 64 64 64
-0.370526 4.618299 1.366786 -0.866026 0.499999 0.000000 64 64 64
-0.464025 4.456352 1.377582 -0.866026 0.499999 0.000000 64 64 64
-0.370526 4.618299 1.377582 -0.866026 0.499999 0.000000 64 64 64
-0.327224 4.593299 1.366786 0.866026 -0.499999 0.000000 64 64 64
-0.420724 4.431353 1.377582 0.866026 -0.499999 0.000000 64 64 64
-0.420724 4.431353 1.366786 0.866026 -0.499999 0.000000 64 64 64
-0.370526 4.618299 1.377582 0.000000 -0.000000 1.000000 64 64 64
-0.420724 4.431353 1.377582 0.000000 -0.000000 1.000000 64 64 64
-0.327224 4.593299 1.377582 0.000000 -0.000000 1.000000 64 64 64
-0.464025 4.456352 1.377582 -0.499995 -0.866028 -0.000000 64 64 64
-0.420724 4.431353 1.366786 -0.499995 -0.866028 -0.000000 64 64 64
-0.420724 4.431353 1.377582 -0.499995 -0.866028 -0.000000 64 64 64
-0.370526 4.618299 1.377582 0.499995 0.866028 0.000000 64 64 64
-0.327224 4.593299 1.366786 0.499995 0.866028 0.000000 64 64 64
-0.370526 4.618299 1.366786 0.499995 0.866028 0.000000 64 64 64
-0.616777 4.882852 1.366787 -0.500001 0.866025 0.000003 64 64 64
-0.778724 4.789352 1.377582 -0.500001 0.866025 0.000003 64 64 64
-0.616777 4.882852 1.377582 -0.500001 0.866025 0.000003 64 64 64
-0.591777 4.839551 1.366787 0.500001 -0.866025 -0.000003 64 64 64
-0.753724 4.746051 1.377582 0.500001 -0.866025 -0.000003 64 64 64
-0.753724 4.746051 1.366787 0.500001 -0.866025 -0.000003 64 64 64
-0.591777 4.839551 1.377582 0.000000 -0.000000 1.000000 64 64 64
-0.778724 4.789352 1.377582 0.000000 -0.000000 1.000000 64 64 64
-0.753724 4.746051 1.377582 0.000000 -0.000000 1.000000 64 64 64
-0.778724 4.789352 1.366787 -0.866025 -0.500000 0.000005 64 64 64
-0.753724 4.746051 1.377582 -0.866025 -0.500000 0.000005 64 64 64
-0.778724 4.789352 1.377582 -0.866025 -0.500000 0.000005 64 64 64
-0.616777 4.882852 1.377582 0.866025 0.500000 -0.000005 64 64 64
-0.591777 4.839551 1.366787 0.866025 0.500000 -0.000005 64 64 64
-0.616777 4.882852 1.366787 0.866025 0.500000 -0.000005 64 64 64
-0.697761 5.235087 1.366787 0.000000 1.000000 0.000000 64 64 64
-0.884761 5.235087 1.377582 0.000000 1.000000 0.000000 64 64 64
-0.697761 5.235087 1.377582 0.000000 1.000000 0.000000 64 64 64
-0.697761 5.185088 1.366787 0.000003 -1.000000 -0.000000 64 64 64
-0.884761 5.185087 1.377582 0.000003 -1.000000 -0.000000 64 64 64
-0.884761 5.185087 1.366787 0.000003 -1.000000 -0.000000 64 64 64
-0.697761 5.185088 1.377582 -0.000001 0.000000 1.000000 64 64 64
-0.884761 5.235087 1.377582 -0.000001 0.000000 1.000000 64 64 64
-0.884761 5.185087 1.377582 -0.000001 0.000000 1.000000 64 64 64
-0.884761 5.235087 1.366787 -1.000000 0.000000 0.000006 64 64 64
-0.884761 5.185087 1.377582 -1.000000 0.000000 0.000006 64 64 64
-0.884761 5.235087 1.377582 -1.000000 0.000000 0.000006 64 64 64
-0.697761 5.235087 1.377582 1.000000 0.000000 -0.000006 64 64 64
-0.697761 5.185088 1.366787 1.000000 0.000000 -0.000006 64 64 64
-0.697761 5.235087 1.366787 1.000000 0.000000 -0.000006 64 64 64
-0.591777 5.580623 1.366787 0.500001 0.866025 -0.000003 64 64 64
-0.753724 5.674123 1.377582 0.500001 0.866025 -0.000003 64 64 64
-0.591777 5.580623 1.377582 0.500001 0.866025 -0.000003 64 64 64
-0.616777 5.537322 1.377582 -0.500001 -0.866025 0.000041 64 64 64
-0.778724 5.630822 1.366787 -0.500001 -0.866025 0.000041 64 64 64
-0.616777 5.537322 1.366787 -0.500001 -0.866025 0.000041 64 64 64
-0.591777 5.580623 1.377582 0.000001 0.000002 1.000000 64 64 64
-0.778724 5.630822 1.377582 0.000001 0.000002 1.000000 64 64 64
-0.616777 5.537322 1.377582 0.000001 0.000002 1.000000 64 64 64
-0.753724 5.674123 1.377582 -0.866028 0.499996 0.000005 64 64 64
-0.778724 5.630822 1.366787 -0.866028 0.499996 0.000005 64 64 64
-0.778724 5.630822 1.377582 -0.866028 0.499996 0.000005 64 64 64
-0.591777 5.580623 1.366787 0.866028 -0.499996 0.000017 64 64 64
-0.616777 5.537322 1.377582 0.866028 -0.499996 0.000017 64 64 64
-0.616777 5.537322 1.366787 0.866028 -0.499996 0.000017 64 64 64
-0.327224 5.826875 1.377582 0.866025 0.500000 -0.000002 64 64 64
-0.420725 5.988822 1.366787 0.866025 0.500000 -0.000002 64 64 64
-0.420725 5.988822 1.377582 0.866025 0.500000 -0.000002 64 64 64
-0.370526 5.801875 1.377582 -0.866025 -0.500001 0.000000 64 64 64
-0.464026 5.963821 1.366787 -0.866025 -0.500001 0.000000 64 64 64
-0.370526 5.801875 1.366787 -0.866025 -0.500001 0.000000 64 64 64
-0.327224 5.826875 1.377582 0.000000 -0.000001 1.000000 64 64 64
-0.464026 5.963821 1.377583 0.000000 -0.000001 1.000000 64 64 64
-0.370526 5.801875 1.377582 0.000000 -0.000001 1.000000 64 64 64
-0.420725 5.988822 1.377582 -0.500009 0.866020 0.000000 64 64 64
-0.464026 5.963821 1.366787 -0.500009 0.866020 0.000000 64 64 64
-0.464026 5.963821 1.377583 -0.500009 0.866020 0.000000 64 64 64
-0.327224 5.826875 1.366787 0.500002 -0.866024 0.000000 64 64 64
-0.370526 5.801875 1.377582 0.500002 -0.866024 0.000000 64 64 64
-0.370526 5.801875 1.366787 0.500002 -0.866024 0.000000 64 64 64
0.327246 5.826874 -1.377586 -0.866025 0.500000 0.000000 64 64 64
0.420746 5.988821 -1.366791 -0.866025 0.500000 0.000000 64 64 64
0.420746 5.988821 -1.377586 -0.866025 0.500000 0.000000 64 64 64
0.370547 5.801874 -1.377586 0.866025 -0.500001 -0.000002 64 64 64
0.464047 5.963820 -1.366791 0.866025 -0.500001 -0.000002 64 64 64
0.370547 5.801874 -1.366790 0.866025 -0.500001 -0.000002 64 64 64
0.327246 5.826874 -1.377586 -0.000003 0.000000 -1.000000 64 64 64
0.464047 5.963820 -1.377586 -0.000003 0.000000 -1.000000 64 64 64
0.370547 5.801874 -1.377586 -0.000003 0.000000 -1.000000 64 64 64
0.420746 5.988821 -1.377586 0.500009 0.866020 -0.000000 64 64 64
0.464047 5.963820 -1.366791 0.500009 0.866020 -0.000000 64 64 64
0.464047 5.963820 -1.377586 0.500009 0.866020 -0.000000 64 64 64
0.327246 5.826874 -1.377586 -0.500002 -0.866024 0.000000 64 64 64
0.370547 5.801874 -1.366790 -0.500002 -0.866024 0.000000 64 64 64
0.327246 5.826874 -1.366790 -0.500002 -0.866024 0.000000 64 64 64
0.591798 5.580622 -1.377586 -0.500001 0.866025 0.000003 64 64 64
0.753745 5.674122 -1.366790 -0.500001 0.866025 0.000003 64 64 64
0.753745 5.674122 -1.377586 -0.500001 0.866025 0.000003 64 64 64
0.616798 5.537321 -1.377586 0.500000 -0.866025 -0.000041 64 64 64
0.778745 5.630821 -1.366790 0.500000 -0.866025 -0.000041 64 64 64
0.616798 5.537321 -1.366790 0.500000 -0.866025 -0.000041 64 64 64
0.591798 5.580622 -1.377586 -0.000001 -0.000000 -1.000000 64 64 64
0.778745 5.630821 -1.377586 -0.000001 -0.000000 -1.000000 64 64 64
0.616798 5.537321 -1.377586 -0.000001 -0.000000 -1.000000 64 64 64
0.753745 5.674122 -1.366790 0.866028 0.499996 -0.000005 64 64 64
0.778745 5.630821 -1.377586 0.866028 0.499996 -0.000005 64 64 64
0.753745 5.674122 -1.377586 0.866028 0.499996 -0.000005 64 64 64
0.591798 5.580622 -1.366790 -0.866028 -0.499996 -0.000017 64 64 64
0.616798 5.537321 -1.377586 -0.866028 -0.499996 -0.000017 64 64 64
0.616798 5.537321 -1.366790 -0.866028 -0.499996 -0.000017 64 64 64
0.697782 5.235086 -1.366789 0.000003 1.000000 -0.000000 64 64 64
0.884782 5.235085 -1.377585 0.000003 1.000000 -0.000000 64 64 64
0.697782 5.235086 -1.377585 0.000003 1.000000 -0.000000 64 64 64
0.697782 5.185086 -1.377585 -0.000003 -1.000000 0.000000 64 64 64
0.884782 5.185086 -1.366790 -0.000003 -1.000000 0.000000 64 64 64
0.697782 5.185086 -1.366789 -0.000003 -1.000000 0.000000 64 64 64
0.697782 5.185086 -1.377585 -0.000001 0.000000 -1.000000 64 64 64
0.884782 5.235085 -1.377585 -0.000001 0.000000 -1.000000 64 64 64
0.884782 5.185086 -1.377585 -0.000001 0.000000 -1.000000 64 64 64
0.884782 5.235085 -1.366790 1.000000 0.000000 -0.000006 64 64 64
0.884782 5.185086 -1.377585 1.000000 0.000000 -0.000006 64 64 64
0.884782 5.235085 -1.377585 1.000000 0.000000 -0.000006 64 64 64
0.697782 5.235086 -1.377585 -1.000000 0.000000 0.000006 64 64 64
0.697782 5.185086 -1.366789 -1.000000 0.000000 0.000006 64 64 64
0.697782 5.235086 -1.366789 -1.000000 0.000000 0.000006 64 64 64
0.616798 4.882851 -1.366789 0.500001 0.866025 -0.000003 64 64 64
0.778745 4.789351 -1.377585 0.500001 0.866025 -0.000003 64 64 64
0.616798 4.882851 -1.377585 0.500001 0.866025 -0.000003 64 64 64
0.591798 4.839550 -1.377585 -0.500001 -0.866025 0.000003 64 64 64
0.753745 4.746050 -1.366789 -0.500001 -0.866025 0.000003 64 64 64
0.591798 4.839550 -1.366789 -0.500001 -0.866025 0.000003 64 64 64
0.591798 4.839550 -1.377585 0.000000 0.000000 -1.000000 64 64 64
0.778745 4.789351 -1.377585 0.000000 0.000000 -1.000000 64 64 64
0.753745 4.746050 -1.377585 0.000000 0.000000 -1.000000 64 64 64
0.778745 4.789351 -1.366789 0.866025 -0.500000 -0.000005 64 64 64
0.753745 4.746050 -1.377585 0.866025 -0.500000 -0.000005 64 64 64
0.778745 4.789351 -1.377585 0.866025 -0.500000 -0.000005 64 64 64
0.616798 4.882851 -1.377585 -0.866025 0.500000 0.000005 64 64 64
0.591798 4.839550 -1.366789 -0.866025 0.500000 0.000005 64 64 64
0.616798 4.882851 -1.366789 -0.866025 0.500000 0.000005 64 64 64
0.370547 4.618298 -1.366789 0.866026 0.499999 0.000000 64 64 64
0.464047 4.456351 -1.377584 0.866026 0.499999 0.000000 64 64 64
0.370547 4.618298 -1.377584 0.866026 0.499999 0.000000 64 64 64
0.327246 4.593298 -1.366789 -0.866026 -0.499999 -0.000002 64 64 64
0.420746 4.431352 -1.377584 -0.866026 -0.499999 -0.000002 64 64 64
0.420746 4.431352 -1.366789 -0.866026 -0.499999 -0.000002 64 64 64
0.370547 4.618298 -1.377584 -0.000001 -0.000002 -1.000000 64 64 64
0.420746 4.431352 -1.377584 -0.000001 -0.000002 -1.000000 64 64 64
0.327246 4.593298 -1.377584 -0.000001 -0.000002 -1.000000 64 64 64
0.464047 4.456351 -1.366789 0.499996 -0.866028 0.000000 64 64 64
0.420746 4.431352 -1.377584 0.499996 -0.866028 0.000000 64 64 64
0.464047 4.456351 -1.377584 0.499996 -0.866028 0.000000 64 64 64
0.370547 4.618298 -1.377584 -0.499995 0.866028 0.000000 64 64 64
0.327246 4.593298 -1.366789 -0.499995 0.866028 0.000000 64 64 64
0.370547 4.618298 -1.366789 -0.499995 0.866028 0.000000 64 64 64
0.025011 4.512315 -1.366788 1.000000 -0.000001 -0.000000 64 64 64
0.025010 4.325315 -1.377584 1.000000 -0.000001 -0.000000 64 64 64
0.025011 4.512315 -1.377584 1.000000 -0.000001 -0.000000 64 64 64
-0.024989 4.512315 -1.366788 -1.000000 0.000001 0.000000 64 64 64
-0.024989 4.325315 -1.377584 -1.000000 0.000001 0.000000 64 64 64
-0.024989 4.325315 -1.366788 -1.000000 0.000001 0.000000 64 64 64
-0.024989 4.512315 -1.377584 0.000000 -0.000001 -1.000000 64 64 64
0.025010 4.325315 -1.377584 0.000000 -0.000001 -1.000000 64 64 64
-0.024989 4.325315 -1.377584 0.000000 -0.000001 -1.000000 64 64 64
0.025010 4.325315 -1.366788 0.000000 -1.000000 0.000000 64 64 64
-0.024989 4.325315 -1.377584 0.000000 -1.000000 0.000000 64 64 64
0.025010 4.325315 -1.377584 0.000000 -1.000000 0.000000 64 64 64
0.025011 4.512315 -1.377584 0.000000 1.000000 0.000000 64 64 64
-0.024989 4.512315 -1.366788 0.000000 1.000000 0.000000 64 64 64
0.025011 4.512315 -1.366788 0.000000 1.000000 0.000000 64 64 64
-0.327224 4.593298 -1.366788 0.866025 -0.500000 0.000000 64 64 64
-0.420724 4.431352 -1.377583 0.866025 -0.500000 0.000000 64 64 64
-0.327224 4.593298 -1.377584 0.866025 -0.500000 0.000000 64 64 64
-0.370526 4.618298 -1.366788 -0.866025 0.500001 0.000000 64 64 64
-0.464026 4.456352 -1.377583 -0.866025 0.500001 0.000000 64 64 64
-0.464026 4.456352 -1.366788 -0.866025 0.500001 0.000000 64 64 64
-0.327224 4.593298 -1.377584 -0.000001 -0.000002 -1.000000 64 64 64
-0.464026 4.456352 -1.377583 -0.000001 -0.000002 -1.000000 64 64 64
-0.370526 4.618298 -1.377584 -0.000001 -0.000002 -1.000000 64 64 64
-0.420724 4.431352 -1.366788 -0.500002 -0.866024 0.000038 64 64 64
-0.464026 4.456352 -1.377583 -0.500002 -0.866024 0.000038 64 64 64
-0.420724 4.431352 -1.377583 -0.500002 -0.866024 0.000038 64 64 64
-0.327224 4.593298 -1.377584 0.499995 0.866028 0.000000 64 64 64
-0.370526 4.618298 -1.366788 0.499995 0.866028 0.000000 64 64 64
-0.327224 4.593298 -1.366788 0.499995 0.866028 0.000000 64 64 64
-0.591777 4.839550 -1.366788 0.499999 -0.866026 -0.000006 64 64 64
-0.753724 4.746050 -1.377583 0.499999 -0.866026 -0.000006 64 64 64
-0.591777 4.839550 -1.377583 0.499999 -0.866026 -0.000006 64 64 64
-0.616777 4.882851 -1.366788 -0.499999 0.866026 0.000003 64 64 64
-0.778724 4.789351 -1.377583 -0.499999 0.866026 0.000003 64 64 64
-0.778724 4.789351 -1.366788 -0.499999 0.866026 0.000003 64 64 64
-0.591777 4.839550 -1.377583 -0.000000 -0.000003 -1.000000 64 64 64
-0.778724 4.789351 -1.377583 -0.000000 -0.000003 -1.000000 64 64 64
-0.616777 4.882851 -1.377584 -0.000000 -0.000003 -1.000000 64 64 64
-0.753724 4.746050 -1.377583 -0.866028 -0.499996 0.000005 64 64 64
-0.778724 4.789351 -1.366788 -0.866028 -0.499996 0.000005 64 64 64
-0.778724 4.789351 -1.377583 -0.866028 -0.499996 0.000005 64 64 64
-0.591777 4.839550 -1.377583 0.866028 0.499996 -0.000009 64 64 64
-0.616777 4.882851 -1.366788 0.866028 0.499996 -0.000009 64 64 64
-0.591777 4.839550 -1.366788 0.866028 0.499996 -0.000009 64 64 64
-0.697761 5.185085 -1.366788 0.000000 -1.000000 0.000000 64 64 64
-0.884761 5.185085 -1.377584 0.000000 -1.000000 0.000000 64 64 64
-0.697761 5.185085 -1.377584 0.000000 -1.000000 0.000000 64 64 64
-0.697761 5.235085 -1.366788 -0.000003 1.000000 0.000000 64 64 64
-0.884761 5.235085 -1.377584 -0.000003 1.000000 0.000000 64 64 64
-0.884761 5.235085 -1.366788 -0.000003 1.000000 0.000000 64 64 64
-0.697761 5.185085 -1.377584 -0.000001 -0.000000 -1.000000 64 64 64
-0.884761 5.235085 -1.377584 -0.000001 -0.000000 -1.000000 64 64 64
-0.697761 5.235085 -1.377584 -0.000001 -0.000000 -1.000000 64 64 64
-0.884761 5.185085 -1.366788 -1.000000 -0.000001 0.000006 64 64 64
-0.884761 5.235085 -1.377584 -1.000000 -0.000001 0.000006 64 64 64
-0.884761 5.185085 -1.377584 -1.000000 -0.000001 0.000006 64 64 64
-0.697761 5.185085 -1.377584 1.000000 0.000001 -0.000006 64 64 64
-0.697761 5.235085 -1.366788 1.000000 0.000001 -0.000006 64 64 64
-0.697761 5.185085 -1.366788 1.000000 0.000001 -0.000006 64 64 64
-0.616777 5.537321 -1.366789 -0.500003 -0.866024 0.000006 64 64 64
-0.778724 5.630821 -1.377584 -0.500003 -0.866024 0.000006 64 64 64
-0.616777 5.537321 -1.377584 -0.500003 -0.866024 0.000006 64 64 64
-0.591777 5.580622 -1.366789 0.500001 0.866025 -0.000006 64 64 64
-0.753724 5.674122 -1.377584 0.500001 0.866025 -0.000006 64 64 64
-0.753724 5.674122 -1.366788 0.500001 0.866025 -0.000006 64 64 64
-0.591777 5.580622 -1.377584 -0.000002 0.000001 -1.000000 64 64 64
-0.778724 5.630821 -1.377584 -0.000002 0.000001 -1.000000 64 64 64
-0.753724 5.674122 -1.377584 -0.000002 0.000001 -1.000000 64 64 64
-0.778724 5.630821 -1.377584 -0.866025 0.500000 0.000010 64 64 64
-0.753724 5.674122 -1.366788 -0.866025 0.500000 0.000010 64 64 64
-0.753724 5.674122 -1.377584 -0.866025 0.500000 0.000010 64 64 64
-0.616777 5.537321 -1.377584 0.866028 -0.499996 -0.000009 64 64 64
-0.591777 5.580622 -1.366789 0.866028 -0.499996 -0.000009 64 64 64
-0.616777 5.537321 -1.366789 0.866028 -0.499996 -0.000009 64 64 64
-0.370526 5.801874 -1.366789 -0.866026 -0.499999 0.000000 64 64 64
-0.464026 5.963820 -1.377584 -0.866026 -0.499999 0.000000 64 64 64
-0.370526 5.801874 -1.377584 -0.866026 -0.499999 0.000000 64 64 64
-0.327225 5.826874 -1.366789 0.866026 0.500000 0.000000 64 64 64
-0.420724 5.988821 -1.377584 0.866026 0.500000 0.000000 64 64 64
-0.420724 5.988821 -1.366789 0.866026 0.500000 0.000000 64 64 64
-0.370526 5.801874 -1.377584 -0.000002 -0.000001 -1.000000 64 64 64
-0.420724 5.988821 -1.377584 -0.000002 -0.000001 -1.000000 64 64 64
-0.327225 5.826874 -1.377584 -0.000002 -0.000001 -1.000000 64 64 64
-0.464026 5.963820 -1.377584 -0.500003 0.866024 0.000000 64 64 64
-0.420724 5.988821 -1.366789 -0.500003 0.866024 0.000000 64 64 64
-0.420724 5.988821 -1.377584 -0.500003 0.866024 0.000000 64 64 64
-0.370526 5.801874 -1.377584 0.500002 -0.866024 0.000000 64 64 64
-0.327225 5.826874 -1.366789 0.500002 -0.866024 0.000000 64 64 64
-0.370526 5.801874 -1.366789 0.500002 -0.866024 0.000000 64 64 64
-0.044771 5.189761 -1.390443 -0.354104 -0.935206 0.000000 64 64 64
-0.727954 5.448440 -1.417431 -0.354104 -0.935206 0.000000 64 64 64
-0.044771 5.189761 -1.417431 -0.354104 -0.935206 0.000000 64 64 64
-0.021230 5.254441 -1.390443 0.329880 0.944023 0.000000 64 64 64
-0.710853 5.495424 -1.417431 0.329880 0.944023 0.000000 64 64 64
-0.710853 5.495424 -1.390442 0.329880 0.944023 0.000000 64 64 64
-0.044771 5.189761 -1.417431 -0.000001 0.000000 -1.000000 64 64 64
-0.710853 5.495424 -1.417431 -0.000001 0.000000 -1.000000 64 64 64
-0.021230 5.254441 -1.417431 -0.000001 0.000000 -1.000000 64 64 64
-0.727954 5.448440 -1.390442 -0.939692 0.342022 0.000000 64 64 64
-0.710853 5.495424 -1.417431 -0.939692 0.342022 0.000000 64 64 64
-0.727954 5.448440 -1.417431 -0.939692 0.342022 0.000000 64 64 64
-0.044771 5.189761 -1.417431 0.939693 -0.342019 -0.000001 64 64 64
-0.021230 5.254441 -1.390443 0.939693 -0.342019 -0.000001 64 64 64
-0.044771 5.189761 -1.390443 0.939693 -0.342019 -0.000001 64 64 64
-0.021230 5.254441 -1.390443 0.000001 0.000001 1.000000 64 64 64
-0.727954 5.448440 -1.390442 0.000001 0.000001 1.000000 64 64 64
-0.044771 5.189761 -1.390443 0.000001 0.000001 1.000000 64 64 64
0.004800 5.259031 -1.417431 -0.627499 0.778617 0.000001 64 64 64
0.375187 5.557531 -1.390443 -0.627499 0.778617 0.000001 64 64 64
0.375187 5.557531 -1.417432 -0.627499 0.778617 0.000001 64 64 64
0.049043 5.206303 -1.417431 0.657824 -0.753172 0.000000 64 64 64
0.407326 5.519229 -1.390443 0.657824 -0.753172 0.000000 64 64 64
0.049043 5.206303 -1.390443 0.657824 -0.753172 0.000000 64 64 64
0.004800 5.259031 -1.417431 -0.000002 0.000001 -1.000000 64 64 64
0.407326 5.519229 -1.417432 -0.000002 0.000001 -1.000000 64 64 64
0.049043 5.206303 -1.417431 -0.000002 0.000001 -1.000000 64 64 64
0.375187 5.557531 -1.417432 0.766047 0.642785 -0.000000 64 64 64
0.407326 5.519229 -1.390443 0.766047 0.642785 -0.000000 64 64 64
0.407326 5.519229 -1.417432 0.766047 0.642785 -0.000000 64 64 64
0.004800 5.259031 -1.417431 -0.766046 -0.642786 0.000001 64 64 64
0.049043 5.206303 -1.390443 -0.766046 -0.642786 0.000001 64 64 64
0.004800 5.259031 -1.390443 -0.766046 -0.642786 0.000001 64 64 64
0.049043 5.206303 -1.390443 0.000001 0.000000 1.000000 64 64 64
0.375187 5.557531 -1.390443 0.000001 0.000000 1.000000 64 64 64
0.004800 5.259031 -1.390443 0.000001 0.000000 1.000000 64 64 64
-0.024990 5.907857 -1.366790 -1.000000 0.000001 0.000001 64 64 64
-0.024989 6.094857 -1.377585 -1.000000 0.000001 0.000001 64 64 64
-0.024990 5.907857 -1.377585 -1.000000 0.000001 0.000001 64 64 64
0.025010 5.907857 -1.377585 1.000000 -0.000001 -0.000001 64 64 64
0.025010 6.094857 -1.366790 1.000000 -0.000001 -0.000001 64 64 64
0.025010 5.907857 -1.366790 1.000000 -0.000001 -0.000001 64 64 64
0.025010 5.907857 -1.377585 -0.000000 -0.000001 -1.000000 64 64 64
-0.024989 6.094857 -1.377585 -0.000000 -0.000001 -1.000000 64 64 64
0.025010 6.094857 -1.377585 -0.000000 -0.000001 -1.000000 64 64 64
-0.024989 6.094857 -1.366790 0.000000 1.000000 -0.000000 64 64 64
0.025010 6.094857 -1.377585 0.000000 1.000000 -0.000000 64 64 64
-0.024989 6.094857 -1.377585 0.000000 1.000000 -0.000000 64 64 64
-0.024990 5.907857 -1.366790 -0.000000 -1.000000 0.000000 64 64 64
0.025010 5.907857 -1.377585 -0.000000 -1.000000 0.000000 64 64 64
0.025010 5.907857 -1.366790 -0.000000 -1.000000 0.000000 64 64 64
1.366799 5.907857 -0.025002 -0.000001 0.000000 -1.000000 64 64 64
1.377594 6.094858 -0.025001 -0.000001 0.000000 -1.000000 64 64 64
1.377594 5.907857 -0.025002 -0.000001 0.000000 -1.000000 64 64 64
1.377594 5.907857 0.024998 0.000001 -0.000000 1.000000 64 64 64
1.366799 6.094858 0.024998 0.000001 -0.000000 1.000000 64 64 64
1.366799 5.907857 0.024998 0.000001 -0.000000 1.000000 64 64 64
1.377594 5.907857 0.024998 1.000000 0.000000 0.000000 64 64 64
1.377594 6.094858 -0.025001 1.000000 0.000000 0.000000 64 64 64
1.377594 6.094858 0.024998 1.000000 0.000000 0.000000 64 64 64
1.366799 6.094858 -0.025001 0.000000 1.000000 -0.000000 64 64 64
1.377594 6.094858 0.024998 0.000000 1.000000 -0.000000 64 64 64
1.377594 6.094858 -0.025001 0.000000 1.000000 -0.000000 64 64 64
1.366799 5.907857 -0.025002 0.000000 -1.000000 -0.000000 64 64 64
1.377594 5.907857 0.024998 0.000000 -1.000000 -0.000000 64 64 64
1.366799 5.907857 0.024998 0.000000 -1.000000 -0.000000 64 64 64
1.390452 5.259031 0.004788 -0.000001 0.778618 -0.627499 64 64 64
1.417441 5.557531 0.375175 -0.000001 0.778618 -0.627499 64 64 64
1.417440 5.259031 0.004788 -0.000001 0.778618 -0.627499 64 64 64
1.417440 5.206304 0.049031 0.000001 -0.753172 0.657824 64 64 64
1.390452 5.519229 0.407314 0.000001 -0.753172 0.657824 64 64 64
1.390452 5.206304 0.049031 0.000001 -0.753172 0.657824 64 64 64
1.417440 5.206304 0.049031 1.000000 -0.000000 -0.000000 64 64 64
1.417441 5.557531 0.375175 1.000000 -0.000000 -0.000000 64 64 64
1.417441 5.519229 0.407314 1.000000 -0.000000 -0.000000 64 64 64
1.390452 5.557531 0.375175 0.000000 0.642789 0.766043 64 64 64
1.417441 5.519229 0.407314 0.000000 0.642789 0.766043 64 64 64
1.417441 5.557531 0.375175 0.000000 0.642789 0.766043 64 64 64
1.390452 5.259031 0.004788 -0.000001 -0.642786 -0.766046 64 64 64
1.417440 5.206304 0.049031 -0.000001 -0.642786 -0.766046 64 64 64
1.390452 5.206304 0.049031 -0.000001 -0.642786 -0.766046 64 64 64
1.390452 5.206304 0.049031 -1.000000 0.000000 0.000000 64 64 64
1.390452 5.557531 0.375175 -1.000000 0.000000 0.000000 64 64 64
1.390452 5.259031 0.004788 -1.000000 0.000000 0.000000 64 64 64
1.417440 5.189762 -0.044783 -0.000001 -0.935206 -0.354104 64 64 64
1.390451 5.448440 -0.727966 -0.000001 -0.935206 -0.354104 64 64 64
1.417440 5.448440 -0.727966 -0.000001 -0.935206 -0.354104 64 64 64
1.417440 5.254442 -0.021242 0.000001 0.944023 0.329880 64 64 64
1.390451 5.495424 -0.710865 0.000001 0.944023 0.329880 64 64 64
1.390452 5.254442 -0.021242 0.000001 0.944023 0.329880 64 64 64
1.417440 5.189762 -0.044783 1.000000 0.000000 -0.000001 64 64 64
1.417440 5.495424 -0.710865 1.000000 0.000000 -0.000001 64 64 64
1.417440 5.254442 -0.021242 1.000000 0.000000 -0.000001 64 64 64
1.390451 5.448440 -0.727966 -0.000002 0.342022 -0.939692 64 64 64
1.417440 5.495424 -0.710865 -0.000002 0.342022 -0.939692 64 64 64
1.417440 5.448440 -0.727966 -0.000002 0.342022 -0.939692 64 64 64
1.390452 5.189762 -0.044783 0.000001 -0.342019 0.939693 64 64 64
1.417440 5.254442 -0.021242 0.000001 -0.342019 0.939693 64 64 64
1.390452 5.254442 -0.021242 0.000001 -0.342019 0.939693 64 64 64
1.390452 5.189762 -0.044783 -1.000000 -0.000000 0.000001 64 64 64
1.390451 5.495424 -0.710865 -1.000000 -0.000000 0.000001 64 64 64
1.390451 5.448440 -0.727966 -1.000000 -0.000000 0.000001 64 64 64
1.366798 5.801874 -0.370538 0.000000 -0.500000 -0.866026 64 64 64
1.377594 5.963821 -0.464038 0.000000 -0.500000 -0.866026 64 64 64
1.377594 5.801874 -0.370538 0.000000 -0.500000 -0.866026 64 64 64
1.377594 5.826874 -0.327237 0.000000 0.499999 0.866026 64 64 64
1.366798 5.988821 -0.420736 0.000000 0.499999 0.866026 64 64 64
1.366798 5.826874 -0.327237 0.000000 0.499999 0.866026 64 64 64
1.377594 5.801874 -0.370538 1.000000 0.000000 0.000000 64 64 64
1.377594 5.988821 -0.420737 1.000000 0.000000 0.000000 64 64 64
1.377594 5.826874 -0.327237 1.000000 0.000000 0.000000 64 64 64
1.366798 5.963821 -0.464038 0.000000 0.866024 -0.500003 64 64 64
1.377594 5.988821 -0.420737 0.000000 0.866024 -0.500003 64 64 64
1.377594 5.963821 -0.464038 0.000000 0.866024 -0.500003 64 64 64
1.377594 5.801874 -0.370538 0.000000 -0.866024 0.500003 64 64 64
1.366798 5.826874 -0.327237 0.000000 -0.866024 0.500003 64 64 64
1.366798 5.801874 -0.370538 0.000000 -0.866024 0.500003 64 64 64
1.366798 5.537321 -0.616789 0.000000 -0.866025 -0.500001 64 64 64
1.377593 5.630821 -0.778736 0.000000 -0.866025 -0.500001 64 64 64
1.377593 5.537321 -0.616789 0.000000 -0.866025 -0.500001 64 64 64
1.377593 5.580623 -0.591789 0.000003 0.866026 0.499999 64 64 64
1.366798 5.674122 -0.753736 0.000003 0.866026 0.499999 64 64 64
1.366798 5.580623 -0.591789 0.000003 0.866026 0.499999 64 64 64
1.377593 5.537321 -0.616789 1.000000 -0.000002 -0.000002 64 64 64
1.377593 5.674122 -0.753736 1.000000 -0.000002 -0.000002 64 64 64
1.377593 5.580623 -0.591789 1.000000 -0.000002 -0.000002 64 64 64
1.366798 5.630821 -0.778736 0.000000 0.499998 -0.866026 64 64 64
1.377593 5.674122 -0.753736 0.000000 0.499998 -0.866026 64 64 64
1.377593 5.630821 -0.778736 0.000000 0.499998 -0.866026 64 64 64
1.366798 5.537321 -0.616789 0.000005 -0.499997 0.866027 64 64 64
1.377593 5.580623 -0.591789 0.000005 -0.499997 0.866027 64 64 64
1.366798 5.580623 -0.591789 0.000005 -0.499997 0.866027 64 64 64
1.366798 5.185087 -0.697773 0.000000 -1.000000 0.000003 64 64 64
1.377593 5.185086 -0.884773 0.000000 -1.000000 0.000003 64 64 64
1.377593 5.185087 -0.697773 0.000000 -1.000000 0.000003 64 64 64
1.377593 5.235086 -0.697773 0.000000 1.000000 -0.000003 64 64 64
1.366798 5.235086 -0.884773 0.000000 1.000000 -0.000003 64 64 64
1.366798 5.235086 -0.697773 0.000000 1.000000 -0.000003 64 64 64
1.377593 5.185087 -0.697773 1.000000 0.000000 -0.000001 64 64 64
1.377593 5.235086 -0.884773 1.000000 0.000000 -0.000001 64 64 64
1.377593 5.235086 -0.697773 1.000000 0.000000 -0.000001 64 64 64
1.366798 5.185086 -0.884773 -0.000000 0.000000 -1.000000 64 64 64
1.377593 5.235086 -0.884773 -0.000000 0.000000 -1.000000 64 64 64
1.377593 5.185086 -0.884773 -0.000000 0.000000 -1.000000 64 64 64
1.366798 5.185087 -0.697773 -0.000000 0.000000 1.000000 64 64 64
1.377593 5.235086 -0.697773 -0.000000 0.000000 1.000000 64 64 64
1.366798 5.235086 -0.697773 -0.000000 0.000000 1.000000 64 64 64
1.366798 4.839550 -0.591789 0.000000 -0.866025 0.500001 64 64 64
1.377593 4.746050 -0.753735 0.000000 -0.866025 0.500001 64 64 64
1.377593 4.839550 -0.591789 0.000000 -0.866025 0.500001 64 64 64
1.377593 4.882852 -0.616789 0.000000 0.866025 -0.500001 64 64 64
1.366797 4.789351 -0.778736 0.000000 0.866025 -0.500001 64 64 64
1.366798 4.882852 -0.616789 0.000000 0.866025 -0.500001 64 64 64
1.377593 4.882852 -0.616789 1.000000 -0.000000 -0.000001 64 64 64
1.377593 4.746050 -0.753735 1.000000 -0.000000 -0.000001 64 64 64
1.377593 4.789351 -0.778736 1.000000 -0.000000 -0.000001 64 64 64
1.366798 4.746050 -0.753735 0.000000 -0.499998 -0.866027 64 64 64
1.377593 4.789351 -0.778736 0.000000 -0.499998 -0.866027 64 64 64
1.377593 4.746050 -0.753735 0.000000 -0.499998 -0.866027 64 64 64
1.377593 4.839550 -0.591789 0.000000 0.499997 0.866027 64 64 64
1.366798 4.882852 -0.616789 0.000000 0.499997 0.866027 64 64 64
1.366798 4.839550 -0.591789 0.000000 0.499997 0.866027 64 64 64
1.377593 4.593299 -0.327236 -0.000020 -0.500000 0.866026 64 64 64
1.366798 4.431353 -0.420736 -0.000020 -0.500000 0.866026 64 64 64
1.377593 4.431352 -0.420736 -0.000020 -0.500000 0.866026 64 64 64
1.377593 4.618299 -0.370537 -0.000002 0.500001 -0.866025 64 64 64
1.366798 4.456352 -0.464037 -0.000002 0.500001 -0.866025 64 64 64
1.366798 4.618299 -0.370537 -0.000002 0.500001 -0.866025 64 64 64
1.377593 4.618299 -0.370537 1.000000 -0.000001 -0.000001 64 64 64
1.377593 4.431352 -0.420736 1.000000 -0.000001 -0.000001 64 64 64
1.377593 4.456352 -0.464037 1.000000 -0.000001 -0.000001 64 64 64
1.366798 4.431353 -0.420736 -0.000039 -0.866024 -0.500002 64 64 64
1.377593 4.456352 -0.464037 -0.000039 -0.866024 -0.500002 64 64 64
1.377593 4.431352 -0.420736 -0.000039 -0.866024 -0.500002 64 64 64
1.377593 4.593299 -0.327236 0.000000 0.866028 0.499995 64 64 64
1.366798 4.618299 -0.370537 0.000000 0.866028 0.499995 64 64 64
1.366798 4.593299 -0.327236 0.000000 0.866028 0.499995 64 64 64
1.366798 4.512315 0.024999 -0.000000 -0.000000 1.000000 64 64 64
1.377593 4.325315 0.024999 -0.000000 -0.000000 1.000000 64 64 64
1.377593 4.512315 0.024999 -0.000000 -0.000000 1.000000 64 64 64
1.366798 4.512315 -0.025001 0.000001 0.000000 -1.000000 64 64 64
1.377593 4.325315 -0.025001 0.000001 0.000000 -1.000000 64 64 64
1.366798 4.325315 -0.025001 0.000001 0.000000 -1.000000 64 64 64
1.377593 4.512315 -0.025001 1.000000 -0.000001 0.000000 64 64 64
1.377593 4.325315 0.024999 1.000000 -0.000001 0.000000 64 64 64
1.377593 4.325315 -0.025001 1.000000 -0.000001 0.000000 64 64 64
1.366798 4.325315 0.024999 -0.000000 -1.000000 -0.000000 64 64 64
1.377593 4.325315 -0.025001 -0.000000 -1.000000 -0.000000 64 64 64
1.377593 4.325315 0.024999 -0.000000 -1.000000 -0.000000 64 64 64
1.366798 4.512315 0.024999 0.000000 1.000000 -0.000000 64 64 64
1.377593 4.512315 -0.025001 0.000000 1.000000 -0.000000 64 64 64
1.366798 4.512315 -0.025001 0.000000 1.000000 -0.000000 64 64 64
1.366798 4.618299 0.370535 0.000002 0.499999 0.866026 64 64 64
1.377593 4.456352 0.464035 0.000002 0.499999 0.866026 64 64 64
1.377593 4.618299 0.370535 0.000002 0.499999 0.866026 64 64 64
1.377593 4.593299 0.327234 0.000000 -0.499999 -0.866026 64 64 64
1.366798 4.431352 0.420734 0.000000 -0.499999 -0.866026 64 64 64
1.366798 4.593299 0.327234 0.000000 -0.499999 -0.866026 64 64 64
1.377593 4.618299 0.370535 1.000000 0.000000 0.000003 64 64 64
1.377593 4.431352 0.420734 1.000000 0.000000 0.000003 64 64 64
1.377593 4.593299 0.327234 1.000000 0.000000 0.000003 64 64 64
1.366798 4.456352 0.464035 0.000000 -0.866028 0.499995 64 64 64
1.377593 4.431352 0.420734 0.000000 -0.866028 0.499995 64 64 64
1.377593 4.456352 0.464035 0.000000 -0.866028 0.499995 64 64 64
1.377593 4.618299 0.370535 -0.000002 0.866028 -0.499995 64 64 64
1.366798 4.593299 0.327234 -0.000002 0.866028 -0.499995 64 64 64
1.366798 4.618299 0.370535 -0.000002 0.866028 -0.499995 64 64 64
1.366798 4.882852 0.616786 0.000000 0.866026 0.499999 64 64 64
1.377594 4.789352 0.778733 0.000000 0.866026 0.499999 64 64 64
1.377594 4.882852 0.616786 0.000000 0.866026 0.499999 64 64 64
1.377594 4.839550 0.591787 0.000003 -0.866027 -0.499997 64 64 64
1.366798 4.746051 0.753733 0.000003 -0.866027 -0.499997 64 64 64
1.366798 4.839550 0.591786 0.000003 -0.866027 -0.499997 64 64 64
1.377594 4.882852 0.616786 1.000000 0.000000 -0.000001 64 64 64
1.377594 4.746051 0.753733 1.000000 0.000000 -0.000001 64 64 64
1.377594 4.839550 0.591787 1.000000 0.000000 -0.000001 64 64 64
1.366798 4.789352 0.778733 0.000000 -0.499998 0.866026 64 64 64
1.377594 4.746051 0.753733 0.000000 -0.499998 0.866026 64 64 64
1.377594 4.789352 0.778733 0.000000 -0.499998 0.866026 64 64 64
1.377594 4.882852 0.616786 0.000000 0.499997 -0.866027 64 64 64
1.366798 4.839550 0.591786 0.000000 0.499997 -0.866027 64 64 64
1.366798 4.882852 0.616786 0.000000 0.499997 -0.866027 64 64 64
1.366799 5.235086 0.697770 0.000000 1.000000 -0.000003 64 64 64
1.377594 5.235087 0.884770 0.000000 1.000000 -0.000003 64 64 64
1.377594 5.235086 0.697770 0.000000 1.000000 -0.000003 64 64 64
1.377594 5.185087 0.697770 0.000000 -1.000000 0.000003 64 64 64
1.366798 5.185087 0.884770 0.000000 -1.000000 0.000003 64 64 64
1.366799 5.185087 0.697770 0.000000 -1.000000 0.000003 64 64 64
1.377594 5.235086 0.697770 1.000000 -0.000000 0.000000 64 64 64
1.377594 5.185087 0.884770 1.000000 -0.000000 0.000000 64 64 64
1.377594 5.185087 0.697770 1.000000 -0.000000 0.000000 64 64 64
1.366798 5.235087 0.884770 0.000000 0.000000 1.000000 64 64 64
1.377594 5.185087 0.884770 0.000000 0.000000 1.000000 64 64 64
1.377594 5.235087 0.884770 0.000000 0.000000 1.000000 64 64 64
1.377594 5.235086 0.697770 0.000000 0.000000 -1.000000 64 64 64
1.366799 5.185087 0.697770 0.000000 0.000000 -1.000000 64 64 64
1.366799 5.235086 0.697770 0.000000 0.000000 -1.000000 64 64 64
1.366799 5.580623 0.591786 0.000000 0.866024 -0.500002 64 64 64
1.377594 5.674123 0.753733 0.000000 0.866024 -0.500002 64 64 64
1.377594 5.580623 0.591786 0.000000 0.866024 -0.500002 64 64 64
1.377594 5.537321 0.616786 0.000000 -0.866024 0.500002 64 64 64
1.366799 5.630822 0.778733 0.000000 -0.866024 0.500002 64 64 64
1.366799 5.537321 0.616786 0.000000 -0.866024 0.500002 64 64 64
1.377594 5.537321 0.616786 1.000000 0.000002 -0.000002 64 64 64
1.377594 5.674123 0.753733 1.000000 0.000002 -0.000002 64 64 64
1.377594 5.630822 0.778733 1.000000 0.000002 -0.000002 64 64 64
1.366799 5.674123 0.753733 0.000005 0.499996 0.866028 64 64 64
1.377594 5.630822 0.778733 0.000005 0.499996 0.866028 64 64 64
1.377594 5.674123 0.753733 0.000005 0.499996 0.866028 64 64 64
1.377594 5.580623 0.591786 0.000000 -0.499996 -0.866028 64 64 64
1.366799 5.537321 0.616786 0.000000 -0.499996 -0.866028 64 64 64
1.366799 5.580623 0.591786 0.000000 -0.499996 -0.866028 64 64 64
1.366799 5.826874 0.327234 -0.000002 0.500000 -0.866025 64 64 64
1.377595 5.988821 0.420734 -0.000002 0.500000 -0.866025 64 64 64
1.377594 5.826874 0.327233 -0.000002 0.500000 -0.866025 64 64 64
1.377594 5.801874 0.370535 0.000000 -0.500001 0.866025 64 64 64
1.366799 5.963820 0.464035 0.000000 -0.500001 0.866025 64 64 64
1.366799 5.801874 0.370535 0.000000 -0.500001 0.866025 64 64 64
1.377594 5.801874 0.370535 1.000000 -0.000001 -0.000000 64 64 64
1.377595 5.988821 0.420734 1.000000 -0.000001 -0.000000 64 64 64
1.377595 5.963820 0.464035 1.000000 -0.000001 -0.000000 64 64 64
1.366799 5.988821 0.420734 0.000002 0.866020 0.500010 64 64 64
1.377595 5.963820 0.464035 0.000002 0.866020 0.500010 64 64 64
1.377595 5.988821 0.420734 0.000002 0.866020 0.500010 64 64 64
1.377594 5.826874 0.327233 -0.000001 -0.866024 -0.500002 64 64 64
1.366799 5.801874 0.370535 -0.000001 -0.866024 -0.500002 64 64 64
1.366799 5.826874 0.327234 -0.000001 -0.866024 -0.500002 64 64 64
-1.366778 5.826874 -0.327237 0.000000 0.500000 0.866025 64 64 64
-1.377573 5.988821 -0.420737 0.000000 0.500000 0.866025 64 64 64
-1.377573 5.826874 -0.327237 0.000000 0.500000 0.866025 64 64 64
-1.377573 5.801874 -0.370538 0.000000 -0.500002 -0.866024 64 64 64
-1.366778 5.963820 -0.464038 0.000000 -0.500002 -0.866024 64 64 64
-1.366778 5.801874 -0.370538 0.000000 -0.500002 -0.866024 64 64 64
-1.377573 5.801874 -0.370538 -1.000000 -0.000001 0.000000 64 64 64
-1.377573 5.988821 -0.420737 -1.000000 -0.000001 0.000000 64 64 64
-1.377573 5.963820 -0.464038 -1.000000 -0.000001 0.000000 64 64 64
-1.366778 5.988821 -0.420737 -0.000002 0.866020 -0.500010 64 64 64
-1.377573 5.963820 -0.464038 -0.000002 0.866020 -0.500010 64 64 64
-1.377573 5.988821 -0.420737 -0.000002 0.866020 -0.500010 64 64 64
-1.377573 5.826874 -0.327237 0.000000 -0.866024 0.500003 64 64 64
-1.366778 5.801874 -0.370538 0.000000 -0.866024 0.500003 64 64 64
-1.366778 5.826874 -0.327237 0.000000 -0.866024 0.500003 64 64 64
-1.366777 5.580623 -0.591789 0.000000 0.866026 0.499999 64 64 64
-1.377573 5.674122 -0.753736 0.000000 0.866026 0.499999 64 64 64
-1.377573 5.580623 -0.591789 0.000000 0.866026 0.499999 64 64 64
-1.377573 5.537322 -0.616789 0.000000 -0.866026 -0.499999 64 64 64
-1.366777 5.630821 -0.778736 0.000000 -0.866026 -0.499999 64 64 64
-1.366777 5.537322 -0.616789 0.000000 -0.866026 -0.499999 64 64 64
-1.377573 5.537322 -0.616789 -1.000000 0.000000 -0.000001 64 64 64
-1.377573 5.674122 -0.753736 -1.000000 0.000000 -0.000001 64 64 64
-1.377573 5.630821 -0.778736 -1.000000 0.000000 -0.000001 64 64 64
-1.366777 5.674122 -0.753736 -0.000005 0.500001 -0.866025 64 64 64
-1.377573 5.630821 -0.778736 -0.000005 0.500001 -0.866025 64 64 64
-1.377573 5.674122 -0.753736 -0.000005 0.500001 -0.866025 64 64 64
-1.377573 5.580623 -0.591789 0.000000 -0.500000 0.866025 64 64 64
-1.366777 5.537322 -0.616789 0.000000 -0.500000 0.866025 64 64 64
-1.366777 5.580623 -0.591789 0.000000 -0.500000 0.866025 64 64 64
-1.366777 5.235086 -0.697773 0.000000 1.000000 -0.000003 64 64 64
-1.377572 5.235086 -0.884773 0.000000 1.000000 -0.000003 64 64 64
-1.377573 5.235086 -0.697773 0.000000 1.000000 -0.000003 64 64 64
-1.377573 5.185087 -0.697773 0.000000 -1.000000 0.000003 64 64 64
-1.366777 5.185086 -0.884773 0.000000 -1.000000 0.000003 64 64 64
-1.366777 5.185087 -0.697773 0.000000 -1.000000 0.000003 64 64 64
-1.377573 5.235086 -0.697773 -1.000000 0.000000 -0.000001 64 64 64
-1.377572 5.185086 -0.884773 -1.000000 0.000000 -0.000001 64 64 64
-1.377573 5.185087 -0.697773 -1.000000 0.000000 -0.000001 64 64 64
-1.366777 5.235086 -0.884773 0.000000 0.000000 -1.000000 64 64 64
-1.377572 5.185086 -0.884773 0.000000 0.000000 -1.000000 64 64 64
-1.377572 5.235086 -0.884773 0.000000 0.000000 -1.000000 64 64 64
-1.377573 5.235086 -0.697773 0.000000 0.000000 1.000000 64 64 64
-1.366777 5.185087 -0.697773 0.000000 0.000000 1.000000 64 64 64
-1.366777 5.235086 -0.697773 0.000000 0.000000 1.000000 64 64 64
-1.366777 4.882852 -0.616789 0.000000 0.866024 -0.500003 64 64 64
-1.377572 4.789351 -0.778736 0.000000 0.866024 -0.500003 64 64 64
-1.377572 4.882852 -0.616789 0.000000 0.866024 -0.500003 64 64 64
-1.377572 4.839550 -0.591789 -0.000003 -0.866024 0.500003 64 64 64
-1.366777 4.746050 -0.753735 -0.000003 -0.866024 0.500003 64 64 64
-1.366777 4.839550 -0.591789 -0.000003 -0.866024 0.500003 64 64 64
-1.377572 4.882852 -0.616789 -1.000000 -0.000001 -0.000002 64 64 64
-1.377572 4.746050 -0.753736 -1.000000 -0.000001 -0.000002 64 64 64
-1.377572 4.839550 -0.591789 -1.000000 -0.000001 -0.000002 64 64 64
-1.366777 4.789351 -0.778736 0.000000 -0.500001 -0.866025 64 64 64
-1.377572 4.746050 -0.753736 0.000000 -0.500001 -0.866025 64 64 64
-1.377572 4.789351 -0.778736 0.000000 -0.500001 -0.866025 64 64 64
-1.366777 4.882852 -0.616789 -0.000005 0.500001 0.866025 64 64 64
-1.377572 4.839550 -0.591789 -0.000005 0.500001 0.866025 64 64 64
-1.366777 4.839550 -0.591789 -0.000005 0.500001 0.866025 64 64 64
-1.377572 4.618299 -0.370537 0.000000 0.499999 -0.866026 64 64 64
-1.366776 4.456352 -0.464037 0.000000 0.499999 -0.866026 64 64 64
-1.377572 4.456352 -0.464037 0.000000 0.499999 -0.866026 64 64 64
-1.377572 4.593299 -0.327236 -0.000002 -0.499999 0.866026 64 64 64
-1.366776 4.431352 -0.420736 -0.000002 -0.499999 0.866026 64 64 64
-1.366776 4.593299 -0.327236 -0.000002 -0.499999 0.866026 64 64 64
-1.377572 4.618299 -0.370537 -1.000000 -0.000000 -0.000003 64 64 64
-1.377572 4.431352 -0.420736 -1.000000 -0.000000 -0.000003 64 64 64
-1.377572 4.593299 -0.327236 -1.000000 -0.000000 -0.000003 64 64 64
-1.366776 4.456352 -0.464037 0.000000 -0.866028 -0.499995 64 64 64
-1.377572 4.431352 -0.420736 0.000000 -0.866028 -0.499995 64 64 64
-1.377572 4.456352 -0.464037 0.000000 -0.866028 -0.499995 64 64 64
-1.366776 4.618299 -0.370537 -0.000001 0.866028 0.499995 64 64 64
-1.377572 4.593299 -0.327236 -0.000001 0.866028 0.499995 64 64 64
-1.366776 4.593299 -0.327236 -0.000001 0.866028 0.499995 64 64 64
-1.366776 4.512315 -0.025001 0.000001 -0.000001 -1.000000 64 64 64
-1.377572 4.325315 -0.025001 0.000001 -0.000001 -1.000000 64 64 64
-1.377572 4.512315 -0.025001 0.000001 -0.000001 -1.000000 64 64 64
-1.366776 4.512315 0.024999 -0.000001 0.000001 1.000000 64 64 64
-1.377572 4.325315 0.024999 -0.000001 0.000001 1.000000 64 64 64
-1.366776 4.325315 0.024999 -0.000001 0.000001 1.000000 64 64 64
-1.377572 4.512315 0.024999 -1.000000 -0.000001 -0.000000 64 64 64
-1.377572 4.325315 -0.025001 -1.000000 -0.000001 -0.000000 64 64 64
-1.377572 4.325315 0.024999 -1.000000 -0.000001 -0.000000 64 64 64
-1.366776 4.325315 -0.025001 0.000000 -1.000000 0.000000 64 64 64
-1.377572 4.325315 0.024999 0.000000 -1.000000 0.000000 64 64 64
-1.377572 4.325315 -0.025001 0.000000 -1.000000 0.000000 64 64 64
-1.366776 4.512315 -0.025001 0.000000 1.000000 0.000000 64 64 64
-1.377572 4.512315 0.024999 0.000000 1.000000 0.000000 64 64 64
-1.366776 4.512315 0.024999 0.000000 1.000000 0.000000 64 64 64
-1.377572 4.593299 0.327234 0.000020 -0.500000 -0.866025 64 64 64
-1.366776 4.431353 0.420734 0.000020 -0.500000 -0.866025 64 64 64
-1.377572 4.431352 0.420734 0.000020 -0.500000 -0.866025 64 64 64
-1.366776 4.618299 0.370535 0.000000 0.500001 0.866025 64 64 64
-1.377572 4.456352 0.464035 0.000000 0.500001 0.866025 64 64 64
-1.366776 4.456352 0.464035 0.000000 0.500001 0.866025 64 64 64
-1.377572 4.618299 0.370535 -1.000000 -0.000001 0.000000 64 64 64
-1.377572 4.431352 0.420734 -1.000000 -0.000001 0.000000 64 64 64
-1.377572 4.456352 0.464035 -1.000000 -0.000001 0.000000 64 64 64
-1.366776 4.431353 0.420734 0.000039 -0.866024 0.500003 64 64 64
-1.377572 4.456352 0.464035 0.000039 -0.866024 0.500003 64 64 64
-1.377572 4.431352 0.420734 0.000039 -0.866024 0.500003 64 64 64
-1.377572 4.593299 0.327234 0.000000 0.866028 -0.499996 64 64 64
-1.366776 4.618299 0.370535 0.000000 0.866028 -0.499996 64 64 64
-1.366776 4.593299 0.327234 0.000000 0.866028 -0.499996 64 64 64
-1.366777 4.839550 0.591786 0.000000 -0.866027 -0.499997 64 64 64
-1.377572 4.746051 0.753733 0.000000 -0.866027 -0.499997 64 64 64
-1.377572 4.839550 0.591786 0.000000 -0.866027 -0.499997 64 64 64
-1.377572 4.882851 0.616786 0.000000 0.866027 0.499997 64 64 64
-1.366777 4.789352 0.778733 0.000000 0.866027 0.499997 64 64 64
-1.366777 4.882851 0.616786 0.000000 0.866027 0.499997 64 64 64
-1.377572 4.882851 0.616786 -1.000000 -0.000002 -0.000001 64 64 64
-1.377572 4.746051 0.753733 -1.000000 -0.000002 -0.000001 64 64 64
-1.377572 4.789352 0.778733 -1.000000 -0.000002 -0.000001 64 64 64
-1.366776 4.746051 0.753733 0.000000 -0.500000 0.866025 64 64 64
-1.377572 4.789352 0.778733 0.000000 -0.500000 0.866025 64 64 64
-1.377572 4.746051 0.753733 0.000000 -0.500000 0.866025 64 64 64
-1.377572 4.839550 0.591786 0.000000 0.500001 -0.866025 64 64 64
-1.366777 4.882851 0.616786 0.000000 0.500001 -0.866025 64 64 64
-1.366777 4.839550 0.591786 0.000000 0.500001 -0.866025 64 64 64
-1.366777 5.185087 0.697770 0.000000 -1.000000 0.000003 64 64 64
-1.377572 5.185087 0.884770 0.000000 -1.000000 0.000003 64 64 64
-1.377572 5.185087 0.697770 0.000000 -1.000000 0.000003 64 64 64
-1.377572 5.235086 0.697770 0.000000 1.000000 -0.000003 64 64 64
-1.366777 5.235087 0.884770 0.000000 1.000000 -0.000003 64 64 64
-1.366777 5.235086 0.697770 0.000000 1.000000 -0.000003 64 64 64
-1.377572 5.185087 0.697770 -1.000000 -0.000000 0.000000 64 64 64
-1.377572 5.235087 0.884770 -1.000000 -0.000000 0.000000 64 64 64
-1.377572 5.235086 0.697770 -1.000000 -0.000000 0.000000 64 64 64
-1.377572 5.185087 0.884770 -0.000000 0.000000 1.000000 64 64 64
-1.366777 5.235087 0.884770 -0.000000 0.000000 1.000000 64 64 64
-1.377572 5.235087 0.884770 -0.000000 0.000000 1.000000 64 64 64
-1.377572 5.185087 0.697770 -0.000000 0.000000 -1.000000 64 64 64
-1.366777 5.235086 0.697770 -0.000000 0.000000 -1.000000 64 64 64
-1.366777 5.185087 0.697770 -0.000000 0.000000 -1.000000 64 64 64
-1.366777 5.537321 0.616786 0.000000 -0.866023 0.500005 64 64 64
-1.377572 5.630822 0.778733 0.000000 -0.866023 0.500005 64 64 64
-1.377572 5.537321 0.616786 0.000000 -0.866023 0.500005 64 64 64
-1.377572 5.580622 0.591786 0.000000 0.866023 -0.500005 64 64 64
-1.366777 5.674123 0.753733 0.000000 0.866023 -0.500005 64 64 64
-1.366777 5.580622 0.591786 0.000000 0.866023 -0.500005 64 64 64
-1.377572 5.537321 0.616786 -1.000000 -0.000000 0.000000 64 64 64
-1.377572 5.674123 0.753733 -1.000000 -0.000000 0.000000 64 64 64
-1.377572 5.580622 0.591786 -1.000000 -0.000000 0.000000 64 64 64
-1.366777 5.630822 0.778733 0.000000 0.500000 0.866025 64 64 64
-1.377572 5.674123 0.753733 0.000000 0.500000 0.866025 64 64 64
-1.377572 5.630822 0.778733 0.000000 0.500000 0.866025 64 64 64
-1.377572 5.537321 0.616786 0.000000 -0.500000 -0.866025 64 64 64
-1.366777 5.580622 0.591786 0.000000 -0.500000 -0.866025 64 64 64
-1.366777 5.537321 0.616786 0.000000 -0.500000 -0.866025 64 64 64
-1.366777 5.801874 0.370535 0.000000 -0.499999 0.866026 64 64 64
-1.377573 5.963821 0.464034 0.000000 -0.499999 0.866026 64 64 64
-1.377573 5.801874 0.370535 0.000000 -0.499999 0.866026 64 64 64
-1.377573 5.826874 0.327234 0.000000 0.499999 -0.866026 64 64 64
-1.366777 5.988821 0.420733 0.000000 0.499999 -0.866026 64 64 64
-1.366777 5.826874 0.327234 0.000000 0.499999 -0.866026 64 64 64
-1.377573 5.801874 0.370535 -1.000000 -0.000000 0.000000 64 64 64
-1.377573 5.988821 0.420733 -1.000000 -0.000000 0.000000 64 64 64
-1.377573 5.826874 0.327234 -1.000000 -0.000000 0.000000 64 64 64
-1.366777 5.963821 0.464034 0.000000 0.866024 0.500003 64 64 64
-1.377573 5.988821 0.420733 0.000000 0.866024 0.500003 64 64 64
-1.377573 5.963821 0.464034 0.000000 0.866024 0.500003 64 64 64
-1.377573 5.801874 0.370535 0.000000 -0.866024 -0.500002 64 64 64
-1.366777 5.826874 0.327234 0.000000 -0.866024 -0.500002 64 64 64
-1.366777 5.801874 0.370535 0.000000 -0.866024 -0.500002 64 64 64
-1.390431 5.189762 0.044781 0.000001 -0.935206 0.354103 64 64 64
-1.417419 5.448440 0.727963 0.000001 -0.935206 0.354103 64 64 64
-1.417419 5.189762 0.044781 0.000001 -0.935206 0.354103 64 64 64
-1.417419 5.254442 0.021239 0.000000 0.944023 -0.329880 64 64 64
-1.390430 5.495424 0.710862 0.000000 0.944023 -0.329880 64 64 64
-1.390431 5.254442 0.021239 0.000000 0.944023 -0.329880 64 64 64
-1.417419 5.189762 0.044781 -1.000000 0.000000 0.000000 64 64 64
-1.417419 5.495424 0.710862 -1.000000 0.000000 0.000000 64 64 64
-1.417419 5.254442 0.021239 -1.000000 0.000000 0.000000 64 64 64
-1.390430 5.448440 0.727963 0.000000 0.342019 0.939693 64 64 64
-1.417419 5.495424 0.710862 0.000000 0.342019 0.939693 64 64 64
-1.417419 5.448440 0.727963 0.000000 0.342019 0.939693 64 64 64
-1.390431 5.189762 0.044781 -0.000000 -0.342019 -0.939693 64 64 64
-1.417419 5.254442 0.021239 -0.000000 -0.342019 -0.939693 64 64 64
-1.390431 5.254442 0.021239 -0.000000 -0.342019 -0.939693 64 64 64
-1.390431 5.189762 0.044781 1.000000 -0.000000 -0.000000 64 64 64
-1.390430 5.495424 0.710862 1.000000 -0.000000 -0.000000 64 64 64
-1.390430 5.448440 0.727963 1.000000 -0.000000 -0.000000 64 64 64
-1.390431 5.259031 -0.004790 0.000000 0.778617 0.627499 64 64 64
-1.417419 5.557532 -0.375178 0.000000 0.778617 0.627499 64 64 64
-1.417419 5.259031 -0.004790 0.000000 0.778617 0.627499 64 64 64
-1.417419 5.206304 -0.049034 0.000000 -0.753172 -0.657824 64 64 64
-1.390431 5.519229 -0.407317 0.000000 -0.753172 -0.657824 64 64 64
-1.390431 5.206304 -0.049034 0.000000 -0.753172 -0.657824 64 64 64
-1.417419 5.206304 -0.049034 -1.000000 -0.000000 0.000000 64 64 64
-1.417419 5.557532 -0.375178 -1.000000 -0.000000 0.000000 64 64 64
-1.417419 5.519229 -0.407317 -1.000000 -0.000000 0.000000 64 64 64
-1.390431 5.557532 -0.375178 -0.000001 0.642785 -0.766047 64 64 64
-1.417419 5.519229 -0.407317 -0.000001 0.642785 -0.766047 64 64 64
-1.417419 5.557532 -0.375178 -0.000001 0.642785 -0.766047 64 64 64
-1.390431 5.259031 -0.004790 0.000000 -0.642786 0.766046 64 64 64
-1.417419 5.206304 -0.049034 0.000000 -0.642786 0.766046 64 64 64
-1.390431 5.206304 -0.049034 0.000000 -0.642786 0.766046 64 64 64
-1.390431 5.206304 -0.049034 1.000000 0.000000 -0.000000 64 64 64
-1.390431 5.557532 -0.375178 1.000000 0.000000 -0.000000 64 64 64
-1.390431 5.259031 -0.004790 1.000000 0.000000 -0.000000 64 64 64
-1.366777 5.907857 0.024998 0.000000 0.000001 1.000000 64 64 64
-1.377573 6.094858 0.024998 0.000000 0.000001 1.000000 64 64 64
-1.377573 5.907857 0.024998 0.000000 0.000001 1.000000 64 64 64
-1.377573 5.907857 -0.025001 -0.000000 -0.000001 -1.000000 64 64 64
-1.366777 6.094858 -0.025002 -0.000000 -0.000001 -1.000000 64 64 64
-1.366777 5.907857 -0.025001 -0.000000 -0.000001 -1.000000 64 64 64
-1.377573 5.907857 -0.025001 -1.000000 -0.000000 0.000000 64 64 64
-1.377573 6.094858 0.024998 -1.000000 -0.000000 0.000000 64 64 64
-1.377573 6.094858 -0.025002 -1.000000 -0.000000 0.000000 64 64 64
-1.366777 6.094858 0.024998 -0.000000 1.000000 0.000000 64 64 64
-1.377573 6.094858 -0.025002 -0.000000 1.000000 0.000000 64 64 64
-1.377573 6.094858 0.024998 -0.000000 1.000000 0.000000 64 64 64
-1.377573 5.907857 0.024998 -0.000000 -1.000000 -0.000000 64 64 64
-1.366777 5.907857 -0.025001 -0.000000 -1.000000 -0.000000 64 64 64
-1.366777 5.907857 0.024998 -0.000000 -1.000000 -0.000000 64 64 64
-1.436778 5.293526 -0.000002 -0.685690 0.727866 0.000000 64 64 64
1.436777 5.291923 -0.016280 0.685690 0.713889 -0.142003 64 64 64
-1.436778 5.291923 -0.016279 -0.685690 0.713889 -0.142003 64 64 64
1.436777 5.287175 -0.031932 0.685690 0.672475 -0.278542 64 64 64
-1.436778 5.287175 -0.031932 -0.685690 0.672475 -0.278542 64 64 64
-1.436778 5.279464 -0.046357 -0.685690 0.605182 -0.404370 64 64 64
1.436777 5.279464 -0.046357 0.685690 0.605213 -0.404370 64 64 64
-1.436778 5.269088 -0.059001 -0.685690 0.514664 -0.514695 64 64 64
1.436777 5.269088 -0.059001 0.685690 0.514695 -0.514695 64 64 64
-1.436778 5.256444 -0.069378 -0.685690 0.404370 -0.605213 64 64 64
1.436777 5.256444 -0.069378 0.685690 0.404370 -0.605213 64 64 64
-1.436778 5.242018 -0.077088 -0.685690 0.278542 -0.672475 64 64 64
1.436777 5.242018 -0.077088 0.685690 0.278542 -0.672475 64 64 64
-1.436778 5.226366 -0.081836 -0.685690 0.142003 -0.713889 64 64 64
1.436777 5.226366 -0.081836 0.685690 0.142003 -0.713889 64 64 64
-1.436778 5.210088 -0.083439 -0.685690 0.000000 -0.727866 64 64 64
1.436777 5.210088 -0.083440 0.685690 0.000000 -0.727866 64 64 64
-1.436778 5.193810 -0.081836 -0.685690 -0.141972 -0.713889 64 64 64
1.436777 5.193810 -0.081836 0.685690 -0.142003 -0.713889 64 64 64
-1.436778 5.178158 -0.077088 -0.685690 -0.278542 -0.672475 64 64 64
1.436777 5.178158 -0.077088 0.685690 -0.278542 -0.672475 64 64 64
-1.436778 5.163733 -0.069378 -0.685690 -0.404370 -0.605213 64 64 64
1.436777 5.163733 -0.069378 0.685690 -0.404370 -0.605213 64 64 64
-1.436778 5.151089 -0.059001 -0.685690 -0.514695 -0.514664 64 64 64
1.436777 5.151089 -0.059001 0.685690 -0.514664 -0.514695 64 64 64
-1.436778 5.140712 -0.046357 -0.685690 -0.605213 -0.404370 64 64 64
1.436777 5.140712 -0.046357 0.685690 -0.605182 -0.404370 64 64 64
-1.436778 5.133002 -0.031932 -0.685690 -0.672475 -0.278542 64 64 64
1.436777 5.133002 -0.031932 0.685690 -0.672475 -0.278542 64 64 64
-1.436778 5.128253 -0.016279 -0.685690 -0.713889 -0.142003 64 64 64
1.436777 5.128253 -0.016280 0.685690 -0.713889 -0.142003 64 64 64
-1.436778 5.126650 -0.000001 -0.685690 -0.727866 0.000000 64 64 64
1.436777 5.126650 -0.000002 0.685690 -0.727866 0.000000 64 64 64
-1.436778 5.128253 0.016276 -0.685690 -0.713889 0.142003 64 64 64
1.436777 5.128253 0.016276 0.685690 -0.713889 0.142003 64 64 64
-1.436778 5.133002 0.031929 -0.685690 -0.672475 0.278542 64 64 64
1.436777 5.133002 0.031929 0.685690 -0.672475 0.278542 64 64 64
-1.436778 5.140712 0.046354 -0.685690 -0.605182 0.404370 64 64 64
1.436777 5.140712 0.046354 0.685690 -0.605213 0.404370 64 64 64
-1.436778 5.151089 0.058998 -0.685690 -0.514664 0.514695 64 64 64
1.436777 5.151089 0.058998 0.685690 -0.514695 0.514664 64 64 64
-1.436778 5.163733 0.069375 -0.685690 -0.404370 0.605213 64 64 64
1.436777 5.163733 0.069374 0.685690 -0.404370 0.605213 64 64 64
-1.436778 5.178158 0.077085 -0.685690 -0.278542 0.672475 64 64 64
1.436777 5.178158 0.077085 0.685690 -0.278542 0.672475 64 64 64
-1.436778 5.193810 0.081833 -0.685690 -0.141972 0.713889 64 64 64
1.436777 5.193810 0.081833 0.685690 -0.141972 0.713889 64 64 64
-1.436778 5.210088 0.083436 -0.685690 0.000000 0.727866 64 64 64
1.436777 5.226366 0.081833 0.685690 0.142003 0.713889 64 64 64
-1.436778 5.226366 0.081833 -0.685690 0.142003 0.713889 64 64 64
-1.436778 5.242018 0.077085 -0.685690 0.278542 0.672475 64 64 64
1.436777 5.256444 0.069374 0.685690 0.404370 0.605213 64 64 64
-1.436778 5.256444 0.069374 -0.685690 0.404370 0.605213 64 64 64
-1.436778 5.269088 0.058998 -0.685690 0.514695 0.514695 64 64 64
1.436777 5.269088 0.058998 0.685690 0.514664 0.514695 64 64 64
-1.436778 5.279464 0.046354 -0.685690 0.605213 0.404370 64 64 64
1.436777 5.279464 0.046354 0.685690 0.605182 0.404370 64 64 64
-1.436778 5.287175 0.031929 -0.685690 0.672475 0.278542 64 64 64
1.436777 5.269088 -0.059001 1.000000 -0.000000 0.000000 64 64 64
1.436777 5.279464 -0.046357 1.000000 -0.000000 0.000000 64 64 64
1.436777 5.151089 -0.059001 1.000000 -0.000000 0.000000 64 64 64
1.436777 5.287175 0.031929 0.685690 0.672475 0.278542 64 64 64
-1.436778 5.291923 0.016276 -0.685690 0.713889 0.142003 64 64 64
1.436777 5.291923 0.016276 0.685690 0.713889 0.142003 64 64 64
-1.436778 5.279464 0.046354 -1.000000 0.000000 0.000000 64 64 64
-1.436778 5.287175 0.031929 -1.000000 0.000000 0.000000 64 64 64
-1.436778 5.140712 0.046354 -1.000000 0.000000 0.000000 64 64 64
-0.000000 5.293527 1.436776 0.000000 0.727866 0.685690 64 64 64
0.016277 5.291923 -1.436779 0.142003 0.713889 -0.685690 64 64 64
-0.000000 5.293526 -1.436779 0.000000 0.727897 -0.685659 64 64 64
0.016277 5.291924 1.436776 0.142003 0.713889 0.685659 64 64 64
0.031930 5.287174 -1.436779 0.278542 0.672475 -0.685690 64 64 64
0.031930 5.287175 1.436776 0.278542 0.672475 0.685690 64 64 64
0.046355 5.279464 -1.436779 0.404370 0.605213 -0.685690 64 64 64
0.046355 5.279465 1.436776 0.404401 0.605182 0.685659 64 64 64
0.058999 5.269087 -1.436779 0.514695 0.514664 -0.685690 64 64 64
0.058999 5.269088 1.436776 0.514695 0.514664 0.685690 64 64 64
0.069376 5.256443 -1.436779 0.605213 0.404370 -0.685690 64 64 64
0.069376 5.256444 1.436776 0.605243 0.404370 0.685659 64 64 64
0.077086 5.242018 -1.436779 0.672506 0.278542 -0.685659 64 64 64
0.077086 5.242019 1.436776 0.672475 0.278542 0.685690 64 64 64
0.081834 5.226366 -1.436779 0.713889 0.142003 -0.685690 64 64 64
0.081834 5.226367 1.436776 0.713950 0.141972 0.685629 64 64 64
0.083437 5.210088 -1.436779 0.727897 0.000000 -0.685659 64 64 64
0.083437 5.210089 1.436776 0.727866 0.000000 0.685690 64 64 64
0.081834 5.193810 -1.436779 0.713920 -0.141972 -0.685659 64 64 64
0.081834 5.193811 1.436776 0.713920 -0.141972 0.685659 64 64 64
0.077086 5.178157 -1.436779 0.672475 -0.278542 -0.685690 64 64 64
0.077086 5.178158 1.436776 0.672475 -0.278542 0.685690 64 64 64
0.069376 5.163732 -1.436779 0.605213 -0.404370 -0.685690 64 64 64
0.069376 5.163733 1.436776 0.605213 -0.404370 0.685690 64 64 64
0.058999 5.151088 -1.436779 0.514664 -0.514695 -0.685690 64 64 64
0.058999 5.151089 1.436776 0.514664 -0.514695 0.685690 64 64 64
0.046355 5.140712 -1.436779 0.404370 -0.605213 -0.685690 64 64 64
0.046355 5.140713 1.436776 0.404370 -0.605213 0.685690 64 64 64
0.031930 5.133001 -1.436779 0.278542 -0.672475 -0.685690 64 64 64
0.016277 5.128254 1.436776 0.142003 -0.713889 0.685690 64 64 64
0.016277 5.128253 -1.436779 0.142003 -0.713889 -0.685690 64 64 64
-0.000000 5.126650 -1.436779 0.000000 -0.727866 -0.685690 64 64 64
-0.000000 5.126651 1.436776 0.000000 -0.727866 0.685690 64 64 64
-0.016278 5.128253 -1.436779 -0.142003 -0.713889 -0.685690 64 64 64
-0.016278 5.128254 1.436776 -0.142003 -0.713889 0.685690 64 64 64
-0.031931 5.133001 -1.436779 -0.278542 -0.672475 -0.685690 64 64 64
-0.031931 5.133002 1.436776 -0.278542 -0.672475 0.685690 64 64 64
-0.046356 5.140712 -1.436779 -0.404370 -0.605213 -0.685690 64 64 64
-0.046356 5.140713 1.436776 -0.404370 -0.605213 0.685690 64 64 64
-0.059000 5.151088 -1.436779 -0.514664 -0.514695 -0.685690 64 64 64
-0.059000 5.151089 1.436776 -0.514664 -0.514695 0.685690 64 64 64
-0.069377 5.163732 -1.436779 -0.605213 -0.404370 -0.685690 64 64 64
-0.069377 5.163733 1.436776 -0.605213 -0.404370 0.685659 64 64 64
-0.077087 5.178157 -1.436779 -0.672506 -0.278512 -0.685659 64 64 64
-0.077087 5.178158 1.436776 -0.672475 -0.278542 0.685690 64 64 64
-0.081835 5.193810 -1.436779 -0.713889 -0.141972 -0.685690 64 64 64
-0.081835 5.193811 1.436776 -0.713920 -0.141972 0.685659 64 64 64
-0.083438 5.210088 -1.436779 -0.727866 0.000000 -0.685690 64 64 64
-0.083438 5.210089 1.436776 -0.727866 0.000000 0.685690 64 64 64
-0.081835 5.226366 -1.436779 -0.713889 0.141972 -0.685690 64 64 64
-0.081835 5.226367 1.436776 -0.713920 0.141972 0.685659 64 64 64
-0.077087 5.242018 -1.436779 -0.672506 0.278512 -0.685659 64 64 64
-0.077087 5.242019 1.436776 -0.672475 0.278542 0.685690 64 64 64
-0.069376 5.256444 -1.436779 -0.605213 0.404370 -0.685690 64 64 64
-0.069376 5.256444 1.436776 -0.605213 0.404370 0.685690 64 64 64
-0.059000 5.269087 -1.436779 -0.514664 0.514695 -0.685690 64 64 64
-0.059000 5.269088 1.436776 -0.514695 0.514695 0.685690 64 64 64
-0.046356 5.279464 -1.436779 -0.404370 0.605213 -0.685690 64 64 64
-0.046356 5.279465 1.436776 -0.404370 0.605213 0.685690 64 64 64
-0.031931 5.287174 -1.436779 -0.278512 0.672475 -0.685690 64 64 64
0.031930 5.133002 1.436776 -0.000001 0.000001 1.000000 64 64 64
0.077086 5.178158 1.436776 -0.000001 0.000001 1.000000 64 64 64
0.031930 5.287175 1.436776 -0.000001 0.000001 1.000000 64 64 64
-0.031931 5.287175 1.436776 -0.278542 0.672475 0.685690 64 64 64
-0.016278 5.291923 -1.436779 -0.142003 0.713889 -0.685690 64 64 64
-0.016278 5.291924 1.436776 -0.142003 0.713889 0.685690 64 64 64
0.016277 5.128253 -1.436779 0.000000 -0.000000 -1.000000 64 64 64
-0.081835 5.193810 -1.436779 0.000000 -0.000000 -1.000000 64 64 64
-0.016278 5.291923 -1.436779 0.000000 -0.000000 -1.000000 64 64 64
1.156305 5.269141 -1.079106 0.000000 1.000000 -0.000000 151 103 48
1.274411 5.269141 1.079045 0.000000 1.000000 -0.000000 151 103 48
1.274411 5.269141 -1.079106 0.000000 1.000000 -0.000000 151 103 48
1.156305 5.151035 -1.079106 -1.000000 -0.000000 0.000000 151 103 48
1.156305 5.269141 1.079045 -1.000000 -0.000000 0.000000 151 103 48
1.156305 5.269141 -1.079106 -1.000000 -0.000000 0.000000 151 103 48
1.274411 5.151035 -1.079106 0.000000 -1.000000 0.000000 151 103 48
1.156305 5.151036 1.079045 0.000000 -1.000000 0.000000 151 103 48
1.156305 5.151035 -1.079106 0.000000 -1.000000 0.000000 151 103 48
1.274411 5.269141 -1.079106 1.000000 0.000000 -0.000000 151 103 48
1.274411 5.151036 1.079045 1.000000 0.000000 -0.000000 151 103 48
1.274411 5.151035 -1.079106 1.000000 0.000000 -0.000000 151 103 48
1.156305 4.136302 -0.059075 -0.000000 -0.000000 -1.000000 151 103 48
1.274411 6.283852 -0.059076 -0.000000 -0.000000 -1.000000 151 103 48
1.274411 4.136302 -0.059075 -0.000000 -0.000000 -1.000000 151 103 48
1.156305 4.136302 0.059030 -1.000000 -0.000000 0.000000 151 103 48
1.156305 6.283852 -0.059076 -1.000000 -0.000000 0.000000 151 103 48
1.156305 4.136302 -0.059075 -1.000000 -0.000000 0.000000 151 103 48
1.274411 4.136302 0.059030 0.000000 0.000000 1.000000 151 103 48
1.156305 6.283852 0.059030 0.000000 0.000000 1.000000 151 103 48
1.156305 4.136302 0.059030 0.000000 0.000000 1.000000 151 103 48
1.274411 4.136302 0.059030 1.000000 0.000000 0.000000 151 103 48
1.274411 6.283852 -0.059076 1.000000 0.000000 0.000000 151 103 48
1.274411 6.283852 0.059030 1.000000 0.000000 0.000000 151 103 48
-1.274412 4.136301 -0.059075 -0.000000 -0.000000 -1.000000 151 103 48
-1.156306 6.283852 -0.059076 -0.000000 -0.000000 -1.000000 151 103 48
-1.156306 4.136301 -0.059075 -0.000000 -0.000000 -1.000000 151 103 48
-1.274412 4.136301 0.059030 -1.000000 -0.000000 0.000000 151 103 48
-1.274412 6.283852 -0.059076 -1.000000 -0.000000 0.000000 151 103 48
-1.274412 4.136301 -0.059075 -1.000000 -0.000000 0.000000 151 103 48
-1.156306 4.136301 0.059030 0.000000 0.000000 1.000000 151 103 48
-1.274412 6.283852 0.059030 0.000000 0.000000 1.000000 151 103 48
-1.274412 4.136301 0.059030 0.000000 0.000000 1.000000 151 103 48
-1.156306 4.136301 0.059030 1.000000 0.000000 0.000000 151 103 48
-1.156306 6.283852 -0.059076 1.000000 0.000000 0.000000 151 103 48
-1.156306 6.283852 0.059030 1.000000 0.000000 0.000000 151 103 48
-1.274412 5.269141 -1.079106 0.000000 1.000000 -0.000000 151 103 48
-1.156306 5.269141 1.079045 0.000000 1.000000 -0.000000 151 103 48
-1.156306 5.269141 -1.079106 0.000000 1.000000 -0.000000 151 103 48
-1.274412 5.151035 -1.079106 -1.000000 0.000000 0.000000 151 103 48
-1.274412 5.269141 1.079045 -1.000000 0.000000 0.000000 151 103 48
-1.274412 5.269141 -1.079106 -1.000000 0.000000 0.000000 151 103 48
-1.156306 5.151035 -1.079106 0.000000 -1.000000 0.000000 151 103 48
-1.274412 5.151036 1.079045 0.000000 -1.000000 0.000000 151 103 48
-1.274412 5.151035 -1.079106 0.000000 -1.000000 0.000000 151 103 48
-1.156306 5.269141 -1.079106 1.000000 -0.000000 0.000000 151 103 48
-1.156306 5.151036 1.079045 1.000000 -0.000000 0.000000 151 103 48
-1.156306 5.151035 -1.079106 1.000000 -0.000000 0.000000 151 103 48
-1.303920 6.461010 -1.593754 0.000000 1.000000 -0.000000 151 103 48
-1.126761 6.461011 1.593746 0.000000 1.000000 -0.000000 151 103 48
-1.126761 6.461010 -1.593754 0.000000 1.000000 -0.000000 151 103 48
-1.303920 6.283852 -1.593754 -1.000000 -0.000000 0.000000 151 103 48
-1.303920 6.461011 1.593746 -1.000000 -0.000000 0.000000 151 103 48
-1.303920 6.461010 -1.593754 -1.000000 -0.000000 0.000000 151 103 48
-1.126761 6.283852 -1.593754 0.000000 -1.000000 0.000000 151 103 48
-1.303920 6.283852 1.593746 0.000000 -1.000000 0.000000 151 103 48
-1.303920 6.283852 -1.593754 0.000000 -1.000000 0.000000 151 103 48
-1.126761 6.461010 -1.593754 1.000000 0.000000 -0.000000 151 103 48
-1.126761 6.283852 1.593746 1.000000 0.000000 -0.000000 151 103 48
-1.126761 6.283852 -1.593754 1.000000 0.000000 -0.000000 151 103 48
-1.126761 6.283852 1.593746 -0.000000 0.000000 1.000000 151 103 48
-1.303920 6.461011 1.593746 -0.000000 0.000000 1.000000 151 103 48
-1.303920 6.283852 1.593746 -0.000000 0.000000 1.000000 151 103 48
-1.126761 6.461010 -1.593754 -0.000001 -0.000000 -1.000000 151 103 48
-1.303920 6.283852 -1.593754 -0.000001 -0.000000 -1.000000 151 103 48
-1.303920 6.461010 -1.593754 -0.000001 -0.000000 -1.000000 151 103 48
1.126760 6.461010 -1.593754 0.000000 1.000000 -0.000000 151 103 48
1.303918 6.461011 1.593746 0.000000 1.000000 -0.000000 151 103 48
1.303918 6.461010 -1.593754 0.000000 1.000000 -0.000000 151 103 48
1.126760 6.283852 -1.593754 -1.000000 0.000000 0.000000 151 103 48
1.126760 6.461011 1.593746 -1.000000 0.000000 0.000000 151 103 48
1.126760 6.461010 -1.593754 -1.000000 0.000000 0.000000 151 103 48
1.303918 6.283852 -1.593754 0.000000 -1.000000 0.000000 151 103 48
1.126760 6.283852 1.593746 0.000000 -1.000000 0.000000 151 103 48
1.126760 6.283852 -1.593754 0.000000 -1.000000 0.000000 151 103 48
1.303918 6.461010 -1.593754 1.000000 -0.000000 0.000000 151 103 48
1.303918 6.283852 1.593746 1.000000 -0.000000 0.000000 151 103 48
1.303918 6.283852 -1.593754 1.000000 -0.000000 0.000000 151 103 48
1.303918 6.283852 1.593746 0.000001 0.000001 1.000000 151 103 48
1.126760 6.461011 1.593746 0.000001 0.000001 1.000000 151 103 48
1.126760 6.283852 1.593746 0.000001 0.000001 1.000000 151 103 48
1.303918 6.461010 -1.593754 0.000000 -0.000001 -1.000000 151 103 48
1.126760 6.283852 -1.593754 0.000000 -0.000001 -1.000000 151 103 48
1.126760 6.461010 -1.593754 0.000000 -0.000001 -1.000000 151 103 48
1.126760 4.136301 -1.593753 0.000000 1.000000 -0.000000 151 103 48
1.303919 4.136302 1.593747 0.000000 1.000000 -0.000000 151 103 48
1.303919 4.136301 -1.593753 0.000000 1.000000 -0.000000 151 103 48
1.126760 3.959142 -1.593753 -1.000000 0.000000 0.000000 151 103 48
1.126760 4.136302 1.593747 -1.000000 0.000000 0.000000 151 103 48
1.126760 4.136301 -1.593753 -1.000000 0.000000 0.000000 151 103 48
1.303919 3.959142 -1.593753 0.000000 -1.000000 0.000000 151 103 48
1.126760 3.959143 1.593747 0.000000 -1.000000 0.000000 151 103 48
1.126760 3.959142 -1.593753 0.000000 -1.000000 0.000000 151 103 48
1.303919 4.136301 -1.593753 1.000000 -0.000000 0.000000 151 103 48
1.303919 3.959143 1.593747 1.000000 -0.000000 0.000000 151 103 48
1.303919 3.959142 -1.593753 1.000000 -0.000000 0.000000 151 103 48
1.303919 3.959143 1.593747 -0.000000 0.000000 1.000000 151 103 48
1.126760 4.136302 1.593747 -0.000000 0.000000 1.000000 151 103 48
1.126760 3.959143 1.593747 -0.000000 0.000000 1.000000 151 103 48
1.303919 4.136301 -1.593753 -0.000001 -0.000000 -1.000000 151 103 48
1.126760 3.959142 -1.593753 -0.000001 -0.000000 -1.000000 151 103 48
1.126760 4.136301 -1.593753 -0.000001 -0.000000 -1.000000 151 103 48
-1.303919 4.136301 -1.593753 0.000000 1.000000 -0.000000 151 103 48
-1.126761 4.136302 1.593747 0.000000 1.000000 -0.000000 151 103 48
-1.126761 4.136301 -1.593753 0.000000 1.000000 -0.000000 151 103 48
-1.303919 3.959142 -1.593753 -1.000000 -0.000000 0.000000 151 103 48
-1.303919 4.136302 1.593747 -1.000000 -0.000000 0.000000 151 103 48
-1.303919 4.136301 -1.593753 -1.000000 -0.000000 0.000000 151 103 48
-1.126761 3.959142 -1.593753 0.000000 -1.000000 0.000000 151 103 48
-1.303919 3.959143 1.593747 0.000000 -1.000000 0.000000 151 103 48
-1.303919 3.959142 -1.593753 0.000000 -1.000000 0.000000 151 103 48
-1.126761 4.136301 -1.593753 1.000000 0.000000 -0.000000 151 103 48
-1.126761 3.959143 1.593747 1.000000 0.000000 -0.000000 151 103 48
-1.126761 3.959142 -1.593753 1.000000 0.000000 -0.000000 151 103 48
-1.126761 3.959143 1.593747 0.000001 0.000001 1.000000 151 103 48
-1.303919 4.136302 1.593747 0.000001 0.000001 1.000000 151 103 48
-1.303919 3.959143 1.593747 0.000001 0.000001 1.000000 151 103 48
-1.126761 4.136301 -1.593753 0.000000 -0.000001 -1.000000 151 103 48
-1.303919 3.959142 -1.593753 0.000000 -0.000001 -1.000000 151 103 48
-1.303919 4.136301 -1.593753 0.000000 -0.000001 -1.000000 151 103 48
-1.448041 6.862484 1.448035 -0.642522 0.766267 -0.000000 238 202 64
-0.302035 7.823421 -0.302053 -0.642522 0.766267 -0.000000 238 202 64
-1.448042 6.862484 -1.448060 -0.642522 0.766267 -0.000000 238 202 64
-0.302035 7.823421 -0.302053 0.000000 0.766267 -0.642522 238 202 64
1.448058 6.862484 -1.448060 0.000000 0.766267 -0.642522 238 202 64
-1.448042 6.862484 -1.448060 0.000000 0.766267 -0.642522 238 202 64
0.302048 7.823421 -0.302053 0.642521 0.766268 -0.000000 238 202 64
1.448058 6.862484 1.448035 0.642521 0.766268 -0.000000 238 202 64
1.448058 6.862484 -1.448060 0.642521 0.766268 -0.000000 238 202 64
0.302048 7.823421 0.302029 0.000000 0.766267 0.642522 238 202 64
-1.448041 6.862484 1.448035 0.000000 0.766267 0.642522 238 202 64
1.448058 6.862484 1.448035 0.000000 0.766267 0.642522 238 202 64
1.448058 6.862484 -1.448060 0.000000 -0.000000 -1.000000 238 202 64
-1.448042 6.589931 -1.448060 0.000000 -0.000000 -1.000000 238 202 64
-1.448042 6.862484 -1.448060 0.000000 -0.000000 -1.000000 238 202 64
0.302048 7.823421 -0.302053 0.000000 1.000000 0.000000 238 202 64
-0.302035 7.823421 0.302029 0.000000 1.000000 0.000000 238 202 64
0.302048 7.823421 0.302029 0.000000 1.000000 0.000000 238 202 64
1.448058 6.589931 -1.448060 0.000000 -1.000000 0.000000 255 255 255
-1.448041 6.589932 1.448035 0.000000 -1.000000 0.000000 255 255 255
-1.448042 6.589931 -1.448060 0.000000 -1.000000 0.000000 255 255 255
-1.448042 6.862484 -1.448060 -1.000000 0.000000 0.000000 238 202 64
-1.448041 6.589932 1.448035 -1.000000 0.000000 0.000000 238 202 64
-1.448041 6.862484 1.448035 -1.000000 0.000000 0.000000 238 202 64
1.448058 6.862484 1.448035 1.000000 -0.000000 -0.000000 238 202 64
1.448058 6.589931 -1.448060 1.000000 -0.000000 -0.000000 238 202 64
1.448058 6.862484 -1.448060 1.000000 -0.000000 -0.000000 238 202 64
-1.448041 6.862484 1.448035 0.000000 0.000000 1.000000 238 202 64
1.448058 6.589932 1.448035 0.000000 0.000000 1.000000 238 202 64
1.448058 6.862484 1.448035 0.000000 0.000000 1.000000 238 202 64
1.079083 5.269141 -1.274434 -0.000000 1.000000 0.000000 151 103 48
-1.079068 5.269140 -1.156328 -0.000000 1.000000 0.000000 151 103 48
1.079083 5.269141 -1.156328 -0.000000 1.000000 0.000000 151 103 48
1.079083 5.151035 -1.274434 0.000000 -0.000000 -1.000000 151 103 48
-1.079068 5.269140 -1.274434 0.000000 -0.000000 -1.000000 151 103 48
1.079083 5.269141 -1.274434 0.000000 -0.000000 -1.000000 151 103 48
1.079083 5.151035 -1.274434 0.000000 -1.000000 0.000000 151 103 48
-1.079068 5.151035 -1.156328 0.000000 -1.000000 0.000000 151 103 48
-1.079068 5.151035 -1.274434 0.000000 -1.000000 0.000000 151 103 48
1.079083 5.269141 -1.156328 0.000000 -0.000000 1.000000 151 103 48
-1.079068 5.151035 -1.156328 0.000000 -0.000000 1.000000 151 103 48
1.079083 5.151035 -1.156328 0.000000 -0.000000 1.000000 151 103 48
0.059053 4.136301 -1.274434 1.000000 0.000000 0.000000 151 103 48
0.059052 6.283852 -1.156329 1.000000 0.000000 0.000000 151 103 48
0.059053 4.136301 -1.156328 1.000000 0.000000 0.000000 151 103 48
-0.059053 4.136301 -1.274434 0.000001 -0.000000 -1.000000 151 103 48
0.059052 6.283852 -1.274434 0.000001 -0.000000 -1.000000 151 103 48
0.059053 4.136301 -1.274434 0.000001 -0.000000 -1.000000 151 103 48
-0.059053 4.136301 -1.156328 -1.000000 -0.000000 -0.000000 151 103 48
-0.059054 6.283852 -1.274434 -1.000000 -0.000000 -0.000000 151 103 48
-0.059053 4.136301 -1.274434 -1.000000 -0.000000 -0.000000 151 103 48
0.059053 4.136301 -1.156328 -0.000001 0.000000 1.000000 151 103 48
-0.059054 6.283852 -1.156329 -0.000001 0.000000 1.000000 151 103 48
-0.059053 4.136301 -1.156328 -0.000001 0.000000 1.000000 151 103 48
0.059053 4.136302 1.156284 1.000000 0.000000 0.000000 151 103 48
0.059052 6.283853 1.274389 1.000000 0.000000 0.000000 151 103 48
0.059053 4.136302 1.274390 1.000000 0.000000 0.000000 151 103 48
-0.059053 4.136302 1.156284 0.000000 -0.000000 -1.000000 151 103 48
0.059052 6.283853 1.156283 0.000000 -0.000000 -1.000000 151 103 48
0.059053 4.136302 1.156284 0.000000 -0.000000 -1.000000 151 103 48
-0.059053 4.136302 1.274389 -1.000000 -0.000000 -0.000000 151 103 48
-0.059054 6.283853 1.156283 -1.000000 -0.000000 -0.000000 151 103 48
-0.059053 4.136302 1.156284 -1.000000 -0.000000 -0.000000 151 103 48
0.059053 4.136302 1.274390 -0.000001 0.000000 1.000000 151 103 48
-0.059054 6.283853 1.274389 -0.000001 0.000000 1.000000 151 103 48
-0.059053 4.136302 1.274389 -0.000001 0.000000 1.000000 151 103 48
1.079083 5.269142 1.156283 -0.000000 1.000000 0.000000 151 103 48
-1.079068 5.269141 1.274389 -0.000000 1.000000 0.000000 151 103 48
1.079083 5.269142 1.274389 -0.000000 1.000000 0.000000 151 103 48
1.079083 5.151036 1.156283 -0.000000 0.000000 -1.000000 151 103 48
-1.079068 5.269141 1.156283 -0.000000 0.000000 -1.000000 151 103 48
1.079083 5.269142 1.156283 -0.000000 0.000000 -1.000000 151 103 48
1.079083 5.151036 1.156283 0.000000 -1.000000 0.000000 151 103 48
-1.079068 5.151036 1.274389 0.000000 -1.000000 0.000000 151 103 48
-1.079068 5.151036 1.156283 0.000000 -1.000000 0.000000 151 103 48
1.079083 5.269142 1.274389 0.000000 -0.000000 1.000000 151 103 48
-1.079068 5.151036 1.274389 0.000000 -0.000000 1.000000 151 103 48
1.079083 5.151036 1.274389 0.000000 -0.000000 1.000000 151 103 48
1.593749 6.461011 1.126757 -0.000000 1.000000 0.000000 151 103 48
-1.593750 6.461011 1.303915 -0.000000 1.000000 0.000000 151 103 48
1.593749 6.461011 1.303915 -0.000000 1.000000 0.000000 151 103 48
1.593749 6.283853 1.126757 0.000000 -0.000000 -1.000000 151 103 48
-1.593751 6.461011 1.126757 0.000000 -0.000000 -1.000000 151 103 48
1.593749 6.461011 1.126757 0.000000 -0.000000 -1.000000 151 103 48
1.593749 6.283853 1.126757 0.000000 -1.000000 -0.000000 151 103 48
-1.593750 6.283852 1.303915 0.000000 -1.000000 -0.000000 151 103 48
-1.593751 6.283852 1.126757 0.000000 -1.000000 -0.000000 151 103 48
1.593749 6.461011 1.303915 0.000000 -0.000000 1.000000 151 103 48
-1.593750 6.283852 1.303915 0.000000 -0.000000 1.000000 151 103 48
1.593749 6.283853 1.303915 0.000000 -0.000000 1.000000 151 103 48
-1.593750 6.283852 1.303915 -1.000000 0.000000 0.000001 151 103 48
-1.593751 6.461011 1.126757 -1.000000 0.000000 0.000001 151 103 48
-1.593751 6.283852 1.126757 -1.000000 0.000000 0.000001 151 103 48
1.593749 6.461011 1.303915 1.000000 0.000000 -0.000001 151 103 48
1.593749 6.283853 1.126757 1.000000 0.000000 -0.000001 151 103 48
1.593749 6.461011 1.126757 1.000000 0.000000 -0.000001 151 103 48
1.593749 6.461010 -1.303923 -0.000000 1.000000 0.000000 151 103 48
-1.593751 6.461010 -1.126764 -0.000000 1.000000 0.000000 151 103 48
1.593749 6.461010 -1.126764 -0.000000 1.000000 0.000000 151 103 48
1.593749 6.283852 -1.303923 0.000000 -0.000000 -1.000000 151 103 48
-1.593751 6.461010 -1.303923 0.000000 -0.000000 -1.000000 151 103 48
1.593749 6.461010 -1.303923 0.000000 -0.000000 -1.000000 151 103 48
1.593749 6.283852 -1.303923 0.000000 -1.000000 -0.000000 151 103 48
-1.593751 6.283851 -1.126764 0.000000 -1.000000 -0.000000 151 103 48
-1.593751 6.283851 -1.303923 0.000000 -1.000000 -0.000000 151 103 48
1.593749 6.461010 -1.126764 0.000000 -0.000000 1.000000 151 103 48
-1.593751 6.283851 -1.126764 0.000000 -0.000000 1.000000 151 103 48
1.593749 6.283852 -1.126764 0.000000 -0.000000 1.000000 151 103 48
-1.593751 6.283851 -1.126764 -1.000000 0.000000 0.000001 151 103 48
-1.593751 6.461010 -1.303923 -1.000000 0.000000 0.000001 151 103 48
-1.593751 6.283851 -1.303923 -1.000000 0.000000 0.000001 151 103 48
1.593749 6.461010 -1.126764 1.000000 0.000000 -0.000001 151 103 48
1.593749 6.283852 -1.303923 1.000000 0.000000 -0.000001 151 103 48
1.593749 6.461010 -1.303923 1.000000 0.000000 -0.000001 151 103 48
1.593749 4.136301 -1.303922 0.000000 1.000000 0.000000 151 103 48
-1.593750 4.136301 -1.126764 0.000000 1.000000 0.000000 151 103 48
1.593750 4.136301 -1.126764 0.000000 1.000000 0.000000 151 103 48
1.593749 3.959142 -1.303922 -0.000000 -0.000001 -1.000000 151 103 48
-1.593750 4.136301 -1.303922 -0.000000 -0.000001 -1.000000 151 103 48
1.593749 4.136301 -1.303922 -0.000000 -0.000001 -1.000000 151 103 48
1.593749 3.959142 -1.303922 0.000000 -1.000000 -0.000000 151 103 48
-1.593750 3.959142 -1.126764 0.000000 -1.000000 -0.000000 151 103 48
-1.593750 3.959142 -1.303922 0.000000 -1.000000 -0.000000 151 103 48
1.593750 4.136301 -1.126764 -0.000000 0.000001 1.000000 151 103 48
-1.593750 3.959142 -1.126764 -0.000000 0.000001 1.000000 151 103 48
1.593750 3.959142 -1.126764 -0.000000 0.000001 1.000000 151 103 48
-1.593750 3.959142 -1.126764 -1.000000 0.000000 0.000001 151 103 48
-1.593750 4.136301 -1.303922 -1.000000 0.000000 0.000001 151 103 48
-1.593750 3.959142 -1.303922 -1.000000 0.000000 0.000001 151 103 48
1.593750 4.136301 -1.126764 1.000000 -0.000000 -0.000001 151 103 48
1.593749 3.959142 -1.303922 1.000000 -0.000000 -0.000001 151 103 48
1.593749 4.136301 -1.303922 1.000000 -0.000000 -0.000001 151 103 48
1.593750 4.136302 1.126757 0.000000 1.000000 0.000000 151 103 48
-1.593750 4.136302 1.303916 0.000000 1.000000 0.000000 151 103 48
1.593750 4.136302 1.303916 0.000000 1.000000 0.000000 151 103 48
1.593750 3.959143 1.126757 -0.000000 -0.000001 -1.000000 151 103 48
-1.593750 4.136302 1.126757 -0.000000 -0.000001 -1.000000 151 103 48
1.593750 4.136302 1.126757 -0.000000 -0.000001 -1.000000 151 103 48
1.593750 3.959143 1.126757 0.000000 -1.000000 -0.000000 151 103 48
-1.593750 3.959143 1.303916 0.000000 -1.000000 -0.000000 151 103 48
-1.593750 3.959143 1.126757 0.000000 -1.000000 -0.000000 151 103 48
1.593750 4.136302 1.303916 -0.000000 0.000001 1.000000 151 103 48
-1.593750 3.959143 1.303916 -0.000000 0.000001 1.000000 151 103 48
1.593750 3.959143 1.303916 -0.000000 0.000001 1.000000 151 103 48
-1.593750 3.959143 1.303916 -1.000000 0.000000 0.000001 151 103 48
-1.593750 4.136302 1.126757 -1.000000 0.000000 0.000001 151 103 48
-1.593750 3.959143 1.126757 -1.000000 0.000000 0.000001 151 103 48
1.593750 4.136302 1.303916 1.000000 -0.000000 -0.000001 151 103 48
1.593750 3.959143 1.126757 1.000000 -0.000000 -0.000001 151 103 48
1.593750 4.136302 1.126757 1.000000 -0.000000 -0.000001 151 103 48
1.303907 2.909791 -1.312948 -0.000000 0.339569 -0.940581 255 255 255
1.126749 3.055498 -1.260345 -0.000000 0.339569 -0.940581 255 255 255
1.303907 3.055497 -1.260345 -0.000000 0.339569 -0.940581 255 255 255
1.126749 3.055498 -1.260345 0.000000 0.463338 -0.886182 255 255 255
1.303907 3.194122 -1.187866 0.000000 0.463338 -0.886182 255 255 255
1.303907 3.055497 -1.260345 0.000000 0.463338 -0.886182 255 255 255
1.126749 3.194122 -1.187865 -0.000000 0.576273 -0.817257 255 255 255
1.303907 3.323477 -1.096653 -0.000000 0.576273 -0.817257 255 255 255
1.303907 3.194122 -1.187866 -0.000000 0.576273 -0.817257 255 255 255
1.126749 3.323477 -1.096653 -0.000001 0.676733 -0.736228 255 255 255
1.303907 3.441524 -0.988146 -0.000001 0.676733 -0.736228 255 255 255
1.303907 3.323477 -1.096653 -0.000001 0.676733 -0.736228 255 255 255
1.126748 3.441524 -0.988146 0.000000 0.763761 -0.645499 255 255 255
1.303907 3.546400 -0.864055 0.000000 0.763761 -0.645499 255 255 255
1.303907 3.441524 -0.988146 0.000000 0.763761 -0.645499 255 255 255
1.126749 3.546400 -0.864055 -0.000001 0.836953 -0.547275 255 255 255
1.303907 3.636452 -0.726338 -0.000001 0.836953 -0.547275 255 255 255
1.303907 3.546400 -0.864055 -0.000001 0.836953 -0.547275 255 255 255
1.126749 3.636452 -0.726338 0.000000 0.896291 -0.443467 255 255 255
1.303907 3.710259 -0.577167 0.000000 0.896291 -0.443467 255 255 255
1.303907 3.636452 -0.726338 0.000000 0.896291 -0.443467 255 255 255
1.126748 3.710259 -0.577166 -0.000001 0.941983 -0.335661 255 255 255
1.303907 3.766657 -0.418893 -0.000001 0.941983 -0.335661 255 255 255
1.303907 3.710259 -0.577167 -0.000001 0.941983 -0.335661 255 255 255
1.126749 3.766658 -0.418892 0.000002 0.974324 -0.225150 255 255 255
1.303907 3.804758 -0.254013 0.000002 0.974324 -0.225150 255 255 255
1.303907 3.766657 -0.418893 0.000002 0.974324 -0.225150 255 255 255
1.126749 3.804758 -0.254013 -0.000000 0.993598 -0.112972 255 255 255
1.303907 3.823961 -0.085127 -0.000000 0.993598 -0.112972 255 255 255
1.303907 3.804758 -0.254013 -0.000000 0.993598 -0.112972 255 255 255
1.126749 3.823961 -0.085127 0.000000 1.000000 0.000000 255 255 255
1.303907 3.823961 0.085100 0.000000 1.000000 0.000000 255 255 255
1.303907 3.823961 -0.085127 0.000000 1.000000 0.000000 255 255 255
1.126749 3.823961 0.085101 0.000000 0.993598 0.112969 255 255 255
1.303907 3.804759 0.253986 0.000000 0.993598 0.112969 255 255 255
1.303907 3.823961 0.085100 0.000000 0.993598 0.112969 255 255 255
1.126749 3.804759 0.253986 0.000001 0.974325 0.225147 255 255 255
1.303907 3.766658 0.418866 0.000001 0.974325 0.225147 255 255 255
1.303907 3.804759 0.253986 0.000001 0.974325 0.225147 255 255 255
1.126749 3.766658 0.418866 0.000001 0.941984 0.335658 255 255 255
1.303907 3.710260 0.577140 0.000001 0.941984 0.335658 255 255 255
1.303907 3.766658 0.418866 0.000001 0.941984 0.335658 255 255 255
1.126749 3.710260 0.577140 -0.000001 0.896291 0.443467 255 255 255
1.303907 3.636453 0.726312 -0.000001 0.896291 0.443467 255 255 255
1.303907 3.710260 0.577140 -0.000001 0.896291 0.443467 255 255 255
1.126749 3.636453 0.726312 -0.000001 0.836954 0.547274 255 255 255
1.303907 3.546402 0.864029 -0.000001 0.836954 0.547274 255 255 255
1.303907 3.636453 0.726312 -0.000001 0.836954 0.547274 255 255 255
1.126749 3.546401 0.864029 0.000001 0.763762 0.645498 255 255 255
1.303907 3.441525 0.988120 0.000001 0.763762 0.645498 255 255 255
1.303907 3.546402 0.864029 0.000001 0.763762 0.645498 255 255 255
1.126749 3.441525 0.988120 0.000001 0.676735 0.736227 255 255 255
1.303907 3.323479 1.096627 0.000001 0.676735 0.736227 255 255 255
1.303907 3.441525 0.988120 0.000001 0.676735 0.736227 255 255 255
1.126749 3.323479 1.096628 0.000001 0.576277 0.817255 255 255 255
1.303907 3.194124 1.187840 0.000001 0.576277 0.817255 255 255 255
1.303907 3.323479 1.096627 0.000001 0.576277 0.817255 255 255 255
1.126749 3.194124 1.187840 -0.000001 0.463339 0.886181 255 255 255
1.303907 3.055500 1.260320 -0.000001 0.463339 0.886181 255 255 255
1.303907 3.194124 1.187840 -0.000001 0.463339 0.886181 255 255 255
1.126749 3.055500 1.260320 0.000001 0.339571 0.940580 255 255 255
1.303908 2.909793 1.312923 0.000001 0.339571 0.940580 255 255 255
1.303907 3.055500 1.260320 0.000001 0.339571 0.940580 255 255 255
1.303907 2.865733 -1.122290 1.000000 -0.000000 0.000001 255 255 255
1.303907 3.055497 -1.260345 1.000000 -0.000000 0.000001 255 255 255
1.303907 2.990282 -1.077326 1.000000 -0.000000 0.000001 255 255 255
1.303907 3.194122 -1.187866 1.000000 -0.000000 0.000001 255 255 255
1.303907 3.108775 -1.015372 1.000000 -0.000000 0.000001 255 255 255
1.303907 3.323477 -1.096653 1.000000 -0.000000 0.000001 255 255 255
1.303907 3.219347 -0.937404 1.000000 -0.000000 0.000001 255 255 255
1.303907 3.219347 -0.937404 1.000000 0.000000 -0.000001 255 255 255
1.303907 3.441524 -0.988146 1.000000 0.000000 -0.000001 255 255 255
1.303907 3.320251 -0.844654 1.000000 0.000000 -0.000001 255 255 255
1.303907 3.320251 -0.844654 1.000000 0.000001 0.000001 255 255 255
1.303907 3.546400 -0.864055 1.000000 0.000001 0.000001 255 255 255
1.303907 3.409898 -0.738583 1.000000 0.000001 0.000001 255 255 255
1.303907 3.409898 -0.738583 1.000000 0.000000 0.000000 255 255 255
1.303907 3.636452 -0.726338 1.000000 0.000000 0.000000 255 255 255
1.303907 3.486872 -0.620865 1.000000 0.000000 0.000000 255 255 255
1.303907 3.486872 -0.620865 1.000000 0.000001 -0.000000 255 255 255
1.303907 3.710259 -0.577167 1.000000 0.000001 -0.000000 255 255 255
1.303907 3.549962 -0.493355 1.000000 0.000001 -0.000000 255 255 255
1.303907 3.549962 -0.493355 1.000000 0.000000 0.000000 255 255 255
1.303907 3.766657 -0.418893 1.000000 0.000000 0.000000 255 255 255
1.303907 3.598171 -0.358065 1.000000 0.000000 0.000000 255 255 255
1.303907 3.804758 -0.254013 1.000000 0.000000 0.000000 255 255 255
1.303907 3.630739 -0.217128 1.000000 0.000000 0.000000 255 255 255
1.303907 3.630739 -0.217128 1.000000 -0.000000 -0.000001 255 255 255
1.303907 3.823961 -0.085127 1.000000 -0.000000 -0.000001 255 255 255
1.303907 3.647152 -0.072767 1.000000 -0.000000 -0.000001 255 255 255
1.303907 3.647152 -0.072767 1.000000 -0.000000 0.000001 255 255 255
1.303907 3.823961 0.085100 1.000000 -0.000000 0.000001 255 255 255
1.303907 3.647152 0.072741 1.000000 -0.000000 0.000001 255 255 255
1.303907 3.823961 0.085100 1.000000 0.000000 -0.000001 255 255 255
1.303907 3.630739 0.217102 1.000000 0.000000 -0.000001 255 255 255
1.303907 3.647152 0.072741 1.000000 0.000000 -0.000001 255 255 255
1.303907 3.804759 0.253986 1.000000 -0.000000 -0.000000 255 255 255
1.303907 3.598171 0.358038 1.000000 -0.000000 -0.000000 255 255 255
1.303907 3.630739 0.217102 1.000000 -0.000000 -0.000000 255 255 255
1.303907 3.766658 0.418866 1.000000 -0.000000 -0.000000 255 255 255
1.303907 3.549963 0.493329 1.000000 -0.000000 -0.000000 255 255 255
1.303907 3.710260 0.577140 1.000000 0.000000 -0.000001 255 255 255
1.303907 3.486874 0.620839 1.000000 0.000000 -0.000001 255 255 255
1.303907 3.549963 0.493329 1.000000 0.000000 -0.000001 255 255 255
1.303907 3.636453 0.726312 1.000000 0.000000 0.000001 255 255 255
1.303907 3.409899 0.738557 1.000000 0.000000 0.000001 255 255 255
1.303907 3.486874 0.620839 1.000000 0.000000 0.000001 255 255 255
1.303907 3.546402 0.864029 1.000000 0.000001 -0.000001 255 255 255
1.303907 3.320252 0.844628 1.000000 0.000001 -0.000001 255 255 255
1.303907 3.409899 0.738557 1.000000 0.000001 -0.000001 255 255 255
1.303907 3.441525 0.988120 1.000000 0.000001 -0.000001 255 255 255
1.303907 3.219348 0.937379 1.000000 0.000001 -0.000001 255 255 255
1.303907 3.323479 1.096627 1.000000 0.000000 -0.000000 255 255 255
1.303907 3.108777 1.015346 1.000000 0.000000 -0.000000 255 255 255
1.303907 3.219348 0.937379 1.000000 0.000000 -0.000000 255 255 255
1.303907 3.194124 1.187840 1.000000 0.000000 -0.000000 255 255 255
1.303907 2.990283 1.077301 1.000000 0.000000 -0.000000 255 255 255
1.303907 3.055500 1.260320 1.000000 0.000000 -0.000000 255 255 255
1.303907 2.865736 1.122266 1.000000 0.000000 -0.000000 255 255 255
1.303907 2.865733 -1.122290 0.000000 -0.339568 0.940581 255 255 255
1.126749 2.990282 -1.077326 0.000000 -0.339568 0.940581 255 255 255
1.126749 2.865733 -1.122290 0.000000 -0.339568 0.940581 255 255 255
1.303907 2.990282 -1.077326 0.000001 -0.463338 0.886181 255 255 255
1.126749 3.108775 -1.015372 0.000001 -0.463338 0.886181 255 255 255
1.126749 2.990282 -1.077326 0.000001 -0.463338 0.886181 255 255 255
1.303907 3.108775 -1.015372 0.000000 -0.576273 0.817257 255 255 255
1.126749 3.219347 -0.937404 0.000000 -0.576273 0.817257 255 255 255
1.126749 3.108775 -1.015372 0.000000 -0.576273 0.817257 255 255 255
1.303907 3.219347 -0.937404 0.000000 -0.676734 0.736228 255 255 255
1.126749 3.320251 -0.844654 0.000000 -0.676734 0.736228 255 255 255
1.126749 3.219347 -0.937404 0.000000 -0.676734 0.736228 255 255 255
1.303907 3.320251 -0.844654 0.000000 -0.763760 0.645500 255 255 255
1.126748 3.409898 -0.738583 0.000000 -0.763760 0.645500 255 255 255
1.126749 3.320251 -0.844654 0.000000 -0.763760 0.645500 255 255 255
1.303907 3.409898 -0.738583 0.000000 -0.836953 0.547275 255 255 255
1.126748 3.486872 -0.620865 0.000000 -0.836953 0.547275 255 255 255
1.126748 3.409898 -0.738583 0.000000 -0.836953 0.547275 255 255 255
1.303907 3.486872 -0.620865 0.000000 -0.896291 0.443467 255 255 255
1.126749 3.549962 -0.493355 0.000000 -0.896291 0.443467 255 255 255
1.126748 3.486872 -0.620865 0.000000 -0.896291 0.443467 255 255 255
1.303907 3.549962 -0.493355 -0.000000 -0.941982 0.335662 255 255 255
1.126749 3.598171 -0.358065 -0.000000 -0.941982 0.335662 255 255 255
1.126749 3.549962 -0.493355 -0.000000 -0.941982 0.335662 255 255 255
1.303907 3.598171 -0.358065 0.000000 -0.974324 0.225151 255 255 255
1.126749 3.630739 -0.217128 0.000000 -0.974324 0.225151 255 255 255
1.126749 3.598171 -0.358065 0.000000 -0.974324 0.225151 255 255 255
1.303907 3.630739 -0.217128 0.000000 -0.993599 0.112968 255 255 255
1.126749 3.647152 -0.072767 0.000000 -0.993599 0.112968 255 255 255
1.126749 3.630739 -0.217128 0.000000 -0.993599 0.112968 255 255 255
1.303907 3.647152 -0.072767 0.000000 -1.000000 0.000000 255 255 255
1.126749 3.647152 0.072741 0.000000 -1.000000 0.000000 255 255 255
1.126749 3.647152 -0.072767 0.000000 -1.000000 0.000000 255 255 255
1.303907 3.647152 0.072741 0.000000 -0.993599 -0.112968 255 255 255
1.126749 3.630739 0.217102 0.000000 -0.993599 -0.112968 255 255 255
1.126749 3.647152 0.072741 0.000000 -0.993599 -0.112968 255 255 255
1.303907 3.630739 0.217102 -0.000000 -0.974325 -0.225146 255 255 255
1.126749 3.598171 0.358038 -0.000000 -0.974325 -0.225146 255 255 255
1.126749 3.630739 0.217102 -0.000000 -0.974325 -0.225146 255 255 255
1.303907 3.598171 0.358038 0.000000 -0.941983 -0.335661 255 255 255
1.126749 3.549963 0.493329 0.000000 -0.941983 -0.335661 255 255 255
1.126749 3.598171 0.358038 0.000000 -0.941983 -0.335661 255 255 255
1.303907 3.549963 0.493329 0.000000 -0.896291 -0.443465 255 255 255
1.126749 3.486874 0.620839 0.000000 -0.896291 -0.443465 255 255 255
1.126749 3.549963 0.493329 0.000000 -0.896291 -0.443465 255 255 255
1.303907 3.486874 0.620839 0.000000 -0.836954 -0.547273 255 255 255
1.126749 3.409899 0.738557 0.000000 -0.836954 -0.547273 255 255 255
1.126749 3.486874 0.620839 0.000000 -0.836954 -0.547273 255 255 255
1.303907 3.409899 0.738557 -0.000000 -0.763762 -0.645498 255 255 255
1.126749 3.320252 0.844628 -0.000000 -0.763762 -0.645498 255 255 255
1.126749 3.409899 0.738557 -0.000000 -0.763762 -0.645498 255 255 255
1.303907 3.320252 0.844628 -0.000000 -0.676734 -0.736227 255 255 255
1.126749 3.219348 0.937379 -0.000000 -0.676734 -0.736227 255 255 255
1.126749 3.320252 0.844628 -0.000000 -0.676734 -0.736227 255 255 255
1.303907 3.219348 0.937379 -0.000000 -0.576276 -0.817255 255 255 255
1.126749 3.108777 1.015346 -0.000000 -0.576276 -0.817255 255 255 255
1.126749 3.219348 0.937379 -0.000000 -0.576276 -0.817255 255 255 255
1.303907 3.108777 1.015346 0.000000 -0.463340 -0.886180 255 255 255
1.126749 2.990283 1.077301 0.000000 -0.463340 -0.886180 255 255 255
1.126749 3.108777 1.015346 0.000000 -0.463340 -0.886180 255 255 255
1.303907 2.990283 1.077301 -0.000001 -0.339572 -0.940580 255 255 255
1.126749 2.865736 1.122266 -0.000001 -0.339572 -0.940580 255 255 255
1.126749 2.990283 1.077301 -0.000001 -0.339572 -0.940580 255 255 255
1.126749 2.865733 -1.122290 -1.000000 0.000001 0.000001 255 255 255
1.126749 3.055498 -1.260345 -1.000000 0.000001 0.000001 255 255 255
1.126748 2.909791 -1.312948 -1.000000 0.000001 0.000001 255 255 255
1.126749 2.990282 -1.077326 -1.000000 0.000000 0.000000 255 255 255
1.126749 3.194122 -1.187865 -1.000000 0.000000 0.000000 255 255 255
1.126749 3.055498 -1.260345 -1.000000 0.000000 0.000000 255 255 255
1.126749 3.108775 -1.015372 -1.000000 0.000000 0.000000 255 255 255
1.126749 3.323477 -1.096653 -1.000000 0.000000 0.000000 255 255 255
1.126749 3.219347 -0.937404 -1.000000 -0.000001 -0.000000 255 255 255
1.126748 3.441524 -0.988146 -1.000000 -0.000001 -0.000000 255 255 255
1.126749 3.323477 -1.096653 -1.000000 -0.000001 -0.000000 255 255 255
1.126749 3.320251 -0.844654 -1.000000 -0.000000 0.000001 255 255 255
1.126749 3.546400 -0.864055 -1.000000 -0.000000 0.000001 255 255 255
1.126748 3.441524 -0.988146 -1.000000 -0.000000 0.000001 255 255 255
1.126748 3.409898 -0.738583 -1.000000 0.000001 -0.000000 255 255 255
1.126749 3.636452 -0.726338 -1.000000 0.000001 -0.000000 255 255 255
1.126749 3.546400 -0.864055 -1.000000 0.000001 -0.000000 255 255 255
1.126748 3.486872 -0.620865 -1.000000 0.000000 -0.000001 255 255 255
1.126748 3.710259 -0.577166 -1.000000 0.000000 -0.000001 255 255 255
1.126749 3.636452 -0.726338 -1.000000 0.000000 -0.000001 255 255 255
1.126749 3.549962 -0.493355 -1.000000 -0.000000 0.000001 255 255 255
1.126749 3.766658 -0.418892 -1.000000 -0.000000 0.000001 255 255 255
1.126748 3.710259 -0.577166 -1.000000 -0.000000 0.000001 255 255 255
1.126749 3.598171 -0.358065 -1.000000 -0.000000 0.000000 255 255 255
1.126749 3.804758 -0.254013 -1.000000 -0.000000 0.000000 255 255 255
1.126749 3.766658 -0.418892 -1.000000 -0.000000 0.000000 255 255 255
1.126749 3.630739 -0.217128 -1.000000 -0.000000 0.000000 255 255 255
1.126749 3.823961 -0.085127 -1.000000 -0.000000 0.000000 255 255 255
1.126749 3.647152 0.072741 -1.000000 0.000000 -0.000000 255 255 255
1.126749 3.823961 0.085101 -1.000000 0.000000 -0.000000 255 255 255
1.126749 3.823961 0.085101 -1.000000 -0.000000 0.000001 255 255 255
1.126749 3.630739 0.217102 -1.000000 -0.000000 0.000001 255 255 255
1.126749 3.804759 0.253986 -1.000000 -0.000000 0.000001 255 255 255
1.126749 3.804759 0.253986 -1.000000 -0.000000 -0.000001 255 255 255
1.126749 3.598171 0.358038 -1.000000 -0.000000 -0.000001 255 255 255
1.126749 3.766658 0.418866 -1.000000 -0.000000 -0.000001 255 255 255
1.126749 3.766658 0.418866 -1.000000 0.000000 0.000001 255 255 255
1.126749 3.549963 0.493329 -1.000000 0.000000 0.000001 255 255 255
1.126749 3.710260 0.577140 -1.000000 0.000000 0.000001 255 255 255
1.126749 3.710260 0.577140 -1.000000 0.000000 -0.000000 255 255 255
1.126749 3.486874 0.620839 -1.000000 0.000000 -0.000000 255 255 255
1.126749 3.636453 0.726312 -1.000000 0.000000 -0.000000 255 255 255
1.126749 3.409899 0.738557 -1.000000 0.000000 -0.000000 255 255 255
1.126749 3.546401 0.864029 -1.000000 0.000000 -0.000000 255 255 255
1.126749 3.546401 0.864029 -1.000000 -0.000001 0.000000 255 255 255
1.126749 3.320252 0.844628 -1.000000 -0.000001 0.000000 255 255 255
1.126749 3.441525 0.988120 -1.000000 -0.000001 0.000000 255 255 255
1.126749 3.441525 0.988120 -1.000000 -0.000000 -0.000000 255 255 255
1.126749 3.219348 0.937379 -1.000000 -0.000000 -0.000000 255 255 255
1.126749 3.323479 1.096628 -1.000000 -0.000000 -0.000000 255 255 255
1.126749 3.323479 1.096628 -1.000000 -0.000000 -0.000001 255 255 255
1.126749 3.108777 1.015346 -1.000000 -0.000000 -0.000001 255 255 255
1.126749 3.194124 1.187840 -1.000000 -0.000000 -0.000001 255 255 255
1.126749 2.990283 1.077301 -1.000000 -0.000000 -0.000001 255 255 255
1.126749 3.055500 1.260320 -1.000000 -0.000000 -0.000001 255 255 255
1.126749 3.055500 1.260320 -1.000000 -0.000001 0.000001 255 255 255
1.126749 2.865736 1.122266 -1.000000 -0.000001 0.000001 255 255 255
1.126749 2.909793 1.312923 -1.000000 -0.000001 0.000001 255 255 255
-1.303912 2.909791 -1.312948 -0.000001 0.339569 -0.940581 255 255 255
-1.126753 3.055497 -1.260345 -0.000001 0.339569 -0.940581 255 255 255
-1.126753 2.909791 -1.312948 -0.000001 0.339569 -0.940581 255 255 255
-1.303912 3.055498 -1.260345 0.000001 0.463338 -0.886182 255 255 255
-1.126753 3.194122 -1.187866 0.000001 0.463338 -0.886182 255 255 255
-1.126753 3.055497 -1.260345 0.000001 0.463338 -0.886182 255 255 255
-1.303912 3.194122 -1.187865 -0.000001 0.576273 -0.817257 255 255 255
-1.126753 3.323477 -1.096653 -0.000001 0.576273 -0.817257 255 255 255
-1.126753 3.194122 -1.187866 -0.000001 0.576273 -0.817257 255 255 255
-1.303912 3.323477 -1.096653 -0.000000 0.676733 -0.736229 255 255 255
-1.126753 3.441524 -0.988146 -0.000000 0.676733 -0.736229 255 255 255
-1.126753 3.323477 -1.096653 -0.000000 0.676733 -0.736229 255 255 255
-1.303912 3.441524 -0.988146 0.000000 0.763761 -0.645499 255 255 255
-1.126753 3.546400 -0.864055 0.000000 0.763761 -0.645499 255 255 255
-1.126753 3.441524 -0.988146 0.000000 0.763761 -0.645499 255 255 255
-1.303912 3.546400 -0.864055 -0.000001 0.836953 -0.547275 255 255 255
-1.126753 3.636452 -0.726338 -0.000001 0.836953 -0.547275 255 255 255
-1.126753 3.546400 -0.864055 -0.000001 0.836953 -0.547275 255 255 255
-1.303912 3.636452 -0.726338 0.000000 0.896291 -0.443467 255 255 255
-1.126753 3.710259 -0.577167 0.000000 0.896291 -0.443467 255 255 255
-1.126753 3.636452 -0.726338 0.000000 0.896291 -0.443467 255 255 255
-1.303912 3.710259 -0.577166 -0.000001 0.941983 -0.335661 255 255 255
-1.126753 3.766657 -0.418893 -0.000001 0.941983 -0.335661 255 255 255
-1.126753 3.710259 -0.577167 -0.000001 0.941983 -0.335661 255 255 255
-1.303912 3.766658 -0.418892 0.000002 0.974324 -0.225150 255 255 255
-1.126753 3.804758 -0.254013 0.000002 0.974324 -0.225150 255 255 255
-1.126753 3.766657 -0.418893 0.000002 0.974324 -0.225150 255 255 255
-1.303912 3.804758 -0.254013 -0.000000 0.993598 -0.112972 255 255 255
-1.126753 3.823961 -0.085127 -0.000000 0.993598 -0.112972 255 255 255
-1.126753 3.804758 -0.254013 -0.000000 0.993598 -0.112972 255 255 255
-1.303912 3.823961 -0.085127 0.000000 1.000000 -0.000000 255 255 255
-1.126753 3.823961 0.085100 0.000000 1.000000 -0.000000 255 255 255
-1.126753 3.823961 -0.085127 0.000000 1.000000 -0.000000 255 255 255
-1.303912 3.823961 0.085101 0.000000 0.993598 0.112969 255 255 255
-1.126753 3.804759 0.253986 0.000000 0.993598 0.112969 255 255 255
-1.126753 3.823961 0.085100 0.000000 0.993598 0.112969 255 255 255
-1.303911 3.804759 0.253986 0.000001 0.974325 0.225147 255 255 255
-1.126753 3.766658 0.418866 0.000001 0.974325 0.225147 255 255 255
-1.126753 3.804759 0.253986 0.000001 0.974325 0.225147 255 255 255
-1.303912 3.766658 0.418866 0.000001 0.941984 0.335658 255 255 255
-1.126753 3.710260 0.577140 0.000001 0.941984 0.335658 255 255 255
-1.126753 3.766658 0.418866 0.000001 0.941984 0.335658 255 255 255
-1.303911 3.710260 0.577140 -0.000001 0.896291 0.443467 255 255 255
-1.126753 3.636453 0.726312 -0.000001 0.896291 0.443467 255 255 255
-1.126753 3.710260 0.577140 -0.000001 0.896291 0.443467 255 255 255
-1.303911 3.636453 0.726312 -0.000001 0.836954 0.547274 255 255 255
-1.126753 3.546402 0.864029 -0.000001 0.836954 0.547274 255 255 255
-1.126753 3.636453 0.726312 -0.000001 0.836954 0.547274 255 255 255
-1.303911 3.546401 0.864029 0.000001 0.763762 0.645498 255 255 255
-1.126753 3.441525 0.988120 0.000001 0.763762 0.645498 255 255 255
-1.126753 3.546402 0.864029 0.000001 0.763762 0.645498 255 255 255
-1.303911 3.441525 0.988120 0.000001 0.676735 0.736227 255 255 255
-1.126753 3.323479 1.096627 0.000001 0.676735 0.736227 255 255 255
-1.126753 3.441525 0.988120 0.000001 0.676735 0.736227 255 255 255
-1.303911 3.323479 1.096628 0.000001 0.576276 0.817255 255 255 255
-1.126753 3.194124 1.187840 0.000001 0.576276 0.817255 255 255 255
-1.126753 3.323479 1.096627 0.000001 0.576276 0.817255 255 255 255
-1.303911 3.194124 1.187840 0.000001 0.463340 0.886181 255 255 255
-1.126753 3.055500 1.260320 0.000001 0.463340 0.886181 255 255 255
-1.126753 3.194124 1.187840 0.000001 0.463340 0.886181 255 255 255
-1.303911 3.055500 1.260320 0.000001 0.339571 0.940580 255 255 255
-1.126753 2.909793 1.312923 0.000001 0.339571 0.940580 255 255 255
-1.126753 3.055500 1.260320 0.000001 0.339571 0.940580 255 255 255
-1.126753 2.865733 -1.122290 1.000000 -0.000000 0.000001 255 255 255
-1.126753 3.055497 -1.260345 1.000000 -0.000000 0.000001 255 255 255
-1.126753 2.990282 -1.077326 1.000000 -0.000000 0.000001 255 255 255
-1.126753 3.194122 -1.187866 1.000000 -0.000000 0.000001 255 255 255
-1.126753 3.108775 -1.015371 1.000000 -0.000000 0.000001 255 255 255
-1.126753 3.323477 -1.096653 1.000000 -0.000000 0.000001 255 255 255
-1.126753 3.219347 -0.937404 1.000000 -0.000000 0.000001 255 255 255
-1.126753 3.219347 -0.937404 1.000000 0.000000 -0.000001 255 255 255
-1.126753 3.441524 -0.988146 1.000000 0.000000 -0.000001 255 255 255
-1.126753 3.320251 -0.844654 1.000000 0.000000 -0.000001 255 255 255
-1.126753 3.320251 -0.844654 1.000000 0.000001 0.000001 255 255 255
-1.126753 3.546400 -0.864055 1.000000 0.000001 0.000001 255 255 255
-1.126753 3.409898 -0.738583 1.000000 0.000001 0.000001 255 255 255
-1.126753 3.409898 -0.738583 1.000000 0.000000 0.000000 255 255 255
-1.126753 3.636452 -0.726338 1.000000 0.000000 0.000000 255 255 255
-1.126753 3.486872 -0.620865 1.000000 0.000000 0.000000 255 255 255
-1.126753 3.486872 -0.620865 1.000000 0.000001 -0.000000 255 255 255
-1.126753 3.710259 -0.577167 1.000000 0.000001 -0.000000 255 255 255
-1.126753 3.549962 -0.493355 1.000000 0.000001 -0.000000 255 255 255
-1.126753 3.549962 -0.493355 1.000000 0.000000 0.000000 255 255 255
-1.126753 3.766657 -0.418893 1.000000 0.000000 0.000000 255 255 255
-1.126753 3.598171 -0.358065 1.000000 0.000000 0.000000 255 255 255
-1.126753 3.804758 -0.254013 1.000000 0.000000 0.000000 255 255 255
-1.126753 3.630739 -0.217128 1.000000 0.000000 0.000000 255 255 255
-1.126753 3.630739 -0.217128 1.000000 -0.000000 -0.000001 255 255 255
-1.126753 3.823961 -0.085127 1.000000 -0.000000 -0.000001 255 255 255
-1.126753 3.647152 -0.072767 1.000000 -0.000000 -0.000001 255 255 255
-1.126753 3.647152 -0.072767 1.000000 -0.000000 0.000000 255 255 255
-1.126753 3.823961 0.085100 1.000000 -0.000000 0.000000 255 255 255
-1.126753 3.647152 0.072741 1.000000 -0.000000 0.000000 255 255 255
-1.126753 3.823961 0.085100 1.000000 0.000000 -0.000001 255 255 255
-1.126753 3.630739 0.217102 1.000000 0.000000 -0.000001 255 255 255
-1.126753 3.647152 0.072741 1.000000 0.000000 -0.000001 255 255 255
-1.126753 3.804759 0.253986 1.000000 -0.000000 -0.000000 255 255 255
-1.126753 3.598171 0.358038 1.000000 -0.000000 -0.000000 255 255 255
-1.126753 3.630739 0.217102 1.000000 -0.000000 -0.000000 255 255 255
-1.126753 3.766658 0.418866 1.000000 -0.000000 -0.000000 255 255 255
-1.126753 3.549963 0.493329 1.000000 -0.000000 -0.000000 255 255 255
-1.126753 3.710260 0.577140 1.000000 0.000000 -0.000001 255 255 255
-1.126753 3.486874 0.620839 1.000000 0.000000 -0.000001 255 255 255
-1.126753 3.549963 0.493329 1.000000 0.000000 -0.000001 255 255 255
-1.126753 3.636453 0.726312 1.000000 0.000000 0.000001 255 255 255
-1.126753 3.409899 0.738557 1.000000 0.000000 0.000001 255 255 255
-1.126753 3.486874 0.620839 1.000000 0.000000 0.000001 255 255 255
-1.126753 3.546402 0.864029 1.000000 0.000001 -0.000001 255 255 255
-1.126753 3.320252 0.844628 1.000000 0.000001 -0.000001 255 255 255
-1.126753 3.409899 0.738557 1.000000 0.000001 -0.000001 255 255 255
-1.126753 3.441525 0.988120 1.000000 0.000001 -0.000001 255 255 255
-1.126753 3.219348 0.937379 1.000000 0.000001 -0.000001 255 255 255
-1.126753 3.323479 1.096627 1.000000 0.000000 -0.000000 255 255 255
-1.126753 3.108777 1.015346 1.000000 0.000000 -0.000000 255 255 255
-1.126753 3.219348 0.937379 1.000000 0.000000 -0.000000 255 255 255
-1.126753 3.194124 1.187840 1.000000 0.000000 -0.000000 255 255 255
-1.126753 2.990283 1.077301 1.000000 0.000000 -0.000000 255 255 255
-1.126753 3.055500 1.260320 1.000000 0.000000 -0.000000 255 255 255
-1.126753 2.865736 1.122265 1.000000 0.000000 -0.000000 255 255 255
-1.126753 2.865733 -1.122290 0.000001 -0.339568 0.940582 255 255 255
-1.303912 2.990282 -1.077326 0.000001 -0.339568 0.940582 255 255 255
-1.303912 2.865733 -1.122290 0.000001 -0.339568 0.940582 255 255 255
-1.126753 2.990282 -1.077326 0.000000 -0.463339 0.886181 255 255 255
-1.303912 3.108775 -1.015371 0.000000 -0.463339 0.886181 255 255 255
-1.303912 2.990282 -1.077326 0.000000 -0.463339 0.886181 255 255 255
-1.126753 3.108775 -1.015371 0.000000 -0.576273 0.817257 255 255 255
-1.303912 3.219347 -0.937404 0.000000 -0.576273 0.817257 255 255 255
-1.303912 3.108775 -1.015371 0.000000 -0.576273 0.817257 255 255 255
-1.126753 3.219347 -0.937404 0.000000 -0.676734 0.736228 255 255 255
-1.303912 3.320251 -0.844654 0.000000 -0.676734 0.736228 255 255 255
-1.303912 3.219347 -0.937404 0.000000 -0.676734 0.736228 255 255 255
-1.126753 3.320251 -0.844654 0.000000 -0.763761 0.645500 255 255 255
-1.303912 3.409898 -0.738583 0.000000 -0.763761 0.645500 255 255 255
-1.303912 3.320251 -0.844654 0.000000 -0.763761 0.645500 255 255 255
-1.126753 3.409898 -0.738583 0.000000 -0.836953 0.547275 255 255 255
-1.303912 3.486872 -0.620865 0.000000 -0.836953 0.547275 255 255 255
-1.303912 3.409898 -0.738583 0.000000 -0.836953 0.547275 255 255 255
-1.126753 3.486872 -0.620865 -0.000000 -0.896291 0.443467 255 255 255
-1.303912 3.549962 -0.493355 -0.000000 -0.896291 0.443467 255 255 255
-1.303912 3.486872 -0.620865 -0.000000 -0.896291 0.443467 255 255 255
-1.126753 3.549962 -0.493355 -0.000000 -0.941983 0.335662 255 255 255
-1.303912 3.598171 -0.358065 -0.000000 -0.941983 0.335662 255 255 255
-1.303912 3.549962 -0.493355 -0.000000 -0.941983 0.335662 255 255 255
-1.126753 3.598171 -0.358065 0.000000 -0.974324 0.225151 255 255 255
-1.303912 3.630739 -0.217128 0.000000 -0.974324 0.225151 255 255 255
-1.303912 3.598171 -0.358065 0.000000 -0.974324 0.225151 255 255 255
-1.126753 3.630739 -0.217128 0.000000 -0.993599 0.112968 255 255 255
-1.303912 3.647152 -0.072767 0.000000 -0.993599 0.112968 255 255 255
-1.303912 3.630739 -0.217128 0.000000 -0.993599 0.112968 255 255 255
-1.126753 3.647152 -0.072767 0.000000 -1.000000 0.000000 255 255 255
-1.303912 3.647152 0.072741 0.000000 -1.000000 0.000000 255 255 255
-1.303912 3.647152 -0.072767 0.000000 -1.000000 0.000000 255 255 255
-1.126753 3.647152 0.072741 0.000000 -0.993599 -0.112968 255 255 255
-1.303911 3.630739 0.217102 0.000000 -0.993599 -0.112968 255 255 255
-1.303912 3.647152 0.072741 0.000000 -0.993599 -0.112968 255 255 255
-1.126753 3.630739 0.217102 -0.000000 -0.974325 -0.225146 255 255 255
-1.303911 3.598171 0.358038 -0.000000 -0.974325 -0.225146 255 255 255
-1.303911 3.630739 0.217102 -0.000000 -0.974325 -0.225146 255 255 255
-1.126753 3.598171 0.358038 -0.000000 -0.941983 -0.335661 255 255 255
-1.303912 3.549963 0.493329 -0.000000 -0.941983 -0.335661 255 255 255
-1.303911 3.598171 0.358038 -0.000000 -0.941983 -0.335661 255 255 255
-1.126753 3.549963 0.493329 0.000000 -0.896291 -0.443466 255 255 255
-1.303911 3.486874 0.620838 0.000000 -0.896291 -0.443466 255 255 255
-1.303912 3.549963 0.493329 0.000000 -0.896291 -0.443466 255 255 255
-1.126753 3.486874 0.620839 0.000000 -0.836954 -0.547272 255 255 255
-1.303911 3.409899 0.738557 0.000000 -0.836954 -0.547272 255 255 255
-1.303911 3.486874 0.620838 0.000000 -0.836954 -0.547272 255 255 255
-1.126753 3.409899 0.738557 0.000000 -0.763762 -0.645498 255 255 255
-1.303911 3.320252 0.844628 0.000000 -0.763762 -0.645498 255 255 255
-1.303911 3.409899 0.738557 0.000000 -0.763762 -0.645498 255 255 255
-1.126753 3.320252 0.844628 -0.000000 -0.676734 -0.736227 255 255 255
-1.303911 3.219348 0.937379 -0.000000 -0.676734 -0.736227 255 255 255
-1.303911 3.320252 0.844628 -0.000000 -0.676734 -0.736227 255 255 255
-1.126753 3.219348 0.937379 -0.000000 -0.576276 -0.817255 255 255 255
-1.303911 3.108777 1.015346 -0.000000 -0.576276 -0.817255 255 255 255
-1.303911 3.219348 0.937379 -0.000000 -0.576276 -0.817255 255 255 255
-1.126753 3.108777 1.015346 0.000000 -0.463340 -0.886181 255 255 255
-1.303911 2.990283 1.077301 0.000000 -0.463340 -0.886181 255 255 255
-1.303911 3.108777 1.015346 0.000000 -0.463340 -0.886181 255 255 255
-1.126753 2.990283 1.077301 0.000000 -0.339572 -0.940580 255 255 255
-1.303911 2.865736 1.122266 0.000000 -0.339572 -0.940580 255 255 255
-1.303911 2.990283 1.077301 0.000000 -0.339572 -0.940580 255 255 255
-1.303912 2.865733 -1.122290 -1.000000 0.000001 0.000001 255 255 255
-1.303912 3.055498 -1.260345 -1.000000 0.000001 0.000001 255 255 255
-1.303912 2.909791 -1.312948 -1.000000 0.000001 0.000001 255 255 255
-1.303912 2.990282 -1.077326 -1.000000 0.000000 0.000000 255 255 255
-1.303912 3.194122 -1.187865 -1.000000 0.000000 0.000000 255 255 255
-1.303912 3.055498 -1.260345 -1.000000 0.000000 0.000000 255 255 255
-1.303912 3.108775 -1.015371 -1.000000 0.000000 0.000000 255 255 255
-1.303912 3.323477 -1.096653 -1.000000 0.000000 0.000000 255 255 255
-1.303912 3.219347 -0.937404 -1.000000 -0.000001 -0.000000 255 255 255
-1.303912 3.441524 -0.988146 -1.000000 -0.000001 -0.000000 255 255 255
-1.303912 3.323477 -1.096653 -1.000000 -0.000001 -0.000000 255 255 255
-1.303912 3.320251 -0.844654 -1.000000 -0.000000 0.000001 255 255 255
-1.303912 3.546400 -0.864055 -1.000000 -0.000000 0.000001 255 255 255
-1.303912 3.441524 -0.988146 -1.000000 -0.000000 0.000001 255 255 255
-1.303912 3.409898 -0.738583 -1.000000 0.000001 -0.000000 255 255 255
-1.303912 3.636452 -0.726338 -1.000000 0.000001 -0.000000 255 255 255
-1.303912 3.546400 -0.864055 -1.000000 0.000001 -0.000000 255 255 255
-1.303912 3.486872 -0.620865 -1.000000 0.000000 -0.000001 255 255 255
-1.303912 3.710259 -0.577166 -1.000000 0.000000 -0.000001 255 255 255
-1.303912 3.636452 -0.726338 -1.000000 0.000000 -0.000001 255 255 255
-1.303912 3.549962 -0.493355 -1.000000 -0.000000 0.000001 255 255 255
-1.303912 3.766658 -0.418892 -1.000000 -0.000000 0.000001 255 255 255
-1.303912 3.710259 -0.577166 -1.000000 -0.000000 0.000001 255 255 255
-1.303912 3.598171 -0.358065 -1.000000 -0.000000 0.000000 255 255 255
-1.303912 3.804758 -0.254013 -1.000000 -0.000000 0.000000 255 255 255
-1.303912 3.766658 -0.418892 -1.000000 -0.000000 0.000000 255 255 255
-1.303912 3.630739 -0.217128 -1.000000 0.000000 0.000001 255 255 255
-1.303912 3.823961 -0.085127 -1.000000 0.000000 0.000001 255 255 255
-1.303912 3.804758 -0.254013 -1.000000 0.000000 0.000001 255 255 255
-1.303912 3.823961 -0.085127 -1.000000 0.000000 -0.000000 255 255 255
-1.303912 3.647152 0.072741 -1.000000 0.000000 -0.000000 255 255 255
-1.303912 3.823961 0.085101 -1.000000 0.000000 -0.000000 255 255 255
-1.303912 3.823961 0.085101 -1.000000 -0.000000 0.000001 255 255 255
-1.303911 3.630739 0.217102 -1.000000 -0.000000 0.000001 255 255 255
-1.303911 3.804759 0.253986 -1.000000 -0.000000 0.000001 255 255 255
-1.303911 3.804759 0.253986 -1.000000 -0.000000 -0.000001 255 255 255
-1.303911 3.598171 0.358038 -1.000000 -0.000000 -0.000001 255 255 255
-1.303912 3.766658 0.418866 -1.000000 -0.000000 -0.000001 255 255 255
-1.303912 3.766658 0.418866 -1.000000 0.000000 0.000001 255 255 255
-1.303912 3.549963 0.493329 -1.000000 0.000000 0.000001 255 255 255
-1.303911 3.710260 0.577140 -1.000000 0.000000 0.000001 255 255 255
-1.303911 3.710260 0.577140 -1.000000 0.000000 -0.000000 255 255 255
-1.303911 3.486874 0.620838 -1.000000 0.000000 -0.000000 255 255 255
-1.303911 3.636453 0.726312 -1.000000 0.000000 -0.000000 255 255 255
-1.303911 3.409899 0.738557 -1.000000 0.000000 -0.000000 255 255 255
-1.303911 3.546401 0.864029 -1.000000 0.000000 -0.000000 255 255 255
-1.303911 3.546401 0.864029 -1.000000 -0.000001 0.000000 255 255 255
-1.303911 3.320252 0.844628 -1.000000 -0.000001 0.000000 255 255 255
-1.303911 3.441525 0.988120 -1.000000 -0.000001 0.000000 255 255 255
-1.303911 3.441525 0.988120 -1.000000 -0.000000 -0.000000 255 255 255
-1.303911 3.219348 0.937379 -1.000000 -0.000000 -0.000000 255 255 255
-1.303911 3.323479 1.096628 -1.000000 -0.000000 -0.000000 255 255 255
-1.303911 3.323479 1.096628 -1.000000 -0.000000 -0.000001 255 255 255
-1.303911 3.108777 1.015346 -1.000000 -0.000000 -0.000001 255 255 255
-1.303911 3.194124 1.187840 -1.000000 -0.000000 -0.000001 255 255 255
-1.303911 2.990283 1.077301 -1.000000 -0.000000 -0.000001 255 255 255
-1.303911 3.055500 1.260320 -1.000000 -0.000000 -0.000001 255 255 255
-1.303911 3.055500 1.260320 -1.000000 -0.000001 0.000001 255 255 255
-1.303911 2.865736 1.122266 -1.000000 -0.000001 0.000001 255 255 255
-1.303911 2.909793 1.312923 -1.000000 -0.000001 0.000001 255 255 255
1.312935 2.909791 -1.303922 0.940581 0.339570 -0.000001 255 255 255
1.260332 3.055497 -1.126763 0.940581 0.339570 -0.000001 255 255 255
1.312935 2.909791 -1.126763 0.940581 0.339570 -0.000001 255 255 255
1.260332 3.055497 -1.303922 0.886181 0.463339 -0.000001 255 255 255
1.187853 3.194121 -1.126763 0.886181 0.463339 -0.000001 255 255 255
1.260332 3.055497 -1.126763 0.886181 0.463339 -0.000001 255 255 255
1.187853 3.194122 -1.303922 0.817257 0.576273 -0.000000 255 255 255
1.096640 3.323477 -1.126763 0.817257 0.576273 -0.000000 255 255 255
1.187853 3.194121 -1.126763 0.817257 0.576273 -0.000000 255 255 255
1.096640 3.323477 -1.303922 0.736227 0.676734 -0.000001 255 255 255
0.988133 3.441523 -1.126763 0.736227 0.676734 -0.000001 255 255 255
1.096640 3.323477 -1.126763 0.736227 0.676734 -0.000001 255 255 255
0.988133 3.441524 -1.303922 0.645499 0.763761 0.000001 255 255 255
0.864042 3.546400 -1.126763 0.645499 0.763761 0.000001 255 255 255
0.988133 3.441523 -1.126763 0.645499 0.763761 0.000001 255 255 255
0.864042 3.546400 -1.303922 0.547275 0.836953 0.000000 255 255 255
0.726325 3.636451 -1.126764 0.547275 0.836953 0.000000 255 255 255
0.864042 3.546400 -1.126763 0.547275 0.836953 0.000000 255 255 255
0.726325 3.636452 -1.303922 0.443467 0.896291 0.000000 255 255 255
0.577154 3.710259 -1.126764 0.443467 0.896291 0.000000 255 255 255
0.726325 3.636451 -1.126764 0.443467 0.896291 0.000000 255 255 255
0.577153 3.710259 -1.303922 0.335661 0.941983 -0.000001 255 255 255
0.418880 3.766657 -1.126764 0.335661 0.941983 -0.000001 255 255 255
0.577154 3.710259 -1.126764 0.335661 0.941983 -0.000001 255 255 255
0.418879 3.766658 -1.303922 0.225149 0.974324 0.000002 255 255 255
0.254000 3.804758 -1.126764 0.225149 0.974324 0.000002 255 255 255
0.418880 3.766657 -1.126764 0.225149 0.974324 0.000002 255 255 255
0.254000 3.804758 -1.303922 0.112972 0.993598 -0.000000 255 255 255
0.085114 3.823960 -1.126764 0.112972 0.993598 -0.000000 255 255 255
0.254000 3.804758 -1.126764 0.112972 0.993598 -0.000000 255 255 255
0.085114 3.823960 -1.303922 0.000000 1.000000 0.000000 255 255 255
-0.085113 3.823960 -1.126763 0.000000 1.000000 0.000000 255 255 255
0.085114 3.823960 -1.126764 0.000000 1.000000 0.000000 255 255 255
-0.085114 3.823960 -1.303922 -0.112969 0.993599 0.000000 255 255 255
-0.253999 3.804758 -1.126763 -0.112969 0.993599 0.000000 255 255 255
-0.085113 3.823960 -1.126763 -0.112969 0.993599 0.000000 255 255 255
-0.253999 3.804758 -1.303922 -0.225149 0.974324 0.000001 255 255 255
-0.418879 3.766658 -1.126763 -0.225149 0.974324 0.000001 255 255 255
-0.253999 3.804758 -1.126763 -0.225149 0.974324 0.000001 255 255 255
-0.418879 3.766658 -1.303922 -0.335658 0.941984 0.000001 255 255 255
-0.577153 3.710260 -1.126763 -0.335658 0.941984 0.000001 255 255 255
-0.418879 3.766658 -1.126763 -0.335658 0.941984 0.000001 255 255 255
-0.577153 3.710259 -1.303922 -0.443467 0.896291 -0.000002 255 255 255
-0.726324 3.636452 -1.126763 -0.443467 0.896291 -0.000002 255 255 255
-0.577153 3.710260 -1.126763 -0.443467 0.896291 -0.000002 255 255 255
-0.726325 3.636452 -1.303922 -0.547274 0.836954 -0.000001 255 255 255
-0.864042 3.546401 -1.126763 -0.547274 0.836954 -0.000001 255 255 255
-0.726324 3.636452 -1.126763 -0.547274 0.836954 -0.000001 255 255 255
-0.864042 3.546401 -1.303922 -0.645498 0.763762 0.000000 255 255 255
-0.988133 3.441525 -1.126763 -0.645498 0.763762 0.000000 255 255 255
-0.864042 3.546401 -1.126763 -0.645498 0.763762 0.000000 255 255 255
-0.988133 3.441525 -1.303922 -0.736227 0.676735 0.000000 255 255 255
-1.096640 3.323478 -1.126763 -0.736227 0.676735 0.000000 255 255 255
-0.988133 3.441525 -1.126763 -0.736227 0.676735 0.000000 255 255 255
-1.096640 3.323478 -1.303922 -0.817256 0.576275 0.000000 255 255 255
-1.187853 3.194123 -1.126763 -0.817256 0.576275 0.000000 255 255 255
-1.096640 3.323478 -1.126763 -0.817256 0.576275 0.000000 255 255 255
-1.187853 3.194123 -1.303922 -0.886181 0.463339 0.000001 255 255 255
-1.260332 3.055499 -1.126763 -0.886181 0.463339 0.000001 255 255 255
-1.187853 3.194123 -1.126763 -0.886181 0.463339 0.000001 255 255 255
-1.260333 3.055499 -1.303922 -0.940581 0.339571 0.000001 255 255 255
-1.312936 2.909792 -1.126763 -0.940581 0.339571 0.000001 255 255 255
-1.260332 3.055499 -1.126763 -0.940581 0.339571 0.000001 255 255 255
1.122278 2.865733 -1.126763 0.000001 0.000000 1.000000 255 255 255
1.260332 3.055497 -1.126763 0.000001 0.000000 1.000000 255 255 255
1.077313 2.990281 -1.126763 0.000001 0.000000 1.000000 255 255 255
1.187853 3.194121 -1.126763 0.000001 0.000000 1.000000 255 255 255
1.015359 3.108775 -1.126763 0.000001 0.000000 1.000000 255 255 255
1.096640 3.323477 -1.126763 0.000001 0.000000 1.000000 255 255 255
0.937392 3.219346 -1.126763 0.000001 0.000000 1.000000 255 255 255
0.937392 3.219346 -1.126763 -0.000001 0.000001 1.000000 255 255 255
0.988133 3.441523 -1.126763 -0.000001 0.000001 1.000000 255 255 255
0.844641 3.320251 -1.126763 -0.000001 0.000001 1.000000 255 255 255
0.844641 3.320251 -1.126763 -0.000000 0.000000 1.000000 255 255 255
0.864042 3.546400 -1.126763 -0.000000 0.000000 1.000000 255 255 255
0.738571 3.409897 -1.126763 -0.000000 0.000000 1.000000 255 255 255
0.738571 3.409897 -1.126763 0.000000 0.000001 1.000000 255 255 255
0.726325 3.636451 -1.126764 0.000000 0.000001 1.000000 255 255 255
0.620852 3.486872 -1.126763 0.000000 0.000001 1.000000 255 255 255
0.620852 3.486872 -1.126763 -0.000001 0.000000 1.000000 255 255 255
0.577154 3.710259 -1.126764 -0.000001 0.000000 1.000000 255 255 255
0.493342 3.549962 -1.126764 -0.000001 0.000000 1.000000 255 255 255
0.493342 3.549962 -1.126764 -0.000000 0.000000 1.000000 255 255 255
0.418880 3.766657 -1.126764 -0.000000 0.000000 1.000000 255 255 255
0.358052 3.598170 -1.126764 -0.000000 0.000000 1.000000 255 255 255
0.254000 3.804758 -1.126764 -0.000000 0.000000 1.000000 255 255 255
0.217115 3.630738 -1.126764 -0.000000 0.000000 1.000000 255 255 255
0.217115 3.630738 -1.126764 0.000001 0.000001 1.000000 255 255 255
0.085114 3.823960 -1.126764 0.000001 0.000001 1.000000 255 255 255
0.072755 3.647151 -1.126763 0.000001 0.000001 1.000000 255 255 255
0.072755 3.647151 -1.126763 -0.000000 -0.000000 1.000000 255 255 255
-0.085113 3.823960 -1.126763 -0.000000 -0.000000 1.000000 255 255 255
-0.072754 3.647151 -1.126763 -0.000000 -0.000000 1.000000 255 255 255
-0.085113 3.823960 -1.126763 0.000001 0.000000 1.000000 255 255 255
-0.217115 3.630738 -1.126763 0.000001 0.000000 1.000000 255 255 255
-0.072754 3.647151 -1.126763 0.000001 0.000000 1.000000 255 255 255
-0.253999 3.804758 -1.126763 -0.000001 0.000000 1.000000 255 255 255
-0.358051 3.598171 -1.126763 -0.000001 0.000000 1.000000 255 255 255
-0.217115 3.630738 -1.126763 -0.000001 0.000000 1.000000 255 255 255
-0.418879 3.766658 -1.126763 0.000001 0.000000 1.000000 255 255 255
-0.493342 3.549962 -1.126763 0.000001 0.000000 1.000000 255 255 255
-0.358051 3.598171 -1.126763 0.000001 0.000000 1.000000 255 255 255
-0.577153 3.710260 -1.126763 -0.000000 0.000001 1.000000 255 255 255
-0.620851 3.486873 -1.126763 -0.000000 0.000001 1.000000 255 255 255
-0.493342 3.549962 -1.126763 -0.000000 0.000001 1.000000 255 255 255
-0.726324 3.636452 -1.126763 -0.000000 0.000001 1.000000 255 255 255
-0.738570 3.409898 -1.126763 -0.000000 0.000001 1.000000 255 255 255
-0.864042 3.546401 -1.126763 0.000000 0.000000 1.000000 255 255 255
-0.844641 3.320252 -1.126763 0.000000 0.000000 1.000000 255 255 255
-0.738570 3.409898 -1.126763 0.000000 0.000000 1.000000 255 255 255
-0.988133 3.441525 -1.126763 0.000001 0.000001 1.000000 255 255 255
-0.937392 3.219347 -1.126763 0.000001 0.000001 1.000000 255 255 255
-0.844641 3.320252 -1.126763 0.000001 0.000001 1.000000 255 255 255
-1.096640 3.323478 -1.126763 -0.000001 0.000000 1.000000 255 255 255
-1.015359 3.108777 -1.126763 -0.000001 0.000000 1.000000 255 255 255
-0.937392 3.219347 -1.126763 -0.000001 0.000000 1.000000 255 255 255
-1.187853 3.194123 -1.126763 0.000000 0.000001 1.000000 255 255 255
-1.077314 2.990283 -1.126763 0.000000 0.000001 1.000000 255 255 255
-1.015359 3.108777 -1.126763 0.000000 0.000001 1.000000 255 255 255
-1.260332 3.055499 -1.126763 -0.000001 0.000000 1.000000 255 255 255
-1.122278 2.865735 -1.126763 -0.000001 0.000000 1.000000 255 255 255
-1.077314 2.990283 -1.126763 -0.000001 0.000000 1.000000 255 255 255
1.122278 2.865733 -1.126763 -0.940581 -0.339570 0.000001 255 255 255
1.077313 2.990281 -1.303922 -0.940581 -0.339570 0.000001 255 255 255
1.122277 2.865733 -1.303922 -0.940581 -0.339570 0.000001 255 255 255
1.077313 2.990281 -1.126763 -0.886182 -0.463338 0.000001 255 255 255
1.015359 3.108775 -1.303922 -0.886182 -0.463338 0.000001 255 255 255
1.077313 2.990281 -1.303922 -0.886182 -0.463338 0.000001 255 255 255
1.015359 3.108775 -1.126763 -0.817257 -0.576274 0.000001 255 255 255
0.937392 3.219346 -1.303922 -0.817257 -0.576274 0.000001 255 255 255
1.015359 3.108775 -1.303922 -0.817257 -0.576274 0.000001 255 255 255
0.937392 3.219346 -1.303922 -0.736228 -0.676734 -0.000000 255 255 255
0.844641 3.320251 -1.126763 -0.736228 -0.676734 -0.000000 255 255 255
0.844641 3.320251 -1.303922 -0.736228 -0.676734 -0.000000 255 255 255
0.844641 3.320251 -1.126763 -0.645500 -0.763760 -0.000000 255 255 255
0.738571 3.409897 -1.303922 -0.645500 -0.763760 -0.000000 255 255 255
0.844641 3.320251 -1.303922 -0.645500 -0.763760 -0.000000 255 255 255
0.738571 3.409897 -1.303922 -0.547275 -0.836953 -0.000000 255 255 255
0.620852 3.486872 -1.126763 -0.547275 -0.836953 -0.000000 255 255 255
0.620852 3.486872 -1.303922 -0.547275 -0.836953 -0.000000 255 255 255
0.620852 3.486872 -1.303922 -0.443467 -0.896291 -0.000000 255 255 255
0.493342 3.549962 -1.126764 -0.443467 -0.896291 -0.000000 255 255 255
0.493342 3.549962 -1.303922 -0.443467 -0.896291 -0.000000 255 255 255
0.493342 3.549962 -1.126764 -0.335661 -0.941983 -0.000000 255 255 255
0.358052 3.598170 -1.303922 -0.335661 -0.941983 -0.000000 255 255 255
0.493342 3.549962 -1.303922 -0.335661 -0.941983 -0.000000 255 255 255
0.358052 3.598170 -1.303922 -0.225151 -0.974324 0.000000 255 255 255
0.217115 3.630738 -1.126764 -0.225151 -0.974324 0.000000 255 255 255
0.217115 3.630738 -1.303922 -0.225151 -0.974324 0.000000 255 255 255
0.217115 3.630738 -1.303922 -0.112968 -0.993599 0.000000 255 255 255
0.072755 3.647151 -1.126763 -0.112968 -0.993599 0.000000 255 255 255
0.072755 3.647151 -1.303922 -0.112968 -0.993599 0.000000 255 255 255
0.072755 3.647151 -1.303922 0.000000 -1.000000 0.000000 255 255 255
-0.072754 3.647151 -1.126763 0.000000 -1.000000 0.000000 255 255 255
-0.072754 3.647151 -1.303922 0.000000 -1.000000 0.000000 255 255 255
-0.072754 3.647151 -1.126763 0.112968 -0.993599 0.000000 255 255 255
-0.217115 3.630738 -1.303922 0.112968 -0.993599 0.000000 255 255 255
-0.072754 3.647151 -1.303922 0.112968 -0.993599 0.000000 255 255 255
-0.217115 3.630738 -1.303922 0.225146 -0.974325 -0.000000 255 255 255
-0.358051 3.598171 -1.126763 0.225146 -0.974325 -0.000000 255 255 255
-0.358051 3.598171 -1.303922 0.225146 -0.974325 -0.000000 255 255 255
-0.358051 3.598171 -1.303922 0.335662 -0.941983 0.000000 255 255 255
-0.493342 3.549962 -1.126763 0.335662 -0.941983 0.000000 255 255 255
-0.493341 3.549962 -1.303922 0.335662 -0.941983 0.000000 255 255 255
-0.493342 3.549962 -1.126763 0.443465 -0.896291 0.000000 255 255 255
-0.620851 3.486873 -1.303922 0.443465 -0.896291 0.000000 255 255 255
-0.493341 3.549962 -1.303922 0.443465 -0.896291 0.000000 255 255 255
-0.620851 3.486873 -1.303922 0.547273 -0.836954 0.000000 255 255 255
-0.738570 3.409898 -1.126763 0.547273 -0.836954 0.000000 255 255 255
-0.738570 3.409898 -1.303922 0.547273 -0.836954 0.000000 255 255 255
-0.738570 3.409898 -1.126763 0.645498 -0.763762 0.000000 255 255 255
-0.844641 3.320252 -1.303922 0.645498 -0.763762 0.000000 255 255 255
-0.738570 3.409898 -1.303922 0.645498 -0.763762 0.000000 255 255 255
-0.844641 3.320252 -1.303922 0.736226 -0.676736 -0.000000 255 255 255
-0.937392 3.219347 -1.126763 0.736226 -0.676736 -0.000000 255 255 255
-0.937392 3.219347 -1.303922 0.736226 -0.676736 -0.000000 255 255 255
-0.937392 3.219347 -1.126763 0.817256 -0.576275 -0.000000 255 255 255
-1.015359 3.108777 -1.303922 0.817256 -0.576275 -0.000000 255 255 255
-0.937392 3.219347 -1.303922 0.817256 -0.576275 -0.000000 255 255 255
-1.015359 3.108777 -1.126763 0.886180 -0.463340 -0.000001 255 255 255
-1.077314 2.990283 -1.303922 0.886180 -0.463340 -0.000001 255 255 255
-1.015359 3.108777 -1.303922 0.886180 -0.463340 -0.000001 255 255 255
-1.077314 2.990283 -1.126763 0.940580 -0.339571 -0.000001 255 255 255
-1.122278 2.865735 -1.303922 0.940580 -0.339571 -0.000001 255 255 255
-1.077314 2.990283 -1.303922 0.940580 -0.339571 -0.000001 255 255 255
1.122277 2.865733 -1.303922 -0.000000 0.000000 -1.000000 255 255 255
1.260332 3.055497 -1.303922 -0.000000 0.000000 -1.000000 255 255 255
1.312935 2.909791 -1.303922 -0.000000 0.000000 -1.000000 255 255 255
1.077313 2.990281 -1.303922 -0.000000 0.000000 -1.000000 255 255 255
1.187853 3.194122 -1.303922 -0.000000 0.000000 -1.000000 255 255 255
1.015359 3.108775 -1.303922 -0.000000 0.000000 -1.000000 255 255 255
1.096640 3.323477 -1.303922 -0.000000 0.000000 -1.000000 255 255 255
0.937392 3.219346 -1.303922 0.000000 -0.000001 -1.000000 255 255 255
0.988133 3.441524 -1.303922 0.000000 -0.000001 -1.000000 255 255 255
1.096640 3.323477 -1.303922 0.000000 -0.000001 -1.000000 255 255 255
0.844641 3.320251 -1.303922 -0.000000 -0.000000 -1.000000 255 255 255
0.864042 3.546400 -1.303922 -0.000000 -0.000000 -1.000000 255 255 255
0.988133 3.441524 -1.303922 -0.000000 -0.000000 -1.000000 255 255 255
0.738571 3.409897 -1.303922 -0.000000 -0.000001 -1.000000 255 255 255
0.726325 3.636452 -1.303922 -0.000000 -0.000001 -1.000000 255 255 255
0.864042 3.546400 -1.303922 -0.000000 -0.000001 -1.000000 255 255 255
0.620852 3.486872 -1.303922 0.000001 -0.000000 -1.000000 255 255 255
0.577153 3.710259 -1.303922 0.000001 -0.000000 -1.000000 255 255 255
0.726325 3.636452 -1.303922 0.000001 -0.000000 -1.000000 255 255 255
0.493342 3.549962 -1.303922 -0.000001 -0.000000 -1.000000 255 255 255
0.418879 3.766658 -1.303922 -0.000001 -0.000000 -1.000000 255 255 255
0.577153 3.710259 -1.303922 -0.000001 -0.000000 -1.000000 255 255 255
0.358052 3.598170 -1.303922 -0.000000 -0.000000 -1.000000 255 255 255
0.254000 3.804758 -1.303922 -0.000000 -0.000000 -1.000000 255 255 255
0.418879 3.766658 -1.303922 -0.000000 -0.000000 -1.000000 255 255 255
0.217115 3.630738 -1.303922 -0.000000 -0.000000 -1.000000 255 255 255
0.085114 3.823960 -1.303922 -0.000000 -0.000000 -1.000000 255 255 255
0.085114 3.823960 -1.303922 -0.000001 0.000001 -1.000000 255 255 255
-0.072754 3.647151 -1.303922 -0.000001 0.000001 -1.000000 255 255 255
-0.085114 3.823960 -1.303922 -0.000001 0.000001 -1.000000 255 255 255
-0.085114 3.823960 -1.303922 0.000001 -0.000001 -1.000000 255 255 255
-0.217115 3.630738 -1.303922 0.000001 -0.000001 -1.000000 255 255 255
-0.253999 3.804758 -1.303922 0.000001 -0.000001 -1.000000 255 255 255
-0.253999 3.804758 -1.303922 -0.000001 -0.000000 -1.000000 255 255 255
-0.358051 3.598171 -1.303922 -0.000001 -0.000000 -1.000000 255 255 255
-0.418879 3.766658 -1.303922 -0.000001 -0.000000 -1.000000 255 255 255
-0.418879 3.766658 -1.303922 0.000001 -0.000000 -1.000000 255 255 255
-0.493341 3.549962 -1.303922 0.000001 -0.000000 -1.000000 255 255 255
-0.577153 3.710259 -1.303922 0.000001 -0.000000 -1.000000 255 255 255
-0.577153 3.710259 -1.303922 -0.000001 -0.000000 -1.000000 255 255 255
-0.620851 3.486873 -1.303922 -0.000001 -0.000000 -1.000000 255 255 255
-0.726325 3.636452 -1.303922 -0.000001 -0.000000 -1.000000 255 255 255
-0.726325 3.636452 -1.303922 0.000000 -0.000001 -1.000000 255 255 255
-0.738570 3.409898 -1.303922 0.000000 -0.000001 -1.000000 255 255 255
-0.864042 3.546401 -1.303922 0.000000 -0.000001 -1.000000 255 255 255
-0.864042 3.546401 -1.303922 0.000000 -0.000000 -1.000000 255 255 255
-0.844641 3.320252 -1.303922 0.000000 -0.000000 -1.000000 255 255 255
-0.988133 3.441525 -1.303922 0.000000 -0.000000 -1.000000 255 255 255
-0.988133 3.441525 -1.303922 -0.000000 -0.000001 -1.000000 255 255 255
-0.937392 3.219347 -1.303922 -0.000000 -0.000001 -1.000000 255 255 255
-1.096640 3.323478 -1.303922 -0.000000 -0.000001 -1.000000 255 255 255
-1.096640 3.323478 -1.303922 -0.000001 -0.000000 -1.000000 255 255 255
-1.015359 3.108777 -1.303922 -0.000001 -0.000000 -1.000000 255 255 255
-1.187853 3.194123 -1.303922 -0.000001 -0.000000 -1.000000 255 255 255
-1.187853 3.194123 -1.303922 0.000000 0.000000 -1.000000 255 255 255
-1.077314 2.990283 -1.303922 0.000000 0.000000 -1.000000 255 255 255
-1.260333 3.055499 -1.303922 0.000000 0.000000 -1.000000 255 255 255
-1.260333 3.055499 -1.303922 -0.000001 -0.000001 -1.000000 255 255 255
-1.122278 2.865735 -1.303922 -0.000001 -0.000001 -1.000000 255 255 255
-1.312936 2.909792 -1.303922 -0.000001 -0.000001 -1.000000 255 255 255
1.312935 2.909792 1.126738 0.940581 0.339569 -0.000001 255 255 255
1.260332 3.055498 1.303897 0.940581 0.339569 -0.000001 255 255 255
1.312935 2.909792 1.303897 0.940581 0.339569 -0.000001 255 255 255
1.260332 3.055498 1.126738 0.886181 0.463339 -0.000001 255 255 255
1.187853 3.194122 1.303897 0.886181 0.463339 -0.000001 255 255 255
1.260332 3.055498 1.303897 0.886181 0.463339 -0.000001 255 255 255
1.187853 3.194123 1.126738 0.817257 0.576273 -0.000000 255 255 255
1.096640 3.323478 1.303897 0.817257 0.576273 -0.000000 255 255 255
1.187853 3.194122 1.303897 0.817257 0.576273 -0.000000 255 255 255
1.096640 3.323478 1.126738 0.736227 0.676734 -0.000001 255 255 255
0.988133 3.441524 1.303897 0.736227 0.676734 -0.000001 255 255 255
1.096640 3.323478 1.303897 0.736227 0.676734 -0.000001 255 255 255
0.988133 3.441525 1.126738 0.645499 0.763761 0.000001 255 255 255
0.864042 3.546401 1.303897 0.645499 0.763761 0.000001 255 255 255
0.988133 3.441524 1.303897 0.645499 0.763761 0.000001 255 255 255
0.864042 3.546401 1.126738 0.547275 0.836953 0.000000 255 255 255
0.726325 3.636452 1.303897 0.547275 0.836953 0.000000 255 255 255
0.864042 3.546401 1.303897 0.547275 0.836953 0.000000 255 255 255
0.726325 3.636453 1.126738 0.443467 0.896291 0.000000 255 255 255
0.577154 3.710260 1.303897 0.443467 0.896291 0.000000 255 255 255
0.726325 3.636452 1.303897 0.443467 0.896291 0.000000 255 255 255
0.577153 3.710260 1.126738 0.335661 0.941983 -0.000001 255 255 255
0.418880 3.766658 1.303897 0.335661 0.941983 -0.000001 255 255 255
0.577154 3.710260 1.303897 0.335661 0.941983 -0.000001 255 255 255
0.418879 3.766659 1.126738 0.225149 0.974324 0.000002 255 255 255
0.254000 3.804759 1.303897 0.225149 0.974324 0.000002 255 255 255
0.418880 3.766658 1.303897 0.225149 0.974324 0.000002 255 255 255
0.254000 3.804759 1.126738 0.112972 0.993598 -0.000000 255 255 255
0.085114 3.823961 1.303897 0.112972 0.993598 -0.000000 255 255 255
0.254000 3.804759 1.303897 0.112972 0.993598 -0.000000 255 255 255
0.085114 3.823961 1.126738 0.000000 1.000000 0.000000 255 255 255
-0.085113 3.823961 1.303897 0.000000 1.000000 0.000000 255 255 255
0.085114 3.823961 1.303897 0.000000 1.000000 0.000000 255 255 255
-0.085114 3.823961 1.126738 -0.112969 0.993598 0.000000 255 255 255
-0.253999 3.804759 1.303897 -0.112969 0.993598 0.000000 255 255 255
-0.085113 3.823961 1.303897 -0.112969 0.993598 0.000000 255 255 255
-0.253999 3.804759 1.126738 -0.225149 0.974324 0.000001 255 255 255
-0.418879 3.766659 1.303897 -0.225149 0.974324 0.000001 255 255 255
-0.253999 3.804759 1.303897 -0.225149 0.974324 0.000001 255 255 255
-0.418879 3.766659 1.126738 -0.335658 0.941984 0.000001 255 255 255
-0.577153 3.710261 1.303897 -0.335658 0.941984 0.000001 255 255 255
-0.418879 3.766659 1.303897 -0.335658 0.941984 0.000001 255 255 255
-0.577153 3.710260 1.126738 -0.443467 0.896291 -0.000002 255 255 255
-0.726324 3.636453 1.303897 -0.443467 0.896291 -0.000002 255 255 255
-0.577153 3.710261 1.303897 -0.443467 0.896291 -0.000002 255 255 255
-0.726325 3.636453 1.126738 -0.547274 0.836954 -0.000001 255 255 255
-0.864042 3.546402 1.303897 -0.547274 0.836954 -0.000001 255 255 255
-0.726324 3.636453 1.303897 -0.547274 0.836954 -0.000001 255 255 255
-0.864042 3.546402 1.126738 -0.645498 0.763762 0.000000 255 255 255
-0.988133 3.441526 1.303897 -0.645498 0.763762 0.000000 255 255 255
-0.864042 3.546402 1.303897 -0.645498 0.763762 0.000000 255 255 255
-0.988133 3.441525 1.126738 -0.736227 0.676734 0.000000 255 255 255
-1.096640 3.323479 1.303897 -0.736227 0.676734 0.000000 255 255 255
-0.988133 3.441526 1.303897 -0.736227 0.676734 0.000000 255 255 255
-1.096640 3.323479 1.126739 -0.817256 0.576275 0.000001 255 255 255
-1.187853 3.194124 1.303897 -0.817256 0.576275 0.000001 255 255 255
-1.096640 3.323479 1.303897 -0.817256 0.576275 0.000001 255 255 255
-1.187853 3.194124 1.126739 -0.886181 0.463340 0.000001 255 255 255
-1.260332 3.055500 1.303897 -0.886181 0.463340 0.000001 255 255 255
-1.187853 3.194124 1.303897 -0.886181 0.463340 0.000001 255 255 255
-1.260333 3.055500 1.126739 -0.940581 0.339571 0.000001 255 255 255
-1.312936 2.909793 1.303897 -0.940581 0.339571 0.000001 255 255 255
-1.260332 3.055500 1.303897 -0.940581 0.339571 0.000001 255 255 255
1.122278 2.865734 1.303897 0.000001 0.000000 1.000000 255 255 255
1.260332 3.055498 1.303897 0.000001 0.000000 1.000000 255 255 255
1.077313 2.990282 1.303897 0.000001 0.000000 1.000000 255 255 255
1.187853 3.194122 1.303897 0.000001 0.000000 1.000000 255 255 255
1.015359 3.108776 1.303897 0.000001 0.000000 1.000000 255 255 255
1.096640 3.323478 1.303897 0.000001 0.000000 1.000000 255 255 255
0.937392 3.219347 1.303897 0.000001 0.000000 1.000000 255 255 255
0.937392 3.219347 1.303897 -0.000001 0.000001 1.000000 255 255 255
0.988133 3.441524 1.303897 -0.000001 0.000001 1.000000 255 255 255
0.844641 3.320251 1.303897 -0.000001 0.000001 1.000000 255 255 255
0.844641 3.320251 1.303897 -0.000000 0.000000 1.000000 255 255 255
0.864042 3.546401 1.303897 -0.000000 0.000000 1.000000 255 255 255
0.738571 3.409898 1.303897 -0.000000 0.000000 1.000000 255 255 255
0.738571 3.409898 1.303897 0.000000 0.000001 1.000000 255 255 255
0.726325 3.636452 1.303897 0.000000 0.000001 1.000000 255 255 255
0.620852 3.486873 1.303897 0.000000 0.000001 1.000000 255 255 255
0.577154 3.710260 1.303897 0.000000 0.000001 1.000000 255 255 255
0.493342 3.549963 1.303897 0.000000 0.000001 1.000000 255 255 255
0.493342 3.549963 1.303897 -0.000000 0.000000 1.000000 255 255 255
0.418880 3.766658 1.303897 -0.000000 0.000000 1.000000 255 255 255
0.358052 3.598171 1.303897 -0.000000 0.000000 1.000000 255 255 255
0.254000 3.804759 1.303897 -0.000000 0.000000 1.000000 255 255 255
0.217115 3.630739 1.303897 -0.000000 0.000000 1.000000 255 255 255
0.217115 3.630739 1.303897 0.000000 0.000001 1.000000 255 255 255
0.085114 3.823961 1.303897 0.000000 0.000001 1.000000 255 255 255
0.072755 3.647152 1.303897 0.000000 0.000001 1.000000 255 255 255
0.072755 3.647152 1.303897 -0.000000 -0.000000 1.000000 255 255 255
-0.085113 3.823961 1.303897 -0.000000 -0.000000 1.000000 255 255 255
-0.072754 3.647152 1.303897 -0.000000 -0.000000 1.000000 255 255 255
-0.085113 3.823961 1.303897 0.000001 0.000000 1.000000 255 255 255
-0.217115 3.630739 1.303897 0.000001 0.000000 1.000000 255 255 255
-0.072754 3.647152 1.303897 0.000001 0.000000 1.000000 255 255 255
-0.253999 3.804759 1.303897 -0.000001 0.000000 1.000000 255 255 255
-0.358051 3.598172 1.303897 -0.000001 0.000000 1.000000 255 255 255
-0.217115 3.630739 1.303897 -0.000001 0.000000 1.000000 255 255 255
-0.418879 3.766659 1.303897 0.000001 0.000000 1.000000 255 255 255
-0.493342 3.549963 1.303897 0.000001 0.000000 1.000000 255 255 255
-0.358051 3.598172 1.303897 0.000001 0.000000 1.000000 255 255 255
-0.577153 3.710261 1.303897 -0.000000 0.000001 1.000000 255 255 255
-0.620851 3.486874 1.303897 -0.000000 0.000001 1.000000 255 255 255
-0.493342 3.549963 1.303897 -0.000000 0.000001 1.000000 255 255 255
-0.726324 3.636453 1.303897 0.000001 0.000000 1.000000 255 255 255
-0.738570 3.409899 1.303897 0.000001 0.000000 1.000000 255 255 255
-0.620851 3.486874 1.303897 0.000001 0.000000 1.000000 255 255 255
-0.864042 3.546402 1.303897 0.000000 0.000000 1.000000 255 255 255
-0.844641 3.320253 1.303897 0.000000 0.000000 1.000000 255 255 255
-0.738570 3.409899 1.303897 0.000000 0.000000 1.000000 255 255 255
-0.988133 3.441526 1.303897 0.000001 0.000001 1.000000 255 255 255
-0.937392 3.219348 1.303897 0.000001 0.000001 1.000000 255 255 255
-0.844641 3.320253 1.303897 0.000001 0.000001 1.000000 255 255 255
-1.096640 3.323479 1.303897 -0.000001 0.000000 1.000000 255 255 255
-1.015359 3.108778 1.303897 -0.000001 0.000000 1.000000 255 255 255
-0.937392 3.219348 1.303897 -0.000001 0.000000 1.000000 255 255 255
-1.187853 3.194124 1.303897 0.000000 0.000001 1.000000 255 255 255
-1.077313 2.990284 1.303897 0.000000 0.000001 1.000000 255 255 255
-1.015359 3.108778 1.303897 0.000000 0.000001 1.000000 255 255 255
-1.260332 3.055500 1.303897 -0.000001 0.000000 1.000000 255 255 255
-1.122278 2.865736 1.303897 -0.000001 0.000000 1.000000 255 255 255
-1.077313 2.990284 1.303897 -0.000001 0.000000 1.000000 255 255 255
1.122278 2.865734 1.303897 -0.940581 -0.339569 0.000001 255 255 255
1.077313 2.990282 1.126738 -0.940581 -0.339569 0.000001 255 255 255
1.122277 2.865734 1.126738 -0.940581 -0.339569 0.000001 255 255 255
1.077313 2.990282 1.303897 -0.886182 -0.463338 0.000001 255 255 255
1.015359 3.108776 1.126738 -0.886182 -0.463338 0.000001 255 255 255
1.077313 2.990282 1.126738 -0.886182 -0.463338 0.000001 255 255 255
1.015359 3.108776 1.303897 -0.817256 -0.576274 0.000001 255 255 255
0.937392 3.219347 1.126738 -0.817256 -0.576274 0.000001 255 255 255
1.015359 3.108776 1.126738 -0.817256 -0.576274 0.000001 255 255 255
0.937392 3.219347 1.126738 -0.736228 -0.676734 0.000000 255 255 255
0.844641 3.320251 1.303897 -0.736228 -0.676734 0.000000 255 255 255
0.844641 3.320251 1.126738 -0.736228 -0.676734 0.000000 255 255 255
0.844641 3.320251 1.303897 -0.645500 -0.763760 0.000000 255 255 255
0.738571 3.409898 1.126738 -0.645500 -0.763760 0.000000 255 255 255
0.844641 3.320251 1.126738 -0.645500 -0.763760 0.000000 255 255 255
0.738571 3.409898 1.126738 -0.547275 -0.836953 -0.000000 255 255 255
0.620852 3.486873 1.303897 -0.547275 -0.836953 -0.000000 255 255 255
0.620852 3.486873 1.126738 -0.547275 -0.836953 -0.000000 255 255 255
0.620852 3.486873 1.126738 -0.443467 -0.896291 -0.000000 255 255 255
0.493342 3.549963 1.303897 -0.443467 -0.896291 -0.000000 255 255 255
0.493342 3.549963 1.126738 -0.443467 -0.896291 -0.000000 255 255 255
0.493342 3.549963 1.303897 -0.335660 -0.941983 -0.000000 255 255 255
0.358052 3.598171 1.126738 -0.335660 -0.941983 -0.000000 255 255 255
0.493342 3.549963 1.126738 -0.335660 -0.941983 -0.000000 255 255 255
0.358052 3.598171 1.126738 -0.225151 -0.974324 0.000000 255 255 255
0.217115 3.630739 1.303897 -0.225151 -0.974324 0.000000 255 255 255
0.217115 3.630739 1.126738 -0.225151 -0.974324 0.000000 255 255 255
0.217115 3.630739 1.126738 -0.112968 -0.993599 0.000000 255 255 255
0.072755 3.647152 1.303897 -0.112968 -0.993599 0.000000 255 255 255
0.072755 3.647152 1.126738 -0.112968 -0.993599 0.000000 255 255 255
0.072755 3.647152 1.126738 0.000000 -1.000000 0.000000 255 255 255
-0.072754 3.647152 1.303897 0.000000 -1.000000 0.000000 255 255 255
-0.072754 3.647152 1.126738 0.000000 -1.000000 0.000000 255 255 255
-0.072754 3.647152 1.303897 0.112968 -0.993599 0.000000 255 255 255
-0.217115 3.630739 1.126738 0.112968 -0.993599 0.000000 255 255 255
-0.072754 3.647152 1.126738 0.112968 -0.993599 0.000000 255 255 255
-0.217115 3.630739 1.126738 0.225146 -0.974325 0.000000 255 255 255
-0.358051 3.598172 1.303897 0.225146 -0.974325 0.000000 255 255 255
-0.358051 3.598172 1.126738 0.225146 -0.974325 0.000000 255 255 255
-0.358051 3.598172 1.126738 0.335662 -0.941982 0.000000 255 255 255
-0.493342 3.549963 1.303897 0.335662 -0.941982 0.000000 255 255 255
-0.493341 3.549963 1.126738 0.335662 -0.941982 0.000000 255 255 255
-0.493342 3.549963 1.303897 0.443466 -0.896291 0.000000 255 255 255
-0.620851 3.486874 1.126738 0.443466 -0.896291 0.000000 255 255 255
-0.493341 3.549963 1.126738 0.443466 -0.896291 0.000000 255 255 255
-0.620851 3.486874 1.126738 0.547273 -0.836954 0.000000 255 255 255
-0.738570 3.409899 1.303897 0.547273 -0.836954 0.000000 255 255 255
-0.738570 3.409899 1.126739 0.547273 -0.836954 0.000000 255 255 255
-0.738570 3.409899 1.303897 0.645498 -0.763762 0.000000 255 255 255
-0.844641 3.320253 1.126739 0.645498 -0.763762 0.000000 255 255 255
-0.738570 3.409899 1.126739 0.645498 -0.763762 0.000000 255 255 255
-0.844641 3.320253 1.126739 0.736226 -0.676736 -0.000000 255 255 255
-0.937392 3.219348 1.303897 0.736226 -0.676736 -0.000000 255 255 255
-0.937392 3.219348 1.126739 0.736226 -0.676736 -0.000000 255 255 255
-0.937392 3.219348 1.303897 0.817257 -0.576274 -0.000000 255 255 255
-1.015359 3.108778 1.126739 0.817257 -0.576274 -0.000000 255 255 255
-0.937392 3.219348 1.126739 0.817257 -0.576274 -0.000000 255 255 255
-1.015359 3.108778 1.303897 0.886180 -0.463340 -0.000001 255 255 255
-1.077314 2.990284 1.126739 0.886180 -0.463340 -0.000001 255 255 255
-1.015359 3.108778 1.126739 0.886180 -0.463340 -0.000001 255 255 255
-1.077313 2.990284 1.303897 0.940580 -0.339572 -0.000001 255 255 255
-1.122278 2.865736 1.126739 0.940580 -0.339572 -0.000001 255 255 255
-1.077314 2.990284 1.126739 0.940580 -0.339572 -0.000001 255 255 255
1.122277 2.865734 1.126738 -0.000001 -0.000000 -1.000000 255 255 255
1.260332 3.055498 1.126738 -0.000001 -0.000000 -1.000000 255 255 255
1.312935 2.909792 1.126738 -0.000001 -0.000000 -1.000000 255 255 255
1.077313 2.990282 1.126738 -0.000001 -0.000000 -1.000000 255 255 255
1.187853 3.194123 1.126738 -0.000001 -0.000000 -1.000000 255 255 255
1.015359 3.108776 1.126738 -0.000001 -0.000000 -1.000000 255 255 255
1.096640 3.323478 1.126738 -0.000001 -0.000000 -1.000000 255 255 255
0.937392 3.219347 1.126738 -0.000000 -0.000000 -1.000000 255 255 255
0.988133 3.441525 1.126738 -0.000000 -0.000000 -1.000000 255 255 255
1.096640 3.323478 1.126738 -0.000000 -0.000000 -1.000000 255 255 255
0.844641 3.320251 1.126738 -0.000000 -0.000000 -1.000000 255 255 255
0.864042 3.546401 1.126738 -0.000000 -0.000000 -1.000000 255 255 255
0.738571 3.409898 1.126738 -0.000000 -0.000001 -1.000000 255 255 255
0.726325 3.636453 1.126738 -0.000000 -0.000001 -1.000000 255 255 255
0.864042 3.546401 1.126738 -0.000000 -0.000001 -1.000000 255 255 255
0.620852 3.486873 1.126738 0.000001 -0.000000 -1.000000 255 255 255
0.577153 3.710260 1.126738 0.000001 -0.000000 -1.000000 255 255 255
0.726325 3.636453 1.126738 0.000001 -0.000000 -1.000000 255 255 255
0.493342 3.549963 1.126738 -0.000001 -0.000000 -1.000000 255 255 255
0.418879 3.766659 1.126738 -0.000001 -0.000000 -1.000000 255 255 255
0.577153 3.710260 1.126738 -0.000001 -0.000000 -1.000000 255 255 255
0.358052 3.598171 1.126738 -0.000000 -0.000000 -1.000000 255 255 255
0.254000 3.804759 1.126738 -0.000000 -0.000000 -1.000000 255 255 255
0.418879 3.766659 1.126738 -0.000000 -0.000000 -1.000000 255 255 255
0.217115 3.630739 1.126738 0.000001 0.000001 -1.000000 255 255 255
0.085114 3.823961 1.126738 0.000001 0.000001 -1.000000 255 255 255
0.254000 3.804759 1.126738 0.000001 0.000001 -1.000000 255 255 255
0.085114 3.823961 1.126738 -0.000001 0.000001 -1.000000 255 255 255
-0.072754 3.647152 1.126738 -0.000001 0.000001 -1.000000 255 255 255
-0.085114 3.823961 1.126738 -0.000001 0.000001 -1.000000 255 255 255
-0.085114 3.823961 1.126738 0.000001 -0.000001 -1.000000 255 255 255
-0.217115 3.630739 1.126738 0.000001 -0.000001 -1.000000 255 255 255
-0.253999 3.804759 1.126738 0.000001 -0.000001 -1.000000 255 255 255
-0.253999 3.804759 1.126738 -0.000001 -0.000000 -1.000000 255 255 255
-0.358051 3.598172 1.126738 -0.000001 -0.000000 -1.000000 255 255 255
-0.418879 3.766659 1.126738 -0.000001 -0.000000 -1.000000 255 255 255
-0.418879 3.766659 1.126738 0.000000 -0.000001 -1.000000 255 255 255
-0.493341 3.549963 1.126738 0.000000 -0.000001 -1.000000 255 255 255
-0.577153 3.710260 1.126738 0.000000 -0.000001 -1.000000 255 255 255
-0.577153 3.710260 1.126738 -0.000001 -0.000000 -1.000000 255 255 255
-0.620851 3.486874 1.126738 -0.000001 -0.000000 -1.000000 255 255 255
-0.726325 3.636453 1.126738 -0.000001 -0.000000 -1.000000 255 255 255
-0.726325 3.636453 1.126738 0.000000 -0.000001 -1.000000 255 255 255
-0.738570 3.409899 1.126739 0.000000 -0.000001 -1.000000 255 255 255
-0.864042 3.546402 1.126738 0.000000 -0.000001 -1.000000 255 255 255
-0.864042 3.546402 1.126738 0.000000 -0.000000 -1.000000 255 255 255
-0.844641 3.320253 1.126739 0.000000 -0.000000 -1.000000 255 255 255
-0.988133 3.441525 1.126738 0.000000 -0.000000 -1.000000 255 255 255
-0.988133 3.441525 1.126738 -0.000000 -0.000001 -1.000000 255 255 255
-0.937392 3.219348 1.126739 -0.000000 -0.000001 -1.000000 255 255 255
-1.096640 3.323479 1.126739 -0.000000 -0.000001 -1.000000 255 255 255
-1.096640 3.323479 1.126739 -0.000001 -0.000000 -1.000000 255 255 255
-1.015359 3.108778 1.126739 -0.000001 -0.000000 -1.000000 255 255 255
-1.187853 3.194124 1.126739 -0.000001 -0.000000 -1.000000 255 255 255
-1.187853 3.194124 1.126739 0.000000 0.000000 -1.000000 255 255 255
-1.077314 2.990284 1.126739 0.000000 0.000000 -1.000000 255 255 255
-1.260333 3.055500 1.126739 0.000000 0.000000 -1.000000 255 255 255
-1.260333 3.055500 1.126739 -0.000001 -0.000001 -1.000000 255 255 255
-1.122278 2.865736 1.126739 -0.000001 -0.000001 -1.000000 255 255 255
-1.312936 2.909793 1.126739 -0.000001 -0.000001 -1.000000 255 255 255
1.079082 3.849300 -1.351634 -1.000000 -0.000000 0.000000 255 255 255
1.079083 -0.000000 -1.079081 -1.000000 -0.000000 0.000000 255 255 255
1.079083 3.849300 -1.079082 -1.000000 -0.000000 0.000000 255 255 255
1.351634 3.849300 -1.351634 -0.000000 -0.000000 -1.000000 255 255 255
1.079083 -0.000000 -1.351633 -0.000000 -0.000000 -1.000000 255 255 255
1.079082 3.849300 -1.351634 -0.000000 -0.000000 -1.000000 255 255 255
1.351634 3.849300 -1.079082 1.000000 0.000000 -0.000000 255 255 255
1.351634 -0.000000 -1.351633 1.000000 0.000000 -0.000000 255 255 255
1.351634 3.849300 -1.351634 1.000000 0.000000 -0.000000 255 255 255
1.079083 3.849300 -1.079082 0.000000 0.000000 1.000000 255 255 255
1.351635 -0.000000 -1.079081 0.000000 0.000000 1.000000 255 255 255
1.351634 3.849300 -1.079082 0.000000 0.000000 1.000000 255 255 255
1.351634 3.849300 -1.079082 0.000000 0.000000 1.000000 151 103 48
1.079082 6.682831 -1.079083 0.000000 0.000000 1.000000 151 103 48
1.079083 3.849300 -1.079082 0.000000 0.000000 1.000000 151 103 48
1.079082 3.849300 -1.351634 -0.000000 -0.000000 -1.000000 151 103 48
1.351634 6.682831 -1.351635 -0.000000 -0.000000 -1.000000 151 103 48
1.351634 3.849300 -1.351634 -0.000000 -0.000000 -1.000000 151 103 48
1.079083 3.849300 -1.079082 -1.000000 -0.000000 0.000000 151 103 48
1.079082 6.682831 -1.351635 -1.000000 -0.000000 0.000000 151 103 48
1.079082 3.849300 -1.351634 -1.000000 -0.000000 0.000000 151 103 48
1.351634 3.849300 -1.079082 1.000000 0.000000 -0.000000 151 103 48
1.351634 6.682831 -1.351635 1.000000 0.000000 -0.000000 151 103 48
1.351634 6.682831 -1.079083 1.000000 0.000000 -0.000000 151 103 48
-1.351620 3.849300 -1.351634 -1.000000 -0.000000 0.000000 255 255 255
-1.351619 -0.000000 -1.079081 -1.000000 -0.000000 0.000000 255 255 255
-1.351619 3.849300 -1.079082 -1.000000 -0.000000 0.000000 255 255 255
-1.079068 3.849300 -1.351634 -0.000000 -0.000000 -1.000000 255 255 255
-1.351619 -0.000001 -1.351633 -0.000000 -0.000000 -1.000000 255 255 255
-1.351620 3.849300 -1.351634 -0.000000 -0.000000 -1.000000 255 255 255
-1.079068 3.849300 -1.079082 1.000000 0.000000 -0.000000 255 255 255
-1.079068 -0.000001 -1.351633 1.000000 0.000000 -0.000000 255 255 255
-1.079068 3.849300 -1.351634 1.000000 0.000000 -0.000000 255 255 255
-1.351619 3.849300 -1.079082 0.000000 0.000000 1.000000 255 255 255
-1.079068 -0.000000 -1.079081 0.000000 0.000000 1.000000 255 255 255
-1.079068 3.849300 -1.079082 0.000000 0.000000 1.000000 255 255 255
-1.079068 3.849300 -1.079082 0.000000 0.000000 1.000000 151 103 48
-1.351620 6.682831 -1.079083 0.000000 0.000000 1.000000 151 103 48
-1.351619 3.849300 -1.079082 0.000000 0.000000 1.000000 151 103 48
-1.351620 3.849300 -1.351634 -0.000000 -0.000000 -1.000000 151 103 48
-1.079068 6.682831 -1.351635 -0.000000 -0.000000 -1.000000 151 103 48
-1.079068 3.849300 -1.351634 -0.000000 -0.000000 -1.000000 151 103 48
-1.351619 3.849300 -1.079082 -1.000000 -0.000000 0.000000 151 103 48
-1.351620 6.682831 -1.351635 -1.000000 -0.000000 0.000000 151 103 48
-1.351620 3.849300 -1.351634 -1.000000 -0.000000 0.000000 151 103 48
-1.079068 3.849300 -1.079082 1.000000 0.000000 -0.000000 151 103 48
-1.079068 6.682831 -1.351635 1.000000 0.000000 -0.000000 151 103 48
-1.079068 6.682831 -1.079083 1.000000 0.000000 -0.000000 151 103 48
-1.351620 3.849300 1.079061 -1.000000 -0.000000 0.000000 255 255 255
-1.351619 0.000000 1.351613 -1.000000 -0.000000 0.000000 255 255 255
-1.351620 3.849301 1.351612 -1.000000 -0.000000 0.000000 255 255 255
-1.079068 3.849300 1.079061 -0.000000 -0.000000 -1.000000 255 255 255
-1.351619 0.000000 1.079062 -0.000000 -0.000000 -1.000000 255 255 255
-1.351620 3.849300 1.079061 -0.000000 -0.000000 -1.000000 255 255 255
-1.079068 3.849301 1.351612 1.000000 0.000000 -0.000000 255 255 255
-1.079068 0.000000 1.079062 1.000000 0.000000 -0.000000 255 255 255
-1.079068 3.849300 1.079061 1.000000 0.000000 -0.000000 255 255 255
-1.351620 3.849301 1.351612 0.000000 0.000000 1.000000 255 255 255
-1.079068 0.000000 1.351613 0.000000 0.000000 1.000000 255 255 255
-1.079068 3.849301 1.351612 0.000000 0.000000 1.000000 255 255 255
-1.079068 3.849301 1.351612 1.000000 0.000000 -0.000000 151 103 48
-1.079068 6.682833 1.079060 1.000000 0.000000 -0.000000 151 103 48
-1.079068 6.682833 1.351612 1.000000 0.000000 -0.000000 151 103 48
-1.079068 3.849301 1.351612 0.000000 0.000000 1.000000 151 103 48
-1.351620 6.682833 1.351611 0.000000 0.000000 1.000000 151 103 48
-1.351620 3.849301 1.351612 0.000000 0.000000 1.000000 151 103 48
-1.351620 3.849300 1.079061 -0.000000 -0.000000 -1.000000 151 103 48
-1.079068 6.682833 1.079060 -0.000000 -0.000000 -1.000000 151 103 48
-1.079068 3.849300 1.079061 -0.000000 -0.000000 -1.000000 151 103 48
-1.351620 3.849301 1.351612 -1.000000 -0.000000 0.000000 151 103 48
-1.351620 6.682833 1.079060 -1.000000 -0.000000 0.000000 151 103 48
-1.351620 3.849300 1.079061 -1.000000 -0.000000 0.000000 151 103 48
1.079082 3.849300 1.079061 -1.000000 -0.000000 0.000000 255 255 255
1.079083 0.000001 1.351614 -1.000000 -0.000000 0.000000 255 255 255
1.079083 3.849301 1.351612 -1.000000 -0.000000 0.000000 255 255 255
1.351634 3.849300 1.079061 -0.000000 -0.000000 -1.000000 255 255 255
1.079083 0.000000 1.079062 -0.000000 -0.000000 -1.000000 255 255 255
1.079082 3.849300 1.079061 -0.000000 -0.000000 -1.000000 255 255 255
1.351634 3.849301 1.351612 1.000000 0.000000 -0.000000 255 255 255
1.351634 0.000000 1.079062 1.000000 0.000000 -0.000000 255 255 255
1.351634 3.849300 1.079061 1.000000 0.000000 -0.000000 255 255 255
1.079083 3.849301 1.351612 0.000000 0.000000 1.000000 255 255 255
1.351635 0.000001 1.351613 0.000000 0.000000 1.000000 255 255 255
1.351634 3.849301 1.351612 0.000000 0.000000 1.000000 255 255 255
1.351634 3.849301 1.351612 0.000000 0.000000 1.000000 151 103 48
1.079082 6.682832 1.351612 0.000000 0.000000 1.000000 151 103 48
1.079083 3.849301 1.351612 0.000000 0.000000 1.000000 151 103 48
1.079082 3.849300 1.079061 -0.000000 -0.000000 -1.000000 151 103 48
1.351634 6.682832 1.079060 -0.000000 -0.000000 -1.000000 151 103 48
1.351634 3.849300 1.079061 -0.000000 -0.000000 -1.000000 151 103 48
1.079083 3.849301 1.351612 -1.000000 -0.000000 0.000000 151 103 48
1.079082 6.682832 1.079060 -1.000000 -0.000000 0.000000 151 103 48
1.079082 3.849300 1.079061 -1.000000 -0.000000 0.000000 151 103 48
1.351634 3.849301 1.351612 1.000000 0.000000 -0.000000 151 103 48
1.351634 6.682832 1.079060 1.000000 0.000000 -0.000000 151 103 48
1.351634 6.682832 1.351612 1.000000 0.000000 -0.000000 151 103 48
-0.354059 6.064910 -1.366799 -0.000001 0.000003 -1.000000 255 255 255
-0.180488 6.117562 -1.366799 -0.000001 0.000003 -1.000000 255 255 255
0.000020 6.135341 -1.366800 -0.000001 0.000003 -1.000000 255 255 255
0.000020 6.135341 -1.366800 0.000000 0.000003 -1.000000 255 255 255
0.180527 6.117563 -1.366800 0.000000 0.000003 -1.000000 255 255 255
0.354098 6.064911 -1.366800 0.000000 0.000003 -1.000000 255 255 255
0.354098 6.064911 -1.366800 0.000000 0.000000 -1.000000 255 255 255
0.514062 5.979408 -1.366800 0.000000 0.000000 -1.000000 255 255 255
0.654272 5.864341 -1.366800 0.000000 0.000000 -1.000000 255 255 255
0.769340 5.724132 -1.366800 0.000000 0.000000 -1.000000 255 255 255
0.854842 5.564168 -1.366800 0.000000 0.000000 -1.000000 255 255 255
0.854842 5.564168 -1.366800 0.000003 0.000000 -1.000000 255 255 255
0.907495 5.390596 -1.366800 0.000003 0.000000 -1.000000 255 255 255
0.925273 5.210089 -1.366800 0.000003 0.000000 -1.000000 255 255 255
0.925273 5.210089 -1.366800 0.000003 -0.000001 -1.000000 255 255 255
0.907495 5.029581 -1.366799 0.000003 -0.000001 -1.000000 255 255 255
0.854843 4.856009 -1.366799 0.000003 -0.000001 -1.000000 255 255 255
0.854843 4.856009 -1.366799 -0.000000 -0.000001 -1.000000 255 255 255
0.769341 4.696045 -1.366799 -0.000000 -0.000001 -1.000000 255 255 255
0.654274 4.555836 -1.366799 -0.000000 -0.000001 -1.000000 255 255 255
0.654274 4.555836 -1.366799 -0.000002 0.000003 -1.000000 255 255 255
0.514064 4.440768 -1.366799 -0.000002 0.000003 -1.000000 255 255 255
0.354100 4.355266 -1.366799 -0.000002 0.000003 -1.000000 255 255 255
0.354100 4.355266 -1.366799 -0.000000 -0.000001 -1.000000 255 255 255
0.180529 4.302613 -1.366799 -0.000000 -0.000001 -1.000000 255 255 255
-0.354059 4.355265 -1.366799 -0.000000 -0.000001 -1.000000 255 255 255
0.180529 4.302613 -1.366799 -0.000000 0.000001 -1.000000 255 255 255
0.000021 4.284834 -1.366799 -0.000000 0.000001 -1.000000 255 255 255
-0.354059 4.355265 -1.366799 -0.000000 0.000001 -1.000000 255 255 255
0.000021 4.284834 -1.366799 -0.000001 -0.000003 -1.000000 255 255 255
-0.180487 4.302613 -1.366799 -0.000001 -0.000003 -1.000000 255 255 255
-0.354059 4.355265 -1.366799 -0.000001 -0.000003 -1.000000 255 255 255
-0.354059 4.355265 -1.366799 0.000000 0.000000 -1.000000 255 255 255
-0.514023 4.440768 -1.366799 0.000000 0.000000 -1.000000 255 255 255
-0.654232 4.555835 -1.366799 0.000000 0.000000 -1.000000 255 255 255
-0.769300 4.696045 -1.366799 0.000000 0.000000 -1.000000 255 255 255
-0.854802 4.856009 -1.366799 -0.000003 -0.000001 -1.000000 255 255 255
-0.907454 5.029580 -1.366799 -0.000003 -0.000001 -1.000000 255 255 255
-0.925233 5.210088 -1.366799 -0.000003 -0.000001 -1.000000 255 255 255
-0.925233 5.210088 -1.366799 -0.000003 0.000000 -1.000000 255 255 255
-0.907454 5.390595 -1.366799 -0.000003 0.000000 -1.000000 255 255 255
-0.854802 5.564167 -1.366799 -0.000003 0.000000 -1.000000 255 255 255
-0.854802 5.564167 -1.366799 0.000003 -0.000002 -1.000000 255 255 255
-0.769300 5.724131 -1.366799 0.000003 -0.000002 -1.000000 255 255 255
-0.654233 5.864341 -1.366799 0.000003 -0.000002 -1.000000 255 255 255
-0.654233 5.864341 -1.366799 -0.000001 0.000000 -1.000000 255 255 255
-0.514023 5.979407 -1.366799 -0.000001 0.000000 -1.000000 255 255 255
-0.854802 5.564167 -1.366799 -0.000001 0.000000 -1.000000 255 255 255
-0.354059 6.064910 -1.366799 -0.000001 0.000000 -1.000000 255 255 255
0.000020 6.135341 -1.366800 -0.000000 0.000000 -1.000000 255 255 255
0.354098 6.064911 -1.366800 -0.000000 -0.000001 -1.000000 255 255 255
0.654272 5.864341 -1.366800 -0.000000 -0.000001 -1.000000 255 255 255
-0.354059 6.064910 -1.366799 -0.000000 -0.000001 -1.000000 255 255 255
0.925273 5.210089 -1.366800 0.000000 -0.000000 -1.000000 255 255 255
0.854843 4.856009 -1.366799 0.000000 -0.000000 -1.000000 255 255 255
0.854843 4.856009 -1.366799 -0.000001 -0.000000 -1.000000 255 255 255
0.654274 4.555836 -1.366799 -0.000001 -0.000000 -1.000000 255 255 255
0.854842 5.564168 -1.366800 -0.000001 -0.000000 -1.000000 255 255 255
0.654274 4.555836 -1.366799 -0.000000 -0.000000 -1.000000 255 255 255
-0.654232 4.555835 -1.366799 -0.000000 -0.000001 -1.000000 255 255 255
-0.925233 5.210088 -1.366799 0.000000 -0.000000 -1.000000 255 255 255
-0.854802 5.564167 -1.366799 0.000000 -0.000000 -1.000000 255 255 255
0.180528 6.117563 1.366754 0.000000 0.000003 1.000000 255 255 255
0.000021 6.135342 1.366754 0.000000 0.000003 1.000000 255 255 255
-0.180487 6.117563 1.366754 0.000000 0.000003 1.000000 255 255 255
-0.180487 6.117563 1.366754 -0.000001 0.000003 1.000000 255 255 255
-0.354058 6.064911 1.366754 -0.000001 0.000003 1.000000 255 255 255
-0.514022 5.979408 1.366754 -0.000001 0.000003 1.000000 255 255 255
-0.514022 5.979408 1.366754 0.000001 0.000000 1.000000 255 255 255
-0.654232 5.864341 1.366754 0.000001 0.000000 1.000000 255 255 255
-0.907453 5.390596 1.366755 0.000001 0.000000 1.000000 255 255 255
-0.654232 5.864341 1.366754 -0.000002 0.000001 1.000000 255 255 255
-0.769299 5.724132 1.366754 -0.000002 0.000001 1.000000 255 255 255
-0.907453 5.390596 1.366755 -0.000002 0.000001 1.000000 255 255 255
-0.769299 5.724132 1.366754 0.000000 0.000001 1.000000 255 255 255
-0.854801 5.564167 1.366755 0.000000 0.000001 1.000000 255 255 255
-0.907453 5.390596 1.366755 0.000000 0.000001 1.000000 255 255 255
-0.907453 5.390596 1.366755 -0.000003 0.000000 1.000000 255 255 255
-0.925232 5.210089 1.366755 -0.000003 0.000000 1.000000 255 255 255
-0.907453 5.029581 1.366755 -0.000003 0.000000 1.000000 255 255 255
-0.907453 5.029581 1.366755 0.000001 0.000000 1.000000 255 255 255
-0.854801 4.856010 1.366755 0.000001 0.000000 1.000000 255 255 255
-0.769299 4.696046 1.366755 0.000001 0.000000 1.000000 255 255 255
-0.769299 4.696046 1.366755 0.000000 0.000000 1.000000 255 255 255
-0.654232 4.555836 1.366755 0.000000 0.000000 1.000000 255 255 255
-0.514022 4.440768 1.366755 0.000000 0.000000 1.000000 255 255 255
-0.354058 4.355266 1.366755 0.000000 0.000000 1.000000 255 255 255
-0.180486 4.302614 1.366755 0.000001 -0.000000 1.000000 255 255 255
0.000022 4.284835 1.366755 0.000001 -0.000000 1.000000 255 255 255
0.514065 4.440769 1.366754 0.000001 -0.000000 1.000000 255 255 255
0.000022 4.284835 1.366755 -0.000000 0.000002 1.000000 255 255 255
0.180530 4.302614 1.366755 -0.000000 0.000002 1.000000 255 255 255
0.514065 4.440769 1.366754 -0.000000 0.000002 1.000000 255 255 255
0.180530 4.302614 1.366755 0.000001 0.000000 1.000000 255 255 255
0.354101 4.355266 1.366755 0.000001 0.000000 1.000000 255 255 255
0.514065 4.440769 1.366754 -0.000002 0.000003 1.000000 255 255 255
0.654274 4.555836 1.366754 -0.000002 0.000003 1.000000 255 255 255
0.769341 4.696046 1.366754 -0.000002 0.000003 1.000000 255 255 255
0.769341 4.696046 1.366754 0.000003 -0.000001 1.000000 255 255 255
0.854844 4.856010 1.366754 0.000003 -0.000001 1.000000 255 255 255
0.907496 5.029582 1.366754 0.000003 -0.000001 1.000000 255 255 255
0.907496 5.029582 1.366754 0.000003 0.000000 1.000000 255 255 255
0.925274 5.210090 1.366754 0.000003 0.000000 1.000000 255 255 255
0.907496 5.390597 1.366754 0.000003 0.000000 1.000000 255 255 255
0.907496 5.390597 1.366754 -0.000001 0.000000 1.000000 255 255 255
0.854843 5.564168 1.366754 -0.000001 0.000000 1.000000 255 255 255
0.907496 5.029582 1.366754 -0.000001 0.000000 1.000000 255 255 255
0.854843 5.564168 1.366754 0.000001 0.000001 1.000000 255 255 255
0.769340 5.724133 1.366754 0.000001 0.000001 1.000000 255 255 255
0.907496 5.029582 1.366754 0.000001 0.000001 1.000000 255 255 255
0.769340 5.724133 1.366754 0.000000 0.000000 1.000000 255 255 255
0.654273 5.864342 1.366754 0.000000 0.000000 1.000000 255 255 255
0.514063 5.979409 1.366754 0.000000 0.000000 1.000000 255 255 255
0.514063 5.979409 1.366754 0.000002 0.000003 1.000000 255 255 255
0.354099 6.064912 1.366754 0.000002 0.000003 1.000000 255 255 255
0.180528 6.117563 1.366754 0.000002 0.000003 1.000000 255 255 255
-0.180487 6.117563 1.366754 0.000000 0.000000 1.000000 255 255 255
-0.907453 5.390596 1.366755 0.000000 0.000000 1.000000 255 255 255
-0.180487 6.117563 1.366754 0.000000 0.000001 1.000000 255 255 255
-0.514022 5.979408 1.366754 0.000000 0.000001 1.000000 255 255 255
0.769341 4.696046 1.366754 0.000001 -0.000000 1.000000 255 255 255
0.769341 4.696046 1.366754 0.000000 0.000000 1.000000 255 255 255
0.514063 5.979409 1.366754 0.000001 0.000000 1.000000 255 255 255
0.180528 6.117563 1.366754 0.000001 0.000000 1.000000 255 255 255
0.907496 5.029582 1.366754 0.000001 0.000000 1.000000 255 255 255
0.000021 6.135342 1.079066 0.000000 1.000000 0.000000 255 255 255
0.854842 5.564168 -1.079084 0.923856 0.382672 0.000000 128 128 128
0.000021 4.284835 1.079067 0.000000 -1.000000 0.000000 255 255 255
-0.514023 4.440768 -1.079083 -0.555559 -0.831446 0.000000 128 128 128
-0.354059 6.064910 -1.079084 -0.382672 0.923856 0.000000 128 128 128
-1.366756 5.210089 0.925231 -0.685690 0.000000 0.727866 255 255 255
-1.366756 4.856010 0.854801 -0.685690 -0.278542 0.672475 255 255 255
-1.366756 6.064911 0.354057 -1.000000 -0.000000 0.000001 255 255 255
-1.366756 6.117563 0.180486 -1.000000 -0.000000 0.000001 255 255 255
-1.366756 4.302613 0.180486 -1.000000 -0.000000 0.000001 255 255 255
-1.366756 6.117563 0.180486 -1.000000 -0.000000 -0.000000 255 255 255
-1.366756 6.135341 -0.000022 -1.000000 -0.000000 -0.000000 255 255 255
-1.366756 4.284835 -0.000022 -1.000000 -0.000000 -0.000000 255 255 255
-1.366756 6.135341 -0.000022 -1.000000 -0.000000 0.000001 255 255 255
-1.366756 6.117563 -0.180529 -1.000000 -0.000000 0.000001 255 255 255
-1.366756 4.302613 -0.180530 -1.000000 -0.000000 0.000001 255 255 255
-1.366756 6.064911 -0.354100 -1.000000 -0.000000 0.000001 255 255 255
-1.366756 4.355266 -0.354101 -1.000000 -0.000000 0.000001 255 255 255
-1.366756 6.064911 -0.354100 -1.000000 -0.000000 0.000000 255 255 255
-1.366756 5.979409 -0.514064 -1.000000 -0.000000 0.000000 255 255 255
-1.366756 4.355266 -0.354101 -1.000000 -0.000000 0.000000 255 255 255
-1.366756 5.979409 -0.514064 -1.000000 -0.000000 0.000001 255 255 255
-1.366756 5.864342 -0.654274 -1.000000 -0.000000 0.000001 255 255 255
-1.366756 4.440769 -0.514065 -1.000000 -0.000000 0.000001 255 255 255
-1.366756 4.440769 -0.514065 -1.000000 -0.000000 -0.000000 255 255 255
-1.366756 5.864342 -0.654274 -1.000000 -0.000000 0.000000 255 255 255
-1.366756 5.724132 -0.769341 -1.000000 -0.000000 0.000000 255 255 255
-1.366756 4.555836 -0.654275 -1.000000 -0.000000 0.000000 255 255 255
-1.366756 5.564168 -0.854844 -1.000000 -0.000000 0.000000 255 255 255
-1.366756 4.696045 -0.769342 -1.000000 -0.000000 0.000000 255 255 255
-1.366756 5.390596 -0.907496 -1.000000 0.000000 0.000000 255 255 255
-1.366756 4.856009 -0.854845 -1.000000 0.000000 0.000000 255 255 255
-1.366756 5.390596 -0.907496 -1.000000 -0.000000 0.000007 255 255 255
-1.366757 5.210089 -0.925275 -1.000000 -0.000000 0.000007 255 255 255
-1.366756 5.029581 -0.907497 -1.000000 -0.000000 0.000007 255 255 255
-1.366756 5.029581 -0.907497 -1.000000 0.000000 0.000000 255 255 255
-1.366756 4.856009 -0.854845 -1.000000 -0.000000 0.000001 255 255 255
-1.366756 4.696045 -0.769342 -1.000000 -0.000000 0.000001 255 255 255
-1.366756 5.564168 -0.854844 -1.000000 -0.000000 0.000001 255 255 255
-1.366756 4.555836 -0.654275 -1.000000 -0.000000 0.000002 255 255 255
-1.366756 4.440769 -0.514065 -1.000000 -0.000000 0.000002 255 255 255
-1.366756 5.864342 -0.654274 -1.000000 -0.000000 0.000002 255 255 255
-1.366756 4.302613 -0.180530 -1.000000 -0.000000 -0.000000 255 255 255
-1.366756 4.284835 -0.000022 -1.000000 -0.000000 0.000001 255 255 255
-1.366756 4.355266 0.354057 -1.000000 -0.000000 0.000001 255 255 255
-1.366756 4.355266 0.354057 -1.000000 -0.000000 0.000000 255 255 255
-1.366756 4.440768 0.514021 -1.000000 -0.000000 0.000000 255 255 255
-1.366756 6.064911 0.354057 -1.000000 -0.000000 0.000000 255 255 255
-1.366756 4.440768 0.514021 -1.000000 -0.000000 0.000001 255 255 255
-1.366756 4.555835 0.654231 -1.000000 -0.000000 0.000001 255 255 255
-1.366756 5.979408 0.514021 -1.000000 -0.000000 0.000001 255 255 255
-1.366756 5.979408 0.514021 -1.000000 -0.000000 -0.000000 255 255 255
-1.366756 4.555835 0.654231 -1.000000 -0.000000 0.000000 255 255 255
-1.366756 4.696046 0.769298 -1.000000 -0.000000 0.000000 255 255 255
-1.366756 5.864341 0.654231 -1.000000 -0.000000 0.000000 255 255 255
-1.366756 4.696046 0.769298 -1.000000 -0.000000 -0.000001 255 255 255
-1.366756 4.856010 0.854801 -1.000000 -0.000000 -0.000001 255 255 255
-1.366756 5.724132 0.769298 -1.000000 -0.000000 -0.000001 255 255 255
-1.366756 5.724132 0.769298 -1.000000 -0.000000 -0.000000 255 255 255
-1.366756 4.856010 0.854801 -1.000000 -0.000000 0.000000 255 255 255
-1.366756 5.029581 0.907453 -1.000000 -0.000000 0.000000 255 255 255
-1.366756 5.390596 0.907453 -1.000000 -0.000000 0.000000 255 255 255
-1.366756 5.029581 0.907453 -1.000000 0.000000 0.000007 255 255 255
-1.366756 5.210089 0.925231 -1.000000 0.000000 0.000007 255 255 255
-1.366756 5.390596 0.907453 -1.000000 0.000000 0.000007 255 255 255
-1.366756 5.564167 0.854801 -1.000000 0.000000 0.000000 255 255 255
1.366797 6.117563 -0.180530 1.000000 0.000000 -0.000001 255 255 255
1.366798 6.135341 -0.000023 1.000000 0.000000 -0.000001 255 255 255
1.366798 4.284835 -0.000023 1.000000 0.000000 -0.000001 255 255 255
1.366798 6.135341 -0.000023 1.000000 0.000000 0.000000 255 255 255
1.366798 6.117563 0.180485 1.000000 0.000000 0.000000 255 255 255
1.366798 4.302613 0.180485 1.000000 0.000000 0.000000 255 255 255
1.366798 6.117563 0.180485 1.000000 0.000000 -0.000001 255 255 255
1.366798 6.064911 0.354056 1.000000 0.000000 -0.000001 255 255 255
1.366798 4.302613 0.180485 1.000000 0.000000 -0.000001 255 255 255
1.366798 6.064911 0.354056 1.000000 0.000000 0.000000 255 255 255
1.366798 5.979408 0.514020 1.000000 0.000000 0.000000 255 255 255
1.366798 4.355266 0.354056 1.000000 0.000000 0.000000 255 255 255
1.366798 4.355266 0.354056 1.000000 0.000000 -0.000001 255 255 255
1.366798 5.979408 0.514020 1.000000 0.000000 -0.000002 255 255 255
1.366798 5.864341 0.654229 1.000000 0.000000 -0.000002 255 255 255
1.366798 4.555835 0.654230 1.000000 0.000000 -0.000002 255 255 255
1.366798 5.864341 0.654229 1.000000 0.000000 0.000000 255 255 255
1.366798 5.724132 0.769297 1.000000 0.000000 0.000000 255 255 255
1.366798 4.696046 0.769297 1.000000 0.000000 0.000000 255 255 255
1.366798 5.564167 0.854799 1.000000 0.000000 0.000000 255 255 255
1.366798 5.390596 0.907451 1.000000 -0.000000 0.000000 255 255 255
1.366798 4.856010 0.854799 1.000000 -0.000000 0.000000 255 255 255
1.366798 4.696046 0.769297 1.000000 0.000000 0.000001 255 255 255
1.366798 5.564167 0.854799 1.000000 0.000000 0.000001 255 255 255
1.366798 4.856010 0.854799 1.000000 0.000000 0.000001 255 255 255
1.366798 5.390596 0.907451 1.000000 -0.000000 -0.000007 255 255 255
1.366798 5.210089 0.925230 1.000000 -0.000000 -0.000007 255 255 255
1.366798 5.029581 0.907452 1.000000 -0.000000 -0.000007 255 255 255
1.366798 5.029581 0.907452 1.000000 0.000000 -0.000000 255 255 255
1.366798 4.555835 0.654230 1.000000 0.000000 -0.000000 255 255 255
1.366798 4.555835 0.654230 1.000000 0.000000 -0.000001 255 255 255
1.366798 4.440768 0.514020 1.000000 0.000000 -0.000001 255 255 255
1.366798 5.979408 0.514020 1.000000 0.000000 -0.000001 255 255 255
1.366798 4.440768 0.514020 1.000000 0.000000 -0.000000 255 255 255
1.366798 4.284835 -0.000023 1.000000 0.000000 0.000000 255 255 255
1.366798 4.302613 -0.180531 1.000000 0.000000 0.000000 255 255 255
1.366797 6.117563 -0.180530 1.000000 0.000000 0.000000 255 255 255
1.366798 4.302613 -0.180531 1.000000 0.000000 -0.000001 255 255 255
1.366798 4.355266 -0.354102 1.000000 0.000000 -0.000001 255 255 255
1.366797 6.064911 -0.354101 1.000000 0.000000 -0.000001 255 255 255
1.366798 4.440768 -0.514067 1.000000 0.000000 0.000000 255 255 255
1.366798 4.440768 -0.514067 1.000000 0.000000 -0.000002 255 255 255
1.366797 4.555836 -0.654276 1.000000 0.000000 -0.000002 255 255 255
1.366797 5.864342 -0.654275 1.000000 0.000000 -0.000002 255 255 255
1.366797 4.555836 -0.654276 1.000000 0.000000 0.000000 255 255 255
1.366797 4.696045 -0.769343 1.000000 0.000000 0.000000 255 255 255
1.366797 5.724132 -0.769343 1.000000 0.000000 0.000000 255 255 255
1.366797 4.696045 -0.769343 1.000000 0.000000 -0.000001 255 255 255
1.366797 4.856009 -0.854846 1.000000 0.000000 -0.000001 255 255 255
1.366797 5.724132 -0.769343 1.000000 0.000000 -0.000001 255 255 255
1.366797 4.856009 -0.854846 1.000000 0.000000 0.000000 255 255 255
1.366797 5.029581 -0.907498 1.000000 0.000000 0.000000 255 255 255
1.366797 5.564168 -0.854845 1.000000 0.000000 0.000000 255 255 255
1.366797 5.029581 -0.907498 1.000000 0.000000 -0.000007 255 255 255
1.366797 5.210089 -0.925276 1.000000 0.000000 -0.000007 255 255 255
1.366797 5.390596 -0.907498 1.000000 0.000000 -0.000007 255 255 255
1.366797 5.390596 -0.907498 1.000000 -0.000000 0.000000 255 255 255
1.366797 5.864342 -0.654275 1.000000 0.000000 -0.000000 255 255 255
1.366797 5.864342 -0.654275 1.000000 0.000000 -0.000001 255 255 255
1.366797 5.979409 -0.514065 1.000000 0.000000 -0.000001 255 255 255
1.366798 4.440768 -0.514067 1.000000 0.000000 -0.000001 255 255 255
1.079109 5.210089 -0.925276 0.000000 0.000000 -0.999969 255 255 255
-1.079040 5.029581 0.907453 0.000000 -0.195074 0.980773 128 128 128
1.079110 5.210089 0.925230 0.000000 0.000000 1.000000 255 255 255
0.025010 6.094858 1.366786 1.000000 0.000001 -0.000001 64 64 64
-0.024989 6.094858 1.377582 -1.000000 -0.000001 0.000001 64 64 64
0.025011 5.907858 1.377582 0.000000 0.000001 1.000000 64 64 64
0.025010 6.094858 1.366786 -0.000000 1.000000 0.000000 64 64 64
-0.024989 5.907858 1.377582 0.000000 -1.000000 0.000000 64 64 64
-0.004779 5.259032 1.390440 0.627499 0.778617 -0.000000 64 64 64
-0.407305 5.519230 1.417429 -0.657824 -0.753172 0.000000 64 64 64
-0.375166 5.557532 1.417429 0.000000 -0.000000 1.000000 64 64 64
-0.407305 5.519230 1.390440 -0.766047 0.642785 0.000000 64 64 64
-0.004778 5.259032 1.417429 0.766046 -0.642786 -0.000000 64 64 64
-0.049022 5.206304 1.417429 0.766046 -0.642786 -0.000000 64 64 64
-0.049022 5.206304 1.390440 0.766046 -0.642786 -0.000000 64 64 64
-0.049022 5.206304 1.390440 0.000000 0.000000 -1.000000 64 64 64
0.727975 5.448441 1.390439 0.354104 -0.935206 -0.000001 64 64 64
0.021251 5.254442 1.417429 -0.329880 0.944023 0.000000 64 64 64
0.727976 5.448441 1.417428 0.000001 0.000000 1.000000 64 64 64
0.727975 5.448441 1.390439 0.939692 0.342022 0.000000 64 64 64
0.710875 5.495425 1.390439 0.939692 0.342022 0.000000 64 64 64
0.710875 5.495425 1.417428 0.939692 0.342022 0.000000 64 64 64
0.021251 5.254442 1.417429 -0.939693 -0.342019 0.000001 64 64 64
0.710875 5.495425 1.390439 -0.000001 -0.000000 -1.000000 64 64 64
0.464047 5.963821 1.366786 0.866026 -0.499999 0.000000 64 64 64
0.327246 5.826875 1.377582 -0.866026 0.499999 0.000000 64 64 64
0.420745 5.988822 1.377582 -0.866026 0.499999 0.000000 64 64 64
0.420745 5.988822 1.366786 -0.866026 0.499999 0.000000 64 64 64
0.464047 5.963821 1.377581 0.000002 -0.000001 1.000000 64 64 64
0.464047 5.963821 1.366786 0.500002 0.866024 -0.000000 64 64 64
0.370547 5.801875 1.377582 -0.500002 -0.866024 0.000001 64 64 64
0.327246 5.826875 1.377582 -0.500002 -0.866024 0.000001 64 64 64
0.327246 5.826875 1.366786 -0.500002 -0.866024 0.000001 64 64 64
0.778745 5.630822 1.366786 0.500003 -0.866024 -0.000003 64 64 64
0.591798 5.580623 1.377582 -0.500001 0.866025 0.000003 64 64 64
0.591798 5.580623 1.377582 0.000002 -0.000002 1.000000 64 64 64
0.616798 5.537322 1.377581 0.000002 -0.000002 1.000000 64 64 64
0.778745 5.630822 1.377581 0.000002 -0.000002 1.000000 64 64 64
0.778745 5.630822 1.366786 0.866025 0.500000 -0.000005 64 64 64
0.591798 5.580623 1.377582 -0.866028 -0.499996 0.000005 64 64 64
0.884782 5.185088 1.366786 -0.000000 -1.000000 0.000000 64 64 64
0.697782 5.235087 1.377581 -0.000003 1.000000 0.000000 64 64 64
0.697782 5.185088 1.377581 0.000001 0.000000 1.000000 64 64 64
0.884782 5.235088 1.366786 1.000000 0.000001 -0.000006 64 64 64
0.697782 5.235087 1.377581 -1.000000 -0.000001 0.000006 64 64 64
0.753745 4.746051 1.366786 -0.499999 -0.866026 0.000003 64 64 64
0.616798 4.882852 1.377582 0.499999 0.866026 -0.000003 64 64 64
0.753745 4.746051 1.377582 0.000001 -0.000000 1.000000 64 64 64
0.778745 4.789352 1.366786 0.866028 -0.499996 -0.000005 64 64 64
0.616798 4.882852 1.377582 -0.866028 0.499996 0.000005 64 64 64
0.327246 4.593299 1.366786 -0.866025 -0.500001 -0.000022 64 64 64
0.420746 4.431353 1.366786 -0.866025 -0.500001 -0.000022 64 64 64
0.420746 4.431353 1.377581 -0.866025 -0.500001 -0.000022 64 64 64
0.370547 4.618299 1.377581 0.866025 0.500001 0.000000 64 64 64
0.327246 4.593299 1.377581 0.000001 -0.000001 1.000000 64 64 64
0.420746 4.431353 1.377581 0.000001 -0.000001 1.000000 64 64 64
0.464047 4.456353 1.377581 0.000001 -0.000001 1.000000 64 64 64
0.420746 4.431353 1.366786 0.499996 -0.866028 0.000000 64 64 64
0.464047 4.456353 1.366786 0.499996 -0.866028 0.000000 64 64 64
0.464047 4.456353 1.377581 0.499996 -0.866028 0.000000 64 64 64
0.370547 4.618299 1.377581 -0.499996 0.866028 0.000000 64 64 64
-0.024989 4.325315 1.366786 -1.000000 -0.000001 -0.000000 64 64 64
0.025011 4.512316 1.377581 1.000000 0.000001 0.000000 64 64 64
-0.024989 4.512316 1.377581 0.000000 -0.000001 1.000000 64 64 64
-0.024989 4.325315 1.366786 0.000000 -1.000000 0.000000 64 64 64
0.025011 4.512316 1.377581 0.000000 1.000000 -0.000000 64 64 64
-0.464025 4.456352 1.366786 -0.866026 0.499999 0.000000 64 64 64
-0.327224 4.593299 1.366786 0.866026 -0.499999 0.000002 64 64 64
-0.327224 4.593299 1.377582 0.866026 -0.499999 0.000002 64 64 64
-0.420724 4.431353 1.377582 0.866026 -0.499999 0.000002 64 64 64
-0.464025 4.456352 1.377582 0.000000 -0.000000 1.000000 64 64 64
-0.464025 4.456352 1.366786 -0.499995 -0.866028 0.000000 64 64 64
-0.370526 4.618299 1.377582 0.499995 0.866028 0.000001 64 64 64
-0.327224 4.593299 1.377582 0.499995 0.866028 0.000001 64 64 64
-0.327224 4.593299 1.366786 0.499995 0.866028 0.000001 64 64 64
-0.778724 4.789352 1.366787 -0.500001 0.866025 0.000003 64 64 64
-0.591777 4.839551 1.377582 0.500001 -0.866025 -0.000003 64 64 64
-0.616777 4.882852 1.377582 -0.000000 0.000000 1.000000 64 64 64
-0.753724 4.746051 1.366787 -0.866025 -0.500000 0.000005 64 64 64
-0.591777 4.839551 1.377582 0.866025 0.500000 -0.000005 64 64 64
-0.884761 5.235087 1.366787 -0.000000 1.000000 0.000000 64 64 64
-0.697761 5.185088 1.377582 0.000003 -1.000000 -0.000000 64 64 64
-0.697761 5.235087 1.377582 -0.000001 0.000000 1.000000 64 64 64
-0.884761 5.185087 1.366787 -1.000000 0.000000 0.000006 64 64 64
-0.697761 5.185088 1.377582 1.000000 0.000000 -0.000006 64 64 64
-0.753724 5.674123 1.366787 0.500001 0.866025 -0.000003 64 64 64
-0.616777 5.537322 1.377582 -0.499999 -0.866026 0.000003 64 64 64
-0.778724 5.630822 1.377582 -0.499999 -0.866026 0.000003 64 64 64
-0.778724 5.630822 1.366787 -0.499999 -0.866026 0.000003 64 64 64
-0.591777 5.580623 1.377582 0.000001 -0.000000 1.000000 64 64 64
-0.753724 5.674123 1.377582 0.000001 -0.000000 1.000000 64 64 64
-0.778724 5.630822 1.377582 0.000001 -0.000000 1.000000 64 64 64
-0.753724 5.674123 1.366787 -0.866028 0.499996 0.000005 64 64 64
-0.591777 5.580623 1.366787 0.866025 -0.500000 -0.000005 64 64 64
-0.591777 5.580623 1.377582 0.866025 -0.500000 -0.000005 64 64 64
-0.616777 5.537322 1.377582 0.866025 -0.500000 -0.000005 64 64 64
-0.327224 5.826875 1.366787 0.866025 0.500000 -0.000002 64 64 64
-0.464026 5.963821 1.377583 -0.866025 -0.500001 0.000000 64 64 64
-0.327224 5.826875 1.377582 0.000002 0.000001 1.000000 64 64 64
-0.420725 5.988822 1.377582 0.000002 0.000001 1.000000 64 64 64
-0.464026 5.963821 1.377583 0.000002 0.000001 1.000000 64 64 64
-0.420725 5.988822 1.377582 -0.500010 0.866020 0.000001 64 64 64
-0.420725 5.988822 1.366787 -0.500010 0.866020 0.000001 64 64 64
-0.464026 5.963821 1.366787 -0.500010 0.866020 0.000001 64 64 64
-0.327224 5.826875 1.366787 0.500002 -0.866024 -0.000001 64 64 64
-0.327224 5.826875 1.377582 0.500002 -0.866024 -0.000001 64 64 64
-0.370526 5.801875 1.377582 0.500002 -0.866024 -0.000001 64 64 64
0.327246 5.826874 -1.366790 -0.866025 0.500000 0.000000 64 64 64
0.370547 5.801874 -1.377586 0.866025 -0.500001 0.000000 64 64 64
0.464047 5.963820 -1.377586 0.866025 -0.500001 0.000000 64 64 64
0.464047 5.963820 -1.366791 0.866025 -0.500001 0.000000 64 64 64
0.327246 5.826874 -1.377586 -0.000001 -0.000002 -1.000000 64 64 64
0.420746 5.988821 -1.377586 -0.000001 -0.000002 -1.000000 64 64 64
0.464047 5.963820 -1.377586 -0.000001 -0.000002 -1.000000 64 64 64
0.420746 5.988821 -1.366791 0.500009 0.866020 0.000000 64 64 64
0.327246 5.826874 -1.377586 -0.500002 -0.866024 0.000001 64 64 64
0.370547 5.801874 -1.377586 -0.500002 -0.866024 0.000001 64 64 64
0.370547 5.801874 -1.366790 -0.500002 -0.866024 0.000001 64 64 64
0.591798 5.580622 -1.366790 -0.500001 0.866025 0.000003 64 64 64
0.616798 5.537321 -1.377586 0.499999 -0.866026 -0.000006 64 64 64
0.778745 5.630821 -1.377586 0.499999 -0.866026 -0.000006 64 64 64
0.778745 5.630821 -1.366790 0.499999 -0.866026 -0.000006 64 64 64
0.753745 5.674122 -1.377586 -0.000001 -0.000000 -1.000000 64 64 64
0.753745 5.674122 -1.366790 0.866027 0.499997 -0.000010 64 64 64
0.778745 5.630821 -1.366790 0.866027 0.499997 -0.000010 64 64 64
0.778745 5.630821 -1.377586 0.866027 0.499997 -0.000010 64 64 64
0.591798 5.580622 -1.366790 -0.866025 -0.500000 0.000005 64 64 64
0.591798 5.580622 -1.377586 -0.866025 -0.500000 0.000005 64 64 64
0.616798 5.537321 -1.377586 -0.866025 -0.500000 0.000005 64 64 64
0.884782 5.235085 -1.366790 0.000003 1.000000 -0.000000 64 64 64
0.884782 5.185086 -1.377585 -0.000003 -1.000000 0.000000 64 64 64
0.697782 5.235086 -1.377585 -0.000001 -0.000000 -1.000000 64 64 64
0.884782 5.185086 -1.366790 1.000000 0.000000 -0.000006 64 64 64
0.697782 5.185086 -1.377585 -1.000000 0.000000 0.000006 64 64 64
0.778745 4.789351 -1.366789 0.500001 0.866025 -0.000003 64 64 64
0.753745 4.746050 -1.377585 -0.500001 -0.866025 0.000003 64 64 64
0.616798 4.882851 -1.377585 -0.000000 0.000000 -1.000000 64 64 64
0.753745 4.746050 -1.366789 0.866025 -0.500000 -0.000005 64 64 64
0.591798 4.839550 -1.377585 -0.866025 0.500000 0.000005 64 64 64
0.464047 4.456351 -1.366789 0.866026 0.499999 -0.000000 64 64 64
0.327246 4.593298 -1.366789 -0.866026 -0.499999 0.000000 64 64 64
0.327246 4.593298 -1.377584 -0.866026 -0.499999 0.000000 64 64 64
0.420746 4.431352 -1.377584 -0.866026 -0.499999 0.000000 64 64 64
0.370547 4.618298 -1.377584 0.000001 -0.000002 -1.000000 64 64 64
0.464047 4.456351 -1.377584 0.000001 -0.000002 -1.000000 64 64 64
0.420746 4.431352 -1.377584 0.000001 -0.000002 -1.000000 64 64 64
0.464047 4.456351 -1.366789 0.499996 -0.866028 0.000001 64 64 64
0.420746 4.431352 -1.366789 0.499996 -0.866028 0.000001 64 64 64
0.420746 4.431352 -1.377584 0.499996 -0.866028 0.000001 64 64 64
0.327246 4.593298 -1.377584 -0.499995 0.866028 0.000000 64 64 64
0.025010 4.325315 -1.366788 1.000000 -0.000001 -0.000000 64 64 64
-0.024989 4.512315 -1.377584 -1.000000 0.000001 0.000000 64 64 64
0.025011 4.512315 -1.377584 -0.000000 -0.000001 -1.000000 64 64 64
-0.024989 4.325315 -1.366788 0.000000 -1.000000 0.000000 64 64 64
-0.024989 4.512315 -1.377584 -0.000000 1.000000 0.000000 64 64 64
-0.327224 4.593298 -1.366788 0.866025 -0.500001 0.000022 64 64 64
-0.420724 4.431352 -1.366788 0.866025 -0.500001 0.000022 64 64 64
-0.420724 4.431352 -1.377583 0.866025 -0.500001 0.000022 64 64 64
-0.370526 4.618298 -1.377584 -0.866025 0.500001 0.000000 64 64 64
-0.420724 4.431352 -1.377583 -0.000001 -0.000002 -1.000000 64 64 64
-0.420724 4.431352 -1.366788 -0.499995 -0.866028 0.000000 64 64 64
-0.464026 4.456352 -1.366788 -0.499995 -0.866028 0.000000 64 64 64
-0.464026 4.456352 -1.377583 -0.499995 -0.866028 0.000000 64 64 64
-0.370526 4.618298 -1.377584 0.499995 0.866028 0.000000 64 64 64
-0.591777 4.839550 -1.366788 0.499999 -0.866026 -0.000003 64 64 64
-0.753724 4.746050 -1.366788 0.499999 -0.866026 -0.000003 64 64 64
-0.753724 4.746050 -1.377583 0.499999 -0.866026 -0.000003 64 64 64
-0.616777 4.882851 -1.366788 -0.499999 0.866026 0.000006 64 64 64
-0.616777 4.882851 -1.377584 -0.499999 0.866026 0.000006 64 64 64
-0.778724 4.789351 -1.377583 -0.499999 0.866026 0.000006 64 64 64
-0.753724 4.746050 -1.377583 -0.000000 -0.000003 -1.000000 64 64 64
-0.753724 4.746050 -1.366788 -0.866028 -0.499996 0.000005 64 64 64
-0.591777 4.839550 -1.377583 0.866028 0.499996 -0.000010 64 64 64
-0.616777 4.882851 -1.377584 0.866028 0.499996 -0.000010 64 64 64
-0.616777 4.882851 -1.366788 0.866028 0.499996 -0.000010 64 64 64
-0.884761 5.185085 -1.366788 0.000000 -1.000000 0.000000 64 64 64
-0.697761 5.235085 -1.377584 -0.000003 1.000000 0.000000 64 64 64
-0.884761 5.185085 -1.377584 -0.000001 -0.000000 -1.000000 64 64 64
-0.884761 5.235085 -1.366788 -1.000000 -0.000001 0.000006 64 64 64
-0.697761 5.235085 -1.377584 1.000000 0.000001 -0.000006 64 64 64
-0.778724 5.630821 -1.366788 -0.500003 -0.866024 0.000006 64 64 64
-0.591777 5.580622 -1.377584 0.500001 0.866025 -0.000006 64 64 64
-0.591777 5.580622 -1.377584 -0.000003 -0.000004 -1.000000 64 64 64
-0.616777 5.537321 -1.377584 -0.000003 -0.000004 -1.000000 64 64 64
-0.778724 5.630821 -1.377584 -0.000003 -0.000004 -1.000000 64 64 64
-0.778724 5.630821 -1.366788 -0.866025 0.500000 0.000010 64 64 64
-0.616777 5.537321 -1.377584 0.866028 -0.499996 -0.000010 64 64 64
-0.591777 5.580622 -1.377584 0.866028 -0.499996 -0.000010 64 64 64
-0.591777 5.580622 -1.366789 0.866028 -0.499996 -0.000010 64 64 64
-0.464026 5.963820 -1.366789 -0.866026 -0.499999 0.000000 64 64 64
-0.327225 5.826874 -1.377584 0.866026 0.500000 -0.000000 64 64 64
-0.370526 5.801874 -1.377584 0.000000 -0.000000 -1.000000 64 64 64
-0.464026 5.963820 -1.377584 0.000000 -0.000000 -1.000000 64 64 64
-0.420724 5.988821 -1.377584 0.000000 -0.000000 -1.000000 64 64 64
-0.464026 5.963820 -1.366789 -0.500003 0.866024 0.000000 64 64 64
-0.327225 5.826874 -1.377584 0.500002 -0.866024 0.000000 64 64 64
-0.727954 5.448440 -1.390442 -0.354104 -0.935206 0.000000 64 64 64
-0.021230 5.254441 -1.417431 0.329880 0.944023 -0.000000 64 64 64
-0.727954 5.448440 -1.417431 -0.000001 0.000000 -1.000000 64 64 64
-0.710853 5.495424 -1.390442 -0.939692 0.342022 0.000000 64 64 64
-0.021230 5.254441 -1.417431 0.939693 -0.342019 -0.000001 64 64 64
-0.021230 5.254441 -1.390443 0.000001 -0.000000 1.000000 64 64 64
-0.710853 5.495424 -1.390442 0.000001 -0.000000 1.000000 64 64 64
-0.727954 5.448440 -1.390442 0.000001 -0.000000 1.000000 64 64 64
0.004800 5.259031 -1.390443 -0.627499 0.778617 0.000001 64 64 64
0.407326 5.519229 -1.417432 0.657824 -0.753172 0.000000 64 64 64
0.004800 5.259031 -1.417431 -0.000001 -0.000001 -1.000000 64 64 64
0.375187 5.557531 -1.417432 -0.000001 -0.000001 -1.000000 64 64 64
0.407326 5.519229 -1.417432 -0.000001 -0.000001 -1.000000 64 64 64
0.375187 5.557531 -1.417432 0.766047 0.642784 -0.000001 64 64 64
0.375187 5.557531 -1.390443 0.766047 0.642784 -0.000001 64 64 64
0.407326 5.519229 -1.390443 0.766047 0.642784 -0.000001 64 64 64
0.049043 5.206303 -1.417431 -0.766046 -0.642786 0.000001 64 64 64
0.049043 5.206303 -1.390443 0.000002 -0.000001 1.000000 64 64 64
0.407326 5.519229 -1.390443 0.000002 -0.000001 1.000000 64 64 64
0.375187 5.557531 -1.390443 0.000002 -0.000001 1.000000 64 64 64
-0.024989 6.094857 -1.366790 -1.000000 0.000001 0.000001 64 64 64
0.025010 6.094857 -1.377585 1.000000 -0.000001 -0.000001 64 64 64
-0.024990 5.907857 -1.377585 0.000000 -0.000001 -1.000000 64 64 64
0.025010 6.094857 -1.366790 0.000000 1.000000 -0.000000 64 64 64
-0.024990 5.907857 -1.377585 0.000000 -1.000000 0.000000 64 64 64
1.366799 6.094858 -0.025001 -0.000001 0.000000 -1.000000 64 64 64
1.377594 6.094858 0.024998 0.000001 -0.000000 1.000000 64 64 64
1.377594 5.907857 -0.025002 1.000000 0.000000 -0.000000 64 64 64
1.366799 6.094858 0.024998 0.000000 1.000000 0.000000 64 64 64
1.377594 5.907857 -0.025002 -0.000000 -1.000000 -0.000000 64 64 64
1.390452 5.259031 0.004788 0.000000 0.778618 -0.627499 64 64 64
1.390452 5.557531 0.375175 0.000000 0.778618 -0.627499 64 64 64
1.417441 5.557531 0.375175 0.000000 0.778618 -0.627499 64 64 64
1.417440 5.206304 0.049031 0.000000 -0.753172 0.657824 64 64 64
1.417441 5.519229 0.407314 0.000000 -0.753172 0.657824 64 64 64
1.390452 5.519229 0.407314 0.000000 -0.753172 0.657824 64 64 64
1.417440 5.206304 0.049031 1.000000 0.000001 -0.000002 64 64 64
1.417440 5.259031 0.004788 1.000000 0.000001 -0.000002 64 64 64
1.417441 5.557531 0.375175 1.000000 0.000001 -0.000002 64 64 64
1.390452 5.519229 0.407314 0.000000 0.642789 0.766043 64 64 64
1.417440 5.259031 0.004788 -0.000001 -0.642786 -0.766046 64 64 64
1.390452 5.519229 0.407314 -1.000000 0.000000 0.000000 64 64 64
1.417440 5.189762 -0.044783 -0.000000 -0.935206 -0.354104 64 64 64
1.390452 5.189762 -0.044783 -0.000000 -0.935206 -0.354104 64 64 64
1.390451 5.448440 -0.727966 -0.000000 -0.935206 -0.354104 64 64 64
1.417440 5.254442 -0.021242 -0.000000 0.944023 0.329880 64 64 64
1.417440 5.495424 -0.710865 -0.000000 0.944023 0.329880 64 64 64
1.390451 5.495424 -0.710865 -0.000000 0.944023 0.329880 64 64 64
1.417440 5.448440 -0.727966 1.000000 0.000000 -0.000001 64 64 64
1.390451 5.448440 -0.727966 0.000000 0.342021 -0.939692 64 64 64
1.390451 5.495424 -0.710865 0.000000 0.342021 -0.939692 64 64 64
1.417440 5.495424 -0.710865 0.000000 0.342021 -0.939692 64 64 64
1.417440 5.189762 -0.044783 0.000001 -0.342019 0.939693 64 64 64
1.390452 5.254442 -0.021242 -1.000000 -0.000000 0.000001 64 64 64
1.366798 5.963821 -0.464038 -0.000000 -0.500000 -0.866026 64 64 64
1.377594 5.826874 -0.327237 0.000007 0.500000 0.866026 64 64 64
1.377594 5.988821 -0.420737 0.000007 0.500000 0.866026 64 64 64
1.366798 5.988821 -0.420736 0.000007 0.500000 0.866026 64 64 64
1.377594 5.801874 -0.370538 1.000000 -0.000001 -0.000002 64 64 64
1.377594 5.963821 -0.464038 1.000000 -0.000001 -0.000002 64 64 64
1.377594 5.988821 -0.420737 1.000000 -0.000001 -0.000002 64 64 64
1.366798 5.963821 -0.464038 -0.000004 0.866024 -0.500002 64 64 64
1.366798 5.988821 -0.420736 -0.000004 0.866024 -0.500002 64 64 64
1.377594 5.988821 -0.420737 -0.000004 0.866024 -0.500002 64 64 64
1.377594 5.826874 -0.327237 0.000000 -0.866024 0.500003 64 64 64
1.366798 5.630821 -0.778736 -0.000000 -0.866025 -0.500001 64 64 64
1.377593 5.580623 -0.591789 0.000006 0.866026 0.499999 64 64 64
1.377593 5.674122 -0.753736 0.000006 0.866026 0.499999 64 64 64
1.366798 5.674122 -0.753736 0.000006 0.866026 0.499999 64 64 64
1.377593 5.630821 -0.778736 1.000000 -0.000002 -0.000002 64 64 64
1.366798 5.630821 -0.778736 -0.000010 0.500000 -0.866025 64 64 64
1.366798 5.674122 -0.753736 -0.000010 0.500000 -0.866025 64 64 64
1.377593 5.674122 -0.753736 -0.000010 0.500000 -0.866025 64 64 64
1.366798 5.537321 -0.616789 0.000000 -0.499996 0.866028 64 64 64
1.377593 5.537321 -0.616789 0.000000 -0.499996 0.866028 64 64 64
1.377593 5.580623 -0.591789 0.000000 -0.499996 0.866028 64 64 64
1.366798 5.185086 -0.884773 0.000000 -1.000000 0.000003 64 64 64
1.377593 5.235086 -0.884773 0.000000 1.000000 -0.000003 64 64 64
1.377593 5.185086 -0.884773 1.000000 0.000000 -0.000001 64 64 64
1.366798 5.235086 -0.884773 -0.000000 -0.000000 -1.000000 64 64 64
1.377593 5.185087 -0.697773 0.000000 0.000000 1.000000 64 64 64
1.366798 4.746050 -0.753735 0.000000 -0.866025 0.500001 64 64 64
1.377593 4.789351 -0.778736 0.000000 0.866025 -0.500001 64 64 64
1.377593 4.839550 -0.591789 1.000000 -0.000000 -0.000001 64 64 64
1.366797 4.789351 -0.778736 -0.000000 -0.499998 -0.866027 64 64 64
1.377593 4.882852 -0.616789 -0.000000 0.499997 0.866027 64 64 64
1.377593 4.593299 -0.327236 0.000000 -0.500001 0.866025 64 64 64
1.366798 4.593299 -0.327236 0.000000 -0.500001 0.866025 64 64 64
1.366798 4.431353 -0.420736 0.000000 -0.500001 0.866025 64 64 64
1.377593 4.618299 -0.370537 0.000000 0.500001 -0.866025 64 64 64
1.377593 4.456352 -0.464037 0.000000 0.500001 -0.866025 64 64 64
1.366798 4.456352 -0.464037 0.000000 0.500001 -0.866025 64 64 64
1.377593 4.618299 -0.370537 1.000000 -0.000002 0.000002 64 64 64
1.377593 4.593299 -0.327236 1.000000 -0.000002 0.000002 64 64 64
1.377593 4.431352 -0.420736 1.000000 -0.000002 0.000002 64 64 64
1.366798 4.431353 -0.420736 -0.000000 -0.866028 -0.499995 64 64 64
1.366798 4.456352 -0.464037 -0.000000 -0.866028 -0.499995 64 64 64
1.377593 4.456352 -0.464037 -0.000000 -0.866028 -0.499995 64 64 64
1.377593 4.593299 -0.327236 0.000001 0.866028 0.499995 64 64 64
1.377593 4.618299 -0.370537 0.000001 0.866028 0.499995 64 64 64
1.366798 4.618299 -0.370537 0.000001 0.866028 0.499995 64 64 64
1.366798 4.512315 0.024999 -0.000001 -0.000000 1.000000 64 64 64
1.366798 4.325315 0.024999 -0.000001 -0.000000 1.000000 64 64 64
1.377593 4.325315 0.024999 -0.000001 -0.000000 1.000000 64 64 64
1.366798 4.512315 -0.025001 0.000000 0.000000 -1.000000 64 64 64
1.377593 4.512315 -0.025001 0.000000 0.000000 -1.000000 64 64 64
1.377593 4.325315 -0.025001 0.000000 0.000000 -1.000000 64 64 64
1.377593 4.512315 0.024999 1.000000 -0.000001 0.000000 64 64 64
1.366798 4.325315 -0.025001 -0.000000 -1.000000 0.000000 64 64 64
1.377593 4.512315 0.024999 0.000000 1.000000 -0.000000 64 64 64
1.366798 4.618299 0.370535 0.000000 0.499999 0.866026 64 64 64
1.366798 4.456352 0.464035 0.000000 0.499999 0.866026 64 64 64
1.377593 4.456352 0.464035 0.000000 0.499999 0.866026 64 64 64
1.377593 4.593299 0.327234 -0.000002 -0.499999 -0.866026 64 64 64
1.377593 4.431352 0.420734 -0.000002 -0.499999 -0.866026 64 64 64
1.366798 4.431352 0.420734 -0.000002 -0.499999 -0.866026 64 64 64
1.377593 4.456352 0.464035 1.000000 0.000000 0.000003 64 64 64
1.366798 4.456352 0.464035 0.000001 -0.866028 0.499995 64 64 64
1.366798 4.431352 0.420734 0.000001 -0.866028 0.499995 64 64 64
1.377593 4.431352 0.420734 0.000001 -0.866028 0.499995 64 64 64
1.377593 4.618299 0.370535 0.000000 0.866028 -0.499995 64 64 64
1.377593 4.593299 0.327234 0.000000 0.866028 -0.499995 64 64 64
1.366798 4.593299 0.327234 0.000000 0.866028 -0.499995 64 64 64
1.366798 4.789352 0.778733 0.000000 0.866026 0.499999 64 64 64
1.377594 4.839550 0.591787 0.000006 -0.866027 -0.499997 64 64 64
1.377594 4.746051 0.753733 0.000006 -0.866027 -0.499997 64 64 64
1.366798 4.746051 0.753733 0.000006 -0.866027 -0.499997 64 64 64
1.377594 4.882852 0.616786 1.000000 0.000004 0.000003 64 64 64
1.377594 4.789352 0.778733 1.000000 0.000004 0.000003 64 64 64
1.377594 4.746051 0.753733 1.000000 0.000004 0.000003 64 64 64
1.366798 4.789352 0.778733 -0.000010 -0.500000 0.866025 64 64 64
1.366798 4.746051 0.753733 -0.000010 -0.500000 0.866025 64 64 64
1.377594 4.746051 0.753733 -0.000010 -0.500000 0.866025 64 64 64
1.377594 4.882852 0.616786 0.000005 0.499996 -0.866028 64 64 64
1.377594 4.839550 0.591787 0.000005 0.499996 -0.866028 64 64 64
1.366798 4.839550 0.591786 0.000005 0.499996 -0.866028 64 64 64
1.366798 5.235087 0.884770 0.000000 1.000000 -0.000003 64 64 64
1.377594 5.185087 0.884770 0.000000 -1.000000 0.000003 64 64 64
1.377594 5.235087 0.884770 1.000000 -0.000000 0.000000 64 64 64
1.366798 5.185087 0.884770 0.000000 -0.000000 1.000000 64 64 64
1.377594 5.185087 0.697770 0.000000 0.000000 -1.000000 64 64 64
1.366799 5.580623 0.591786 -0.000003 0.866024 -0.500002 64 64 64
1.366799 5.674123 0.753733 -0.000003 0.866024 -0.500002 64 64 64
1.377594 5.674123 0.753733 -0.000003 0.866024 -0.500002 64 64 64
1.377594 5.630822 0.778733 0.000000 -0.866024 0.500002 64 64 64
1.377594 5.537321 0.616786 1.000000 0.000000 0.000000 64 64 64
1.377594 5.580623 0.591786 1.000000 0.000000 0.000000 64 64 64
1.377594 5.674123 0.753733 1.000000 0.000000 0.000000 64 64 64
1.366799 5.674123 0.753733 0.000000 0.499995 0.866028 64 64 64
1.366799 5.630822 0.778733 0.000000 0.499995 0.866028 64 64 64
1.377594 5.630822 0.778733 0.000000 0.499995 0.866028 64 64 64
1.377594 5.537321 0.616786 0.000000 -0.499996 -0.866028 64 64 64
1.366799 5.988821 0.420734 -0.000002 0.500000 -0.866025 64 64 64
1.377594 5.801874 0.370535 0.000005 -0.500001 0.866025 64 64 64
1.377595 5.963820 0.464035 0.000005 -0.500001 0.866025 64 64 64
1.366799 5.963820 0.464035 0.000005 -0.500001 0.866025 64 64 64
1.377594 5.826874 0.327233 1.000000 -0.000001 -0.000000 64 64 64
1.366799 5.988821 0.420734 0.000003 0.866020 0.500009 64 64 64
1.366799 5.963820 0.464035 0.000003 0.866020 0.500009 64 64 64
1.377595 5.963820 0.464035 0.000003 0.866020 0.500009 64 64 64
1.377594 5.826874 0.327233 0.000000 -0.866024 -0.500002 64 64 64
1.377594 5.801874 0.370535 0.000000 -0.866024 -0.500002 64 64 64
1.366799 5.801874 0.370535 0.000000 -0.866024 -0.500002 64 64 64
-1.366778 5.826874 -0.327237 0.000002 0.500001 0.866025 64 64 64
-1.366778 5.988821 -0.420737 0.000002 0.500001 0.866025 64 64 64
-1.377573 5.988821 -0.420737 0.000002 0.500001 0.866025 64 64 64
-1.377573 5.801874 -0.370538 -0.000002 -0.500001 -0.866024 64 64 64
-1.377573 5.963820 -0.464038 -0.000002 -0.500001 -0.866024 64 64 64
-1.366778 5.963820 -0.464038 -0.000002 -0.500001 -0.866024 64 64 64
-1.377573 5.826874 -0.327237 -1.000000 -0.000001 0.000000 64 64 64
-1.366778 5.988821 -0.420737 -0.000001 0.866020 -0.500010 64 64 64
-1.366778 5.963820 -0.464038 -0.000001 0.866020 -0.500010 64 64 64
-1.377573 5.963820 -0.464038 -0.000001 0.866020 -0.500010 64 64 64
-1.377573 5.801874 -0.370538 0.000000 -0.866024 0.500003 64 64 64
-1.366777 5.580623 -0.591789 0.000003 0.866026 0.499999 64 64 64
-1.366777 5.674122 -0.753736 0.000003 0.866026 0.499999 64 64 64
-1.377573 5.674122 -0.753736 0.000003 0.866026 0.499999 64 64 64
-1.377573 5.630821 -0.778736 -0.000000 -0.866026 -0.499999 64 64 64
-1.377573 5.537322 -0.616789 -1.000000 0.000002 0.000001 64 64 64
-1.377573 5.580623 -0.591789 -1.000000 0.000002 0.000001 64 64 64
-1.377573 5.674122 -0.753736 -1.000000 0.000002 0.000001 64 64 64
-1.366777 5.674122 -0.753736 0.000000 0.500000 -0.866025 64 64 64
-1.366777 5.630821 -0.778736 0.000000 0.500000 -0.866025 64 64 64
-1.377573 5.630821 -0.778736 0.000000 0.500000 -0.866025 64 64 64
-1.377573 5.537322 -0.616789 0.000000 -0.500000 0.866025 64 64 64
-1.366777 5.235086 -0.884773 0.000000 1.000000 -0.000003 64 64 64
-1.377572 5.185086 -0.884773 0.000000 -1.000000 0.000003 64 64 64
-1.377572 5.235086 -0.884773 -1.000000 0.000000 -0.000001 64 64 64
-1.366777 5.185086 -0.884773 0.000000 0.000000 -1.000000 64 64 64
-1.377573 5.185087 -0.697773 0.000000 -0.000000 1.000000 64 64 64
-1.366777 4.789351 -0.778736 0.000000 0.866024 -0.500003 64 64 64
-1.377572 4.746050 -0.753736 -0.000003 -0.866024 0.500003 64 64 64
-1.377572 4.882852 -0.616789 -1.000000 -0.000003 0.000000 64 64 64
-1.377572 4.789351 -0.778736 -1.000000 -0.000003 0.000000 64 64 64
-1.377572 4.746050 -0.753736 -1.000000 -0.000003 0.000000 64 64 64
-1.366777 4.789351 -0.778736 0.000005 -0.500002 -0.866024 64 64 64
-1.366777 4.746050 -0.753735 0.000005 -0.500002 -0.866024 64 64 64
-1.377572 4.746050 -0.753736 0.000005 -0.500002 -0.866024 64 64 64
-1.366777 4.882852 -0.616789 -0.000000 0.500000 0.866025 64 64 64
-1.377572 4.882852 -0.616789 -0.000000 0.500000 0.866025 64 64 64
-1.377572 4.839550 -0.591789 -0.000000 0.500000 0.866025 64 64 64
-1.377572 4.618299 -0.370537 0.000002 0.499999 -0.866026 64 64 64
-1.366776 4.618299 -0.370537 0.000002 0.499999 -0.866026 64 64 64
-1.366776 4.456352 -0.464037 0.000002 0.499999 -0.866026 64 64 64
-1.377572 4.593299 -0.327236 0.000002 -0.499999 0.866026 64 64 64
-1.377572 4.431352 -0.420736 0.000002 -0.499999 0.866026 64 64 64
-1.366776 4.431352 -0.420736 0.000002 -0.499999 0.866026 64 64 64
-1.377572 4.618299 -0.370537 -1.000000 -0.000001 -0.000001 64 64 64
-1.377572 4.456352 -0.464037 -1.000000 -0.000001 -0.000001 64 64 64
-1.377572 4.431352 -0.420736 -1.000000 -0.000001 -0.000001 64 64 64
-1.366776 4.456352 -0.464037 -0.000001 -0.866028 -0.499995 64 64 64
-1.366776 4.431352 -0.420736 -0.000001 -0.866028 -0.499995 64 64 64
-1.377572 4.431352 -0.420736 -0.000001 -0.866028 -0.499995 64 64 64
-1.377572 4.618299 -0.370537 -0.000001 0.866028 0.499995 64 64 64
-1.366776 4.325315 -0.025001 0.000001 -0.000001 -1.000000 64 64 64
-1.377572 4.512315 0.024999 -0.000001 0.000001 1.000000 64 64 64
-1.377572 4.512315 -0.025001 -1.000000 -0.000001 0.000000 64 64 64
-1.366776 4.325315 0.024999 0.000000 -1.000000 0.000000 64 64 64
-1.377572 4.512315 -0.025001 -0.000000 1.000000 0.000000 64 64 64
-1.377572 4.593299 0.327234 -0.000000 -0.500001 -0.866025 64 64 64
-1.366776 4.593299 0.327234 -0.000000 -0.500001 -0.866025 64 64 64
-1.366776 4.431353 0.420734 -0.000000 -0.500001 -0.866025 64 64 64
-1.366776 4.618299 0.370535 0.000002 0.500001 0.866025 64 64 64
-1.377572 4.618299 0.370535 0.000002 0.500001 0.866025 64 64 64
-1.377572 4.456352 0.464035 0.000002 0.500001 0.866025 64 64 64
-1.377572 4.593299 0.327234 -1.000000 -0.000001 0.000000 64 64 64
-1.366776 4.431353 0.420734 0.000000 -0.866028 0.499995 64 64 64
-1.366776 4.456352 0.464035 0.000000 -0.866028 0.499995 64 64 64
-1.377572 4.456352 0.464035 0.000000 -0.866028 0.499995 64 64 64
-1.377572 4.593299 0.327234 -0.000001 0.866028 -0.499995 64 64 64
-1.377572 4.618299 0.370535 -0.000001 0.866028 -0.499995 64 64 64
-1.366776 4.618299 0.370535 -0.000001 0.866028 -0.499995 64 64 64
-1.366776 4.746051 0.753733 0.000000 -0.866027 -0.499997 64 64 64
-1.377572 4.789352 0.778733 0.000000 0.866027 0.499997 64 64 64
-1.377572 4.882851 0.616786 -1.000000 -0.000001 0.000001 64 64 64
-1.377572 4.839550 0.591786 -1.000000 -0.000001 0.000001 64 64 64
-1.377572 4.746051 0.753733 -1.000000 -0.000001 0.000001 64 64 64
-1.366777 4.789352 0.778733 0.000000 -0.500000 0.866025 64 64 64
-1.377572 4.882851 0.616786 0.000000 0.500001 -0.866025 64 64 64
-1.366777 5.185087 0.884770 0.000000 -1.000000 0.000003 64 64 64
-1.377572 5.235087 0.884770 0.000000 1.000000 -0.000003 64 64 64
-1.377572 5.185087 0.884770 -1.000000 -0.000000 0.000000 64 64 64
-1.366777 5.185087 0.884770 0.000000 0.000000 1.000000 64 64 64
-1.377572 5.235086 0.697770 -0.000000 -0.000000 -1.000000 64 64 64
-1.366777 5.630822 0.778733 0.000000 -0.866023 0.500005 64 64 64
-1.377572 5.580622 0.591786 -0.000003 0.866023 -0.500005 64 64 64
-1.377572 5.674123 0.753733 -0.000003 0.866023 -0.500005 64 64 64
-1.366777 5.674123 0.753733 -0.000003 0.866023 -0.500005 64 64 64
-1.377572 5.630822 0.778733 -1.000000 -0.000000 0.000000 64 64 64
-1.366777 5.630822 0.778733 0.000005 0.500001 0.866025 64 64 64
-1.366777 5.674123 0.753733 0.000005 0.500001 0.866025 64 64 64
-1.377572 5.674123 0.753733 0.000005 0.500001 0.866025 64 64 64
-1.377572 5.580622 0.591786 -0.000000 -0.500000 -0.866025 64 64 64
-1.366777 5.963821 0.464034 0.000000 -0.499999 0.866026 64 64 64
-1.377573 5.826874 0.327234 -0.000002 0.499999 -0.866026 64 64 64
-1.377573 5.988821 0.420733 -0.000002 0.499999 -0.866026 64 64 64
-1.366777 5.988821 0.420733 -0.000002 0.499999 -0.866026 64 64 64
-1.377573 5.963821 0.464034 -1.000000 -0.000000 0.000000 64 64 64
-1.366777 5.963821 0.464034 0.000001 0.866024 0.500002 64 64 64
-1.366777 5.988821 0.420733 0.000001 0.866024 0.500002 64 64 64
-1.377573 5.988821 0.420733 0.000001 0.866024 0.500002 64 64 64
-1.377573 5.826874 0.327234 -0.000000 -0.866024 -0.500002 64 64 64
-1.390431 5.189762 0.044781 0.000000 -0.935206 0.354103 64 64 64
-1.390430 5.448440 0.727963 0.000000 -0.935206 0.354103 64 64 64
-1.417419 5.448440 0.727963 0.000000 -0.935206 0.354103 64 64 64
-1.417419 5.495424 0.710862 0.000000 0.944023 -0.329880 64 64 64
-1.417419 5.448440 0.727963 -1.000000 0.000000 0.000000 64 64 64
-1.390430 5.495424 0.710862 -0.000000 0.342019 0.939693 64 64 64
-1.417419 5.189762 0.044781 -0.000000 -0.342019 -0.939693 64 64 64
-1.390431 5.254442 0.021239 1.000000 -0.000000 -0.000000 64 64 64
-1.390431 5.259031 -0.004790 0.000001 0.778617 0.627499 64 64 64
-1.390431 5.557532 -0.375178 0.000001 0.778617 0.627499 64 64 64
-1.417419 5.557532 -0.375178 0.000001 0.778617 0.627499 64 64 64
-1.417419 5.519229 -0.407317 -0.000000 -0.753172 -0.657824 64 64 64
-1.417419 5.259031 -0.004790 -1.000000 -0.000000 0.000000 64 64 64
-1.390431 5.557532 -0.375178 0.000000 0.642784 -0.766047 64 64 64
-1.390431 5.519229 -0.407317 0.000000 0.642784 -0.766047 64 64 64
-1.417419 5.519229 -0.407317 0.000000 0.642784 -0.766047 64 64 64
-1.417419 5.259031 -0.004790 0.000000 -0.642786 0.766046 64 64 64
-1.390431 5.519229 -0.407317 1.000000 0.000000 -0.000000 64 64 64
-1.366777 6.094858 0.024998 0.000000 0.000001 1.000000 64 64 64
-1.377573 6.094858 -0.025002 -0.000000 -0.000001 -1.000000 64 64 64
-1.377573 5.907857 0.024998 -1.000000 -0.000000 -0.000000 64 64 64
-1.366777 6.094858 -0.025002 -0.000000 1.000000 0.000000 64 64 64
-1.377573 5.907857 -0.025001 0.000000 -1.000000 0.000000 64 64 64
1.436777 5.293526 -0.000002 0.685690 0.727866 0.000000 64 64 64
1.436777 5.210088 0.083436 0.685690 0.000000 0.727866 64 64 64
1.436777 5.242018 0.077085 0.685690 0.278542 0.672475 64 64 64
1.436777 5.287175 -0.031932 1.000000 0.000000 0.000000 64 64 64
1.436777 5.291923 -0.016280 1.000000 0.000000 0.000000 64 64 64
1.436777 5.128253 -0.016280 1.000000 0.000000 0.000000 64 64 64
1.436777 5.293526 -0.000002 1.000000 0.000000 0.000000 64 64 64
1.436777 5.126650 -0.000002 1.000000 0.000000 0.000000 64 64 64
1.436777 5.291923 0.016276 1.000000 0.000000 0.000000 64 64 64
1.436777 5.128253 0.016276 1.000000 0.000000 0.000000 64 64 64
1.436777 5.287175 0.031929 1.000000 0.000000 0.000000 64 64 64
1.436777 5.133002 0.031929 1.000000 0.000000 0.000000 64 64 64
1.436777 5.279464 0.046354 1.000000 -0.000000 0.000000 64 64 64
1.436777 5.269088 0.058998 1.000000 -0.000000 0.000000 64 64 64
1.436777 5.140712 0.046354 1.000000 -0.000000 0.000000 64 64 64
1.436777 5.256444 0.069374 1.000000 -0.000000 0.000000 64 64 64
1.436777 5.151089 0.058998 1.000000 -0.000000 0.000000 64 64 64
1.436777 5.242018 0.077085 1.000000 -0.000000 0.000000 64 64 64
1.436777 5.163733 0.069374 1.000000 -0.000000 0.000000 64 64 64
1.436777 5.226366 0.081833 1.000000 -0.000000 0.000000 64 64 64
1.436777 5.178158 0.077085 1.000000 -0.000000 0.000000 64 64 64
1.436777 5.210088 0.083436 1.000000 -0.000000 0.000000 64 64 64
1.436777 5.193810 0.081833 1.000000 -0.000000 0.000000 64 64 64
1.436777 5.133002 -0.031932 1.000000 0.000000 0.000000 64 64 64
1.436777 5.140712 -0.046357 1.000000 0.000000 0.000000 64 64 64
1.436777 5.163733 -0.069378 1.000000 0.000000 0.000000 64 64 64
1.436777 5.178158 -0.077088 1.000000 0.000000 0.000000 64 64 64
1.436777 5.256444 -0.069378 1.000000 0.000000 0.000000 64 64 64
1.436777 5.193810 -0.081836 1.000000 0.000000 0.000000 64 64 64
1.436777 5.226366 -0.081836 1.000000 0.000000 0.000000 64 64 64
1.436777 5.210088 -0.083440 1.000000 0.000000 0.000000 64 64 64
1.436777 5.242018 -0.077088 1.000000 0.000000 0.000000 64 64 64
-1.436778 5.291923 0.016276 -1.000000 0.000000 0.000000 64 64 64
-1.436778 5.293526 -0.000002 -1.000000 0.000000 0.000000 64 64 64
-1.436778 5.126650 -0.000001 -1.000000 0.000000 0.000000 64 64 64
-1.436778 5.291923 -0.016279 -1.000000 0.000000 0.000000 64 64 64
-1.436778 5.128253 -0.016279 -1.000000 0.000000 0.000000 64 64 64
-1.436778 5.287175 -0.031932 -1.000000 0.000000 0.000000 64 64 64
-1.436778 5.279464 -0.046357 -1.000000 0.000000 0.000000 64 64 64
-1.436778 5.133002 -0.031932 -1.000000 0.000000 0.000000 64 64 64
-1.436778 5.269088 -0.059001 -1.000000 0.000000 0.000000 64 64 64
-1.436778 5.151089 -0.059001 -1.000000 0.000000 0.000000 64 64 64
-1.436778 5.256444 -0.069378 -1.000000 0.000000 0.000000 64 64 64
-1.436778 5.163733 -0.069378 -1.000000 0.000000 0.000000 64 64 64
-1.436778 5.242018 -0.077088 -1.000000 0.000000 0.000000 64 64 64
-1.436778 5.226366 -0.081836 -1.000000 0.000000 0.000000 64 64 64
-1.436778 5.178158 -0.077088 -1.000000 0.000000 0.000000 64 64 64
-1.436778 5.210088 -0.083439 -1.000000 0.000000 0.000000 64 64 64
-1.436778 5.193810 -0.081836 -1.000000 0.000000 0.000000 64 64 64
-1.436778 5.140712 -0.046357 -1.000000 -0.000000 -0.000000 64 64 64
-1.436778 5.128253 0.016276 -1.000000 -0.000000 0.000000 64 64 64
-1.436778 5.133002 0.031929 -1.000000 -0.000000 0.000000 64 64 64
-1.436778 5.151089 0.058998 -1.000000 -0.000000 0.000000 64 64 64
-1.436778 5.269088 0.058998 -1.000000 -0.000000 0.000000 64 64 64
-1.436778 5.163733 0.069375 -1.000000 -0.000000 0.000000 64 64 64
-1.436778 5.256444 0.069374 -1.000000 -0.000000 0.000000 64 64 64
-1.436778 5.178158 0.077085 -1.000000 -0.000000 0.000000 64 64 64
-1.436778 5.193810 0.081833 -1.000000 -0.000000 0.000000 64 64 64
-1.436778 5.242018 0.077085 -1.000000 -0.000000 0.000000 64 64 64
-1.436778 5.210088 0.083436 -1.000000 -0.000000 0.000000 64 64 64
-1.436778 5.226366 0.081833 -1.000000 -0.000000 0.000000 64 64 64
0.031930 5.133002 1.436776 0.278542 -0.672475 0.685690 64 64 64
0.031930 5.287175 1.436776 0.000011 0.000036 1.000000 64 64 64
0.016277 5.291924 1.436776 0.000011 0.000036 1.000000 64 64 64
-0.000000 5.293527 1.436776 0.000011 0.000036 1.000000 64 64 64
-0.000000 5.293527 1.436776 0.000001 -0.000013 1.000000 64 64 64
-0.016278 5.291924 1.436776 0.000001 -0.000013 1.000000 64 64 64
0.031930 5.287175 1.436776 0.000001 -0.000013 1.000000 64 64 64
-0.016278 5.291924 1.436776 0.000002 -0.000006 1.000000 64 64 64
-0.031931 5.287175 1.436776 0.000002 -0.000006 1.000000 64 64 64
0.031930 5.287175 1.436776 0.000002 -0.000006 1.000000 64 64 64
-0.031931 5.287175 1.436776 0.000000 0.000000 1.000000 64 64 64
-0.046356 5.279465 1.436776 0.000000 0.000000 1.000000 64 64 64
-0.059000 5.269088 1.436776 0.000000 0.000000 1.000000 64 64 64
-0.069376 5.256444 1.436776 0.000000 -0.000000 1.000000 64 64 64
-0.077087 5.242019 1.436776 0.000000 -0.000000 1.000000 64 64 64
-0.081835 5.226367 1.436776 0.000000 0.000000 1.000000 64 64 64
-0.083438 5.210089 1.436776 0.000000 0.000000 1.000000 64 64 64
-0.081835 5.193811 1.436776 0.000000 0.000000 1.000000 64 64 64
-0.077087 5.178158 1.436776 0.000000 0.000000 1.000000 64 64 64
-0.069377 5.163733 1.436776 0.000000 0.000000 1.000000 64 64 64
-0.031931 5.133002 1.436776 0.000000 0.000000 1.000000 64 64 64
-0.059000 5.151089 1.436776 0.000000 0.000000 1.000000 64 64 64
-0.046356 5.140713 1.436776 0.000000 0.000000 1.000000 64 64 64
-0.016278 5.128254 1.436776 0.000000 0.000000 1.000000 64 64 64
-0.000000 5.126651 1.436776 0.000000 0.000000 1.000000 64 64 64
0.016277 5.128254 1.436776 0.000000 0.000000 1.000000 64 64 64
0.031930 5.133002 1.436776 -0.000000 0.000000 1.000000 64 64 64
0.046355 5.140713 1.436776 0.000000 0.000000 1.000000 64 64 64
0.058999 5.151089 1.436776 0.000000 0.000000 1.000000 64 64 64
0.069376 5.163733 1.436776 -0.000000 0.000000 1.000000 64 64 64
0.077086 5.178158 1.436776 -0.000000 0.000000 1.000000 64 64 64
0.081834 5.193811 1.436776 0.000000 0.000000 1.000000 64 64 64
0.083437 5.210089 1.436776 0.000000 0.000000 1.000000 64 64 64
0.083437 5.210089 1.436776 0.000036 0.000011 1.000000 64 64 64
0.081834 5.226367 1.436776 0.000036 0.000011 1.000000 64 64 64
0.077086 5.242019 1.436776 0.000036 0.000011 1.000000 64 64 64
0.077086 5.242019 1.436776 0.000000 0.000000 1.000000 64 64 64
0.069376 5.256444 1.436776 0.000000 0.000000 1.000000 64 64 64
0.058999 5.269088 1.436776 0.000000 0.000000 1.000000 64 64 64
0.046355 5.279465 1.436776 0.000000 0.000000 1.000000 64 64 64
0.031930 5.287175 1.436776 0.000000 0.000000 1.000000 64 64 64
0.077086 5.178158 1.436776 -0.000009 0.000002 1.000000 64 64 64
0.083437 5.210089 1.436776 -0.000009 0.000002 1.000000 64 64 64
0.077086 5.242019 1.436776 -0.000009 0.000002 1.000000 64 64 64
0.077086 5.242019 1.436776 0.000003 0.000002 1.000000 64 64 64
0.058999 5.269088 1.436776 0.000003 0.000002 1.000000 64 64 64
0.077086 5.178158 1.436776 0.000003 0.000002 1.000000 64 64 64
0.058999 5.269088 1.436776 0.000001 0.000002 1.000000 64 64 64
0.031930 5.287175 1.436776 0.000001 0.000002 1.000000 64 64 64
0.077086 5.178158 1.436776 0.000001 0.000002 1.000000 64 64 64
0.031930 5.287175 1.436776 0.000002 -0.000000 1.000000 64 64 64
-0.031931 5.287175 1.436776 0.000002 -0.000000 1.000000 64 64 64
-0.031931 5.133002 1.436776 0.000002 -0.000000 1.000000 64 64 64
-0.031931 5.133002 1.436776 0.000000 0.000001 1.000000 64 64 64
0.031930 5.133002 1.436776 0.000000 0.000001 1.000000 64 64 64
0.031930 5.287175 1.436776 0.000000 0.000001 1.000000 64 64 64
-0.016278 5.291923 -1.436779 -0.000004 0.000037 -1.000000 64 64 64
-0.000000 5.293526 -1.436779 -0.000004 0.000037 -1.000000 64 64 64
0.016277 5.291923 -1.436779 -0.000004 0.000037 -1.000000 64 64 64
0.016277 5.291923 -1.436779 -0.000004 -0.000012 -1.000000 64 64 64
0.031930 5.287174 -1.436779 -0.000004 -0.000012 -1.000000 64 64 64
-0.016278 5.291923 -1.436779 -0.000004 -0.000012 -1.000000 64 64 64
0.031930 5.287174 -1.436779 -0.000003 -0.000006 -1.000000 64 64 64
0.046355 5.279464 -1.436779 -0.000003 -0.000006 -1.000000 64 64 64
-0.016278 5.291923 -1.436779 -0.000003 -0.000006 -1.000000 64 64 64
0.046355 5.279464 -1.436779 0.000000 0.000000 -1.000000 64 64 64
0.058999 5.269087 -1.436779 0.000000 0.000000 -1.000000 64 64 64
0.069376 5.256443 -1.436779 0.000000 0.000000 -1.000000 64 64 64
0.077086 5.242018 -1.436779 0.000000 0.000000 -1.000000 64 64 64
0.081834 5.226366 -1.436779 0.000000 0.000000 -1.000000 64 64 64
0.081834 5.226366 -1.436779 0.000037 -0.000004 -1.000000 64 64 64
0.083437 5.210088 -1.436779 0.000037 -0.000004 -1.000000 64 64 64
0.081834 5.193810 -1.436779 0.000037 -0.000004 -1.000000 64 64 64
0.081834 5.193810 -1.436779 0.000012 -0.000004 -1.000000 64 64 64
0.077086 5.178157 -1.436779 0.000012 -0.000004 -1.000000 64 64 64
0.081834 5.226366 -1.436779 0.000012 -0.000004 -1.000000 64 64 64
0.077086 5.178157 -1.436779 0.000006 -0.000003 -1.000000 64 64 64
0.069376 5.163732 -1.436779 0.000006 -0.000003 -1.000000 64 64 64
0.081834 5.226366 -1.436779 0.000006 -0.000003 -1.000000 64 64 64
0.069376 5.163732 -1.436779 0.000000 0.000000 -1.000000 64 64 64
0.058999 5.151088 -1.436779 0.000000 0.000000 -1.000000 64 64 64
0.046355 5.140712 -1.436779 0.000000 0.000000 -1.000000 64 64 64
0.031930 5.133001 -1.436779 0.000000 0.000000 -1.000000 64 64 64
-0.000000 5.126650 -1.436779 0.000000 0.000000 -1.000000 64 64 64
-0.016278 5.128253 -1.436779 0.000000 0.000000 -1.000000 64 64 64
-0.031931 5.133001 -1.436779 -0.000000 -0.000000 -1.000000 64 64 64
-0.046356 5.140712 -1.436779 -0.000000 -0.000000 -1.000000 64 64 64
-0.059000 5.151088 -1.436779 0.000000 0.000000 -1.000000 64 64 64
-0.069377 5.163732 -1.436779 0.000000 0.000000 -1.000000 64 64 64
-0.077087 5.178157 -1.436779 0.000000 0.000000 -1.000000 64 64 64
-0.083438 5.210088 -1.436779 0.000000 -0.000000 -1.000000 64 64 64
-0.081835 5.226366 -1.436779 0.000000 -0.000000 -1.000000 64 64 64
-0.077087 5.242018 -1.436779 0.000000 0.000000 -1.000000 64 64 64
-0.069376 5.256444 -1.436779 0.000000 0.000000 -1.000000 64 64 64
-0.059000 5.269087 -1.436779 0.000000 0.000000 -1.000000 64 64 64
-0.046356 5.279464 -1.436779 0.000000 0.000000 -1.000000 64 64 64
-0.031931 5.287174 -1.436779 -0.000000 0.000000 -1.000000 64 64 64
0.046355 5.279464 -1.436779 -0.000002 -0.000002 -1.000000 64 64 64
0.069376 5.256443 -1.436779 -0.000002 -0.000002 -1.000000 64 64 64
-0.016278 5.291923 -1.436779 -0.000002 -0.000002 -1.000000 64 64 64
0.069376 5.256443 -1.436779 -0.000002 -0.000001 -1.000000 64 64 64
0.081834 5.226366 -1.436779 -0.000002 -0.000001 -1.000000 64 64 64
-0.016278 5.291923 -1.436779 -0.000002 -0.000001 -1.000000 64 64 64
0.069376 5.163732 -1.436779 -0.000002 -0.000001 -1.000000 64 64 64
1.156305 5.269141 1.079045 0.000000 1.000000 -0.000000 151 103 48
1.156305 5.151036 1.079045 -1.000000 -0.000000 0.000000 151 103 48
1.274411 5.151036 1.079045 0.000000 -1.000000 0.000000 151 103 48
1.274411 5.269141 1.079045 1.000000 0.000000 -0.000000 151 103 48
1.156305 6.283852 -0.059076 -0.000000 -0.000000 -1.000000 151 103 48
1.156305 6.283852 0.059030 -1.000000 -0.000000 0.000000 151 103 48
1.274411 6.283852 0.059030 0.000000 0.000000 1.000000 151 103 48
1.274411 4.136302 -0.059075 1.000000 0.000000 -0.000000 151 103 48
-1.274412 6.283852 -0.059076 -0.000000 -0.000000 -1.000000 151 103 48
-1.274412 6.283852 0.059030 -1.000000 -0.000000 0.000000 151 103 48
-1.156306 6.283852 0.059030 0.000000 0.000000 1.000000 151 103 48
-1.156306 4.136301 -0.059075 1.000000 0.000000 -0.000000 151 103 48
-1.274412 5.269141 1.079045 0.000000 1.000000 -0.000000 151 103 48
-1.274412 5.151036 1.079045 -1.000000 0.000000 0.000000 151 103 48
-1.156306 5.151036 1.079045 0.000000 -1.000000 0.000000 151 103 48
-1.156306 5.269141 1.079045 1.000000 -0.000000 0.000000 151 103 48
-1.303920 6.461011 1.593746 -0.000000 1.000000 -0.000000 151 103 48
-1.303920 6.283852 1.593746 -1.000000 -0.000000 0.000000 151 103 48
-1.126761 6.283852 1.593746 0.000000 -1.000000 0.000000 151 103 48
-1.126761 6.461011 1.593746 1.000000 -0.000000 -0.000000 151 103 48
-1.126761 6.283852 1.593746 0.000001 0.000001 1.000000 151 103 48
-1.126761 6.461011 1.593746 0.000001 0.000001 1.000000 151 103 48
-1.303920 6.461011 1.593746 0.000001 0.000001 1.000000 151 103 48
-1.126761 6.461010 -1.593754 0.000000 -0.000001 -1.000000 151 103 48
-1.126761 6.283852 -1.593754 0.000000 -0.000001 -1.000000 151 103 48
-1.303920 6.283852 -1.593754 0.000000 -0.000001 -1.000000 151 103 48
1.126760 6.461011 1.593746 0.000000 1.000000 -0.000000 151 103 48
1.126760 6.283852 1.593746 -1.000000 0.000000 0.000000 151 103 48
1.303918 6.283852 1.593746 0.000000 -1.000000 0.000000 151 103 48
1.303918 6.461011 1.593746 1.000000 -0.000000 0.000000 151 103 48
1.303918 6.283852 1.593746 -0.000000 0.000000 1.000000 151 103 48
1.303918 6.461011 1.593746 -0.000000 0.000000 1.000000 151 103 48
1.126760 6.461011 1.593746 -0.000000 0.000000 1.000000 151 103 48
1.303918 6.461010 -1.593754 -0.000001 0.000000 -1.000000 151 103 48
1.303918 6.283852 -1.593754 -0.000001 0.000000 -1.000000 151 103 48
1.126760 6.283852 -1.593754 -0.000001 0.000000 -1.000000 151 103 48
1.126760 4.136302 1.593747 -0.000000 1.000000 -0.000000 151 103 48
1.126760 3.959143 1.593747 -1.000000 0.000000 0.000000 151 103 48
1.303919 3.959143 1.593747 0.000000 -1.000000 0.000000 151 103 48
1.303919 4.136302 1.593747 1.000000 0.000000 0.000000 151 103 48
1.303919 3.959143 1.593747 0.000001 0.000001 1.000000 151 103 48
1.303919 4.136302 1.593747 0.000001 0.000001 1.000000 151 103 48
1.126760 4.136302 1.593747 0.000001 0.000001 1.000000 151 103 48
1.303919 4.136301 -1.593753 0.000000 -0.000001 -1.000000 151 103 48
1.303919 3.959142 -1.593753 0.000000 -0.000001 -1.000000 151 103 48
1.126760 3.959142 -1.593753 0.000000 -0.000001 -1.000000 151 103 48
-1.303919 4.136302 1.593747 0.000000 1.000000 -0.000000 151 103 48
-1.303919 3.959143 1.593747 -1.000000 -0.000000 0.000000 151 103 48
-1.126761 3.959143 1.593747 0.000000 -1.000000 0.000000 151 103 48
-1.126761 4.136302 1.593747 1.000000 0.000000 -0.000000 151 103 48
-1.126761 3.959143 1.593747 -0.000000 0.000000 1.000000 151 103 48
-1.126761 4.136302 1.593747 -0.000000 0.000000 1.000000 151 103 48
-1.303919 4.136302 1.593747 -0.000000 0.000000 1.000000 151 103 48
-1.126761 4.136301 -1.593753 -0.000001 0.000000 -1.000000 151 103 48
-1.126761 3.959142 -1.593753 -0.000001 0.000000 -1.000000 151 103 48
-1.303919 3.959142 -1.593753 -0.000001 0.000000 -1.000000 151 103 48
-0.302035 7.823421 0.302029 -0.642522 0.766267 -0.000000 238 202 64
0.302048 7.823421 -0.302053 -0.000000 0.766267 -0.642522 238 202 64
0.302048 7.823421 0.302029 0.642521 0.766268 0.000000 238 202 64
-0.302035 7.823421 0.302029 0.000000 0.766267 0.642522 238 202 64
1.448058 6.589931 -1.448060 0.000000 -0.000000 -1.000000 238 202 64
-0.302035 7.823421 -0.302053 0.000000 1.000000 0.000000 238 202 64
1.448058 6.589932 1.448035 0.000000 -1.000000 0.000000 255 255 255
-1.448042 6.589931 -1.448060 -1.000000 0.000000 0.000000 238 202 64
1.448058 6.589932 1.448035 1.000000 -0.000000 -0.000000 238 202 64
-1.448041 6.589932 1.448035 0.000000 0.000000 1.000000 238 202 64
-1.079068 5.269140 -1.274434 -0.000000 1.000000 0.000000 151 103 48
-1.079068 5.151035 -1.274434 0.000000 0.000000 -1.000000 151 103 48
1.079083 5.151035 -1.156328 0.000000 -1.000000 0.000000 151 103 48
-1.079068 5.269140 -1.156328 0.000000 0.000000 1.000000 151 103 48
0.059052 6.283852 -1.274434 1.000000 0.000000 0.000000 151 103 48
-0.059053 4.136301 -1.274434 -0.000000 -0.000000 -1.000000 151 103 48
-0.059054 6.283852 -1.274434 -0.000000 -0.000000 -1.000000 151 103 48
0.059052 6.283852 -1.274434 -0.000000 -0.000000 -1.000000 151 103 48
-0.059054 6.283852 -1.156329 -1.000000 -0.000000 -0.000000 151 103 48
0.059052 6.283852 -1.156329 -0.000001 0.000000 1.000000 151 103 48
0.059052 6.283853 1.156283 1.000000 0.000000 0.000000 151 103 48
-0.059053 4.136302 1.156284 0.000001 -0.000000 -1.000000 151 103 48
-0.059054 6.283853 1.156283 0.000001 -0.000000 -1.000000 151 103 48
0.059052 6.283853 1.156283 0.000001 -0.000000 -1.000000 151 103 48
-0.059054 6.283853 1.274389 -1.000000 -0.000000 -0.000000 151 103 48
0.059052 6.283853 1.274389 -0.000001 0.000000 1.000000 151 103 48
-1.079068 5.269141 1.156283 -0.000000 1.000000 0.000000 151 103 48
-1.079068 5.151036 1.156283 -0.000000 -0.000000 -1.000000 151 103 48
1.079083 5.151036 1.274389 0.000000 -1.000000 0.000000 151 103 48
-1.079068 5.269141 1.274389 0.000000 0.000000 1.000000 151 103 48
-1.593751 6.461011 1.126757 -0.000000 1.000000 0.000000 151 103 48
-1.593751 6.283852 1.126757 0.000000 0.000000 -1.000000 151 103 48
1.593749 6.283853 1.303915 0.000000 -1.000000 -0.000000 151 103 48
-1.593750 6.461011 1.303915 0.000000 0.000000 1.000000 151 103 48
-1.593750 6.461011 1.303915 -1.000000 0.000000 0.000001 151 103 48
1.593749 6.283853 1.303915 1.000000 0.000000 -0.000001 151 103 48
-1.593751 6.461010 -1.303923 -0.000000 1.000000 0.000000 151 103 48
-1.593751 6.283851 -1.303923 0.000000 0.000000 -1.000000 151 103 48
1.593749 6.283852 -1.126764 0.000000 -1.000000 -0.000000 151 103 48
-1.593751 6.461010 -1.126764 0.000000 0.000000 1.000000 151 103 48
-1.593751 6.461010 -1.126764 -1.000000 0.000000 0.000001 151 103 48
1.593749 6.283852 -1.126764 1.000000 0.000000 -0.000001 151 103 48
-1.593750 4.136301 -1.303922 -0.000000 1.000000 0.000000 151 103 48
-1.593750 3.959142 -1.303922 0.000000 -0.000001 -1.000000 151 103 48
1.593750 3.959142 -1.126764 0.000000 -1.000000 -0.000000 151 103 48
-1.593750 4.136301 -1.126764 -0.000000 0.000001 1.000000 151 103 48
-1.593750 4.136301 -1.126764 -1.000000 0.000000 0.000001 151 103 48
1.593750 3.959142 -1.126764 1.000000 -0.000000 -0.000001 151 103 48
-1.593750 4.136302 1.126757 -0.000000 1.000000 0.000000 151 103 48
-1.593750 3.959143 1.126757 0.000000 -0.000001 -1.000000 151 103 48
1.593750 3.959143 1.303916 0.000000 -1.000000 -0.000000 151 103 48
-1.593750 4.136302 1.303916 -0.000000 0.000001 1.000000 151 103 48
-1.593750 4.136302 1.303916 -1.000000 0.000000 0.000001 151 103 48
1.593750 3.959143 1.303916 1.000000 -0.000000 -0.000001 151 103 48
1.303907 2.909791 -1.312948 -0.000001 0.339569 -0.940581 255 255 255
1.126748 2.909791 -1.312948 -0.000001 0.339569 -0.940581 255 255 255
1.126749 3.055498 -1.260345 -0.000001 0.339569 -0.940581 255 255 255
1.126749 3.055498 -1.260345 -0.000001 0.463339 -0.886181 255 255 255
1.126749 3.194122 -1.187865 -0.000001 0.463339 -0.886181 255 255 255
1.303907 3.194122 -1.187866 -0.000001 0.463339 -0.886181 255 255 255
1.126749 3.194122 -1.187865 -0.000001 0.576274 -0.817257 255 255 255
1.126749 3.323477 -1.096653 -0.000001 0.576274 -0.817257 255 255 255
1.303907 3.323477 -1.096653 -0.000001 0.576274 -0.817257 255 255 255
1.126749 3.323477 -1.096653 -0.000000 0.676732 -0.736229 255 255 255
1.126748 3.441524 -0.988146 -0.000000 0.676732 -0.736229 255 255 255
1.303907 3.441524 -0.988146 -0.000000 0.676732 -0.736229 255 255 255
1.126748 3.441524 -0.988146 -0.000001 0.763762 -0.645498 255 255 255
1.126749 3.546400 -0.864055 -0.000001 0.763762 -0.645498 255 255 255
1.303907 3.546400 -0.864055 -0.000001 0.763762 -0.645498 255 255 255
1.126749 3.546400 -0.864055 0.000000 0.836953 -0.547275 255 255 255
1.126749 3.636452 -0.726338 0.000000 0.836953 -0.547275 255 255 255
1.303907 3.636452 -0.726338 0.000000 0.836953 -0.547275 255 255 255
1.126749 3.636452 -0.726338 -0.000001 0.896291 -0.443466 255 255 255
1.126748 3.710259 -0.577166 -0.000001 0.896291 -0.443466 255 255 255
1.303907 3.710259 -0.577167 -0.000001 0.896291 -0.443466 255 255 255
1.126748 3.710259 -0.577166 0.000002 0.941982 -0.335663 255 255 255
1.126749 3.766658 -0.418892 0.000002 0.941982 -0.335663 255 255 255
1.303907 3.766657 -0.418893 0.000002 0.941982 -0.335663 255 255 255
1.126749 3.766658 -0.418892 -0.000001 0.974325 -0.225147 255 255 255
1.126749 3.804758 -0.254013 -0.000001 0.974325 -0.225147 255 255 255
1.303907 3.804758 -0.254013 -0.000001 0.974325 -0.225147 255 255 255
1.126749 3.823961 -0.085127 -0.000000 0.993598 -0.112972 255 255 255
1.126749 3.823961 0.085101 0.000000 1.000000 0.000000 255 255 255
1.126749 3.823961 0.085101 0.000000 0.993599 0.112969 255 255 255
1.126749 3.804759 0.253986 0.000000 0.993599 0.112969 255 255 255
1.303907 3.804759 0.253986 0.000000 0.993599 0.112969 255 255 255
1.126749 3.766658 0.418866 0.000001 0.974325 0.225147 255 255 255
1.126749 3.766658 0.418866 -0.000002 0.941983 0.335661 255 255 255
1.126749 3.710260 0.577140 -0.000002 0.941983 0.335661 255 255 255
1.303907 3.710260 0.577140 -0.000002 0.941983 0.335661 255 255 255
1.126749 3.636453 0.726312 -0.000001 0.896291 0.443467 255 255 255
1.126749 3.636453 0.726312 0.000000 0.836954 0.547273 255 255 255
1.126749 3.546401 0.864029 0.000000 0.836954 0.547273 255 255 255
1.303907 3.546402 0.864029 0.000000 0.836954 0.547273 255 255 255
1.126749 3.441525 0.988120 0.000001 0.763762 0.645498 255 255 255
1.126749 3.323479 1.096628 0.000001 0.676735 0.736227 255 255 255
1.126749 3.323479 1.096628 -0.000001 0.576275 0.817256 255 255 255
1.126749 3.194124 1.187840 -0.000001 0.576275 0.817256 255 255 255
1.303907 3.194124 1.187840 -0.000001 0.576275 0.817256 255 255 255
1.126749 3.194124 1.187840 0.000001 0.463341 0.886180 255 255 255
1.126749 3.055500 1.260320 0.000001 0.463341 0.886180 255 255 255
1.303907 3.055500 1.260320 0.000001 0.463341 0.886180 255 255 255
1.126749 3.055500 1.260320 0.000001 0.339571 0.940581 255 255 255
1.126749 2.909793 1.312923 0.000001 0.339571 0.940581 255 255 255
1.303908 2.909793 1.312923 0.000001 0.339571 0.940581 255 255 255
1.303907 2.865733 -1.122290 1.000000 -0.000001 -0.000000 255 255 255
1.303907 2.909791 -1.312948 1.000000 -0.000001 -0.000000 255 255 255
1.303907 3.055497 -1.260345 1.000000 -0.000001 -0.000000 255 255 255
1.303907 3.219347 -0.937404 1.000000 0.000001 0.000001 255 255 255
1.303907 3.323477 -1.096653 1.000000 0.000001 0.000001 255 255 255
1.303907 3.441524 -0.988146 1.000000 0.000001 0.000001 255 255 255
1.303907 3.546400 -0.864055 1.000000 0.000000 -0.000001 255 255 255
1.303907 3.546400 -0.864055 1.000000 0.000000 0.000000 255 255 255
1.303907 3.486872 -0.620865 1.000000 0.000000 0.000001 255 255 255
1.303907 3.636452 -0.726338 1.000000 0.000000 0.000001 255 255 255
1.303907 3.710259 -0.577167 1.000000 0.000000 0.000001 255 255 255
1.303907 3.549962 -0.493355 1.000000 0.000000 -0.000001 255 255 255
1.303907 3.710259 -0.577167 1.000000 0.000000 -0.000001 255 255 255
1.303907 3.766657 -0.418893 1.000000 0.000000 -0.000001 255 255 255
1.303907 3.804758 -0.254013 1.000000 -0.000000 -0.000001 255 255 255
1.303907 3.823961 -0.085127 1.000000 0.000000 0.000001 255 255 255
1.303907 3.804759 0.253986 1.000000 0.000000 -0.000001 255 255 255
1.303907 3.710260 0.577140 1.000000 -0.000000 0.000000 255 255 255
1.303907 3.710260 0.577140 1.000000 0.000001 0.000000 255 255 255
1.303907 3.636453 0.726312 1.000000 0.000001 0.000000 255 255 255
1.303907 3.486874 0.620839 1.000000 0.000001 0.000000 255 255 255
1.303907 3.636453 0.726312 1.000000 -0.000000 0.000000 255 255 255
1.303907 3.546402 0.864029 1.000000 -0.000000 0.000000 255 255 255
1.303907 3.409899 0.738557 1.000000 -0.000000 0.000000 255 255 255
1.303907 3.546402 0.864029 1.000000 0.000001 -0.000000 255 255 255
1.303907 3.441525 0.988120 1.000000 0.000001 -0.000000 255 255 255
1.303907 3.320252 0.844628 1.000000 0.000001 -0.000000 255 255 255
1.303907 3.323479 1.096627 1.000000 0.000001 -0.000000 255 255 255
1.303907 3.219348 0.937379 1.000000 0.000001 -0.000000 255 255 255
1.303907 3.055500 1.260320 1.000000 0.000001 -0.000001 255 255 255
1.303908 2.909793 1.312923 1.000000 0.000001 -0.000001 255 255 255
1.303907 2.865736 1.122266 1.000000 0.000001 -0.000001 255 255 255
1.303907 2.865733 -1.122290 0.000001 -0.339568 0.940582 255 255 255
1.303907 2.990282 -1.077326 0.000001 -0.339568 0.940582 255 255 255
1.126749 2.990282 -1.077326 0.000001 -0.339568 0.940582 255 255 255
1.303907 2.990282 -1.077326 0.000000 -0.463339 0.886181 255 255 255
1.303907 3.108775 -1.015372 0.000000 -0.463339 0.886181 255 255 255
1.126749 3.108775 -1.015372 0.000000 -0.463339 0.886181 255 255 255
1.303907 3.219347 -0.937404 0.000000 -0.576273 0.817257 255 255 255
1.303907 3.320251 -0.844654 0.000000 -0.676734 0.736228 255 255 255
1.303907 3.409898 -0.738583 0.000000 -0.763760 0.645500 255 255 255
1.303907 3.486872 -0.620865 0.000000 -0.836953 0.547275 255 255 255
1.303907 3.549962 -0.493355 -0.000000 -0.896291 0.443467 255 255 255
1.303907 3.598171 -0.358065 0.000000 -0.941982 0.335662 255 255 255
1.303907 3.598171 -0.358065 0.000000 -0.974324 0.225150 255 255 255
1.303907 3.630739 -0.217128 0.000000 -0.974324 0.225150 255 255 255
1.126749 3.630739 -0.217128 0.000000 -0.974324 0.225150 255 255 255
1.303907 3.647152 -0.072767 0.000000 -0.993599 0.112968 255 255 255
1.303907 3.647152 0.072741 0.000000 -1.000000 0.000000 255 255 255
1.303907 3.630739 0.217102 -0.000000 -0.993599 -0.112968 255 255 255
1.303907 3.598171 0.358038 0.000000 -0.974325 -0.225146 255 255 255
1.303907 3.598171 0.358038 0.000000 -0.941983 -0.335660 255 255 255
1.303907 3.549963 0.493329 0.000000 -0.941983 -0.335660 255 255 255
1.126749 3.549963 0.493329 0.000000 -0.941983 -0.335660 255 255 255
1.303907 3.549963 0.493329 0.000000 -0.896291 -0.443466 255 255 255
1.303907 3.486874 0.620839 0.000000 -0.896291 -0.443466 255 255 255
1.126749 3.486874 0.620839 0.000000 -0.896291 -0.443466 255 255 255
1.303907 3.409899 0.738557 -0.000000 -0.836954 -0.547273 255 255 255
1.303907 3.320252 0.844628 -0.000000 -0.763762 -0.645498 255 255 255
1.303907 3.219348 0.937379 -0.000000 -0.676734 -0.736227 255 255 255
1.303907 3.108777 1.015346 0.000000 -0.576276 -0.817255 255 255 255
1.303907 3.108777 1.015346 -0.000001 -0.463340 -0.886181 255 255 255
1.303907 2.990283 1.077301 -0.000001 -0.463340 -0.886181 255 255 255
1.126749 2.990283 1.077301 -0.000001 -0.463340 -0.886181 255 255 255
1.303907 2.990283 1.077301 0.000000 -0.339572 -0.940580 255 255 255
1.303907 2.865736 1.122266 0.000000 -0.339572 -0.940580 255 255 255
1.126749 2.865736 1.122266 0.000000 -0.339572 -0.940580 255 255 255
1.126749 2.865733 -1.122290 -1.000000 -0.000000 0.000000 255 255 255
1.126749 3.219347 -0.937404 -1.000000 -0.000000 0.000000 255 255 255
1.126749 3.219347 -0.937404 -1.000000 -0.000000 0.000001 255 255 255
1.126749 3.320251 -0.844654 -1.000000 -0.000001 -0.000002 255 255 255
1.126748 3.409898 -0.738583 -1.000000 -0.000001 -0.000002 255 255 255
1.126749 3.546400 -0.864055 -1.000000 -0.000001 -0.000002 255 255 255
1.126748 3.486872 -0.620865 -1.000000 0.000001 -0.000000 255 255 255
1.126748 3.486872 -0.620865 -1.000000 -0.000000 0.000001 255 255 255
1.126749 3.549962 -0.493355 -1.000000 -0.000000 0.000000 255 255 255
1.126749 3.647152 -0.072767 -1.000000 -0.000000 0.000000 255 255 255
1.126749 3.647152 0.072741 -1.000000 -0.000000 0.000001 255 255 255
1.126749 3.804759 0.253986 -1.000000 0.000000 0.000000 255 255 255
1.126749 3.630739 0.217102 -1.000000 0.000000 0.000000 255 255 255
1.126749 3.598171 0.358038 -1.000000 0.000000 0.000000 255 255 255
1.126749 3.549963 0.493329 -1.000000 -0.000000 -0.000001 255 255 255
1.126749 3.486874 0.620839 -1.000000 0.000000 0.000001 255 255 255
1.126749 3.546401 0.864029 -1.000000 -0.000001 0.000001 255 255 255
1.126749 3.409899 0.738557 -1.000000 -0.000001 0.000001 255 255 255
1.126749 3.320252 0.844628 -1.000000 -0.000001 0.000001 255 255 255
1.126749 3.441525 0.988120 -1.000000 -0.000001 0.000001 255 255 255
1.126749 3.219348 0.937379 -1.000000 -0.000001 0.000001 255 255 255
1.126749 3.219348 0.937379 -1.000000 -0.000000 -0.000001 255 255 255
1.126749 2.865736 1.122266 -1.000000 -0.000000 -0.000001 255 255 255
-1.303912 2.909791 -1.312948 0.000000 0.339568 -0.940582 255 255 255
-1.303912 3.055498 -1.260345 0.000000 0.339568 -0.940582 255 255 255
-1.126753 3.055497 -1.260345 0.000000 0.339568 -0.940582 255 255 255
-1.303912 3.055498 -1.260345 -0.000001 0.463339 -0.886181 255 255 255
-1.303912 3.194122 -1.187865 -0.000001 0.463339 -0.886181 255 255 255
-1.126753 3.194122 -1.187866 -0.000001 0.463339 -0.886181 255 255 255
-1.303912 3.194122 -1.187865 -0.000000 0.576273 -0.817257 255 255 255
-1.303912 3.323477 -1.096653 -0.000000 0.576273 -0.817257 255 255 255
-1.126753 3.323477 -1.096653 -0.000000 0.576273 -0.817257 255 255 255
-1.303912 3.441524 -0.988146 -0.000000 0.676733 -0.736229 255 255 255
-1.303912 3.441524 -0.988146 -0.000001 0.763762 -0.645498 255 255 255
-1.303912 3.546400 -0.864055 -0.000001 0.763762 -0.645498 255 255 255
-1.126753 3.546400 -0.864055 -0.000001 0.763762 -0.645498 255 255 255
-1.303912 3.546400 -0.864055 0.000000 0.836952 -0.547276 255 255 255
-1.303912 3.636452 -0.726338 0.000000 0.836952 -0.547276 255 255 255
-1.126753 3.636452 -0.726338 0.000000 0.836952 -0.547276 255 255 255
-1.303912 3.636452 -0.726338 -0.000001 0.896291 -0.443466 255 255 255
-1.303912 3.710259 -0.577166 -0.000001 0.896291 -0.443466 255 255 255
-1.126753 3.710259 -0.577167 -0.000001 0.896291 -0.443466 255 255 255
-1.303912 3.710259 -0.577166 0.000002 0.941982 -0.335663 255 255 255
-1.303912 3.766658 -0.418892 0.000002 0.941982 -0.335663 255 255 255
-1.126753 3.766657 -0.418893 0.000002 0.941982 -0.335663 255 255 255
-1.303912 3.766658 -0.418892 -0.000001 0.974325 -0.225147 255 255 255
-1.303912 3.804758 -0.254013 -0.000001 0.974325 -0.225147 255 255 255
-1.126753 3.804758 -0.254013 -0.000001 0.974325 -0.225147 255 255 255
-1.303912 3.823961 -0.085127 -0.000000 0.993598 -0.112972 255 255 255
-1.303912 3.823961 0.085101 0.000000 1.000000 0.000000 255 255 255
-1.303912 3.823961 0.085101 0.000000 0.993599 0.112969 255 255 255
-1.303911 3.804759 0.253986 0.000000 0.993599 0.112969 255 255 255
-1.126753 3.804759 0.253986 0.000000 0.993599 0.112969 255 255 255
-1.303912 3.766658 0.418866 0.000001 0.974325 0.225147 255 255 255
-1.303912 3.766658 0.418866 -0.000002 0.941983 0.335661 255 255 255
-1.303911 3.710260 0.577140 -0.000002 0.941983 0.335661 255 255 255
-1.126753 3.710260 0.577140 -0.000002 0.941983 0.335661 255 255 255
-1.303911 3.710260 0.577140 -0.000002 0.896291 0.443467 255 255 255
-1.303911 3.636453 0.726312 -0.000002 0.896291 0.443467 255 255 255
-1.126753 3.636453 0.726312 -0.000002 0.896291 0.443467 255 255 255
-1.303911 3.636453 0.726312 0.000000 0.836955 0.547272 255 255 255
-1.303911 3.546401 0.864029 0.000000 0.836955 0.547272 255 255 255
-1.126753 3.546402 0.864029 0.000000 0.836955 0.547272 255 255 255
-1.303911 3.441525 0.988120 0.000001 0.763762 0.645498 255 255 255
-1.303911 3.441525 0.988120 0.000001 0.676734 0.736227 255 255 255
-1.303911 3.323479 1.096628 0.000001 0.676734 0.736227 255 255 255
-1.126753 3.323479 1.096627 0.000001 0.676734 0.736227 255 255 255
-1.303911 3.323479 1.096628 0.000000 0.576276 0.817255 255 255 255
-1.303911 3.194124 1.187840 0.000000 0.576276 0.817255 255 255 255
-1.126753 3.194124 1.187840 0.000000 0.576276 0.817255 255 255 255
-1.303911 3.055500 1.260320 0.000001 0.463340 0.886181 255 255 255
-1.303911 2.909793 1.312923 0.000001 0.339571 0.940580 255 255 255
-1.126753 2.865733 -1.122290 1.000000 -0.000001 -0.000000 255 255 255
-1.126753 2.909791 -1.312948 1.000000 -0.000001 -0.000000 255 255 255
-1.126753 3.055497 -1.260345 1.000000 -0.000001 -0.000000 255 255 255
-1.126753 3.219347 -0.937404 1.000000 0.000001 0.000001 255 255 255
-1.126753 3.323477 -1.096653 1.000000 0.000001 0.000001 255 255 255
-1.126753 3.441524 -0.988146 1.000000 0.000001 0.000001 255 255 255
-1.126753 3.546400 -0.864055 1.000000 0.000000 -0.000001 255 255 255
-1.126753 3.546400 -0.864055 1.000000 0.000000 0.000000 255 255 255
-1.126753 3.486872 -0.620865 1.000000 0.000000 0.000001 255 255 255
-1.126753 3.636452 -0.726338 1.000000 0.000000 0.000001 255 255 255
-1.126753 3.710259 -0.577167 1.000000 0.000000 0.000001 255 255 255
-1.126753 3.549962 -0.493355 1.000000 0.000000 -0.000001 255 255 255
-1.126753 3.710259 -0.577167 1.000000 0.000000 -0.000001 255 255 255
-1.126753 3.766657 -0.418893 1.000000 0.000000 -0.000001 255 255 255
-1.126753 3.804758 -0.254013 1.000000 -0.000000 -0.000001 255 255 255
-1.126753 3.823961 -0.085127 1.000000 0.000000 0.000000 255 255 255
-1.126753 3.804759 0.253986 1.000000 0.000000 -0.000001 255 255 255
-1.126753 3.710260 0.577140 1.000000 -0.000000 0.000000 255 255 255
-1.126753 3.710260 0.577140 1.000000 0.000001 0.000000 255 255 255
-1.126753 3.636453 0.726312 1.000000 0.000001 0.000000 255 255 255
-1.126753 3.486874 0.620839 1.000000 0.000001 0.000000 255 255 255
-1.126753 3.636453 0.726312 1.000000 -0.000000 0.000000 255 255 255
-1.126753 3.546402 0.864029 1.000000 -0.000000 0.000000 255 255 255
-1.126753 3.409899 0.738557 1.000000 -0.000000 0.000000 255 255 255
-1.126753 3.546402 0.864029 1.000000 0.000001 -0.000000 255 255 255
-1.126753 3.441525 0.988120 1.000000 0.000001 -0.000000 255 255 255
-1.126753 3.320252 0.844628 1.000000 0.000001 -0.000000 255 255 255
-1.126753 3.323479 1.096627 1.000000 0.000001 -0.000000 255 255 255
-1.126753 3.219348 0.937379 1.000000 0.000001 -0.000000 255 255 255
-1.126753 3.055500 1.260320 1.000000 0.000001 -0.000001 255 255 255
-1.126753 2.909793 1.312923 1.000000 0.000001 -0.000001 255 255 255
-1.126753 2.865736 1.122265 1.000000 0.000001 -0.000001 255 255 255
-1.126753 2.865733 -1.122290 0.000000 -0.339568 0.940581 255 255 255
-1.126753 2.990282 -1.077326 0.000000 -0.339568 0.940581 255 255 255
-1.303912 2.990282 -1.077326 0.000000 -0.339568 0.940581 255 255 255
-1.126753 3.108775 -1.015371 0.000000 -0.463339 0.886181 255 255 255
-1.126753 3.219347 -0.937404 0.000000 -0.576273 0.817257 255 255 255
-1.126753 3.320251 -0.844654 0.000000 -0.676734 0.736228 255 255 255
-1.126753 3.320251 -0.844654 0.000000 -0.763761 0.645499 255 255 255
-1.126753 3.409898 -0.738583 0.000000 -0.763761 0.645499 255 255 255
-1.303912 3.409898 -0.738583 0.000000 -0.763761 0.645499 255 255 255
-1.126753 3.486872 -0.620865 -0.000000 -0.836953 0.547275 255 255 255
-1.126753 3.549962 -0.493355 -0.000000 -0.896291 0.443467 255 255 255
-1.126753 3.549962 -0.493355 0.000000 -0.941982 0.335662 255 255 255
-1.126753 3.598171 -0.358065 0.000000 -0.941982 0.335662 255 255 255
-1.303912 3.598171 -0.358065 0.000000 -0.941982 0.335662 255 255 255
-1.126753 3.630739 -0.217128 0.000000 -0.974324 0.225151 255 255 255
-1.126753 3.647152 -0.072767 0.000000 -0.993599 0.112968 255 255 255
-1.126753 3.647152 0.072741 0.000000 -1.000000 0.000000 255 255 255
-1.126753 3.630739 0.217102 -0.000000 -0.993599 -0.112968 255 255 255
-1.126753 3.598171 0.358038 -0.000000 -0.974325 -0.225146 255 255 255
-1.126753 3.598171 0.358038 0.000000 -0.941983 -0.335660 255 255 255
-1.126753 3.549963 0.493329 0.000000 -0.941983 -0.335660 255 255 255
-1.303912 3.549963 0.493329 0.000000 -0.941983 -0.335660 255 255 255
-1.126753 3.486874 0.620839 0.000000 -0.896291 -0.443466 255 255 255
-1.126753 3.486874 0.620839 0.000000 -0.836954 -0.547273 255 255 255
-1.126753 3.409899 0.738557 0.000000 -0.836954 -0.547273 255 255 255
-1.303911 3.409899 0.738557 0.000000 -0.836954 -0.547273 255 255 255
-1.126753 3.320252 0.844628 -0.000000 -0.763762 -0.645498 255 255 255
-1.126753 3.219348 0.937379 -0.000000 -0.676734 -0.736227 255 255 255
-1.126753 3.108777 1.015346 0.000000 -0.576276 -0.817255 255 255 255
-1.126753 2.990283 1.077301 0.000000 -0.463340 -0.886181 255 255 255
-1.126753 2.990283 1.077301 -0.000001 -0.339572 -0.940580 255 255 255
-1.126753 2.865736 1.122265 -0.000001 -0.339572 -0.940580 255 255 255
-1.303911 2.865736 1.122266 -0.000001 -0.339572 -0.940580 255 255 255
-1.303912 2.865733 -1.122290 -1.000000 -0.000000 0.000000 255 255 255
-1.303912 3.219347 -0.937404 -1.000000 -0.000000 0.000000 255 255 255
-1.303912 3.219347 -0.937404 -1.000000 -0.000000 0.000001 255 255 255
-1.303912 3.320251 -0.844654 -1.000000 -0.000001 -0.000002 255 255 255
-1.303912 3.409898 -0.738583 -1.000000 -0.000001 -0.000002 255 255 255
-1.303912 3.546400 -0.864055 -1.000000 -0.000001 -0.000002 255 255 255
-1.303912 3.486872 -0.620865 -1.000000 0.000001 -0.000000 255 255 255
-1.303912 3.486872 -0.620865 -1.000000 -0.000000 0.000001 255 255 255
-1.303912 3.549962 -0.493355 -1.000000 -0.000000 0.000000 255 255 255
-1.303912 3.630739 -0.217128 -1.000000 -0.000000 0.000000 255 255 255
-1.303912 3.647152 -0.072767 -1.000000 0.000000 0.000001 255 255 255
-1.303912 3.647152 -0.072767 -1.000000 0.000000 0.000000 255 255 255
-1.303912 3.647152 0.072741 -1.000000 -0.000000 0.000001 255 255 255
-1.303911 3.804759 0.253986 -1.000000 0.000000 0.000000 255 255 255
-1.303911 3.630739 0.217102 -1.000000 0.000000 0.000000 255 255 255
-1.303911 3.598171 0.358038 -1.000000 0.000000 0.000000 255 255 255
-1.303912 3.549963 0.493329 -1.000000 -0.000000 -0.000001 255 255 255
-1.303911 3.486874 0.620838 -1.000000 0.000000 0.000001 255 255 255
-1.303911 3.546401 0.864029 -1.000000 -0.000001 0.000001 255 255 255
-1.303911 3.409899 0.738557 -1.000000 -0.000001 0.000001 255 255 255
-1.303911 3.320252 0.844628 -1.000000 -0.000001 0.000001 255 255 255
-1.303911 3.441525 0.988120 -1.000000 -0.000001 0.000001 255 255 255
-1.303911 3.219348 0.937379 -1.000000 -0.000001 0.000001 255 255 255
-1.303911 3.219348 0.937379 -1.000000 -0.000000 -0.000001 255 255 255
-1.303911 2.865736 1.122266 -1.000000 -0.000000 -0.000001 255 255 255
1.260332 3.055497 -1.303922 0.940581 0.339570 -0.000001 255 255 255
1.187853 3.194122 -1.303922 0.886181 0.463339 -0.000001 255 255 255
1.187853 3.194122 -1.303922 0.817257 0.576273 -0.000001 255 255 255
1.096640 3.323477 -1.303922 0.817257 0.576273 -0.000001 255 255 255
1.096640 3.323477 -1.126763 0.817257 0.576273 -0.000001 255 255 255
1.096640 3.323477 -1.303922 0.736228 0.676733 0.000001 255 255 255
0.988133 3.441524 -1.303922 0.736228 0.676733 0.000001 255 255 255
0.988133 3.441523 -1.126763 0.736228 0.676733 0.000001 255 255 255
0.988133 3.441524 -1.303922 0.645498 0.763762 -0.000000 255 255 255
0.864042 3.546400 -1.303922 0.645498 0.763762 -0.000000 255 255 255
0.864042 3.546400 -1.126763 0.645498 0.763762 -0.000000 255 255 255
0.726325 3.636452 -1.303922 0.547275 0.836953 0.000000 255 255 255
0.726325 3.636452 -1.303922 0.443466 0.896291 -0.000001 255 255 255
0.577153 3.710259 -1.303922 0.443466 0.896291 -0.000001 255 255 255
0.577154 3.710259 -1.126764 0.443466 0.896291 -0.000001 255 255 255
0.577153 3.710259 -1.303922 0.335663 0.941982 0.000002 255 255 255
0.418879 3.766658 -1.303922 0.335663 0.941982 0.000002 255 255 255
0.418880 3.766657 -1.126764 0.335663 0.941982 0.000002 255 255 255
0.418879 3.766658 -1.303922 0.225146 0.974325 -0.000001 255 255 255
0.254000 3.804758 -1.303922 0.225146 0.974325 -0.000001 255 255 255
0.254000 3.804758 -1.126764 0.225146 0.974325 -0.000001 255 255 255
0.085114 3.823960 -1.303922 0.112972 0.993598 -0.000000 255 255 255
-0.085114 3.823960 -1.303922 0.000000 1.000000 0.000000 255 255 255
-0.085114 3.823960 -1.303922 -0.112969 0.993598 0.000000 255 255 255
-0.253999 3.804758 -1.303922 -0.112969 0.993598 0.000000 255 255 255
-0.253999 3.804758 -1.126763 -0.112969 0.993598 0.000000 255 255 255
-0.418879 3.766658 -1.303922 -0.225149 0.974324 0.000001 255 255 255
-0.418879 3.766658 -1.303922 -0.335661 0.941983 -0.000002 255 255 255
-0.577153 3.710259 -1.303922 -0.335661 0.941983 -0.000002 255 255 255
-0.577153 3.710260 -1.126763 -0.335661 0.941983 -0.000002 255 255 255
-0.726325 3.636452 -1.303922 -0.443467 0.896291 -0.000002 255 255 255
-0.726325 3.636452 -1.303922 -0.547273 0.836954 -0.000000 255 255 255
-0.864042 3.546401 -1.303922 -0.547273 0.836954 -0.000000 255 255 255
-0.864042 3.546401 -1.126763 -0.547273 0.836954 -0.000000 255 255 255
-0.988133 3.441525 -1.303922 -0.645498 0.763762 0.000000 255 255 255
-0.988133 3.441525 -1.303922 -0.736228 0.676734 -0.000000 255 255 255
-1.096640 3.323478 -1.303922 -0.736228 0.676734 -0.000000 255 255 255
-1.096640 3.323478 -1.126763 -0.736228 0.676734 -0.000000 255 255 255
-1.187853 3.194123 -1.303922 -0.817256 0.576275 0.000000 255 255 255
-1.187853 3.194123 -1.303922 -0.886181 0.463340 0.000001 255 255 255
-1.260333 3.055499 -1.303922 -0.886181 0.463340 0.000001 255 255 255
-1.260332 3.055499 -1.126763 -0.886181 0.463340 0.000001 255 255 255
-1.312936 2.909792 -1.303922 -0.940581 0.339571 0.000001 255 255 255
1.312935 2.909791 -1.126763 0.000001 0.000000 1.000000 255 255 255
0.937392 3.219346 -1.126763 0.000000 0.000000 1.000000 255 255 255
1.096640 3.323477 -1.126763 0.000000 0.000000 1.000000 255 255 255
0.988133 3.441523 -1.126763 0.000000 0.000000 1.000000 255 255 255
0.738571 3.409897 -1.126763 -0.000001 0.000000 1.000000 255 255 255
0.864042 3.546400 -1.126763 -0.000001 0.000000 1.000000 255 255 255
0.726325 3.636451 -1.126764 -0.000001 0.000000 1.000000 255 255 255
0.577154 3.710259 -1.126764 0.000000 0.000001 1.000000 255 255 255
0.577154 3.710259 -1.126764 0.000000 0.000000 1.000000 255 255 255
0.085114 3.823960 -1.126764 0.000000 0.000000 1.000000 255 255 255
-0.085113 3.823960 -1.126763 0.000001 0.000001 1.000000 255 255 255
-0.085113 3.823960 -1.126763 -0.000000 0.000001 1.000000 255 255 255
-0.253999 3.804758 -1.126763 -0.000000 0.000001 1.000000 255 255 255
-0.217115 3.630738 -1.126763 -0.000000 0.000001 1.000000 255 255 255
-0.253999 3.804758 -1.126763 0.000000 -0.000000 1.000000 255 255 255
-0.418879 3.766658 -1.126763 0.000000 -0.000000 1.000000 255 255 255
-0.358051 3.598171 -1.126763 0.000000 -0.000000 1.000000 255 255 255
-0.418879 3.766658 -1.126763 -0.000000 0.000001 1.000000 255 255 255
-0.726324 3.636452 -1.126763 0.000001 0.000000 1.000000 255 255 255
-0.864042 3.546401 -1.126763 0.000001 0.000000 1.000000 255 255 255
-0.738570 3.409898 -1.126763 0.000001 0.000000 1.000000 255 255 255
-0.988133 3.441525 -1.126763 0.000000 -0.000000 1.000000 255 255 255
-1.096640 3.323478 -1.126763 -0.000000 0.000000 1.000000 255 255 255
-0.937392 3.219347 -1.126763 -0.000000 0.000000 1.000000 255 255 255
-1.096640 3.323478 -1.126763 0.000000 0.000001 1.000000 255 255 255
-1.187853 3.194123 -1.126763 -0.000001 0.000000 1.000000 255 255 255
-1.260332 3.055499 -1.126763 0.000000 0.000001 1.000000 255 255 255
-1.312936 2.909792 -1.126763 0.000000 0.000001 1.000000 255 255 255
-1.122278 2.865735 -1.126763 0.000000 0.000001 1.000000 255 255 255
1.077313 2.990281 -1.126763 -0.940581 -0.339570 0.000001 255 255 255
1.015359 3.108775 -1.126763 -0.886182 -0.463338 0.000001 255 255 255
1.015359 3.108775 -1.126763 -0.817257 -0.576274 0.000000 255 255 255
0.937392 3.219346 -1.126763 -0.817257 -0.576274 0.000000 255 255 255
0.937392 3.219346 -1.303922 -0.817257 -0.576274 0.000000 255 255 255
0.937392 3.219346 -1.126763 -0.736228 -0.676734 0.000000 255 255 255
0.738571 3.409897 -1.126763 -0.645500 -0.763760 -0.000000 255 255 255
0.738571 3.409897 -1.126763 -0.547275 -0.836953 -0.000000 255 255 255
0.620852 3.486872 -1.126763 -0.443467 -0.896291 -0.000000 255 255 255
0.358052 3.598170 -1.126764 -0.335661 -0.941983 0.000000 255 255 255
0.358052 3.598170 -1.126764 -0.225151 -0.974324 -0.000000 255 255 255
0.217115 3.630738 -1.126764 -0.112968 -0.993599 -0.000000 255 255 255
0.072755 3.647151 -1.126763 0.000000 -1.000000 0.000000 255 255 255
-0.217115 3.630738 -1.126763 0.112968 -0.993599 0.000000 255 255 255
-0.217115 3.630738 -1.126763 0.225146 -0.974325 0.000000 255 255 255
-0.358051 3.598171 -1.126763 0.335662 -0.941983 -0.000000 255 255 255
-0.493342 3.549962 -1.126763 0.443466 -0.896291 0.000000 255 255 255
-0.620851 3.486873 -1.126763 0.443466 -0.896291 0.000000 255 255 255
-0.620851 3.486873 -1.303922 0.443466 -0.896291 0.000000 255 255 255
-0.620851 3.486873 -1.126763 0.547273 -0.836954 0.000000 255 255 255
-0.844641 3.320252 -1.126763 0.645498 -0.763762 0.000000 255 255 255
-0.844641 3.320252 -1.303922 0.736226 -0.676735 0.000000 255 255 255
-0.844641 3.320252 -1.126763 0.736226 -0.676735 0.000000 255 255 255
-0.937392 3.219347 -1.126763 0.736226 -0.676735 0.000000 255 255 255
-0.937392 3.219347 -1.126763 0.817256 -0.576274 -0.000001 255 255 255
-1.015359 3.108777 -1.126763 0.817256 -0.576274 -0.000001 255 255 255
-1.015359 3.108777 -1.303922 0.817256 -0.576274 -0.000001 255 255 255
-1.077314 2.990283 -1.126763 0.886180 -0.463340 -0.000001 255 255 255
-1.122278 2.865735 -1.126763 0.940580 -0.339571 -0.000001 255 255 255
0.937392 3.219346 -1.303922 0.000000 -0.000000 -1.000000 255 255 255
0.738571 3.409897 -1.303922 -0.000000 -0.000000 -1.000000 255 255 255
0.738571 3.409897 -1.303922 0.000001 -0.000000 -1.000000 255 255 255
0.620852 3.486872 -1.303922 -0.000000 -0.000001 -1.000000 255 255 255
0.493342 3.549962 -1.303922 -0.000000 -0.000001 -1.000000 255 255 255
0.577153 3.710259 -1.303922 -0.000000 -0.000001 -1.000000 255 255 255
0.493342 3.549962 -1.303922 0.000000 -0.000000 -1.000000 255 255 255
0.217115 3.630738 -1.303922 -0.000001 -0.000001 -1.000000 255 255 255
0.072755 3.647151 -1.303922 -0.000001 -0.000001 -1.000000 255 255 255
0.085114 3.823960 -1.303922 -0.000001 -0.000001 -1.000000 255 255 255
0.085114 3.823960 -1.303922 0.000001 -0.000001 -1.000000 255 255 255
0.072755 3.647151 -1.303922 0.000001 -0.000001 -1.000000 255 255 255
-0.072754 3.647151 -1.303922 0.000001 -0.000001 -1.000000 255 255 255
-0.217115 3.630738 -1.303922 -0.000001 0.000001 -1.000000 255 255 255
-0.253999 3.804758 -1.303922 0.000000 -0.000001 -1.000000 255 255 255
-0.217115 3.630738 -1.303922 0.000000 -0.000001 -1.000000 255 255 255
-0.358051 3.598171 -1.303922 0.000000 -0.000001 -1.000000 255 255 255
-0.418879 3.766658 -1.303922 0.000000 0.000000 -1.000000 255 255 255
-0.358051 3.598171 -1.303922 0.000000 0.000000 -1.000000 255 255 255
-0.493341 3.549962 -1.303922 0.000000 0.000000 -1.000000 255 255 255
-0.577153 3.710259 -1.303922 0.000000 -0.000001 -1.000000 255 255 255
-0.493341 3.549962 -1.303922 0.000000 -0.000001 -1.000000 255 255 255
-0.620851 3.486873 -1.303922 0.000000 -0.000001 -1.000000 255 255 255
-0.738570 3.409898 -1.303922 -0.000001 -0.000000 -1.000000 255 255 255
-0.738570 3.409898 -1.303922 0.000000 -0.000000 -1.000000 255 255 255
-0.937392 3.219347 -1.303922 0.000000 -0.000000 -1.000000 255 255 255
-1.096640 3.323478 -1.303922 0.000000 0.000000 -1.000000 255 255 255
-1.015359 3.108777 -1.303922 0.000000 0.000000 -1.000000 255 255 255
-1.187853 3.194123 -1.303922 -0.000001 -0.000001 -1.000000 255 255 255
-1.015359 3.108777 -1.303922 -0.000001 -0.000001 -1.000000 255 255 255
-1.077314 2.990283 -1.303922 -0.000001 -0.000001 -1.000000 255 255 255
-1.122278 2.865735 -1.303922 0.000000 0.000000 -1.000000 255 255 255
1.260332 3.055498 1.126738 0.940581 0.339569 -0.000001 255 255 255
1.187853 3.194123 1.126738 0.886181 0.463339 -0.000001 255 255 255
1.187853 3.194123 1.126738 0.817257 0.576274 -0.000001 255 255 255
1.096640 3.323478 1.126738 0.817257 0.576274 -0.000001 255 255 255
1.096640 3.323478 1.303897 0.817257 0.576274 -0.000001 255 255 255
1.096640 3.323478 1.126738 0.736228 0.676733 0.000001 255 255 255
0.988133 3.441525 1.126738 0.736228 0.676733 0.000001 255 255 255
0.988133 3.441524 1.303897 0.736228 0.676733 0.000001 255 255 255
0.988133 3.441525 1.126738 0.645498 0.763762 -0.000000 255 255 255
0.864042 3.546401 1.126738 0.645498 0.763762 -0.000000 255 255 255
0.864042 3.546401 1.303897 0.645498 0.763762 -0.000000 255 255 255
0.726325 3.636453 1.126738 0.547275 0.836953 0.000000 255 255 255
0.726325 3.636453 1.126738 0.443466 0.896291 -0.000001 255 255 255
0.577153 3.710260 1.126738 0.443466 0.896291 -0.000001 255 255 255
0.577154 3.710260 1.303897 0.443466 0.896291 -0.000001 255 255 255
0.577153 3.710260 1.126738 0.335663 0.941982 0.000002 255 255 255
0.418879 3.766659 1.126738 0.335663 0.941982 0.000002 255 255 255
0.418880 3.766658 1.303897 0.335663 0.941982 0.000002 255 255 255
0.418879 3.766659 1.126738 0.225146 0.974325 -0.000001 255 255 255
0.254000 3.804759 1.126738 0.225146 0.974325 -0.000001 255 255 255
0.254000 3.804759 1.303897 0.225146 0.974325 -0.000001 255 255 255
0.085114 3.823961 1.126738 0.112972 0.993598 -0.000000 255 255 255
-0.085114 3.823961 1.126738 0.000000 1.000000 0.000000 255 255 255
-0.253999 3.804759 1.126738 -0.112969 0.993598 0.000000 255 255 255
-0.418879 3.766659 1.126738 -0.225149 0.974324 0.000001 255 255 255
-0.418879 3.766659 1.126738 -0.335661 0.941983 -0.000002 255 255 255
-0.577153 3.710260 1.126738 -0.335661 0.941983 -0.000002 255 255 255
-0.577153 3.710261 1.303897 -0.335661 0.941983 -0.000002 255 255 255
-0.726325 3.636453 1.126738 -0.443467 0.896291 -0.000002 255 255 255
-0.726325 3.636453 1.126738 -0.547273 0.836954 -0.000000 255 255 255
-0.864042 3.546402 1.126738 -0.547273 0.836954 -0.000000 255 255 255
-0.864042 3.546402 1.303897 -0.547273 0.836954 -0.000000 255 255 255
-0.988133 3.441525 1.126738 -0.645498 0.763762 0.000000 255 255 255
-0.988133 3.441525 1.126738 -0.736228 0.676734 0.000000 255 255 255
-1.096640 3.323479 1.126739 -0.736228 0.676734 0.000000 255 255 255
-1.096640 3.323479 1.303897 -0.736228 0.676734 0.000000 255 255 255
-1.096640 3.323479 1.126739 -0.817256 0.576275 0.000000 255 255 255
-1.187853 3.194124 1.126739 -0.817256 0.576275 0.000000 255 255 255
-1.187853 3.194124 1.303897 -0.817256 0.576275 0.000000 255 255 255
-1.187853 3.194124 1.126739 -0.886180 0.463341 0.000001 255 255 255
-1.260333 3.055500 1.126739 -0.886180 0.463341 0.000001 255 255 255
-1.260332 3.055500 1.303897 -0.886180 0.463341 0.000001 255 255 255
-1.260333 3.055500 1.126739 -0.940581 0.339570 0.000001 255 255 255
-1.312936 2.909793 1.126739 -0.940581 0.339570 0.000001 255 255 255
-1.312936 2.909793 1.303897 -0.940581 0.339570 0.000001 255 255 255
1.312935 2.909792 1.303897 0.000001 0.000000 1.000000 255 255 255
0.937392 3.219347 1.303897 0.000000 0.000000 1.000000 255 255 255
1.096640 3.323478 1.303897 0.000000 0.000000 1.000000 255 255 255
0.988133 3.441524 1.303897 0.000000 0.000000 1.000000 255 255 255
0.738571 3.409898 1.303897 -0.000001 0.000000 1.000000 255 255 255
0.864042 3.546401 1.303897 -0.000001 0.000000 1.000000 255 255 255
0.726325 3.636452 1.303897 -0.000001 0.000000 1.000000 255 255 255
0.493342 3.549963 1.303897 0.000001 0.000000 1.000000 255 255 255
0.577154 3.710260 1.303897 0.000001 0.000000 1.000000 255 255 255
0.418880 3.766658 1.303897 0.000001 0.000000 1.000000 255 255 255
0.217115 3.630739 1.303897 -0.000001 0.000000 1.000000 255 255 255
0.254000 3.804759 1.303897 -0.000001 0.000000 1.000000 255 255 255
0.085114 3.823961 1.303897 -0.000001 0.000000 1.000000 255 255 255
0.072755 3.647152 1.303897 0.000001 0.000001 1.000000 255 255 255
0.085114 3.823961 1.303897 0.000001 0.000001 1.000000 255 255 255
-0.085113 3.823961 1.303897 0.000001 0.000001 1.000000 255 255 255
-0.085113 3.823961 1.303897 -0.000000 0.000001 1.000000 255 255 255
-0.253999 3.804759 1.303897 -0.000000 0.000001 1.000000 255 255 255
-0.217115 3.630739 1.303897 -0.000000 0.000001 1.000000 255 255 255
-0.253999 3.804759 1.303897 0.000000 -0.000000 1.000000 255 255 255
-0.418879 3.766659 1.303897 0.000000 -0.000000 1.000000 255 255 255
-0.358051 3.598172 1.303897 0.000000 -0.000000 1.000000 255 255 255
-0.418879 3.766659 1.303897 -0.000000 0.000001 1.000000 255 255 255
-0.577153 3.710261 1.303897 0.000001 0.000000 1.000000 255 255 255
-0.864042 3.546402 1.303897 0.000001 0.000000 1.000000 255 255 255
-0.988133 3.441526 1.303897 0.000000 -0.000000 1.000000 255 255 255
-1.096640 3.323479 1.303897 -0.000000 0.000000 1.000000 255 255 255
-0.937392 3.219348 1.303897 -0.000000 0.000000 1.000000 255 255 255
-1.096640 3.323479 1.303897 0.000000 0.000001 1.000000 255 255 255
-1.187853 3.194124 1.303897 -0.000001 0.000000 1.000000 255 255 255
-1.260332 3.055500 1.303897 0.000000 0.000001 1.000000 255 255 255
-1.312936 2.909793 1.303897 0.000000 0.000001 1.000000 255 255 255
-1.122278 2.865736 1.303897 0.000000 0.000001 1.000000 255 255 255
1.077313 2.990282 1.303897 -0.940581 -0.339569 0.000001 255 255 255
1.015359 3.108776 1.303897 -0.886182 -0.463338 0.000001 255 255 255
1.015359 3.108776 1.303897 -0.817256 -0.576275 0.000000 255 255 255
0.937392 3.219347 1.303897 -0.817256 -0.576275 0.000000 255 255 255
0.937392 3.219347 1.126738 -0.817256 -0.576275 0.000000 255 255 255
0.937392 3.219347 1.303897 -0.736228 -0.676734 0.000000 255 255 255
0.844641 3.320251 1.303897 -0.645500 -0.763761 -0.000000 255 255 255
0.738571 3.409898 1.303897 -0.645500 -0.763761 -0.000000 255 255 255
0.738571 3.409898 1.126738 -0.645500 -0.763761 -0.000000 255 255 255
0.738571 3.409898 1.303897 -0.547275 -0.836953 -0.000000 255 255 255
0.620852 3.486873 1.303897 -0.443467 -0.896291 -0.000000 255 255 255
0.493342 3.549963 1.303897 -0.335661 -0.941983 0.000000 255 255 255
0.358052 3.598171 1.303897 -0.335661 -0.941983 0.000000 255 255 255
0.358052 3.598171 1.126738 -0.335661 -0.941983 0.000000 255 255 255
0.358052 3.598171 1.303897 -0.225151 -0.974324 0.000000 255 255 255
0.217115 3.630739 1.303897 -0.112968 -0.993599 -0.000000 255 255 255
0.072755 3.647152 1.303897 0.000000 -1.000000 -0.000000 255 255 255
-0.217115 3.630739 1.303897 0.112968 -0.993599 0.000000 255 255 255
-0.217115 3.630739 1.303897 0.225146 -0.974325 0.000000 255 255 255
-0.358051 3.598172 1.126738 0.335662 -0.941983 0.000000 255 255 255
-0.358051 3.598172 1.303897 0.335662 -0.941983 0.000000 255 255 255
-0.493342 3.549963 1.303897 0.335662 -0.941983 0.000000 255 255 255
-0.620851 3.486874 1.303897 0.443466 -0.896291 0.000000 255 255 255
-0.620851 3.486874 1.303897 0.547273 -0.836954 0.000000 255 255 255
-0.844641 3.320253 1.303897 0.645498 -0.763762 0.000000 255 255 255
-0.844641 3.320253 1.126739 0.736226 -0.676735 0.000000 255 255 255
-0.844641 3.320253 1.303897 0.736226 -0.676735 0.000000 255 255 255
-0.937392 3.219348 1.303897 0.736226 -0.676735 0.000000 255 255 255
-0.937392 3.219348 1.303897 0.817257 -0.576274 -0.000001 255 255 255
-1.015359 3.108778 1.303897 0.817257 -0.576274 -0.000001 255 255 255
-1.015359 3.108778 1.126739 0.817257 -0.576274 -0.000001 255 255 255
-1.077313 2.990284 1.303897 0.886180 -0.463340 -0.000001 255 255 255
-1.122278 2.865736 1.303897 0.940580 -0.339572 -0.000001 255 255 255
0.937392 3.219347 1.126738 -0.000001 -0.000000 -1.000000 255 255 255
0.738571 3.409898 1.126738 -0.000000 -0.000000 -1.000000 255 255 255
0.738571 3.409898 1.126738 0.000001 -0.000000 -1.000000 255 255 255
0.620852 3.486873 1.126738 -0.000000 -0.000001 -1.000000 255 255 255
0.493342 3.549963 1.126738 -0.000000 -0.000001 -1.000000 255 255 255
0.577153 3.710260 1.126738 -0.000000 -0.000001 -1.000000 255 255 255
0.493342 3.549963 1.126738 0.000000 -0.000000 -1.000000 255 255 255
0.358052 3.598171 1.126738 0.000001 0.000000 -1.000000 255 255 255
0.217115 3.630739 1.126738 0.000001 0.000000 -1.000000 255 255 255
0.254000 3.804759 1.126738 0.000001 0.000000 -1.000000 255 255 255
0.217115 3.630739 1.126738 -0.000001 -0.000001 -1.000000 255 255 255
0.072755 3.647152 1.126738 -0.000001 -0.000001 -1.000000 255 255 255
0.085114 3.823961 1.126738 -0.000001 -0.000001 -1.000000 255 255 255
0.085114 3.823961 1.126738 0.000001 -0.000001 -1.000000 255 255 255
0.072755 3.647152 1.126738 0.000001 -0.000001 -1.000000 255 255 255
-0.072754 3.647152 1.126738 0.000001 -0.000001 -1.000000 255 255 255
-0.217115 3.630739 1.126738 -0.000001 0.000001 -1.000000 255 255 255
-0.253999 3.804759 1.126738 0.000000 -0.000001 -1.000000 255 255 255
-0.217115 3.630739 1.126738 0.000000 -0.000001 -1.000000 255 255 255
-0.358051 3.598172 1.126738 0.000000 -0.000001 -1.000000 255 255 255
-0.493341 3.549963 1.126738 -0.000001 -0.000000 -1.000000 255 255 255
-0.620851 3.486874 1.126738 0.000000 -0.000001 -1.000000 255 255 255
-0.738570 3.409899 1.126739 -0.000001 -0.000000 -1.000000 255 255 255
-0.738570 3.409899 1.126739 0.000000 -0.000000 -1.000000 255 255 255
-0.937392 3.219348 1.126739 0.000000 -0.000000 -1.000000 255 255 255
-1.096640 3.323479 1.126739 0.000000 0.000000 -1.000000 255 255 255
-1.015359 3.108778 1.126739 0.000000 0.000000 -1.000000 255 255 255
-1.187853 3.194124 1.126739 -0.000001 -0.000001 -1.000000 255 255 255
-1.015359 3.108778 1.126739 -0.000001 -0.000001 -1.000000 255 255 255
-1.077314 2.990284 1.126739 -0.000001 -0.000001 -1.000000 255 255 255
-1.122278 2.865736 1.126739 0.000000 0.000000 -1.000000 255 255 255
1.079083 -0.000000 -1.351633 -1.000000 -0.000000 0.000000 255 255 255
1.351634 -0.000000 -1.351633 0.000000 -0.000000 -1.000000 255 255 255
1.351635 -0.000000 -1.079081 1.000000 0.000000 -0.000000 255 255 255
1.079083 -0.000000 -1.079081 -0.000000 0.000000 1.000000 255 255 255
1.351634 6.682831 -1.079083 -0.000000 0.000000 1.000000 151 103 48
1.079082 6.682831 -1.351635 -0.000000 -0.000000 -1.000000 151 103 48
1.079082 6.682831 -1.079083 -1.000000 -0.000000 0.000000 151 103 48
1.351634 3.849300 -1.351634 1.000000 0.000000 -0.000000 151 103 48
-1.351619 -0.000001 -1.351633 -1.000000 -0.000000 0.000000 255 255 255
-1.079068 -0.000001 -1.351633 -0.000000 -0.000000 -1.000000 255 255 255
-1.079068 -0.000000 -1.079081 1.000000 0.000000 -0.000000 255 255 255
-1.351619 -0.000000 -1.079081 -0.000000 0.000000 1.000000 255 255 255
-1.079068 6.682831 -1.079083 -0.000000 0.000000 1.000000 151 103 48
-1.351620 6.682831 -1.351635 0.000000 -0.000000 -1.000000 151 103 48
-1.351620 6.682831 -1.079083 -1.000000 -0.000000 0.000000 151 103 48
-1.079068 3.849300 -1.351634 1.000000 0.000000 -0.000000 151 103 48
-1.351619 0.000000 1.079062 -1.000000 -0.000000 0.000000 255 255 255
-1.079068 0.000000 1.079062 -0.000000 -0.000000 -1.000000 255 255 255
-1.079068 0.000000 1.351613 1.000000 0.000000 -0.000000 255 255 255
-1.351619 0.000000 1.351613 -0.000000 0.000000 1.000000 255 255 255
-1.079068 3.849300 1.079061 1.000000 0.000000 -0.000000 151 103 48
-1.079068 6.682833 1.351612 -0.000000 0.000000 1.000000 151 103 48
-1.351620 6.682833 1.079060 0.000000 -0.000000 -1.000000 151 103 48
-1.351620 6.682833 1.351611 -1.000000 -0.000000 0.000000 151 103 48
1.079083 0.000000 1.079062 -1.000000 -0.000000 0.000000 255 255 255
1.351634 0.000000 1.079062 0.000000 -0.000000 -1.000000 255 255 255
1.351635 0.000001 1.351613 1.000000 0.000000 -0.000000 255 255 255
1.079083 0.000001 1.351614 0.000000 0.000000 1.000000 255 255 255
1.351634 6.682832 1.351612 0.000000 0.000000 1.000000 151 103 48
1.079082 6.682832 1.079060 -0.000000 -0.000000 -1.000000 151 103 48
1.079082 6.682832 1.351612 -1.000000 -0.000000 0.000000 151 103 48
1.351634 3.849300 1.079061 1.000000 0.000000 -0.000000 151 103 48
3 0 1 2
3 3 4 1
3 5 6 4
3 7 8 6
3 9 10 8
3 11 12 10
3 13 14 12
3 15 16 14
3 17 18 16
3 19 20 18
3 21 22 20
3 23 24 22
3 25 26 24
3 27 28 26
3 29 30 28
3 31 32 30
3 33 34 32
3 35 36 34
3 37 38 36
3 39 40 38
3 41 42 40
3 43 44 42
3 45 46 44
3 47 48 46
3 49 50 48
3 51 52 50
3 53 54 52
3 55 56 54
3 57 58 56
3 59 60 58
3 61 62 63
3 64 65 60
3 66 2 65
3 67 68 69
3 70 71 72
3 73 74 75
3 76 72 77
3 78 75 79
3 80 77 81
3 82 79 83
3 84 81 85
3 86 83 87
3 88 85 89
3 90 87 91
3 92 89 93
3 94 90 91
3 95 93 96
3 97 94 98
3 99 96 100
3 101 98 102
3 103 100 104
3 105 102 106
3 107 104 108
3 109 106 110
3 111 108 112
3 113 110 114
3 115 112 116
3 117 114 118
3 119 116 120
3 121 118 122
3 123 120 124
3 125 122 126
3 127 124 128
3 129 126 130
3 131 127 128
3 132 130 133
3 134 131 135
3 136 133 137
3 138 135 139
3 140 137 141
3 142 139 143
3 144 140 141
3 145 143 146
3 147 144 148
3 149 146 150
3 151 148 152
3 153 150 154
3 155 152 156
3 157 154 158
3 159 156 160
3 161 158 162
3 163 160 164
3 165 162 166
3 167 164 168
3 169 166 170
3 171 168 172
3 173 170 174
3 175 172 176
3 177 174 178
3 179 176 180
3 181 178 182
3 183 180 184
3 185 182 186
3 187 183 184
3 188 186 189
3 190 187 191
3 71 188 189
3 192 191 74
3 193 194 195
3 196 197 194
3 198 199 197
3 200 201 199
3 202 203 201
3 204 205 203
3 206 207 205
3 208 209 207
3 209 210 211
3 210 212 211
3 212 213 214
3 214 215 216
3 216 217 218
3 218 219 220
3 220 221 222
3 222 223 224
3 224 225 226
3 226 227 228
3 228 229 230
3 230 231 232
3 232 233 234
3 234 235 236
3 236 237 238
3 238 239 240
3 239 241 240
3 242 243 241
3 244 245 243
3 246 247 245
3 248 249 247
3 250 251 249
3 252 253 254
3 255 256 251
3 257 195 256
3 258 259 260
3 261 262 263
3 264 265 266
3 267 263 268
3 269 266 270
3 271 268 272
3 273 270 274
3 275 272 276
3 277 274 278
3 279 276 280
3 281 278 282
3 283 280 284
3 285 282 286
3 287 284 288
3 289 286 290
3 291 287 288
3 292 290 293
3 294 291 295
3 296 293 297
3 298 294 295
3 299 296 297
3 300 301 298
3 302 303 299
3 304 305 300
3 306 307 302
3 308 309 304
3 310 311 306
3 312 313 308
3 314 315 310
3 316 317 312
3 318 319 314
3 320 321 316
3 322 323 318
3 324 325 320
3 326 327 322
3 328 329 324
3 330 331 326
3 332 333 328
3 334 335 330
3 336 337 332
3 338 339 334
3 340 341 336
3 342 343 338
3 344 345 340
3 346 347 342
3 348 349 344
3 350 351 346
3 352 353 348
3 354 350 355
3 356 352 357
3 358 355 359
3 360 357 361
3 362 359 363
3 364 361 365
3 366 363 367
3 368 365 369
3 370 367 371
3 372 369 373
3 374 371 375
3 376 373 377
3 378 375 379
3 380 377 381
3 382 379 383
3 384 381 262
3 385 383 265
3 386 387 388
3 389 390 391
3 392 393 394
3 395 396 397
3 398 399 400
3 401 402 403
3 404 405 406
3 407 408 409
3 410 411 412
3 413 414 415
3 416 417 418
3 419 420 421
3 422 423 424
3 425 426 427
3 428 429 430
3 431 432 433
3 434 435 436
3 437 438 439
3 440 441 442
3 443 444 445
3 446 447 448
3 449 450 451
3 452 453 454
3 455 456 457
3 458 459 460
3 461 462 463
3 464 465 466
3 467 468 469
3 470 471 472
3 473 474 475
3 476 477 478
3 479 480 481
3 482 483 484
3 485 486 487
3 488 489 490
3 491 492 493
3 494 495 496
3 497 498 499
3 500 501 502
3 503 504 505
3 506 507 508
3 509 510 511
3 512 513 514
3 515 516 517
3 518 519 520
3 521 522 523
3 524 525 526
3 527 528 529
3 530 531 532
3 533 534 535
3 536 537 538
3 539 540 541
3 542 543 544
3 545 546 547
3 548 549 550
3 551 552 553
3 554 555 556
3 557 558 559
3 560 561 562
3 563 564 565
3 566 567 568
3 569 570 571
3 572 573 574
3 575 576 577
3 578 579 580
3 581 582 583
3 584 585 586
3 587 588 589
3 590 591 592
3 593 594 595
3 596 597 598
3 599 600 601
3 602 603 604
3 605 606 607
3 608 609 610
3 611 612 613
3 614 615 616
3 617 618 619
3 620 621 622
3 623 624 625
3 626 627 628
3 629 630 631
3 632 633 634
3 635 636 637
3 638 639 640
3 641 642 643
3 644 645 646
3 647 648 649
3 650 651 652
3 653 654 655
3 656 657 658
3 659 660 661
3 662 663 664
3 665 666 667
3 668 669 670
3 671 672 673
3 674 675 676
3 677 678 679
3 680 681 682
3 683 684 685
3 686 687 688
3 689 690 691
3 692 693 694
3 695 696 697
3 698 699 700
3 701 702 703
3 704 705 706
3 707 708 709
3 710 711 712
3 713 714 715
3 716 717 718
3 719 720 721
3 722 723 724
3 725 726 727
3 728 729 730
3 731 732 733
3 734 735 736
3 737 738 739
3 740 741 742
3 743 744 745
3 746 747 748
3 749 750 751
3 752 753 754
3 755 756 757
3 758 759 760
3 761 762 763
3 764 765 766
3 767 768 769
3 770 771 772
3 773 774 775
3 776 777 778
3 779 780 781
3 782 783 784
3 785 786 787
3 788 789 790
3 791 792 793
3 794 795 796
3 797 798 799
3 800 801 802
3 803 804 805
3 806 807 808
3 809 810 811
3 812 813 814
3 815 816 817
3 818 819 820
3 821 822 823
3 824 825 826
3 827 828 829
3 830 831 832
3 833 834 835
3 836 837 838
3 839 840 841
3 842 843 844
3 845 846 847
3 848 849 850
3 851 852 853
3 854 855 856
3 857 858 859
3 860 861 862
3 863 864 865
3 866 867 868
3 869 870 871
3 872 873 874
3 875 876 877
3 878 879 880
3 881 882 883
3 884 885 886
3 887 888 889
3 890 891 892
3 893 894 895
3 896 897 898
3 899 900 901
3 902 903 904
3 905 906 907
3 908 909 910
3 911 912 913
3 914 915 916
3 917 918 919
3 920 921 922
3 923 924 925
3 926 927 928
3 929 930 931
3 932 933 934
3 935 936 937
3 938 939 940
3 941 942 943
3 944 945 946
3 947 948 949
3 950 951 952
3 953 954 955
3 956 957 958
3 959 960 961
3 962 963 964
3 965 966 967
3 968 969 970
3 971 972 973
3 974 975 976
3 977 978 979
3 980 981 982
3 983 984 985
3 986 987 988
3 989 990 991
3 992 993 994
3 995 996 997
3 998 999 1000
3 1001 1002 1003
3 1004 1005 1006
3 1007 1008 1009
3 1010 1011 1012
3 1013 1014 1015
3 1016 1017 1018
3 1019 1020 1021
3 1022 1023 1024
3 1025 1026 1027
3 1028 1029 1030
3 1031 1032 1033
3 1034 1035 1036
3 1037 1038 1039
3 1040 1041 1042
3 1043 1044 1045
3 1046 1047 1048
3 1049 1050 1051
3 1052 1053 1054
3 1055 1056 1057
3 1058 1059 1060
3 1061 1062 1063
3 1064 1065 1066
3 1067 1068 1069
3 1070 1071 1072
3 1073 1074 1075
3 1076 1077 1078
3 1079 1080 1081
3 1082 1083 1084
3 1085 1086 1087
3 1088 1089 1090
3 1091 1092 1093
3 1094 1095 1096
3 1097 1098 1099
3 1100 1101 1102
3 1103 1104 1105
3 1106 1107 1108
3 1109 1110 1111
3 1112 1113 1114
3 1115 1116 1117
3 1118 1119 1120
3 1121 1122 1123
3 1124 1125 1126
3 1127 1128 1129
3 1130 1131 1132
3 1133 1134 1135
3 1136 1137 1138
3 1139 1140 1141
3 1142 1143 1144
3 1145 1146 1147
3 1148 1149 1150
3 1151 1152 1153
3 1154 1155 1156
3 1157 1158 1159
3 1160 1161 1162
3 1163 1164 1165
3 1166 1167 1168
3 1169 1170 1171
3 1172 1173 1174
3 1175 1176 1177
3 1178 1179 1180
3 1181 1182 1183
3 1184 1185 1186
3 1187 1188 1189
3 1190 1191 1192
3 1193 1194 1195
3 1196 1197 1198
3 1199 1200 1201
3 1202 1203 1204
3 1205 1206 1207
3 1208 1209 1210
3 1211 1212 1213
3 1214 1215 1216
3 1217 1218 1219
3 1220 1221 1222
3 1223 1224 1225
3 1226 1227 1228
3 1229 1230 1231
3 1232 1233 1234
3 1235 1236 1237
3 1238 1239 1240
3 1241 1242 1243
3 1244 1245 1246
3 1247 1248 1249
3 1250 1251 1252
3 1252 1253 1254
3 1253 1255 1254
3 1256 1257 1255
3 1258 1259 1257
3 1260 1261 1259
3 1262 1263 1261
3 1264 1265 1263
3 1266 1267 1265
3 1268 1269 1267
3 1270 1271 1269
3 1272 1273 1271
3 1274 1275 1273
3 1276 1277 1275
3 1278 1279 1277
3 1280 1281 1279
3 1282 1283 1281
3 1284 1285 1283
3 1286 1287 1285
3 1288 1289 1287
3 1290 1291 1289
3 1292 1293 1291
3 1294 1295 1293
3 1296 1297 1295
3 1297 1298 1299
3 1298 1300 1299
3 1300 1301 1302
3 1301 1303 1302
3 1304 1305 1303
3 1306 1307 1305
3 1308 1309 1310
3 1311 1312 1307
3 1313 1250 1312
3 1314 1315 1316
3 1317 1318 1319
3 1320 1321 1318
3 1322 1323 1321
3 1324 1325 1323
3 1326 1327 1325
3 1328 1329 1327
3 1330 1331 1329
3 1332 1333 1331
3 1334 1335 1333
3 1336 1337 1335
3 1338 1339 1337
3 1340 1341 1339
3 1342 1343 1341
3 1344 1345 1343
3 1345 1346 1347
3 1346 1348 1347
3 1349 1350 1348
3 1351 1352 1350
3 1353 1354 1352
3 1355 1356 1354
3 1357 1358 1356
3 1359 1360 1358
3 1361 1362 1360
3 1363 1364 1362
3 1365 1366 1364
3 1367 1368 1366
3 1369 1370 1368
3 1371 1372 1370
3 1373 1374 1372
3 1375 1376 1374
3 1377 1378 1379
3 1380 1381 1376
3 1382 1319 1381
3 1383 1384 1385
3 1386 1387 1388
3 1389 1390 1391
3 1392 1393 1394
3 1395 1396 1397
3 1398 1399 1400
3 1401 1402 1403
3 1404 1405 1406
3 1407 1408 1409
3 1410 1411 1412
3 1413 1414 1415
3 1416 1417 1418
3 1419 1420 1421
3 1422 1423 1424
3 1425 1426 1427
3 1428 1429 1430
3 1431 1432 1433
3 1434 1435 1436
3 1437 1438 1439
3 1440 1441 1442
3 1443 1444 1445
3 1446 1447 1448
3 1449 1450 1451
3 1452 1453 1454
3 1455 1456 1457
3 1458 1459 1460
3 1461 1462 1463
3 1464 1465 1466
3 1467 1468 1469
3 1470 1471 1472
3 1473 1474 1475
3 1476 1477 1478
3 1479 1480 1481
3 1482 1483 1484
3 1485 1486 1487
3 1488 1489 1490
3 1491 1492 1493
3 1494 1495 1496
3 1497 1498 1499
3 1500 1501 1502
3 1503 1504 1505
3 1506 1507 1508
3 1509 1510 1511
3 1512 1513 1514
3 1515 1516 1517
3 1518 1519 1520
3 1521 1522 1523
3 1524 1525 1526
3 1527 1528 1529
3 1530 1531 1532
3 1533 1534 1535
3 1536 1537 1538
3 1539 1540 1541
3 1542 1543 1544
3 1545 1546 1547
3 1548 1549 1550
3 1551 1552 1553
3 1554 1555 1556
3 1557 1558 1559
3 1560 1561 1562
3 1563 1564 1565
3 1566 1567 1568
3 1569 1570 1571
3 1572 1573 1574
3 1575 1576 1577
3 1578 1579 1580
3 1581 1582 1583
3 1584 1585 1586
3 1587 1588 1589
3 1590 1591 1592
3 1593 1594 1595
3 1596 1597 1598
3 1599 1600 1601
3 1602 1603 1604
3 1605 1606 1607
3 1608 1609 1610
3 1611 1612 1613
3 1614 1615 1616
3 1617 1618 1619
3 1620 1621 1622
3 1623 1624 1625
3 1626 1627 1628
3 1629 1630 1631
3 1632 1633 1634
3 1635 1636 1637
3 1638 1639 1640
3 1641 1642 1643
3 1644 1645 1646
3 1647 1648 1649
3 1650 1651 1652
3 1653 1654 1655
3 1656 1657 1658
3 1659 1660 1661
3 1662 1663 1664
3 1665 1666 1667
3 1668 1669 1670
3 1671 1672 1673
3 1674 1675 1676
3 1677 1678 1679
3 1680 1681 1682
3 1683 1684 1685
3 1686 1687 1688
3 1689 1690 1691
3 1692 1693 1694
3 1695 1696 1697
3 1698 1699 1700
3 1701 1702 1703
3 1704 1705 1706
3 1707 1708 1709
3 1710 1711 1712
3 1713 1714 1715
3 1716 1717 1718
3 1719 1720 1721
3 1721 1722 1723
3 1723 1724 1725
3 1726 1727 1728
3 1729 1730 1731
3 1732 1733 1734
3 1735 1736 1737
3 1738 1739 1740
3 1740 1741 1742
3 1743 1744 1745
3 1746 1747 1748
3 1749 1750 1751
3 1752 1753 1754
3 1755 1756 1753
3 1757 1758 1759
3 1760 1761 1762
3 1763 1764 1765
3 1766 1767 1764
3 1768 1769 1770
3 1771 1772 1769
3 1773 1774 1772
3 1775 1776 1777
3 1778 1779 1780
3 1781 1782 1783
3 1784 1785 1786
3 1787 1788 1789
3 1790 1791 1792
3 1793 1794 1795
3 1796 1797 1798
3 1799 1800 1801
3 1802 1803 1804
3 1805 1806 1807
3 1808 1809 1810
3 1811 1812 1813
3 1814 1815 1816
3 1817 1818 1819
3 1820 1821 1822
3 1823 1824 1825
3 1826 1827 1828
3 1829 1830 1831
3 1832 1833 1834
3 1835 1836 1837
3 1838 1839 1840
3 1841 1842 1843
3 1844 1845 1842
3 1846 1847 1848
3 1849 1850 1851
3 1852 1853 1854
3 1855 1856 1857
3 1858 1859 1860
3 1861 1862 1863
3 1864 1865 1862
3 1865 1866 1867
3 1868 1869 1870
3 1871 1872 1873
3 1874 1875 1876
3 1877 1878 1879
3 1879 1880 1881
3 1882 1883 1884
3 1885 1886 1887
3 1888 1889 1890
3 1890 1891 1892
3 1893 1894 1895
3 1896 1897 1898
3 1899 1900 1901
3 1902 1903 1904
3 1905 1906 1907
3 1908 1909 1910
3 1911 1912 1913
3 1914 1915 1916
3 1917 1918 1919
3 1920 1921 1922
3 1923 1924 1925
3 1926 1927 1928
3 1929 1930 1931
3 1932 1933 1934
3 1935 1936 1937
3 1938 1939 1940
3 1941 1942 1943
3 1944 1945 1946
3 1947 1948 1949
3 1950 1951 1952
3 1953 1954 1955
3 1956 1957 1958
3 1959 1960 1961
3 1961 1962 1963
3 1963 1964 1965
3 1966 1967 1968
3 1969 1970 1971
3 1972 1973 1974
3 1975 1976 1977
3 1978 1979 1980
3 1980 1981 1982
3 1983 1984 1985
3 1986 1987 1988
3 1989 1990 1991
3 1992 1993 1994
3 1995 1996 1993
3 1997 1998 1999
3 2000 2001 2002
3 2003 2004 2005
3 2006 2007 2004
3 2008 2009 2010
3 2011 2012 2009
3 2013 2014 2012
3 2015 2016 2017
3 2018 2019 2020
3 2021 2022 2023
3 2024 2025 2026
3 2027 2028 2029
3 2030 2031 2032
3 2033 2034 2035
3 2036 2037 2038
3 2039 2040 2041
3 2042 2043 2044
3 2045 2046 2047
3 2048 2049 2050
3 2051 2052 2053
3 2054 2055 2056
3 2057 2058 2059
3 2060 2061 2062
3 2063 2064 2065
3 2066 2067 2068
3 2069 2070 2071
3 2072 2073 2074
3 2075 2076 2077
3 2078 2079 2080
3 2081 2082 2083
3 2084 2085 2082
3 2086 2087 2088
3 2089 2090 2091
3 2092 2093 2094
3 2095 2096 2097
3 2098 2099 2100
3 2101 2102 2103
3 2104 2105 2106
3 2107 2108 2109
3 2110 2111 2112
3 2113 2114 2115
3 2116 2117 2118
3 2119 2120 2121
3 2121 2122 2123
3 2124 2125 2126
3 2127 2128 2129
3 2130 2131 2132
3 2132 2133 2134
3 2135 2136 2137
3 2138 2139 2140
3 2141 2142 2143
3 2144 2145 2146
3 2147 2148 2149
3 2150 2151 2152
3 2153 2154 2155
3 2156 2157 2158
3 2159 2160 2161
3 2162 2163 2164
3 2165 2166 2167
3 2168 2169 2170
3 2171 2172 2173
3 2174 2175 2176
3 2177 2178 2179
3 2180 2181 2182
3 2183 2184 2185
3 2186 2187 2188
3 2189 2190 2191
3 2192 2193 2194
3 2195 2196 2197
3 2198 2199 2200
3 2201 2202 2203
3 2203 2204 2205
3 2205 2206 2207
3 2208 2209 2210
3 2211 2212 2213
3 2214 2215 2216
3 2217 2218 2219
3 2220 2221 2222
3 2222 2223 2224
3 2225 2226 2227
3 2228 2229 2230
3 2231 2232 2233
3 2234 2235 2236
3 2237 2238 2239
3 2240 2241 2242
3 2243 2244 2241
3 2245 2246 2247
3 2248 2249 2250
3 2251 2252 2253
3 2254 2255 2256
3 2257 2258 2259
3 2260 2261 2262
3 2263 2264 2265
3 2266 2267 2268
3 2269 2270 2271
3 2272 2273 2274
3 2275 2276 2277
3 2278 2279 2280
3 2281 2282 2283
3 2284 2285 2286
3 2287 2288 2289
3 2290 2291 2292
3 2293 2294 2295
3 2296 2297 2298
3 2299 2300 2301
3 2302 2303 2304
3 2305 2306 2307
3 2308 2309 2310
3 2311 2312 2313
3 2314 2315 2316
3 2317 2318 2319
3 2320 2321 2322
3 2323 2324 2325
3 2326 2327 2324
3 2328 2329 2327
3 2330 2331 2332
3 2333 2334 2335
3 2336 2337 2338
3 2339 2340 2341
3 2342 2343 2344
3 2345 2346 2347
3 2348 2349 2346
3 2350 2351 2352
3 2353 2354 2355
3 2356 2357 2358
3 2359 2360 2361
3 2362 2363 2364
3 2365 2366 2367
3 2368 2369 2370
3 2371 2372 2373
3 2374 2375 2376
3 2377 2378 2379
3 2380 2381 2382
3 2383 2384 2385
3 2386 2387 2388
3 2389 2390 2391
3 2392 2393 2394
3 2395 2396 2397
3 2398 2399 2400
3 2401 2402 2403
3 2404 2405 2406
3 2407 2408 2409
3 2410 2411 2412
3 2413 2414 2415
3 2416 2417 2418
3 2419 2420 2421
3 2422 2423 2424
3 2425 2426 2427
3 2428 2429 2430
3 2431 2432 2433
3 2434 2435 2436
3 2437 2438 2439
3 2440 2441 2442
3 2443 2444 2445
3 2446 2447 2448
3 2448 2449 2450
3 2450 2451 2452
3 2453 2454 2455
3 2456 2457 2458
3 2459 2460 2461
3 2461 2462 2463
3 2464 2465 2466
3 2466 2467 2468
3 2469 2470 2471
3 2472 2473 2474
3 2475 2476 2477
3 2478 2479 2480
3 2481 2482 2483
3 2484 2485 2486
3 2487 2488 2489
3 2490 2491 2492
3 2493 2494 2495
3 2496 2497 2498
3 2499 2500 2501
3 2502 2503 2504
3 2505 2506 2507
3 2508 2509 2510
3 2511 2512 2513
3 2514 2515 2516
3 2517 2518 2519
3 2520 2521 2522
3 2523 2524 2525
3 2526 2527 2528
3 2529 2530 2531
3 2532 2533 2534
3 2535 2536 2537
3 2538 2539 2540
3 2541 2542 2543
3 2544 2545 2546
3 2547 2548 2549
3 2550 2551 2552
3 2553 2554 2555
3 2556 2557 2558
3 2559 2560 2561
3 2562 2563 2564
3 2565 2566 2567
3 2568 2569 2570
3 2571 2572 2569
3 2573 2574 2572
3 2575 2576 2577
3 2578 2579 2576
3 2580 2581 2582
3 2583 2584 2585
3 2586 2587 2588
3 2589 2590 2591
3 2592 2593 2594
3 2595 2596 2597
3 2598 2599 2600
3 2601 2602 2603
3 2604 2605 2606
3 2607 2608 2609
3 2610 2611 2612
3 2613 2614 2615
3 2616 2617 2618
3 2619 2620 2621
3 2622 2623 2624
3 2625 2626 2627
3 2628 2629 2630
3 2631 2632 2633
3 2634 2635 2636
3 2637 2638 2639
3 2640 2641 2642
3 2643 2644 2645
3 2646 2647 2648
3 2649 2650 2651
3 2652 2653 2654
3 2655 2656 2657
3 2658 2659 2660
3 2661 2662 2663
3 2664 2665 2666
3 2667 2668 2669
3 2670 2671 2672
3 2673 2674 2675
3 2676 2677 2678
3 2679 2680 2681
3 2682 2683 2684
3 2685 2686 2687
3 2688 2689 2690
3 2691 2692 2693
3 2694 2695 2696
3 2697 2698 2699
3 2700 2701 2702
3 2703 2704 2705
3 2706 2707 2708
3 2709 2710 2711
3 2712 2713 2714
3 2715 2716 2717
3 2718 2719 2720
3 2721 2722 2723
3 0 3 1
3 3 5 4
3 5 7 6
3 7 9 8
3 9 11 10
3 11 13 12
3 13 15 14
3 15 17 16
3 17 19 18
3 19 21 20
3 21 23 22
3 23 25 24
3 25 27 26
3 27 29 28
3 29 31 30
3 31 33 32
3 33 35 34
3 35 37 36
3 37 39 38
3 39 41 40
3 41 43 42
3 43 45 44
3 45 47 46
3 47 49 48
3 49 51 50
3 51 53 52
3 53 55 54
3 55 57 56
3 57 59 58
3 59 64 60
3 2724 2725 2726
3 2727 2728 2729
3 2730 2731 2732
3 2732 2733 2734
3 2735 2736 2737
3 2738 2739 2740
3 2741 2742 2743
3 2744 2745 2746
3 2747 2748 2749
3 2750 2751 2752
3 2753 2754 2755
3 2756 2757 2758
3 2758 2759 62
3 2760 2761 2762
3 2763 2764 2765
3 2766 2767 2768
3 2769 2770 2771
3 2770 2772 2771
3 63 2773 2730
3 2774 2775 2776
3 2732 2734 63
3 2734 2777 2778
3 2779 2780 2781
3 2782 61 2734
3 2749 2783 2747
3 2758 62 61
3 62 2784 2785
3 62 2785 63
3 63 2734 61
3 64 66 65
3 66 0 2
3 2786 2787 2788
3 2789 2790 2791
3 2792 2793 2794
3 2795 2796 2797
3 2798 2799 2800
3 2801 2802 2803
3 2804 2805 2794
3 2805 2806 2794
3 2807 2808 2809
3 2809 2810 2807
3 2810 67 2807
3 2811 2812 2813
3 2814 2815 2816
3 2817 2818 2813
3 2819 2820 2821
3 2822 2823 2824
3 2825 2826 2827
3 2828 2829 2830
3 2831 2832 2833
3 2834 2835 2836
3 2837 2838 2839
3 69 2840 2841
3 2842 2843 2800
3 2813 2844 2811
3 2845 68 67
3 2834 2836 68
3 2846 2847 2848
3 2841 2807 67
3 69 2841 67
3 70 2849 71
3 73 192 74
3 76 70 72
3 78 73 75
3 80 76 77
3 82 78 79
3 84 80 81
3 86 82 83
3 88 84 85
3 90 86 87
3 92 88 89
3 94 2850 90
3 95 92 93
3 97 2850 94
3 99 95 96
3 101 97 98
3 103 99 100
3 105 101 102
3 107 103 104
3 109 105 106
3 111 107 108
3 113 109 110
3 115 111 112
3 117 113 114
3 119 115 116
3 121 117 118
3 123 119 120
3 125 121 122
3 127 123 124
3 129 125 126
3 131 2851 127
3 132 129 130
3 134 2851 131
3 136 132 133
3 138 134 135
3 140 136 137
3 142 138 139
3 144 2852 140
3 145 142 143
3 147 2852 144
3 149 145 146
3 151 147 148
3 153 149 150
3 155 151 152
3 157 153 154
3 159 155 156
3 161 157 158
3 163 159 160
3 165 161 162
3 167 163 164
3 169 165 166
3 171 167 168
3 173 169 170
3 175 171 172
3 177 173 174
3 179 175 176
3 181 177 178
3 183 179 180
3 185 181 182
3 187 2853 183
3 188 185 186
3 190 2853 187
3 71 2849 188
3 192 190 191
3 193 196 194
3 196 198 197
3 198 200 199
3 200 202 201
3 202 204 203
3 204 206 205
3 206 208 207
3 208 2854 209
3 209 2854 210
3 210 2855 212
3 212 2855 213
3 214 213 215
3 216 215 217
3 218 217 219
3 220 219 221
3 222 221 223
3 224 223 225
3 226 225 227
3 228 227 229
3 230 229 231
3 232 231 233
3 234 233 235
3 236 235 237
3 238 237 239
3 239 242 241
3 242 244 243
3 244 246 245
3 246 248 247
3 248 250 249
3 250 255 251
3 2856 2857 2858
3 2859 2860 2861
3 2862 2863 2864
3 2863 2865 2864
3 2864 2865 2866
3 2867 2868 2869
3 2870 2871 2872
3 2869 2868 2873
3 2874 2875 2876
3 2875 2877 2878
3 2876 2875 2878
3 2877 2879 2880
3 2881 2882 2883
3 2880 2879 2884
3 2885 2886 2887
3 2888 2889 2890
3 2891 2861 2860
3 2892 2858 2857
3 2858 2893 2856
3 2894 2895 2896
3 2897 2898 2899
3 2896 2895 2900
3 2901 2902 2903
3 2904 2905 2906
3 2903 2902 2907
3 2908 2909 2910
3 2911 2912 2913
3 2910 2914 2908
3 2914 2907 2908
3 255 257 256
3 257 193 195
3 2915 2916 2917
3 2918 2919 2920
3 2921 2922 2923
3 2924 2925 2926
3 2923 2922 2927
3 2928 2929 2930
3 2931 2932 2933
3 2932 2934 2933
3 2934 2935 2936
3 2937 2938 2939
3 2940 2941 2942
3 2943 2936 2935
3 2933 2944 2931
3 2945 2946 2947
3 2948 2926 2925
3 2923 2917 2916
3 2949 2950 2951
3 2952 2953 2954
3 260 2955 258
3 2952 2954 2915
3 2956 2957 2958
3 2959 2960 2961
3 2962 2963 2964
3 2965 2966 2967
3 2961 2965 2967
3 2968 2969 2970
3 2971 2967 2966
3 2961 2972 2959
3 2973 2974 2975
3 261 384 262
3 264 385 265
3 267 261 263
3 269 264 266
3 271 267 268
3 273 269 270
3 275 271 272
3 277 273 274
3 279 275 276
3 281 277 278
3 283 279 280
3 285 281 282
3 287 283 284
3 289 285 286
3 291 2976 287
3 292 289 290
3 294 2976 291
3 296 292 293
3 298 301 294
3 299 303 296
3 300 305 301
3 302 307 303
3 304 309 305
3 306 311 307
3 308 313 309
3 310 315 311
3 312 317 313
3 314 319 315
3 316 321 317
3 318 323 319
3 320 325 321
3 322 327 323
3 324 329 325
3 326 331 327
3 328 333 329
3 330 335 331
3 332 337 333
3 334 339 335
3 336 341 337
3 338 343 339
3 340 345 341
3 342 347 343
3 344 349 345
3 346 351 347
3 348 353 349
3 350 2977 351
3 352 2978 353
3 354 2977 350
3 356 2978 352
3 358 354 355
3 360 356 357
3 362 358 359
3 364 360 361
3 366 362 363
3 368 364 365
3 370 366 367
3 372 368 369
3 374 370 371
3 376 372 373
3 378 374 375
3 380 376 377
3 382 378 379
3 384 380 381
3 385 382 383
3 386 2979 387
3 389 2980 390
3 392 2981 393
3 395 2982 396
3 398 2983 399
3 401 2984 402
3 404 2985 405
3 407 2986 408
3 410 2987 411
3 2988 2989 2990
3 416 2991 417
3 419 2992 420
3 422 2993 423
3 425 2994 426
3 2995 2996 2997
3 431 2998 432
3 434 2999 435
3 437 3000 438
3 3001 3002 3003
3 443 3004 444
3 446 3005 447
3 3006 3007 3008
3 452 3009 453
3 455 3010 456
3 3011 3012 3013
3 461 3014 462
3 464 3015 465
3 467 3016 468
3 470 3017 471
3 473 3018 474
3 476 3019 477
3 479 3020 480
3 482 3021 483
3 485 3022 486
3 488 3023 489
3 491 3024 492
3 494 3025 495
3 3026 3027 3028
3 500 3029 501
3 3030 3031 3032
3 3033 3034 3035
3 509 3036 510
3 512 3037 513
3 515 3038 516
3 518 3039 519
3 521 3040 522
3 524 3041 525
3 527 3042 528
3 3043 3044 3045
3 533 3046 534
3 536 3047 537
3 3048 3049 3050
3 542 3051 543
3 545 3052 546
3 548 3053 549
3 551 3054 552
3 554 3055 555
3 557 3056 558
3 560 3057 561
3 563 3058 564
3 566 3059 567
3 569 3060 570
3 572 3061 573
3 3062 3063 3064
3 3065 3066 3067
3 581 3068 582
3 3069 3070 3071
3 587 3072 588
3 590 3073 591
3 3074 3075 3076
3 3077 3078 3079
3 3080 3081 3082
3 602 3083 603
3 3084 3085 3086
3 3087 3088 3089
3 611 3090 612
3 3091 3092 3093
3 617 3094 618
3 3095 3096 3097
3 623 3098 624
3 3099 3100 3101
3 3102 3103 3104
3 632 3105 633
3 635 3106 636
3 638 3107 639
3 641 3108 642
3 644 3109 645
3 647 3110 648
3 650 3111 651
3 653 3112 654
3 656 3113 657
3 659 3114 660
3 662 3115 663
3 3116 3117 3118
3 3119 3120 3121
3 3122 3123 3124
3 674 3125 675
3 677 3126 678
3 680 3127 681
3 683 3128 684
3 686 3129 687
3 689 3130 690
3 3131 3132 3133
3 695 3134 696
3 698 3135 699
3 3136 3137 3138
3 704 3139 705
3 3140 3141 3142
3 3143 3144 3145
3 713 3146 714
3 716 3147 717
3 3148 3149 3150
3 722 3151 723
3 725 3152 726
3 728 3153 729
3 731 3154 732
3 734 3155 735
3 737 3156 738
3 740 3157 741
3 3158 3159 3160
3 746 3161 747
3 3162 3163 3164
3 752 3165 753
3 755 3166 756
3 3167 3168 3169
3 761 3170 762
3 764 3171 765
3 767 3172 768
3 770 3173 771
3 773 3174 774
3 776 3175 777
3 779 3176 780
3 3177 3178 3179
3 785 3180 786
3 788 3181 789
3 3182 3183 3184
3 3185 3186 3187
3 797 3188 798
3 3189 3190 3191
3 803 3192 804
3 806 3193 807
3 809 3194 810
3 812 3195 813
3 815 3196 816
3 818 3197 819
3 821 3198 822
3 824 3199 825
3 827 3200 828
3 830 3201 831
3 3202 3203 3204
3 3205 3206 3207
3 3208 3209 3210
3 842 3211 843
3 845 3212 846
3 848 3213 849
3 3214 3215 3216
3 3217 3218 3219
3 857 3220 858
3 3221 3222 3223
3 863 3224 864
3 866 3225 867
3 869 3226 870
3 3227 3228 3229
3 3230 3231 3232
3 3233 3234 3235
3 881 3236 882
3 884 3237 885
3 3238 3239 3240
3 890 3241 891
3 3242 3243 3244
3 3245 3246 3247
3 899 3248 900
3 902 3249 903
3 905 3250 906
3 908 3251 909
3 911 3252 912
3 914 3253 915
3 917 3254 918
3 920 3255 921
3 923 3256 924
3 926 3257 927
3 3258 3259 3260
3 3261 3262 3263
3 3264 3265 3266
3 3267 3268 3269
3 3270 3271 3272
3 3273 3274 3275
3 3276 3277 3278
3 950 3279 951
3 953 3280 954
3 956 3281 957
3 3282 3283 3284
3 3285 3286 3287
3 965 3288 966
3 3289 3290 3291
3 3292 3293 3294
3 974 3295 975
3 3296 3297 3298
3 3299 3300 3301
3 3302 3303 3304
3 3305 3306 3307
3 989 3308 990
3 992 3309 993
3 995 3310 996
3 998 3311 999
3 1001 3312 1002
3 3313 3314 3315
3 1007 3316 1008
3 3317 3318 3319
3 3320 3321 3322
3 1016 3323 1017
3 1019 3324 1020
3 3325 3326 3327
3 1025 3328 1026
3 3329 3330 3331
3 3332 3333 3334
3 3335 3336 3337
3 3338 3339 3340
3 1040 3341 1041
3 3342 3343 3344
3 1046 3345 1047
3 3346 3347 3348
3 1052 3349 1053
3 3350 3351 3352
3 3353 3354 3355
3 1061 3356 1062
3 1064 3357 1065
3 1067 3358 1068
3 1070 3359 1071
3 1073 3360 1074
3 1076 3361 1077
3 1079 3362 1080
3 1082 3363 1083
3 3364 3365 3366
3 3367 3368 3369
3 3370 3371 3372
3 3373 3374 3375
3 3376 3377 3378
3 3379 3380 3381
3 3382 3383 3384
3 1106 3385 1107
3 1109 3386 1110
3 1112 3387 1113
3 1115 3388 1116
3 1118 3389 1119
3 1121 3390 1122
3 3391 3392 3393
3 3394 3395 3396
3 1130 3397 1131
3 3398 3399 3400
3 3401 3402 3403
3 1139 3404 1140
3 1142 3405 1143
3 3406 3407 3408
3 1148 3409 1149
3 1151 3410 1152
3 1154 3411 1155
3 1157 3412 1158
3 1160 3413 1161
3 1163 3414 1164
3 1166 3415 1167
3 1169 3416 1170
3 3417 3418 3419
3 1175 3420 1176
3 3421 3422 3423
3 1181 3424 1182
3 1184 3425 1185
3 3426 3427 3428
3 1190 3429 1191
3 3430 3431 3432
3 1196 3433 1197
3 3434 3435 3436
3 1202 3437 1203
3 1205 3438 1206
3 1208 3439 1209
3 1211 3440 1212
3 1214 3441 1215
3 3442 3443 3444
3 1220 3445 1221
3 1223 3446 1224
3 3447 3448 3449
3 1229 3450 1230
3 1232 3451 1233
3 1235 3452 1236
3 1238 3453 1239
3 1241 3454 1242
3 1244 3455 1245
3 1247 3456 1248
3 1250 3457 1251
3 1252 1251 1253
3 1253 1256 1255
3 1256 1258 1257
3 1258 1260 1259
3 1260 1262 1261
3 1262 1264 1263
3 1264 1266 1265
3 1266 1268 1267
3 1268 1270 1269
3 1270 1272 1271
3 1272 1274 1273
3 1274 1276 1275
3 1276 1278 1277
3 1278 1280 1279
3 1280 1282 1281
3 1282 1284 1283
3 1284 1286 1285
3 1286 1288 1287
3 1288 1290 1289
3 1290 1292 1291
3 1292 1294 1293
3 1294 1296 1295
3 1296 3458 1297
3 1297 3458 1298
3 1298 3459 1300
3 1300 3459 1301
3 1301 1304 1303
3 1304 1306 1305
3 1306 1311 1307
3 3460 3461 3462
3 3461 3463 3464
3 3463 3465 3466
3 3465 3467 3468
3 3467 3469 3468
3 3469 3470 3471
3 3468 3469 3471
3 3470 3472 3473
3 3472 3474 3475
3 3473 3472 3475
3 3474 3476 3477
3 3476 3478 3479
3 3477 3476 3479
3 3477 3475 3474
3 3473 3471 3470
3 3468 3466 3465
3 3466 3464 3463
3 3464 3462 3461
3 3462 3480 3460
3 3480 3481 3460
3 3481 1310 1309
3 3460 3481 1309
3 1310 3482 1308
3 3482 3483 3484
3 1308 3482 3484
3 3483 3485 3486
3 3485 3487 3486
3 3486 3488 3483
3 3488 3484 3483
3 1311 1313 1312
3 1313 3457 1250
3 3489 3490 3491
3 3490 3492 3493
3 3492 3494 3493
3 3494 3495 3496
3 3493 3494 3496
3 3495 3497 3498
3 3497 3499 3500
3 3499 3501 3500
3 3501 3502 3503
3 3500 3501 3503
3 3502 3504 3505
3 3505 3503 3502
3 3500 3498 3497
3 3498 3506 3495
3 3506 3496 3495
3 3493 3491 3490
3 3491 3507 3489
3 3507 3508 3489
3 3508 1316 1315
3 3489 3508 1315
3 1316 3509 3510
3 3509 3511 3512
3 3511 3513 3512
3 3513 3514 3515
3 3512 3513 3515
3 3514 3516 3517
3 3517 3515 3514
3 3512 3510 3509
3 3510 1314 1316
3 1317 1320 1318
3 1320 1322 1321
3 1322 1324 1323
3 1324 1326 1325
3 1326 1328 1327
3 1328 1330 1329
3 1330 1332 1331
3 1332 1334 1333
3 1334 1336 1335
3 1336 1338 1337
3 1338 1340 1339
3 1340 1342 1341
3 1342 1344 1343
3 1344 3518 1345
3 1345 3518 1346
3 1346 1349 1348
3 1349 1351 1350
3 1351 1353 1352
3 1353 1355 1354
3 1355 1357 1356
3 1357 1359 1358
3 1359 1361 1360
3 1361 1363 1362
3 1363 1365 1364
3 1365 1367 1366
3 1367 1369 1368
3 1369 1371 1370
3 1371 1373 1372
3 1373 1375 1374
3 1375 1380 1376
3 3519 3520 3521
3 3522 3523 3524
3 3525 3526 3527
3 3528 3529 3530
3 3530 3531 3528
3 3531 3532 3528
3 3532 3533 3534
3 3534 3535 3536
3 3536 3537 3538
3 3537 3539 3538
3 3539 3540 3538
3 3538 3541 3542
3 3542 3543 3538
3 3543 3544 3538
3 3544 3545 3546
3 3546 3547 3544
3 3547 3548 3544
3 3548 3549 3550
3 3551 3552 3553
3 3554 3555 3556
3 3556 3557 3558
3 3532 3534 3536
3 3559 3560 3561
3 3562 3563 3564
3 3565 3566 3567
3 3568 3569 3570
3 3528 3532 3538
3 3532 3536 3538
3 3571 3572 3573
3 1380 1382 1381
3 1382 1317 1319
3 3574 3575 3576
3 3577 3578 3579
3 3580 3581 3582
3 3583 3584 3585
3 3585 3586 3587
3 3588 3589 3590
3 3591 3592 3593
3 3594 3595 3596
3 3597 3598 1383
3 3598 3599 1383
3 3599 3600 1383
3 1383 3601 3602
3 3602 3603 1383
3 3603 3604 1383
3 3604 3605 1384
3 3605 3606 1384
3 3606 3607 1384
3 1384 3608 3609
3 3609 3610 3611
3 3611 3612 3613
3 3613 3614 3611
3 3614 1385 3611
3 3615 3616 3617
3 3618 3619 3620
3 1384 3609 1385
3 3609 3611 1385
3 3619 3621 3620
3 3597 1383 1385
3 1383 3604 1384
3 1386 3622 1387
3 1389 3623 1390
3 1392 3624 1393
3 1395 3625 1396
3 1398 3626 1399
3 1401 3627 1402
3 1404 3628 1405
3 1407 3629 1408
3 1410 3630 1411
3 1413 3631 1414
3 1416 3632 1417
3 1419 3633 1420
3 1422 3634 1423
3 1425 3635 1426
3 1428 3636 1429
3 1431 3637 1432
3 1434 3638 1435
3 1437 3639 1438
3 1440 3640 1441
3 1443 3641 1444
3 3642 3643 3644
3 3645 3646 3647
3 1452 3648 1453
3 1455 3649 1456
3 1458 3650 1459
3 1461 3651 1462
3 3652 3653 3654
3 3655 3656 3657
3 1470 3658 1471
3 1473 3659 1474
3 1476 3660 1477
3 1479 3661 1480
3 3662 3663 3664
3 3665 3666 3667
3 1488 3668 1489
3 1491 3669 1492
3 1494 3670 1495
3 1497 3671 1498
3 3672 3673 3674
3 3675 3676 3677
3 1506 3678 1507
3 1509 3679 1510
3 1512 3680 1513
3 1515 3681 1516
3 1518 3682 1519
3 1521 3683 1522
3 1524 3684 1525
3 1527 3685 1528
3 1530 3686 1531
3 1533 3687 1534
3 1536 3688 1537
3 1539 3689 1540
3 1542 3690 1543
3 1545 3691 1546
3 1548 3692 1549
3 3693 3694 3695
3 1554 3696 1555
3 1557 3697 1558
3 1560 3698 1561
3 3699 3700 3701
3 1566 3702 1567
3 1569 3703 1570
3 1572 3704 1573
3 1575 3705 1576
3 1578 3706 1579
3 1581 3707 1582
3 1584 3708 1585
3 1587 3709 1588
3 1590 3710 1591
3 1593 3711 1594
3 1596 3712 1597
3 1599 3713 1600
3 1602 3714 1603
3 1605 3715 1606
3 1608 3716 1609
3 1611 3717 1612
3 1614 3718 1615
3 1617 3719 1618
3 1620 3720 1621
3 1623 3721 1624
3 1626 3722 1627
3 1629 3723 1630
3 1632 3724 1633
3 1635 3725 1636
3 1638 3726 1639
3 1641 3727 1642
3 1644 3728 1645
3 1647 3729 1648
3 1650 3730 1651
3 1653 3731 1654
3 3732 3733 3734
3 3735 3736 3737
3 3738 3739 3740
3 3741 3742 3743
3 3744 3745 3746
3 3747 3748 3749
3 3750 3751 3752
3 3753 3754 3755
3 3756 3757 3758
3 1683 3759 1684
3 1686 3760 1687
3 3761 3762 3763
3 1692 3764 1693
3 3765 3766 3767
3 1698 3768 1699
3 3769 3770 3771
3 1704 3772 1705
3 1707 3773 1708
3 3774 3775 3776
3 3777 3778 3779
3 3780 3781 3782
3 3783 3784 3785
3 1721 1720 1722
3 1723 1722 1724
3 3786 3787 3788
3 1728 1727 3789
3 1732 3790 1733
3 3791 3792 3793
3 3794 3795 3796
3 1740 1739 1741
3 1743 3797 1744
3 1746 3798 1747
3 1749 3799 1750
3 1752 1755 1753
3 1755 3800 1756
3 3801 3802 3803
3 3804 3805 3806
3 3807 3808 3809
3 3808 3810 3811
3 1768 1771 1769
3 1771 1773 1772
3 3812 3813 3814
3 3815 3816 3817
3 3818 3819 3820
3 1781 3821 1782
3 1784 3822 1785
3 1787 3823 1788
3 1790 3824 1791
3 1793 3825 1794
3 1796 3826 1797
3 3827 3828 3829
3 1802 3830 1803
3 1805 3831 1806
3 1808 3832 1809
3 1811 3833 1812
3 3834 3835 3836
3 3837 3838 3839
3 1820 3840 1821
3 1823 3841 1824
3 1826 3842 1827
3 1829 3843 1830
3 3844 3845 3846
3 3847 3848 3849
3 3850 1841 1843
3 1841 1844 1842
3 1844 3851 1845
3 3852 1849 1851
3 3853 3854 3855
3 1852 3856 1853
3 3857 1858 1860
3 3858 1861 1863
3 1861 1864 1862
3 1864 3859 1865
3 1865 3859 1866
3 1868 3860 1869
3 3861 3862 3863
3 1873 1872 3864
3 1876 1875 3865
3 1879 1878 1880
3 3866 3867 3868
3 3869 3868 3870
3 1888 3871 1889
3 1890 1889 1891
3 1892 1891 3872
3 3873 3874 3875
3 3876 3877 3878
3 3879 3880 3881
3 1905 3882 1906
3 3883 3884 3885
3 3886 3887 3888
3 3889 3890 3891
3 3892 3893 3894
3 3895 3896 3897
3 1923 3898 1924
3 1926 3899 1927
3 3900 3901 3902
3 1932 3903 1933
3 3904 3905 3906
3 3907 3908 3909
3 3910 3911 3912
3 1944 3913 1945
3 3914 3915 3916
3 3917 3918 3919
3 1953 3920 1954
3 1956 3921 1957
3 3922 3923 3924
3 1961 1960 1962
3 1963 1962 1964
3 3925 3926 3927
3 1968 1967 3928
3 1972 3929 1973
3 3930 3931 3932
3 3933 3934 3935
3 1980 1979 1981
3 1983 3936 1984
3 1986 3937 1987
3 1989 3938 1990
3 1992 1995 1993
3 1995 3939 1996
3 3940 3941 3942
3 3943 3944 3945
3 3946 3947 3948
3 3947 3949 3950
3 2008 2011 2009
3 2011 2013 2012
3 3951 3952 3953
3 3954 3955 3956
3 2018 3957 2019
3 2021 3958 2022
3 2024 3959 2025
3 3960 3961 3962
3 2030 3963 2031
3 2033 3964 2034
3 3965 3966 3967
3 2039 3968 2040
3 2042 3969 2043
3 2045 3970 2046
3 2048 3971 2049
3 2051 3972 2052
3 3973 3974 3975
3 2057 3976 2058
3 3977 3978 3979
3 2063 3980 2064
3 2066 3981 2067
3 2069 3982 2070
3 2072 3983 2073
3 3984 3985 3986
3 3987 2081 2083
3 2081 2084 2082
3 2084 3988 2085
3 3989 2089 2091
3 3990 3991 3992
3 2092 3993 2093
3 3994 2098 2100
3 3995 2101 2103
3 2101 3996 2102
3 2104 3997 2105
3 2107 3998 2108
3 2110 3999 2111
3 4000 4001 4002
3 2115 2114 4003
3 2118 2117 4004
3 2121 2120 2122
3 4005 4006 4007
3 4008 4007 4009
3 2130 4010 2131
3 2132 2131 2133
3 2134 2133 4011
3 2138 4012 2139
3 2141 4013 2142
3 4014 4015 4016
3 4017 4018 4019
3 4020 4021 4022
3 2153 4023 2154
3 4024 4025 4026
3 4027 4028 4029
3 4030 4031 4032
3 2165 4033 2166
3 2168 4034 2169
3 4035 4036 4037
3 2174 4038 2175
3 4039 4040 4041
3 2180 4042 2181
3 4043 4044 4045
3 2186 4046 2187
3 4047 4048 4049
3 2192 4050 2193
3 4051 4052 4053
3 2198 4054 2199
3 2201 4055 2202
3 2203 2202 2204
3 2205 2204 2206
3 4056 4057 4058
3 2211 4058 2212
3 4059 4060 4061
3 2216 2215 4062
3 2220 4063 2221
3 2222 2221 2223
3 2224 2223 4064
3 2227 2226 4065
3 4066 4067 4068
3 4069 4070 4071
3 4072 2240 2242
3 2240 2243 2241
3 4073 4074 4075
3 2245 4076 2246
3 4076 4077 4078
3 4079 2254 2256
3 4080 2257 2259
3 4081 4082 4083
3 2260 4084 2261
3 2263 4085 2264
3 4086 4087 4088
3 2269 4089 2270
3 2272 4090 2273
3 2275 4091 2276
3 2278 4092 2279
3 2281 4093 2282
3 2284 4094 2285
3 2287 4095 2288
3 2290 4096 2291
3 2293 4097 2294
3 2296 4098 2297
3 2299 4099 2300
3 4100 4101 4102
3 2305 4103 2306
3 2308 4104 2309
3 4105 4106 4107
3 4108 4109 4110
3 2317 4111 2318
3 2320 4112 2321
3 2323 2326 2324
3 2326 2328 2327
3 2328 4113 2329
3 4113 2333 2335
3 2333 4114 2334
3 4115 2339 2341
3 4116 4117 4118
3 4119 2345 2347
3 2345 2348 2346
3 4120 4121 4122
3 4123 4124 4125
3 2352 2351 4126
3 4127 4128 4129
3 4130 4131 4132
3 4133 4134 4135
3 2364 2363 4136
3 2368 4137 2369
3 2370 2369 4138
3 4139 4138 4140
3 4141 4142 4143
3 2379 2378 4144
3 2383 4145 2384
3 2386 4146 2387
3 4147 4148 4149
3 4150 4151 4152
3 4153 4154 4155
3 2398 4156 2399
3 4157 4158 4159
3 4160 4161 4162
3 4163 4164 4165
3 2410 4166 2411
3 2413 4167 2414
3 2416 4168 2417
3 2419 4169 2420
3 4170 4171 4172
3 2425 4173 2426
3 4174 4175 4176
3 2431 4177 2432
3 4178 4179 4180
3 4181 4182 4183
3 4184 4185 4186
3 4187 4188 4189
3 2446 4190 2447
3 2448 2447 2449
3 2450 2449 2451
3 4191 4192 4193
3 2456 4193 2457
3 4194 4195 4196
3 2461 2460 2462
3 4197 4198 4199
3 2466 2465 2467
3 4200 4201 4202
3 4203 4204 4205
3 4206 4207 4208
3 4209 4210 4211
3 4212 2484 2486
3 4213 2487 2489
3 2487 4214 2488
3 2490 4215 2491
3 4215 4216 4217
3 4218 2499 2501
3 4219 2502 2504
3 4220 4221 4222
3 2505 4223 2506
3 2508 4224 2509
3 4225 4226 4227
3 2514 4228 2515
3 4229 4230 4231
3 2520 4232 2521
3 2523 4233 2524
3 4234 4235 4236
3 2529 4237 2530
3 2532 4238 2533
3 2535 4239 2536
3 2538 4240 2539
3 2541 4241 2542
3 4242 4243 4244
3 2547 4245 2548
3 2550 4246 2551
3 2553 4247 2554
3 4248 4249 4250
3 4251 4252 4253
3 2562 4254 2563
3 2565 4255 2566
3 2568 2571 2569
3 2571 2573 2572
3 2573 4256 2574
3 2575 2578 2576
3 2578 4257 2579
3 4258 2583 2585
3 4259 4260 4261
3 4262 2589 2591
3 4263 4264 4265
3 4266 4267 4268
3 4269 4270 4271
3 2597 2596 4272
3 4273 4274 4275
3 2603 2602 4276
3 2606 2605 4277
3 2609 2608 4278
3 2613 4279 2614
3 2615 2614 4280
3 4281 4280 4282
3 4283 4284 4285
3 2624 2623 4286
3 2628 4287 2629
3 2631 4288 2632
3 2634 4289 2635
3 2637 4290 2638
3 2640 4291 2641
3 2643 4292 2644
3 2646 4293 2647
3 2649 4294 2650
3 2652 4295 2653
3 2655 4296 2656
3 2658 4297 2659
3 2661 4298 2662
3 2664 4299 2665
3 2667 4300 2668
3 2670 4301 2671
3 2673 4302 2674
3 2676 4303 2677
3 2679 4304 2680
3 2682 4305 2683
3 2685 4306 2686
3 2688 4307 2689
3 2691 4308 2692
3 2694 4309 2695
3 2697 4310 2698
3 2700 4311 2701
3 2703 4312 2704
3 2706 4313 2707
3 2709 4314 2710
3 2712 4315 2713
3 2715 4316 2716
3 2718 4317 2719
3 2721 4318 2722
