# Blender v2.79 (sub 0) OBJ File: 'FirstRoom.blend'
# www.blender.org
v 0.000000 2.515240 -0.026427
v 0.000000 2.507531 -0.051837
v 0.000000 2.495014 -0.075256
v 0.000000 2.478168 -0.095783
v 0.000000 2.457641 -0.112629
v 0.000000 2.434222 -0.125147
v 0.000000 2.408811 -0.132855
v 0.000000 2.382385 -0.135458
v 0.000000 2.355958 -0.132855
v 0.000000 2.269755 -0.075256
v 0.005156 2.515240 -0.025919
v 0.010113 2.507531 -0.050841
v 0.014682 2.495014 -0.073810
v 0.018686 2.478168 -0.093943
v 0.021973 2.457641 -0.110465
v 0.024415 2.434222 -0.122742
v 0.025919 2.408811 -0.130302
v 0.026427 2.382385 -0.132855
v 0.025919 2.355958 -0.130302
v 0.024415 2.330547 -0.122742
v 0.021973 2.307128 -0.110465
v 0.018686 2.286601 -0.093943
v 0.014682 2.269755 -0.073810
v 0.010113 2.257238 -0.050841
v 0.005156 2.249529 -0.025919
v 0.010113 2.515240 -0.024415
v 0.019837 2.507531 -0.047892
v 0.028799 2.495014 -0.069528
v 0.036655 2.478168 -0.088492
v 0.043101 2.457641 -0.104056
v 0.047892 2.434222 -0.115621
v 0.050841 2.408811 -0.122742
v 0.051838 2.382385 -0.125147
v 0.050841 2.355958 -0.122742
v 0.047892 2.330547 -0.115621
v 0.043101 2.307128 -0.104056
v 0.036655 2.286601 -0.088492
v 0.028799 2.269755 -0.069528
v 0.019837 2.257238 -0.047892
v 0.010113 2.249529 -0.024415
v 0.014682 2.515240 -0.021973
v 0.028799 2.507531 -0.043101
v 0.041810 2.495014 -0.062573
v 0.053214 2.478168 -0.079641
v 0.062573 2.457641 -0.093648
v 0.069528 2.434222 -0.104056
v 0.073810 2.408811 -0.110465
v 0.075256 2.382385 -0.112629
v 0.073810 2.355958 -0.110465
v 0.069528 2.330547 -0.104056
v 0.062573 2.307128 -0.093648
v 0.053214 2.286601 -0.079641
v 0.041810 2.269755 -0.062573
v 0.028799 2.257238 -0.043101
v 0.014682 2.249529 -0.021973
v 0.018686 2.515240 -0.018686
v 0.036655 2.507531 -0.036655
v 0.053214 2.495014 -0.053214
v 0.067729 2.478168 -0.067729
v 0.079641 2.457641 -0.079641
v 0.088492 2.434222 -0.088492
v 0.093943 2.408811 -0.093943
v 0.095783 2.382385 -0.095783
v 0.093943 2.355958 -0.093943
v 0.088492 2.330547 -0.088492
v 0.079641 2.307128 -0.079641
v 0.067729 2.286601 -0.067729
v 0.053214 2.269755 -0.053214
v 0.036655 2.257238 -0.036655
v 0.018686 2.249529 -0.018686
v 0.021973 2.515240 -0.014682
v 0.043101 2.507531 -0.028799
v 0.062573 2.495014 -0.041810
v 0.079641 2.478168 -0.053214
v 0.093648 2.457641 -0.062573
v 0.104056 2.434222 -0.069528
v 0.110465 2.408811 -0.073810
v 0.112629 2.382385 -0.075256
v 0.110465 2.355958 -0.073810
v 0.104056 2.330547 -0.069528
v 0.093648 2.307128 -0.062573
v 0.079641 2.286601 -0.053214
v 0.062573 2.269755 -0.041810
v 0.043101 2.257238 -0.028799
v 0.021973 2.249529 -0.014682
v 0.024415 2.515240 -0.010113
v 0.047892 2.507531 -0.019837
v 0.069528 2.495014 -0.028799
v 0.088492 2.478168 -0.036655
v 0.104056 2.457641 -0.043101
v 0.115621 2.434222 -0.047892
v 0.122742 2.408811 -0.050841
v 0.125147 2.382385 -0.051837
v 0.122742 2.355958 -0.050841
v 0.115621 2.330547 -0.047892
v 0.104056 2.307128 -0.043101
v 0.088492 2.286601 -0.036655
v 0.069528 2.269755 -0.028799
v 0.047892 2.257238 -0.019837
v 0.024415 2.249529 -0.010113
v 0.025919 2.515240 -0.005156
v 0.050841 2.507531 -0.010113
v 0.073810 2.495014 -0.014682
v 0.093943 2.478168 -0.018686
v 0.110465 2.457641 -0.021973
v 0.122742 2.434222 -0.024415
v 0.130302 2.408811 -0.025919
v 0.132855 2.382385 -0.026426
v 0.130302 2.355958 -0.025919
v 0.122742 2.330547 -0.024415
v 0.110465 2.307128 -0.021973
v 0.093943 2.286601 -0.018686
v 0.073810 2.269755 -0.014682
v 0.050841 2.257238 -0.010113
v 0.025919 2.249529 -0.005156
v 0.026427 2.515240 0.000000
v 0.051838 2.507531 0.000000
v 0.075256 2.495014 0.000000
v 0.095783 2.478168 0.000000
v 0.112629 2.457641 0.000000
v 0.125147 2.434222 0.000000
v 0.132855 2.408811 0.000000
v 0.135458 2.382385 0.000000
v 0.132855 2.355958 0.000000
v 0.125147 2.330547 0.000000
v 0.112629 2.307128 0.000000
v 0.095783 2.286601 0.000000
v 0.075256 2.269755 0.000000
v 0.051838 2.257238 0.000000
v 0.026427 2.249529 0.000000
v 0.025919 2.515240 0.005156
v 0.050841 2.507531 0.010113
v 0.073810 2.495014 0.014682
v 0.093943 2.478168 0.018686
v 0.110465 2.457641 0.021973
v 0.122742 2.434222 0.024415
v 0.130302 2.408811 0.025919
v 0.132855 2.382385 0.026427
v 0.130302 2.355958 0.025919
v 0.122742 2.330547 0.024415
v 0.110465 2.307128 0.021973
v 0.093943 2.286601 0.018686
v 0.073810 2.269755 0.014682
v 0.050841 2.257238 0.010113
v 0.025919 2.249529 0.005156
v 0.024415 2.515240 0.010113
v 0.047892 2.507531 0.019837
v 0.069528 2.495014 0.028799
v 0.088492 2.478168 0.036655
v 0.104056 2.457641 0.043101
v 0.115621 2.434222 0.047892
v 0.122742 2.408811 0.050841
v 0.125147 2.382385 0.051838
v 0.122742 2.355958 0.050841
v 0.115621 2.330547 0.047892
v 0.104056 2.307128 0.043101
v 0.088492 2.286601 0.036655
v 0.069528 2.269755 0.028799
v 0.047892 2.257238 0.019837
v 0.024415 2.249529 0.010113
v 0.021973 2.515240 0.014682
v 0.043101 2.507531 0.028799
v 0.062573 2.495014 0.041810
v 0.079641 2.478168 0.053214
v 0.093648 2.457641 0.062573
v 0.104056 2.434222 0.069528
v 0.110465 2.408811 0.073810
v 0.112629 2.382385 0.075256
v 0.110465 2.355958 0.073810
v 0.104056 2.330547 0.069528
v 0.093648 2.307128 0.062573
v 0.079641 2.286601 0.053214
v 0.062573 2.269755 0.041810
v 0.043101 2.257238 0.028799
v 0.021973 2.249529 0.014682
v 0.018686 2.515240 0.018686
v 0.036655 2.507531 0.036655
v 0.053214 2.495014 0.053214
v 0.067729 2.478168 0.067729
v 0.079641 2.457641 0.079641
v 0.088492 2.434222 0.088492
v 0.093943 2.408811 0.093943
v 0.095783 2.382385 0.095783
v 0.093943 2.355958 0.093943
v 0.088492 2.330547 0.088492
v 0.079641 2.307128 0.079641
v 0.067729 2.286601 0.067729
v 0.053214 2.269755 0.053214
v 0.036655 2.257238 0.036655
v 0.018686 2.249529 0.018686
v 0.014682 2.515240 0.021973
v 0.028799 2.507531 0.043101
v 0.041810 2.495014 0.062573
v 0.053214 2.478168 0.079641
v 0.062573 2.457641 0.093648
v 0.069528 2.434222 0.104056
v 0.073810 2.408811 0.110465
v 0.075256 2.382385 0.112629
v 0.073810 2.355958 0.110465
v 0.069528 2.330547 0.104056
v 0.062573 2.307128 0.093648
v 0.053214 2.286601 0.079641
v 0.041810 2.269755 0.062573
v 0.028799 2.257238 0.043101
v 0.014682 2.249529 0.021973
v 0.000000 2.246927 0.000000
v 0.010113 2.515240 0.024415
v 0.019837 2.507531 0.047892
v 0.028799 2.495014 0.069528
v 0.036655 2.478168 0.088492
v 0.043101 2.457641 0.104056
v 0.047892 2.434222 0.115621
v 0.050841 2.408811 0.122742
v 0.051837 2.382385 0.125147
v 0.050841 2.355958 0.122742
v 0.047892 2.330547 0.115621
v 0.043101 2.307128 0.104056
v 0.036655 2.286601 0.088492
v 0.028799 2.269755 0.069528
v 0.019837 2.257238 0.047892
v 0.010113 2.249529 0.024415
v 0.005156 2.515240 0.025919
v 0.010113 2.507531 0.050842
v 0.014682 2.495014 0.073810
v 0.018686 2.478168 0.093943
v 0.021973 2.457641 0.110465
v 0.024415 2.434222 0.122742
v 0.025919 2.408811 0.130302
v 0.026427 2.382385 0.132855
v 0.025919 2.355958 0.130302
v 0.024415 2.330547 0.122742
v 0.021973 2.307128 0.110465
v 0.018686 2.286601 0.093943
v 0.014682 2.269755 0.073810
v 0.010113 2.257238 0.050841
v 0.005156 2.249529 0.025919
v -0.000000 2.515240 0.026427
v 0.000000 2.507531 0.051838
v 0.000000 2.495014 0.075256
v -0.000000 2.478168 0.095783
v -0.000000 2.457641 0.112629
v 0.000000 2.434222 0.125147
v -0.000000 2.408811 0.132855
v -0.000000 2.382385 0.135458
v -0.000000 2.355958 0.132855
v 0.000000 2.330547 0.125147
v -0.000000 2.307128 0.112629
v -0.000000 2.286601 0.095783
v -0.000000 2.269755 0.075256
v 0.000000 2.257238 0.051838
v 0.000000 2.249529 0.026427
v -0.005156 2.515240 0.025919
v -0.010113 2.507531 0.050841
v -0.014682 2.495014 0.073810
v -0.018686 2.478168 0.093943
v -0.021973 2.457641 0.110465
v -0.024415 2.434222 0.122742
v -0.025919 2.408811 0.130302
v -0.026427 2.382385 0.132855
v -0.025919 2.355958 0.130302
v -0.024415 2.330547 0.122742
v -0.021973 2.307128 0.110465
v -0.018686 2.286601 0.093943
v -0.014682 2.269755 0.073810
v -0.010113 2.257238 0.050841
v -0.005156 2.249529 0.025919
v -0.010113 2.515240 0.024415
v -0.019837 2.507531 0.047892
v -0.028799 2.495014 0.069528
v -0.036655 2.478168 0.088492
v -0.043101 2.457641 0.104056
v -0.047892 2.434222 0.115621
v -0.050841 2.408811 0.122742
v -0.051838 2.382385 0.125147
v -0.050841 2.355958 0.122742
v -0.047892 2.330547 0.115621
v -0.043101 2.307128 0.104056
v -0.036655 2.286601 0.088492
v -0.028799 2.269755 0.069528
v -0.019837 2.257238 0.047892
v -0.010113 2.249529 0.024415
v -0.014682 2.515240 0.021973
v -0.028799 2.507531 0.043101
v -0.041810 2.495014 0.062573
v -0.053214 2.478168 0.079641
v -0.062573 2.457641 0.093648
v -0.069528 2.434222 0.104056
v -0.073810 2.408811 0.110465
v -0.075256 2.382385 0.112629
v -0.073810 2.355958 0.110465
v -0.069528 2.330547 0.104056
v -0.062573 2.307128 0.093648
v -0.053214 2.286601 0.079641
v -0.041810 2.269755 0.062573
v -0.028799 2.257238 0.043101
v -0.014682 2.249529 0.021973
v -0.000000 2.517843 0.000000
v -0.018686 2.515240 0.018686
v -0.036655 2.507531 0.036655
v -0.053214 2.495014 0.053214
v -0.067729 2.478168 0.067729
v -0.079641 2.457641 0.079641
v -0.088492 2.434222 0.088492
v -0.093943 2.408811 0.093943
v -0.095783 2.382385 0.095783
v -0.093943 2.355958 0.093943
v -0.088492 2.330547 0.088492
v -0.079641 2.307128 0.079641
v -0.067729 2.286601 0.067729
v -0.053214 2.269755 0.053214
v -0.036655 2.257238 0.036655
v -0.018686 2.249529 0.018686
v -0.021973 2.515240 0.014682
v -0.043101 2.507531 0.028799
v -0.062573 2.495014 0.041810
v -0.079641 2.478168 0.053214
v -0.093648 2.457641 0.062573
v -0.104056 2.434222 0.069528
v -0.110465 2.408811 0.073810
v -0.112629 2.382385 0.075256
v -0.110465 2.355958 0.073810
v -0.104056 2.330547 0.069528
v -0.093648 2.307128 0.062573
v -0.079641 2.286601 0.053214
v -0.062573 2.269755 0.041810
v -0.043101 2.257238 0.028799
v -0.021973 2.249529 0.014682
v -0.024415 2.515240 0.010113
v -0.047892 2.507531 0.019837
v -0.069528 2.495014 0.028799
v -0.088492 2.478168 0.036655
v -0.104056 2.457641 0.043101
v -0.115621 2.434222 0.047892
v -0.122742 2.408811 0.050841
v -0.125147 2.382385 0.051838
v -0.122742 2.355958 0.050841
v -0.115621 2.330547 0.047892
v -0.104056 2.307128 0.043101
v -0.088492 2.286601 0.036655
v -0.069528 2.269755 0.028799
v -0.047892 2.257238 0.019837
v -0.024415 2.249529 0.010113
v -0.025919 2.515240 0.005156
v -0.050841 2.507531 0.010113
v -0.073810 2.495014 0.014682
v -0.093943 2.478168 0.018686
v -0.110465 2.457641 0.021973
v -0.122742 2.434222 0.024415
v -0.130302 2.408811 0.025919
v -0.132855 2.382385 0.026427
v -0.130302 2.355958 0.025919
v -0.122742 2.330547 0.024415
v -0.110465 2.307128 0.021973
v -0.093943 2.286601 0.018686
v -0.073810 2.269755 0.014682
v -0.050841 2.257238 0.010113
v -0.025919 2.249529 0.005156
v -0.026427 2.515240 0.000000
v -0.051837 2.507531 0.000000
v -0.075256 2.495014 0.000000
v -0.095783 2.478168 0.000000
v -0.112629 2.457641 0.000000
v -0.125147 2.434222 0.000000
v -0.132855 2.408811 0.000000
v -0.135458 2.382385 0.000000
v -0.132855 2.355958 0.000000
v -0.125147 2.330547 0.000000
v -0.112629 2.307128 0.000000
v -0.095783 2.286601 0.000000
v -0.075256 2.269755 0.000000
v -0.051837 2.257238 0.000000
v -0.026427 2.249529 0.000000
v -0.025919 2.515240 -0.005156
v -0.050841 2.507531 -0.010113
v -0.073810 2.495014 -0.014682
v -0.093943 2.478168 -0.018686
v -0.110465 2.457641 -0.021973
v -0.122742 2.434222 -0.024415
v -0.130302 2.408811 -0.025919
v -0.132855 2.382385 -0.026427
v -0.130302 2.355958 -0.025919
v -0.122742 2.330547 -0.024415
v -0.110465 2.307128 -0.021973
v -0.093943 2.286601 -0.018686
v -0.073810 2.269755 -0.014682
v -0.050841 2.257238 -0.010113
v -0.025919 2.249529 -0.005156
v -0.024415 2.515240 -0.010113
v -0.047892 2.507531 -0.019837
v -0.069528 2.495014 -0.028799
v -0.088492 2.478168 -0.036655
v -0.104056 2.457641 -0.043101
v -0.115621 2.434222 -0.047892
v -0.122742 2.408811 -0.050841
v -0.125147 2.382385 -0.051837
v -0.122742 2.355958 -0.050841
v -0.115621 2.330547 -0.047892
v -0.104056 2.307128 -0.043101
v -0.088492 2.286601 -0.036655
v -0.069528 2.269755 -0.028799
v -0.047892 2.257238 -0.019837
v -0.024415 2.249529 -0.010113
v -0.021973 2.515240 -0.014682
v -0.043101 2.507531 -0.028799
v -0.062573 2.495014 -0.041810
v -0.079641 2.478168 -0.053214
v -0.093648 2.457641 -0.062573
v -0.104056 2.434222 -0.069528
v -0.110465 2.408811 -0.073810
v -0.112629 2.382385 -0.075256
v -0.110465 2.355958 -0.073810
v -0.104056 2.330547 -0.069528
v -0.093648 2.307128 -0.062573
v -0.079641 2.286601 -0.053214
v -0.062573 2.269755 -0.041810
v -0.043101 2.257238 -0.028799
v -0.021973 2.249529 -0.014682
v -0.018686 2.515240 -0.018686
v -0.036655 2.507531 -0.036655
v -0.053214 2.495014 -0.053214
v -0.067729 2.478168 -0.067729
v -0.079641 2.457641 -0.079641
v -0.088492 2.434222 -0.088492
v -0.093943 2.408811 -0.093943
v -0.095783 2.382385 -0.095783
v -0.093943 2.355958 -0.093943
v -0.088492 2.330547 -0.088492
v -0.079641 2.307128 -0.079641
v -0.067729 2.286601 -0.067729
v -0.053214 2.269755 -0.053214
v -0.036655 2.257238 -0.036655
v -0.018686 2.249529 -0.018686
v -0.014682 2.515240 -0.021973
v -0.028799 2.507531 -0.043101
v -0.041810 2.495014 -0.062573
v -0.053214 2.478168 -0.079641
v -0.062573 2.457641 -0.093648
v -0.069528 2.434222 -0.104056
v -0.073810 2.408811 -0.110465
v -0.075256 2.382385 -0.112629
v -0.073810 2.355958 -0.110465
v -0.069528 2.330547 -0.104056
v -0.062573 2.307128 -0.093648
v -0.053214 2.286601 -0.079641
v -0.041810 2.269755 -0.062573
v -0.028799 2.257238 -0.043101
v -0.014682 2.249529 -0.021973
v -0.010113 2.515240 -0.024415
v -0.019837 2.507531 -0.047892
v -0.028799 2.495014 -0.069528
v -0.036655 2.478168 -0.088492
v -0.043101 2.457641 -0.104056
v -0.047892 2.434222 -0.115620
v -0.050841 2.408811 -0.122742
v -0.051837 2.382385 -0.125147
v -0.050841 2.355958 -0.122742
v -0.047892 2.330547 -0.115620
v -0.043101 2.307128 -0.104056
v -0.036655 2.286601 -0.088492
v -0.028799 2.269755 -0.069528
v -0.019837 2.257238 -0.047892
v -0.010113 2.249529 -0.024415
v -0.005156 2.515240 -0.025919
v -0.010113 2.507531 -0.050841
v -0.014682 2.495014 -0.073810
v -0.018686 2.478168 -0.093943
v -0.021973 2.457641 -0.110465
v -0.024415 2.434222 -0.122742
v -0.025919 2.408811 -0.130302
v -0.026426 2.382385 -0.132855
v -0.025919 2.355958 -0.130302
v -0.024415 2.330547 -0.122742
v -0.021973 2.307128 -0.110465
v -0.018686 2.286601 -0.093943
v -0.014682 2.269755 -0.073810
v -0.010113 2.257238 -0.050841
v -0.005156 2.249529 -0.025919
v 0.000000 2.330547 -0.125147
v 0.000000 2.307128 -0.112629
v 0.000000 2.286601 -0.095783
v 0.000000 2.257238 -0.051837
v 0.000000 2.249529 -0.026426
v 1.241341 1.806513 1.857798
v 1.247532 1.750606 1.867061
v 1.301463 1.806513 1.816188
v 1.307953 1.750606 1.825245
v 1.199709 1.958998 1.795490
v 1.155127 2.039458 1.728769
v 1.257814 1.958998 1.755276
v 1.211073 2.039458 1.690049
v 0.861183 2.039458 1.288851
v 0.816602 1.958998 1.222130
v 0.902892 2.039458 1.259984
v 0.856152 1.958998 1.194758
v 0.774969 1.806513 1.159822
v 0.812503 1.806513 1.133845
v 0.768779 1.750606 1.150558
v 0.806013 1.750606 1.124789
v 0.774969 1.580980 1.159822
v 0.768779 1.636887 1.150558
v 0.812503 1.580980 1.133845
v 0.806013 1.636887 1.124789
v 0.816602 1.428494 1.222130
v 0.861183 1.348035 1.288851
v 0.856152 1.428494 1.194758
v 0.902892 1.348035 1.259984
v 0.945673 1.272897 1.415299
v 0.991475 1.272897 1.383600
v 0.976650 1.261725 1.461660
v 1.023952 1.261725 1.428922
v 1.070637 1.272897 1.602321
v 1.039660 1.261725 1.555960
v 1.122491 1.272897 1.566433
v 1.090014 1.261725 1.521111
v 1.155127 1.348035 1.728769
v 1.199709 1.428494 1.795490
v 1.211073 1.348035 1.690049
v 1.257814 1.428494 1.755276
v 1.241341 1.580980 1.857798
v 1.301463 1.580980 1.816188
v 1.247532 1.636887 1.867061
v 1.307953 1.636887 1.825245
v 1.473213 1.806513 1.679876
v 1.480559 1.750606 1.688253
v 1.527389 1.806513 1.630775
v 1.417461 1.806513 1.727180
v 1.424529 1.750606 1.735792
v 1.535006 1.750606 1.638907
v 1.423804 1.958998 1.623535
v 1.370895 2.039458 1.563205
v 1.369921 1.958998 1.669253
v 1.476163 1.958998 1.576081
v 1.421308 2.039458 1.517514
v 1.319015 2.039458 1.607223
v 1.022044 2.039458 1.165417
v 0.969136 1.958998 1.105087
v 0.983366 2.039458 1.198234
v 1.059629 2.039458 1.131353
v 1.004775 1.958998 1.072786
v 0.932460 1.958998 1.136205
v 0.919726 1.806513 1.048746
v 0.953548 1.806513 1.018092
v 0.912380 1.750606 1.040369
v 0.884920 1.806513 1.078277
v 0.945932 1.750606 1.009960
v 0.877852 1.750606 1.069665
v 0.919726 1.580980 1.048746
v 0.912380 1.636887 1.040369
v 0.953548 1.580980 1.018092
v 0.884920 1.580980 1.078277
v 0.877852 1.636887 1.069665
v 0.945932 1.636887 1.009960
v 0.969136 1.428494 1.105087
v 1.022044 1.348035 1.165417
v 0.932460 1.428494 1.136205
v 1.004775 1.428494 1.072786
v 1.059629 1.348035 1.131353
v 0.983366 1.348035 1.198234
v 1.122316 1.272897 1.279755
v 1.163589 1.272897 1.242350
v 1.159080 1.261725 1.321676
v 1.079844 1.272897 1.315792
v 1.201704 1.261725 1.283045
v 1.115216 1.261725 1.358893
v 1.270623 1.272897 1.448866
v 1.233859 1.261725 1.406946
v 1.317349 1.272897 1.406518
v 1.222537 1.272897 1.489665
v 1.187165 1.261725 1.446564
v 1.279233 1.261725 1.365822
v 1.370895 1.348035 1.563205
v 1.423804 1.428494 1.623535
v 1.319015 1.348035 1.607223
v 1.421309 1.348035 1.517514
v 1.476163 1.428494 1.576081
v 1.369921 1.428494 1.669253
v 1.473213 1.580980 1.679876
v 1.527389 1.580980 1.630775
v 1.480559 1.636887 1.688253
v 1.417461 1.580980 1.727180
v 1.535006 1.636887 1.638907
v 1.424529 1.636887 1.735792
v 1.679878 1.806513 1.473212
v 1.688254 1.750606 1.480558
v 1.727181 1.806513 1.417460
v 1.630777 1.806513 1.527388
v 1.638909 1.750606 1.535004
v 1.735794 1.750606 1.424528
v 1.623537 1.958998 1.423802
v 1.563206 2.039458 1.370894
v 1.576083 1.958998 1.476161
v 1.669254 1.958998 1.369920
v 1.607224 2.039458 1.319013
v 1.517515 2.039458 1.421307
v 1.165418 2.039458 1.022043
v 1.105087 1.958998 0.969135
v 1.131355 2.039458 1.059628
v 1.198235 2.039458 0.983365
v 1.136205 1.958998 0.932459
v 1.072787 1.958998 1.004774
v 1.048747 1.806513 0.919725
v 1.078278 1.806513 0.884919
v 1.040370 1.750606 0.912379
v 1.018093 1.806513 0.953547
v 1.069666 1.750606 0.877851
v 1.009961 1.750606 0.945931
v 1.048747 1.580980 0.919725
v 1.040370 1.636887 0.912379
v 1.078278 1.580980 0.884919
v 1.018093 1.580980 0.953547
v 1.009961 1.636887 0.945931
v 1.069666 1.636887 0.877851
v 1.105087 1.428494 0.969135
v 1.165418 1.348035 1.022043
v 1.072787 1.428494 1.004774
v 1.136205 1.428494 0.932459
v 1.198235 1.348035 0.983365
v 1.131355 1.348035 1.059628
v 1.279757 1.272897 1.122316
v 1.315793 1.272897 1.079843
v 1.321677 1.261725 1.159079
v 1.242351 1.272897 1.163588
v 1.358894 1.261725 1.115215
v 1.283046 1.261725 1.201703
v 1.448868 1.272897 1.270622
v 1.406947 1.261725 1.233858
v 1.489666 1.272897 1.222536
v 1.406519 1.272897 1.317347
v 1.365823 1.261725 1.279232
v 1.446565 1.261725 1.187164
v 1.563206 1.348035 1.370893
v 1.623537 1.428494 1.423802
v 1.517515 1.348035 1.421307
v 1.607224 1.348035 1.319013
v 1.669254 1.428494 1.369920
v 1.576083 1.428494 1.476161
v 1.679878 1.580980 1.473212
v 1.727181 1.580980 1.417460
v 1.688254 1.636887 1.480558
v 1.630777 1.580980 1.527388
v 1.735793 1.636887 1.424528
v 1.638909 1.636887 1.535004
v 1.857798 1.806513 1.241341
v 1.867062 1.750606 1.247530
v 1.897420 1.806513 1.179891
v 1.816189 1.806513 1.301462
v 1.825245 1.750606 1.307952
v 1.906881 1.750606 1.185775
v 1.795490 1.958998 1.199708
v 1.728770 2.039458 1.155127
v 1.755277 1.958998 1.257813
v 1.833783 1.958998 1.140319
v 1.765640 2.039458 1.097945
v 1.690050 2.039458 1.211072
v 1.288851 2.039458 0.861182
v 1.222130 1.958998 0.816601
v 1.259985 2.039458 0.902892
v 1.316339 2.039458 0.818552
v 1.248195 1.958998 0.776177
v 1.194758 1.958998 0.856151
v 1.159822 1.806513 0.774968
v 1.184558 1.806513 0.736605
v 1.150559 1.750606 0.768778
v 1.133846 1.806513 0.812502
v 1.175097 1.750606 0.730722
v 1.124789 1.750606 0.806012
v 1.159822 1.580980 0.774968
v 1.150559 1.636887 0.768778
v 1.184558 1.580980 0.736605
v 1.133846 1.580980 0.812502
v 1.124789 1.636887 0.806012
v 1.175097 1.636887 0.730722
v 1.222130 1.428494 0.816601
v 1.288851 1.348035 0.861182
v 1.194758 1.428494 0.856151
v 1.248195 1.428494 0.776177
v 1.316339 1.348035 0.818552
v 1.259985 1.348035 0.902892
v 1.415299 1.272897 0.945672
v 1.445484 1.272897 0.898859
v 1.461660 1.261725 0.976650
v 1.383601 1.272897 0.991474
v 1.492833 1.261725 0.928303
v 1.428923 1.261725 1.023951
v 1.602321 1.272897 1.070637
v 1.555961 1.261725 1.039659
v 1.636494 1.272897 1.017637
v 1.566434 1.272897 1.122490
v 1.521112 1.261725 1.090013
v 1.589145 1.261725 0.988193
v 1.728770 1.348035 1.155127
v 1.795490 1.428494 1.199708
v 1.690050 1.348035 1.211072
v 1.765640 1.348035 1.097945
v 1.833783 1.428494 1.140319
v 1.755277 1.428494 1.257813
v 1.857798 1.580980 1.241341
v 1.897420 1.580980 1.179891
v 1.867062 1.636887 1.247531
v 1.816189 1.580980 1.301462
v 1.906881 1.636887 1.185775
v 1.825245 1.636887 1.307952
v 2.003932 1.806513 0.988230
v 2.013925 1.750606 0.993157
v 2.035194 1.806513 0.922134
v 1.970526 1.806513 1.053268
v 1.980352 1.750606 1.058520
v 2.045342 1.750606 0.926732
v 1.936723 1.958998 0.955086
v 1.864754 2.039458 0.919595
v 1.904437 1.958998 1.017943
v 1.966936 1.958998 0.891207
v 1.893845 2.039458 0.858089
v 1.833668 2.039458 0.980116
v 1.390232 2.039458 0.685586
v 1.318263 1.958998 0.650095
v 1.367056 2.039458 0.730707
v 1.411920 2.039458 0.639732
v 1.338828 1.958998 0.606615
v 1.296287 1.958998 0.692880
v 1.251054 1.806513 0.616951
v 1.270571 1.806513 0.575688
v 1.241061 1.750606 0.612023
v 1.230198 1.806513 0.657555
v 1.260422 1.750606 0.571089
v 1.220372 1.750606 0.652302
v 1.251054 1.580980 0.616951
v 1.241061 1.636887 0.612023
v 1.270570 1.580980 0.575688
v 1.230198 1.580980 0.657555
v 1.220372 1.636887 0.652302
v 1.260422 1.636887 0.571090
v 1.318263 1.428494 0.650095
v 1.390232 1.348035 0.685586
v 1.296287 1.428494 0.692880
v 1.338828 1.428494 0.606615
v 1.411920 1.348035 0.639732
v 1.367056 1.348035 0.730707
v 1.526626 1.272897 0.752848
v 1.550442 1.272897 0.702496
v 1.576634 1.261725 0.777509
v 1.501177 1.272897 0.802396
v 1.601230 1.261725 0.725507
v 1.550351 1.261725 0.828680
v 1.728359 1.272897 0.852332
v 1.678352 1.261725 0.827671
v 1.755322 1.272897 0.795326
v 1.699547 1.272897 0.908427
v 1.650373 1.261725 0.882143
v 1.704535 1.261725 0.772314
v 1.864754 1.348035 0.919595
v 1.936723 1.428494 0.955086
v 1.833668 1.348035 0.980116
v 1.893845 1.348035 0.858089
v 1.966936 1.428494 0.891207
v 1.904437 1.428494 1.017943
v 2.003932 1.580980 0.988230
v 2.035194 1.580980 0.922134
v 2.013925 1.636887 0.993157
v 1.970526 1.580980 1.053268
v 2.045342 1.636887 0.926732
v 1.980352 1.636887 1.058520
v 2.115778 1.806513 0.718209
v 2.126328 1.750606 0.721790
v 2.138146 1.806513 0.648598
v 2.091147 1.806513 0.787051
v 2.101574 1.750606 0.790976
v 2.148807 1.750606 0.651833
v 2.044818 1.958998 0.694121
v 1.968832 2.039458 0.668328
v 2.021013 1.958998 0.760655
v 2.066435 1.958998 0.626845
v 1.989646 2.039458 0.603552
v 1.945912 2.039458 0.732389
v 1.467825 2.039458 0.498259
v 1.391839 1.958998 0.472465
v 1.450737 2.039458 0.546018
v 1.483342 2.039458 0.449966
v 1.406553 1.958998 0.426673
v 1.375636 1.958998 0.517752
v 1.320879 1.806513 0.448378
v 1.334843 1.806513 0.404920
v 1.310329 1.750606 0.444796
v 1.305502 1.806513 0.491356
v 1.324181 1.750606 0.401685
v 1.295074 1.750606 0.487431
v 1.320879 1.580980 0.448378
v 1.310329 1.636887 0.444796
v 1.334843 1.580980 0.404920
v 1.305502 1.580980 0.491356
v 1.295074 1.636887 0.487431
v 1.324181 1.636887 0.401685
v 1.391839 1.428494 0.472465
v 1.467825 1.348035 0.498259
v 1.375636 1.428494 0.517752
v 1.406553 1.428494 0.426673
v 1.483342 1.348035 0.449966
v 1.450737 1.348035 0.546018
v 1.611832 1.272897 0.547143
v 1.628872 1.272897 0.494112
v 1.664631 1.261725 0.565065
v 1.593068 1.272897 0.599588
v 1.682229 1.261725 0.510298
v 1.645252 1.261725 0.619228
v 1.824825 1.272897 0.619444
v 1.772026 1.261725 0.601521
v 1.844116 1.272897 0.559406
v 1.803581 1.272897 0.678819
v 1.751397 1.261725 0.659179
v 1.790760 1.261725 0.543220
v 1.968832 1.348035 0.668328
v 2.044818 1.428494 0.694121
v 1.945912 1.348035 0.732389
v 1.989646 1.348035 0.603552
v 2.066435 1.428494 0.626845
v 2.021013 1.428494 0.760655
v 2.115778 1.580980 0.718209
v 2.138145 1.580980 0.648598
v 2.126328 1.636887 0.721790
v 2.091147 1.580980 0.787051
v 2.148807 1.636887 0.651833
v 2.101574 1.636887 0.790976
v 2.191423 1.806513 0.435900
v 2.202350 1.750606 0.438074
v 2.204513 1.806513 0.363966
v 2.175988 1.806513 0.507368
v 2.186838 1.750606 0.509898
v 2.215505 1.750606 0.365781
v 2.117925 1.958998 0.421281
v 2.039223 2.039458 0.405626
v 2.103008 1.958998 0.490352
v 2.130576 1.958998 0.351759
v 2.051404 2.039458 0.338687
v 2.024860 2.039458 0.472131
v 1.520303 2.039458 0.302407
v 1.441601 1.958998 0.286752
v 1.509596 2.039458 0.351988
v 1.529385 2.039458 0.252502
v 1.450212 1.958998 0.239431
v 1.431448 1.958998 0.333766
v 1.368104 1.806513 0.272132
v 1.376276 1.806513 0.227224
v 1.357177 1.750606 0.269959
v 1.358468 1.806513 0.316750
v 1.365283 1.750606 0.225409
v 1.347618 1.750606 0.314220
v 1.368104 1.580980 0.272132
v 1.357177 1.636887 0.269959
v 1.376276 1.580980 0.227224
v 1.358468 1.580980 0.316750
v 1.347618 1.636887 0.314220
v 1.365283 1.636887 0.225409
v 1.441601 1.428494 0.286752
v 1.520304 1.348035 0.302407
v 1.431448 1.428494 0.333766
v 1.450212 1.428494 0.239431
v 1.529385 1.348035 0.252502
v 1.509596 1.348035 0.351988
v 1.669460 1.272897 0.332076
v 1.679432 1.272897 0.277275
v 1.724146 1.261725 0.342953
v 1.657701 1.272897 0.386521
v 1.734444 1.261725 0.286357
v 1.712002 1.261725 0.399182
v 1.890067 1.272897 0.375957
v 1.835381 1.261725 0.365079
v 1.901357 1.272897 0.313915
v 1.876755 1.272897 0.437597
v 1.822454 1.261725 0.424936
v 1.846344 1.261725 0.304832
v 2.039223 1.348035 0.405626
v 2.117925 1.428494 0.421281
v 2.024860 1.348035 0.472131
v 2.051404 1.348035 0.338687
v 2.130576 1.428494 0.351759
v 2.103009 1.428494 0.490352
v 2.191423 1.580980 0.435900
v 2.204513 1.580980 0.363966
v 2.202350 1.636887 0.438074
v 2.175988 1.580980 0.507368
v 2.215505 1.636887 0.365781
v 2.186839 1.636887 0.509898
v 2.229571 1.806513 0.146133
v 2.240688 1.750606 0.146862
v 2.233159 1.806513 0.073105
v 2.223597 1.806513 0.219005
v 2.234685 1.750606 0.220097
v 2.244295 1.750606 0.073470
v 2.154794 1.958998 0.141232
v 2.074722 2.039458 0.135984
v 2.149020 1.958998 0.211660
v 2.158262 1.958998 0.070654
v 2.078061 2.039458 0.068028
v 2.069163 2.039458 0.203794
v 1.546769 2.039458 0.101380
v 1.466697 1.958998 0.096132
v 1.542625 2.039458 0.151935
v 1.549259 2.039458 0.050717
v 1.469057 1.958998 0.048092
v 1.462767 1.958998 0.144070
v 1.391920 1.806513 0.091231
v 1.394160 1.806513 0.045640
v 1.380802 1.750606 0.090502
v 1.388190 1.806513 0.136725
v 1.383025 1.750606 0.045275
v 1.377102 1.750606 0.135633
v 1.391920 1.580980 0.091231
v 1.380802 1.636887 0.090502
v 1.394160 1.580980 0.045640
v 1.388190 1.580980 0.136725
v 1.377102 1.636887 0.135633
v 1.383025 1.636887 0.045275
v 1.466697 1.428494 0.096132
v 1.546769 1.348035 0.101380
v 1.462767 1.428494 0.144070
v 1.469057 1.428494 0.048092
v 1.549259 1.348035 0.050717
v 1.542625 1.348035 0.151935
v 1.698521 1.272897 0.111327
v 1.701255 1.272897 0.055693
v 1.754159 1.261725 0.114973
v 1.693970 1.272897 0.166841
v 1.756983 1.261725 0.057517
v 1.749459 1.261725 0.172306
v 1.922969 1.272897 0.126038
v 1.867331 1.261725 0.122391
v 1.926064 1.272897 0.063052
v 1.917817 1.272897 0.188888
v 1.862328 1.261725 0.183423
v 1.870337 1.261725 0.061228
v 2.074722 1.348035 0.135984
v 2.154794 1.428494 0.141232
v 2.069163 1.348035 0.203794
v 2.078061 1.348035 0.068028
v 2.158262 1.428494 0.070654
v 2.149020 1.428494 0.211660
v 2.229571 1.580980 0.146133
v 2.233159 1.580980 0.073105
v 2.240688 1.636887 0.146862
v 2.223597 1.580980 0.219005
v 2.244295 1.636887 0.073470
v 2.234685 1.636887 0.220097
v 2.229571 1.806513 -0.146135
v 2.240688 1.750606 -0.146863
v 2.223597 1.806513 -0.219006
v 2.233159 1.806513 -0.073107
v 2.244295 1.750606 -0.073471
v 2.234685 1.750606 -0.220098
v 2.154794 1.958998 -0.141233
v 2.074722 2.039458 -0.135985
v 2.158262 1.958998 -0.070655
v 2.149020 1.958998 -0.211661
v 2.069162 2.039458 -0.203796
v 2.078061 2.039458 -0.068029
v 1.546769 2.039458 -0.101381
v 1.466697 1.958998 -0.096133
v 1.549259 2.039458 -0.050718
v 1.542624 2.039458 -0.151936
v 1.462767 1.958998 -0.144071
v 1.469057 1.958998 -0.048092
v 1.391920 1.806513 -0.091232
v 1.388190 1.806513 -0.136725
v 1.380802 1.750606 -0.090503
v 1.394160 1.806513 -0.045640
v 1.377102 1.750606 -0.135633
v 1.383025 1.750606 -0.045276
v 1.391920 1.580980 -0.091232
v 1.380802 1.636887 -0.090503
v 1.388190 1.580980 -0.136725
v 1.394160 1.580980 -0.045640
v 1.383025 1.636887 -0.045276
v 1.377102 1.636887 -0.135633
v 1.466697 1.428494 -0.096133
v 1.546769 1.348035 -0.101381
v 1.469057 1.428494 -0.048092
v 1.462767 1.428494 -0.144071
v 1.542624 1.348035 -0.151936
v 1.549259 1.348035 -0.050718
v 1.698521 1.272897 -0.111328
v 1.693970 1.272897 -0.166842
v 1.754160 1.261725 -0.114974
v 1.701255 1.272897 -0.055694
v 1.749459 1.261725 -0.172307
v 1.756983 1.261725 -0.057518
v 1.922969 1.272897 -0.126039
v 1.867331 1.261725 -0.122392
v 1.917817 1.272897 -0.188889
v 1.926064 1.272897 -0.063053
v 1.870337 1.261725 -0.061229
v 1.862328 1.261725 -0.183424
v 2.074722 1.348035 -0.135985
v 2.154794 1.428494 -0.141233
v 2.078061 1.348035 -0.068029
v 2.069162 1.348035 -0.203796
v 2.149020 1.428494 -0.211661
v 2.158262 1.428494 -0.070655
v 2.229571 1.580980 -0.146135
v 2.223597 1.580980 -0.219006
v 2.240688 1.636887 -0.146863
v 2.233159 1.580980 -0.073107
v 2.234684 1.636887 -0.220098
v 2.244295 1.636887 -0.073471
v 2.191422 1.806513 -0.435902
v 2.202350 1.750606 -0.438075
v 2.175987 1.806513 -0.507370
v 2.204513 1.806513 -0.363967
v 2.215505 1.750606 -0.365782
v 2.186838 1.750606 -0.509900
v 2.117925 1.958998 -0.421282
v 2.039222 2.039458 -0.405627
v 2.130576 1.958998 -0.351760
v 2.103008 1.958998 -0.490353
v 2.024860 2.039458 -0.472132
v 2.051403 2.039458 -0.338689
v 1.520303 2.039458 -0.302408
v 1.441601 1.958998 -0.286753
v 1.529384 2.039458 -0.252503
v 1.509596 2.039458 -0.351989
v 1.431447 1.958998 -0.333767
v 1.450212 1.958998 -0.239431
v 1.368104 1.806513 -0.272133
v 1.358468 1.806513 -0.316751
v 1.357176 1.750606 -0.269960
v 1.376276 1.806513 -0.227224
v 1.347617 1.750606 -0.314221
v 1.365283 1.750606 -0.225410
v 1.368104 1.580980 -0.272133
v 1.357176 1.636887 -0.269960
v 1.358468 1.580980 -0.316751
v 1.376276 1.580980 -0.227224
v 1.365283 1.636887 -0.225410
v 1.347617 1.636887 -0.314221
v 1.441601 1.428494 -0.286753
v 1.520303 1.348035 -0.302408
v 1.450212 1.428494 -0.239431
v 1.431447 1.428494 -0.333767
v 1.509596 1.348035 -0.351989
v 1.529384 1.348035 -0.252503
v 1.669459 1.272897 -0.332077
v 1.657701 1.272897 -0.386522
v 1.724145 1.261725 -0.342954
v 1.679431 1.272897 -0.277276
v 1.712002 1.261725 -0.399183
v 1.734444 1.261725 -0.286358
v 1.890067 1.272897 -0.375958
v 1.835381 1.261725 -0.365081
v 1.876755 1.272897 -0.437598
v 1.901356 1.272897 -0.313916
v 1.846344 1.261725 -0.304833
v 1.822454 1.261725 -0.424937
v 2.039222 1.348035 -0.405627
v 2.117925 1.428494 -0.421282
v 2.051403 1.348035 -0.338689
v 2.024860 1.348035 -0.472132
v 2.103008 1.428494 -0.490353
v 2.130576 1.428494 -0.351760
v 2.191422 1.580980 -0.435902
v 2.175987 1.580980 -0.507370
v 2.202350 1.636887 -0.438075
v 2.204513 1.580980 -0.363967
v 2.186838 1.636887 -0.509900
v 2.215505 1.636887 -0.365782
v 2.115778 1.806513 -0.718210
v 2.126328 1.750606 -0.721791
v 2.091147 1.806513 -0.787052
v 2.138145 1.806513 -0.648599
v 2.148807 1.750606 -0.651834
v 2.101574 1.750606 -0.790977
v 2.044818 1.958998 -0.694122
v 1.968832 2.039458 -0.668328
v 2.066435 1.958998 -0.626846
v 2.021013 1.958998 -0.760655
v 1.945912 2.039458 -0.732389
v 1.989646 2.039458 -0.603553
v 1.467825 2.039458 -0.498260
v 1.391839 1.958998 -0.472466
v 1.483342 2.039458 -0.449967
v 1.450737 2.039458 -0.546019
v 1.375636 1.958998 -0.517753
v 1.406553 1.958998 -0.426673
v 1.320879 1.806513 -0.448378
v 1.305502 1.806513 -0.491356
v 1.310329 1.750606 -0.444797
v 1.334843 1.806513 -0.404920
v 1.295074 1.750606 -0.487432
v 1.324181 1.750606 -0.401686
v 1.320879 1.580980 -0.448378
v 1.310329 1.636887 -0.444797
v 1.305502 1.580980 -0.491356
v 1.334843 1.580980 -0.404920
v 1.324181 1.636887 -0.401686
v 1.295074 1.636887 -0.487432
v 1.391839 1.428494 -0.472466
v 1.467825 1.348035 -0.498260
v 1.406553 1.428494 -0.426673
v 1.375636 1.428494 -0.517753
v 1.450737 1.348035 -0.546019
v 1.483342 1.348035 -0.449967
v 1.611832 1.272897 -0.547143
v 1.593068 1.272897 -0.599588
v 1.664631 1.261725 -0.565066
v 1.628872 1.272897 -0.494113
v 1.645252 1.261725 -0.619229
v 1.682229 1.261725 -0.510299
v 1.824825 1.272897 -0.619445
v 1.772026 1.261725 -0.601522
v 1.803581 1.272897 -0.678820
v 1.844116 1.272897 -0.559407
v 1.790759 1.261725 -0.543221
v 1.751397 1.261725 -0.659179
v 1.968832 1.348035 -0.668328
v 2.044817 1.428494 -0.694122
v 1.989646 1.348035 -0.603553
v 1.945912 1.348035 -0.732389
v 2.021013 1.428494 -0.760655
v 2.066435 1.428494 -0.626846
v 2.115778 1.580980 -0.718210
v 2.091147 1.580980 -0.787052
v 2.126328 1.636887 -0.721791
v 2.138145 1.580980 -0.648599
v 2.101574 1.636887 -0.790977
v 2.148807 1.636887 -0.651834
v 2.003932 1.806513 -0.988230
v 2.013924 1.750606 -0.993158
v 1.970526 1.806513 -1.053268
v 2.035194 1.806513 -0.922134
v 2.045342 1.750606 -0.926732
v 1.980352 1.750606 -1.058520
v 1.936723 1.958998 -0.955086
v 1.864754 2.039458 -0.919595
v 1.966936 1.958998 -0.891207
v 1.904437 1.958998 -1.017943
v 1.833668 2.039458 -0.980116
v 1.893845 2.039458 -0.858090
v 1.390231 2.039458 -0.685586
v 1.318263 1.958998 -0.650095
v 1.411920 2.039458 -0.639732
v 1.367056 2.039458 -0.730707
v 1.296287 1.958998 -0.692880
v 1.338828 1.958998 -0.606615
v 1.251054 1.806513 -0.616951
v 1.230198 1.806513 -0.657555
v 1.241061 1.750606 -0.612024
v 1.270571 1.806513 -0.575688
v 1.220372 1.750606 -0.652303
v 1.260422 1.750606 -0.571090
v 1.251054 1.580980 -0.616951
v 1.241061 1.636887 -0.612024
v 1.230198 1.580980 -0.657555
v 1.270571 1.580980 -0.575688
v 1.260422 1.636887 -0.571090
v 1.220372 1.636887 -0.652303
v 1.318263 1.428494 -0.650095
v 1.390231 1.348035 -0.685586
v 1.338828 1.428494 -0.606615
v 1.296287 1.428494 -0.692880
v 1.367056 1.348035 -0.730707
v 1.411920 1.348035 -0.639732
v 1.526626 1.272897 -0.752849
v 1.501177 1.272897 -0.802396
v 1.576633 1.261725 -0.777510
v 1.550442 1.272897 -0.702496
v 1.550351 1.261725 -0.828680
v 1.601230 1.261725 -0.725508
v 1.728359 1.272897 -0.852333
v 1.678352 1.261725 -0.827672
v 1.699547 1.272897 -0.908427
v 1.755322 1.272897 -0.795326
v 1.704535 1.261725 -0.772315
v 1.650373 1.261725 -0.882143
v 1.864754 1.348035 -0.919595
v 1.936723 1.428494 -0.955086
v 1.893845 1.348035 -0.858090
v 1.833668 1.348035 -0.980116
v 1.904437 1.428494 -1.017943
v 1.966936 1.428494 -0.891207
v 2.003932 1.580980 -0.988230
v 1.970526 1.580980 -1.053268
v 2.013924 1.636887 -0.993158
v 2.035194 1.580980 -0.922134
v 1.980352 1.636887 -1.058520
v 2.045342 1.636887 -0.926732
v 1.857798 1.806513 -1.241341
v 1.867061 1.750606 -1.247531
v 1.816188 1.806513 -1.301463
v 1.897420 1.806513 -1.179892
v 1.906881 1.750606 -1.185775
v 1.825245 1.750606 -1.307953
v 1.795490 1.958998 -1.199709
v 1.728769 2.039458 -1.155127
v 1.833783 1.958998 -1.140320
v 1.755276 1.958998 -1.257814
v 1.690049 2.039458 -1.211073
v 1.765639 2.039458 -1.097945
v 1.288851 2.039458 -0.861183
v 1.222130 1.958998 -0.816602
v 1.316338 2.039458 -0.818552
v 1.259984 2.039458 -0.902892
v 1.194758 1.958998 -0.856152
v 1.248195 1.958998 -0.776178
v 1.159822 1.806513 -0.774969
v 1.133845 1.806513 -0.812503
v 1.150558 1.750606 -0.768779
v 1.184558 1.806513 -0.736606
v 1.124789 1.750606 -0.806013
v 1.175097 1.750606 -0.730722
v 1.159822 1.580980 -0.774969
v 1.150558 1.636887 -0.768779
v 1.133845 1.580980 -0.812503
v 1.184558 1.580980 -0.736606
v 1.175097 1.636887 -0.730722
v 1.124789 1.636887 -0.806013
v 1.222130 1.428494 -0.816602
v 1.288851 1.348035 -0.861183
v 1.248195 1.428494 -0.776178
v 1.194758 1.428494 -0.856152
v 1.259984 1.348035 -0.902892
v 1.316338 1.348035 -0.818552
v 1.415299 1.272897 -0.945673
v 1.383600 1.272897 -0.991474
v 1.461660 1.261725 -0.976650
v 1.445483 1.272897 -0.898860
v 1.428923 1.261725 -1.023952
v 1.492833 1.261725 -0.928303
v 1.602321 1.272897 -1.070637
v 1.555960 1.261725 -1.039660
v 1.566433 1.272897 -1.122491
v 1.636494 1.272897 -1.017638
v 1.589145 1.261725 -0.988194
v 1.521111 1.261725 -1.090014
v 1.728769 1.348035 -1.155127
v 1.795490 1.428494 -1.199709
v 1.765639 1.348035 -1.097945
v 1.690050 1.348035 -1.211073
v 1.755276 1.428494 -1.257814
v 1.833783 1.428494 -1.140320
v 1.857798 1.580980 -1.241341
v 1.816188 1.580980 -1.301463
v 1.867061 1.636887 -1.247532
v 1.897420 1.580980 -1.179892
v 1.825245 1.636887 -1.307953
v 1.906881 1.636887 -1.185775
v 1.679877 1.806513 -1.473213
v 1.688253 1.750606 -1.480559
v 1.630776 1.806513 -1.527389
v 1.727180 1.806513 -1.417461
v 1.735793 1.750606 -1.424529
v 1.638908 1.750606 -1.535005
v 1.623536 1.958998 -1.423803
v 1.563205 2.039458 -1.370895
v 1.669253 1.958998 -1.369921
v 1.576082 1.958998 -1.476162
v 1.517514 2.039458 -1.421308
v 1.607223 2.039458 -1.319015
v 1.165417 2.039458 -1.022044
v 1.105087 1.958998 -0.969135
v 1.198234 2.039458 -0.983366
v 1.131354 2.039458 -1.059629
v 1.072786 1.958998 -1.004774
v 1.136205 1.958998 -0.932460
v 1.048746 1.806513 -0.919726
v 1.018092 1.806513 -0.953548
v 1.040369 1.750606 -0.912380
v 1.078278 1.806513 -0.884920
v 1.009961 1.750606 -0.945932
v 1.069665 1.750606 -0.877852
v 1.048746 1.580980 -0.919726
v 1.040369 1.636887 -0.912380
v 1.018092 1.580980 -0.953548
v 1.078278 1.580980 -0.884920
v 1.069665 1.636887 -0.877852
v 1.009961 1.636887 -0.945932
v 1.105087 1.428494 -0.969135
v 1.165417 1.348035 -1.022044
v 1.136205 1.428494 -0.932460
v 1.072786 1.428494 -1.004774
v 1.131354 1.348035 -1.059629
v 1.198234 1.348035 -0.983366
v 1.279756 1.272897 -1.122316
v 1.242350 1.272897 -1.163588
v 1.321677 1.261725 -1.159080
v 1.315792 1.272897 -1.079843
v 1.283046 1.261725 -1.201704
v 1.358894 1.261725 -1.115216
v 1.448867 1.272897 -1.270623
v 1.406946 1.261725 -1.233859
v 1.406518 1.272897 -1.317348
v 1.489665 1.272897 -1.222537
v 1.446564 1.261725 -1.187165
v 1.365823 1.261725 -1.279233
v 1.563205 1.348035 -1.370895
v 1.623536 1.428494 -1.423803
v 1.607223 1.348035 -1.319015
v 1.517514 1.348035 -1.421308
v 1.576082 1.428494 -1.476162
v 1.669253 1.428494 -1.369921
v 1.679877 1.580980 -1.473213
v 1.630776 1.580980 -1.527389
v 1.688253 1.636887 -1.480559
v 1.727180 1.580980 -1.417461
v 1.638907 1.636887 -1.535005
v 1.735793 1.636887 -1.424529
v 1.473213 1.806513 -1.679877
v 1.480559 1.750606 -1.688253
v 1.417461 1.806513 -1.727180
v 1.527389 1.806513 -1.630776
v 1.535005 1.750606 -1.638908
v 1.424528 1.750606 -1.735793
v 1.423803 1.958998 -1.623536
v 1.370894 2.039458 -1.563205
v 1.476162 1.958998 -1.576082
v 1.369921 1.958998 -1.669253
v 1.319014 2.039458 -1.607223
v 1.421308 2.039458 -1.517515
v 1.022044 2.039458 -1.165418
v 0.969135 1.958998 -1.105087
v 1.059629 2.039458 -1.131354
v 0.983366 2.039458 -1.198234
v 0.932459 1.958998 -1.136205
v 1.004774 1.958998 -1.072786
v 0.919726 1.806513 -1.048746
v 0.884920 1.806513 -1.078278
v 0.912380 1.750606 -1.040370
v 0.953548 1.806513 -1.018093
v 0.877852 1.750606 -1.069665
v 0.945931 1.750606 -1.009961
v 0.919726 1.580980 -1.048746
v 0.912380 1.636887 -1.040370
v 0.884920 1.580980 -1.078278
v 0.953548 1.580980 -1.018093
v 0.945931 1.636887 -1.009961
v 0.877852 1.636887 -1.069665
v 0.969135 1.428494 -1.105087
v 1.022044 1.348035 -1.165418
v 1.004774 1.428494 -1.072786
v 0.932459 1.428494 -1.136205
v 0.983366 1.348035 -1.198235
v 1.059629 1.348035 -1.131354
v 1.122316 1.272897 -1.279756
v 1.079843 1.272897 -1.315793
v 1.159080 1.261725 -1.321677
v 1.163588 1.272897 -1.242350
v 1.115215 1.261725 -1.358894
v 1.201704 1.261725 -1.283046
v 1.270622 1.272897 -1.448867
v 1.233859 1.261725 -1.406946
v 1.222537 1.272897 -1.489666
v 1.317348 1.272897 -1.406518
v 1.279233 1.261725 -1.365823
v 1.187165 1.261725 -1.446564
v 1.370894 1.348035 -1.563205
v 1.423803 1.428494 -1.623536
v 1.421308 1.348035 -1.517515
v 1.319014 1.348035 -1.607223
v 1.369921 1.428494 -1.669253
v 1.476162 1.428494 -1.576082
v 1.473213 1.580980 -1.679877
v 1.417461 1.580980 -1.727180
v 1.480559 1.636887 -1.688253
v 1.527389 1.580980 -1.630776
v 1.424528 1.636887 -1.735793
v 1.535005 1.636887 -1.638908
v 1.241341 1.806513 -1.857798
v 1.247531 1.750606 -1.867062
v 1.179891 1.806513 -1.897420
v 1.301462 1.806513 -1.816189
v 1.307952 1.750606 -1.825245
v 1.185774 1.750606 -1.906882
v 1.199708 1.958998 -1.795490
v 1.155127 2.039458 -1.728770
v 1.257813 1.958998 -1.755276
v 1.140319 1.958998 -1.833783
v 1.097944 2.039458 -1.765640
v 1.211073 2.039458 -1.690050
v 0.861182 2.039458 -1.288851
v 0.816601 1.958998 -1.222130
v 0.902892 2.039458 -1.259984
v 0.818552 2.039458 -1.316339
v 0.776177 1.958998 -1.248195
v 0.856152 1.958998 -1.194758
v 0.774968 1.806513 -1.159822
v 0.736605 1.806513 -1.184558
v 0.768778 1.750606 -1.150559
v 0.812502 1.806513 -1.133846
v 0.730722 1.750606 -1.175097
v 0.806013 1.750606 -1.124789
v 0.774968 1.580980 -1.159822
v 0.768778 1.636887 -1.150559
v 0.736605 1.580980 -1.184558
v 0.812502 1.580980 -1.133845
v 0.806013 1.636887 -1.124789
v 0.730722 1.636887 -1.175097
v 0.816601 1.428494 -1.222130
v 0.861183 1.348035 -1.288851
v 0.856152 1.428494 -1.194758
v 0.776177 1.428494 -1.248195
v 0.818552 1.348035 -1.316339
v 0.902892 1.348035 -1.259984
v 0.945673 1.272897 -1.415299
v 0.898859 1.272897 -1.445484
v 0.976650 1.261725 -1.461660
v 0.991474 1.272897 -1.383601
v 0.928303 1.261725 -1.492833
v 1.023952 1.261725 -1.428923
v 1.070637 1.272897 -1.602321
v 1.039659 1.261725 -1.555961
v 1.017637 1.272897 -1.636495
v 1.122491 1.272897 -1.566434
v 1.090013 1.261725 -1.521111
v 0.988193 1.261725 -1.589145
v 1.155127 1.348035 -1.728770
v 1.199708 1.428494 -1.795490
v 1.211073 1.348035 -1.690050
v 1.097944 1.348035 -1.765640
v 1.140319 1.428494 -1.833783
v 1.257813 1.428494 -1.755276
v 1.241341 1.580980 -1.857798
v 1.179891 1.580980 -1.897420
v 1.247531 1.636887 -1.867062
v 1.301462 1.580980 -1.816189
v 1.185774 1.636887 -1.906882
v 1.307952 1.636887 -1.825245
v 0.988229 1.806513 -2.003932
v 0.993157 1.750606 -2.013925
v 0.922134 1.806513 -2.035194
v 1.053267 1.806513 -1.970526
v 1.058519 1.750606 -1.980352
v 0.926732 1.750606 -2.045343
v 0.955085 1.958998 -1.936723
v 0.919594 2.039458 -1.864754
v 1.017942 1.958998 -1.904438
v 0.891207 1.958998 -1.966937
v 0.858089 2.039458 -1.893845
v 0.980115 2.039458 -1.833668
v 0.685586 2.039458 -1.390232
v 0.650095 1.958998 -1.318263
v 0.730706 2.039458 -1.367056
v 0.639732 2.039458 -1.411920
v 0.606615 1.958998 -1.338828
v 0.692879 1.958998 -1.296287
v 0.616951 1.806513 -1.251054
v 0.575688 1.806513 -1.270571
v 0.612023 1.750606 -1.241061
v 0.657554 1.806513 -1.230199
v 0.571089 1.750606 -1.260422
v 0.652302 1.750606 -1.220373
v 0.616951 1.580980 -1.251054
v 0.612023 1.636887 -1.241061
v 0.575688 1.580980 -1.270571
v 0.657554 1.580980 -1.230199
v 0.652302 1.636887 -1.220373
v 0.571089 1.636887 -1.260422
v 0.650095 1.428494 -1.318263
v 0.685586 1.348035 -1.390232
v 0.692879 1.428494 -1.296287
v 0.606615 1.428494 -1.338828
v 0.639732 1.348035 -1.411920
v 0.730706 1.348035 -1.367056
v 0.752848 1.272897 -1.526626
v 0.702496 1.272897 -1.550442
v 0.777509 1.261725 -1.576634
v 0.802395 1.272897 -1.501177
v 0.725507 1.261725 -1.601230
v 0.828679 1.261725 -1.550351
v 0.852332 1.272897 -1.728360
v 0.827671 1.261725 -1.678352
v 0.795326 1.272897 -1.755322
v 0.908426 1.272897 -1.699548
v 0.882142 1.261725 -1.650374
v 0.772314 1.261725 -1.704535
v 0.919594 1.348035 -1.864754
v 0.955085 1.428494 -1.936723
v 0.980115 1.348035 -1.833668
v 0.858089 1.348035 -1.893845
v 0.891207 1.428494 -1.966936
v 1.017942 1.428494 -1.904438
v 0.988229 1.580980 -2.003932
v 0.922134 1.580980 -2.035194
v 0.993157 1.636887 -2.013925
v 1.053267 1.580980 -1.970526
v 0.926732 1.636887 -2.045343
v 1.058519 1.636887 -1.980352
v 0.718210 1.806513 -2.115778
v 0.721791 1.750606 -2.126328
v 0.648599 1.806513 -2.138145
v 0.787052 1.806513 -2.091147
v 0.790976 1.750606 -2.101574
v 0.651833 1.750606 -2.148807
v 0.694122 1.958998 -2.044818
v 0.668328 2.039458 -1.968832
v 0.760655 1.958998 -2.021013
v 0.626846 1.958998 -2.066435
v 0.603552 2.039458 -1.989646
v 0.732389 2.039458 -1.945912
v 0.498259 2.039458 -1.467825
v 0.472466 1.958998 -1.391839
v 0.546019 2.039458 -1.450737
v 0.449967 2.039458 -1.483342
v 0.426673 1.958998 -1.406553
v 0.517753 1.958998 -1.375636
v 0.448378 1.806513 -1.320879
v 0.404920 1.806513 -1.334843
v 0.444797 1.750606 -1.310329
v 0.491356 1.806513 -1.305502
v 0.401686 1.750606 -1.324181
v 0.487431 1.750606 -1.295074
v 0.448378 1.580980 -1.320879
v 0.444797 1.636887 -1.310329
v 0.404920 1.580980 -1.334843
v 0.491356 1.580980 -1.305502
v 0.487431 1.636887 -1.295074
v 0.401686 1.636887 -1.324181
v 0.472466 1.428494 -1.391839
v 0.498259 1.348035 -1.467825
v 0.517753 1.428494 -1.375636
v 0.426673 1.428494 -1.406553
v 0.449967 1.348035 -1.483342
v 0.546019 1.348035 -1.450737
v 0.547143 1.272897 -1.611832
v 0.494113 1.272897 -1.628872
v 0.565066 1.261725 -1.664631
v 0.599588 1.272897 -1.593068
v 0.510298 1.261725 -1.682229
v 0.619229 1.261725 -1.645252
v 0.619444 1.272897 -1.824825
v 0.601522 1.261725 -1.772026
v 0.559406 1.272897 -1.844116
v 0.678819 1.272897 -1.803581
v 0.659179 1.261725 -1.751397
v 0.543221 1.261725 -1.790760
v 0.668328 1.348035 -1.968832
v 0.694122 1.428494 -2.044818
v 0.732389 1.348035 -1.945912
v 0.603552 1.348035 -1.989646
v 0.626846 1.428494 -2.066435
v 0.760655 1.428494 -2.021013
v 0.718210 1.580980 -2.115778
v 0.648599 1.580980 -2.138145
v 0.721791 1.636887 -2.126328
v 0.787052 1.580980 -2.091147
v 0.651833 1.636887 -2.148807
v 0.790976 1.636887 -2.101574
v 0.435901 1.806513 -2.191422
v 0.438075 1.750606 -2.202350
v 0.363967 1.806513 -2.204512
v 0.507369 1.806513 -2.175988
v 0.509899 1.750606 -2.186838
v 0.365782 1.750606 -2.215505
v 0.421282 1.958998 -2.117925
v 0.405627 2.039458 -2.039223
v 0.490353 1.958998 -2.103008
v 0.351760 1.958998 -2.130576
v 0.338688 2.039458 -2.051404
v 0.472131 2.039458 -2.024860
v 0.302407 2.039458 -1.520303
v 0.286752 1.958998 -1.441601
v 0.351989 2.039458 -1.509595
v 0.252503 2.039458 -1.529385
v 0.239431 1.958998 -1.450212
v 0.333767 1.958998 -1.431448
v 0.272133 1.806513 -1.368104
v 0.227224 1.806513 -1.376276
v 0.269959 1.750606 -1.357176
v 0.316750 1.806513 -1.358468
v 0.225409 1.750606 -1.365283
v 0.314220 1.750606 -1.347618
v 0.272133 1.580980 -1.368104
v 0.269959 1.636887 -1.357176
v 0.227224 1.580980 -1.376276
v 0.316750 1.580980 -1.358468
v 0.314220 1.636887 -1.347617
v 0.225409 1.636887 -1.365283
v 0.286752 1.428494 -1.441601
v 0.302407 1.348035 -1.520303
v 0.333767 1.428494 -1.431448
v 0.239431 1.428494 -1.450212
v 0.252503 1.348035 -1.529385
v 0.351989 1.348035 -1.509596
v 0.332076 1.272897 -1.669459
v 0.277275 1.272897 -1.679431
v 0.342954 1.261725 -1.724145
v 0.386522 1.272897 -1.657701
v 0.286358 1.261725 -1.734444
v 0.399183 1.261725 -1.712002
v 0.375958 1.272897 -1.890067
v 0.365080 1.261725 -1.835381
v 0.313915 1.272897 -1.901357
v 0.437598 1.272897 -1.876755
v 0.424937 1.261725 -1.822454
v 0.304833 1.261725 -1.846344
v 0.405627 1.348035 -2.039223
v 0.421282 1.428494 -2.117925
v 0.472131 1.348035 -2.024860
v 0.338688 1.348035 -2.051404
v 0.351760 1.428494 -2.130576
v 0.490353 1.428494 -2.103008
v 0.435901 1.580980 -2.191422
v 0.363967 1.580980 -2.204512
v 0.438075 1.636887 -2.202350
v 0.507369 1.580980 -2.175988
v 0.365782 1.636887 -2.215505
v 0.509899 1.636887 -2.186838
v 0.146134 1.806513 -2.229571
v 0.146862 1.750606 -2.240688
v 0.073106 1.806513 -2.233159
v 0.219005 1.806513 -2.223597
v 0.220097 1.750606 -2.234685
v 0.073470 1.750606 -2.244295
v 0.141233 1.958998 -2.154794
v 0.135984 2.039458 -2.074722
v 0.211660 1.958998 -2.149020
v 0.070654 1.958998 -2.158262
v 0.068028 2.039458 -2.078061
v 0.203795 2.039458 -2.069163
v 0.101381 2.039458 -1.546769
v 0.096132 1.958998 -1.466696
v 0.151935 2.039458 -1.542624
v 0.050717 2.039458 -1.549259
v 0.048092 1.958998 -1.469057
v 0.144070 1.958998 -1.462766
v 0.091231 1.806513 -1.391920
v 0.045640 1.806513 -1.394160
v 0.090502 1.750606 -1.380802
v 0.136725 1.806513 -1.388190
v 0.045275 1.750606 -1.383025
v 0.135633 1.750606 -1.377102
v 0.091231 1.580980 -1.391920
v 0.090502 1.636887 -1.380802
v 0.045640 1.580980 -1.394160
v 0.136725 1.580980 -1.388190
v 0.135633 1.636887 -1.377102
v 0.045275 1.636887 -1.383025
v 0.096132 1.428494 -1.466696
v 0.101381 1.348035 -1.546769
v 0.144070 1.428494 -1.462766
v 0.048092 1.428494 -1.469057
v 0.050717 1.348035 -1.549259
v 0.151935 1.348035 -1.542624
v 0.111327 1.272897 -1.698521
v 0.055693 1.272897 -1.701255
v 0.114974 1.261725 -1.754159
v 0.166842 1.272897 -1.693970
v 0.057517 1.261725 -1.756983
v 0.172307 1.261725 -1.749459
v 0.126038 1.272897 -1.922969
v 0.122391 1.261725 -1.867331
v 0.063052 1.272897 -1.926064
v 0.188889 1.272897 -1.917817
v 0.183423 1.261725 -1.862328
v 0.061228 1.261725 -1.870337
v 0.135984 1.348035 -2.074722
v 0.141233 1.428494 -2.154794
v 0.203795 1.348035 -2.069163
v 0.068028 1.348035 -2.078061
v 0.070654 1.428494 -2.158262
v 0.211660 1.428494 -2.149020
v 0.146134 1.580980 -2.229571
v 0.073106 1.580980 -2.233159
v 0.146862 1.636887 -2.240688
v 0.219005 1.580980 -2.223597
v 0.073470 1.636887 -2.244295
v 0.220097 1.636887 -2.234684
v -0.146134 1.806513 -2.229571
v -0.146863 1.750606 -2.240688
v -0.073107 1.806513 -2.233159
v -0.073471 1.750606 -2.244295
v -0.141233 1.958998 -2.154794
v -0.135985 2.039458 -2.074722
v -0.070655 1.958998 -2.158262
v -0.068029 2.039458 -2.078061
v -0.101381 2.039458 -1.546769
v -0.096133 1.958998 -1.466697
v -0.050718 2.039458 -1.549259
v -0.048092 1.958998 -1.469057
v -0.091232 1.806513 -1.391920
v -0.090503 1.750606 -1.380802
v -0.045640 1.806513 -1.394160
v -0.045276 1.750606 -1.383025
v -0.091232 1.580980 -1.391920
v -0.090503 1.636887 -1.380802
v -0.045640 1.580980 -1.394160
v -0.045276 1.636887 -1.383025
v -0.096133 1.428494 -1.466697
v -0.101381 1.348035 -1.546769
v -0.048092 1.428494 -1.469057
v -0.050718 1.348035 -1.549259
v -0.135985 1.348035 -2.074722
v -0.141233 1.428494 -2.154794
v -0.068029 1.348035 -2.078061
v -0.070655 1.428494 -2.158262
v -0.146134 1.580980 -2.229571
v -0.146863 1.636887 -2.240688
v -0.073107 1.580980 -2.233159
v -0.073471 1.636887 -2.244295
v 1.402729 1.257916 -1.151190
v 1.364311 1.257916 -1.196469
v 1.324434 1.257916 -1.240468
v 0.199167 2.071186 -2.022179
v 0.132897 2.071186 -2.027612
v 0.066484 2.071186 -2.030876
v 1.572598 1.272897 0.651391
v 1.624112 1.261725 0.672729
v 2.245499 1.750606 -0.000001
v 2.234358 1.806513 -0.000001
v 0.837720 1.475831 -1.169037
v 0.799021 1.475831 -1.195820
v 0.759467 1.475831 -1.221324
v 0.533808 1.806513 -1.288727
v 0.529544 1.750606 -1.278434
v 1.221323 1.911661 -0.759468
v 1.195820 1.911661 -0.799021
v 1.169037 1.911661 -0.837720
v 1.008155 1.257916 1.508810
v 1.056983 1.257916 1.475017
v 1.484634 1.261725 -1.139200
v 1.528869 1.272897 -1.173143
v 1.767228 1.257916 0.412059
v 1.779763 1.257916 0.354016
v 1.790394 1.257916 0.295595
v 1.536828 2.039458 -0.202328
v 1.457271 1.958998 -0.191854
v 1.850842 2.071186 -0.838606
v 1.822412 2.071186 -0.898714
v 1.792032 2.071186 -0.957861
v 0.715759 1.316306 -1.901727
v 0.653153 1.316306 -1.924127
v 0.589848 1.316306 -1.944468
v 1.649521 1.348035 1.265721
v 1.713184 1.428494 1.314571
v 1.600362 1.257916 0.855411
v 1.627493 1.257916 0.802590
v 1.652882 1.257916 0.748911
v 0.326581 1.911661 -1.400631
v 0.280579 1.911661 -1.410566
v 0.234277 1.911661 -1.418991
v 1.336616 1.636887 -0.358145
v 1.347378 1.580980 -0.361029
v 2.161797 1.475831 -0.356915
v 2.148960 1.475831 -0.427455
v 2.133825 1.475831 -0.497539
v 0.191854 1.428494 -1.457270
v 0.202328 1.348035 -1.536829
v 0.677963 1.475831 -1.268380
v 0.636099 1.475831 -1.289883
v 0.593555 1.475831 -1.310005
v 0.842384 1.636887 1.097816
v 0.849167 1.580980 1.106655
v 1.357960 1.428494 -0.562485
v 1.432096 1.348035 -0.593194
v 0.651391 1.272897 -1.572598
v 0.672729 1.261725 -1.624112
v 1.813660 1.257916 -0.059374
v 1.810745 1.257916 -0.118683
v 1.805893 1.257916 -0.177866
v 1.371928 1.636887 0.180617
v 1.382974 1.580980 0.182072
v 1.570729 1.316306 -1.289064
v 1.527710 1.316306 -1.339766
v 1.483057 1.316306 -1.389035
v 1.356430 1.316306 -0.843483
v 1.328105 1.316306 -0.887412
v 1.298359 1.316306 -0.930391
v 1.079709 1.958998 -1.870113
v 1.039587 2.039458 -1.800619
v 1.855330 1.261725 -0.244260
v 1.910611 1.272897 -0.251537
v 1.555573 2.071186 0.362708
v 1.566607 2.071186 0.311617
v 1.575965 2.071186 0.260192
v 1.346021 1.911661 0.506606
v 1.361875 1.911661 0.462294
v 1.376273 1.911661 0.417487
v 1.013316 1.316306 1.234728
v 1.053173 1.316306 1.200912
v 1.091902 1.316306 1.165811
v 1.366973 1.636887 -1.781474
v 1.360191 1.580980 -1.772635
v -0.071690 1.475831 -2.189889
v -0.143303 1.475831 -2.186370
v 0.842384 1.636887 -1.097816
v 0.849166 1.580980 -1.106655
v 1.781474 1.750606 -1.366973
v 1.772635 1.806513 -1.360191
v 1.394908 1.806513 -0.000000
v 1.383767 1.750606 -0.000000
v 1.995759 1.911661 -0.904267
v 1.965103 1.911661 -0.969082
v 1.932344 1.911661 -1.032860
v 0.362709 2.071186 -1.555573
v 0.311618 2.071186 -1.566607
v 0.260193 2.071186 -1.575965
v 1.272923 1.428494 0.734922
v 1.342417 1.348035 0.775045
v 1.792032 1.316306 0.957861
v 1.822412 1.316306 0.898714
v 1.850843 1.316306 0.838605
v 1.780998 1.475831 1.276244
v 1.821801 1.475831 1.217288
v 1.860655 1.475831 1.157029
v 2.140946 1.958998 0.281860
v 2.061388 2.039458 0.271386
v 1.229769 2.039458 0.943634
v 1.166107 1.958998 0.894785
v 1.419761 1.428494 -0.380424
v 1.497272 1.348035 -0.401193
v 1.314572 1.958998 1.713183
v 1.265723 2.039458 1.649521
v 1.920908 1.348035 -0.795666
v 1.995044 1.428494 -0.826374
v 2.030876 1.316306 -0.066485
v 2.027612 1.316306 -0.132897
v 2.022179 1.316306 -0.199168
v 1.276245 1.911661 -1.780997
v 1.217288 1.911661 -1.821801
v 1.157029 1.911661 -1.860655
v 0.887412 2.071186 1.328105
v 0.930392 2.071186 1.298359
v 1.289065 1.316306 1.570728
v 1.339767 1.316306 1.527710
v 1.389036 1.316306 1.483056
v 1.111744 1.475831 -0.912385
v 1.081296 1.475831 -0.948272
v 1.049691 1.475831 -0.983143
v 1.454922 2.071186 -0.659217
v 1.432573 2.071186 -0.706467
v 1.408692 2.071186 -0.752962
v 1.049692 1.475831 0.983143
v 1.081296 1.475831 0.948271
v 1.111745 1.475831 0.912384
v 0.775044 2.039458 -1.342417
v 0.734922 1.958998 -1.272924
v 0.440554 1.272897 -1.644168
v 0.454985 1.261725 -1.698026
v 0.859315 1.636887 -2.074571
v 0.855051 1.580980 -2.064277
v 0.799022 1.475831 1.195819
v 0.837720 1.475831 1.169037
v 0.506606 1.911661 -1.346021
v 0.462294 1.911661 -1.361875
v 0.417488 1.911661 -1.376273
v 1.474121 1.272897 0.851084
v 1.522408 1.261725 0.878963
v 1.620628 1.261725 -0.935670
v 1.668915 1.272897 -0.963549
v -0.000001 1.750606 -2.245499
v -0.000001 1.806513 -2.234358
v 1.497272 2.039458 -0.401193
v 1.419761 1.958998 -0.380424
v 2.096716 1.911661 -0.636032
v 2.074782 1.911661 -0.704294
v 2.050628 1.911661 -0.771802
v 0.156563 1.316306 -1.589608
v 0.104468 1.316306 -1.593879
v 0.052262 1.316306 -1.596444
v 1.183573 2.071186 -1.651675
v 1.128898 2.071186 -1.689516
v 1.073014 2.071186 -1.725548
v 1.096079 2.039458 1.096078
v 1.039338 1.958998 1.039337
v 2.168985 1.636887 -0.581178
v 2.158224 1.580980 -0.578295
v 1.725548 1.316306 -1.073015
v 1.689515 1.316306 -1.128898
v 1.651675 1.316306 -1.183574
v 1.408692 2.071186 0.752962
v 1.432574 2.071186 0.706467
v 1.454922 2.071186 0.659216
v 2.189889 1.475831 -0.071690
v 2.186370 1.475831 -0.143303
v 2.180511 1.475831 -0.214763
v -0.047057 1.475831 -1.437431
v -0.094063 1.475831 -1.435121
v 1.780998 1.911661 1.276244
v 1.821801 1.911661 1.217288
v 1.860655 1.911661 1.157029
v 1.728893 1.261725 0.716130
v 1.780406 1.272897 0.737468
v 1.366974 1.750606 1.781474
v 1.360191 1.806513 1.772634
v 1.497793 1.475831 -1.599177
v 1.444667 1.475831 -1.647327
v 1.389995 1.475831 -1.693714
v 1.151191 1.257916 1.402729
v 1.196470 1.257916 1.364311
v 1.240469 1.257916 1.324434
v 1.644168 1.272897 0.440553
v 1.698026 1.261725 0.454984
v 0.986349 1.806513 0.986348
v 0.978471 1.750606 0.978470
v 1.431276 1.911661 0.140968
v 1.435121 1.911661 0.094062
v 1.437431 1.911661 0.047056
v -0.000000 1.806513 -1.394908
v -0.000000 1.750606 -1.383767
v 1.032859 1.911661 -1.932345
v 0.969081 1.911661 -1.965103
v 0.904266 1.911661 -1.995759
v -0.000001 1.348035 -2.079176
v -0.000001 1.428494 -2.159420
v 1.484634 1.261725 1.139199
v 1.528870 1.272897 1.173142
v 0.771801 1.475831 -2.050628
v 0.704293 1.475831 -2.074782
v 0.636031 1.475831 -2.096716
v 1.096079 2.039458 -1.096079
v 1.039337 1.958998 -1.039338
v 1.978883 2.071186 0.461410
v 1.992919 2.071186 0.396416
v 2.004823 2.071186 0.330997
v 1.474120 1.272897 -0.851084
v 1.522408 1.261725 -0.878963
v 0.281861 1.958998 -2.140946
v 0.271387 2.039458 -2.061388
v 1.781474 1.636887 1.366973
v 1.772635 1.580980 1.360190
v 1.097816 1.636887 0.842383
v 1.106655 1.580980 0.849166
v 2.096715 1.475831 -0.636032
v 2.074781 1.475831 -0.704294
v 2.050628 1.475831 -0.771802
v 1.497793 1.911661 -1.599177
v 1.444667 1.911661 -1.647327
v 1.389995 1.911661 -1.693714
v 0.716130 1.261725 -1.728893
v 0.737468 1.272897 -1.780406
v 1.540989 1.257916 -0.958249
v 1.508810 1.257916 -1.008155
v 1.475017 1.257916 -1.056983
v 2.004823 1.316306 -0.330998
v 1.992919 1.316306 -0.396417
v 1.978882 1.316306 -0.461411
v 1.651675 2.071186 1.183573
v 1.689516 2.071186 1.128898
v 1.725548 2.071186 1.073014
v 1.288727 1.806513 -0.533808
v 1.278434 1.750606 -0.529545
v 1.596444 1.316306 -0.052263
v 1.593879 1.316306 -0.104469
v 1.589608 1.316306 -0.156563
v 1.432096 2.039458 0.593193
v 1.357960 1.958998 0.562485
v 2.050628 1.911661 0.771801
v 2.074782 1.911661 0.704293
v 2.096716 1.911661 0.636031
v 0.412060 1.257916 -1.767228
v 0.354017 1.257916 -1.779763
v 0.295595 1.257916 -1.790394
v 1.419762 1.428494 0.380423
v 1.497272 1.348035 0.401192
v 0.849166 1.806513 -1.106655
v 0.842384 1.750606 -1.097816
v 1.400631 1.911661 0.326581
v 1.410566 1.911661 0.280579
v 1.418991 1.911661 0.234276
v 1.589608 2.071186 0.156562
v 1.593879 2.071186 0.104468
v 1.596444 2.071186 0.052262
v 2.061388 1.348035 0.271386
v 2.140946 1.428494 0.281860
v 0.799022 1.911661 1.195820
v 0.837720 1.911661 1.169037
v -0.071690 1.911661 -2.189889
v -0.143303 1.911661 -2.186370
v 1.800619 1.348035 1.039588
v 1.870113 1.428494 1.079710
v 1.526940 1.958998 -1.526941
v 1.470199 2.039458 -1.470199
v 1.272923 1.428494 -0.734923
v 1.342417 1.348035 -0.775045
v -0.000001 1.636887 -2.245499
v -0.000001 1.580980 -2.234357
v 0.461411 1.316306 -1.978883
v 0.396417 1.316306 -1.992919
v 0.330998 1.316306 -2.004823
v 1.039587 1.348035 -1.800619
v 1.079709 1.428494 -1.870113
v -0.000000 1.636887 -1.383767
v -0.000000 1.580980 -1.394908
v 2.226288 1.750606 -0.293097
v 2.215242 1.806513 -0.291643
v 1.166107 1.428494 0.894785
v 1.229769 1.348035 0.943634
v 2.168986 1.636887 0.581177
v 2.158224 1.580980 0.578293
v 1.389035 2.071186 -1.483057
v 1.339766 2.071186 -1.527710
v 1.289064 2.071186 -1.570729
v 1.268380 1.911661 0.677963
v 1.289883 1.911661 0.636099
v 1.310005 1.911661 0.593555
v 1.432096 2.039458 -0.593194
v 1.357960 1.958998 -0.562485
v 0.506606 1.475831 -1.346021
v 0.462294 1.475831 -1.361875
v 0.417488 1.475831 -1.376273
v 1.901727 2.071186 0.715759
v 1.924127 2.071186 0.653152
v 1.944468 2.071186 0.589847
v 1.437431 1.911661 -0.047057
v 1.435121 1.911661 -0.094063
v 1.431276 1.911661 -0.140969
v 0.581178 1.750606 -2.168985
v 0.578294 1.806513 -2.158224
v 1.310005 1.911661 -0.593556
v 1.289883 1.911661 -0.636100
v 1.268380 1.911661 -0.677963
v 1.336616 1.636887 0.358145
v 1.347378 1.580980 0.361028
v 0.887412 1.316306 1.328105
v 0.930392 1.316306 1.298359
v 0.697454 1.806513 -1.208026
v 0.691883 1.750606 -1.198377
v 1.431276 1.475831 0.140968
v 1.435121 1.475831 0.094062
v 1.437431 1.475831 0.047056
v 2.022179 1.316306 0.199167
v 2.027612 1.316306 0.132896
v 2.030876 1.316306 0.066483
v 2.159420 1.958998 -0.000001
v 2.079176 2.039458 -0.000001
v -0.066484 2.071186 -2.030876
v -0.132897 2.071186 -2.027612
v 0.978471 1.636887 -0.978471
v 0.986349 1.580980 -0.986349
v 1.599178 1.475831 1.497792
v 1.647328 1.475831 1.444666
v 1.693714 1.475831 1.389994
v -0.000000 1.428494 -1.469845
v -0.000000 1.348035 -1.550090
v 0.837720 1.911661 -1.169037
v 0.799021 1.911661 -1.195820
v 0.759467 1.911661 -1.221324
v 0.497538 1.475831 -2.133825
v 0.427455 1.475831 -2.148960
v 0.356914 1.475831 -2.161797
v 1.382974 1.806513 -0.182073
v 1.371928 1.750606 -0.180618
v 1.350421 1.272897 1.036214
v 1.394656 1.261725 1.070157
v 2.074571 1.636887 -0.859315
v 2.064277 1.580980 -0.855052
v 1.298360 2.071186 0.930391
v 1.328105 2.071186 0.887411
v 1.356430 2.071186 0.843482
v 1.526941 1.958998 1.526940
v 1.470200 2.039458 1.470198
v 1.807576 1.261725 0.484338
v 1.861433 1.272897 0.498769
v 0.978471 1.636887 0.978470
v 0.986349 1.580980 0.986348
v 0.957861 2.071186 -1.792032
v 0.898714 2.071186 -1.822412
v 0.838605 2.071186 -1.850843
v 1.400631 1.475831 0.326581
v 1.410566 1.475831 0.280579
v 1.418991 1.475831 0.234276
v 1.687606 1.272897 0.222177
v 1.742886 1.261725 0.229455
v 1.217289 1.475831 1.821800
v 1.276245 1.475831 1.780997
v 1.356430 2.071186 -0.843483
v 1.328105 2.071186 -0.887412
v 1.298359 2.071186 -0.930391
v 2.074571 1.750606 0.859315
v 2.064277 1.806513 0.855051
v 0.851083 1.272897 -1.474121
v 0.878962 1.261725 -1.522408
v -0.000000 2.039458 -1.550090
v -0.000000 1.958998 -1.469845
v 2.004823 2.071186 -0.330998
v 1.992919 2.071186 -0.396417
v 1.978883 2.071186 -0.461411
v 1.371928 1.636887 -0.180618
v 1.382974 1.580980 -0.182073
v 1.106655 1.806513 0.849166
v 1.097816 1.750606 0.842383
v 2.008330 1.348035 -0.538131
v 2.085840 1.428494 -0.558900
v 1.376272 1.475831 -0.417488
v 1.361875 1.475831 -0.462294
v 1.346021 1.475831 -0.506606
v 0.943635 2.039458 1.229769
v 0.894786 1.958998 1.166106
v 1.728893 1.261725 -0.716131
v 1.780406 1.272897 -0.737468
v 0.983143 1.475831 -1.049691
v 0.948272 1.475831 -1.081296
v 0.912385 1.475831 -1.111744
v 0.293097 1.750606 -2.226288
v 0.291642 1.806513 -2.215242
v 1.995759 1.475831 -0.904267
v 1.965103 1.475831 -0.969082
v 1.932344 1.475831 -1.032860
v 1.790394 1.257916 -0.295596
v 1.779763 1.257916 -0.354017
v 1.767228 1.257916 -0.412060
v 1.587808 1.636887 1.587807
v 1.579930 1.580980 1.579929
v 1.288727 1.806513 0.533808
v 1.278434 1.750606 0.529544
v 0.677963 1.911661 -1.268380
v 0.636099 1.911661 -1.289883
v 0.593555 1.911661 -1.310005
v 0.795666 1.348035 -1.920908
v 0.826374 1.428494 -1.995044
v 1.497272 2.039458 0.401192
v 1.419762 1.958998 0.380423
v 0.943635 2.039458 -1.229769
v 0.894785 1.958998 -1.166107
v 0.362709 1.316306 -1.555573
v 0.311618 1.316306 -1.566607
v 0.260193 1.316306 -1.575965
v 0.894785 1.428494 -1.166107
v 0.943635 1.348035 -1.229769
v 1.234729 1.316306 -1.013316
v 1.200912 1.316306 -1.053172
v 1.165811 1.316306 -1.091902
v 0.214762 1.911661 -2.180511
v 0.143302 1.911661 -2.186370
v 0.071689 1.911661 -2.189889
v 1.620628 1.261725 0.935670
v 1.668916 1.272897 0.963549
v 1.587807 1.750606 -1.587808
v 1.579929 1.806513 -1.579929
v 1.324435 1.257916 1.240468
v 1.364312 1.257916 1.196469
v 1.402730 1.257916 1.151189
v 1.342417 2.039458 -0.775045
v 1.272923 1.958998 -0.734923
v 2.180511 1.911661 0.214761
v 2.186370 1.911661 0.143302
v 2.189889 1.911661 0.071689
v 0.734922 1.428494 -1.272923
v 0.775044 1.348035 -1.342417
v -0.000000 1.261725 -1.871340
v -0.000000 1.272897 -1.927098
v 1.457271 1.428494 -0.191854
v 1.536828 1.348035 -0.202328
v 1.408692 1.316306 0.752962
v 1.432574 1.316306 0.706467
v 1.454922 1.316306 0.659216
v 1.944468 2.071186 -0.589848
v 1.924127 2.071186 -0.653153
v 1.901727 2.071186 -0.715759
v 1.347378 1.806513 -0.361029
v 1.336616 1.750606 -0.358145
v 0.293097 1.636887 -2.226288
v 0.291642 1.580980 -2.215242
v 1.932344 1.911661 1.032859
v 1.965103 1.911661 0.969081
v 1.995759 1.911661 0.904266
v 0.182072 1.806513 -1.382974
v 0.180618 1.750606 -1.371928
v 1.128898 2.071186 1.689515
v 1.183574 2.071186 1.651674
v 1.122749 1.636887 -1.944660
v 1.117178 1.580980 -1.935011
v 0.562649 2.071186 -1.494922
v 0.513435 2.071186 -1.512530
v 0.463671 2.071186 -1.528520
v 1.850842 1.316306 -0.838606
v 1.822412 1.316306 -0.898714
v 1.792032 1.316306 -0.957861
v 0.912385 1.911661 1.111744
v 0.948272 1.911661 1.081296
v 0.983144 1.911661 1.049691
v 0.558899 1.958998 -2.085840
v 0.538130 2.039458 -2.008330
v 1.198377 1.636887 0.691883
v 1.208026 1.580980 0.697454
v 1.713183 1.958998 -1.314572
v 1.649521 2.039458 -1.265722
v 1.165812 2.071186 1.091901
v 1.200913 2.071186 1.053172
v 1.234730 2.071186 1.013315
v 1.036214 1.272897 -1.350421
v 1.070157 1.261725 -1.394656
v 2.168985 1.750606 -0.581178
v 2.158224 1.806513 -0.578295
v 2.180511 1.475831 0.214761
v 2.186370 1.475831 0.143302
v 2.189889 1.475831 0.071689
v 1.596444 2.071186 -0.052263
v 1.593879 2.071186 -0.104469
v 1.589608 2.071186 -0.156563
v 1.483058 1.316306 1.389034
v 1.527711 1.316306 1.339766
v 1.570730 1.316306 1.289063
v 0.986349 1.806513 -0.986349
v 0.978471 1.750606 -0.978471
v 1.570729 2.071186 -1.289064
v 1.527710 2.071186 -1.339767
v 1.483057 2.071186 -1.389035
v 1.366974 1.636887 1.781474
v 1.360191 1.580980 1.772634
v 0.691883 1.636887 -1.198377
v 0.697454 1.580980 -1.208026
v 2.133825 1.911661 0.497537
v 2.148961 1.911661 0.427454
v 2.161797 1.911661 0.356913
v 0.401193 2.039458 -1.497272
v 0.380424 1.958998 -1.419762
v 1.702168 1.272897 -0.000000
v 1.757925 1.261725 -0.000000
v 1.792032 2.071186 0.957861
v 1.822412 2.071186 0.898714
v 1.850843 2.071186 0.838605
v 0.983143 1.911661 -1.049691
v 0.948271 1.911661 -1.081296
v 0.912385 1.911661 -1.111744
v 0.538130 1.348035 -2.008330
v 0.558899 1.428494 -2.085840
v 2.226288 1.636887 0.293096
v 2.215242 1.580980 0.291642
v 2.074571 1.750606 -0.859315
v 2.064277 1.806513 -0.855052
v 1.217289 1.911661 1.821800
v 1.276245 1.911661 1.780997
v 1.357960 1.428494 0.562485
v 1.432096 1.348035 0.593193
v 1.389995 1.475831 1.693713
v 1.444668 1.475831 1.647326
v 1.497794 1.475831 1.599177
v 0.199167 1.316306 -2.022179
v 0.132897 1.316306 -2.027612
v 0.066484 1.316306 -2.030876
v 1.652882 1.257916 -0.748911
v 1.627493 1.257916 -0.802591
v 1.600362 1.257916 -0.855411
v 2.008330 1.348035 0.538130
v 2.085840 1.428494 0.558898
v 1.039338 1.428494 1.039337
v 1.096079 1.348035 1.096078
v -0.047057 1.911661 -1.437431
v -0.094063 1.911661 -1.435121
v 1.097816 1.636887 -0.842384
v 1.106655 1.580980 -0.849167
v 1.944659 1.636887 -1.122750
v 1.935010 1.580980 -1.117179
v 1.575964 1.316306 -0.260193
v 1.566607 1.316306 -0.311618
v 1.555573 1.316306 -0.362709
v 1.855331 1.261725 0.244258
v 1.910611 1.272897 0.251536
v 1.781474 1.636887 -1.366973
v 1.772635 1.580980 -1.360191
v 0.859315 1.750606 -2.074571
v 0.855051 1.806513 -2.064277
v 1.470199 1.348035 -1.470199
v 1.526940 1.428494 -1.526941
v 1.139200 1.261725 1.484633
v 1.173143 1.272897 1.528869
v 1.198377 1.636887 -0.691883
v 1.208026 1.580980 -0.697454
v 0.935669 1.261725 -1.620628
v 0.963548 1.272897 -1.668916
v 1.693713 1.911661 -1.389995
v 1.647327 1.911661 -1.444667
v 1.599177 1.911661 -1.497793
v 2.140946 1.958998 -0.281862
v 2.061388 2.039458 -0.271388
v 2.189889 1.911661 -0.071690
v 2.186370 1.911661 -0.143303
v 2.180511 1.911661 -0.214763
v 0.715759 2.071186 -1.901727
v 0.653153 2.071186 -1.924127
v 0.589848 2.071186 -1.944468
v 2.245499 1.636887 -0.000001
v 2.234357 1.580980 -0.000001
v 0.639204 1.257916 -1.698325
v 0.583294 1.257916 -1.718329
v 0.526760 1.257916 -1.736494
v 1.418991 1.911661 -0.234277
v 1.410566 1.911661 -0.280579
v 1.400631 1.911661 -0.326582
v 1.278434 1.636887 0.529544
v 1.288727 1.580980 0.533808
v 1.298360 1.316306 0.930391
v 1.328105 1.316306 0.887411
v 1.356430 1.316306 0.843482
v 1.494922 1.316306 0.562648
v 1.512530 1.316306 0.513434
v 1.528520 1.316306 0.463671
v 0.562485 1.428494 -1.357960
v 0.593193 1.348035 -1.432096
v 1.347378 1.806513 0.361028
v 1.336616 1.750606 0.358145
v 1.203615 1.272897 1.203614
v 1.243042 1.261725 1.243040
v 0.214762 1.475831 -2.180511
v 0.143302 1.475831 -2.186370
v 0.071689 1.475831 -2.189889
v 1.265722 1.348035 -1.649521
v 1.314572 1.428494 -1.713183
v 2.061388 1.348035 -0.271388
v 2.140946 1.428494 -0.281862
v 1.944659 1.750606 1.122749
v 1.935010 1.806513 1.117178
v 1.166106 1.428494 -0.894785
v 1.229769 1.348035 -0.943635
v 2.133825 1.475831 0.497537
v 2.148961 1.475831 0.427454
v 2.161797 1.475831 0.356913
v -0.000000 1.272897 -1.702168
v -0.000000 1.261725 -1.757925
v 2.030876 2.071186 -0.066485
v 2.027612 2.071186 -0.132897
v 2.022179 2.071186 -0.199168
v 1.383767 1.636887 -0.000000
v 1.394908 1.580980 -0.000000
v 0.855411 1.257916 -1.600362
v 0.802590 1.257916 -1.627493
v 0.748911 1.257916 -1.652882
v 1.870113 1.958998 -1.079710
v 1.800619 2.039458 -1.039588
v 1.268380 1.475831 0.677963
v 1.289883 1.475831 0.636099
v 1.310005 1.475831 0.593555
v 0.202328 2.039458 -1.536829
v 0.191854 1.958998 -1.457270
v 1.310005 1.475831 -0.593556
v 1.289883 1.475831 -0.636100
v 1.268380 1.475831 -0.677963
v 0.326581 1.475831 -1.400631
v 0.280579 1.475831 -1.410566
v 0.234277 1.475831 -1.418991
v 1.528520 1.316306 -0.463672
v 1.512530 1.316306 -0.513435
v 1.494922 1.316306 -0.562649
v 1.995044 1.958998 0.826374
v 1.920908 2.039458 0.795666
v 1.289065 2.071186 1.570729
v 1.339767 2.071186 1.527710
v 1.389036 2.071186 1.483056
v 1.036215 1.272897 1.350420
v 1.070158 1.261725 1.394655
v 0.140968 1.911661 -1.431275
v 0.094063 1.911661 -1.435121
v 0.047056 1.911661 -1.437431
v 0.529544 1.636887 -1.278434
v 0.533808 1.580980 -1.288727
v 1.536829 2.039458 0.202327
v 1.457271 1.958998 0.191853
v 1.208026 1.806513 0.697454
v 1.198377 1.750606 0.691883
v 1.366973 1.750606 -1.781474
v 1.360191 1.806513 -1.772635
v 1.860655 1.475831 -1.157030
v 1.821800 1.475831 -1.217289
v 1.780997 1.475831 -1.276245
v 1.346021 1.475831 0.506606
v 1.361875 1.475831 0.462294
v 1.376273 1.475831 0.417487
v 1.978883 1.316306 0.461410
v 1.992919 1.316306 0.396416
v 2.004823 1.316306 0.330997
v 2.168986 1.750606 0.581177
v 2.158224 1.806513 0.578293
v 1.713184 1.958998 1.314571
v 1.649521 2.039458 1.265721
v 1.350420 1.272897 -1.036215
v 1.394656 1.261725 -1.070158
v -0.052263 2.071186 -1.596444
v -0.104469 2.071186 -1.593879
v 0.361029 1.806513 -1.347378
v 0.358145 1.750606 -1.336616
v 1.234729 2.071186 -1.013316
v 1.200912 2.071186 -1.053172
v 1.165811 2.071186 -1.091902
v 0.461411 2.071186 -1.978883
v 0.396417 2.071186 -1.992919
v 0.330998 2.071186 -2.004823
v 1.469845 1.428494 -0.000000
v 1.550090 1.348035 -0.000000
v 1.807576 1.261725 -0.484339
v 1.861433 1.272897 -0.498770
v 1.944659 1.750606 -1.122750
v 1.935010 1.806513 -1.117179
v 1.528520 2.071186 -0.463672
v 1.512530 2.071186 -0.513435
v 1.494922 2.071186 -0.562649
v 1.475017 1.257916 1.056982
v 1.508811 1.257916 1.008155
v 1.540989 1.257916 0.958248
v 1.587807 1.636887 -1.587808
v 1.579929 1.580980 -1.579929
v 0.244259 1.261725 -1.855331
v 0.251537 1.272897 -1.910611
v 1.091901 1.316306 -1.165811
v 1.053172 1.316306 -1.200913
v 1.013316 1.316306 -1.234729
v 1.418991 1.475831 -0.234277
v 1.410566 1.475831 -0.280579
v 1.400631 1.475831 -0.326582
v -0.052263 1.316306 -1.596444
v -0.104469 1.316306 -1.593879
v 1.725548 2.071186 -1.073015
v 1.689515 2.071186 -1.128898
v 1.651675 2.071186 -1.183574
v 0.894786 1.428494 1.166106
v 0.943635 1.348035 1.229769
v 0.562649 1.316306 -1.494922
v 0.513435 1.316306 -1.512530
v 0.463671 1.316306 -1.528520
v 1.389996 1.911661 1.693713
v 1.444668 1.911661 1.647326
v 1.497794 1.911661 1.599177
v 1.106655 1.806513 -0.849167
v 1.097816 1.750606 -0.842384
v 1.687606 1.272897 -0.222178
v 1.742886 1.261725 -0.229456
v 0.752961 2.071186 -1.408692
v 0.706467 2.071186 -1.432574
v 0.659216 2.071186 -1.454922
v -0.066484 1.316306 -2.030876
v -0.132897 1.316306 -2.027612
v 0.826374 1.958998 -1.995044
v 0.795666 2.039458 -1.920908
v 1.470200 1.348035 1.470198
v 1.526941 1.428494 1.526940
v 1.323237 1.261725 -1.323237
v 1.362664 1.272897 -1.362664
v 1.032859 1.475831 -1.932345
v 0.969081 1.475831 -1.965103
v 0.904266 1.475831 -1.995759
v 1.111744 1.911661 -0.912385
v 1.081296 1.911661 -0.948272
v 1.049691 1.911661 -0.983143
v 1.049692 1.911661 0.983143
v 1.081297 1.911661 0.948271
v 1.111745 1.911661 0.912385
v 1.276245 1.475831 -1.780997
v 1.217288 1.475831 -1.821801
v 1.157029 1.475831 -1.860655
v 1.550090 2.039458 -0.000000
v 1.469845 1.958998 -0.000000
v 0.930391 2.071186 -1.298359
v 0.887411 2.071186 -1.328105
v 0.843482 2.071186 -1.356430
v 1.644168 1.272897 -0.440554
v 1.698025 1.261725 -0.454985
v 1.651675 1.316306 1.183573
v 1.689516 1.316306 1.128898
v 1.725548 1.316306 1.073014
v 1.871340 1.261725 -0.000000
v 1.927098 1.272897 -0.000001
v 1.240468 1.257916 -1.324434
v 1.196469 1.257916 -1.364311
v 1.151190 1.257916 -1.402729
v 1.698325 1.257916 0.639204
v 1.718329 1.257916 0.583293
v 1.736494 1.257916 0.526759
v 0.271387 1.348035 -2.061388
v 0.281861 1.428494 -2.140946
v 1.944468 1.316306 -0.589848
v 1.924127 1.316306 -0.653153
v 1.901727 1.316306 -0.715759
v 2.074571 1.636887 0.859315
v 2.064277 1.580980 0.855051
v 1.376272 1.911661 -0.417488
v 1.361875 1.911661 -0.462294
v 1.346021 1.911661 -0.506606
v 1.575964 2.071186 -0.260193
v 1.566607 2.071186 -0.311618
v 1.555573 2.071186 -0.362709
v 1.169037 1.475831 0.837720
v 1.195820 1.475831 0.799021
v 1.221323 1.475831 0.759467
v 1.265723 1.348035 1.649521
v 1.314572 1.428494 1.713183
v 1.860655 1.911661 -1.157030
v 1.821800 1.911661 -1.217289
v 1.780997 1.911661 -1.276245
v 1.139200 1.261725 -1.484634
v 1.173143 1.272897 -1.528869
v 0.593193 2.039458 -1.432096
v 0.562485 1.958998 -1.357960
v 0.930391 1.316306 -1.298359
v 0.887411 1.316306 -1.328105
v 0.843482 1.316306 -1.356430
v 1.013316 2.071186 1.234728
v 1.053173 2.071186 1.200912
v 1.091902 2.071186 1.165811
v 0.957861 1.316306 -1.792032
v 0.898714 1.316306 -1.822412
v 0.838605 1.316306 -1.850843
v 1.649521 1.348035 -1.265722
v 1.713183 1.428494 -1.314572
v 0.497538 1.911661 -2.133825
v 0.427455 1.911661 -2.148960
v 0.356914 1.911661 -2.161797
v 1.555573 1.316306 0.362708
v 1.566607 1.316306 0.311617
v 1.575965 1.316306 0.260192
v 0.380424 1.428494 -1.419762
v 0.401193 1.348035 -1.497272
v 0.581178 1.636887 -2.168985
v 0.578294 1.580980 -2.158224
v 2.085840 1.958998 -0.558900
v 2.008330 2.039458 -0.538131
v 1.389035 1.316306 -1.483057
v 1.339766 1.316306 -1.527710
v 1.289064 1.316306 -1.570729
v 2.079176 1.348035 -0.000001
v 2.159420 1.428494 -0.000001
v 1.800619 1.348035 -1.039588
v 1.870113 1.428494 -1.079710
v 2.226288 1.636887 -0.293097
v 2.215242 1.580980 -0.291643
v 0.140968 1.475831 -1.431275
v 0.094063 1.475831 -1.435121
v 0.047056 1.475831 -1.437431
v 1.454922 1.316306 -0.659216
v 1.432573 1.316306 -0.706467
v 1.408692 1.316306 -0.752962
v 1.736494 1.257916 -0.526760
v 1.718328 1.257916 -0.583294
v 1.698324 1.257916 -0.639204
v 2.161797 1.911661 -0.356915
v 2.148960 1.911661 -0.427456
v 2.133825 1.911661 -0.497539
v 1.693714 1.475831 -1.389995
v 1.647327 1.475831 -1.444667
v 1.599177 1.475831 -1.497793
v 0.222178 1.272897 -1.687606
v 0.229456 1.261725 -1.742886
v 0.849167 1.806513 1.106655
v 0.842384 1.750606 1.097816
v 1.278434 1.636887 -0.529545
v 1.288727 1.580980 -0.533808
v 1.483058 2.071186 1.389034
v 1.527711 2.071186 1.339766
v 1.570730 2.071186 1.289063
v 1.221323 1.475831 -0.759468
v 1.195819 1.475831 -0.799021
v 1.169037 1.475831 -0.837720
v 0.156563 2.071186 -1.589608
v 0.104468 2.071186 -1.593879
v 0.052262 2.071186 -1.596444
v 1.382974 1.806513 0.182072
v 1.371928 1.750606 0.180617
v 1.122749 1.750606 -1.944660
v 1.117178 1.806513 -1.935011
v 1.920908 1.348035 0.795666
v 1.995044 1.428494 0.826374
v 0.912385 1.475831 1.111744
v 0.948272 1.475831 1.081296
v 0.983144 1.475831 1.049691
v 1.494922 2.071186 0.562648
v 1.512530 2.071186 0.513434
v 1.528520 2.071186 0.463671
v 2.022179 2.071186 0.199167
v 2.027612 2.071186 0.132896
v 2.030876 2.071186 0.066483
v 2.085840 1.958998 0.558898
v 2.008330 2.039458 0.538130
v 1.781474 1.750606 1.366973
v 1.772635 1.806513 1.360190
v 1.039337 1.428494 -1.039338
v 1.096079 1.348035 -1.096079
v 1.208026 1.806513 -0.697454
v 1.198377 1.750606 -0.691883
v 0.358145 1.636887 -1.336616
v 0.361029 1.580980 -1.347378
v 1.056982 1.257916 -1.475017
v 1.008155 1.257916 -1.508811
v 0.958248 1.257916 -1.540989
v 1.805893 1.257916 0.177865
v 1.810745 1.257916 0.118682
v 1.813660 1.257916 0.059373
v 1.342417 2.039458 0.775045
v 1.272923 1.958998 0.734922
v 0.771802 1.911661 -2.050628
v 0.704293 1.911661 -2.074782
v 0.636032 1.911661 -2.096716
v 2.050628 1.475831 0.771801
v 2.074782 1.475831 0.704293
v 2.096716 1.475831 0.636031
v 1.932344 1.475831 1.032859
v 1.965103 1.475831 0.969081
v 1.995759 1.475831 0.904266
v 1.165812 1.316306 1.091901
v 1.200913 1.316306 1.053172
v 1.234730 1.316306 1.013315
v 2.226288 1.750606 0.293096
v 2.215242 1.806513 0.291642
v 1.169037 1.911661 0.837720
v 1.195820 1.911661 0.799021
v 1.221323 1.911661 0.759467
v 1.587808 1.750606 1.587807
v 1.579930 1.806513 1.579929
v 1.437431 1.475831 -0.047057
v 1.435121 1.475831 -0.094063
v 1.431276 1.475831 -0.140969
v 1.599178 1.911661 1.497792
v 1.647328 1.911661 1.444666
v 1.693714 1.911661 1.389994
v 1.229769 2.039458 -0.943635
v 1.166106 1.958998 -0.894785
v 1.128898 1.316306 1.689515
v 1.183574 1.316306 1.651674
v 1.323238 1.261725 1.323236
v 1.362664 1.272897 1.362663
v 1.203614 1.272897 -1.203615
v 1.243041 1.261725 -1.243041
v 1.589608 1.316306 0.156562
v 1.593879 1.316306 0.104468
v 1.596444 1.316306 0.052262
v 1.183573 1.316306 -1.651675
v 1.128898 1.316306 -1.689516
v 1.073014 1.316306 -1.725548
v 0.484338 1.261725 -1.807576
v 0.498770 1.272897 -1.861433
v 1.091901 2.071186 -1.165811
v 1.053172 2.071186 -1.200912
v 1.013316 2.071186 -1.234729
v 1.901727 1.316306 0.715759
v 1.924127 1.316306 0.653152
v 1.944468 1.316306 0.589847
v 1.870113 1.958998 1.079710
v 1.800619 2.039458 1.039588
v -0.000001 1.958998 -2.159420
v -0.000001 2.039458 -2.079176
v 0.752961 1.316306 -1.408692
v 0.706467 1.316306 -1.432574
v 0.659216 1.316306 -1.454922
v 1.995044 1.958998 -0.826374
v 1.920908 2.039458 -0.795666
v 0.180618 1.636887 -1.371928
v 0.182072 1.580980 -1.382974
v 1.572598 1.272897 -0.651391
v 1.624111 1.261725 -0.672729
v 1.944659 1.636887 1.122749
v 1.935010 1.580980 1.117178
v 1.457271 1.428494 0.191853
v 1.536829 1.348035 0.202327
v 0.177865 1.257916 -1.805893
v 0.118682 1.257916 -1.810745
v 0.059373 1.257916 -1.813660
v 1.314572 1.958998 -1.713183
v 1.265722 2.039458 -1.649521
v 1.333836 1.911661 1.738287
v 1.236982 2.071186 1.612066
v 0.972375 2.071186 1.267223
v 0.875522 1.911661 1.141002
v 0.875522 1.475831 1.141002
v 0.972375 1.316306 1.267223
v 1.104679 1.257916 1.439645
v 1.236983 1.316306 1.612066
v 1.333836 1.475831 1.738287
v 1.549317 1.911661 1.549315
v 1.436817 2.071186 1.436816
v 1.129462 2.071186 1.129461
v 1.016963 1.911661 1.016962
v 1.016963 1.475831 1.016962
v 1.129462 1.316306 1.129461
v 1.283140 1.257916 1.283139
v 1.436817 1.316306 1.436816
v 1.549317 1.475831 1.549315
v 1.738288 1.911661 1.333835
v 1.612067 2.071186 1.236982
v 1.267224 2.071186 0.972374
v 1.141003 1.911661 0.875521
v 1.141003 1.475831 0.875521
v 1.267224 1.316306 0.972374
v 1.439645 1.257916 1.104678
v 1.612067 1.316306 1.236981
v 1.738288 1.475831 1.333835
v 1.897517 1.911661 1.095531
v 1.759734 2.071186 1.015982
v 1.383303 2.071186 0.798650
v 1.245520 1.911661 0.719101
v 1.245520 1.475831 0.719101
v 1.383303 1.316306 0.798650
v 1.571518 1.257916 0.907316
v 1.759734 1.316306 1.015982
v 1.897517 1.475831 1.095531
v 2.024279 1.911661 0.838483
v 1.877291 2.071186 0.777599
v 1.475713 2.071186 0.611260
v 1.328725 1.911661 0.550376
v 1.328725 1.475831 0.550376
v 1.475713 1.316306 0.611260
v 1.676502 1.257916 0.694429
v 1.877291 1.316306 0.777599
v 2.024279 1.475831 0.838483
v 2.116405 1.911661 0.567088
v 1.962728 2.071186 0.525911
v 1.542874 2.071186 0.413411
v 1.389197 1.911661 0.372234
v 1.389197 1.475831 0.372234
v 1.542874 1.316306 0.413411
v 1.752801 1.257916 0.469661
v 1.962728 1.316306 0.525911
v 2.116405 1.475831 0.567088
v 2.172319 1.911661 0.285991
v 2.014581 2.071186 0.265224
v 1.583635 2.071186 0.208489
v 1.425898 1.911661 0.187723
v 1.425898 1.475831 0.187723
v 1.583635 1.316306 0.208489
v 1.799108 1.257916 0.236857
v 2.014581 1.316306 0.265224
v 2.172319 1.475831 0.285991
v 2.191064 1.911661 -0.000001
v 2.031965 2.071186 -0.000001
v 1.597300 2.071186 -0.000000
v 1.438202 1.911661 -0.000000
v 1.438202 1.475831 -0.000000
v 1.597300 1.316306 -0.000000
v 1.814633 1.257916 -0.000000
v 2.031965 1.316306 -0.000001
v 2.191064 1.475831 -0.000001
v 2.172319 1.911661 -0.285992
v 2.014581 2.071186 -0.265225
v 1.583635 2.071186 -0.208490
v 1.425898 1.911661 -0.187724
v 1.425898 1.475831 -0.187724
v 1.583635 1.316306 -0.208490
v 1.799108 1.257916 -0.236858
v 2.014581 1.316306 -0.265225
v 2.172319 1.475831 -0.285992
v 2.116405 1.911661 -0.567089
v 1.962728 2.071186 -0.525912
v 1.542874 2.071186 -0.413412
v 1.389196 1.911661 -0.372234
v 1.389196 1.475831 -0.372234
v 1.542874 1.316306 -0.413412
v 1.752801 1.257916 -0.469662
v 1.962728 1.316306 -0.525912
v 2.116405 1.475831 -0.567089
v 2.024279 1.911661 -0.838484
v 1.877291 2.071186 -0.777599
v 1.475713 2.071186 -0.611260
v 1.328725 1.911661 -0.550376
v 1.328725 1.475831 -0.550376
v 1.475713 1.316306 -0.611260
v 1.676502 1.257916 -0.694430
v 1.877291 1.316306 -0.777599
v 2.024279 1.475831 -0.838484
v 1.897516 1.911661 -1.095532
v 1.759733 2.071186 -1.015983
v 1.383303 2.071186 -0.798650
v 1.245519 1.911661 -0.719101
v 1.245519 1.475831 -0.719101
v 1.383302 1.316306 -0.798650
v 1.571518 1.257916 -0.907317
v 1.759733 1.316306 -1.015983
v 1.897517 1.475831 -1.095532
v 1.738287 1.911661 -1.333835
v 1.612066 2.071186 -1.236982
v 1.267223 2.071186 -0.972375
v 1.141002 1.911661 -0.875522
v 1.141002 1.475831 -0.875522
v 1.267223 1.316306 -0.972375
v 1.439645 1.257916 -1.104679
v 1.612066 1.316306 -1.236982
v 1.738287 1.475831 -1.333835
v 1.549316 1.911661 -1.549316
v 1.436816 2.071186 -1.436816
v 1.129462 2.071186 -1.129462
v 1.016962 1.911661 -1.016962
v 1.016962 1.475831 -1.016962
v 1.129462 1.316306 -1.129462
v 1.283139 1.257916 -1.283139
v 1.436816 1.316306 -1.436816
v 1.549316 1.475831 -1.549316
v 1.333835 1.911661 -1.738287
v 1.236982 2.071186 -1.612066
v 0.972375 2.071186 -1.267223
v 0.875522 1.911661 -1.141002
v 0.875522 1.475831 -1.141002
v 0.972375 1.316306 -1.267223
v 1.104678 1.257916 -1.439645
v 1.236982 1.316306 -1.612066
v 1.333835 1.475831 -1.738287
v 1.095531 1.911661 -1.897517
v 1.015982 2.071186 -1.759734
v 0.798650 2.071186 -1.383303
v 0.719100 1.911661 -1.245520
v 0.719101 1.475831 -1.245520
v 0.798650 1.316306 -1.383303
v 0.907316 1.257916 -1.571518
v 1.015982 1.316306 -1.759734
v 1.095531 1.475831 -1.897517
v 0.838483 1.911661 -2.024279
v 0.777599 2.071186 -1.877292
v 0.611260 2.071186 -1.475713
v 0.550376 1.911661 -1.328725
v 0.550376 1.475831 -1.328725
v 0.611260 1.316306 -1.475713
v 0.694429 1.257916 -1.676502
v 0.777599 1.316306 -1.877291
v 0.838483 1.475831 -2.024279
v 0.567089 1.911661 -2.116405
v 0.525911 2.071186 -1.962728
v 0.413412 2.071186 -1.542874
v 0.372234 1.911661 -1.389197
v 0.372234 1.475831 -1.389196
v 0.413412 1.316306 -1.542874
v 0.469662 1.257916 -1.752801
v 0.525911 1.316306 -1.962728
v 0.567089 1.475831 -2.116405
v 0.285991 1.911661 -2.172318
v 0.265225 2.071186 -2.014581
v 0.208490 2.071186 -1.583635
v 0.187723 1.911661 -1.425898
v 0.187723 1.475831 -1.425898
v 0.208490 1.316306 -1.583635
v 0.236857 1.257916 -1.799108
v 0.265225 1.316306 -2.014581
v 0.285991 1.475831 -2.172318
v -0.000001 1.911661 -2.191064
v -0.000001 2.071186 -2.031965
v -0.000000 2.071186 -1.597300
v -0.000000 1.911661 -1.438202
v -0.000000 1.475831 -1.438202
v -0.000000 1.316306 -1.597300
v -0.000000 1.257916 -1.814633
v -0.000001 1.316306 -2.031965
v -0.000001 1.475831 -2.191064
v 1.216051 1.797657 1.821256
v 1.222241 1.741750 1.830520
v 1.275579 1.797656 1.780065
v 1.333138 1.797656 1.737378
v 1.282068 1.741749 1.789122
v 1.339921 1.741749 1.746217
v 1.178269 1.933819 1.764512
v 1.195850 1.886481 1.790823
v 1.235871 1.933816 1.724654
v 1.254303 1.886479 1.750376
v 1.291639 1.933816 1.683296
v 1.140742 2.001850 1.707984
v 1.114513 2.033579 1.668730
v 1.196351 2.001849 1.669504
v 1.250336 2.001849 1.629468
v 1.168852 2.033577 1.631129
v 0.875568 2.001850 1.309636
v 0.901797 2.033579 1.348890
v 0.917614 2.001849 1.280529
v 0.945114 2.033577 1.318904
v 0.959022 2.001849 1.249821
v 0.838041 1.933819 1.253108
v 0.820461 1.886481 1.226797
v 0.878094 1.933816 1.225379
v 0.917719 1.933816 1.195993
v 0.859663 1.886479 1.199658
v 0.800259 1.797657 1.196364
v 0.838387 1.797656 1.169968
v 0.876220 1.797656 1.141911
v 0.794069 1.741750 1.187100
v 0.831897 1.741749 1.160912
v 0.869437 1.741749 1.133072
v 0.800259 1.589835 1.196364
v 0.794069 1.645742 1.187100
v 0.838387 1.589836 1.169968
v 0.876220 1.589836 1.141911
v 0.831897 1.645743 1.160912
v 0.869437 1.645743 1.133072
v 0.838041 1.453674 1.253108
v 0.820461 1.501011 1.226797
v 0.878094 1.453676 1.225379
v 0.859663 1.501014 1.199658
v 0.917719 1.453676 1.195993
v 0.875568 1.385642 1.309636
v 0.901797 1.353914 1.348890
v 0.917614 1.385644 1.280529
v 0.959022 1.385644 1.249821
v 0.945114 1.353915 1.318904
v 0.950740 1.317326 1.422620
v 0.996660 1.317327 1.390836
v 1.041634 1.317327 1.357483
v 0.980038 1.306646 1.466554
v 1.008137 1.303230 1.508784
v 1.027419 1.306646 1.433760
v 1.073781 1.306646 1.399377
v 1.056964 1.303230 1.474991
v 1.065571 1.317326 1.595000
v 1.036238 1.306638 1.551016
v 1.117306 1.317327 1.559197
v 1.167724 1.317327 1.521806
v 1.086512 1.306638 1.516224
v 1.135540 1.306638 1.479864
v 1.140742 1.385642 1.707984
v 1.114513 1.353914 1.668730
v 1.196351 1.385644 1.669504
v 1.168852 1.353916 1.631129
v 1.250336 1.385644 1.629468
v 1.178269 1.453674 1.764512
v 1.195849 1.501011 1.790823
v 1.235871 1.453676 1.724654
v 1.291639 1.453676 1.683296
v 1.254303 1.501014 1.750376
v 1.216051 1.589835 1.821256
v 1.275579 1.589836 1.780065
v 1.333138 1.589836 1.737378
v 1.222241 1.645742 1.830520
v 1.282068 1.645743 1.789122
v 1.339921 1.645743 1.746217
v 1.443912 1.797656 1.646465
v 1.451258 1.741749 1.654841
v 1.396336 1.741749 1.701441
v 1.389268 1.797656 1.692828
v 1.497011 1.797657 1.598340
v 1.548507 1.797657 1.548505
v 1.504628 1.741749 1.606472
v 1.556385 1.741749 1.556383
v 1.398965 1.933816 1.595212
v 1.419829 1.886479 1.619003
v 1.346022 1.933816 1.640132
v 1.366096 1.886479 1.664593
v 1.450411 1.933816 1.548586
v 1.472042 1.886479 1.571681
v 1.500304 1.933816 1.500302
v 1.354230 2.001849 1.544201
v 1.323102 2.033577 1.508707
v 1.404030 2.001849 1.499066
v 1.452328 2.001849 1.452326
v 1.371758 2.033577 1.464609
v 1.302980 2.001849 1.587685
v 1.273030 2.033577 1.551191
v 1.038710 2.001849 1.184420
v 1.069838 2.033577 1.219915
v 0.999401 2.001849 1.217772
v 1.029351 2.033577 1.254267
v 1.076907 2.001849 1.149801
v 1.109180 2.033577 1.184259
v 1.113952 2.001849 1.113951
v 0.993974 1.933816 1.133409
v 0.973110 1.886479 1.109619
v 1.030526 1.933816 1.100281
v 1.065976 1.933816 1.065975
v 1.008895 1.886479 1.077186
v 0.956359 1.933816 1.165325
v 0.936284 1.886479 1.140864
v 0.949027 1.797656 1.082157
v 0.983926 1.797656 1.050527
v 1.017773 1.797656 1.017772
v 0.941681 1.741749 1.073780
v 0.976310 1.741749 1.042395
v 1.009894 1.741749 1.009894
v 0.913113 1.797656 1.112629
v 0.906045 1.741749 1.104017
v 0.949027 1.589836 1.082157
v 0.941681 1.645743 1.073780
v 0.906045 1.645743 1.104017
v 0.913113 1.589836 1.112629
v 0.983926 1.589836 1.050527
v 1.017773 1.589836 1.017772
v 0.976310 1.645743 1.042395
v 1.009894 1.645743 1.009894
v 0.993974 1.453676 1.133409
v 0.973110 1.501014 1.109619
v 0.956359 1.453676 1.165325
v 0.936284 1.501014 1.140864
v 1.030526 1.453676 1.100281
v 1.008895 1.501014 1.077186
v 1.065976 1.453676 1.065975
v 1.038710 1.385644 1.184420
v 1.069838 1.353915 1.219915
v 1.076907 1.385644 1.149801
v 1.113952 1.385644 1.113951
v 1.109180 1.353915 1.184259
v 0.999401 1.385644 1.217772
v 1.029351 1.353915 1.254267
v 1.128186 1.317327 1.286448
v 1.169674 1.317327 1.248847
v 1.209910 1.317327 1.209908
v 1.163004 1.306646 1.326151
v 1.196449 1.303230 1.364287
v 1.205773 1.306646 1.287389
v 1.247250 1.306646 1.247249
v 1.240447 1.303230 1.324411
v 1.085491 1.317327 1.322673
v 1.118992 1.306646 1.363494
v 1.151170 1.303230 1.402704
v 1.264754 1.317327 1.442174
v 1.229895 1.306638 1.402425
v 1.183351 1.306638 1.441916
v 1.216890 1.317327 1.482784
v 1.311264 1.317327 1.400020
v 1.356370 1.317327 1.356368
v 1.275123 1.306638 1.361434
v 1.318986 1.306638 1.318985
v 1.354230 1.385644 1.544201
v 1.323102 1.353915 1.508707
v 1.302980 1.385644 1.587685
v 1.273030 1.353916 1.551191
v 1.404031 1.385644 1.499066
v 1.371758 1.353915 1.464609
v 1.452328 1.385644 1.452326
v 1.398965 1.453676 1.595212
v 1.419829 1.501014 1.619003
v 1.450411 1.453676 1.548586
v 1.500304 1.453676 1.500302
v 1.472042 1.501014 1.571681
v 1.346022 1.453676 1.640132
v 1.366096 1.501014 1.664593
v 1.443912 1.589836 1.646465
v 1.497011 1.589836 1.598340
v 1.548507 1.589836 1.548505
v 1.451258 1.645743 1.654841
v 1.504628 1.645743 1.606472
v 1.556385 1.645743 1.556383
v 1.389268 1.589836 1.692828
v 1.396336 1.645743 1.701441
v 1.646466 1.797657 1.443911
v 1.654843 1.741749 1.451257
v 1.606473 1.741749 1.504626
v 1.598341 1.797657 1.497010
v 1.692830 1.797656 1.389267
v 1.737379 1.797656 1.333137
v 1.701442 1.741749 1.396335
v 1.746218 1.741749 1.339920
v 1.595214 1.933816 1.398964
v 1.619004 1.886479 1.419827
v 1.548587 1.933816 1.450410
v 1.571683 1.886479 1.472041
v 1.640134 1.933816 1.346021
v 1.664594 1.886479 1.366095
v 1.683297 1.933816 1.291638
v 1.544203 2.001849 1.354228
v 1.508708 2.033577 1.323100
v 1.587686 2.001849 1.302979
v 1.629469 2.001849 1.250335
v 1.551192 2.033577 1.273028
v 1.499067 2.001849 1.404029
v 1.464610 2.033577 1.371756
v 1.184421 2.001849 1.038709
v 1.219916 2.033577 1.069837
v 1.149802 2.001849 1.076906
v 1.184260 2.033577 1.109179
v 1.217773 2.001849 0.999400
v 1.254267 2.033577 1.029350
v 1.249821 2.001849 0.959021
v 1.133410 1.933816 0.993973
v 1.109619 1.886479 0.973109
v 1.165325 1.933816 0.956358
v 1.195994 1.933816 0.917718
v 1.140865 1.886479 0.936284
v 1.100282 1.933816 1.030525
v 1.077187 1.886479 1.008894
v 1.082158 1.797656 0.949026
v 1.112630 1.797656 0.913112
v 1.141911 1.797656 0.876219
v 1.073781 1.741749 0.941680
v 1.104017 1.741749 0.906044
v 1.133072 1.741749 0.869436
v 1.050528 1.797656 0.983925
v 1.042396 1.741749 0.976309
v 1.082158 1.589836 0.949026
v 1.073781 1.645743 0.941680
v 1.042396 1.645743 0.976309
v 1.050528 1.589836 0.983925
v 1.112630 1.589836 0.913112
v 1.141911 1.589836 0.876219
v 1.104017 1.645743 0.906044
v 1.133072 1.645743 0.869436
v 1.133410 1.453676 0.993973
v 1.109619 1.501014 0.973109
v 1.100283 1.453676 1.030525
v 1.077187 1.501014 1.008894
v 1.165325 1.453676 0.956358
v 1.140865 1.501014 0.936284
v 1.195994 1.453676 0.917718
v 1.184421 1.385644 1.038709
v 1.219916 1.353915 1.069837
v 1.217773 1.385644 0.999400
v 1.249821 1.385644 0.959021
v 1.254267 1.353915 1.029350
v 1.149802 1.385644 1.076906
v 1.184260 1.353916 1.109179
v 1.286449 1.317327 1.128185
v 1.322674 1.317327 1.085490
v 1.357483 1.317327 1.041633
v 1.326152 1.306646 1.163003
v 1.364288 1.303230 1.196448
v 1.363495 1.306646 1.118991
v 1.399378 1.306646 1.073780
v 1.402705 1.303229 1.151169
v 1.248848 1.317327 1.169673
v 1.287390 1.306646 1.205772
v 1.324412 1.303230 1.240446
v 1.442175 1.317327 1.264752
v 1.402427 1.306638 1.229894
v 1.361435 1.306638 1.275122
v 1.400022 1.317327 1.311262
v 1.482785 1.317327 1.216889
v 1.521807 1.317327 1.167723
v 1.441917 1.306638 1.183350
v 1.479864 1.306638 1.135539
v 1.544203 1.385644 1.354228
v 1.508708 1.353915 1.323100
v 1.499067 1.385644 1.404029
v 1.464610 1.353915 1.371756
v 1.587686 1.385644 1.302979
v 1.551192 1.353915 1.273028
v 1.629469 1.385644 1.250335
v 1.595214 1.453676 1.398964
v 1.619005 1.501014 1.419828
v 1.640134 1.453676 1.346021
v 1.683297 1.453676 1.291638
v 1.664594 1.501014 1.366095
v 1.548587 1.453676 1.450410
v 1.571683 1.501014 1.472041
v 1.646466 1.589836 1.443911
v 1.692829 1.589836 1.389267
v 1.737379 1.589836 1.333137
v 1.654843 1.645743 1.451257
v 1.701442 1.645743 1.396335
v 1.746218 1.645743 1.339920
v 1.598341 1.589836 1.497010
v 1.606473 1.645743 1.504626
v 1.820848 1.797656 1.216651
v 1.830112 1.741749 1.222841
v 1.789122 1.741749 1.282067
v 1.780066 1.797656 1.275578
v 1.859682 1.797657 1.156423
v 1.896525 1.797657 1.094959
v 1.869144 1.741750 1.162307
v 1.906174 1.741750 1.100529
v 1.764168 1.933816 1.178779
v 1.790478 1.886479 1.196359
v 1.724655 1.933816 1.235870
v 1.750376 1.886479 1.254302
v 1.801793 1.933816 1.120425
v 1.828664 1.886479 1.137135
v 1.837488 1.933816 1.060874
v 1.707754 2.001849 1.141084
v 1.668500 2.033577 1.114856
v 1.744176 2.001849 1.084597
v 1.778730 2.001849 1.026950
v 1.704085 2.033577 1.059667
v 1.669505 2.001849 1.196350
v 1.631130 2.033577 1.168851
v 1.309867 2.001849 0.875225
v 1.349121 2.033577 0.901454
v 1.280530 2.001849 0.917614
v 1.318905 2.033577 0.945113
v 1.337803 2.001849 0.831899
v 1.377894 2.033577 0.856830
v 1.364306 2.001849 0.787682
v 1.253453 1.933816 0.837530
v 1.227143 1.886479 0.819950
v 1.280186 1.933816 0.796071
v 1.305548 1.933816 0.753758
v 1.253314 1.886479 0.779361
v 1.225380 1.933816 0.878094
v 1.199659 1.886479 0.859662
v 1.196772 1.797656 0.799658
v 1.222296 1.797656 0.760073
v 1.246511 1.797656 0.719674
v 1.187509 1.741749 0.793468
v 1.212834 1.741749 0.754190
v 1.236863 1.741749 0.714103
v 1.169968 1.797656 0.838386
v 1.160912 1.741749 0.831897
v 1.196772 1.589836 0.799658
v 1.187509 1.645743 0.793468
v 1.160912 1.645743 0.831897
v 1.169968 1.589836 0.838386
v 1.222296 1.589836 0.760073
v 1.246511 1.589836 0.719674
v 1.212834 1.645743 0.754189
v 1.236863 1.645743 0.714103
v 1.253453 1.453676 0.837530
v 1.227143 1.501014 0.819950
v 1.225380 1.453676 0.878093
v 1.199659 1.501014 0.859662
v 1.280186 1.453676 0.796071
v 1.253314 1.501014 0.779361
v 1.305548 1.453676 0.753758
v 1.309867 1.385644 0.875225
v 1.349121 1.353915 0.901453
v 1.337803 1.385644 0.831899
v 1.364306 1.385644 0.787682
v 1.377894 1.353915 0.856830
v 1.280530 1.385644 0.917614
v 1.318905 1.353915 0.945113
v 1.422701 1.317327 0.950618
v 1.453043 1.317327 0.903560
v 1.481830 1.317327 0.855535
v 1.466609 1.306646 0.979956
v 1.508784 1.303230 1.008137
v 1.497887 1.306646 0.931446
v 1.527562 1.306646 0.881938
v 1.540962 1.303230 0.958231
v 1.390837 1.317327 0.996659
v 1.433761 1.306646 1.027418
v 1.474992 1.303229 1.056964
v 1.594920 1.317327 1.065691
v 1.550962 1.306638 1.036319
v 1.516224 1.306638 1.086511
v 1.559198 1.317327 1.117305
v 1.628935 1.317327 1.012936
v 1.661206 1.317327 0.959098
v 1.584039 1.306638 0.985018
v 1.615421 1.306638 0.932664
v 1.707754 1.385644 1.141084
v 1.668500 1.353916 1.114855
v 1.669505 1.385644 1.196350
v 1.631130 1.353916 1.168851
v 1.744176 1.385644 1.084597
v 1.704085 1.353915 1.059667
v 1.778730 1.385644 1.026950
v 1.764168 1.453676 1.178779
v 1.790478 1.501013 1.196359
v 1.801793 1.453676 1.120425
v 1.837488 1.453676 1.060874
v 1.828664 1.501014 1.137136
v 1.724655 1.453676 1.235871
v 1.750376 1.501013 1.254302
v 1.820848 1.589836 1.216651
v 1.859682 1.589836 1.156423
v 1.896525 1.589836 1.094959
v 1.830112 1.645743 1.222842
v 1.869144 1.645743 1.162307
v 1.906174 1.645743 1.100530
v 1.780066 1.589836 1.275578
v 1.789122 1.645743 1.282067
v 1.964076 1.797656 0.968574
v 1.974068 1.741749 0.973502
v 1.941159 1.741749 1.037572
v 1.931334 1.797657 1.032320
v 1.994716 1.797656 0.903793
v 2.023221 1.797656 0.838045
v 2.004865 1.741749 0.908391
v 2.033514 1.741749 0.842308
v 1.902936 1.933816 0.938424
v 1.931316 1.886479 0.952419
v 1.871214 1.933816 1.000185
v 1.899121 1.886479 1.015101
v 1.932623 1.933816 0.875659
v 1.961446 1.886479 0.888718
v 1.960240 1.933816 0.811957
v 1.842085 2.001849 0.908416
v 1.799743 2.033577 0.887535
v 1.870822 2.001849 0.847658
v 1.897557 2.001849 0.785993
v 1.827820 2.033577 0.828173
v 1.811377 2.001849 0.968201
v 1.769741 2.033577 0.945947
v 1.412901 2.001849 0.696765
v 1.455242 2.033577 0.717646
v 1.389347 2.001849 0.742621
v 1.430983 2.033577 0.764876
v 1.434942 2.001849 0.650164
v 1.477944 2.033577 0.669648
v 1.455448 2.001849 0.602866
v 1.352050 1.933816 0.666757
v 1.323670 1.886479 0.652761
v 1.373142 1.933816 0.622163
v 1.392764 1.933816 0.576901
v 1.344319 1.886479 0.609103
v 1.329511 1.933816 0.710637
v 1.301604 1.886479 0.695721
v 1.290910 1.797656 0.636606
v 1.311048 1.797656 0.594029
v 1.329784 1.797656 0.550814
v 1.280918 1.741749 0.631678
v 1.300900 1.741749 0.589431
v 1.319490 1.741749 0.546550
v 1.269391 1.797656 0.678502
v 1.259565 1.741749 0.673250
v 1.290910 1.589836 0.636606
v 1.280918 1.645743 0.631679
v 1.259565 1.645743 0.673250
v 1.269391 1.589836 0.678502
v 1.311048 1.589836 0.594029
v 1.329784 1.589836 0.550814
v 1.300900 1.645743 0.589431
v 1.319490 1.645743 0.546550
v 1.352049 1.453676 0.666757
v 1.323669 1.501014 0.652761
v 1.329511 1.453676 0.710637
v 1.301604 1.501014 0.695721
v 1.373141 1.453676 0.622163
v 1.344319 1.501014 0.609103
v 1.392764 1.453676 0.576901
v 1.412900 1.385644 0.696765
v 1.455242 1.353916 0.717646
v 1.434942 1.385644 0.650164
v 1.455448 1.385644 0.602866
v 1.477944 1.353916 0.669648
v 1.389347 1.385644 0.742621
v 1.430983 1.353915 0.764876
v 1.534610 1.317327 0.756786
v 1.558551 1.317327 0.706170
v 1.580822 1.317327 0.654798
v 1.581972 1.306646 0.780142
v 1.627465 1.303230 0.802576
v 1.606651 1.306646 0.727964
v 1.629610 1.306646 0.675006
v 1.652853 1.303230 0.748898
v 1.509028 1.317327 0.806592
v 1.555600 1.306646 0.831485
v 1.600334 1.303230 0.855396
v 1.720376 1.317327 0.848395
v 1.672960 1.306638 0.825012
v 1.645071 1.306638 0.879309
v 1.691696 1.317327 0.904230
v 1.747214 1.317327 0.791652
v 1.772182 1.317327 0.734061
v 1.699058 1.306638 0.769833
v 1.723338 1.306638 0.713829
v 1.842085 1.385644 0.908416
v 1.799743 1.353915 0.887535
v 1.811377 1.385644 0.968201
v 1.769741 1.353915 0.945947
v 1.870823 1.385644 0.847658
v 1.827820 1.353915 0.828173
v 1.897557 1.385644 0.785993
v 1.902936 1.453676 0.938424
v 1.931316 1.501013 0.952419
v 1.932623 1.453676 0.875659
v 1.960240 1.453676 0.811957
v 1.961446 1.501013 0.888718
v 1.871214 1.453676 1.000185
v 1.899121 1.501014 1.015102
v 1.964076 1.589836 0.968574
v 1.994716 1.589836 0.903793
v 2.023221 1.589836 0.838045
v 1.974068 1.645743 0.973502
v 2.004865 1.645743 0.908391
v 2.033514 1.645743 0.842308
v 1.931333 1.589836 1.032320
v 1.941159 1.645743 1.037572
v 2.073697 1.797656 0.703924
v 2.084248 1.741749 0.707506
v 2.059983 1.741749 0.775323
v 2.049556 1.797656 0.771398
v 2.095620 1.797657 0.635697
v 2.115299 1.797656 0.566792
v 2.106282 1.741750 0.638932
v 2.126060 1.741749 0.569675
v 2.009145 1.933816 0.682012
v 2.039110 1.886479 0.692184
v 1.985756 1.933816 0.747386
v 2.015371 1.886479 0.758532
v 2.030386 1.933816 0.615909
v 2.060667 1.886479 0.625095
v 2.049452 1.933816 0.549148
v 1.944898 2.001849 0.660203
v 1.900193 2.033577 0.645028
v 1.965459 2.001849 0.596214
v 1.983916 2.001849 0.531588
v 1.920281 2.033577 0.582510
v 1.922256 2.001849 0.723486
v 1.878072 2.033577 0.706856
v 1.491759 2.001849 0.506383
v 1.536464 2.033577 0.521559
v 1.474393 2.001849 0.554921
v 1.518577 2.033577 0.571551
v 1.507529 2.001849 0.457304
v 1.552707 2.033577 0.471008
v 1.521686 2.001849 0.407734
v 1.427512 1.933816 0.484574
v 1.397548 1.886479 0.474403
v 1.442603 1.933816 0.437609
v 1.456150 1.933816 0.390174
v 1.412322 1.886479 0.428423
v 1.410893 1.933816 0.531022
v 1.381278 1.886479 0.519875
v 1.362960 1.797657 0.462662
v 1.377369 1.797656 0.417820
v 1.390303 1.797656 0.372530
v 1.352410 1.741750 0.459081
v 1.366707 1.741749 0.414586
v 1.379541 1.741749 0.369646
v 1.347093 1.797657 0.507009
v 1.336666 1.741749 0.503084
v 1.362960 1.589836 0.462662
v 1.352410 1.645743 0.459081
v 1.336666 1.645743 0.503084
v 1.347093 1.589836 0.507009
v 1.377369 1.589836 0.417820
v 1.390303 1.589836 0.372530
v 1.366707 1.645743 0.414586
v 1.379541 1.645743 0.369646
v 1.427512 1.453676 0.484574
v 1.397547 1.501014 0.474403
v 1.410893 1.453676 0.531022
v 1.381278 1.501014 0.519875
v 1.442603 1.453676 0.437609
v 1.412322 1.501014 0.428423
v 1.456150 1.453676 0.390173
v 1.491759 1.385644 0.506383
v 1.536464 1.353915 0.521559
v 1.507529 1.385644 0.457304
v 1.521686 1.385644 0.407734
v 1.552707 1.353916 0.471008
v 1.474393 1.385644 0.554921
v 1.518577 1.353916 0.571551
v 1.620262 1.317327 0.550004
v 1.637391 1.317327 0.496696
v 1.652767 1.317327 0.442857
v 1.670267 1.306646 0.566979
v 1.718299 1.303230 0.583283
v 1.687924 1.306646 0.512026
v 1.703775 1.306646 0.456524
v 1.736464 1.303230 0.526750
v 1.601399 1.317327 0.602723
v 1.650822 1.306646 0.621325
v 1.698295 1.303230 0.639192
v 1.816395 1.317327 0.616582
v 1.766333 1.306638 0.599589
v 1.745770 1.306638 0.657061
v 1.795250 1.317327 0.675684
v 1.835598 1.317327 0.556822
v 1.852835 1.317327 0.496465
v 1.785006 1.306638 0.541475
v 1.801768 1.306638 0.482782
v 1.944898 1.385644 0.660203
v 1.900193 1.353915 0.645028
v 1.922256 1.385644 0.723486
v 1.878072 1.353915 0.706856
v 1.965459 1.385644 0.596214
v 1.920281 1.353915 0.582510
v 1.983916 1.385644 0.531588
v 2.009145 1.453676 0.682012
v 2.039110 1.501013 0.692184
v 2.030386 1.453676 0.615909
v 2.049452 1.453676 0.549148
v 2.060667 1.501013 0.625095
v 1.985756 1.453676 0.747386
v 2.015371 1.501013 0.758532
v 2.073697 1.589836 0.703925
v 2.095620 1.589836 0.635698
v 2.115299 1.589836 0.566792
v 2.084248 1.645743 0.707506
v 2.106282 1.645743 0.638932
v 2.126060 1.645743 0.569675
v 2.049556 1.589836 0.771398
v 2.059983 1.645743 0.775323
v 2.147837 1.797656 0.427231
v 2.158764 1.741749 0.429404
v 2.143560 1.741749 0.499808
v 2.132709 1.797656 0.497278
v 2.160667 1.797657 0.356726
v 2.171183 1.797656 0.285841
v 2.171659 1.741749 0.358541
v 2.182229 1.741749 0.287295
v 2.080977 1.933816 0.413931
v 2.112013 1.886479 0.420105
v 2.066321 1.933816 0.481798
v 2.097138 1.886479 0.488984
v 2.093408 1.933816 0.345622
v 2.124629 1.886479 0.350776
v 2.103597 1.933816 0.276943
v 2.014433 2.001849 0.400695
v 1.968129 2.033577 0.391485
v 2.026466 2.001849 0.334570
v 2.036329 2.001849 0.268087
v 1.979886 2.033577 0.326879
v 2.000245 2.001849 0.466391
v 1.954268 2.033577 0.455671
v 1.545093 2.001849 0.307338
v 1.591397 2.033577 0.316548
v 1.534211 2.001849 0.357727
v 1.580188 2.033577 0.368447
v 1.554322 2.001849 0.256620
v 1.600903 2.033577 0.264310
v 1.561888 2.001849 0.205626
v 1.478549 1.933816 0.294101
v 1.447514 1.886479 0.287928
v 1.487380 1.933816 0.245568
v 1.494620 1.933816 0.196770
v 1.456160 1.886479 0.240413
v 1.468135 1.933816 0.342320
v 1.437318 1.886479 0.335135
v 1.411689 1.797656 0.280802
v 1.420122 1.797656 0.234463
v 1.427034 1.797656 0.187872
v 1.400762 1.741749 0.278628
v 1.409129 1.741749 0.232648
v 1.415987 1.741749 0.186418
v 1.401747 1.797656 0.326840
v 1.390896 1.741749 0.324310
v 1.411689 1.589836 0.280802
v 1.400762 1.645743 0.278628
v 1.390896 1.645743 0.324310
v 1.401747 1.589836 0.326840
v 1.420122 1.589836 0.234463
v 1.427034 1.589836 0.187872
v 1.409129 1.645743 0.232648
v 1.415987 1.645743 0.186418
v 1.478549 1.453676 0.294101
v 1.447514 1.501013 0.287928
v 1.468135 1.453676 0.342320
v 1.437318 1.501013 0.335135
v 1.487380 1.453676 0.245568
v 1.456160 1.501014 0.240413
v 1.494620 1.453676 0.196770
v 1.545093 1.385644 0.307338
v 1.591397 1.353915 0.316548
v 1.554322 1.385644 0.256620
v 1.561888 1.385644 0.205626
v 1.600902 1.353915 0.264310
v 1.534211 1.385644 0.357727
v 1.580189 1.353915 0.368447
v 1.678190 1.317327 0.333812
v 1.688214 1.317327 0.278725
v 1.696432 1.317327 0.223339
v 1.729983 1.306646 0.344114
v 1.779732 1.303230 0.354010
v 1.740317 1.306646 0.287327
v 1.748787 1.306646 0.230232
v 1.790363 1.303230 0.295590
v 1.666371 1.317327 0.388542
v 1.717798 1.306646 0.400534
v 1.767197 1.303230 0.412052
v 1.881336 1.317327 0.374220
v 1.829484 1.306638 0.363906
v 1.816599 1.306638 0.423571
v 1.868086 1.317327 0.435576
v 1.892574 1.317327 0.312464
v 1.901785 1.317327 0.250374
v 1.840412 1.306638 0.303852
v 1.849370 1.306638 0.243474
v 2.014433 1.385644 0.400695
v 1.968130 1.353915 0.391485
v 2.000245 1.385644 0.466391
v 1.954268 1.353915 0.455671
v 2.026466 1.385644 0.334570
v 1.979886 1.353915 0.326879
v 2.036329 1.385644 0.268087
v 2.080977 1.453676 0.413931
v 2.112013 1.501014 0.420105
v 2.093408 1.453676 0.345622
v 2.103597 1.453676 0.276943
v 2.124629 1.501014 0.350776
v 2.066321 1.453676 0.481798
v 2.097137 1.501014 0.488984
v 2.147837 1.589836 0.427231
v 2.160667 1.589836 0.356726
v 2.171183 1.589836 0.285841
v 2.158764 1.645743 0.429404
v 2.171659 1.645743 0.358541
v 2.182229 1.645743 0.287295
v 2.132709 1.589836 0.497278
v 2.143560 1.645743 0.499808
v 2.185226 1.797657 0.143227
v 2.196344 1.741749 0.143956
v 2.190459 1.741749 0.215742
v 2.179371 1.797656 0.214650
v 2.188744 1.797656 0.071651
v 2.189918 1.797656 -0.000001
v 2.199879 1.741749 0.072015
v 2.201059 1.741749 -0.000001
v 2.117203 1.933816 0.138768
v 2.148779 1.886479 0.140838
v 2.111530 1.933816 0.207968
v 2.143021 1.886479 0.211069
v 2.120611 1.933816 0.069420
v 2.152237 1.886479 0.070456
v 2.121749 1.933816 -0.000001
v 2.049500 2.001849 0.134331
v 2.002391 2.033577 0.131243
v 2.052799 2.001849 0.067201
v 2.053900 2.001849 -0.000001
v 2.005614 2.033577 0.065656
v 2.044009 2.001849 0.201317
v 1.997025 2.033577 0.196690
v 1.571990 2.001849 0.103033
v 1.619100 2.033577 0.106121
v 1.567778 2.001849 0.154412
v 1.614761 2.033577 0.159039
v 1.574521 2.001849 0.051544
v 1.621706 2.033577 0.053089
v 1.575365 2.001849 -0.000000
v 1.504287 1.933816 0.098596
v 1.472712 1.886479 0.096526
v 1.506709 1.933816 0.049325
v 1.507517 1.933816 -0.000000
v 1.475082 1.886479 0.048289
v 1.500257 1.933816 0.147761
v 1.468766 1.886479 0.144660
v 1.436264 1.797656 0.094137
v 1.438576 1.797656 0.047094
v 1.439348 1.797656 -0.000000
v 1.425146 1.741749 0.093409
v 1.427440 1.741749 0.046730
v 1.428206 1.741749 -0.000000
v 1.432416 1.797656 0.141080
v 1.421328 1.741749 0.139987
v 1.436264 1.589836 0.094137
v 1.425146 1.645743 0.093409
v 1.421328 1.645743 0.139987
v 1.432416 1.589836 0.141080
v 1.438576 1.589836 0.047094
v 1.439348 1.589836 -0.000000
v 1.427440 1.645743 0.046730
v 1.428206 1.645743 -0.000000
v 1.504288 1.453676 0.098596
v 1.472712 1.501014 0.096526
v 1.500257 1.453676 0.147762
v 1.468766 1.501014 0.144660
v 1.506709 1.453676 0.049325
v 1.475082 1.501014 0.048289
v 1.507517 1.453676 -0.000000
v 1.571990 1.385644 0.103033
v 1.619100 1.353915 0.106121
v 1.574521 1.385644 0.051544
v 1.575365 1.385644 -0.000000
v 1.621706 1.353915 0.053089
v 1.567778 1.385644 0.154412
v 1.614761 1.353915 0.159039
v 1.707404 1.317327 0.111909
v 1.710153 1.317327 0.055984
v 1.711070 1.317327 -0.000000
v 1.760099 1.306646 0.115363
v 1.810714 1.303230 0.118680
v 1.762931 1.306646 0.057712
v 1.763877 1.306646 -0.000000
v 1.813628 1.303230 0.059372
v 1.702829 1.317327 0.167714
v 1.755382 1.306646 0.172890
v 1.805862 1.303230 0.177862
v 1.914086 1.317327 0.125455
v 1.861332 1.306638 0.121998
v 1.856344 1.306638 0.182834
v 1.908957 1.317327 0.188016
v 1.917167 1.317327 0.062761
v 1.918196 1.317327 -0.000001
v 1.864328 1.306638 0.061031
v 1.865328 1.306638 -0.000000
v 2.049500 1.385644 0.134331
v 2.002391 1.353915 0.131243
v 2.044009 1.385644 0.201317
v 1.997025 1.353915 0.196690
v 2.052799 1.385644 0.067201
v 2.005614 1.353915 0.065656
v 2.053900 1.385644 -0.000001
v 2.117203 1.453676 0.138768
v 2.148779 1.501014 0.140838
v 2.120611 1.453676 0.069420
v 2.121749 1.453676 -0.000001
v 2.152238 1.501014 0.070456
v 2.111530 1.453676 0.207968
v 2.143021 1.501013 0.211069
v 2.185226 1.589836 0.143227
v 2.188744 1.589836 0.071651
v 2.189918 1.589836 -0.000001
v 2.196344 1.645743 0.143956
v 2.199879 1.645743 0.072015
v 2.201059 1.645743 -0.000001
v 2.179371 1.589836 0.214650
v 2.190459 1.645743 0.215742
v 2.185226 1.797657 -0.143228
v 2.196344 1.741749 -0.143957
v 2.199879 1.741749 -0.072016
v 2.188744 1.797656 -0.071652
v 2.179371 1.797656 -0.214651
v 2.171183 1.797656 -0.285843
v 2.190459 1.741749 -0.215743
v 2.182229 1.741749 -0.287297
v 2.117203 1.933816 -0.138770
v 2.148779 1.886479 -0.140839
v 2.120611 1.933816 -0.069422
v 2.152237 1.886479 -0.070457
v 2.111530 1.933816 -0.207969
v 2.143021 1.886479 -0.211071
v 2.103597 1.933816 -0.276945
v 2.049500 2.001849 -0.134332
v 2.002391 2.033577 -0.131244
v 2.044008 2.001849 -0.201319
v 2.036329 2.001849 -0.268089
v 1.997025 2.033577 -0.196691
v 2.052799 2.001849 -0.067202
v 2.005614 2.033577 -0.065657
v 1.571990 2.001849 -0.103034
v 1.619100 2.033577 -0.106122
v 1.574521 2.001849 -0.051545
v 1.621706 2.033577 -0.053090
v 1.567778 2.001849 -0.154413
v 1.614761 2.033577 -0.159040
v 1.561887 2.001849 -0.205627
v 1.504287 1.933816 -0.098597
v 1.472712 1.886479 -0.096527
v 1.500257 1.933816 -0.147762
v 1.494620 1.933816 -0.196771
v 1.468766 1.886479 -0.144661
v 1.506709 1.933816 -0.049326
v 1.475082 1.886479 -0.048290
v 1.436264 1.797657 -0.094138
v 1.432416 1.797657 -0.141080
v 1.427034 1.797656 -0.187873
v 1.425146 1.741749 -0.093410
v 1.421328 1.741749 -0.139988
v 1.415987 1.741749 -0.186419
v 1.438576 1.797656 -0.047095
v 1.427440 1.741749 -0.046731
v 1.436264 1.589836 -0.094138
v 1.425146 1.645743 -0.093410
v 1.427440 1.645743 -0.046731
v 1.438576 1.589836 -0.047095
v 1.432416 1.589836 -0.141080
v 1.427034 1.589836 -0.187873
v 1.421328 1.645743 -0.139988
v 1.415987 1.645743 -0.186419
v 1.504288 1.453676 -0.098597
v 1.472712 1.501014 -0.096527
v 1.506709 1.453676 -0.049326
v 1.475082 1.501014 -0.048290
v 1.500257 1.453676 -0.147762
v 1.468766 1.501014 -0.144661
v 1.494620 1.453676 -0.196771
v 1.571990 1.385644 -0.103034
v 1.619100 1.353915 -0.106122
v 1.567778 1.385644 -0.154413
v 1.561888 1.385644 -0.205627
v 1.614761 1.353915 -0.159040
v 1.574521 1.385644 -0.051545
v 1.621706 1.353915 -0.053090
v 1.707404 1.317327 -0.111910
v 1.702829 1.317327 -0.167715
v 1.696431 1.317327 -0.223340
v 1.760099 1.306646 -0.115364
v 1.810714 1.303230 -0.118681
v 1.755382 1.306646 -0.172891
v 1.748787 1.306646 -0.230233
v 1.805862 1.303230 -0.177863
v 1.710153 1.317327 -0.055985
v 1.762932 1.306646 -0.057713
v 1.813628 1.303229 -0.059373
v 1.914086 1.317327 -0.125456
v 1.861332 1.306638 -0.121999
v 1.864328 1.306638 -0.061032
v 1.917167 1.317327 -0.062762
v 1.908957 1.317327 -0.188017
v 1.901785 1.317327 -0.250375
v 1.856344 1.306638 -0.182835
v 1.849369 1.306638 -0.243475
v 2.049501 1.385644 -0.134332
v 2.002391 1.353916 -0.131244
v 2.052799 1.385644 -0.067202
v 2.005614 1.353916 -0.065657
v 2.044008 1.385644 -0.201319
v 1.997025 1.353916 -0.196691
v 2.036329 1.385644 -0.268089
v 2.117203 1.453676 -0.138770
v 2.148779 1.501013 -0.140839
v 2.111530 1.453676 -0.207969
v 2.103597 1.453676 -0.276945
v 2.143021 1.501013 -0.211071
v 2.120611 1.453676 -0.069422
v 2.152238 1.501013 -0.070457
v 2.185226 1.589836 -0.143228
v 2.179371 1.589836 -0.214651
v 2.171183 1.589836 -0.285843
v 2.196344 1.645743 -0.143957
v 2.190459 1.645743 -0.215743
v 2.182229 1.645743 -0.287297
v 2.188744 1.589836 -0.071652
v 2.199879 1.645743 -0.072016
v 2.147837 1.797656 -0.427232
v 2.158764 1.741749 -0.429406
v 2.171659 1.741749 -0.358542
v 2.160666 1.797657 -0.356727
v 2.132709 1.797656 -0.497279
v 2.115299 1.797656 -0.566793
v 2.143559 1.741749 -0.499809
v 2.126060 1.741749 -0.569677
v 2.080977 1.933816 -0.413933
v 2.112013 1.886479 -0.420106
v 2.093408 1.933816 -0.345623
v 2.124628 1.886479 -0.350778
v 2.066321 1.933816 -0.481800
v 2.097137 1.886479 -0.488985
v 2.049452 1.933816 -0.549149
v 2.014433 2.001849 -0.400696
v 1.968129 2.033577 -0.391486
v 2.000245 2.001849 -0.466393
v 1.983915 2.001849 -0.531589
v 1.954268 2.033577 -0.455672
v 2.026466 2.001849 -0.334571
v 1.979885 2.033577 -0.326881
v 1.545093 2.001849 -0.307339
v 1.591397 2.033577 -0.316549
v 1.554322 2.001849 -0.256621
v 1.600902 2.033577 -0.264311
v 1.534211 2.001849 -0.357728
v 1.580188 2.033577 -0.368448
v 1.521686 2.001849 -0.407735
v 1.478549 1.933816 -0.294102
v 1.447513 1.886479 -0.287929
v 1.468135 1.933816 -0.342321
v 1.456149 1.933816 -0.390174
v 1.437318 1.886479 -0.335135
v 1.487380 1.933816 -0.245569
v 1.456160 1.886479 -0.240414
v 1.411689 1.797656 -0.280803
v 1.401746 1.797656 -0.326841
v 1.390303 1.797656 -0.372531
v 1.400762 1.741749 -0.278629
v 1.390896 1.741749 -0.324311
v 1.379541 1.741749 -0.369647
v 1.420121 1.797656 -0.234464
v 1.409129 1.741749 -0.232649
v 1.411689 1.589836 -0.280803
v 1.400762 1.645743 -0.278629
v 1.409129 1.645743 -0.232649
v 1.420121 1.589836 -0.234464
v 1.401747 1.589836 -0.326841
v 1.390303 1.589836 -0.372531
v 1.390896 1.645743 -0.324311
v 1.379541 1.645743 -0.369647
v 1.478549 1.453676 -0.294102
v 1.447513 1.501013 -0.287929
v 1.487380 1.453676 -0.245569
v 1.456159 1.501014 -0.240414
v 1.468135 1.453676 -0.342321
v 1.437318 1.501013 -0.335135
v 1.456149 1.453676 -0.390174
v 1.545093 1.385644 -0.307339
v 1.591397 1.353915 -0.316549
v 1.534211 1.385644 -0.357728
v 1.521686 1.385644 -0.407735
v 1.580188 1.353916 -0.368448
v 1.554322 1.385644 -0.256621
v 1.600902 1.353916 -0.264311
v 1.678190 1.317327 -0.333813
v 1.666370 1.317327 -0.388543
v 1.652766 1.317327 -0.442858
v 1.729983 1.306646 -0.344115
v 1.779732 1.303229 -0.354011
v 1.717798 1.306646 -0.400535
v 1.703774 1.306646 -0.456525
v 1.767197 1.303230 -0.412053
v 1.688214 1.317327 -0.278726
v 1.740316 1.306646 -0.287328
v 1.790363 1.303230 -0.295591
v 1.881336 1.317327 -0.374222
v 1.829484 1.306638 -0.363908
v 1.840412 1.306638 -0.303854
v 1.892574 1.317327 -0.312466
v 1.868085 1.317327 -0.435577
v 1.852835 1.317327 -0.496466
v 1.816598 1.306638 -0.423572
v 1.801768 1.306638 -0.482783
v 2.014433 1.385644 -0.400696
v 1.968129 1.353915 -0.391486
v 2.026465 1.385644 -0.334571
v 1.979885 1.353915 -0.326881
v 2.000245 1.385644 -0.466393
v 1.954267 1.353915 -0.455672
v 1.983915 1.385644 -0.531589
v 2.080977 1.453676 -0.413933
v 2.112013 1.501014 -0.420106
v 2.066321 1.453676 -0.481800
v 2.049452 1.453676 -0.549149
v 2.097137 1.501014 -0.488985
v 2.093408 1.453676 -0.345623
v 2.124628 1.501014 -0.350778
v 2.147837 1.589836 -0.427232
v 2.132709 1.589836 -0.497279
v 2.115299 1.589836 -0.566793
v 2.158764 1.645743 -0.429406
v 2.143559 1.645743 -0.499809
v 2.126060 1.645743 -0.569677
v 2.160666 1.589836 -0.356727
v 2.171659 1.645743 -0.358542
v 2.073697 1.797656 -0.703925
v 2.084247 1.741749 -0.707507
v 2.106282 1.741749 -0.638933
v 2.095620 1.797656 -0.635699
v 2.049556 1.797657 -0.771399
v 2.023221 1.797656 -0.838045
v 2.059983 1.741749 -0.775324
v 2.033514 1.741749 -0.842309
v 2.009145 1.933816 -0.682013
v 2.039109 1.886479 -0.692184
v 2.030386 1.933816 -0.615910
v 2.060667 1.886479 -0.625096
v 1.985756 1.933816 -0.747386
v 2.015371 1.886479 -0.758533
v 1.960240 1.933816 -0.811958
v 1.944898 2.001849 -0.660204
v 1.900193 2.033577 -0.645029
v 1.922256 2.001849 -0.723486
v 1.897556 2.001849 -0.785994
v 1.878071 2.033577 -0.706856
v 1.965459 2.001849 -0.596215
v 1.920281 2.033577 -0.582511
v 1.491759 2.001849 -0.506384
v 1.536464 2.033577 -0.521559
v 1.507529 2.001849 -0.457305
v 1.552707 2.033577 -0.471009
v 1.474393 2.001849 -0.554922
v 1.518577 2.033577 -0.571552
v 1.455447 2.001849 -0.602866
v 1.427512 1.933816 -0.484575
v 1.397548 1.886479 -0.474404
v 1.410893 1.933816 -0.531022
v 1.392764 1.933816 -0.576902
v 1.381278 1.886479 -0.519876
v 1.442603 1.933816 -0.437609
v 1.412322 1.886479 -0.428424
v 1.362960 1.797656 -0.462663
v 1.347093 1.797656 -0.507009
v 1.329784 1.797657 -0.550814
v 1.352409 1.741749 -0.459081
v 1.336666 1.741749 -0.503085
v 1.319490 1.741749 -0.546551
v 1.377369 1.797656 -0.417821
v 1.366706 1.741749 -0.414587
v 1.362960 1.589836 -0.462663
v 1.352410 1.645743 -0.459081
v 1.366707 1.645743 -0.414587
v 1.377369 1.589836 -0.417821
v 1.347093 1.589836 -0.507009
v 1.329784 1.589836 -0.550814
v 1.336666 1.645743 -0.503085
v 1.319490 1.645743 -0.546551
v 1.427512 1.453676 -0.484575
v 1.397548 1.501014 -0.474404
v 1.442603 1.453676 -0.437610
v 1.412322 1.501013 -0.428424
v 1.410893 1.453676 -0.531022
v 1.381278 1.501014 -0.519876
v 1.392764 1.453676 -0.576902
v 1.491759 1.385644 -0.506384
v 1.536464 1.353915 -0.521559
v 1.474393 1.385644 -0.554922
v 1.455447 1.385644 -0.602866
v 1.518577 1.353915 -0.571552
v 1.507529 1.385644 -0.457305
v 1.552707 1.353915 -0.471009
v 1.620262 1.317327 -0.550005
v 1.601399 1.317327 -0.602724
v 1.580822 1.317327 -0.654798
v 1.670267 1.306646 -0.566979
v 1.718298 1.303230 -0.583284
v 1.650822 1.306646 -0.621325
v 1.629610 1.306646 -0.675007
v 1.698295 1.303230 -0.639193
v 1.637391 1.317327 -0.496697
v 1.687924 1.306646 -0.512026
v 1.736464 1.303230 -0.526751
v 1.816395 1.317327 -0.616583
v 1.766333 1.306638 -0.599589
v 1.785006 1.306638 -0.541476
v 1.835598 1.317327 -0.556822
v 1.795249 1.317327 -0.675684
v 1.772182 1.317327 -0.734062
v 1.745770 1.306638 -0.657062
v 1.723338 1.306638 -0.713830
v 1.944898 1.385644 -0.660204
v 1.900193 1.353915 -0.645029
v 1.965459 1.385644 -0.596215
v 1.920281 1.353916 -0.582511
v 1.922256 1.385644 -0.723486
v 1.878071 1.353916 -0.706857
v 1.897557 1.385644 -0.785994
v 2.009145 1.453676 -0.682013
v 2.039109 1.501013 -0.692184
v 1.985755 1.453676 -0.747386
v 1.960240 1.453676 -0.811958
v 2.015371 1.501013 -0.758533
v 2.030385 1.453676 -0.615910
v 2.060666 1.501013 -0.625096
v 2.073697 1.589836 -0.703925
v 2.049556 1.589836 -0.771399
v 2.023221 1.589836 -0.838045
v 2.084248 1.645743 -0.707507
v 2.059983 1.645743 -0.775324
v 2.033514 1.645743 -0.842309
v 2.095620 1.589836 -0.635699
v 2.106281 1.645743 -0.638933
v 1.964076 1.797657 -0.968575
v 1.974068 1.741750 -0.973503
v 2.004864 1.741750 -0.908391
v 1.994716 1.797657 -0.903793
v 1.931333 1.797657 -1.032320
v 1.896524 1.797657 -1.094959
v 1.941159 1.741749 -1.037572
v 1.906173 1.741749 -1.100530
v 1.902936 1.933816 -0.938424
v 1.931316 1.886479 -0.952420
v 1.932623 1.933816 -0.875659
v 1.961446 1.886479 -0.888719
v 1.871213 1.933816 -1.000185
v 1.899120 1.886479 -1.015102
v 1.837488 1.933816 -1.060874
v 1.842085 2.001849 -0.908416
v 1.799743 2.033577 -0.887535
v 1.811377 2.001849 -0.968202
v 1.778730 2.001849 -1.026950
v 1.769741 2.033577 -0.945947
v 1.870822 2.001849 -0.847658
v 1.827820 2.033577 -0.828174
v 1.412900 2.001849 -0.696765
v 1.455242 2.033577 -0.717646
v 1.434942 2.001849 -0.650164
v 1.477944 2.033577 -0.669648
v 1.389347 2.001849 -0.742621
v 1.430983 2.033577 -0.764876
v 1.364306 2.001849 -0.787683
v 1.352049 1.933816 -0.666757
v 1.323669 1.886479 -0.652762
v 1.329511 1.933816 -0.710638
v 1.305548 1.933816 -0.753759
v 1.301603 1.886479 -0.695721
v 1.373141 1.933816 -0.622163
v 1.344319 1.886479 -0.609104
v 1.290910 1.797657 -0.636606
v 1.269390 1.797657 -0.678503
v 1.246511 1.797656 -0.719674
v 1.280918 1.741749 -0.631679
v 1.259565 1.741749 -0.673251
v 1.236862 1.741749 -0.714103
v 1.311048 1.797657 -0.594029
v 1.300900 1.741749 -0.589431
v 1.290910 1.589836 -0.636607
v 1.280918 1.645743 -0.631679
v 1.300900 1.645743 -0.589431
v 1.311048 1.589836 -0.594029
v 1.269390 1.589836 -0.678503
v 1.246511 1.589836 -0.719674
v 1.259565 1.645743 -0.673251
v 1.236862 1.645743 -0.714103
v 1.352049 1.453676 -0.666757
v 1.323669 1.501013 -0.652761
v 1.373141 1.453676 -0.622163
v 1.344318 1.501013 -0.609104
v 1.329510 1.453676 -0.710638
v 1.301603 1.501014 -0.695721
v 1.305548 1.453676 -0.753759
v 1.412900 1.385644 -0.696765
v 1.455242 1.353915 -0.717646
v 1.389347 1.385644 -0.742621
v 1.364306 1.385644 -0.787683
v 1.430983 1.353915 -0.764876
v 1.434942 1.385644 -0.650164
v 1.477944 1.353915 -0.669648
v 1.534610 1.317327 -0.756786
v 1.509028 1.317327 -0.806592
v 1.481830 1.317327 -0.855535
v 1.581972 1.306646 -0.780142
v 1.627464 1.303230 -0.802577
v 1.555600 1.306646 -0.831486
v 1.527562 1.306646 -0.881939
v 1.600334 1.303230 -0.855397
v 1.558550 1.317327 -0.706170
v 1.606651 1.306646 -0.727964
v 1.652853 1.303230 -0.748898
v 1.720376 1.317327 -0.848395
v 1.672959 1.306638 -0.825012
v 1.699058 1.306638 -0.769833
v 1.747214 1.317327 -0.791652
v 1.691696 1.317327 -0.904231
v 1.661206 1.317327 -0.959098
v 1.645071 1.306638 -0.879309
v 1.615421 1.306638 -0.932664
v 1.842085 1.385644 -0.908416
v 1.799743 1.353915 -0.887535
v 1.870822 1.385644 -0.847658
v 1.827820 1.353915 -0.828174
v 1.811377 1.385644 -0.968202
v 1.769741 1.353915 -0.945947
v 1.778730 1.385644 -1.026950
v 1.902936 1.453676 -0.938424
v 1.931316 1.501014 -0.952420
v 1.871213 1.453676 -1.000185
v 1.837488 1.453676 -1.060874
v 1.899120 1.501014 -1.015102
v 1.932623 1.453676 -0.875659
v 1.961446 1.501014 -0.888719
v 1.964076 1.589836 -0.968575
v 1.931333 1.589836 -1.032320
v 1.896524 1.589836 -1.094959
v 1.974068 1.645743 -0.973502
v 1.941159 1.645743 -1.037572
v 1.906173 1.645743 -1.100530
v 1.994716 1.589836 -0.903793
v 2.004864 1.645743 -0.908391
v 1.820848 1.797657 -1.216652
v 1.830112 1.741749 -1.222842
v 1.869143 1.741750 -1.162308
v 1.859682 1.797657 -1.156424
v 1.780065 1.797657 -1.275579
v 1.737378 1.797656 -1.333138
v 1.789122 1.741749 -1.282068
v 1.746218 1.741749 -1.339921
v 1.764167 1.933816 -1.178779
v 1.790478 1.886479 -1.196360
v 1.801792 1.933816 -1.120426
v 1.828664 1.886479 -1.137136
v 1.724654 1.933816 -1.235871
v 1.750376 1.886479 -1.254303
v 1.683296 1.933816 -1.291639
v 1.707753 2.001849 -1.141085
v 1.668499 2.033577 -1.114856
v 1.669504 2.001849 -1.196351
v 1.629468 2.001849 -1.250336
v 1.631129 2.033577 -1.168852
v 1.744175 2.001849 -1.084598
v 1.704084 2.033577 -1.059667
v 1.309867 2.001849 -0.875225
v 1.349121 2.033577 -0.901454
v 1.337802 2.001849 -0.831900
v 1.377894 2.033577 -0.856830
v 1.280529 2.001849 -0.917614
v 1.318904 2.033577 -0.945113
v 1.249821 2.001849 -0.959022
v 1.253453 1.933816 -0.837531
v 1.227142 1.886479 -0.819951
v 1.225379 1.933816 -0.878094
v 1.195993 1.933816 -0.917718
v 1.199658 1.886479 -0.859663
v 1.280185 1.933816 -0.796071
v 1.253314 1.886479 -0.779362
v 1.196772 1.797656 -0.799658
v 1.169968 1.797656 -0.838387
v 1.141911 1.797656 -0.876220
v 1.187508 1.741749 -0.793468
v 1.160912 1.741749 -0.831897
v 1.133072 1.741749 -0.869437
v 1.222296 1.797656 -0.760073
v 1.212834 1.741749 -0.754190
v 1.196772 1.589836 -0.799658
v 1.187508 1.645743 -0.793468
v 1.212834 1.645743 -0.754190
v 1.222296 1.589836 -0.760073
v 1.169968 1.589836 -0.838387
v 1.141911 1.589836 -0.876219
v 1.160912 1.645743 -0.831897
v 1.133072 1.645743 -0.869437
v 1.253453 1.453676 -0.837531
v 1.227142 1.501014 -0.819951
v 1.280185 1.453676 -0.796071
v 1.253313 1.501014 -0.779361
v 1.225379 1.453676 -0.878094
v 1.199658 1.501014 -0.859663
v 1.195993 1.453676 -0.917718
v 1.309867 1.385644 -0.875225
v 1.349121 1.353915 -0.901454
v 1.280529 1.385644 -0.917614
v 1.249821 1.385644 -0.959022
v 1.318904 1.353915 -0.945113
v 1.337802 1.385644 -0.831900
v 1.377894 1.353915 -0.856830
v 1.422701 1.317327 -0.950619
v 1.390836 1.317327 -0.996660
v 1.357483 1.317327 -1.041634
v 1.466608 1.306646 -0.979957
v 1.508784 1.303230 -1.008138
v 1.433761 1.306646 -1.027419
v 1.399378 1.306646 -1.073781
v 1.474991 1.303229 -1.056964
v 1.453043 1.317327 -0.903561
v 1.497887 1.306646 -0.931446
v 1.540962 1.303230 -0.958232
v 1.594919 1.317327 -1.065691
v 1.550961 1.306638 -1.036320
v 1.584039 1.306638 -0.985019
v 1.628935 1.317327 -1.012937
v 1.559197 1.317327 -1.117306
v 1.521807 1.317327 -1.167724
v 1.516224 1.306638 -1.086512
v 1.479864 1.306638 -1.135540
v 1.707753 1.385644 -1.141085
v 1.668499 1.353915 -1.114856
v 1.744175 1.385644 -1.084598
v 1.704084 1.353916 -1.059667
v 1.669504 1.385644 -1.196351
v 1.631129 1.353916 -1.168852
v 1.629468 1.385644 -1.250336
v 1.764167 1.453676 -1.178779
v 1.790478 1.501014 -1.196360
v 1.724654 1.453676 -1.235871
v 1.683296 1.453676 -1.291639
v 1.750376 1.501014 -1.254303
v 1.801793 1.453676 -1.120426
v 1.828664 1.501014 -1.137136
v 1.820848 1.589836 -1.216652
v 1.780065 1.589836 -1.275579
v 1.737378 1.589836 -1.333138
v 1.830112 1.645743 -1.222842
v 1.789122 1.645743 -1.282068
v 1.746218 1.645743 -1.339921
v 1.859682 1.589836 -1.156424
v 1.869143 1.645743 -1.162308
v 1.646465 1.797656 -1.443912
v 1.654842 1.741749 -1.451258
v 1.701441 1.741749 -1.396336
v 1.692828 1.797656 -1.389268
v 1.598341 1.797656 -1.497011
v 1.548506 1.797657 -1.548506
v 1.606472 1.741749 -1.504627
v 1.556384 1.741749 -1.556384
v 1.595213 1.933816 -1.398965
v 1.619004 1.886479 -1.419829
v 1.640133 1.933816 -1.346022
v 1.664593 1.886479 -1.366096
v 1.548586 1.933816 -1.450411
v 1.571681 1.886479 -1.472042
v 1.500303 1.933816 -1.500303
v 1.544202 2.001849 -1.354229
v 1.508707 2.033577 -1.323101
v 1.499066 2.001849 -1.404030
v 1.452327 2.001849 -1.452327
v 1.464609 2.033577 -1.371757
v 1.587685 2.001849 -1.302980
v 1.551191 2.033577 -1.273029
v 1.184421 2.001849 -1.038709
v 1.219916 2.033577 -1.069838
v 1.217772 2.001849 -0.999401
v 1.254267 2.033577 -1.029351
v 1.149802 2.001849 -1.076907
v 1.184259 2.033577 -1.109179
v 1.113951 2.001849 -1.113952
v 1.133410 1.933816 -0.993974
v 1.109619 1.886479 -0.973110
v 1.100282 1.933816 -1.030526
v 1.065975 1.933816 -1.065975
v 1.077187 1.886479 -1.008895
v 1.165325 1.933816 -0.956359
v 1.140864 1.886479 -0.936284
v 1.082157 1.797656 -0.949027
v 1.050528 1.797656 -0.983926
v 1.017772 1.797656 -1.017772
v 1.073781 1.741749 -0.941681
v 1.042396 1.741749 -0.976309
v 1.009894 1.741749 -1.009894
v 1.112629 1.797656 -0.913113
v 1.104017 1.741749 -0.906044
v 1.082157 1.589836 -0.949027
v 1.073781 1.645743 -0.941681
v 1.104017 1.645743 -0.906044
v 1.112629 1.589836 -0.913113
v 1.050528 1.589836 -0.983926
v 1.017772 1.589836 -1.017773
v 1.042396 1.645743 -0.976309
v 1.009894 1.645743 -1.009894
v 1.133410 1.453676 -0.993974
v 1.109619 1.501014 -0.973110
v 1.165325 1.453676 -0.956359
v 1.140864 1.501014 -0.936284
v 1.100282 1.453676 -1.030526
v 1.077187 1.501014 -1.008895
v 1.065975 1.453676 -1.065975
v 1.184421 1.385644 -1.038709
v 1.219916 1.353916 -1.069838
v 1.149802 1.385644 -1.076907
v 1.113951 1.385644 -1.113951
v 1.184259 1.353916 -1.109179
v 1.217772 1.385644 -0.999401
v 1.254267 1.353916 -1.029351
v 1.286449 1.317327 -1.128186
v 1.248847 1.317327 -1.169673
v 1.209909 1.317327 -1.209909
v 1.326151 1.306646 -1.163004
v 1.364287 1.303230 -1.196449
v 1.287390 1.306646 -1.205772
v 1.247249 1.306646 -1.247250
v 1.324411 1.303230 -1.240447
v 1.322674 1.317327 -1.085491
v 1.363494 1.306646 -1.118991
v 1.402704 1.303230 -1.151170
v 1.442174 1.317327 -1.264753
v 1.402426 1.306638 -1.229895
v 1.441916 1.306638 -1.183351
v 1.482784 1.317327 -1.216890
v 1.400021 1.317327 -1.311263
v 1.356369 1.317327 -1.356369
v 1.361434 1.306638 -1.275123
v 1.318986 1.306638 -1.318986
v 1.544202 1.385644 -1.354229
v 1.508707 1.353915 -1.323101
v 1.587685 1.385644 -1.302980
v 1.551191 1.353916 -1.273029
v 1.499066 1.385644 -1.404030
v 1.464609 1.353915 -1.371757
v 1.452327 1.385644 -1.452327
v 1.595213 1.453676 -1.398965
v 1.619004 1.501014 -1.419829
v 1.548586 1.453676 -1.450411
v 1.500303 1.453676 -1.500303
v 1.571681 1.501014 -1.472042
v 1.640133 1.453676 -1.346022
v 1.664594 1.501014 -1.366096
v 1.646465 1.589836 -1.443912
v 1.598341 1.589836 -1.497011
v 1.548506 1.589836 -1.548506
v 1.654842 1.645743 -1.451258
v 1.606472 1.645743 -1.504627
v 1.556384 1.645743 -1.556384
v 1.692828 1.589836 -1.389268
v 1.701441 1.645743 -1.396336
v 1.443912 1.797657 -1.646466
v 1.451258 1.741750 -1.654842
v 1.504627 1.741750 -1.606472
v 1.497011 1.797657 -1.598341
v 1.389268 1.797657 -1.692829
v 1.333138 1.797656 -1.737379
v 1.396336 1.741749 -1.701441
v 1.339920 1.741749 -1.746218
v 1.398965 1.933816 -1.595213
v 1.419828 1.886479 -1.619004
v 1.450410 1.933816 -1.548586
v 1.472042 1.886479 -1.571682
v 1.346022 1.933816 -1.640133
v 1.366096 1.886479 -1.664594
v 1.291639 1.933816 -1.683296
v 1.354229 2.001849 -1.544202
v 1.323101 2.033577 -1.508707
v 1.302979 2.001849 -1.587685
v 1.250335 2.001849 -1.629469
v 1.273029 2.033577 -1.551191
v 1.404030 2.001849 -1.499067
v 1.371757 2.033577 -1.464609
v 1.038709 2.001849 -1.184421
v 1.069837 2.033577 -1.219916
v 1.076906 2.001849 -1.149802
v 1.109179 2.033577 -1.184259
v 0.999401 2.001849 -1.217772
v 1.029351 2.033577 -1.254267
v 0.959022 2.001849 -1.249821
v 0.993974 1.933816 -1.133410
v 0.973110 1.886479 -1.109619
v 0.956358 1.933816 -1.165325
v 0.917718 1.933816 -1.195993
v 0.936284 1.886479 -1.140864
v 1.030526 1.933816 -1.100282
v 1.008895 1.886479 -1.077187
v 0.949027 1.797656 -1.082157
v 0.913112 1.797656 -1.112629
v 0.876219 1.797656 -1.141911
v 0.941681 1.741749 -1.073781
v 0.906044 1.741749 -1.104017
v 0.869437 1.741749 -1.133072
v 0.983926 1.797656 -1.050528
v 0.976309 1.741749 -1.042396
v 0.949027 1.589836 -1.082157
v 0.941681 1.645743 -1.073781
v 0.976309 1.645743 -1.042396
v 0.983926 1.589836 -1.050528
v 0.913112 1.589836 -1.112629
v 0.876219 1.589836 -1.141911
v 0.906044 1.645743 -1.104017
v 0.869437 1.645743 -1.133072
v 0.993974 1.453676 -1.133410
v 0.973110 1.501013 -1.109619
v 1.030526 1.453676 -1.100282
v 1.008895 1.501013 -1.077187
v 0.956359 1.453676 -1.165325
v 0.936284 1.501014 -1.140864
v 0.917718 1.453676 -1.195993
v 1.038709 1.385644 -1.184421
v 1.069837 1.353916 -1.219916
v 0.999401 1.385644 -1.217773
v 0.959022 1.385644 -1.249821
v 1.029351 1.353916 -1.254267
v 1.076906 1.385644 -1.149802
v 1.109179 1.353915 -1.184259
v 1.128186 1.317327 -1.286449
v 1.085491 1.317327 -1.322674
v 1.041633 1.317327 -1.357483
v 1.163004 1.306646 -1.326152
v 1.196449 1.303229 -1.364288
v 1.118991 1.306646 -1.363494
v 1.073781 1.306646 -1.399378
v 1.151170 1.303230 -1.402705
v 1.169673 1.317327 -1.248848
v 1.205772 1.306646 -1.287390
v 1.240447 1.303230 -1.324411
v 1.264753 1.317327 -1.442174
v 1.229895 1.306638 -1.402426
v 1.275123 1.306638 -1.361435
v 1.311263 1.317327 -1.400021
v 1.216890 1.317327 -1.482784
v 1.167724 1.317327 -1.521807
v 1.183350 1.306638 -1.441917
v 1.135540 1.306638 -1.479864
v 1.354229 1.385644 -1.544202
v 1.323101 1.353915 -1.508707
v 1.404030 1.385644 -1.499067
v 1.371757 1.353915 -1.464609
v 1.302979 1.385644 -1.587686
v 1.273029 1.353915 -1.551191
v 1.250335 1.385644 -1.629469
v 1.398965 1.453676 -1.595213
v 1.419828 1.501014 -1.619004
v 1.346022 1.453676 -1.640133
v 1.291639 1.453676 -1.683296
v 1.366096 1.501014 -1.664594
v 1.450410 1.453676 -1.548586
v 1.472042 1.501014 -1.571682
v 1.443912 1.589836 -1.646466
v 1.389268 1.589836 -1.692829
v 1.333138 1.589836 -1.737379
v 1.451258 1.645743 -1.654842
v 1.396336 1.645743 -1.701441
v 1.339920 1.645743 -1.746218
v 1.497011 1.589836 -1.598341
v 1.504627 1.645743 -1.606473
v 1.216652 1.797656 -1.820848
v 1.222841 1.741749 -1.830112
v 1.282068 1.741749 -1.789122
v 1.275578 1.797656 -1.780066
v 1.156423 1.797656 -1.859683
v 1.094958 1.797656 -1.896525
v 1.162307 1.741749 -1.869144
v 1.100529 1.741749 -1.906174
v 1.178779 1.933816 -1.764168
v 1.196359 1.886479 -1.790478
v 1.235871 1.933816 -1.724655
v 1.254303 1.886479 -1.750376
v 1.120425 1.933816 -1.801793
v 1.137135 1.886479 -1.828664
v 1.060874 1.933816 -1.837489
v 1.141084 2.001849 -1.707754
v 1.114856 2.033577 -1.668500
v 1.084597 2.001849 -1.744176
v 1.026950 2.001849 -1.778730
v 1.059667 2.033577 -1.704085
v 1.196351 2.001849 -1.669505
v 1.168851 2.033577 -1.631130
v 0.875225 2.001849 -1.309867
v 0.901454 2.033577 -1.349121
v 0.917614 2.001849 -1.280530
v 0.945113 2.033577 -1.318905
v 0.831899 2.001849 -1.337803
v 0.856830 2.033577 -1.377894
v 0.787682 2.001849 -1.364306
v 0.837530 1.933816 -1.253453
v 0.819950 1.886479 -1.227143
v 0.796071 1.933816 -1.280186
v 0.753758 1.933816 -1.305548
v 0.779361 1.886479 -1.253314
v 0.878094 1.933816 -1.225379
v 0.859662 1.886479 -1.199659
v 0.799658 1.797656 -1.196772
v 0.760073 1.797656 -1.222296
v 0.719673 1.797656 -1.246512
v 0.793468 1.741749 -1.187508
v 0.754189 1.741749 -1.212835
v 0.714102 1.741749 -1.236863
v 0.838387 1.797656 -1.169968
v 0.831897 1.741749 -1.160912
v 0.799658 1.589836 -1.196772
v 0.793468 1.645743 -1.187508
v 0.831897 1.645743 -1.160912
v 0.838387 1.589836 -1.169968
v 0.760073 1.589836 -1.222296
v 0.719673 1.589836 -1.246512
v 0.754189 1.645743 -1.212835
v 0.714102 1.645743 -1.236863
v 0.837530 1.453676 -1.253453
v 0.819950 1.501014 -1.227143
v 0.878094 1.453676 -1.225379
v 0.859662 1.501014 -1.199658
v 0.796071 1.453676 -1.280186
v 0.779361 1.501013 -1.253314
v 0.753758 1.453676 -1.305548
v 0.875225 1.385644 -1.309867
v 0.901454 1.353915 -1.349121
v 0.831899 1.385644 -1.337803
v 0.787682 1.385644 -1.364306
v 0.856830 1.353915 -1.377894
v 0.917614 1.385644 -1.280529
v 0.945113 1.353915 -1.318904
v 0.950618 1.317327 -1.422701
v 0.903560 1.317327 -1.453043
v 0.855534 1.317327 -1.481830
v 0.979956 1.306646 -1.466609
v 1.008137 1.303230 -1.508784
v 0.931446 1.306646 -1.497887
v 0.881938 1.306646 -1.527563
v 0.958231 1.303229 -1.540962
v 0.996659 1.317327 -1.390837
v 1.027418 1.306646 -1.433761
v 1.056964 1.303230 -1.474991
v 1.065691 1.317327 -1.594920
v 1.036319 1.306638 -1.550962
v 1.086511 1.306638 -1.516224
v 1.117306 1.317327 -1.559198
v 1.012936 1.317327 -1.628935
v 0.959097 1.317327 -1.661207
v 0.985018 1.306638 -1.584039
v 0.932663 1.306638 -1.615421
v 1.141084 1.385644 -1.707754
v 1.114856 1.353915 -1.668500
v 1.196351 1.385644 -1.669505
v 1.168851 1.353915 -1.631130
v 1.084597 1.385644 -1.744176
v 1.059667 1.353915 -1.704085
v 1.026949 1.385644 -1.778730
v 1.178779 1.453676 -1.764168
v 1.196359 1.501014 -1.790478
v 1.120425 1.453676 -1.801793
v 1.060874 1.453676 -1.837489
v 1.137135 1.501014 -1.828664
v 1.235871 1.453676 -1.724655
v 1.254303 1.501014 -1.750376
v 1.216651 1.589836 -1.820848
v 1.156423 1.589836 -1.859683
v 1.094958 1.589836 -1.896525
v 1.222841 1.645743 -1.830112
v 1.162307 1.645743 -1.869144
v 1.100529 1.645743 -1.906174
v 1.275578 1.589836 -1.780066
v 1.282068 1.645743 -1.789122
v 0.968574 1.797656 -1.964076
v 0.973502 1.741749 -1.974068
v 1.037572 1.741749 -1.941160
v 1.032320 1.797656 -1.931334
v 0.903792 1.797656 -1.994716
v 0.838045 1.797656 -2.023221
v 0.908391 1.741749 -2.004865
v 0.842309 1.741749 -2.033514
v 0.938424 1.933816 -1.902937
v 0.952419 1.886479 -1.931316
v 1.000185 1.933816 -1.871214
v 1.015101 1.886479 -1.899121
v 0.875659 1.933816 -1.932623
v 0.888718 1.886479 -1.961446
v 0.811958 1.933816 -1.960240
v 0.908415 2.001849 -1.842085
v 0.887534 2.033577 -1.799744
v 0.847657 2.001849 -1.870823
v 0.785993 2.001849 -1.897557
v 0.828173 2.033577 -1.827820
v 0.968201 2.001849 -1.811377
v 0.945946 2.033577 -1.769741
v 0.696765 2.001849 -1.412901
v 0.717646 2.033577 -1.455242
v 0.742621 2.001849 -1.389348
v 0.764876 2.033577 -1.430983
v 0.650164 2.001849 -1.434942
v 0.669648 2.033577 -1.477944
v 0.602866 2.001849 -1.455448
v 0.666756 1.933816 -1.352050
v 0.652761 1.886479 -1.323670
v 0.622163 1.933816 -1.373142
v 0.576901 1.933816 -1.392764
v 0.609103 1.886479 -1.344319
v 0.710637 1.933816 -1.329511
v 0.695720 1.886479 -1.301604
v 0.636606 1.797657 -1.290910
v 0.594029 1.797657 -1.311049
v 0.550814 1.797656 -1.329784
v 0.631678 1.741749 -1.280918
v 0.589430 1.741749 -1.300900
v 0.546550 1.741749 -1.319490
v 0.678502 1.797656 -1.269391
v 0.673250 1.741749 -1.259565
v 0.636606 1.589836 -1.290910
v 0.631678 1.645743 -1.280918
v 0.673250 1.645743 -1.259565
v 0.678502 1.589836 -1.269391
v 0.594029 1.589836 -1.311048
v 0.550814 1.589836 -1.329784
v 0.589431 1.645743 -1.300900
v 0.546550 1.645743 -1.319490
v 0.666757 1.453676 -1.352050
v 0.652761 1.501013 -1.323670
v 0.710637 1.453676 -1.329511
v 0.695720 1.501013 -1.301604
v 0.622163 1.453676 -1.373142
v 0.609103 1.501013 -1.344319
v 0.576901 1.453676 -1.392764
v 0.696765 1.385644 -1.412901
v 0.717646 1.353916 -1.455243
v 0.650164 1.385644 -1.434942
v 0.602866 1.385644 -1.455448
v 0.669648 1.353915 -1.477945
v 0.742621 1.385644 -1.389347
v 0.764876 1.353916 -1.430983
v 0.756785 1.317327 -1.534611
v 0.706170 1.317327 -1.558551
v 0.654798 1.317327 -1.580822
v 0.780142 1.306646 -1.581972
v 0.802576 1.303230 -1.627465
v 0.727964 1.306646 -1.606651
v 0.675006 1.306646 -1.629610
v 0.748897 1.303230 -1.652854
v 0.806592 1.317327 -1.509028
v 0.831485 1.306646 -1.555600
v 0.855396 1.303229 -1.600335
v 0.848395 1.317327 -1.720376
v 0.825012 1.306638 -1.672960
v 0.879308 1.306638 -1.645071
v 0.904230 1.317327 -1.691697
v 0.791652 1.317327 -1.747214
v 0.734061 1.317327 -1.772182
v 0.769833 1.306638 -1.699059
v 0.713830 1.306638 -1.723338
v 0.908415 1.385644 -1.842085
v 0.887534 1.353915 -1.799744
v 0.968201 1.385644 -1.811377
v 0.945946 1.353915 -1.769741
v 0.847657 1.385644 -1.870823
v 0.828173 1.353915 -1.827820
v 0.785993 1.385644 -1.897557
v 0.938424 1.453676 -1.902936
v 0.952419 1.501014 -1.931316
v 0.875659 1.453676 -1.932623
v 0.811958 1.453676 -1.960240
v 0.888718 1.501014 -1.961446
v 1.000185 1.453676 -1.871214
v 1.015101 1.501014 -1.899121
v 0.968574 1.589836 -1.964076
v 0.903792 1.589836 -1.994716
v 0.838045 1.589836 -2.023221
v 0.973502 1.645743 -1.974068
v 0.908391 1.645743 -2.004865
v 0.842308 1.645743 -2.033514
v 1.032320 1.589836 -1.931334
v 1.037572 1.645743 -1.941160
v 0.703925 1.797656 -2.073697
v 0.707506 1.741749 -2.084247
v 0.775323 1.741749 -2.059983
v 0.771399 1.797656 -2.049556
v 0.635698 1.797656 -2.095620
v 0.566792 1.797657 -2.115299
v 0.638932 1.741749 -2.106282
v 0.569676 1.741749 -2.126060
v 0.682013 1.933816 -2.009145
v 0.692184 1.886479 -2.039110
v 0.747386 1.933816 -1.985756
v 0.758532 1.886479 -2.015371
v 0.615910 1.933816 -2.030386
v 0.625096 1.886479 -2.060667
v 0.549149 1.933816 -2.049452
v 0.660204 2.001849 -1.944898
v 0.645028 2.033577 -1.900193
v 0.596215 2.001849 -1.965459
v 0.531589 2.001849 -1.983916
v 0.582510 2.033577 -1.920281
v 0.723486 2.001849 -1.922256
v 0.706856 2.033577 -1.878072
v 0.506384 2.001849 -1.491759
v 0.521559 2.033577 -1.536464
v 0.554922 2.001849 -1.474393
v 0.571551 2.033577 -1.518577
v 0.457304 2.001849 -1.507529
v 0.471009 2.033577 -1.552707
v 0.407735 2.001849 -1.521686
v 0.484575 1.933816 -1.427512
v 0.474403 1.886479 -1.397547
v 0.437609 1.933816 -1.442603
v 0.390174 1.933816 -1.456150
v 0.428424 1.886479 -1.412322
v 0.531022 1.933816 -1.410893
v 0.519875 1.886479 -1.381278
v 0.462662 1.797656 -1.362960
v 0.417821 1.797656 -1.377369
v 0.372531 1.797656 -1.390303
v 0.459081 1.741749 -1.352410
v 0.414587 1.741749 -1.366707
v 0.369647 1.741749 -1.379541
v 0.507009 1.797656 -1.347093
v 0.503084 1.741749 -1.336666
v 0.462662 1.589836 -1.362960
v 0.459081 1.645743 -1.352410
v 0.503084 1.645743 -1.336666
v 0.507009 1.589836 -1.347093
v 0.417821 1.589836 -1.377368
v 0.372531 1.589836 -1.390303
v 0.414587 1.645743 -1.366707
v 0.369647 1.645743 -1.379541
v 0.484575 1.453676 -1.427512
v 0.474403 1.501013 -1.397547
v 0.531022 1.453676 -1.410893
v 0.519875 1.501014 -1.381278
v 0.437609 1.453676 -1.442602
v 0.428424 1.501013 -1.412322
v 0.390174 1.453676 -1.456150
v 0.506384 1.385644 -1.491759
v 0.521559 1.353915 -1.536464
v 0.457304 1.385644 -1.507529
v 0.407735 1.385644 -1.521686
v 0.471009 1.353915 -1.552707
v 0.554922 1.385644 -1.474393
v 0.571551 1.353915 -1.518577
v 0.550005 1.317327 -1.620262
v 0.496697 1.317327 -1.637391
v 0.442857 1.317327 -1.652767
v 0.566979 1.306646 -1.670267
v 0.583284 1.303230 -1.718299
v 0.512026 1.306646 -1.687924
v 0.456525 1.306646 -1.703775
v 0.526750 1.303229 -1.736464
v 0.602724 1.317327 -1.601399
v 0.621325 1.306646 -1.650822
v 0.639193 1.303230 -1.698295
v 0.616583 1.317327 -1.816395
v 0.599589 1.306638 -1.766333
v 0.657061 1.306638 -1.745770
v 0.675684 1.317327 -1.795250
v 0.556822 1.317327 -1.835598
v 0.496466 1.317327 -1.852835
v 0.541475 1.306638 -1.785006
v 0.482782 1.306638 -1.801768
v 0.660204 1.385644 -1.944898
v 0.645028 1.353916 -1.900193
v 0.723486 1.385644 -1.922256
v 0.706856 1.353915 -1.878072
v 0.596215 1.385644 -1.965459
v 0.582510 1.353915 -1.920281
v 0.531589 1.385644 -1.983916
v 0.682013 1.453676 -2.009145
v 0.692184 1.501014 -2.039110
v 0.615910 1.453676 -2.030386
v 0.549149 1.453676 -2.049452
v 0.625095 1.501014 -2.060667
v 0.747386 1.453676 -1.985756
v 0.758532 1.501014 -2.015371
v 0.703925 1.589836 -2.073697
v 0.635698 1.589836 -2.095620
v 0.566792 1.589836 -2.115299
v 0.707506 1.645743 -2.084248
v 0.638932 1.645743 -2.106282
v 0.569676 1.645743 -2.126060
v 0.771399 1.589836 -2.049556
v 0.775323 1.645743 -2.059983
v 0.427232 1.797656 -2.147836
v 0.429405 1.741749 -2.158764
v 0.499809 1.741749 -2.143559
v 0.497279 1.797656 -2.132709
v 0.356727 1.797656 -2.160666
v 0.285842 1.797656 -2.171183
v 0.358542 1.741749 -2.171659
v 0.287296 1.741749 -2.182229
v 0.413932 1.933816 -2.080977
v 0.420106 1.886479 -2.112012
v 0.481799 1.933816 -2.066320
v 0.488985 1.886479 -2.097137
v 0.345623 1.933816 -2.093408
v 0.350777 1.886479 -2.124628
v 0.276944 1.933816 -2.103597
v 0.400696 2.001849 -2.014433
v 0.391486 2.033577 -1.968129
v 0.334571 2.001849 -2.026466
v 0.268088 2.001849 -2.036329
v 0.326880 2.033577 -1.979886
v 0.466392 2.001849 -2.000245
v 0.455672 2.033577 -1.954267
v 0.307338 2.001849 -1.545093
v 0.316549 2.033577 -1.591397
v 0.357728 2.001849 -1.534211
v 0.368448 2.033577 -1.580188
v 0.256620 2.001849 -1.554322
v 0.264311 2.033577 -1.600902
v 0.205627 2.001849 -1.561888
v 0.294102 1.933816 -1.478549
v 0.287928 1.886479 -1.447514
v 0.245568 1.933816 -1.487380
v 0.196771 1.933816 -1.494620
v 0.240414 1.886479 -1.456160
v 0.342321 1.933816 -1.468135
v 0.335135 1.886479 -1.437318
v 0.280803 1.797656 -1.411689
v 0.234464 1.797656 -1.420121
v 0.187873 1.797656 -1.427034
v 0.278629 1.741749 -1.400762
v 0.232649 1.741749 -1.409129
v 0.186419 1.741749 -1.415987
v 0.326841 1.797656 -1.401747
v 0.324311 1.741749 -1.390896
v 0.280803 1.589836 -1.411689
v 0.278629 1.645743 -1.400762
v 0.324311 1.645743 -1.390896
v 0.326841 1.589836 -1.401747
v 0.234464 1.589836 -1.420121
v 0.187873 1.589836 -1.427034
v 0.232649 1.645743 -1.409129
v 0.186418 1.645743 -1.415987
v 0.294102 1.453676 -1.478549
v 0.287928 1.501014 -1.447513
v 0.342321 1.453676 -1.468135
v 0.335135 1.501014 -1.437318
v 0.245568 1.453676 -1.487380
v 0.240414 1.501014 -1.456159
v 0.196771 1.453676 -1.494620
v 0.307338 1.385644 -1.545093
v 0.316549 1.353915 -1.591397
v 0.256620 1.385644 -1.554322
v 0.205627 1.385644 -1.561888
v 0.264311 1.353915 -1.600902
v 0.357728 1.385644 -1.534211
v 0.368448 1.353915 -1.580188
v 0.333813 1.317327 -1.678190
v 0.278726 1.317327 -1.688214
v 0.223340 1.317327 -1.696432
v 0.344115 1.306646 -1.729983
v 0.354011 1.303229 -1.779732
v 0.287328 1.306646 -1.740316
v 0.230232 1.306646 -1.748787
v 0.295590 1.303230 -1.790363
v 0.388543 1.317327 -1.666370
v 0.400534 1.306646 -1.717798
v 0.412053 1.303229 -1.767197
v 0.374221 1.317327 -1.881336
v 0.363907 1.306638 -1.829484
v 0.423572 1.306638 -1.816599
v 0.435577 1.317327 -1.868086
v 0.312465 1.317327 -1.892574
v 0.250375 1.317327 -1.901785
v 0.303853 1.306638 -1.840412
v 0.243474 1.306638 -1.849370
v 0.400696 1.385644 -2.014433
v 0.391486 1.353915 -1.968129
v 0.466392 1.385644 -2.000245
v 0.455672 1.353915 -1.954267
v 0.334571 1.385644 -2.026466
v 0.326880 1.353915 -1.979886
v 0.268088 1.385644 -2.036329
v 0.413932 1.453676 -2.080977
v 0.420106 1.501013 -2.112012
v 0.345623 1.453676 -2.093408
v 0.276944 1.453676 -2.103597
v 0.350777 1.501013 -2.124628
v 0.481799 1.453676 -2.066320
v 0.488985 1.501013 -2.097137
v 0.427232 1.589836 -2.147836
v 0.356727 1.589836 -2.160666
v 0.285842 1.589836 -2.171183
v 0.429405 1.645743 -2.158764
v 0.358542 1.645743 -2.171659
v 0.287296 1.645743 -2.182229
v 0.497279 1.589836 -2.132709
v 0.499809 1.645743 -2.143559
v 0.143227 1.797657 -2.185226
v 0.143956 1.741749 -2.196344
v 0.215742 1.741749 -2.190459
v 0.214650 1.797656 -2.179371
v 0.071651 1.797656 -2.188744
v -0.000001 1.797656 -2.189918
v 0.072015 1.741749 -2.199879
v -0.000001 1.741749 -2.201059
v 0.138769 1.933816 -2.117203
v 0.140838 1.886479 -2.148779
v 0.207968 1.933816 -2.111530
v 0.211070 1.886479 -2.143021
v 0.069421 1.933816 -2.120611
v 0.070456 1.886479 -2.152237
v -0.000001 1.933816 -2.121749
v 0.134331 2.001849 -2.049500
v 0.131244 2.033577 -2.002391
v 0.067201 2.001849 -2.052799
v -0.000001 2.001849 -2.053900
v 0.065656 2.033577 -2.005614
v 0.201318 2.001849 -2.044009
v 0.196690 2.033577 -1.997025
v 0.103034 2.001849 -1.571990
v 0.106121 2.033577 -1.619100
v 0.154412 2.001849 -1.567778
v 0.159040 2.033577 -1.614761
v 0.051545 2.001849 -1.574520
v 0.053089 2.033577 -1.621706
v -0.000000 2.001849 -1.575365
v 0.098596 1.933816 -1.504287
v 0.096527 1.886479 -1.472712
v 0.049325 1.933816 -1.506709
v -0.000000 1.933816 -1.507517
v 0.048290 1.886479 -1.475082
v 0.147762 1.933816 -1.500257
v 0.144660 1.886479 -1.468766
v 0.094138 1.797656 -1.436264
v 0.047095 1.797656 -1.438576
v -0.000000 1.797656 -1.439348
v 0.093409 1.741749 -1.425146
v 0.046730 1.741749 -1.427440
v -0.000000 1.741749 -1.428206
v 0.141080 1.797656 -1.432416
v 0.139988 1.741749 -1.421328
v 0.094138 1.589836 -1.436264
v 0.093409 1.645743 -1.425146
v 0.139988 1.645743 -1.421328
v 0.141080 1.589836 -1.432416
v 0.047095 1.589836 -1.438576
v -0.000000 1.589836 -1.439348
v 0.046730 1.645743 -1.427440
v -0.000000 1.645743 -1.428206
v 0.098596 1.453676 -1.504287
v 0.096527 1.501013 -1.472712
v 0.147762 1.453676 -1.500257
v 0.144660 1.501013 -1.468766
v 0.049325 1.453676 -1.506709
v 0.048290 1.501014 -1.475082
v -0.000000 1.453676 -1.507517
v 0.103034 1.385644 -1.571990
v 0.106121 1.353915 -1.619100
v 0.051545 1.385644 -1.574521
v -0.000000 1.385644 -1.575365
v 0.053089 1.353915 -1.621706
v 0.154412 1.385644 -1.567778
v 0.159040 1.353915 -1.614761
v 0.111909 1.317327 -1.707404
v 0.055984 1.317327 -1.710153
v -0.000000 1.317327 -1.711070
v 0.115363 1.306646 -1.760099
v 0.118680 1.303229 -1.810714
v 0.057712 1.306646 -1.762931
v -0.000000 1.306646 -1.763877
v 0.059372 1.303230 -1.813628
v 0.167714 1.317327 -1.702829
v 0.172890 1.306646 -1.755382
v 0.177862 1.303230 -1.805862
v 0.125456 1.317327 -1.914086
v 0.121998 1.306638 -1.861332
v 0.182834 1.306638 -1.856344
v 0.188016 1.317327 -1.908957
v 0.062761 1.317327 -1.917167
v -0.000000 1.317327 -1.918196
v 0.061031 1.306638 -1.864328
v -0.000000 1.306638 -1.865328
v 0.134331 1.385644 -2.049501
v 0.131243 1.353916 -2.002391
v 0.201318 1.385644 -2.044009
v 0.196690 1.353916 -1.997025
v 0.067201 1.385644 -2.052799
v 0.065656 1.353916 -2.005614
v -0.000001 1.385644 -2.053900
v 0.138769 1.453676 -2.117203
v 0.140838 1.501013 -2.148779
v 0.069420 1.453676 -2.120611
v -0.000001 1.453676 -2.121749
v 0.070456 1.501014 -2.152238
v 0.207968 1.453676 -2.111530
v 0.211070 1.501013 -2.143021
v 0.143227 1.589836 -2.185226
v 0.071651 1.589836 -2.188744
v -0.000001 1.589836 -2.189918
v 0.143956 1.645743 -2.196344
v 0.072015 1.645743 -2.199879
v -0.000001 1.645743 -2.201059
v 0.214650 1.589836 -2.179371
v 0.215742 1.645743 -2.190459
v -0.144682 1.741750 -2.196302
v -0.072016 1.741749 -2.199879
v -0.071652 1.797656 -2.188744
v -0.141454 1.886481 -2.148742
v -0.069421 1.933816 -2.120611
v -0.070457 1.886479 -2.152237
v -0.134744 2.001850 -2.049474
v -0.067202 2.001849 -2.052799
v -0.065657 2.033577 -2.005614
v -0.102622 2.001850 -1.572016
v -0.051545 2.001849 -1.574521
v -0.053090 2.033577 -1.621706
v -0.095912 1.886481 -1.472749
v -0.049326 1.933816 -1.506709
v -0.048290 1.886479 -1.475082
v -0.092684 1.741750 -1.425188
v -0.047095 1.797656 -1.438576
v -0.046731 1.741749 -1.427440
v -0.092684 1.645742 -1.425188
v -0.046731 1.645743 -1.427440
v -0.047095 1.589836 -1.438576
v -0.095912 1.501011 -1.472749
v -0.049326 1.453676 -1.506709
v -0.048290 1.501014 -1.475082
v -0.102622 1.385642 -1.572016
v -0.051545 1.385644 -1.574521
v -0.053090 1.353915 -1.621706
v -0.134744 1.385642 -2.049475
v -0.067202 1.385644 -2.052799
v -0.065657 1.353915 -2.005614
v -0.141454 1.501011 -2.148742
v -0.069422 1.453676 -2.120611
v -0.070457 1.501014 -2.152238
v -0.144682 1.645742 -2.196302
v -0.071652 1.589836 -2.188744
v -0.072016 1.645743 -2.199879
v 1.439619 1.303230 -1.104660
v 1.283117 1.303230 -1.283117
v 0.261926 2.033577 -1.989522
v -0.000001 2.033577 -2.006690
v 1.676473 1.303229 0.694417
v 0.898455 1.501014 -1.170889
v 0.737936 1.501013 -1.278144
v 1.278144 1.886479 -0.737937
v 1.170889 1.886479 -0.898455
v 1.104660 1.303230 1.439619
v 1.752770 1.303230 0.469653
v 1.799077 1.303230 0.236853
v 1.608694 2.033577 -0.211789
v 1.463247 1.886479 -0.192641
v 1.853939 2.033577 -0.767927
v 1.737844 2.033577 -1.003345
v 0.767926 1.353915 -1.853940
v 0.519370 1.353915 -1.938314
v 1.592014 1.353916 1.221595
v 1.708401 1.501014 1.310901
v 1.571491 1.303230 0.907300
v 0.381984 1.886479 -1.425584
v 0.192640 1.886479 -1.463247
v 2.134969 1.501013 -0.281075
v 2.080017 1.501014 -0.557339
v 0.192640 1.501013 -1.463247
v 0.211789 1.353915 -1.608694
v 0.564792 1.501014 -1.363529
v 1.363529 1.501014 -0.564792
v 1.499064 1.353915 -0.620933
v 0.694417 1.303230 -1.676473
v 1.814601 1.303230 -0.000000
v 1.799077 1.303230 -0.236854
v 1.592014 1.353916 -1.221596
v 1.418944 1.353916 -1.418944
v 1.405192 1.353915 -0.811288
v 1.287276 1.353916 -0.987762
v 1.076695 1.886479 -1.864893
v 1.003344 2.033577 -1.737845
v 1.567288 2.033577 0.419953
v 1.608695 2.033577 0.211788
v 1.363529 1.886479 0.564792
v 1.425585 1.886479 0.381984
v 0.987762 1.353916 1.287276
v 1.147335 1.353916 1.147334
v -0.000001 1.501014 -2.153392
v 1.989475 1.886479 -0.824067
v 1.864892 1.886479 -1.076696
v 0.419954 2.033577 -1.567288
v 0.211789 2.033577 -1.608694
v 1.278144 1.501014 0.737937
v 1.405192 1.353915 0.811288
v 1.737844 1.353915 1.003345
v 1.853940 1.353915 0.767926
v 1.864892 1.501014 1.076696
v 2.134969 1.886479 0.281074
v 1.989522 2.033577 0.261925
v 1.287276 2.033577 0.987761
v 1.170889 1.886479 0.898454
v 1.425584 1.501013 -0.381984
v 1.567288 1.353916 -0.419954
v 1.310902 1.886479 1.708400
v 1.221596 2.033577 1.592013
v 1.853940 1.353916 -0.767927
v 1.989475 1.501014 -0.824067
v 2.006690 1.353916 -0.000001
v 1.989522 1.353916 -0.261926
v 1.310902 1.886479 -1.708400
v 0.987762 2.033577 1.287276
v 1.221596 1.353916 1.592013
v 1.418945 1.353916 1.418943
v 1.170889 1.501014 -0.898455
v 1.043600 1.501013 -1.043600
v 1.499064 2.033577 -0.620933
v 1.405192 2.033577 -0.811288
v 1.043601 1.501014 1.043600
v 1.170889 1.501014 0.898454
v 0.811287 2.033577 -1.405192
v 0.737936 1.886479 -1.278144
v 0.469653 1.303230 -1.752770
v 0.898455 1.501014 1.170889
v 0.564792 1.886479 -1.363529
v 1.571491 1.303230 -0.907301
v 1.567288 2.033577 -0.419954
v 1.425584 1.886479 -0.381984
v 2.080017 1.886479 -0.557339
v -0.000000 1.353916 -1.622576
v 1.221595 2.033577 -1.592014
v 1.147335 2.033577 1.147334
v 1.043601 1.886479 1.043600
v 1.737844 1.353916 -1.003345
v 1.405192 2.033577 0.811288
v 1.499065 2.033577 0.620932
v 2.153392 1.501014 -0.000001
v -0.000000 1.501014 -1.475874
v 1.708401 1.886479 1.310901
v 1.864892 1.886479 1.076696
v 1.522678 1.501014 -1.522678
v 1.310902 1.501014 -1.708400
v 1.283117 1.303230 1.283116
v 1.463247 1.886479 0.192640
v 1.475874 1.886479 -0.000000
v 0.824067 1.886479 -1.989475
v -0.000000 1.353916 -2.006690
v 1.439620 1.303230 1.104659
v 0.824067 1.501013 -1.989475
v 0.557339 1.501013 -2.080017
v 1.147334 2.033577 -1.147334
v 1.043600 1.886479 -1.043600
v 1.938314 2.033577 0.519369
v 0.281074 1.886479 -2.134969
v 1.522678 1.886479 -1.522678
v 1.938313 1.353916 -0.519370
v 1.592014 2.033577 1.221595
v 1.737844 2.033577 1.003345
v 1.622576 1.353916 -0.000000
v 1.608694 1.353916 -0.211789
v 1.989475 1.886479 0.824067
v 2.080017 1.886479 0.557338
v 0.236853 1.303230 -1.799077
v 1.425585 1.501014 0.381984
v 1.567288 1.353916 0.419953
v 1.622576 2.033577 -0.000000
v 1.989522 1.353916 0.261925
v 2.134969 1.501013 0.281074
v 0.898455 1.886479 1.170889
v -0.000001 1.886479 -2.153392
v 1.418944 2.033577 -1.418944
v 1.278144 1.501014 -0.737937
v 0.261926 1.353916 -1.989522
v 1.003344 1.353915 -1.737845
v 1.076695 1.501014 -1.864893
v 1.287276 1.353916 0.987761
v 1.278144 1.886479 0.737937
v 1.363529 1.886479 -0.564792
v 0.381984 1.501014 -1.425584
v 1.853940 2.033577 0.767926
v 1.463247 1.501014 0.192640
v 1.475874 1.501014 -0.000000
v 2.153392 1.886479 -0.000001
v 2.006690 2.033577 -0.000001
v 1.522679 1.501014 1.522677
v 0.898455 1.886479 -1.170889
v 0.281074 1.501013 -2.134969
v 1.522679 1.886479 1.522677
v 1.418945 2.033577 1.418943
v 0.767926 2.033577 -1.853940
v 1.310902 1.501014 1.708400
v 1.287276 2.033577 -0.987762
v 0.907300 1.303230 -1.571491
v -0.000000 2.033577 -1.622576
v -0.000000 1.886479 -1.475874
v 1.989522 2.033577 -0.261926
v 1.938313 2.033577 -0.519370
v 1.676473 1.303230 -0.694418
v 1.864892 1.501014 -1.076696
v 1.752770 1.303230 -0.469654
v 0.987762 2.033577 -1.287276
v 0.419954 1.353915 -1.567288
v 0.987762 1.353916 -1.287276
v 1.147334 1.353916 -1.147334
v 0.811287 1.353916 -1.405192
v -0.000000 1.303230 -1.814601
v 1.463247 1.501014 -0.192641
v 1.499065 1.353916 0.620932
v 0.620933 2.033577 -1.499065
v 0.557339 1.886479 -2.080017
v 0.519370 2.033577 -1.938314
v 1.708400 1.886479 -1.310902
v 1.592014 2.033577 -1.221596
v 1.104659 1.303230 -1.439620
v 1.363529 1.501014 0.564792
v 1.938314 1.353915 0.519369
v 2.080017 1.501014 0.557338
v 2.134969 1.886479 -0.281075
v 0.620933 1.353915 -1.499065
v 1.221596 1.353916 -1.592014
v 1.708400 1.501014 -1.310902
v 1.608694 1.353915 0.211788
v 1.989475 1.501013 0.824067
v -0.061983 2.001849 -1.924013
v -0.056764 2.001849 -1.677022
v -0.124037 2.001850 -1.924013
v -0.113329 2.001850 -1.677023
v -0.123421 2.071186 -1.924014
v -0.113945 2.071186 -1.677023
v -0.124450 2.039458 -1.924013
v -0.112916 2.039458 -1.677023
v -0.061744 2.071186 -1.924014
v -0.057003 2.071186 -1.677023
v -0.057279 2.033577 -1.677022
v -0.061468 2.033577 -1.924013
v -0.063068 1.886479 -1.924014
v -0.055679 1.886479 -1.677023
v -0.062723 1.933816 -1.924013
v -0.056024 1.933816 -1.677023
v -0.063134 1.958998 -1.924014
v -0.055613 1.958998 -1.677023
v -0.126200 1.958998 -1.924013
v -0.111166 1.958998 -1.677022
v -0.126273 1.886481 -1.924013
v -0.111093 1.886481 -1.677023
v -0.126890 1.911661 -1.924013
v -0.110476 1.911661 -1.677023
v -0.063466 1.797656 -1.924015
v -0.055281 1.797656 -1.677023
v -0.063588 1.741749 -1.924015
v -0.055159 1.741749 -1.677024
v -0.063951 1.806513 -1.924014
v -0.054796 1.806513 -1.677022
v -0.127349 1.741750 -1.924015
v -0.110017 1.741750 -1.677023
v -0.128076 1.750606 -1.924015
v -0.109290 1.750606 -1.677022
v -0.127833 1.806513 -1.924015
v -0.109533 1.806513 -1.677023
v -0.054796 1.580980 -1.677022
v -0.063951 1.580980 -1.924016
v -0.055159 1.645743 -1.677024
v -0.063588 1.645743 -1.924015
v -0.055281 1.589836 -1.677023
v -0.063466 1.589836 -1.924015
v -0.109533 1.580980 -1.677023
v -0.127833 1.580980 -1.924015
v -0.110017 1.645742 -1.677023
v -0.127349 1.645742 -1.924015
v -0.109290 1.636887 -1.677022
v -0.128076 1.636887 -1.924015
v 0.058736 1.750606 0.045276
v 0.059478 1.750606 0.000000
v 0.058737 1.636887 0.045276
v 0.059478 1.636887 0.000000
v 0.058737 1.750606 -0.045275
v 0.058736 1.636887 -0.045275
v 0.000000 2.366555 -0.182044
v 0.000000 2.331040 -0.178546
v 0.000000 2.215191 -0.101138
v 0.035515 2.366555 -0.178546
v 0.034833 2.331040 -0.175115
v 0.032812 2.296890 -0.164955
v 0.029530 2.265417 -0.148456
v 0.025113 2.237830 -0.126251
v 0.019731 2.215191 -0.099195
v 0.013591 2.198368 -0.068327
v 0.006929 2.188009 -0.034833
v 0.069665 2.366555 -0.168187
v 0.068327 2.331040 -0.164955
v 0.064362 2.296890 -0.155384
v 0.057925 2.265417 -0.139842
v 0.049261 2.237830 -0.118926
v 0.038704 2.215191 -0.093440
v 0.026660 2.198368 -0.064362
v 0.013591 2.188009 -0.032812
v 0.101138 2.366555 -0.151364
v 0.099195 2.331040 -0.148456
v 0.093440 2.296890 -0.139842
v 0.084093 2.265417 -0.125855
v 0.071516 2.237830 -0.107031
v 0.056189 2.215191 -0.084093
v 0.038704 2.198368 -0.057925
v 0.019731 2.188009 -0.029530
v 0.128725 2.366555 -0.128725
v 0.126251 2.331040 -0.126251
v 0.118926 2.296890 -0.118926
v 0.107031 2.265417 -0.107031
v 0.091022 2.237830 -0.091022
v 0.071516 2.215191 -0.071516
v 0.049261 2.198368 -0.049261
v 0.025113 2.188009 -0.025113
v 0.151364 2.366555 -0.101138
v 0.148456 2.331040 -0.099195
v 0.139842 2.296890 -0.093440
v 0.125855 2.265417 -0.084093
v 0.107031 2.237830 -0.071516
v 0.084093 2.215191 -0.056189
v 0.057925 2.198368 -0.038704
v 0.029530 2.188009 -0.019731
v 0.168187 2.366555 -0.069665
v 0.164955 2.331040 -0.068327
v 0.155384 2.296890 -0.064362
v 0.139842 2.265417 -0.057925
v 0.118926 2.237830 -0.049261
v 0.093440 2.215191 -0.038704
v 0.064362 2.198368 -0.026660
v 0.032812 2.188009 -0.013591
v 0.178546 2.366555 -0.035515
v 0.175115 2.331040 -0.034833
v 0.164955 2.296890 -0.032812
v 0.148456 2.265417 -0.029530
v 0.126251 2.237830 -0.025113
v 0.099195 2.215191 -0.019731
v 0.068327 2.198368 -0.013591
v 0.034833 2.188009 -0.006929
v 0.182044 2.366555 0.000000
v 0.178546 2.331040 0.000000
v 0.168187 2.296890 0.000000
v 0.151364 2.265417 0.000000
v 0.128725 2.237830 0.000000
v 0.101138 2.215191 0.000000
v 0.069665 2.198368 0.000000
v 0.035515 2.188009 0.000000
v 0.178546 2.366555 0.035515
v 0.175115 2.331040 0.034833
v 0.164955 2.296890 0.032812
v 0.148456 2.265417 0.029530
v 0.126251 2.237830 0.025113
v 0.099195 2.215191 0.019731
v 0.068327 2.198368 0.013591
v 0.034833 2.188009 0.006929
v 0.168187 2.366555 0.069665
v 0.164955 2.331040 0.068327
v 0.155384 2.296890 0.064362
v 0.139842 2.265417 0.057925
v 0.118926 2.237830 0.049261
v 0.093440 2.215191 0.038704
v 0.064362 2.198368 0.026660
v 0.032812 2.188009 0.013591
v 0.151364 2.366555 0.101138
v 0.148456 2.331040 0.099195
v 0.139842 2.296890 0.093440
v 0.125855 2.265417 0.084093
v 0.107031 2.237830 0.071516
v 0.084093 2.215191 0.056189
v 0.057925 2.198368 0.038704
v 0.029530 2.188009 0.019731
v 0.128725 2.366555 0.128725
v 0.126251 2.331040 0.126251
v 0.118926 2.296890 0.118926
v 0.107031 2.265417 0.107031
v 0.091022 2.237830 0.091022
v 0.071516 2.215191 0.071516
v 0.049261 2.198368 0.049261
v 0.025113 2.188009 0.025113
v 0.101138 2.366555 0.151364
v 0.099195 2.331040 0.148456
v 0.093440 2.296890 0.139842
v 0.084093 2.265417 0.125855
v 0.071516 2.237830 0.107031
v 0.056189 2.215191 0.084093
v 0.038704 2.198368 0.057925
v 0.019731 2.188009 0.029530
v 0.000000 2.184511 0.000000
v 0.069665 2.366555 0.168187
v 0.068327 2.331040 0.164955
v 0.064362 2.296890 0.155384
v 0.057925 2.265417 0.139842
v 0.049261 2.237830 0.118926
v 0.038704 2.215191 0.093440
v 0.026660 2.198368 0.064362
v 0.013591 2.188009 0.032812
v 0.035515 2.366555 0.178546
v 0.034833 2.331040 0.175116
v 0.032812 2.296890 0.164955
v 0.029530 2.265417 0.148456
v 0.025113 2.237830 0.126251
v 0.019731 2.215191 0.099195
v 0.013591 2.198368 0.068327
v 0.006929 2.188009 0.034833
v -0.000000 2.366555 0.182044
v -0.000000 2.331040 0.178546
v 0.000000 2.296890 0.168187
v -0.000000 2.265417 0.151364
v -0.000000 2.237830 0.128725
v -0.000000 2.215191 0.101138
v 0.000000 2.198368 0.069665
v 0.000000 2.188009 0.035515
v -0.035515 2.366555 0.178546
v -0.034833 2.331040 0.175115
v -0.032812 2.296890 0.164955
v -0.029530 2.265417 0.148456
v -0.025113 2.237830 0.126251
v -0.019731 2.215191 0.099195
v -0.013591 2.198368 0.068327
v -0.006929 2.188009 0.034833
v -0.069665 2.366555 0.168187
v -0.068327 2.331040 0.164955
v -0.064362 2.296890 0.155384
v -0.057925 2.265417 0.139842
v -0.049261 2.237830 0.118926
v -0.038704 2.215191 0.093440
v -0.026660 2.198368 0.064362
v -0.013591 2.188009 0.032812
v -0.101138 2.366555 0.151364
v -0.099195 2.331040 0.148456
v -0.093440 2.296890 0.139842
v -0.084093 2.265417 0.125855
v -0.071516 2.237830 0.107031
v -0.056189 2.215191 0.084093
v -0.038704 2.198368 0.057925
v -0.019731 2.188009 0.029530
v -0.128725 2.366555 0.128725
v -0.126251 2.331040 0.126251
v -0.118926 2.296890 0.118926
v -0.107031 2.265417 0.107031
v -0.091022 2.237830 0.091022
v -0.071516 2.215191 0.071516
v -0.049261 2.198368 0.049261
v -0.025113 2.188009 0.025113
v -0.151364 2.366555 0.101138
v -0.148456 2.331040 0.099195
v -0.139842 2.296890 0.093440
v -0.125855 2.265417 0.084093
v -0.107031 2.237830 0.071516
v -0.084093 2.215191 0.056189
v -0.057925 2.198368 0.038704
v -0.029530 2.188009 0.019731
v -0.168187 2.366555 0.069665
v -0.164955 2.331040 0.068327
v -0.155384 2.296890 0.064362
v -0.139842 2.265417 0.057925
v -0.118926 2.237830 0.049261
v -0.093440 2.215191 0.038704
v -0.064362 2.198368 0.026660
v -0.032812 2.188009 0.013591
v -0.178546 2.366555 0.035515
v -0.175115 2.331040 0.034833
v -0.164955 2.296890 0.032812
v -0.148456 2.265417 0.029530
v -0.126251 2.237830 0.025113
v -0.099195 2.215191 0.019731
v -0.068327 2.198368 0.013591
v -0.034833 2.188009 0.006929
v -0.182044 2.366555 0.000000
v -0.178546 2.331040 0.000000
v -0.168187 2.296890 0.000000
v -0.151364 2.265417 0.000000
v -0.128725 2.237830 0.000000
v -0.101138 2.215191 0.000000
v -0.069665 2.198368 0.000000
v -0.035515 2.188009 0.000000
v -0.178546 2.366555 -0.035515
v -0.175115 2.331040 -0.034833
v -0.164955 2.296890 -0.032812
v -0.148456 2.265417 -0.029530
v -0.126251 2.237830 -0.025113
v -0.099195 2.215191 -0.019731
v -0.068327 2.198368 -0.013591
v -0.034833 2.188009 -0.006929
v -0.168187 2.366555 -0.069665
v -0.164955 2.331040 -0.068327
v -0.155384 2.296890 -0.064362
v -0.139842 2.265417 -0.057925
v -0.118926 2.237830 -0.049261
v -0.093440 2.215191 -0.038704
v -0.064362 2.198368 -0.026660
v -0.032812 2.188009 -0.013591
v -0.151364 2.366555 -0.101138
v -0.148456 2.331040 -0.099195
v -0.139842 2.296890 -0.093440
v -0.125855 2.265417 -0.084093
v -0.107031 2.237830 -0.071516
v -0.084093 2.215191 -0.056189
v -0.057925 2.198368 -0.038704
v -0.029530 2.188009 -0.019731
v -0.128725 2.366555 -0.128725
v -0.126251 2.331040 -0.126251
v -0.118926 2.296890 -0.118926
v -0.107031 2.265417 -0.107031
v -0.091022 2.237830 -0.091022
v -0.071516 2.215191 -0.071516
v -0.049261 2.198368 -0.049261
v -0.025113 2.188009 -0.025113
v -0.101138 2.366555 -0.151364
v -0.099195 2.331040 -0.148456
v -0.093440 2.296890 -0.139842
v -0.084093 2.265417 -0.125855
v -0.071516 2.237830 -0.107031
v -0.056189 2.215191 -0.084093
v -0.038704 2.198368 -0.057924
v -0.019731 2.188009 -0.029530
v -0.069665 2.366555 -0.168187
v -0.068327 2.331040 -0.164955
v -0.064362 2.296890 -0.155384
v -0.057924 2.265417 -0.139842
v -0.049261 2.237830 -0.118926
v -0.038704 2.215191 -0.093440
v -0.026660 2.198368 -0.064362
v -0.013591 2.188009 -0.032812
v -0.035515 2.366555 -0.178546
v -0.034833 2.331040 -0.175115
v -0.032812 2.296890 -0.164955
v -0.029530 2.265417 -0.148456
v -0.025113 2.237830 -0.126251
v -0.019731 2.215191 -0.099195
v -0.013591 2.198368 -0.068327
v -0.006929 2.188009 -0.034833
v 0.000000 2.296890 -0.168187
v 0.000000 2.265417 -0.151364
v 0.000000 2.237830 -0.128725
v 0.000000 2.198368 -0.069665
v 0.000000 2.188009 -0.035515
v 0.029334 2.366555 -0.147472
v 0.000000 2.366555 -0.150361
v 0.057541 2.366555 -0.138916
v 0.083536 2.366555 -0.125021
v 0.106321 2.366555 -0.106321
v 0.125021 2.366555 -0.083536
v 0.138916 2.366555 -0.057541
v 0.147472 2.366555 -0.029334
v 0.150361 2.366555 0.000000
v 0.147472 2.366555 0.029334
v 0.138916 2.366555 0.057541
v 0.125021 2.366555 0.083536
v 0.106321 2.366555 0.106321
v 0.083536 2.366555 0.125021
v 0.057541 2.366555 0.138916
v 0.029334 2.366555 0.147472
v -0.000000 2.366555 0.150361
v -0.029334 2.366555 0.147472
v -0.057541 2.366555 0.138916
v -0.083536 2.366555 0.125021
v -0.106321 2.366555 0.106321
v -0.125021 2.366555 0.083536
v -0.138916 2.366555 0.057541
v -0.147472 2.366555 0.029334
v -0.150361 2.366555 0.000000
v -0.147472 2.366555 -0.029334
v -0.138916 2.366555 -0.057541
v -0.125021 2.366555 -0.083536
v -0.106321 2.366555 -0.106321
v -0.083536 2.366555 -0.125021
v -0.057541 2.366555 -0.138915
v -0.029334 2.366555 -0.147472
v 0.015573 2.232996 -0.078293
v 0.000000 2.232996 -0.079827
v 0.030548 2.232996 -0.073750
v 0.044349 2.232996 -0.066374
v 0.056446 2.232996 -0.056446
v 0.066374 2.232996 -0.044349
v 0.073750 2.232996 -0.030548
v 0.078293 2.232996 -0.015573
v 0.079827 2.232996 0.000000
v 0.078293 2.232996 0.015573
v 0.073750 2.232996 0.030548
v 0.066374 2.232996 0.044349
v 0.056446 2.232996 0.056446
v 0.044349 2.232996 0.066374
v 0.030548 2.232996 0.073750
v 0.015573 2.232996 0.078293
v 0.000000 2.232996 0.079827
v -0.015573 2.232996 0.078293
v -0.030548 2.232996 0.073750
v -0.044349 2.232996 0.066374
v -0.056446 2.232996 0.056446
v -0.066374 2.232996 0.044349
v -0.073750 2.232996 0.030548
v -0.078293 2.232996 0.015573
v -0.079827 2.232996 0.000000
v -0.078293 2.232996 -0.015573
v -0.073750 2.232996 -0.030548
v -0.066374 2.232996 -0.044349
v -0.056446 2.232996 -0.056446
v -0.044349 2.232996 -0.066374
v -0.030548 2.232996 -0.073750
v -0.015573 2.232996 -0.078293
v 0.000000 -0.819519 -0.113633
v 0.000000 2.232996 -0.113633
v 0.022169 -0.819519 -0.111450
v 0.022169 2.232996 -0.111450
v 0.043486 -0.819519 -0.104983
v 0.043486 2.232996 -0.104983
v 0.063131 -0.819519 -0.094483
v 0.063131 2.232996 -0.094483
v 0.080351 -0.819519 -0.080351
v 0.080351 2.232996 -0.080351
v 0.094483 -0.819519 -0.063131
v 0.094483 2.232996 -0.063131
v 0.104983 -0.819519 -0.043486
v 0.104983 2.232996 -0.043486
v 0.111450 -0.819519 -0.022169
v 0.111450 2.232996 -0.022169
v 0.113633 -0.819519 -0.000000
v 0.113633 2.232996 -0.000000
v 0.111450 -0.819519 0.022169
v 0.111450 2.232996 0.022169
v 0.104983 -0.819519 0.043486
v 0.104983 2.232996 0.043486
v 0.094483 -0.819519 0.063131
v 0.094483 2.232996 0.063131
v 0.080351 -0.819519 0.080351
v 0.080351 2.232996 0.080351
v 0.063131 -0.819519 0.094483
v 0.063131 2.232996 0.094483
v 0.043486 -0.819519 0.104983
v 0.043486 2.232996 0.104983
v 0.022169 -0.819519 0.111450
v 0.022169 2.232996 0.111450
v -0.000000 -0.819519 0.113633
v -0.000000 2.232996 0.113633
v -0.022169 -0.819519 0.111450
v -0.022169 2.232996 0.111450
v -0.043486 -0.819519 0.104983
v -0.043486 2.232996 0.104983
v -0.063131 -0.819519 0.094483
v -0.063131 2.232996 0.094483
v -0.080351 -0.819519 0.080351
v -0.080351 2.232996 0.080351
v -0.094483 -0.819519 0.063131
v -0.094483 2.232996 0.063131
v -0.104983 -0.819519 0.043485
v -0.104983 2.232996 0.043485
v -0.111450 -0.819519 0.022169
v -0.111450 2.232996 0.022169
v -0.113633 -0.819519 -0.000000
v -0.113633 2.232996 -0.000000
v -0.111450 -0.819519 -0.022169
v -0.111450 2.232996 -0.022169
v -0.104983 -0.819519 -0.043486
v -0.104983 2.232996 -0.043486
v -0.094482 -0.819519 -0.063131
v -0.094482 2.232996 -0.063131
v -0.080351 -0.819519 -0.080351
v -0.080351 2.232996 -0.080351
v -0.063131 -0.819519 -0.094483
v -0.063131 2.232996 -0.094483
v -0.043485 -0.819519 -0.104983
v -0.043485 2.232996 -0.104983
v -0.022169 -0.819519 -0.111450
v -0.022169 2.232996 -0.111450
vn 0.0759 -0.6326 -0.7708
vn 0.0759 0.6326 -0.7708
vn 0.0624 -0.7715 -0.6332
vn 0.0865 0.4696 -0.8786
vn 0.0464 -0.8810 -0.4709
vn 0.0938 0.2890 -0.9527
vn 0.0286 -0.9565 -0.2902
vn 0.0975 0.0975 -0.9904
vn 0.0097 0.9951 -0.0980
vn 0.0097 -0.9951 -0.0980
vn 0.0976 -0.0976 -0.9904
vn 0.0286 0.9566 -0.2902
vn 0.0938 -0.2890 -0.9527
vn 0.0464 0.8810 -0.4709
vn 0.0865 -0.4696 -0.8786
vn 0.0624 0.7715 -0.6332
vn 0.2563 -0.4696 -0.8448
vn 0.1847 0.7715 -0.6088
vn 0.2248 -0.6326 -0.7412
vn 0.2248 0.6326 -0.7412
vn 0.1847 -0.7715 -0.6088
vn 0.2563 0.4696 -0.8448
vn 0.1374 -0.8810 -0.4528
vn 0.2779 0.2890 -0.9161
vn 0.0846 -0.9565 -0.2790
vn 0.2889 0.0975 -0.9524
vn 0.0286 0.9951 -0.0943
vn 0.0286 -0.9951 -0.0942
vn 0.2889 -0.0976 -0.9524
vn 0.0846 0.9566 -0.2790
vn 0.2779 -0.2890 -0.9161
vn 0.1374 0.8810 -0.4528
vn 0.1374 -0.9565 -0.2572
vn 0.4691 0.0975 -0.8777
vn 0.0464 0.9951 -0.0868
vn 0.0464 -0.9951 -0.0869
vn 0.4692 -0.0976 -0.8777
vn 0.1374 0.9566 -0.2571
vn 0.4513 -0.2890 -0.8443
vn 0.2230 0.8810 -0.4173
vn 0.4162 -0.4696 -0.7786
vn 0.2999 0.7715 -0.5611
vn 0.3651 -0.6326 -0.6831
vn 0.3651 0.6326 -0.6831
vn 0.2999 -0.7715 -0.5611
vn 0.4162 0.4696 -0.7786
vn 0.2231 -0.8810 -0.4173
vn 0.4513 0.2890 -0.8443
vn 0.4036 0.7715 -0.4918
vn 0.4913 -0.6326 -0.5987
vn 0.4913 0.6326 -0.5987
vn 0.4036 -0.7715 -0.4918
vn 0.5601 0.4696 -0.6825
vn 0.3002 -0.8810 -0.3657
vn 0.6073 0.2890 -0.7400
vn 0.1850 -0.9565 -0.2254
vn 0.6314 0.0975 -0.7693
vn 0.0625 0.9951 -0.0762
vn 0.0625 -0.9951 -0.0761
vn 0.6314 -0.0976 -0.7693
vn 0.1850 0.9565 -0.2254
vn 0.6073 -0.2890 -0.7400
vn 0.3002 0.8810 -0.3658
vn 0.5601 -0.4696 -0.6825
vn 0.7693 0.0975 -0.6314
vn 0.0761 0.9951 -0.0625
vn 0.0761 -0.9951 -0.0625
vn 0.7693 -0.0976 -0.6314
vn 0.2254 0.9566 -0.1850
vn 0.7400 -0.2890 -0.6073
vn 0.3658 0.8810 -0.3002
vn 0.6825 -0.4696 -0.5601
vn 0.4918 0.7715 -0.4036
vn 0.5987 -0.6326 -0.4913
vn 0.5987 0.6326 -0.4913
vn 0.4918 -0.7715 -0.4036
vn 0.6825 0.4696 -0.5601
vn 0.3658 -0.8810 -0.3001
vn 0.7400 0.2890 -0.6073
vn 0.2254 -0.9565 -0.1850
vn 0.6831 -0.6326 -0.3651
vn 0.6831 0.6326 -0.3651
vn 0.5611 -0.7715 -0.2999
vn 0.7786 0.4696 -0.4162
vn 0.4173 -0.8810 -0.2230
vn 0.8443 0.2890 -0.4513
vn 0.2571 -0.9565 -0.1375
vn 0.8777 0.0976 -0.4692
vn 0.0869 0.9951 -0.0464
vn 0.0869 -0.9951 -0.0464
vn 0.8777 -0.0976 -0.4691
vn 0.2571 0.9565 -0.1374
vn 0.8443 -0.2890 -0.4513
vn 0.4173 0.8810 -0.2231
vn 0.7786 -0.4696 -0.4162
vn 0.5611 0.7715 -0.2999
vn 0.0942 0.9951 -0.0286
vn 0.0942 -0.9951 -0.0286
vn 0.9524 -0.0976 -0.2889
vn 0.2790 0.9566 -0.0846
vn 0.9161 -0.2890 -0.2779
vn 0.4528 0.8810 -0.1374
vn 0.8448 -0.4696 -0.2563
vn 0.6088 0.7715 -0.1847
vn 0.7412 -0.6326 -0.2248
vn 0.7412 0.6326 -0.2248
vn 0.6088 -0.7715 -0.1847
vn 0.8448 0.4696 -0.2563
vn 0.4528 -0.8810 -0.1373
vn 0.9161 0.2890 -0.2779
vn 0.2790 -0.9565 -0.0846
vn 0.9524 0.0976 -0.2889
vn 0.7708 0.6326 -0.0759
vn 0.6332 -0.7715 -0.0624
vn 0.8786 0.4696 -0.0865
vn 0.4709 -0.8810 -0.0464
vn 0.9527 0.2890 -0.0938
vn 0.2902 -0.9565 -0.0286
vn 0.9904 0.0976 -0.0975
vn 0.0980 0.9951 -0.0097
vn 0.0980 -0.9951 -0.0097
vn 0.9904 -0.0976 -0.0975
vn 0.2902 0.9566 -0.0286
vn 0.9527 -0.2890 -0.0938
vn 0.4709 0.8810 -0.0464
vn 0.8786 -0.4696 -0.0865
vn 0.6332 0.7715 -0.0624
vn 0.7708 -0.6326 -0.0759
vn 0.9904 -0.0976 0.0975
vn 0.2902 0.9565 0.0286
vn 0.9527 -0.2890 0.0938
vn 0.4709 0.8810 0.0464
vn 0.8786 -0.4696 0.0865
vn 0.6332 0.7715 0.0624
vn 0.7708 -0.6326 0.0759
vn 0.7708 0.6326 0.0759
vn 0.6332 -0.7715 0.0624
vn 0.8786 0.4696 0.0865
vn 0.4709 -0.8810 0.0464
vn 0.9527 0.2890 0.0938
vn 0.2902 -0.9565 0.0286
vn 0.9904 0.0976 0.0976
vn 0.0980 0.9951 0.0096
vn 0.0980 -0.9951 0.0097
vn 0.6088 -0.7715 0.1847
vn 0.8448 0.4696 0.2563
vn 0.4528 -0.8810 0.1373
vn 0.9161 0.2890 0.2779
vn 0.2790 -0.9565 0.0847
vn 0.9524 0.0976 0.2889
vn 0.0942 0.9951 0.0287
vn 0.0942 -0.9951 0.0286
vn 0.9524 -0.0976 0.2889
vn 0.2790 0.9566 0.0846
vn 0.9161 -0.2890 0.2779
vn 0.4528 0.8810 0.1374
vn 0.8448 -0.4696 0.2563
vn 0.6088 0.7715 0.1847
vn 0.7412 -0.6326 0.2248
vn 0.7412 0.6326 0.2248
vn 0.8443 -0.2890 0.4513
vn 0.4173 0.8810 0.2231
vn 0.7786 -0.4696 0.4162
vn 0.5611 0.7715 0.2999
vn 0.6831 -0.6326 0.3651
vn 0.6831 0.6326 0.3651
vn 0.5611 -0.7715 0.2999
vn 0.7786 0.4696 0.4162
vn 0.4173 -0.8810 0.2231
vn 0.8443 0.2890 0.4513
vn 0.2571 -0.9565 0.1374
vn 0.8777 0.0976 0.4692
vn 0.0869 0.9951 0.0464
vn 0.0869 -0.9951 0.0464
vn 0.8777 -0.0976 0.4691
vn 0.2571 0.9565 0.1374
vn 0.3658 -0.8810 0.3002
vn 0.7400 0.2890 0.6073
vn 0.2254 -0.9566 0.1850
vn 0.7693 0.0975 0.6314
vn 0.0761 0.9951 0.0625
vn 0.0761 -0.9951 0.0624
vn 0.7693 -0.0976 0.6314
vn 0.2254 0.9566 0.1850
vn 0.7400 -0.2890 0.6073
vn 0.3658 0.8810 0.3002
vn 0.6825 -0.4696 0.5601
vn 0.4918 0.7715 0.4036
vn 0.5987 -0.6326 0.4913
vn 0.5987 0.6326 0.4913
vn 0.4918 -0.7715 0.4036
vn 0.6825 0.4696 0.5601
vn 0.3002 0.8810 0.3658
vn 0.5601 -0.4696 0.6825
vn 0.4036 0.7715 0.4918
vn 0.4913 -0.6326 0.5987
vn 0.4913 0.6326 0.5987
vn 0.4036 -0.7715 0.4918
vn 0.5601 0.4696 0.6825
vn 0.3002 -0.8810 0.3658
vn 0.6073 0.2890 0.7400
vn 0.1850 -0.9566 0.2254
vn 0.6314 0.0975 0.7693
vn 0.0625 0.9951 0.0761
vn 0.0625 -0.9951 0.0761
vn 0.6314 -0.0976 0.7693
vn 0.1850 0.9565 0.2254
vn 0.6073 -0.2890 0.7400
vn 0.4513 0.2890 0.8443
vn 0.1374 -0.9565 0.2572
vn 0.4691 0.0976 0.8777
vn 0.0464 0.9951 0.0869
vn 0.0464 -0.9951 0.0869
vn 0.4692 -0.0976 0.8777
vn 0.1374 0.9565 0.2572
vn 0.4513 -0.2890 0.8443
vn 0.2230 0.8810 0.4173
vn 0.4162 -0.4696 0.7786
vn 0.2999 0.7715 0.5611
vn 0.3651 -0.6326 0.6830
vn 0.3651 0.6326 0.6831
vn 0.2999 -0.7715 0.5611
vn 0.4162 0.4696 0.7786
vn 0.2231 -0.8810 0.4173
vn 0.2563 -0.4696 0.8448
vn 0.1847 0.7715 0.6088
vn 0.2248 -0.6326 0.7412
vn 0.2248 0.6326 0.7412
vn 0.1847 -0.7715 0.6088
vn 0.2563 0.4696 0.8448
vn 0.1374 -0.8810 0.4528
vn 0.2779 0.2890 0.9161
vn 0.0846 -0.9565 0.2790
vn 0.2889 0.0976 0.9524
vn 0.0286 0.9951 0.0943
vn 0.0286 -0.9951 0.0942
vn 0.2889 -0.0976 0.9524
vn 0.0846 0.9566 0.2790
vn 0.2779 -0.2890 0.9161
vn 0.1374 0.8810 0.4528
vn 0.0286 -0.9565 0.2902
vn 0.0975 0.0975 0.9904
vn 0.0097 0.9951 0.0980
vn 0.0097 -0.9951 0.0980
vn 0.0976 -0.0976 0.9904
vn 0.0286 0.9566 0.2902
vn 0.0938 -0.2890 0.9527
vn 0.0464 0.8810 0.4709
vn 0.0865 -0.4696 0.8786
vn 0.0624 0.7715 0.6332
vn 0.0759 -0.6326 0.7708
vn 0.0759 0.6326 0.7708
vn 0.0624 -0.7715 0.6331
vn 0.0865 0.4696 0.8786
vn 0.0464 -0.8810 0.4709
vn 0.0938 0.2890 0.9527
vn -0.0624 0.7715 0.6332
vn -0.0759 -0.6326 0.7708
vn -0.0759 0.6326 0.7708
vn -0.0624 -0.7715 0.6331
vn -0.0865 0.4696 0.8786
vn -0.0464 -0.8810 0.4709
vn -0.0938 0.2890 0.9527
vn -0.0286 -0.9565 0.2902
vn -0.0975 0.0975 0.9904
vn -0.0097 0.9951 0.0980
vn -0.0097 -0.9951 0.0980
vn -0.0976 -0.0976 0.9904
vn -0.0286 0.9565 0.2902
vn -0.0938 -0.2890 0.9527
vn -0.0464 0.8810 0.4709
vn -0.0865 -0.4696 0.8786
vn -0.2889 0.0975 0.9524
vn -0.0286 0.9951 0.0942
vn -0.0286 -0.9951 0.0942
vn -0.2889 -0.0976 0.9524
vn -0.0846 0.9566 0.2790
vn -0.2779 -0.2890 0.9161
vn -0.1374 0.8810 0.4528
vn -0.2563 -0.4696 0.8448
vn -0.1847 0.7715 0.6088
vn -0.2248 -0.6326 0.7412
vn -0.2248 0.6326 0.7412
vn -0.1847 -0.7715 0.6088
vn -0.2563 0.4696 0.8449
vn -0.1374 -0.8810 0.4528
vn -0.2779 0.2890 0.9161
vn -0.0846 -0.9565 0.2790
vn -0.3651 -0.6326 0.6831
vn -0.3651 0.6326 0.6831
vn -0.2999 -0.7715 0.5611
vn -0.4162 0.4696 0.7786
vn -0.2231 -0.8810 0.4173
vn -0.4513 0.2890 0.8443
vn -0.1374 -0.9565 0.2572
vn -0.4691 0.0976 0.8777
vn -0.0464 0.9951 0.0869
vn -0.0464 -0.9951 0.0869
vn -0.4692 -0.0976 0.8777
vn -0.1374 0.9565 0.2572
vn -0.4513 -0.2890 0.8443
vn -0.2231 0.8810 0.4173
vn -0.4162 -0.4696 0.7786
vn -0.2999 0.7715 0.5611
vn -0.0625 -0.9951 0.0761
vn -0.6314 -0.0976 0.7693
vn -0.1850 0.9565 0.2254
vn -0.6073 -0.2890 0.7400
vn -0.3002 0.8810 0.3658
vn -0.5601 -0.4696 0.6825
vn -0.4036 0.7715 0.4918
vn -0.4913 -0.6326 0.5987
vn -0.4913 0.6326 0.5987
vn -0.4036 -0.7715 0.4918
vn -0.5601 0.4696 0.6825
vn -0.3002 -0.8810 0.3658
vn -0.6073 0.2890 0.7400
vn -0.1850 -0.9565 0.2254
vn -0.6314 0.0976 0.7693
vn -0.0625 0.9951 0.0762
vn -0.4918 -0.7715 0.4036
vn -0.6825 0.4696 0.5601
vn -0.3658 -0.8810 0.3002
vn -0.7400 0.2890 0.6073
vn -0.2254 -0.9565 0.1850
vn -0.7693 0.0975 0.6314
vn -0.0761 0.9951 0.0625
vn -0.0761 -0.9951 0.0625
vn -0.7693 -0.0976 0.6314
vn -0.2254 0.9565 0.1850
vn -0.7400 -0.2890 0.6073
vn -0.3658 0.8810 0.3002
vn -0.6825 -0.4696 0.5601
vn -0.4918 0.7715 0.4036
vn -0.5987 -0.6326 0.4913
vn -0.5987 0.6326 0.4913
vn -0.2571 0.9566 0.1374
vn -0.8443 -0.2890 0.4513
vn -0.4173 0.8810 0.2231
vn -0.7786 -0.4696 0.4162
vn -0.5611 0.7715 0.2999
vn -0.6831 -0.6326 0.3651
vn -0.6831 0.6326 0.3651
vn -0.5611 -0.7715 0.2999
vn -0.7786 0.4696 0.4162
vn -0.4173 -0.8810 0.2230
vn -0.8443 0.2890 0.4513
vn -0.2571 -0.9565 0.1375
vn -0.8777 0.0976 0.4692
vn -0.0869 0.9951 0.0464
vn -0.0869 -0.9951 0.0464
vn -0.8777 -0.0976 0.4691
vn -0.8448 0.4696 0.2563
vn -0.4528 -0.8810 0.1374
vn -0.9161 0.2890 0.2779
vn -0.2790 -0.9565 0.0847
vn -0.9524 0.0976 0.2889
vn -0.0942 0.9951 0.0286
vn -0.0942 -0.9951 0.0286
vn -0.9524 -0.0976 0.2889
vn -0.2790 0.9565 0.0846
vn -0.9161 -0.2890 0.2779
vn -0.4528 0.8810 0.1374
vn -0.8448 -0.4696 0.2563
vn -0.6088 0.7715 0.1847
vn -0.7412 -0.6326 0.2248
vn -0.7412 0.6326 0.2248
vn -0.6088 -0.7715 0.1847
vn -0.9527 -0.2890 0.0938
vn -0.4709 0.8810 0.0464
vn -0.8786 -0.4696 0.0865
vn -0.6332 0.7715 0.0624
vn -0.7708 -0.6326 0.0759
vn -0.7708 0.6326 0.0759
vn -0.6332 -0.7715 0.0624
vn -0.8786 0.4696 0.0865
vn -0.4709 -0.8810 0.0464
vn -0.9527 0.2890 0.0938
vn -0.2902 -0.9566 0.0285
vn -0.9904 0.0976 0.0975
vn -0.0980 0.9951 0.0096
vn -0.0980 -0.9951 0.0096
vn -0.9904 -0.0976 0.0975
vn -0.2902 0.9565 0.0286
vn -0.4709 -0.8810 -0.0464
vn -0.9527 0.2890 -0.0938
vn -0.2902 -0.9565 -0.0286
vn -0.9904 0.0976 -0.0976
vn -0.0980 0.9951 -0.0097
vn -0.0980 -0.9951 -0.0096
vn -0.9904 -0.0976 -0.0975
vn -0.2902 0.9565 -0.0286
vn -0.9527 -0.2890 -0.0938
vn -0.4709 0.8810 -0.0464
vn -0.8786 -0.4696 -0.0865
vn -0.6332 0.7715 -0.0624
vn -0.7708 -0.6326 -0.0759
vn -0.7708 0.6326 -0.0759
vn -0.6332 -0.7715 -0.0624
vn -0.8786 0.4696 -0.0865
vn -0.4528 0.8810 -0.1374
vn -0.8448 -0.4696 -0.2563
vn -0.6088 0.7715 -0.1847
vn -0.7412 -0.6326 -0.2248
vn -0.7412 0.6326 -0.2248
vn -0.6088 -0.7715 -0.1847
vn -0.8448 0.4696 -0.2563
vn -0.4528 -0.8810 -0.1374
vn -0.9161 0.2890 -0.2779
vn -0.2790 -0.9565 -0.0847
vn -0.9524 0.0975 -0.2889
vn -0.0942 0.9951 -0.0286
vn -0.0942 -0.9951 -0.0286
vn -0.9524 -0.0976 -0.2889
vn -0.2790 0.9566 -0.0846
vn -0.9161 -0.2890 -0.2779
vn -0.8443 0.2890 -0.4513
vn -0.2571 -0.9565 -0.1375
vn -0.8777 0.0976 -0.4692
vn -0.0869 0.9951 -0.0464
vn -0.0869 -0.9951 -0.0464
vn -0.8777 -0.0976 -0.4691
vn -0.2571 0.9565 -0.1374
vn -0.8443 -0.2890 -0.4513
vn -0.4173 0.8810 -0.2231
vn -0.7786 -0.4696 -0.4162
vn -0.5611 0.7715 -0.2999
vn -0.6831 -0.6326 -0.3651
vn -0.6831 0.6326 -0.3651
vn -0.5611 -0.7715 -0.2999
vn -0.7786 0.4696 -0.4162
vn -0.4173 -0.8810 -0.2231
vn -0.6825 -0.4696 -0.5601
vn -0.4918 0.7715 -0.4036
vn -0.5987 -0.6326 -0.4913
vn -0.5987 0.6326 -0.4914
vn -0.4918 -0.7715 -0.4036
vn -0.6825 0.4696 -0.5601
vn -0.3658 -0.8810 -0.3002
vn -0.7400 0.2890 -0.6073
vn -0.2254 -0.9565 -0.1850
vn -0.7693 0.0976 -0.6314
vn -0.0761 0.9951 -0.0625
vn -0.0761 -0.9951 -0.0625
vn -0.7693 -0.0976 -0.6314
vn -0.2254 0.9566 -0.1850
vn -0.7400 -0.2890 -0.6073
vn -0.3658 0.8810 -0.3002
vn -0.1850 -0.9565 -0.2254
vn -0.6314 0.0976 -0.7693
vn -0.0625 0.9951 -0.0761
vn -0.0625 -0.9951 -0.0761
vn -0.6314 -0.0976 -0.7693
vn -0.1850 0.9566 -0.2254
vn -0.6073 -0.2890 -0.7400
vn -0.3002 0.8810 -0.3658
vn -0.5601 -0.4696 -0.6825
vn -0.4036 0.7715 -0.4918
vn -0.4913 -0.6326 -0.5987
vn -0.4913 0.6326 -0.5987
vn -0.4036 -0.7715 -0.4918
vn -0.5601 0.4696 -0.6825
vn -0.3002 -0.8810 -0.3658
vn -0.6073 0.2890 -0.7400
vn -0.3651 -0.6326 -0.6831
vn -0.3651 0.6326 -0.6831
vn -0.2999 -0.7715 -0.5611
vn -0.4162 0.4696 -0.7786
vn -0.2231 -0.8810 -0.4173
vn -0.4513 0.2890 -0.8443
vn -0.1374 -0.9565 -0.2571
vn -0.4691 0.0975 -0.8777
vn -0.0464 0.9951 -0.0868
vn -0.0464 -0.9951 -0.0869
vn -0.4692 -0.0976 -0.8777
vn -0.1374 0.9565 -0.2571
vn -0.4513 -0.2890 -0.8443
vn -0.2230 0.8810 -0.4173
vn -0.4162 -0.4696 -0.7786
vn -0.2999 0.7715 -0.5611
vn -0.0286 0.9951 -0.0942
vn -0.0286 -0.9951 -0.0942
vn -0.2889 -0.0976 -0.9524
vn -0.0846 0.9566 -0.2790
vn -0.2779 -0.2890 -0.9161
vn -0.1374 0.8810 -0.4528
vn -0.2563 -0.4696 -0.8448
vn -0.1847 0.7715 -0.6088
vn -0.2248 -0.6326 -0.7412
vn -0.2248 0.6326 -0.7412
vn -0.1847 -0.7715 -0.6088
vn -0.2563 0.4696 -0.8448
vn -0.1374 -0.8810 -0.4528
vn -0.2779 0.2890 -0.9161
vn -0.0846 -0.9565 -0.2790
vn -0.2889 0.0975 -0.9524
vn -0.0759 0.6326 -0.7708
vn -0.0624 -0.7715 -0.6331
vn -0.0865 0.4696 -0.8786
vn -0.0464 -0.8810 -0.4709
vn -0.0938 0.2890 -0.9527
vn -0.0286 -0.9565 -0.2902
vn -0.0976 0.0975 -0.9904
vn -0.0097 0.9951 -0.0980
vn -0.0097 -0.9951 -0.0980
vn -0.0976 -0.0976 -0.9904
vn -0.0286 0.9566 -0.2902
vn -0.0938 -0.2890 -0.9527
vn -0.0464 0.8810 -0.4709
vn -0.0865 -0.4696 -0.8786
vn -0.0624 0.7715 -0.6332
vn -0.0759 -0.6326 -0.7708
vn 0.5581 0.1954 0.8064
vn 0.5842 0.1954 0.7877
vn 0.4731 0.5557 0.6836
vn 0.4952 0.5557 0.6678
vn 0.3175 0.8299 0.4587
vn 0.3323 0.8299 0.4481
vn -0.3175 0.8299 -0.4587
vn -0.3323 0.8299 -0.4481
vn -0.4731 0.5557 -0.6836
vn -0.4952 0.5557 -0.6678
vn -0.5581 0.1954 -0.8064
vn -0.5842 0.1954 -0.7877
vn -0.5581 -0.1954 -0.8064
vn -0.5842 -0.1954 -0.7877
vn -0.4731 -0.5557 -0.6836
vn -0.4952 -0.5557 -0.6678
vn -0.3175 -0.8299 -0.4587
vn -0.3323 -0.8299 -0.4481
vn -0.1118 -0.9805 -0.1616
vn -0.0381 -0.9978 -0.0551
vn -0.1170 -0.9805 -0.1578
vn -0.0399 -0.9978 -0.0538
vn 0.1118 -0.9805 0.1616
vn 0.1170 -0.9805 0.1578
vn 0.0381 -0.9978 0.0551
vn 0.0399 -0.9978 0.0538
vn 0.3175 -0.8299 0.4587
vn 0.3323 -0.8299 0.4481
vn 0.4731 -0.5557 0.6836
vn 0.4952 -0.5557 0.6678
vn 0.5581 -0.1954 0.8064
vn 0.5842 -0.1954 0.7877
vn 0.6345 0.1954 0.7478
vn 0.6097 0.1954 0.7682
vn 0.6586 0.1954 0.7267
vn 0.6820 0.1954 0.7047
vn 0.5379 0.5557 0.6340
vn 0.5169 0.5557 0.6512
vn 0.5583 0.5557 0.6160
vn 0.5782 0.5557 0.5974
vn 0.3746 0.8299 0.4133
vn 0.3879 0.8299 0.4009
vn 0.3609 0.8299 0.4254
vn 0.3468 0.8299 0.4369
vn -0.3609 0.8299 -0.4254
vn -0.3468 0.8299 -0.4369
vn -0.3746 0.8299 -0.4133
vn -0.3879 0.8299 -0.4009
vn -0.5583 0.5557 -0.6160
vn -0.5782 0.5557 -0.5974
vn -0.5379 0.5557 -0.6340
vn -0.5169 0.5557 -0.6512
vn -0.6586 0.1954 -0.7267
vn -0.6820 0.1954 -0.7047
vn -0.6345 0.1954 -0.7478
vn -0.6097 0.1954 -0.7682
vn -0.6345 -0.1954 -0.7478
vn -0.6097 -0.1954 -0.7682
vn -0.6586 -0.1954 -0.7267
vn -0.6820 -0.1954 -0.7047
vn -0.5379 -0.5557 -0.6340
vn -0.5169 -0.5557 -0.6512
vn -0.5583 -0.5557 -0.6160
vn -0.5782 -0.5557 -0.5974
vn -0.3746 -0.8299 -0.4133
vn -0.3879 -0.8299 -0.4009
vn -0.3609 -0.8299 -0.4254
vn -0.3468 -0.8299 -0.4369
vn -0.1319 -0.9805 -0.1456
vn -0.0450 -0.9978 -0.0497
vn -0.1366 -0.9805 -0.1412
vn -0.0466 -0.9978 -0.0482
vn -0.1271 -0.9805 -0.1498
vn -0.1221 -0.9805 -0.1539
vn -0.0434 -0.9978 -0.0511
vn -0.0417 -0.9978 -0.0525
vn 0.1271 -0.9805 0.1498
vn 0.0434 -0.9978 0.0511
vn 0.1221 -0.9805 0.1539
vn 0.0417 -0.9978 0.0525
vn 0.1319 -0.9805 0.1456
vn 0.1366 -0.9805 0.1412
vn 0.0450 -0.9978 0.0497
vn 0.0466 -0.9978 0.0482
vn 0.3609 -0.8299 0.4254
vn 0.3468 -0.8299 0.4369
vn 0.3746 -0.8299 0.4133
vn 0.3879 -0.8299 0.4009
vn 0.5583 -0.5557 0.6160
vn 0.5782 -0.5557 0.5974
vn 0.5379 -0.5557 0.6340
vn 0.5169 -0.5557 0.6512
vn 0.6586 -0.1954 0.7267
vn 0.6820 -0.1954 0.7047
vn 0.6345 -0.1954 0.7478
vn 0.6097 -0.1954 0.7682
vn 0.7267 0.1954 0.6586
vn 0.7047 0.1954 0.6820
vn 0.7478 0.1954 0.6345
vn 0.7682 0.1954 0.6097
vn 0.6160 0.5557 0.5583
vn 0.5974 0.5557 0.5782
vn 0.6340 0.5557 0.5379
vn 0.6512 0.5557 0.5169
vn 0.4254 0.8299 0.3609
vn 0.4369 0.8299 0.3468
vn 0.4133 0.8299 0.3746
vn 0.4009 0.8299 0.3879
vn -0.4133 0.8299 -0.3746
vn -0.4009 0.8299 -0.3879
vn -0.4254 0.8299 -0.3609
vn -0.4369 0.8299 -0.3468
vn -0.6340 0.5557 -0.5379
vn -0.6512 0.5557 -0.5169
vn -0.6160 0.5557 -0.5583
vn -0.5974 0.5557 -0.5782
vn -0.7478 0.1954 -0.6345
vn -0.7682 0.1954 -0.6097
vn -0.7267 0.1954 -0.6586
vn -0.7047 0.1954 -0.6820
vn -0.7267 -0.1954 -0.6586
vn -0.7047 -0.1954 -0.6820
vn -0.7478 -0.1954 -0.6345
vn -0.7682 -0.1954 -0.6097
vn -0.6160 -0.5557 -0.5583
vn -0.5974 -0.5557 -0.5782
vn -0.6340 -0.5557 -0.5379
vn -0.6512 -0.5557 -0.5169
vn -0.4254 -0.8299 -0.3609
vn -0.4369 -0.8299 -0.3468
vn -0.4133 -0.8299 -0.3746
vn -0.4009 -0.8299 -0.3879
vn -0.1498 -0.9805 -0.1271
vn -0.0511 -0.9978 -0.0434
vn -0.1539 -0.9805 -0.1221
vn -0.0525 -0.9978 -0.0417
vn -0.1456 -0.9805 -0.1319
vn -0.1412 -0.9805 -0.1366
vn -0.0497 -0.9978 -0.0450
vn -0.0482 -0.9978 -0.0466
vn 0.1456 -0.9805 0.1319
vn 0.0497 -0.9978 0.0450
vn 0.1412 -0.9805 0.1366
vn 0.0482 -0.9978 0.0466
vn 0.1498 -0.9805 0.1271
vn 0.1539 -0.9805 0.1221
vn 0.0511 -0.9978 0.0434
vn 0.0525 -0.9978 0.0417
vn 0.4133 -0.8299 0.3746
vn 0.4009 -0.8299 0.3879
vn 0.4254 -0.8299 0.3609
vn 0.4369 -0.8299 0.3468
vn 0.6340 -0.5557 0.5379
vn 0.6512 -0.5557 0.5169
vn 0.6160 -0.5557 0.5583
vn 0.5974 -0.5557 0.5782
vn 0.7478 -0.1954 0.6345
vn 0.7682 -0.1954 0.6097
vn 0.7267 -0.1954 0.6586
vn 0.7047 -0.1954 0.6820
vn 0.8064 0.1954 0.5581
vn 0.7877 0.1954 0.5842
vn 0.8242 0.1954 0.5315
vn 0.8412 0.1954 0.5042
vn 0.6836 0.5557 0.4731
vn 0.6678 0.5557 0.4952
vn 0.6987 0.5557 0.4505
vn 0.7131 0.5557 0.4274
vn 0.4688 0.8299 0.3023
vn 0.4785 0.8299 0.2868
vn 0.4587 0.8299 0.3175
vn 0.4481 0.8299 0.3323
vn -0.4587 0.8299 -0.3175
vn -0.4481 0.8299 -0.3323
vn -0.4688 0.8299 -0.3023
vn -0.4785 0.8299 -0.2868
vn -0.6987 0.5557 -0.4505
vn -0.7131 0.5557 -0.4274
vn -0.6836 0.5557 -0.4731
vn -0.6678 0.5557 -0.4952
vn -0.8242 0.1954 -0.5315
vn -0.8412 0.1954 -0.5042
vn -0.8064 0.1954 -0.5581
vn -0.7877 0.1954 -0.5842
vn -0.8064 -0.1954 -0.5581
vn -0.7877 -0.1954 -0.5842
vn -0.8242 -0.1954 -0.5315
vn -0.8412 -0.1954 -0.5042
vn -0.6836 -0.5557 -0.4731
vn -0.6678 -0.5557 -0.4952
vn -0.6987 -0.5557 -0.4505
vn -0.7131 -0.5557 -0.4274
vn -0.4688 -0.8299 -0.3023
vn -0.4785 -0.8299 -0.2868
vn -0.4587 -0.8299 -0.3175
vn -0.4481 -0.8299 -0.3323
vn -0.1651 -0.9805 -0.1065
vn -0.0563 -0.9978 -0.0363
vn -0.1685 -0.9805 -0.1010
vn -0.0575 -0.9978 -0.0345
vn -0.1616 -0.9805 -0.1118
vn -0.1578 -0.9805 -0.1170
vn -0.0551 -0.9978 -0.0381
vn -0.0538 -0.9978 -0.0399
vn 0.1616 -0.9805 0.1118
vn 0.0551 -0.9978 0.0381
vn 0.1578 -0.9805 0.1170
vn 0.0538 -0.9978 0.0399
vn 0.1651 -0.9805 0.1065
vn 0.1685 -0.9805 0.1010
vn 0.0563 -0.9978 0.0363
vn 0.0575 -0.9978 0.0345
vn 0.4587 -0.8299 0.3175
vn 0.4481 -0.8299 0.3323
vn 0.4688 -0.8299 0.3023
vn 0.4785 -0.8299 0.2868
vn 0.6987 -0.5557 0.4505
vn 0.7131 -0.5557 0.4274
vn 0.6836 -0.5557 0.4731
vn 0.6678 -0.5557 0.4952
vn 0.8242 -0.1954 0.5315
vn 0.8412 -0.1954 0.5042
vn 0.8064 -0.1954 0.5581
vn 0.7877 -0.1954 0.5842
vn 0.8724 0.1954 0.4481
vn 0.8572 0.1954 0.4764
vn 0.8866 0.1954 0.4193
vn 0.8998 0.1954 0.3901
vn 0.7395 0.5557 0.3799
vn 0.7267 0.5557 0.4038
vn 0.7516 0.5557 0.3555
vn 0.7628 0.5557 0.3307
vn 0.5043 0.8299 0.2385
vn 0.5118 0.8299 0.2219
vn 0.4962 0.8299 0.2549
vn 0.4876 0.8299 0.2710
vn -0.4962 0.8299 -0.2549
vn -0.4876 0.8299 -0.2710
vn -0.5043 0.8299 -0.2385
vn -0.5118 0.8299 -0.2219
vn -0.7516 0.5557 -0.3555
vn -0.7628 0.5557 -0.3307
vn -0.7395 0.5557 -0.3799
vn -0.7267 0.5557 -0.4038
vn -0.8866 0.1954 -0.4193
vn -0.8998 0.1954 -0.3901
vn -0.8724 0.1954 -0.4481
vn -0.8572 0.1954 -0.4764
vn -0.8724 -0.1954 -0.4481
vn -0.8572 -0.1954 -0.4764
vn -0.8866 -0.1954 -0.4193
vn -0.8998 -0.1954 -0.3901
vn -0.7395 -0.5557 -0.3799
vn -0.7267 -0.5557 -0.4038
vn -0.7516 -0.5557 -0.3555
vn -0.7628 -0.5557 -0.3307
vn -0.5043 -0.8299 -0.2385
vn -0.5118 -0.8299 -0.2219
vn -0.4962 -0.8299 -0.2549
vn -0.4876 -0.8299 -0.2710
vn -0.1776 -0.9805 -0.0840
vn -0.0606 -0.9978 -0.0287
vn -0.1803 -0.9805 -0.0782
vn -0.0615 -0.9978 -0.0267
vn -0.1748 -0.9805 -0.0898
vn -0.1717 -0.9805 -0.0954
vn -0.0596 -0.9978 -0.0306
vn -0.0586 -0.9978 -0.0326
vn 0.1748 -0.9805 0.0898
vn 0.0596 -0.9978 0.0306
vn 0.1717 -0.9805 0.0954
vn 0.0586 -0.9978 0.0326
vn 0.1776 -0.9805 0.0840
vn 0.1803 -0.9805 0.0782
vn 0.0606 -0.9978 0.0287
vn 0.0615 -0.9978 0.0267
vn 0.4962 -0.8299 0.2549
vn 0.4876 -0.8299 0.2710
vn 0.5043 -0.8299 0.2385
vn 0.5118 -0.8299 0.2219
vn 0.7516 -0.5557 0.3555
vn 0.7628 -0.5557 0.3307
vn 0.7395 -0.5557 0.3799
vn 0.7267 -0.5557 0.4038
vn 0.8866 -0.1954 0.4193
vn 0.8998 -0.1954 0.3901
vn 0.8724 -0.1954 0.4481
vn 0.8572 -0.1954 0.4764
vn 0.9234 0.1954 0.3304
vn 0.9121 0.1954 0.3604
vn 0.9337 0.1954 0.3000
vn 0.9430 0.1954 0.2693
vn 0.7828 0.5557 0.2801
vn 0.7732 0.5557 0.3055
vn 0.7915 0.5557 0.2543
vn 0.7994 0.5557 0.2283
vn 0.5311 0.8299 0.1707
vn 0.5364 0.8299 0.1532
vn 0.5252 0.8299 0.1879
vn 0.5188 0.8299 0.2050
vn -0.5252 0.8299 -0.1879
vn -0.5188 0.8299 -0.2050
vn -0.5311 0.8299 -0.1707
vn -0.5364 0.8299 -0.1532
vn -0.7915 0.5557 -0.2543
vn -0.7994 0.5557 -0.2283
vn -0.7828 0.5557 -0.2801
vn -0.7732 0.5557 -0.3055
vn -0.9337 0.1954 -0.3000
vn -0.9430 0.1954 -0.2693
vn -0.9234 0.1954 -0.3304
vn -0.9121 0.1954 -0.3604
vn -0.9234 -0.1954 -0.3304
vn -0.9121 -0.1954 -0.3604
vn -0.9337 -0.1954 -0.3000
vn -0.9430 -0.1954 -0.2693
vn -0.7828 -0.5557 -0.2801
vn -0.7732 -0.5557 -0.3055
vn -0.7915 -0.5557 -0.2543
vn -0.7994 -0.5557 -0.2283
vn -0.5311 -0.8299 -0.1707
vn -0.5364 -0.8299 -0.1532
vn -0.5252 -0.8299 -0.1879
vn -0.5188 -0.8299 -0.2050
vn -0.1871 -0.9805 -0.0601
vn -0.0638 -0.9978 -0.0205
vn -0.1889 -0.9805 -0.0540
vn -0.0644 -0.9978 -0.0184
vn -0.1850 -0.9805 -0.0662
vn -0.1827 -0.9805 -0.0722
vn -0.0631 -0.9978 -0.0226
vn -0.0623 -0.9978 -0.0246
vn 0.1850 -0.9805 0.0662
vn 0.0631 -0.9978 0.0226
vn 0.1827 -0.9805 0.0722
vn 0.0623 -0.9978 0.0246
vn 0.1871 -0.9805 0.0601
vn 0.1889 -0.9805 0.0540
vn 0.0638 -0.9978 0.0205
vn 0.0644 -0.9978 0.0184
vn 0.5252 -0.8299 0.1879
vn 0.5188 -0.8299 0.2050
vn 0.5311 -0.8299 0.1707
vn 0.5364 -0.8299 0.1532
vn 0.7915 -0.5557 0.2543
vn 0.7994 -0.5557 0.2283
vn 0.7828 -0.5557 0.2801
vn 0.7732 -0.5557 0.3055
vn 0.9337 -0.1954 0.3000
vn 0.9430 -0.1954 0.2693
vn 0.9234 -0.1954 0.3304
vn 0.9121 -0.1954 0.3604
vn 0.9586 0.1954 0.2070
vn 0.9513 0.1954 0.2383
vn 0.9649 0.1954 0.1756
vn 0.9701 0.1954 0.1439
vn 0.8127 0.5557 0.1755
vn 0.8065 0.5557 0.2020
vn 0.8180 0.5557 0.1488
vn 0.8224 0.5557 0.1220
vn 0.5488 0.8299 0.0999
vn 0.5518 0.8299 0.0819
vn 0.5453 0.8299 0.1178
vn 0.5411 0.8299 0.1355
vn -0.5453 0.8299 -0.1178
vn -0.5411 0.8299 -0.1355
vn -0.5488 0.8299 -0.0999
vn -0.5518 0.8299 -0.0819
vn -0.8180 0.5557 -0.1488
vn -0.8224 0.5557 -0.1220
vn -0.8127 0.5557 -0.1755
vn -0.8065 0.5557 -0.2020
vn -0.9649 0.1954 -0.1756
vn -0.9701 0.1954 -0.1439
vn -0.9586 0.1954 -0.2070
vn -0.9513 0.1954 -0.2383
vn -0.9586 -0.1954 -0.2070
vn -0.9513 -0.1954 -0.2383
vn -0.9649 -0.1954 -0.1756
vn -0.9701 -0.1954 -0.1439
vn -0.8127 -0.5557 -0.1755
vn -0.8065 -0.5557 -0.2020
vn -0.8180 -0.5557 -0.1488
vn -0.8224 -0.5557 -0.1220
vn -0.5488 -0.8299 -0.0999
vn -0.5518 -0.8299 -0.0819
vn -0.5453 -0.8299 -0.1178
vn -0.5411 -0.8299 -0.1355
vn -0.1933 -0.9805 -0.0352
vn -0.0659 -0.9978 -0.0120
vn -0.1944 -0.9805 -0.0288
vn -0.0663 -0.9978 -0.0098
vn -0.1921 -0.9805 -0.0415
vn -0.1906 -0.9805 -0.0477
vn -0.0655 -0.9978 -0.0141
vn -0.0650 -0.9978 -0.0163
vn 0.1921 -0.9805 0.0415
vn 0.0655 -0.9978 0.0141
vn 0.1906 -0.9805 0.0477
vn 0.0650 -0.9978 0.0163
vn 0.1933 -0.9805 0.0352
vn 0.1944 -0.9805 0.0288
vn 0.0659 -0.9978 0.0120
vn 0.0663 -0.9978 0.0098
vn 0.5453 -0.8299 0.1178
vn 0.5411 -0.8299 0.1355
vn 0.5488 -0.8299 0.0999
vn 0.5518 -0.8299 0.0819
vn 0.8180 -0.5557 0.1488
vn 0.8224 -0.5557 0.1220
vn 0.8127 -0.5557 0.1755
vn 0.8065 -0.5557 0.2020
vn 0.9649 -0.1954 0.1756
vn 0.9701 -0.1954 0.1439
vn 0.9586 -0.1954 0.2070
vn 0.9513 -0.1954 0.2383
vn 0.9774 0.1954 0.0801
vn 0.9743 0.1954 0.1121
vn 0.9795 0.1954 0.0481
vn 0.9806 0.1954 0.0161
vn 0.8286 0.5557 0.0679
vn 0.8259 0.5557 0.0950
vn 0.8304 0.5557 0.0408
vn 0.8313 0.5557 0.0136
vn 0.5572 0.8299 0.0274
vn 0.5578 0.8299 0.0091
vn 0.5560 0.8299 0.0456
vn 0.5542 0.8299 0.0637
vn -0.5560 0.8299 -0.0456
vn -0.5542 0.8299 -0.0637
vn -0.5572 0.8299 -0.0274
vn -0.5578 0.8299 -0.0091
vn -0.8304 0.5557 -0.0408
vn -0.8313 0.5557 -0.0136
vn -0.8286 0.5557 -0.0679
vn -0.8259 0.5557 -0.0950
vn -0.9795 0.1954 -0.0481
vn -0.9806 0.1954 -0.0161
vn -0.9774 0.1954 -0.0801
vn -0.9743 0.1954 -0.1121
vn -0.9774 -0.1954 -0.0801
vn -0.9743 -0.1954 -0.1121
vn -0.9795 -0.1954 -0.0481
vn -0.9806 -0.1954 -0.0161
vn -0.8286 -0.5557 -0.0679
vn -0.8259 -0.5557 -0.0950
vn -0.8304 -0.5557 -0.0408
vn -0.8313 -0.5557 -0.0136
vn -0.5572 -0.8299 -0.0274
vn -0.5578 -0.8299 -0.0091
vn -0.5560 -0.8299 -0.0456
vn -0.5542 -0.8299 -0.0637
vn -0.1962 -0.9805 -0.0096
vn -0.0669 -0.9978 -0.0033
vn -0.1965 -0.9805 -0.0032
vn -0.0670 -0.9978 -0.0011
vn -0.1958 -0.9805 -0.0161
vn -0.1952 -0.9805 -0.0225
vn -0.0668 -0.9978 -0.0055
vn -0.0666 -0.9978 -0.0077
vn 0.1958 -0.9805 0.0161
vn 0.0668 -0.9978 0.0055
vn 0.1952 -0.9805 0.0225
vn 0.0666 -0.9978 0.0077
vn 0.1962 -0.9805 0.0096
vn 0.1965 -0.9805 0.0032
vn 0.0669 -0.9978 0.0033
vn 0.0670 -0.9978 0.0011
vn 0.5560 -0.8299 0.0456
vn 0.5542 -0.8299 0.0637
vn 0.5572 -0.8299 0.0274
vn 0.5578 -0.8299 0.0091
vn 0.8304 -0.5557 0.0408
vn 0.8313 -0.5557 0.0136
vn 0.8286 -0.5557 0.0679
vn 0.8259 -0.5557 0.0950
vn 0.9795 -0.1954 0.0481
vn 0.9806 -0.1954 0.0161
vn 0.9774 -0.1954 0.0801
vn 0.9743 -0.1954 0.1121
vn 0.9795 0.1954 -0.0481
vn 0.9806 0.1954 -0.0161
vn 0.9774 0.1954 -0.0801
vn 0.9743 0.1954 -0.1121
vn 0.8304 0.5557 -0.0408
vn 0.8313 0.5557 -0.0136
vn 0.8286 0.5557 -0.0679
vn 0.8259 0.5557 -0.0950
vn 0.5560 0.8299 -0.0456
vn 0.5542 0.8299 -0.0637
vn 0.5572 0.8299 -0.0274
vn 0.5578 0.8299 -0.0091
vn -0.5572 0.8299 0.0274
vn -0.5578 0.8299 0.0091
vn -0.5560 0.8299 0.0456
vn -0.5542 0.8299 0.0637
vn -0.8286 0.5557 0.0679
vn -0.8259 0.5557 0.0950
vn -0.8304 0.5557 0.0408
vn -0.8313 0.5557 0.0136
vn -0.9774 0.1954 0.0801
vn -0.9743 0.1954 0.1121
vn -0.9795 0.1954 0.0481
vn -0.9806 0.1954 0.0161
vn -0.9795 -0.1954 0.0481
vn -0.9806 -0.1954 0.0161
vn -0.9774 -0.1954 0.0801
vn -0.9743 -0.1954 0.1121
vn -0.8304 -0.5557 0.0408
vn -0.8313 -0.5557 0.0136
vn -0.8286 -0.5557 0.0679
vn -0.8259 -0.5557 0.0950
vn -0.5560 -0.8299 0.0456
vn -0.5542 -0.8299 0.0637
vn -0.5572 -0.8299 0.0274
vn -0.5578 -0.8299 0.0091
vn -0.1958 -0.9805 0.0161
vn -0.0668 -0.9978 0.0055
vn -0.1952 -0.9805 0.0225
vn -0.0666 -0.9978 0.0077
vn -0.1962 -0.9805 0.0096
vn -0.1965 -0.9805 0.0032
vn -0.0669 -0.9978 0.0033
vn -0.0670 -0.9978 0.0011
vn 0.1962 -0.9805 -0.0096
vn 0.0669 -0.9978 -0.0033
vn 0.1965 -0.9805 -0.0032
vn 0.0670 -0.9978 -0.0011
vn 0.1958 -0.9805 -0.0161
vn 0.1952 -0.9805 -0.0225
vn 0.0668 -0.9978 -0.0055
vn 0.0666 -0.9978 -0.0077
vn 0.5572 -0.8299 -0.0274
vn 0.5578 -0.8299 -0.0091
vn 0.5560 -0.8299 -0.0456
vn 0.5542 -0.8299 -0.0637
vn 0.8286 -0.5557 -0.0679
vn 0.8259 -0.5557 -0.0950
vn 0.8304 -0.5557 -0.0408
vn 0.8313 -0.5557 -0.0136
vn 0.9774 -0.1954 -0.0801
vn 0.9743 -0.1954 -0.1121
vn 0.9795 -0.1954 -0.0481
vn 0.9806 -0.1954 -0.0161
vn 0.9649 0.1954 -0.1756
vn 0.9701 0.1954 -0.1439
vn 0.9586 0.1954 -0.2070
vn 0.9513 0.1954 -0.2383
vn 0.8180 0.5557 -0.1488
vn 0.8224 0.5557 -0.1220
vn 0.8127 0.5557 -0.1755
vn 0.8065 0.5557 -0.2020
vn 0.5453 0.8299 -0.1178
vn 0.5411 0.8299 -0.1355
vn 0.5488 0.8299 -0.0999
vn 0.5518 0.8299 -0.0819
vn -0.5488 0.8299 0.0999
vn -0.5518 0.8299 0.0819
vn -0.5453 0.8299 0.1178
vn -0.5411 0.8299 0.1355
vn -0.8127 0.5557 0.1755
vn -0.8065 0.5557 0.2020
vn -0.8180 0.5557 0.1488
vn -0.8224 0.5557 0.1220
vn -0.9586 0.1954 0.2070
vn -0.9513 0.1954 0.2383
vn -0.9649 0.1954 0.1756
vn -0.9701 0.1954 0.1439
vn -0.9649 -0.1954 0.1756
vn -0.9701 -0.1954 0.1439
vn -0.9586 -0.1954 0.2070
vn -0.9513 -0.1954 0.2383
vn -0.8180 -0.5557 0.1488
vn -0.8224 -0.5557 0.1220
vn -0.8127 -0.5557 0.1755
vn -0.8065 -0.5557 0.2020
vn -0.5453 -0.8299 0.1178
vn -0.5411 -0.8299 0.1355
vn -0.5488 -0.8299 0.0999
vn -0.5518 -0.8299 0.0819
vn -0.1921 -0.9805 0.0415
vn -0.0655 -0.9978 0.0141
vn -0.1906 -0.9805 0.0477
vn -0.0650 -0.9978 0.0163
vn -0.1933 -0.9805 0.0352
vn -0.1944 -0.9805 0.0288
vn -0.0659 -0.9978 0.0120
vn -0.0663 -0.9978 0.0098
vn 0.1933 -0.9805 -0.0352
vn 0.0659 -0.9978 -0.0120
vn 0.1944 -0.9805 -0.0288
vn 0.0663 -0.9978 -0.0098
vn 0.1921 -0.9805 -0.0415
vn 0.1906 -0.9805 -0.0477
vn 0.0655 -0.9978 -0.0141
vn 0.0650 -0.9978 -0.0163
vn 0.5488 -0.8299 -0.0999
vn 0.5518 -0.8299 -0.0819
vn 0.5453 -0.8299 -0.1178
vn 0.5411 -0.8299 -0.1355
vn 0.8127 -0.5557 -0.1755
vn 0.8065 -0.5557 -0.2020
vn 0.8180 -0.5557 -0.1488
vn 0.8224 -0.5557 -0.1220
vn 0.9586 -0.1954 -0.2070
vn 0.9513 -0.1954 -0.2383
vn 0.9649 -0.1954 -0.1756
vn 0.9701 -0.1954 -0.1439
vn 0.9337 0.1954 -0.3000
vn 0.9430 0.1954 -0.2693
vn 0.9234 0.1954 -0.3304
vn 0.9121 0.1954 -0.3604
vn 0.7915 0.5557 -0.2543
vn 0.7994 0.5557 -0.2283
vn 0.7828 0.5557 -0.2801
vn 0.7732 0.5557 -0.3055
vn 0.5252 0.8299 -0.1879
vn 0.5188 0.8299 -0.2050
vn 0.5311 0.8299 -0.1707
vn 0.5364 0.8299 -0.1532
vn -0.5311 0.8299 0.1707
vn -0.5364 0.8299 0.1532
vn -0.5252 0.8299 0.1879
vn -0.5188 0.8299 0.2050
vn -0.7828 0.5557 0.2801
vn -0.7732 0.5557 0.3055
vn -0.7915 0.5557 0.2543
vn -0.7994 0.5557 0.2283
vn -0.9234 0.1954 0.3304
vn -0.9121 0.1954 0.3604
vn -0.9337 0.1954 0.3000
vn -0.9430 0.1954 0.2693
vn -0.9337 -0.1954 0.3000
vn -0.9430 -0.1954 0.2693
vn -0.9234 -0.1954 0.3304
vn -0.9121 -0.1954 0.3604
vn -0.7915 -0.5557 0.2543
vn -0.7994 -0.5557 0.2283
vn -0.7828 -0.5557 0.2801
vn -0.7732 -0.5557 0.3055
vn -0.5252 -0.8299 0.1879
vn -0.5188 -0.8299 0.2050
vn -0.5311 -0.8299 0.1707
vn -0.5364 -0.8299 0.1532
vn -0.1850 -0.9805 0.0662
vn -0.0631 -0.9978 0.0226
vn -0.1827 -0.9805 0.0722
vn -0.0623 -0.9978 0.0246
vn -0.1871 -0.9805 0.0601
vn -0.1889 -0.9805 0.0540
vn -0.0638 -0.9978 0.0205
vn -0.0644 -0.9978 0.0184
vn 0.1871 -0.9805 -0.0601
vn 0.0638 -0.9978 -0.0205
vn 0.1889 -0.9805 -0.0540
vn 0.0644 -0.9978 -0.0184
vn 0.1850 -0.9805 -0.0662
vn 0.1827 -0.9805 -0.0722
vn 0.0631 -0.9978 -0.0226
vn 0.0623 -0.9978 -0.0246
vn 0.5311 -0.8299 -0.1707
vn 0.5364 -0.8299 -0.1532
vn 0.5252 -0.8299 -0.1879
vn 0.5188 -0.8299 -0.2050
vn 0.7828 -0.5557 -0.2801
vn 0.7732 -0.5557 -0.3055
vn 0.7915 -0.5557 -0.2543
vn 0.7994 -0.5557 -0.2283
vn 0.9234 -0.1954 -0.3304
vn 0.9121 -0.1954 -0.3604
vn 0.9337 -0.1954 -0.3000
vn 0.9430 -0.1954 -0.2693
vn 0.8866 0.1954 -0.4193
vn 0.8998 0.1954 -0.3901
vn 0.8724 0.1954 -0.4481
vn 0.8572 0.1954 -0.4764
vn 0.7516 0.5557 -0.3555
vn 0.7628 0.5557 -0.3307
vn 0.7395 0.5557 -0.3799
vn 0.7267 0.5557 -0.4038
vn 0.4962 0.8299 -0.2549
vn 0.4876 0.8299 -0.2710
vn 0.5043 0.8299 -0.2385
vn 0.5118 0.8299 -0.2219
vn -0.5043 0.8299 0.2385
vn -0.5118 0.8299 0.2219
vn -0.4962 0.8299 0.2549
vn -0.4876 0.8299 0.2710
vn -0.7395 0.5557 0.3799
vn -0.7267 0.5557 0.4038
vn -0.7516 0.5557 0.3555
vn -0.7628 0.5557 0.3307
vn -0.8724 0.1954 0.4481
vn -0.8572 0.1954 0.4764
vn -0.8866 0.1954 0.4193
vn -0.8998 0.1954 0.3901
vn -0.8866 -0.1954 0.4193
vn -0.8998 -0.1954 0.3901
vn -0.8724 -0.1954 0.4481
vn -0.8572 -0.1954 0.4764
vn -0.7516 -0.5557 0.3555
vn -0.7628 -0.5557 0.3307
vn -0.7395 -0.5557 0.3799
vn -0.7267 -0.5557 0.4038
vn -0.4962 -0.8299 0.2549
vn -0.4876 -0.8299 0.2710
vn -0.5043 -0.8299 0.2385
vn -0.5118 -0.8299 0.2219
vn -0.1748 -0.9805 0.0898
vn -0.0596 -0.9978 0.0306
vn -0.1717 -0.9805 0.0954
vn -0.0586 -0.9978 0.0326
vn -0.1776 -0.9805 0.0840
vn -0.1803 -0.9805 0.0782
vn -0.0606 -0.9978 0.0287
vn -0.0615 -0.9978 0.0267
vn 0.1776 -0.9805 -0.0840
vn 0.0606 -0.9978 -0.0287
vn 0.1803 -0.9805 -0.0782
vn 0.0615 -0.9978 -0.0267
vn 0.1748 -0.9805 -0.0898
vn 0.1717 -0.9805 -0.0954
vn 0.0596 -0.9978 -0.0306
vn 0.0586 -0.9978 -0.0326
vn 0.5043 -0.8299 -0.2385
vn 0.5118 -0.8299 -0.2219
vn 0.4962 -0.8299 -0.2549
vn 0.4876 -0.8299 -0.2710
vn 0.7395 -0.5557 -0.3799
vn 0.7267 -0.5557 -0.4038
vn 0.7516 -0.5557 -0.3555
vn 0.7628 -0.5557 -0.3307
vn 0.8724 -0.1954 -0.4481
vn 0.8572 -0.1954 -0.4764
vn 0.8866 -0.1954 -0.4193
vn 0.8998 -0.1954 -0.3901
vn 0.8242 0.1954 -0.5315
vn 0.8412 0.1954 -0.5042
vn 0.8064 0.1954 -0.5581
vn 0.7877 0.1954 -0.5842
vn 0.6987 0.5557 -0.4505
vn 0.7131 0.5557 -0.4274
vn 0.6836 0.5557 -0.4731
vn 0.6678 0.5557 -0.4952
vn 0.4587 0.8299 -0.3175
vn 0.4481 0.8299 -0.3323
vn 0.4688 0.8299 -0.3023
vn 0.4785 0.8299 -0.2868
vn -0.4688 0.8299 0.3023
vn -0.4785 0.8299 0.2868
vn -0.4587 0.8299 0.3175
vn -0.4481 0.8299 0.3323
vn -0.6836 0.5557 0.4731
vn -0.6678 0.5557 0.4952
vn -0.6987 0.5557 0.4505
vn -0.7131 0.5557 0.4274
vn -0.8064 0.1954 0.5581
vn -0.7877 0.1954 0.5842
vn -0.8242 0.1954 0.5315
vn -0.8412 0.1954 0.5042
vn -0.8242 -0.1954 0.5315
vn -0.8412 -0.1954 0.5042
vn -0.8064 -0.1954 0.5581
vn -0.7877 -0.1954 0.5842
vn -0.6987 -0.5557 0.4505
vn -0.7131 -0.5557 0.4274
vn -0.6836 -0.5557 0.4731
vn -0.6678 -0.5557 0.4952
vn -0.4587 -0.8299 0.3175
vn -0.4481 -0.8299 0.3323
vn -0.4688 -0.8299 0.3023
vn -0.4785 -0.8299 0.2868
vn -0.1616 -0.9805 0.1118
vn -0.0551 -0.9978 0.0381
vn -0.1578 -0.9805 0.1170
vn -0.0538 -0.9978 0.0399
vn -0.1651 -0.9805 0.1065
vn -0.1685 -0.9805 0.1010
vn -0.0563 -0.9978 0.0363
vn -0.0575 -0.9978 0.0345
vn 0.1651 -0.9805 -0.1065
vn 0.0563 -0.9978 -0.0363
vn 0.1685 -0.9805 -0.1010
vn 0.0575 -0.9978 -0.0345
vn 0.1616 -0.9805 -0.1118
vn 0.1578 -0.9805 -0.1170
vn 0.0551 -0.9978 -0.0381
vn 0.0538 -0.9978 -0.0399
vn 0.4688 -0.8299 -0.3023
vn 0.4785 -0.8299 -0.2868
vn 0.4587 -0.8299 -0.3175
vn 0.4481 -0.8299 -0.3323
vn 0.6836 -0.5557 -0.4731
vn 0.6678 -0.5557 -0.4952
vn 0.6987 -0.5557 -0.4505
vn 0.7131 -0.5557 -0.4274
vn 0.8064 -0.1954 -0.5581
vn 0.7877 -0.1954 -0.5842
vn 0.8242 -0.1954 -0.5315
vn 0.8412 -0.1954 -0.5042
vn 0.7478 0.1954 -0.6345
vn 0.7682 0.1954 -0.6097
vn 0.7267 0.1954 -0.6586
vn 0.7047 0.1954 -0.6820
vn 0.6340 0.5557 -0.5379
vn 0.6512 0.5557 -0.5169
vn 0.6160 0.5557 -0.5583
vn 0.5974 0.5557 -0.5782
vn 0.4133 0.8299 -0.3746
vn 0.4009 0.8299 -0.3879
vn 0.4254 0.8299 -0.3609
vn 0.4369 0.8299 -0.3468
vn -0.4254 0.8299 0.3609
vn -0.4369 0.8299 0.3468
vn -0.4133 0.8299 0.3746
vn -0.4009 0.8299 0.3879
vn -0.6160 0.5557 0.5583
vn -0.5974 0.5557 0.5782
vn -0.6340 0.5557 0.5379
vn -0.6512 0.5557 0.5169
vn -0.7267 0.1954 0.6586
vn -0.7047 0.1954 0.6820
vn -0.7478 0.1954 0.6345
vn -0.7682 0.1954 0.6097
vn -0.7478 -0.1954 0.6345
vn -0.7682 -0.1954 0.6097
vn -0.7267 -0.1954 0.6586
vn -0.7047 -0.1954 0.6820
vn -0.6340 -0.5557 0.5379
vn -0.6512 -0.5557 0.5169
vn -0.6160 -0.5557 0.5583
vn -0.5974 -0.5557 0.5782
vn -0.4133 -0.8299 0.3746
vn -0.4009 -0.8299 0.3879
vn -0.4254 -0.8299 0.3609
vn -0.4369 -0.8299 0.3468
vn -0.1456 -0.9805 0.1319
vn -0.0497 -0.9978 0.0450
vn -0.1412 -0.9805 0.1366
vn -0.0482 -0.9978 0.0466
vn -0.1498 -0.9805 0.1271
vn -0.1539 -0.9805 0.1221
vn -0.0511 -0.9978 0.0434
vn -0.0525 -0.9978 0.0417
vn 0.1498 -0.9805 -0.1271
vn 0.0511 -0.9978 -0.0434
vn 0.1539 -0.9805 -0.1221
vn 0.0525 -0.9978 -0.0417
vn 0.1456 -0.9805 -0.1319
vn 0.1412 -0.9805 -0.1366
vn 0.0497 -0.9978 -0.0450
vn 0.0482 -0.9978 -0.0466
vn 0.4254 -0.8299 -0.3609
vn 0.4369 -0.8299 -0.3468
vn 0.4133 -0.8299 -0.3746
vn 0.4009 -0.8299 -0.3879
vn 0.6160 -0.5557 -0.5583
vn 0.5974 -0.5557 -0.5782
vn 0.6340 -0.5557 -0.5379
vn 0.6512 -0.5557 -0.5169
vn 0.7267 -0.1954 -0.6586
vn 0.7047 -0.1954 -0.6820
vn 0.7478 -0.1954 -0.6345
vn 0.7682 -0.1954 -0.6097
vn 0.6586 0.1954 -0.7267
vn 0.6820 0.1954 -0.7047
vn 0.6345 0.1954 -0.7478
vn 0.6097 0.1954 -0.7682
vn 0.5583 0.5557 -0.6160
vn 0.5782 0.5557 -0.5974
vn 0.5379 0.5557 -0.6340
vn 0.5169 0.5557 -0.6512
vn 0.3609 0.8299 -0.4254
vn 0.3468 0.8299 -0.4369
vn 0.3746 0.8299 -0.4133
vn 0.3879 0.8299 -0.4009
vn -0.3746 0.8299 0.4133
vn -0.3879 0.8299 0.4009
vn -0.3609 0.8299 0.4254
vn -0.3468 0.8299 0.4369
vn -0.5379 0.5557 0.6339
vn -0.5169 0.5557 0.6512
vn -0.5583 0.5557 0.6160
vn -0.5782 0.5557 0.5974
vn -0.6345 0.1954 0.7478
vn -0.6097 0.1954 0.7682
vn -0.6586 0.1954 0.7267
vn -0.6820 0.1954 0.7047
vn -0.6586 -0.1954 0.7267
vn -0.6820 -0.1954 0.7047
vn -0.6345 -0.1954 0.7478
vn -0.6097 -0.1954 0.7682
vn -0.5583 -0.5557 0.6160
vn -0.5782 -0.5557 0.5974
vn -0.5379 -0.5557 0.6340
vn -0.5169 -0.5557 0.6512
vn -0.3609 -0.8299 0.4254
vn -0.3468 -0.8299 0.4369
vn -0.3746 -0.8299 0.4133
vn -0.3879 -0.8299 0.4009
vn -0.1271 -0.9805 0.1498
vn -0.0434 -0.9978 0.0511
vn -0.1221 -0.9805 0.1539
vn -0.0417 -0.9978 0.0525
vn -0.1319 -0.9805 0.1456
vn -0.1366 -0.9805 0.1412
vn -0.0450 -0.9978 0.0497
vn -0.0466 -0.9978 0.0482
vn 0.1319 -0.9805 -0.1456
vn 0.0450 -0.9978 -0.0497
vn 0.1366 -0.9805 -0.1412
vn 0.0466 -0.9978 -0.0482
vn 0.1271 -0.9805 -0.1498
vn 0.1221 -0.9805 -0.1539
vn 0.0434 -0.9978 -0.0511
vn 0.0417 -0.9978 -0.0525
vn 0.3746 -0.8299 -0.4133
vn 0.3879 -0.8299 -0.4009
vn 0.3609 -0.8299 -0.4254
vn 0.3468 -0.8299 -0.4369
vn 0.5379 -0.5557 -0.6340
vn 0.5169 -0.5557 -0.6512
vn 0.5583 -0.5557 -0.6160
vn 0.5782 -0.5557 -0.5974
vn 0.6345 -0.1954 -0.7478
vn 0.6097 -0.1954 -0.7682
vn 0.6586 -0.1954 -0.7267
vn 0.6820 -0.1954 -0.7047
vn 0.5581 0.1954 -0.8064
vn 0.5842 0.1954 -0.7877
vn 0.5315 0.1954 -0.8242
vn 0.5042 0.1954 -0.8412
vn 0.4731 0.5557 -0.6836
vn 0.4952 0.5557 -0.6678
vn 0.4505 0.5557 -0.6987
vn 0.4274 0.5557 -0.7131
vn 0.3023 0.8299 -0.4688
vn 0.2868 0.8299 -0.4785
vn 0.3175 0.8299 -0.4587
vn 0.3323 0.8299 -0.4481
vn -0.3175 0.8299 0.4587
vn -0.3323 0.8299 0.4481
vn -0.3023 0.8299 0.4688
vn -0.2868 0.8299 0.4785
vn -0.4505 0.5557 0.6987
vn -0.4274 0.5557 0.7131
vn -0.4731 0.5557 0.6836
vn -0.4952 0.5557 0.6678
vn -0.5315 0.1954 0.8242
vn -0.5042 0.1954 0.8412
vn -0.5581 0.1954 0.8064
vn -0.5842 0.1954 0.7877
vn -0.5581 -0.1954 0.8064
vn -0.5842 -0.1954 0.7877
vn -0.5315 -0.1954 0.8242
vn -0.5042 -0.1954 0.8412
vn -0.4731 -0.5557 0.6836
vn -0.4952 -0.5557 0.6678
vn -0.4505 -0.5557 0.6987
vn -0.4274 -0.5557 0.7131
vn -0.3023 -0.8299 0.4688
vn -0.2868 -0.8299 0.4785
vn -0.3175 -0.8299 0.4587
vn -0.3323 -0.8299 0.4481
vn -0.1065 -0.9805 0.1651
vn -0.0363 -0.9978 0.0563
vn -0.1010 -0.9805 0.1685
vn -0.0345 -0.9978 0.0575
vn -0.1118 -0.9805 0.1616
vn -0.1170 -0.9805 0.1578
vn -0.0381 -0.9978 0.0551
vn -0.0399 -0.9978 0.0538
vn 0.1118 -0.9805 -0.1616
vn 0.0381 -0.9978 -0.0551
vn 0.1170 -0.9805 -0.1578
vn 0.0399 -0.9978 -0.0538
vn 0.1065 -0.9805 -0.1651
vn 0.1010 -0.9805 -0.1685
vn 0.0363 -0.9978 -0.0563
vn 0.0345 -0.9978 -0.0575
vn 0.3175 -0.8299 -0.4587
vn 0.3323 -0.8299 -0.4481
vn 0.3023 -0.8299 -0.4688
vn 0.2868 -0.8299 -0.4785
vn 0.4505 -0.5557 -0.6987
vn 0.4274 -0.5557 -0.7131
vn 0.4731 -0.5557 -0.6836
vn 0.4952 -0.5557 -0.6678
vn 0.5315 -0.1954 -0.8242
vn 0.5042 -0.1954 -0.8412
vn 0.5581 -0.1954 -0.8064
vn 0.5842 -0.1954 -0.7877
vn 0.4481 0.1954 -0.8724
vn 0.4764 0.1954 -0.8572
vn 0.4193 0.1954 -0.8866
vn 0.3901 0.1954 -0.8998
vn 0.3799 0.5557 -0.7395
vn 0.4038 0.5557 -0.7267
vn 0.3555 0.5557 -0.7516
vn 0.3307 0.5557 -0.7628
vn 0.2385 0.8299 -0.5043
vn 0.2219 0.8299 -0.5118
vn 0.2549 0.8299 -0.4962
vn 0.2710 0.8299 -0.4876
vn -0.2549 0.8299 0.4962
vn -0.2710 0.8299 0.4876
vn -0.2385 0.8299 0.5043
vn -0.2219 0.8299 0.5118
vn -0.3555 0.5557 0.7516
vn -0.3307 0.5557 0.7628
vn -0.3799 0.5557 0.7395
vn -0.4038 0.5557 0.7267
vn -0.4193 0.1954 0.8866
vn -0.3901 0.1954 0.8998
vn -0.4481 0.1954 0.8724
vn -0.4764 0.1954 0.8572
vn -0.4481 -0.1954 0.8724
vn -0.4764 -0.1954 0.8573
vn -0.4193 -0.1954 0.8866
vn -0.3901 -0.1954 0.8998
vn -0.3799 -0.5557 0.7395
vn -0.4039 -0.5557 0.7267
vn -0.3555 -0.5557 0.7516
vn -0.3307 -0.5557 0.7628
vn -0.2385 -0.8299 0.5043
vn -0.2219 -0.8299 0.5118
vn -0.2549 -0.8299 0.4962
vn -0.2710 -0.8299 0.4876
vn -0.0840 -0.9805 0.1776
vn -0.0287 -0.9978 0.0606
vn -0.0782 -0.9805 0.1803
vn -0.0267 -0.9978 0.0615
vn -0.0898 -0.9805 0.1748
vn -0.0954 -0.9805 0.1717
vn -0.0306 -0.9978 0.0596
vn -0.0326 -0.9978 0.0586
vn 0.0898 -0.9805 -0.1748
vn 0.0306 -0.9978 -0.0596
vn 0.0954 -0.9805 -0.1717
vn 0.0326 -0.9978 -0.0586
vn 0.0840 -0.9805 -0.1776
vn 0.0782 -0.9805 -0.1803
vn 0.0287 -0.9978 -0.0606
vn 0.0267 -0.9978 -0.0615
vn 0.2549 -0.8299 -0.4962
vn 0.2710 -0.8299 -0.4876
vn 0.2385 -0.8299 -0.5043
vn 0.2219 -0.8299 -0.5118
vn 0.3555 -0.5557 -0.7516
vn 0.3307 -0.5557 -0.7628
vn 0.3799 -0.5557 -0.7395
vn 0.4038 -0.5557 -0.7267
vn 0.4193 -0.1954 -0.8866
vn 0.3901 -0.1954 -0.8998
vn 0.4481 -0.1954 -0.8724
vn 0.4764 -0.1954 -0.8572
vn 0.3304 0.1954 -0.9234
vn 0.3604 0.1954 -0.9121
vn 0.3000 0.1954 -0.9337
vn 0.2693 0.1954 -0.9430
vn 0.2801 0.5557 -0.7828
vn 0.3055 0.5557 -0.7732
vn 0.2543 0.5557 -0.7915
vn 0.2283 0.5557 -0.7994
vn 0.1707 0.8299 -0.5311
vn 0.1532 0.8299 -0.5364
vn 0.1879 0.8299 -0.5252
vn 0.2050 0.8299 -0.5188
vn -0.1879 0.8299 0.5252
vn -0.2050 0.8299 0.5188
vn -0.1707 0.8299 0.5311
vn -0.1532 0.8299 0.5364
vn -0.2543 0.5557 0.7915
vn -0.2283 0.5557 0.7994
vn -0.2801 0.5557 0.7828
vn -0.3055 0.5557 0.7732
vn -0.3000 0.1954 0.9337
vn -0.2693 0.1954 0.9430
vn -0.3304 0.1954 0.9234
vn -0.3604 0.1954 0.9121
vn -0.3304 -0.1954 0.9234
vn -0.3604 -0.1954 0.9121
vn -0.3000 -0.1954 0.9337
vn -0.2693 -0.1954 0.9430
vn -0.2801 -0.5557 0.7828
vn -0.3055 -0.5557 0.7732
vn -0.2543 -0.5557 0.7915
vn -0.2283 -0.5557 0.7994
vn -0.1707 -0.8299 0.5311
vn -0.1532 -0.8299 0.5364
vn -0.1879 -0.8299 0.5252
vn -0.2050 -0.8299 0.5188
vn -0.0601 -0.9805 0.1871
vn -0.0205 -0.9978 0.0638
vn -0.0540 -0.9805 0.1889
vn -0.0184 -0.9978 0.0644
vn -0.0662 -0.9805 0.1850
vn -0.0722 -0.9805 0.1827
vn -0.0226 -0.9978 0.0631
vn -0.0246 -0.9978 0.0623
vn 0.0662 -0.9805 -0.1850
vn 0.0226 -0.9978 -0.0631
vn 0.0722 -0.9805 -0.1827
vn 0.0246 -0.9978 -0.0623
vn 0.0601 -0.9805 -0.1871
vn 0.0540 -0.9805 -0.1889
vn 0.0205 -0.9978 -0.0638
vn 0.0184 -0.9978 -0.0644
vn 0.1879 -0.8299 -0.5252
vn 0.2050 -0.8299 -0.5188
vn 0.1707 -0.8299 -0.5311
vn 0.1532 -0.8299 -0.5364
vn 0.2543 -0.5557 -0.7915
vn 0.2283 -0.5557 -0.7994
vn 0.2801 -0.5557 -0.7828
vn 0.3055 -0.5557 -0.7732
vn 0.3000 -0.1954 -0.9337
vn 0.2693 -0.1954 -0.9430
vn 0.3304 -0.1954 -0.9234
vn 0.3604 -0.1954 -0.9121
vn 0.2070 0.1954 -0.9586
vn 0.2383 0.1954 -0.9513
vn 0.1756 0.1954 -0.9649
vn 0.1439 0.1954 -0.9701
vn 0.1755 0.5557 -0.8127
vn 0.2020 0.5557 -0.8065
vn 0.1488 0.5557 -0.8180
vn 0.1220 0.5557 -0.8224
vn 0.0999 0.8299 -0.5488
vn 0.0819 0.8299 -0.5518
vn 0.1178 0.8299 -0.5453
vn 0.1355 0.8299 -0.5411
vn -0.1178 0.8299 0.5453
vn -0.1355 0.8299 0.5411
vn -0.0999 0.8299 0.5488
vn -0.0819 0.8299 0.5518
vn -0.1488 0.5557 0.8180
vn -0.1220 0.5557 0.8224
vn -0.1755 0.5557 0.8127
vn -0.2020 0.5557 0.8065
vn -0.1756 0.1954 0.9649
vn -0.1439 0.1954 0.9701
vn -0.2070 0.1954 0.9586
vn -0.2383 0.1954 0.9513
vn -0.2070 -0.1954 0.9586
vn -0.2383 -0.1954 0.9513
vn -0.1756 -0.1954 0.9649
vn -0.1439 -0.1954 0.9701
vn -0.1755 -0.5557 0.8127
vn -0.2020 -0.5557 0.8065
vn -0.1488 -0.5557 0.8180
vn -0.1220 -0.5557 0.8224
vn -0.0999 -0.8299 0.5488
vn -0.0819 -0.8299 0.5518
vn -0.1178 -0.8299 0.5453
vn -0.1355 -0.8299 0.5411
vn -0.0352 -0.9805 0.1933
vn -0.0120 -0.9978 0.0659
vn -0.0288 -0.9805 0.1943
vn -0.0098 -0.9978 0.0663
vn -0.0415 -0.9805 0.1921
vn -0.0477 -0.9805 0.1906
vn -0.0141 -0.9978 0.0655
vn -0.0163 -0.9978 0.0650
vn 0.0415 -0.9805 -0.1920
vn 0.0141 -0.9978 -0.0655
vn 0.0477 -0.9805 -0.1906
vn 0.0163 -0.9978 -0.0650
vn 0.0352 -0.9805 -0.1933
vn 0.0288 -0.9805 -0.1944
vn 0.0120 -0.9978 -0.0659
vn 0.0098 -0.9978 -0.0663
vn 0.1178 -0.8299 -0.5453
vn 0.1355 -0.8299 -0.5411
vn 0.0999 -0.8299 -0.5488
vn 0.0819 -0.8299 -0.5518
vn 0.1488 -0.5557 -0.8180
vn 0.1220 -0.5557 -0.8224
vn 0.1755 -0.5557 -0.8127
vn 0.2020 -0.5557 -0.8065
vn 0.1756 -0.1954 -0.9649
vn 0.1439 -0.1954 -0.9701
vn 0.2070 -0.1954 -0.9586
vn 0.2383 -0.1954 -0.9513
vn 0.0801 0.1954 -0.9774
vn 0.1121 0.1954 -0.9743
vn 0.0481 0.1954 -0.9795
vn 0.0161 0.1954 -0.9806
vn 0.0679 0.5557 -0.8286
vn 0.0950 0.5557 -0.8259
vn 0.0408 0.5557 -0.8304
vn 0.0136 0.5557 -0.8313
vn 0.0274 0.8299 -0.5572
vn 0.0091 0.8299 -0.5578
vn 0.0456 0.8299 -0.5560
vn 0.0637 0.8299 -0.5542
vn -0.0456 0.8299 0.5560
vn -0.0637 0.8299 0.5542
vn -0.0274 0.8299 0.5572
vn -0.0091 0.8299 0.5578
vn -0.0408 0.5557 0.8304
vn -0.0136 0.5557 0.8313
vn -0.0679 0.5557 0.8286
vn -0.0950 0.5557 0.8259
vn -0.0481 0.1954 0.9795
vn -0.0161 0.1954 0.9806
vn -0.0801 0.1954 0.9774
vn -0.1121 0.1954 0.9743
vn -0.0801 -0.1954 0.9774
vn -0.1121 -0.1954 0.9743
vn -0.0481 -0.1954 0.9795
vn -0.0161 -0.1954 0.9806
vn -0.0679 -0.5557 0.8286
vn -0.0950 -0.5557 0.8259
vn -0.0408 -0.5557 0.8304
vn -0.0136 -0.5557 0.8313
vn -0.0274 -0.8299 0.5572
vn -0.0091 -0.8299 0.5578
vn -0.0456 -0.8299 0.5560
vn -0.0637 -0.8299 0.5542
vn -0.0096 -0.9805 0.1962
vn -0.0033 -0.9978 0.0669
vn -0.0032 -0.9805 0.1965
vn -0.0011 -0.9978 0.0670
vn -0.0161 -0.9805 0.1958
vn -0.0225 -0.9805 0.1952
vn -0.0055 -0.9978 0.0668
vn -0.0077 -0.9978 0.0666
vn 0.0161 -0.9805 -0.1958
vn 0.0055 -0.9978 -0.0668
vn 0.0225 -0.9805 -0.1952
vn 0.0077 -0.9978 -0.0666
vn 0.0096 -0.9805 -0.1962
vn 0.0032 -0.9805 -0.1965
vn 0.0033 -0.9978 -0.0669
vn 0.0011 -0.9978 -0.0670
vn 0.0456 -0.8299 -0.5560
vn 0.0637 -0.8299 -0.5542
vn 0.0274 -0.8299 -0.5572
vn 0.0091 -0.8299 -0.5578
vn 0.0408 -0.5557 -0.8304
vn 0.0136 -0.5557 -0.8313
vn 0.0679 -0.5557 -0.8286
vn 0.0950 -0.5557 -0.8260
vn 0.0481 -0.1954 -0.9795
vn 0.0161 -0.1954 -0.9806
vn 0.0801 -0.1954 -0.9774
vn 0.1121 -0.1954 -0.9743
vn -0.0481 0.1954 -0.9795
vn -0.0161 0.1954 -0.9806
vn -0.0408 0.5557 -0.8304
vn -0.0136 0.5557 -0.8313
vn -0.0274 0.8299 -0.5572
vn -0.0091 0.8299 -0.5578
vn 0.0274 0.8299 0.5572
vn 0.0091 0.8299 0.5578
vn 0.0408 0.5557 0.8304
vn 0.0136 0.5557 0.8313
vn 0.0481 0.1954 0.9795
vn 0.0161 0.1954 0.9806
vn 0.0481 -0.1954 0.9795
vn 0.0161 -0.1954 0.9806
vn 0.0408 -0.5557 0.8304
vn 0.0136 -0.5557 0.8313
vn 0.0274 -0.8299 0.5572
vn 0.0091 -0.8299 0.5578
vn -0.0274 -0.8299 -0.5572
vn -0.0091 -0.8299 -0.5578
vn -0.0408 -0.5557 -0.8304
vn -0.0136 -0.5557 -0.8313
vn -0.0481 -0.1954 -0.9795
vn -0.0161 -0.1954 -0.9806
vn -0.5580 -0.1954 -0.8065
vn -0.4731 -0.5557 -0.6837
vn -0.4953 -0.5557 -0.6678
vn -0.3174 -0.8299 -0.4587
vn 0.3175 -0.8300 0.4587
vn 0.4732 -0.5557 0.6836
vn 0.5582 -0.1954 0.8063
vn 0.5582 0.1954 0.8063
vn 0.4732 0.5557 0.6836
vn 0.1128 0.9801 0.1630
vn 0.0382 0.9977 0.0553
vn 0.1181 0.9801 0.1593
vn 0.0400 0.9977 0.0540
vn -0.1128 0.9802 -0.1630
vn -0.1181 0.9802 -0.1592
vn -0.0382 0.9978 -0.0551
vn -0.0399 0.9977 -0.0539
vn -0.3174 0.8299 -0.4587
vn -0.4731 0.5557 -0.6837
vn -0.4953 0.5557 -0.6678
vn -0.5581 0.1954 -0.8065
vn 0.1332 0.9801 0.1469
vn 0.0451 0.9977 0.0498
vn 0.1379 0.9801 0.1425
vn 0.0467 0.9977 0.0483
vn 0.1283 0.9801 0.1512
vn 0.1233 0.9801 0.1553
vn 0.0435 0.9977 0.0512
vn 0.0418 0.9977 0.0526
vn -0.1282 0.9802 -0.1511
vn -0.0434 0.9977 -0.0511
vn -0.1232 0.9802 -0.1552
vn -0.0417 0.9977 -0.0525
vn -0.1331 0.9802 -0.1469
vn -0.1378 0.9802 -0.1424
vn -0.0450 0.9977 -0.0497
vn -0.0466 0.9977 -0.0482
vn 0.1512 0.9801 0.1283
vn 0.0512 0.9977 0.0435
vn 0.1553 0.9801 0.1233
vn 0.0526 0.9977 0.0418
vn 0.1469 0.9801 0.1331
vn 0.1425 0.9801 0.1379
vn 0.0498 0.9977 0.0451
vn 0.0483 0.9977 0.0467
vn -0.1469 0.9802 -0.1331
vn -0.0497 0.9977 -0.0450
vn -0.1424 0.9802 -0.1378
vn -0.0482 0.9978 -0.0466
vn -0.1511 0.9802 -0.1282
vn -0.1552 0.9802 -0.1232
vn -0.0511 0.9977 -0.0434
vn -0.0525 0.9977 -0.0417
vn 0.1666 0.9801 0.1074
vn 0.0565 0.9977 0.0364
vn 0.1701 0.9801 0.1019
vn 0.0576 0.9977 0.0346
vn 0.1630 0.9801 0.1128
vn 0.1593 0.9801 0.1181
vn 0.0553 0.9977 0.0382
vn 0.0540 0.9977 0.0400
vn -0.1630 0.9802 -0.1128
vn -0.0551 0.9978 -0.0381
vn -0.1592 0.9802 -0.1181
vn -0.0539 0.9977 -0.0399
vn -0.1666 0.9802 -0.1074
vn -0.1700 0.9802 -0.1019
vn -0.0563 0.9977 -0.0363
vn -0.0575 0.9977 -0.0345
vn 0.7267 0.5557 0.4039
vn 0.1792 0.9801 0.0848
vn 0.0608 0.9977 0.0287
vn 0.1819 0.9801 0.0789
vn 0.0617 0.9977 0.0267
vn 0.1764 0.9801 0.0906
vn 0.1733 0.9801 0.0963
vn 0.0598 0.9977 0.0307
vn 0.0587 0.9977 0.0326
vn -0.1763 0.9802 -0.0906
vn -0.0596 0.9978 -0.0306
vn -0.1732 0.9802 -0.0963
vn -0.0586 0.9977 -0.0326
vn -0.1792 0.9802 -0.0847
vn -0.1818 0.9802 -0.0788
vn -0.0606 0.9977 -0.0287
vn -0.0615 0.9977 -0.0267
vn 0.1888 0.9801 0.0607
vn 0.0640 0.9977 0.0206
vn 0.1906 0.9801 0.0544
vn 0.0646 0.9977 0.0185
vn 0.1867 0.9801 0.0668
vn 0.1844 0.9801 0.0729
vn 0.0633 0.9977 0.0226
vn 0.0625 0.9977 0.0247
vn -0.1866 0.9802 -0.0668
vn -0.0631 0.9977 -0.0226
vn -0.1843 0.9802 -0.0728
vn -0.0624 0.9978 -0.0246
vn -0.1887 0.9802 -0.0606
vn -0.1906 0.9802 -0.0544
vn -0.0638 0.9977 -0.0205
vn -0.0645 0.9977 -0.0184
vn 0.1951 0.9801 0.0355
vn 0.0661 0.9977 0.0120
vn 0.1961 0.9801 0.0291
vn 0.0665 0.9977 0.0099
vn 0.1938 0.9801 0.0419
vn 0.1923 0.9801 0.0482
vn 0.0657 0.9977 0.0142
vn 0.0652 0.9977 0.0163
vn -0.1937 0.9802 -0.0418
vn -0.0655 0.9977 -0.0142
vn -0.1923 0.9802 -0.0482
vn -0.0650 0.9977 -0.0163
vn -0.1950 0.9802 -0.0355
vn -0.1961 0.9802 -0.0291
vn -0.0660 0.9978 -0.0120
vn -0.0663 0.9977 -0.0098
vn -0.5542 -0.8299 -0.0638
vn 0.1980 0.9801 0.0097
vn 0.0671 0.9977 0.0033
vn 0.1982 0.9801 0.0033
vn 0.0672 0.9977 0.0011
vn 0.1976 0.9801 0.0162
vn 0.1970 0.9801 0.0227
vn 0.0670 0.9977 0.0055
vn 0.0668 0.9977 0.0077
vn -0.1975 0.9802 -0.0162
vn -0.0668 0.9977 -0.0055
vn -0.1969 0.9802 -0.0226
vn -0.0666 0.9977 -0.0077
vn -0.1980 0.9802 -0.0097
vn -0.1982 0.9802 -0.0032
vn -0.0670 0.9977 -0.0033
vn -0.0670 0.9977 -0.0011
vn -0.5578 0.8300 -0.0091
vn 0.1976 0.9801 -0.0162
vn 0.0670 0.9977 -0.0055
vn 0.1970 0.9801 -0.0227
vn 0.0668 0.9977 -0.0077
vn 0.1980 0.9801 -0.0097
vn 0.1982 0.9801 -0.0033
vn 0.0671 0.9977 -0.0033
vn 0.0672 0.9977 -0.0011
vn -0.1980 0.9802 0.0097
vn -0.0670 0.9977 0.0033
vn -0.1982 0.9802 0.0032
vn -0.0670 0.9977 0.0011
vn -0.1975 0.9802 0.0162
vn -0.1969 0.9802 0.0226
vn -0.0668 0.9978 0.0055
vn -0.0666 0.9977 0.0077
vn -0.8260 0.5557 0.0950
vn 0.1938 0.9801 -0.0419
vn 0.0657 0.9977 -0.0142
vn 0.1923 0.9801 -0.0482
vn 0.0652 0.9977 -0.0163
vn 0.1951 0.9801 -0.0355
vn 0.1961 0.9801 -0.0291
vn 0.0661 0.9977 -0.0120
vn 0.0665 0.9977 -0.0099
vn -0.1950 0.9802 0.0355
vn -0.0660 0.9977 0.0120
vn -0.1961 0.9802 0.0291
vn -0.0663 0.9977 0.0098
vn -0.1937 0.9802 0.0418
vn -0.1923 0.9802 0.0482
vn -0.0655 0.9978 0.0141
vn -0.0650 0.9977 0.0163
vn 0.1867 0.9801 -0.0668
vn 0.0633 0.9977 -0.0226
vn 0.1844 0.9801 -0.0729
vn 0.0625 0.9977 -0.0247
vn 0.1888 0.9801 -0.0607
vn 0.1907 0.9801 -0.0544
vn 0.0640 0.9977 -0.0206
vn 0.0646 0.9977 -0.0185
vn -0.1887 0.9802 0.0606
vn -0.0638 0.9977 0.0205
vn -0.1906 0.9802 0.0544
vn -0.0645 0.9977 0.0184
vn -0.1866 0.9802 0.0668
vn -0.1843 0.9802 0.0728
vn -0.0631 0.9978 0.0226
vn -0.0624 0.9977 0.0246
vn -0.8573 -0.1954 0.4764
vn 0.1764 0.9801 -0.0906
vn 0.0598 0.9977 -0.0307
vn 0.1733 0.9801 -0.0963
vn 0.0587 0.9977 -0.0326
vn 0.1792 0.9801 -0.0848
vn 0.1819 0.9801 -0.0789
vn 0.0608 0.9977 -0.0287
vn 0.0617 0.9977 -0.0267
vn -0.1792 0.9802 0.0847
vn -0.0606 0.9977 0.0287
vn -0.1818 0.9802 0.0788
vn -0.0615 0.9978 0.0267
vn -0.1763 0.9802 0.0906
vn -0.1732 0.9802 0.0963
vn -0.0596 0.9978 0.0306
vn -0.0586 0.9977 0.0326
vn -0.8573 0.1954 0.4764
vn 0.1630 0.9801 -0.1128
vn 0.0553 0.9977 -0.0382
vn 0.1593 0.9801 -0.1181
vn 0.0540 0.9977 -0.0400
vn 0.1666 0.9801 -0.1074
vn 0.1701 0.9801 -0.1019
vn 0.0565 0.9977 -0.0364
vn 0.0576 0.9977 -0.0346
vn -0.1666 0.9802 0.1074
vn -0.0563 0.9977 0.0363
vn -0.1700 0.9802 0.1019
vn -0.0575 0.9977 0.0345
vn -0.1630 0.9802 0.1128
vn -0.1592 0.9802 0.1181
vn -0.0551 0.9977 0.0382
vn -0.0539 0.9977 0.0399
vn 0.1469 0.9801 -0.1331
vn 0.0498 0.9977 -0.0451
vn 0.1425 0.9801 -0.1379
vn 0.0483 0.9977 -0.0467
vn 0.1512 0.9801 -0.1283
vn 0.1553 0.9801 -0.1233
vn 0.0512 0.9977 -0.0435
vn 0.0526 0.9977 -0.0418
vn -0.1511 0.9802 0.1282
vn -0.0511 0.9977 0.0434
vn -0.1552 0.9802 0.1232
vn -0.0525 0.9978 0.0417
vn -0.1469 0.9802 0.1331
vn -0.1424 0.9802 0.1378
vn -0.0497 0.9977 0.0450
vn -0.0482 0.9977 0.0466
vn -0.6339 0.5557 0.5379
vn 0.5379 -0.5557 -0.6339
vn 0.3468 0.8299 -0.4370
vn 0.1283 0.9801 -0.1512
vn 0.0435 0.9977 -0.0512
vn 0.1233 0.9801 -0.1553
vn 0.0418 0.9977 -0.0526
vn 0.1331 0.9801 -0.1469
vn 0.1379 0.9801 -0.1425
vn 0.0451 0.9977 -0.0498
vn 0.0467 0.9977 -0.0483
vn -0.1331 0.9802 0.1469
vn -0.0450 0.9977 0.0497
vn -0.1378 0.9802 0.1424
vn -0.0466 0.9977 0.0482
vn -0.1282 0.9802 0.1511
vn -0.1232 0.9802 0.1552
vn -0.0434 0.9977 0.0511
vn -0.0417 0.9977 0.0525
vn -0.5379 0.5557 0.6340
vn -0.2868 -0.8300 0.4785
vn 0.1074 0.9801 -0.1666
vn 0.0364 0.9977 -0.0565
vn 0.1019 0.9801 -0.1701
vn 0.0346 0.9977 -0.0576
vn 0.1128 0.9801 -0.1630
vn 0.1181 0.9801 -0.1593
vn 0.0382 0.9977 -0.0553
vn 0.0400 0.9977 -0.0540
vn -0.1128 0.9802 0.1630
vn -0.0382 0.9978 0.0551
vn -0.1181 0.9802 0.1592
vn -0.0399 0.9977 0.0539
vn -0.1074 0.9802 0.1666
vn -0.1019 0.9802 0.1700
vn -0.0363 0.9977 0.0564
vn -0.0345 0.9977 0.0575
vn -0.4764 -0.1954 0.8572
vn -0.4038 -0.5557 0.7267
vn 0.0848 0.9801 -0.1792
vn 0.0287 0.9977 -0.0608
vn 0.0789 0.9801 -0.1819
vn 0.0267 0.9977 -0.0617
vn 0.0906 0.9801 -0.1764
vn 0.0963 0.9801 -0.1733
vn 0.0307 0.9977 -0.0598
vn 0.0326 0.9977 -0.0587
vn -0.0906 0.9802 0.1763
vn -0.0306 0.9978 0.0596
vn -0.0963 0.9802 0.1732
vn -0.0326 0.9977 0.0586
vn -0.0847 0.9802 0.1792
vn -0.0788 0.9802 0.1818
vn -0.0287 0.9977 0.0606
vn -0.0267 0.9977 0.0615
vn -0.3798 0.5557 0.7395
vn 0.0607 0.9801 -0.1888
vn 0.0206 0.9977 -0.0640
vn 0.0544 0.9801 -0.1907
vn 0.0185 0.9977 -0.0646
vn 0.0668 0.9801 -0.1867
vn 0.0729 0.9801 -0.1844
vn 0.0226 0.9977 -0.0633
vn 0.0247 0.9977 -0.0625
vn -0.0668 0.9802 0.1866
vn -0.0226 0.9977 0.0631
vn -0.0728 0.9802 0.1843
vn -0.0246 0.9977 0.0624
vn -0.0606 0.9802 0.1887
vn -0.0544 0.9802 0.1906
vn -0.0205 0.9977 0.0638
vn -0.0184 0.9977 0.0645
vn 0.0355 0.9801 -0.1951
vn 0.0120 0.9977 -0.0661
vn 0.0291 0.9801 -0.1961
vn 0.0099 0.9977 -0.0665
vn 0.0419 0.9801 -0.1938
vn 0.0482 0.9801 -0.1923
vn 0.0142 0.9977 -0.0657
vn 0.0163 0.9977 -0.0652
vn -0.0418 0.9802 0.1937
vn -0.0142 0.9978 0.0655
vn -0.0482 0.9802 0.1923
vn -0.0163 0.9977 0.0650
vn -0.0355 0.9802 0.1950
vn -0.0291 0.9802 0.1961
vn -0.0120 0.9977 0.0660
vn -0.0098 0.9977 0.0663
vn 0.0950 -0.5557 -0.8259
vn 0.0097 0.9801 -0.1980
vn 0.0033 0.9977 -0.0671
vn 0.0032 0.9801 -0.1982
vn 0.0011 0.9977 -0.0672
vn 0.0162 0.9801 -0.1976
vn 0.0227 0.9801 -0.1970
vn 0.0055 0.9977 -0.0670
vn 0.0077 0.9977 -0.0668
vn -0.0162 0.9802 0.1975
vn -0.0055 0.9977 0.0668
vn -0.0226 0.9802 0.1969
vn -0.0077 0.9977 0.0666
vn -0.0097 0.9802 0.1980
vn -0.0032 0.9802 0.1982
vn -0.0033 0.9977 0.0670
vn -0.0011 0.9977 0.0670
vn -0.0000 -1.0000 0.0000
vn 0.9993 0.0163 -0.0340
vn -0.4464 0.8313 0.3311
vn -0.0995 -0.8313 0.5468
vn 0.9335 0.1964 0.3000
vn 0.6825 -0.5577 -0.4723
vn -0.0816 -0.8313 0.5498
vn 0.9428 0.1964 0.2693
vn 0.6667 -0.5577 -0.4944
vn 0.4353 -0.8313 -0.3455
vn -0.1173 -0.8313 0.5433
vn 0.4238 -0.8313 -0.3596
vn 0.6976 -0.5577 -0.4498
vn 0.4118 -0.8313 -0.3732
vn -0.1350 -0.8313 0.5391
vn 0.3994 -0.8313 -0.3865
vn 0.7119 -0.5577 -0.4267
vn -0.0350 -0.9807 0.1923
vn 0.9232 0.1964 0.3303
vn -0.0287 -0.9807 0.1934
vn 0.9119 0.1964 0.3603
vn -0.6976 -0.5577 0.4498
vn 0.7080 0.7061 -0.0116
vn -0.7119 -0.5577 0.4267
vn 0.0350 0.9807 -0.1923
vn 0.5551 -0.8313 -0.0273
vn 0.7815 0.5577 0.2796
vn 0.5539 -0.8313 -0.0454
vn 0.7719 0.5577 0.3050
vn -0.6825 -0.5577 0.4723
vn 0.0287 0.9807 -0.1933
vn 0.5521 -0.8313 -0.0635
vn -0.0413 -0.9807 0.1911
vn -0.3050 0.5577 0.7719
vn 0.7902 0.5577 0.2539
vn -0.6667 -0.5577 0.4944
vn -0.0475 -0.9807 0.1896
vn -0.2796 0.5577 0.7815
vn -0.2539 0.5577 0.7902
vn 0.7981 0.5577 0.2279
vn 0.4570 0.8313 -0.3163
vn 0.0413 0.9807 -0.1911
vn -0.2279 0.5577 0.7981
vn 0.4464 0.8313 -0.3311
vn 0.0475 0.9807 -0.1896
vn -0.5291 -0.8313 -0.1700
vn -0.5344 -0.8313 -0.1526
vn 0.4671 0.8313 -0.3012
vn 0.0160 -0.9807 -0.1948
vn -0.5233 -0.8313 -0.1872
vn 0.4767 0.8313 -0.2857
vn 0.0223 -0.9807 -0.1942
vn 0.1607 0.9807 -0.1112
vn -0.0096 0.9807 0.1952
vn -0.5498 -0.8313 0.0816
vn -0.5169 -0.8313 -0.2043
vn 0.1570 0.9807 -0.1164
vn -0.0032 0.9807 0.1954
vn -0.5468 -0.8313 0.0995
vn -0.1861 -0.9807 -0.0598
vn -0.5433 -0.8313 0.1173
vn -0.1880 -0.9807 -0.0537
vn -0.1607 -0.9807 0.1112
vn 0.0096 -0.9807 -0.1952
vn -0.5391 -0.8313 0.1350
vn 0.0032 -0.9807 -0.1954
vn 0.1861 0.9807 0.0598
vn -0.1570 -0.9807 0.1164
vn -0.0160 0.9807 0.1948
vn 0.6667 -0.5577 0.4944
vn 0.1643 0.9807 -0.1059
vn -0.0223 0.9807 0.1942
vn 0.6825 -0.5577 0.4723
vn 0.1880 0.9807 0.0537
vn 0.1677 0.9807 -0.1005
vn 0.6976 -0.5577 0.4498
vn -0.1840 -0.9807 -0.0659
vn -0.0454 0.8313 0.5539
vn 0.7119 -0.5577 0.4267
vn -0.1818 -0.9807 -0.0718
vn -0.1643 -0.9807 0.1059
vn -0.0635 0.8313 0.5521
vn 0.7719 -0.5577 0.3050
vn -0.1677 -0.9807 0.1005
vn 0.7815 -0.5577 0.2796
vn 0.1840 0.9807 0.0658
vn -0.0273 0.8313 0.5551
vn 0.7902 -0.5577 0.2539
vn 0.1818 0.9807 0.0718
vn -0.1643 0.9807 0.1059
vn 0.7981 -0.5577 0.2279
vn -0.0091 0.8313 0.5557
vn 0.1911 -0.9807 0.0413
vn -0.1677 0.9807 0.1005
vn 0.1607 -0.9807 -0.1112
vn 0.0407 -0.5578 -0.8290
vn 0.1896 -0.9807 0.0475
vn 0.1570 -0.9807 -0.1164
vn 0.0136 -0.5577 -0.8299
vn -0.1923 0.9807 -0.0350
vn -0.1933 0.9807 -0.0287
vn -0.1607 0.9807 0.1112
vn 0.0678 -0.5577 -0.8272
vn 0.0635 0.8313 -0.5521
vn -0.1570 0.9807 0.1164
vn 0.0454 0.8313 -0.5539
vn 0.1923 -0.9807 0.0350
vn 0.1643 -0.9807 -0.1059
vn 0.0948 -0.5577 -0.8246
vn 0.0273 0.8313 -0.5551
vn 0.1934 -0.9807 0.0287
vn 0.1677 -0.9807 -0.1005
vn 0.0091 0.8313 -0.5557
vn -0.1911 0.9807 -0.0413
vn -0.0678 -0.5577 0.8272
vn -0.1896 0.9807 -0.0475
vn 0.4671 -0.8313 -0.3012
vn -0.0948 -0.5577 0.8246
vn 0.4767 -0.8313 -0.2857
vn -0.5433 0.8313 -0.1173
vn -0.0407 -0.5577 0.8290
vn -0.5391 0.8313 -0.1350
vn 0.4570 -0.8313 -0.3163
vn -0.0136 -0.5577 0.8299
vn -0.5468 0.8313 -0.0995
vn 0.4464 -0.8313 -0.3311
vn 0.5391 0.8313 0.1350
vn -0.5498 0.8313 -0.0816
vn -0.6825 0.5577 0.4724
vn 0.5433 0.8313 0.1173
vn -0.6667 0.5577 0.4944
vn 0.5468 0.8313 0.0995
vn 0.8166 -0.5577 0.1486
vn 0.5498 0.8313 0.0816
vn 0.8210 -0.5577 0.1218
vn -0.6976 0.5577 0.4498
vn 0.0635 0.8313 -0.5522
vn 0.8113 -0.5577 0.1752
vn -0.7119 0.5577 0.4267
vn 0.0096 0.9807 -0.1952
vn -0.8299 0.5577 0.0136
vn -0.8063 0.1964 0.5580
vn 0.0032 0.9807 -0.1954
vn -0.8290 0.5577 0.0407
vn 0.8051 -0.5577 0.2017
vn -0.7876 0.1964 0.5841
vn -0.8272 0.5578 0.0678
vn -0.0096 -0.9807 0.1952
vn -0.8246 0.5578 0.0948
vn -0.8113 -0.5577 -0.1752
vn -0.8051 -0.5577 -0.2017
vn -0.0032 -0.9807 0.1954
vn 0.0160 0.9807 -0.1948
vn -0.8166 -0.5577 -0.1486
vn 0.0223 0.9807 -0.1942
vn -0.8210 -0.5577 -0.1218
vn -0.8241 0.1964 0.5313
vn -0.0160 -0.9807 0.1948
vn -0.8410 0.1964 0.5041
vn -0.0223 -0.9807 0.1942
vn -0.4858 0.8313 -0.2700
vn -0.4944 0.8313 -0.2539
vn -0.5024 0.8313 -0.2376
vn -0.5099 0.8313 -0.2211
vn 0.1923 0.9807 0.0350
vn -0.5099 0.8313 0.2211
vn 0.1934 0.9807 0.0287
vn -0.5024 0.8313 0.2376
vn -0.4944 0.8313 0.2539
vn -0.1923 -0.9807 -0.0350
vn -0.4858 0.8313 0.2700
vn 0.8063 0.1964 -0.5580
vn -0.1350 0.8313 0.5391
vn -0.1934 -0.9807 -0.0287
vn 0.7876 0.1964 -0.5841
vn -0.1173 0.8313 0.5433
vn 0.1911 0.9807 0.0413
vn 0.0454 -0.8313 -0.5539
vn -0.0995 0.8313 0.5468
vn 0.1896 0.9807 0.0475
vn 0.0635 -0.8313 -0.5521
vn -0.0816 0.8313 0.5498
vn 0.7981 -0.5577 -0.2279
vn -0.1911 -0.9807 -0.0413
vn 0.0273 -0.8313 -0.5551
vn 0.7902 -0.5577 -0.2539
vn -0.1896 -0.9807 -0.0475
vn 0.8241 0.1964 -0.5313
vn 0.7815 -0.5577 -0.2796
vn 0.8410 0.1964 -0.5041
vn 0.0091 -0.8313 -0.5557
vn 0.7719 -0.5577 -0.3050
vn 0.6976 0.5577 -0.4498
vn -0.0407 0.5577 0.8290
vn 0.7119 0.5577 -0.4267
vn -0.0136 0.5577 0.8299
vn -0.5160 0.5577 -0.6501
vn -0.5370 0.5577 -0.6329
vn 0.6825 0.5577 -0.4724
vn -0.0678 0.5577 0.8272
vn -0.5574 0.5577 -0.6150
vn -0.5772 0.5577 -0.5964
vn 0.6667 0.5577 -0.4944
vn -0.0948 0.5577 0.8246
vn -0.1934 0.9807 -0.0287
vn -0.0481 0.1964 0.9793
vn -0.4570 -0.8313 0.3163
vn -0.0161 0.1964 0.9804
vn -0.0635 -0.8313 0.5521
vn -0.4464 -0.8313 0.3311
vn -0.0454 -0.8313 0.5539
vn -0.0273 -0.8313 0.5551
vn 0.5433 -0.8313 0.1173
vn -0.4671 -0.8313 0.3012
vn -0.0091 -0.8313 0.5557
vn 0.5391 -0.8313 0.1350
vn -0.4767 -0.8313 0.2857
vn 0.5468 -0.8313 0.0995
vn -0.5964 -0.5577 0.5772
vn -0.0801 0.1964 0.9772
vn 0.5498 -0.8313 0.0816
vn -0.1120 0.1964 0.9741
vn 0.4118 0.8313 -0.3732
vn -0.8166 0.5577 -0.1486
vn 0.3994 0.8313 -0.3865
vn -0.8210 0.5577 -0.1218
vn 0.4238 0.8313 -0.3596
vn -0.8113 0.5577 -0.1752
vn 0.4353 0.8313 -0.3455
vn -0.8051 0.5577 -0.2017
vn 0.1448 0.9807 -0.1313
vn -0.9647 0.1964 -0.1755
vn 0.1405 0.9807 -0.1359
vn -0.9699 0.1964 -0.1439
vn -0.1448 -0.9807 0.1313
vn 0.1490 -0.9807 -0.1265
vn 0.0481 0.1964 -0.9793
vn -0.1405 -0.9807 0.1359
vn 0.1531 -0.9807 -0.1215
vn 0.0161 0.1964 -0.9804
vn 0.1490 0.9807 -0.1265
vn -0.1448 0.9807 0.1313
vn 0.1531 0.9807 -0.1215
vn -0.1405 0.9807 0.1359
vn -0.9584 0.1964 -0.2070
vn -0.1490 -0.9807 0.1265
vn 0.1448 -0.9807 -0.1313
vn -0.9511 0.1964 -0.2382
vn -0.1531 -0.9807 0.1215
vn 0.1405 -0.9807 -0.1359
vn 0.0801 0.1964 -0.9772
vn -0.1490 0.9807 0.1265
vn 0.1120 0.1964 -0.9741
vn -0.1531 0.9807 0.1215
vn 0.0678 0.5577 -0.8272
vn -0.4238 0.8313 0.3596
vn 0.0948 0.5577 -0.8246
vn -0.4353 0.8313 0.3455
vn 0.0407 0.5577 -0.8290
vn -0.4118 0.8313 0.3732
vn 0.0136 0.5577 -0.8299
vn -0.3994 0.8313 0.3865
vn 0.1491 -0.9807 -0.1265
vn 0.9647 0.1964 0.1755
vn 0.6150 -0.5578 -0.5574
vn 0.9699 0.1964 0.1439
vn 0.5964 -0.5577 -0.5772
vn 0.6329 -0.5577 -0.5370
vn 0.6501 -0.5577 -0.5160
vn 0.9584 0.1964 0.2070
vn 0.9511 0.1964 0.2382
vn -0.6329 -0.5577 0.5370
vn -0.6501 -0.5577 0.5160
vn 0.8113 0.5577 0.1752
vn -0.6150 0.5577 0.5574
vn 0.8051 0.5577 0.2017
vn -0.5964 0.5577 0.5772
vn -0.6150 -0.5577 0.5574
vn 0.8166 0.5577 0.1486
vn -0.6329 0.5577 0.5370
vn -0.8226 0.0031 0.5686
vn -0.1112 0.9807 -0.1607
vn 0.8210 0.5577 0.1218
vn -0.6501 0.5577 0.5160
vn -0.1164 0.9807 -0.1570
vn -0.7265 0.1964 0.6585
vn -0.5468 -0.8313 -0.0995
vn -0.7046 0.1964 0.6819
vn 0.1112 -0.9807 0.1607
vn -0.5498 -0.8313 -0.0816
vn -0.0096 -0.9807 -0.1952
vn 0.1164 -0.9807 0.1570
vn -0.8251 0.0076 0.5649
vn -0.5433 -0.8313 -0.1173
vn -0.0032 -0.9807 -0.1954
vn -0.3163 0.8313 -0.4570
vn -0.5391 -0.8313 -0.1350
vn 0.0032 0.9807 0.1954
vn -0.3311 0.8313 -0.4464
vn -0.8286 0.0076 0.5598
vn -0.7477 0.1964 0.6344
vn 0.4722 -0.5578 0.6825
vn -0.7680 0.1964 0.6096
vn 0.0091 0.8313 0.5557
vn 0.4944 -0.5577 0.6667
vn 0.0000 1.0000 0.0000
vn -0.8286 -0.0076 0.5598
vn 0.1933 0.9807 0.0287
vn -0.0407 -0.5577 -0.8290
vn -0.4724 -0.5577 -0.6824
vn -0.0136 -0.5577 -0.8299
vn -0.4944 -0.5577 -0.6667
vn -0.9963 -0.0110 0.0850
vn -0.8251 -0.0076 0.5649
vn 0.0407 -0.5578 0.8289
vn 0.3162 0.8314 0.4569
vn 0.0136 -0.5577 0.8299
vn 0.3311 0.8313 0.4464
vn 0.1948 -0.9807 0.0160
vn 0.1112 0.9807 0.1607
vn 0.7265 0.1964 -0.6585
vn 0.9992 0.0073 -0.0393
vn 0.1164 0.9807 0.1570
vn 0.1942 -0.9807 0.0223
vn 0.7046 0.1964 -0.6819
vn -0.8226 -0.0031 0.5686
vn -0.1952 0.9807 -0.0096
vn -0.0091 0.8313 -0.5557
vn -0.1113 -0.9807 -0.1607
vn -0.9247 -0.3803 -0.0152
vn -0.1164 -0.9807 -0.1570
vn 0.1952 -0.9807 0.0096
vn -0.0032 0.9807 -0.1954
vn 0.9246 0.3807 0.0152
vn 0.7477 0.1964 -0.6344
vn 0.1113 -0.9807 0.1607
vn -0.1948 0.9807 -0.0160
vn 0.7680 0.1964 -0.6096
vn 0.0096 -0.9807 0.1952
vn -0.1942 0.9807 -0.0223
vn 0.0032 -0.9807 0.1954
vn 0.6329 0.5577 -0.5370
vn -0.5539 0.8313 -0.0454
vn 0.6501 0.5577 -0.5160
vn 0.0095 0.9807 0.1952
vn -0.5521 0.8313 -0.0635
vn 0.6150 0.5577 -0.5574
vn 0.3164 -0.8313 0.4569
vn -0.5551 0.8313 -0.0273
vn 0.5964 0.5577 -0.5772
vn 0.3311 -0.8313 0.4464
vn -0.0327 -0.0000 0.9995
vn -0.4118 -0.8313 0.3732
vn -0.4723 0.5578 -0.6824
vn 0.8290 -0.5577 0.0407
vn -0.3994 -0.8313 0.3865
vn -0.0091 -0.8313 -0.5557
vn -0.4944 0.5577 -0.6667
vn -0.7080 -0.7061 -0.0116
vn -0.4238 -0.8313 0.3596
vn -0.5580 0.1965 -0.8062
vn 0.8272 -0.5577 0.0678
vn 0.0406 0.5577 0.8290
vn -0.5841 0.1964 -0.7876
vn -0.4353 -0.8313 0.3455
vn -0.8312 0.0021 0.5559
vn 0.8246 -0.5577 0.0948
vn 0.0136 0.5577 0.8299
vn -0.8315 -0.0000 0.5556
vn -1.0000 0.0000 0.0000
vn -0.8272 -0.5577 -0.0678
vn -0.8246 -0.5577 -0.0948
vn -0.8290 -0.5578 -0.0407
vn -0.8316 -0.0033 0.5554
vn -0.8324 -0.0024 0.5541
vn -0.7080 0.7061 -0.0116
vn 0.5580 0.1964 0.8063
vn 0.5841 0.1964 0.7876
vn 0.5551 0.8313 0.0273
vn -0.0327 0.0000 -0.9995
vn 0.5539 0.8313 0.0454
vn 0.1313 -0.9807 -0.1448
vn 0.5522 0.8313 0.0635
vn 0.1359 -0.9807 -0.1405
vn 0.4724 0.5577 0.6825
vn 0.1952 0.9807 0.0096
vn -0.1265 0.9807 0.1490
vn -0.9246 0.3807 0.0151
vn -0.1215 0.9807 0.1531
vn 0.4944 0.5577 0.6667
vn 0.9995 -0.0000 -0.0327
vn -0.1952 -0.9807 -0.0096
vn 0.1265 -0.9807 -0.1490
vn -0.0408 0.5578 -0.8289
vn -0.3162 -0.8314 -0.4570
vn 0.1215 -0.9807 -0.1531
vn -0.0136 0.5577 -0.8299
vn -0.3311 -0.8313 -0.4464
vn -0.1313 0.9807 0.1448
vn 0.1948 0.9807 0.0160
vn -0.1359 0.9807 0.1405
vn -0.1112 -0.9807 -0.1607
vn 0.1942 0.9807 0.0223
vn -0.3732 0.8313 0.4118
vn -0.1948 -0.9807 -0.0160
vn -0.3865 0.8313 0.3994
vn 0.0091 -0.8313 0.5557
vn -0.1942 -0.9807 -0.0223
vn 0.9979 0.0546 -0.0343
vn -0.3596 0.8313 0.4238
vn 0.9995 0.0022 -0.0309
vn 0.0032 -0.9807 0.1955
vn -0.3455 0.8313 0.4353
vn 0.1265 -0.9807 0.1491
vn -0.0096 0.9807 -0.1952
vn 0.5370 -0.5577 -0.6329
vn 0.1215 -0.9807 0.1531
vn -0.7080 -0.7061 0.0116
vn 0.5160 -0.5577 -0.6501
vn -0.1313 0.9807 -0.1448
vn -0.1359 0.9807 -0.1405
vn 0.5574 -0.5577 -0.6150
vn 0.9999 0.0000 0.0164
vn 0.1313 -0.9807 0.1448
vn 0.5772 -0.5577 -0.5964
vn 0.1359 -0.9807 0.1405
vn -0.1265 0.9807 -0.1490
vn -0.5574 -0.5577 0.6150
vn -0.1215 0.9807 -0.1531
vn 0.5539 -0.8313 0.0454
vn -0.5772 -0.5577 0.5964
vn 0.5521 -0.8313 0.0635
vn -0.3596 0.8313 -0.4238
vn -0.5370 -0.5577 0.6329
vn -0.3455 0.8313 -0.4353
vn 0.5551 -0.8313 0.0273
vn -0.5160 -0.5577 0.6501
vn -0.3311 0.8313 0.4464
vn -0.3732 0.8313 -0.4118
vn -0.3163 0.8313 0.4570
vn 0.3596 0.8313 -0.4238
vn -0.3012 0.8313 0.4671
vn -0.3865 0.8313 -0.3994
vn -0.8290 0.5577 -0.0407
vn 0.3455 0.8313 -0.4353
vn -0.2857 0.8313 0.4767
vn 0.5574 -0.5577 0.6150
vn 0.3732 0.8313 -0.4118
vn 0.5772 -0.5577 0.5965
vn -0.8272 0.5577 -0.0678
vn 0.3865 0.8313 -0.3994
vn 0.5370 -0.5577 0.6329
vn -0.8246 0.5577 -0.0948
vn 0.1265 0.9807 -0.1490
vn -0.9793 0.1964 -0.0481
vn 0.1215 0.9807 -0.1531
vn 0.5160 -0.5577 0.6501
vn -0.9246 -0.3807 0.0151
vn -0.1265 -0.9807 0.1490
vn -0.5370 -0.5577 -0.6329
vn -0.5160 -0.5577 -0.6501
vn -0.1215 -0.9807 0.1531
vn 0.1313 0.9807 -0.1448
vn -0.5574 -0.5577 -0.6150
vn 0.1359 0.9807 -0.1405
vn -0.5772 -0.5577 -0.5964
vn -0.9772 0.1964 -0.0801
vn -0.1313 -0.9807 0.1448
vn -0.9741 0.1964 -0.1120
vn -0.1359 -0.9807 0.1405
vn 0.3732 0.8313 0.4118
vn -0.7615 0.5577 0.3302
vn 0.3865 0.8313 0.3994
vn -0.7503 0.5577 0.3549
vn -0.7383 0.5577 0.3792
vn 0.3596 0.8313 0.4238
vn -0.7255 0.5577 0.4032
vn -0.3050 -0.5577 0.7719
vn 0.3455 0.8313 0.4353
vn -0.2796 -0.5577 0.7815
vn 0.1313 0.9807 0.1448
vn -0.2539 -0.5577 0.7902
vn 0.1359 0.9807 0.1405
vn -0.2279 -0.5577 0.7981
vn -0.1313 -0.9807 -0.1448
vn 0.9793 0.1964 0.0481
vn -0.1359 -0.9807 -0.1405
vn 0.9246 -0.3807 0.0152
vn 0.1265 0.9807 0.1490
vn 0.3732 -0.8313 -0.4118
vn 0.1215 0.9807 0.1531
vn 0.3865 -0.8313 -0.3994
vn -0.1265 -0.9807 -0.1491
vn 0.3596 -0.8313 -0.4238
vn -0.1215 -0.9807 -0.1531
vn 0.9772 0.1964 0.0801
vn 0.9741 0.1964 0.1120
vn 0.3455 -0.8313 -0.4353
vn -0.1265 0.9807 -0.1491
vn 0.8272 0.5577 0.0678
vn -0.5370 0.5577 0.6329
vn 0.5498 0.8313 -0.0816
vn 0.8246 0.5578 0.0948
vn -0.5160 0.5577 0.6501
vn 0.5468 0.8313 -0.0995
vn 0.5433 0.8313 -0.1173
vn 0.8290 0.5577 0.0407
vn -0.5574 0.5577 0.6150
vn 0.5391 0.8313 -0.1350
vn -0.9247 0.3803 -0.0152
vn -0.5772 0.5577 0.5964
vn -0.6344 0.1964 0.7477
vn -0.2700 0.8313 0.4858
vn 0.1265 -0.9807 0.1490
vn -0.5551 -0.8313 -0.0273
vn -0.6096 0.1964 0.7680
vn -0.2539 0.8313 0.4944
vn -0.9248 0.3803 0.0151
vn -0.2376 0.8313 0.5024
vn -0.2211 0.8313 0.5099
vn 0.3596 -0.8313 0.4238
vn -0.5539 -0.8313 -0.0454
vn 0.3455 -0.8313 0.4353
vn -0.5521 -0.8313 -0.0635
vn 0.3732 -0.8313 0.4118
vn -0.6585 0.1964 0.7265
vn 0.3865 -0.8313 0.3994
vn -0.6819 0.1964 0.7046
vn 0.9246 0.3807 -0.0152
vn -0.6585 0.1964 -0.7265
vn -0.6819 0.1964 -0.7046
vn 0.1952 -0.9807 -0.0096
vn 0.6344 0.1964 -0.7477
vn 0.6825 -0.5577 -0.4724
vn 0.6096 0.1964 -0.7680
vn -0.1948 0.9807 0.0160
vn -0.1942 0.9807 0.0223
vn -0.6344 0.1964 -0.7477
vn 0.1948 -0.9807 -0.0160
vn -0.6096 0.1964 -0.7680
vn 0.1942 -0.9807 -0.0223
vn 0.6585 0.1964 -0.7265
vn -0.1952 0.9807 0.0096
vn 0.6819 0.1964 -0.7046
vn -0.9247 -0.3803 0.0152
vn 0.5574 0.5577 -0.6150
vn -0.5551 0.8313 0.0273
vn 0.5772 0.5577 -0.5964
vn -0.5169 -0.8313 -0.2042
vn 0.5370 0.5577 -0.6329
vn -0.5539 0.8313 0.0454
vn 0.5160 0.5577 -0.6501
vn -0.5522 0.8313 0.0635
vn -0.3596 -0.8313 0.4238
vn 0.6585 0.1964 0.7265
vn 0.8272 -0.5578 -0.0678
vn -0.3455 -0.8313 0.4353
vn 0.5772 -0.5577 0.5964
vn 0.6819 0.1964 0.7046
vn 0.8246 -0.5577 -0.0948
vn -0.3732 -0.8313 0.4118
vn 0.8290 -0.5577 -0.0407
vn -0.0274 0.8314 -0.5550
vn -0.3865 -0.8313 0.3994
vn 0.6344 0.1964 0.7477
vn 0.6096 0.1964 0.7680
vn -0.8290 -0.5577 0.0407
vn 0.5099 -0.8313 -0.2211
vn -0.7080 0.7061 0.0116
vn 0.5024 -0.8313 -0.2376
vn 0.5370 0.5577 0.6329
vn 0.4944 -0.8313 -0.2539
vn 0.5160 0.5577 0.6501
vn -0.8272 -0.5577 0.0678
vn 0.4858 -0.8313 -0.2700
vn 0.2017 0.5577 -0.8051
vn 0.5574 0.5577 0.6150
vn -0.8246 -0.5577 0.0948
vn 0.1752 0.5577 -0.8113
vn 0.1486 0.5577 -0.8166
vn 0.5772 0.5577 0.5964
vn 0.5539 0.8313 -0.0454
vn 0.1218 0.5577 -0.8210
vn 0.5522 0.8313 -0.0635
vn -0.3732 -0.8313 -0.4118
vn -0.3865 -0.8313 -0.3994
vn 0.5551 0.8313 -0.0273
vn 0.1112 -0.9807 -0.1607
vn -0.7255 -0.5577 -0.4032
vn -0.7383 -0.5577 -0.3792
vn -0.3596 -0.8313 -0.4238
vn 0.1164 -0.9807 -0.1570
vn -0.7503 -0.5577 -0.3549
vn 0.1948 0.9807 -0.0160
vn -0.1059 0.9807 0.1643
vn -0.7615 -0.5577 -0.3302
vn -0.3455 -0.8313 -0.4353
vn 0.1942 0.9807 -0.0223
vn -0.1005 0.9807 0.1677
vn 0.4464 0.8313 0.3311
vn 0.4570 0.8313 0.3163
vn -0.1948 -0.9807 0.0160
vn 0.1059 -0.9807 -0.1643
vn 0.4671 0.8313 0.3012
vn 0.1005 -0.9807 -0.1677
vn 0.4767 0.8313 0.2857
vn -0.1942 -0.9807 0.0223
vn -0.1112 0.9807 0.1607
vn 0.1952 0.9807 -0.0096
vn -0.1164 0.9807 0.1570
vn -0.9246 0.3807 -0.0151
vn -0.1952 -0.9807 0.0096
vn 0.1448 -0.9807 0.1313
vn 0.4498 -0.5577 -0.6976
vn 0.9246 -0.3807 -0.0152
vn 0.1405 -0.9807 0.1359
vn 0.4267 -0.5577 -0.7119
vn -0.1490 0.9807 -0.1265
vn -0.1531 0.9807 -0.1215
vn 0.4723 -0.5577 -0.6825
vn 0.3311 -0.8313 -0.4464
vn 0.1490 -0.9807 0.1265
vn 0.4944 -0.5577 -0.6667
vn 0.3163 -0.8313 -0.4570
vn 0.1531 -0.9807 0.1215
vn 0.3012 -0.8313 -0.4671
vn -0.1448 0.9807 -0.1313
vn -0.4724 -0.5577 0.6825
vn 0.2857 -0.8313 -0.4767
vn -0.1405 0.9807 -0.1359
vn -0.4944 -0.5577 0.6667
vn 0.4723 0.5578 0.6824
vn -0.4118 0.8313 -0.3732
vn -0.4498 -0.5577 0.6976
vn -0.3994 0.8313 -0.3865
vn -0.4267 -0.5577 0.7119
vn -0.4238 0.8313 -0.3596
vn 0.5522 -0.8313 -0.0635
vn 0.3012 0.8313 -0.4671
vn -0.4353 0.8313 -0.3455
vn -0.8272 0.5577 0.0678
vn 0.2857 0.8313 -0.4767
vn -0.8246 0.5577 0.0948
vn 0.6329 -0.5577 0.5370
vn 0.3163 0.8313 -0.4570
vn 0.6501 -0.5577 0.5160
vn 0.7615 0.5577 -0.3302
vn 0.3311 0.8313 -0.4464
vn 0.7503 0.5577 -0.3549
vn 0.6150 -0.5577 0.5574
vn -0.9246 -0.3807 -0.0152
vn 0.1059 0.9807 -0.1643
vn 0.7383 0.5577 -0.3792
vn -0.9772 0.1964 0.0801
vn 0.1005 0.9807 -0.1677
vn 0.7255 0.5577 -0.4032
vn 0.5964 -0.5577 0.5772
vn -0.9741 0.1964 0.1120
vn -0.1059 -0.9807 0.1643
vn -0.6150 -0.5577 -0.5574
vn -0.5964 -0.5577 -0.5772
vn -0.1005 -0.9807 0.1677
vn 0.1112 0.9807 -0.1607
vn -0.6329 -0.5577 -0.5370
vn 0.1164 0.9807 -0.1570
vn -0.6501 -0.5577 -0.5160
vn -0.9793 0.1964 0.0481
vn -0.1112 -0.9807 0.1607
vn -0.1164 -0.9807 0.1570
vn 0.4238 0.8313 0.3596
vn -0.3162 0.8314 -0.4569
vn 0.4353 0.8313 0.3455
vn -0.2043 -0.8313 0.5169
vn 0.4118 0.8313 0.3732
vn -0.1872 -0.8313 0.5233
vn -0.1700 -0.8313 0.5291
vn 0.3994 0.8313 0.3865
vn -0.1526 -0.8313 0.5344
vn 0.1490 0.9807 0.1265
vn 0.1531 0.9807 0.1215
vn -0.5169 0.8313 -0.2043
vn -0.1490 -0.9807 -0.1265
vn -0.5233 0.8313 -0.1872
vn 0.9772 0.1964 -0.0801
vn -0.5291 0.8313 -0.1700
vn -0.1531 -0.9807 -0.1215
vn 0.9741 0.1964 -0.1120
vn -0.5344 0.8313 -0.1526
vn 0.1448 0.9807 0.1313
vn 0.1405 0.9807 0.1359
vn 0.5344 -0.8313 -0.1526
vn 0.5291 -0.8313 -0.1700
vn -0.1448 -0.9807 -0.1313
vn 0.5233 -0.8313 -0.1872
vn -0.1405 -0.9807 -0.1359
vn 0.9793 0.1964 -0.0481
vn 0.5169 -0.8313 -0.2042
vn 0.8290 0.5577 -0.0407
vn -0.4498 0.5577 0.6976
vn 0.0407 -0.5577 -0.8290
vn 0.9999 0.0000 -0.0164
vn -0.4267 0.5577 0.7119
vn 0.1491 -0.9807 0.1265
vn -0.4944 0.5577 0.6667
vn 0.8272 0.5577 -0.0678
vn -0.4724 0.5577 0.6825
vn -0.4723 0.5577 0.6825
vn 0.8246 0.5577 -0.0948
vn -0.5313 0.1964 0.8241
vn -0.5539 -0.8313 0.0454
vn -0.5041 0.1964 0.8410
vn -0.5521 -0.8313 0.0635
vn -0.2017 0.5577 0.8051
vn 0.4118 -0.8313 0.3732
vn -0.5551 -0.8313 0.0273
vn -0.1752 0.5577 0.8113
vn 0.3994 -0.8313 0.3865
vn -0.1486 0.5577 0.8166
vn -0.6825 -0.5577 0.4724
vn -0.1218 0.5577 0.8210
vn 0.4238 -0.8313 0.3596
vn 0.7255 0.5577 0.4032
vn -0.5580 0.1964 0.8063
vn 0.7383 0.5577 0.3792
vn 0.4353 -0.8313 0.3455
vn -0.5841 0.1964 0.7876
vn 0.7503 0.5577 0.3549
vn 0.7615 0.5577 0.3302
vn -0.6329 0.5577 -0.5370
vn -0.6501 0.5577 -0.5160
vn 0.7981 0.5577 -0.2279
vn 0.7902 0.5577 -0.2539
vn -0.6150 0.5577 -0.5574
vn -0.9999 0.0000 0.0164
vn 0.7815 0.5577 -0.2796
vn 0.5521 0.8313 -0.0635
vn 0.7719 0.5577 -0.3050
vn -0.5964 0.5577 -0.5772
vn 0.0272 0.8313 0.5551
vn -0.7477 0.1964 -0.6344
vn 0.4464 -0.8313 0.3311
vn -0.7680 0.1964 -0.6096
vn 0.4570 -0.8313 0.3163
vn 0.1923 -0.9807 -0.0350
vn 0.4671 -0.8313 0.3012
vn 0.5313 0.1964 -0.8241
vn 0.4767 -0.8313 0.2857
vn 0.1934 -0.9807 -0.0287
vn 0.5041 0.1964 -0.8410
vn -0.1911 0.9807 0.0413
vn -0.1896 0.9807 0.0475
vn -0.7265 0.1964 -0.6585
vn 0.1911 -0.9807 -0.0413
vn -0.7046 0.1964 -0.6819
vn 0.1896 -0.9807 -0.0475
vn 0.5580 0.1964 -0.8063
vn -0.1923 0.9807 0.0350
vn 0.5841 0.1964 -0.7876
vn -0.5498 0.8313 0.0816
vn -0.1933 0.9807 0.0287
vn -0.5468 0.8313 0.0995
vn 0.4723 0.5577 -0.6825
vn -0.5433 0.8313 0.1173
vn 0.4944 0.5577 -0.6667
vn -0.5391 0.8313 0.1350
vn 0.4498 0.5577 -0.6976
vn 0.4267 0.5577 -0.7119
vn -0.6825 0.5577 0.4723
vn -0.3012 -0.8313 0.4671
vn 0.7477 0.1964 0.6344
vn 0.8113 -0.5577 -0.1752
vn -0.2857 -0.8313 0.4767
vn 0.7680 0.1964 0.6096
vn 0.8051 -0.5577 -0.2017
vn -0.3163 -0.8313 0.4570
vn 0.3050 -0.5577 -0.7719
vn 0.8166 -0.5577 -0.1486
vn 0.2796 -0.5577 -0.7815
vn 0.2700 -0.8313 -0.4858
vn -0.3311 -0.8313 0.4464
vn 0.2539 -0.5577 -0.7902
vn 0.2539 -0.8313 -0.4944
vn 0.8210 -0.5577 -0.1218
vn 0.2279 -0.5577 -0.7981
vn 0.2376 -0.8313 -0.5024
vn 0.7265 0.1964 0.6585
vn 0.2211 -0.8313 -0.5099
vn 0.7046 0.1964 0.6819
vn -0.8166 -0.5577 0.1486
vn -0.8210 -0.5577 0.1218
vn 0.6150 0.5577 0.5574
vn 0.5964 0.5577 0.5772
vn -0.8113 -0.5577 0.1752
vn 0.2042 0.8313 -0.5169
vn 0.6329 0.5577 0.5370
vn -0.8051 -0.5577 0.2017
vn 0.1872 0.8313 -0.5233
vn 0.4032 0.5577 -0.7255
vn 0.1700 0.8313 -0.5291
vn 0.6501 0.5577 0.5160
vn 0.3792 0.5577 -0.7383
vn 0.1526 0.8313 -0.5344
vn 0.3549 0.5577 -0.7503
vn -0.4238 -0.8313 -0.3596
vn 0.3302 0.5577 -0.7615
vn -0.4353 -0.8313 -0.3455
vn 0.0893 -0.9807 -0.1739
vn -0.4118 -0.8313 -0.3732
vn 0.0949 -0.9807 -0.1709
vn 0.1911 0.9807 -0.0413
vn -0.0836 0.9807 0.1767
vn -0.3994 -0.8313 -0.3865
vn 0.1896 0.9807 -0.0475
vn -0.0778 0.9807 0.1793
vn -0.1911 -0.9807 0.0413
vn 0.0836 -0.9807 -0.1767
vn 0.0777 -0.9807 -0.1793
vn -0.1896 -0.9807 0.0475
vn -0.0893 0.9807 0.1739
vn 0.2700 0.8313 -0.4858
vn 0.1923 0.9807 -0.0350
vn -0.0949 0.9807 0.1709
vn 0.2539 0.8313 -0.4944
vn 0.1934 0.9807 -0.0287
vn 0.2376 0.8313 -0.5024
vn 0.5344 0.8313 -0.1526
vn 0.2211 0.8313 -0.5099
vn 0.5291 0.8313 -0.1700
vn -0.1923 -0.9807 0.0350
vn 0.5233 0.8313 -0.1872
vn -0.1934 -0.9807 0.0287
vn 0.5169 0.8313 -0.2043
vn 0.1607 -0.9807 0.1112
vn 0.3549 -0.5577 -0.7503
vn 0.1570 -0.9807 0.1164
vn 0.3302 -0.5577 -0.7615
vn -0.1643 0.9807 -0.1059
vn -0.1677 0.9807 -0.1005
vn 0.3792 -0.5577 -0.7383
vn 0.1643 -0.9807 0.1059
vn 0.4032 -0.5577 -0.7255
vn 0.1677 -0.9807 0.1005
vn -0.1607 0.9807 -0.1112
vn -0.3792 -0.5577 0.7383
vn -0.1570 0.9807 -0.1164
vn 0.5468 -0.8313 -0.0995
vn -0.4032 -0.5577 0.7255
vn 0.5498 -0.8313 -0.0816
vn 0.4724 0.5577 -0.6825
vn -0.4570 0.8313 -0.3163
vn -0.3549 -0.5577 0.7503
vn -0.6667 0.5577 -0.4944
vn -0.4464 0.8313 -0.3311
vn 0.5433 -0.8313 -0.1173
vn -0.6825 0.5577 -0.4724
vn -0.3301 -0.5577 0.7615
vn -0.6976 0.5577 -0.4498
vn -0.4671 0.8313 -0.3012
vn 0.5391 -0.8313 -0.1350
vn -0.7119 0.5577 -0.4267
vn -0.6667 -0.5577 -0.4944
vn -0.4767 0.8313 -0.2857
vn -0.8113 0.5577 0.1752
vn -0.6825 -0.5577 -0.4724
vn 0.9247 0.3803 -0.0152
vn -0.8051 0.5577 0.2017
vn -0.6976 -0.5577 -0.4498
vn -0.7119 -0.5577 -0.4267
vn 0.8272 -0.5577 -0.0678
vn -0.8166 0.5577 0.1486
vn 0.6825 -0.5577 0.4724
vn -0.8210 0.5577 0.1218
vn 0.0836 0.9807 -0.1767
vn -0.9584 0.1964 0.2070
vn 0.0777 0.9807 -0.1793
vn 0.5169 -0.8313 0.2042
vn -0.9511 0.1964 0.2382
vn 0.5233 -0.8313 0.1872
vn -0.0836 -0.9807 0.1767
vn 0.5291 -0.8313 0.1700
vn 0.5344 -0.8313 0.1526
vn -0.0778 -0.9807 0.1793
vn 0.0893 0.9807 -0.1739
vn 0.0950 0.9807 -0.1709
vn -0.9647 0.1964 0.1755
vn -0.0893 -0.9807 0.1739
vn -0.9699 0.1964 0.1439
vn -0.0950 -0.9807 0.1709
vn -0.7981 -0.5577 0.2279
vn -0.7902 -0.5577 0.2539
vn -0.7815 -0.5577 0.2796
vn -0.7719 -0.5577 0.3050
vn 0.0778 -0.9807 -0.1793
vn 0.8246 0.5577 0.0948
vn 0.1643 0.9807 0.1059
vn -0.5344 -0.8313 0.1526
vn 0.1677 0.9807 0.1005
vn -0.5291 -0.8313 0.1700
vn -0.5233 -0.8313 0.1872
vn 0.8299 0.5577 0.0136
vn -0.1643 -0.9807 -0.1059
vn -0.5169 -0.8313 0.2042
vn 0.9584 0.1964 -0.2070
vn 0.8210 0.5577 -0.1218
vn -0.1677 -0.9807 -0.1005
vn 0.9511 0.1964 -0.2382
vn 0.8166 0.5577 -0.1486
vn -0.3164 -0.8313 -0.4569
vn 0.1607 0.9807 0.1112
vn 0.8113 0.5577 -0.1752
vn 0.1570 0.9807 0.1164
vn 0.8051 0.5577 -0.2017
vn -0.0273 -0.8313 -0.5551
vn -0.1607 -0.9807 -0.1112
vn -0.1570 -0.9807 -0.1164
vn 0.9647 0.1964 -0.1755
vn 0.9699 0.1964 -0.1439
vn -0.3549 0.5577 0.7503
vn 0.8210 0.5578 -0.1218
vn -0.3302 0.5577 0.7615
vn -0.3792 0.5577 0.7383
vn -0.2017 -0.5577 0.8051
vn -0.1752 -0.5577 0.8113
vn -0.4032 0.5577 0.7255
vn -0.1486 -0.5577 0.8166
vn -0.4192 0.1964 0.8864
vn -0.1218 -0.5577 0.8210
vn -0.3900 0.1964 0.8996
vn 0.4724 -0.5577 -0.6825
vn -0.4480 0.1964 0.8722
vn -0.5772 0.5577 0.5965
vn -0.4763 0.1964 0.8571
vn -0.4858 -0.8313 -0.2700
vn -0.4944 -0.8313 -0.2539
vn -0.6825 0.5577 -0.4723
vn -0.3302 -0.5577 0.7615
vn -0.5024 -0.8313 -0.2376
vn -0.5099 -0.8313 -0.2211
vn -0.8241 0.1964 -0.5313
vn 0.1350 -0.8313 -0.5391
vn -0.8410 0.1964 -0.5041
vn 0.1173 -0.8313 -0.5433
vn -0.2042 0.8313 0.5169
vn 0.1861 -0.9807 -0.0598
vn 0.0995 -0.8313 -0.5468
vn -0.1872 0.8313 0.5233
vn 0.4192 0.1964 -0.8864
vn 0.0816 -0.8313 -0.5498
vn -0.1700 0.8313 0.5291
vn 0.1880 -0.9807 -0.0537
vn 0.3900 0.1964 -0.8996
vn -0.1526 0.8313 0.5344
vn -0.1840 0.9807 0.0658
vn -0.7719 0.5577 -0.3050
vn -0.1818 0.9807 0.0718
vn -0.7815 0.5577 -0.2796
vn -0.7902 0.5577 -0.2539
vn -0.8063 0.1964 -0.5580
vn 0.1840 -0.9807 -0.0659
vn -0.7981 0.5577 -0.2279
vn -0.7876 0.1964 -0.5841
vn 0.1818 -0.9807 -0.0718
vn 0.4480 0.1964 -0.8722
vn -0.1861 0.9807 0.0598
vn 0.4763 0.1964 -0.8571
vn -0.1880 0.9807 0.0537
vn -0.5291 0.8313 0.1700
vn -0.5344 0.8313 0.1526
vn -0.5099 -0.8313 0.2211
vn -0.5024 -0.8313 0.2376
vn -0.5233 0.8313 0.1872
vn -0.4944 -0.8313 0.2539
vn -0.4858 -0.8313 0.2700
vn -0.5169 0.8313 0.2043
vn -0.2376 -0.8313 0.5024
vn 0.4724 -0.5577 0.6824
vn 0.8241 0.1964 0.5313
vn -0.2211 -0.8313 0.5099
vn 0.8410 0.1964 0.5041
vn -0.2539 -0.8313 0.4944
vn -0.2700 -0.8313 0.4858
vn 0.7080 0.7061 0.0116
vn 0.8063 0.1964 0.5580
vn 0.7615 -0.5577 -0.3302
vn 0.7876 0.1964 0.5841
vn 0.7503 -0.5577 -0.3549
vn -0.8272 -0.5578 -0.0678
vn 0.7383 -0.5577 -0.3792
vn -0.8290 -0.5577 -0.0407
vn 0.6825 0.5577 0.4723
vn 0.7255 -0.5577 -0.4032
vn 0.6667 0.5577 0.4944
vn 0.0778 0.9807 -0.1793
vn 0.6976 0.5577 0.4498
vn -0.0949 -0.9807 0.1709
vn -0.9931 -0.0322 0.1132
vn 0.7119 0.5577 0.4267
vn 0.0949 0.9807 -0.1709
vn -0.4671 -0.8313 -0.3012
vn -0.4767 -0.8313 -0.2857
vn 0.0658 -0.9807 -0.1840
vn -0.4570 -0.8313 -0.3163
vn 0.0718 -0.9807 -0.1818
vn 0.1840 0.9807 -0.0659
vn -0.0598 0.9807 0.1861
vn -0.4464 -0.8313 -0.3311
vn 0.1818 0.9807 -0.0718
vn -0.0537 0.9807 0.1880
vn -0.1840 -0.9807 0.0659
vn 0.0598 -0.9807 -0.1861
vn 0.0537 -0.9807 -0.1880
vn -0.1818 -0.9807 0.0718
vn -0.0658 0.9807 0.1840
vn 0.1350 0.8313 -0.5391
vn 0.1861 0.9807 -0.0598
vn -0.0718 0.9807 0.1818
vn -0.5965 0.5577 -0.5772
vn 0.1173 0.8313 -0.5433
vn 0.1880 0.9807 -0.0537
vn 0.0995 0.8313 -0.5468
vn 0.0816 0.8313 -0.5498
vn -0.1861 -0.9807 0.0598
vn -0.2043 0.8313 0.5169
vn -0.1880 -0.9807 0.0537
vn -0.4767 0.8313 0.2857
vn -0.4671 0.8313 0.3012
vn -0.4570 0.8313 0.3163
vn 0.1739 -0.9807 0.0893
vn 0.1709 -0.9807 0.0949
vn -0.1767 0.9807 -0.0836
vn -0.1793 0.9807 -0.0778
vn 0.1767 -0.9807 0.0836
vn 0.1793 -0.9807 0.0778
vn -0.1739 0.9807 -0.0893
vn -0.1709 0.9807 -0.0949
vn -0.7815 0.5577 0.2796
vn -0.7719 0.5577 0.3050
vn 0.7503 -0.5577 0.3549
vn 0.3163 0.8313 0.4570
vn 0.7615 -0.5577 0.3301
vn -0.7902 0.5577 0.2539
vn -0.8299 0.5577 -0.0136
vn 0.7383 -0.5577 0.3792
vn -0.7981 0.5577 0.2279
vn 0.0598 0.9807 -0.1861
vn -0.9232 0.1964 0.3303
vn 0.0537 0.9807 -0.1880
vn 0.7255 -0.5577 0.4032
vn -0.9119 0.1964 0.3603
vn -0.0598 -0.9807 0.1861
vn -0.0537 -0.9807 0.1880
vn 0.0658 0.9807 -0.1840
vn -0.7503 -0.5578 -0.3549
vn 0.0718 0.9807 -0.1818
vn -0.7615 -0.5577 -0.3301
vn -0.9335 0.1964 0.3000
vn -0.0658 -0.9807 0.1840
vn -0.9428 0.1964 0.2693
vn -0.0718 -0.9807 0.1818
vn 0.5024 0.8313 0.2376
vn 0.5099 0.8313 0.2211
vn 0.4944 0.8313 0.2539
vn 0.4858 0.8313 0.2700
vn 0.2043 -0.8313 -0.5169
vn 0.1767 0.9807 0.0836
vn 0.1872 -0.8313 -0.5233
vn 0.1793 0.9807 0.0778
vn 0.1700 -0.8313 -0.5291
vn 0.1526 -0.8313 -0.5344
vn -0.1767 -0.9807 -0.0836
vn 0.5169 0.8313 0.2043
vn 0.9232 0.1964 -0.3303
vn 0.5233 0.8313 0.1872
vn -0.1793 -0.9807 -0.0778
vn 0.9119 0.1964 -0.3603
vn 0.5291 0.8313 0.1700
vn 0.1739 0.9807 0.0893
vn 0.5344 0.8313 0.1526
vn 0.1709 0.9807 0.0949
vn -0.1739 -0.9807 -0.0893
vn -0.1709 -0.9807 -0.0950
vn 0.9335 0.1964 -0.3000
vn 0.9428 0.1964 -0.2693
vn 0.5099 0.8313 -0.2211
vn 0.5024 0.8313 -0.2376
vn -0.1709 0.9807 -0.0950
vn 0.4944 0.8313 -0.2539
vn 0.4858 0.8313 -0.2700
vn -0.1793 0.9807 -0.0777
vn -0.3000 0.1964 0.9335
vn -0.2693 0.1964 0.9428
vn 0.4944 -0.8313 0.2539
vn 0.4858 -0.8313 0.2700
vn -0.5521 0.8313 0.0635
vn 0.5024 -0.8313 0.2376
vn -0.3303 0.1964 0.9232
vn 0.5099 -0.8313 0.2211
vn -0.3603 0.1964 0.9119
vn 0.1840 0.9807 -0.0658
vn -0.7503 0.5577 -0.3549
vn -0.7615 0.5577 -0.3302
vn -0.4722 -0.5578 -0.6825
vn 0.2017 -0.5577 -0.8051
vn -0.7383 0.5577 -0.3792
vn 0.1752 -0.5577 -0.8113
vn 0.1486 -0.5577 -0.8166
vn -0.7255 0.5577 -0.4032
vn 0.1218 -0.5577 -0.8210
vn -0.8864 0.1964 -0.4192
vn -0.8996 0.1964 -0.3900
vn 0.1767 -0.9807 -0.0836
vn 0.3000 0.1964 -0.9335
vn 0.1793 -0.9807 -0.0778
vn 0.2693 0.1964 -0.9428
vn 0.9247 0.3803 0.0152
vn 0.6150 -0.5577 -0.5574
vn -0.1739 0.9807 0.0893
vn -0.1709 0.9807 0.0949
vn -0.8722 0.1964 -0.4480
vn 0.1739 -0.9807 -0.0893
vn -0.8571 0.1964 -0.4763
vn 0.1709 -0.9807 -0.0949
vn 0.3303 0.1964 -0.9232
vn -0.1767 0.9807 0.0836
vn 0.3603 0.1964 -0.9119
vn -0.1793 0.9807 0.0778
vn 0.2796 0.5577 -0.7815
vn 0.3050 0.5577 -0.7719
vn 0.2539 0.5577 -0.7902
vn -0.7719 -0.5577 -0.3050
vn -0.7815 -0.5577 -0.2796
vn 0.2279 0.5577 -0.7981
vn -0.7902 -0.5577 -0.2539
vn -0.7981 -0.5577 -0.2279
vn 0.8864 0.1964 0.4192
vn 0.8996 0.1964 0.3900
vn -0.2042 -0.8313 0.5169
vn 0.8722 0.1964 0.4480
vn 0.3301 -0.5577 -0.7615
vn 0.8571 0.1964 0.4763
vn -0.7503 -0.5577 0.3549
vn -0.7615 -0.5577 0.3302
vn -0.7383 -0.5577 0.3792
vn -0.0659 -0.9807 0.1840
vn -0.7255 -0.5577 0.4032
vn 0.7615 -0.5577 0.3302
vn -0.7815 0.5578 0.2796
vn 0.0413 -0.9807 -0.1911
vn 0.0475 -0.9807 -0.1896
vn 0.1739 0.9807 -0.0893
vn -0.0350 0.9807 0.1923
vn 0.1709 0.9807 -0.0950
vn -0.0287 0.9807 0.1934
vn -0.1739 -0.9807 0.0893
vn 0.0350 -0.9807 -0.1923
vn 0.0287 -0.9807 -0.1933
vn -0.4724 0.5577 -0.6825
vn -0.1709 -0.9807 0.0949
vn -0.0413 0.9807 0.1911
vn 0.1767 0.9807 -0.0836
vn -0.0475 0.9807 0.1896
vn 0.1793 0.9807 -0.0777
vn -0.1709 -0.9807 -0.0949
vn -0.1767 -0.9807 0.0836
vn -0.1793 -0.9807 0.0778
vn 0.1840 -0.9807 0.0658
vn -0.1793 0.9807 0.0777
vn 0.1818 -0.9807 0.0718
vn -0.1861 0.9807 -0.0598
vn -0.1880 0.9807 -0.0537
vn 0.1861 -0.9807 0.0598
vn 0.1880 -0.9807 0.0537
vn -0.1840 0.9807 -0.0658
vn -0.1818 0.9807 -0.0718
vn -0.5169 0.8313 -0.2042
vn -0.1218 -0.5578 0.8210
vn 0.5521 0.8313 0.0635
vn -0.9999 -0.0000 -0.0164
vn 0.8299 0.5577 -0.0136
vn -0.8722 0.1964 0.4480
vn 0.0287 0.9807 -0.1934
vn -0.8571 0.1964 0.4763
vn -0.8864 0.1964 0.4192
vn -0.8996 0.1964 0.3900
vn 0.5169 0.8313 0.2042
vn 0.0287 -0.9807 -0.1934
vn 0.8722 0.1964 -0.4480
vn 0.8571 0.1964 -0.4763
vn -0.1840 -0.9807 -0.0658
vn 0.8864 0.1964 -0.4192
vn 0.8996 0.1964 -0.3900
vn -0.1840 0.9807 -0.0659
vn 0.3162 -0.8314 0.4570
vn -0.1755 0.1964 0.9647
vn -0.1439 0.1964 0.9699
vn 0.5169 -0.8313 0.2043
vn -0.2070 0.1964 0.9584
vn -0.2382 0.1964 0.9511
vn 0.1709 0.9807 -0.0949
vn -0.9335 0.1964 -0.3000
vn -0.9428 0.1964 -0.2693
vn 0.1755 0.1964 -0.9647
vn 0.0273 -0.8314 0.5550
vn 0.1439 0.1964 -0.9699
vn -0.9232 0.1964 -0.3303
vn -0.9119 0.1964 -0.3603
vn 0.2070 0.1964 -0.9584
vn 0.2382 0.1964 -0.9511
vn 0.7080 -0.7061 0.0116
vn 0.7080 -0.7061 -0.0116
vn 0.9247 -0.3803 0.0152
vn 0.9247 -0.3803 -0.0151
vn 0.9987 0.0073 -0.0513
vn 0.9970 0.0162 -0.0755
vn -0.9970 0.0244 0.0741
vn -0.9977 0.0015 0.0677
vn 0.9986 -0.0162 -0.0513
vn 0.9981 0.0175 -0.0587
vn -0.9970 -0.0163 0.0763
vn -0.9958 -0.0263 0.0882
vn 0.0000 -0.0000 -1.0000
vn 0.0000 0.0000 1.0000
vn -0.9980 0.0020 0.0624
vn -0.9974 -0.0244 0.0674
vn 0.9995 -0.0002 -0.0324
vn 0.9991 -0.0163 -0.0393
vn 0.9994 0.0022 -0.0343
vn 0.9995 -0.0019 -0.0323
vn -0.9943 0.0816 0.0684
vn -0.9980 -0.0004 0.0633
vn -0.9946 0.0817 0.0633
vn -0.9982 -0.0012 0.0592
vn -0.9982 0.0012 0.0592
vn -0.9946 -0.0817 0.0633
vn 0.9994 0.0157 -0.0296
vn 0.9995 -0.0004 -0.0305
vn -0.9980 0.0004 0.0633
vn -0.9943 -0.0816 0.0684
vn 0.9994 0.0002 -0.0338
vn 0.9994 -0.0157 -0.0296
vn -0.0000 -0.0001 -1.0000
vn -0.9979 0.0000 0.0654
vn -0.9974 0.0272 0.0672
vn -0.9977 -0.0121 0.0671
vn 0.3821 0.9241 0.0063
vn 0.3821 0.9241 -0.0063
vn -0.3825 -0.9239 0.0063
vn -0.3825 -0.9239 -0.0063
vn -0.3821 0.9241 -0.0063
vn -0.3821 0.9241 0.0063
vn 0.3825 -0.9239 -0.0063
vn 0.3825 -0.9239 0.0063
vn 0.0286 -0.9566 -0.2902
vn 0.0846 -0.9566 -0.2790
vn 0.2889 -0.0975 -0.9524
vn 0.1374 -0.9565 -0.2571
vn 0.1850 -0.9566 -0.2254
vn 0.6314 -0.0975 -0.7693
vn 0.3002 -0.8810 -0.3658
vn 0.5987 -0.6326 -0.4914
vn 0.3658 -0.8810 -0.3002
vn 0.2254 -0.9566 -0.1849
vn 0.8777 -0.0975 -0.4691
vn 0.4173 -0.8810 -0.2231
vn 0.4528 -0.8810 -0.1374
vn 0.2790 -0.9566 -0.0846
vn 0.8449 -0.4696 -0.2563
vn 0.0980 -0.9951 -0.0096
vn 0.0980 -0.9951 0.0096
vn 0.8449 -0.4696 0.2563
vn 0.4528 -0.8810 0.1374
vn 0.2790 -0.9566 0.0846
vn 0.4173 -0.8810 0.2230
vn 0.2571 -0.9566 0.1374
vn 0.5987 -0.6326 0.4914
vn 0.2254 -0.9566 0.1849
vn 0.0761 -0.9951 0.0625
vn 0.3651 -0.6326 0.6831
vn 0.1374 -0.9566 0.2571
vn 0.0846 -0.9566 0.2790
vn 0.0624 -0.7715 0.6332
vn 0.0286 -0.9566 0.2902
vn -0.0286 -0.9566 0.2902
vn -0.0624 -0.7715 0.6332
vn -0.2230 -0.8810 0.4173
vn -0.1374 -0.9566 0.2571
vn -0.2254 -0.9566 0.1850
vn -0.4173 -0.8810 0.2231
vn -0.2571 -0.9565 0.1374
vn -0.2902 -0.9565 0.0286
vn -0.0980 -0.9951 0.0097
vn -0.6332 -0.7715 0.0623
vn -0.0980 -0.9951 -0.0097
vn -0.9904 -0.0976 -0.0976
vn -0.2790 -0.9566 -0.0846
vn -0.0869 -0.9951 -0.0465
vn -0.2254 -0.9566 -0.1849
vn -0.1850 -0.9566 -0.2254
vn -0.1374 -0.9566 -0.2571
vn -0.0286 -0.9951 -0.0943
vn 0.7807 0.4652 0.4173
vn -0.4173 0.4652 -0.7807
vn -0.0868 0.4652 0.8809
vn 0.6843 0.4652 0.5616
vn -0.2570 0.4652 -0.8471
vn -0.2570 0.4652 0.8471
vn 0.5616 0.4652 0.6843
vn -0.0868 0.4652 -0.8809
vn -0.4173 0.4652 0.7807
vn 0.4173 0.4652 0.7807
vn 0.0868 0.4652 -0.8809
vn -0.5616 0.4652 0.6843
vn 0.2570 0.4652 0.8471
vn 0.2570 0.4652 -0.8471
vn -0.6843 0.4652 0.5616
vn 0.0868 0.4652 0.8809
vn 0.4173 0.4652 -0.7807
vn -0.7807 0.4652 0.4173
vn 0.5616 0.4652 -0.6843
vn -0.8471 0.4652 0.2570
vn 0.6843 0.4652 -0.5616
vn -0.8809 0.4652 0.0868
vn 0.7807 0.4652 -0.4173
vn -0.8809 0.4652 -0.0868
vn 0.8471 0.4652 -0.2570
vn -0.8471 0.4652 -0.2570
vn 0.8809 0.4652 -0.0868
vn -0.7807 0.4652 -0.4173
vn 0.8809 0.4652 0.0868
vn -0.6843 0.4652 -0.5616
vn 0.8471 0.4652 0.2570
vn -0.5616 0.4652 -0.6843
vn 0.0980 0.0000 -0.9952
vn 0.2903 0.0000 -0.9569
vn 0.4714 0.0000 -0.8819
vn 0.6344 0.0000 -0.7730
vn 0.7730 0.0000 -0.6344
vn 0.8819 0.0000 -0.4714
vn 0.9569 0.0000 -0.2903
vn 0.9952 0.0000 -0.0980
vn 0.9952 0.0000 0.0980
vn 0.9569 0.0000 0.2903
vn 0.8819 0.0000 0.4714
vn 0.7730 0.0000 0.6344
vn 0.6344 0.0000 0.7730
vn 0.4714 0.0000 0.8819
vn 0.2903 0.0000 0.9569
vn 0.0980 0.0000 0.9952
vn -0.0980 0.0000 0.9952
vn -0.2903 0.0000 0.9569
vn -0.4714 0.0000 0.8819
vn -0.6344 0.0000 0.7730
vn -0.7730 0.0000 0.6344
vn -0.8819 0.0000 0.4714
vn -0.9569 0.0000 0.2903
vn -0.9952 0.0000 0.0980
vn -0.9952 0.0000 -0.0980
vn -0.9569 0.0000 -0.2903
vn -0.8819 0.0000 -0.4714
vn -0.7730 0.0000 -0.6344
vn -0.6344 0.0000 -0.7730
vn -0.4714 0.0000 -0.8819
vn -0.2903 0.0000 -0.9569
vn -0.0980 0.0000 -0.9952
vn 0.0976 0.0976 -0.9904
vn 0.0975 -0.0975 -0.9904
vn 0.0286 0.9565 -0.2902
vn 0.2889 0.0976 -0.9524
vn 0.0846 0.9565 -0.2790
vn 0.1374 -0.9566 -0.2571
vn 0.4692 0.0976 -0.8777
vn 0.4691 -0.0975 -0.8777
vn 0.1374 0.9565 -0.2571
vn 0.2231 0.8810 -0.4173
vn 0.2230 -0.8810 -0.4173
vn 0.6314 0.0976 -0.7693
vn 0.1850 0.9566 -0.2254
vn 0.3002 0.8810 -0.3657
vn 0.7693 0.0976 -0.6314
vn 0.7693 -0.0975 -0.6314
vn 0.3658 0.8810 -0.3001
vn 0.2254 -0.9566 -0.1850
vn 0.2571 -0.9565 -0.1374
vn 0.8777 0.0976 -0.4691
vn 0.8777 -0.0976 -0.4692
vn 0.2571 0.9566 -0.1374
vn 0.4173 0.8810 -0.2230
vn 0.9524 -0.0975 -0.2889
vn 0.2790 0.9565 -0.0846
vn 0.4528 0.8810 -0.1373
vn 0.9524 0.0975 -0.2889
vn 0.2902 -0.9566 -0.0286
vn 0.2902 0.9565 -0.0286
vn 0.2902 0.9566 0.0286
vn 0.9904 0.0976 0.0975
vn 0.2790 -0.9565 0.0846
vn 0.2790 0.9565 0.0846
vn 0.4173 0.8810 0.2230
vn 0.8777 0.0976 0.4691
vn 0.8777 -0.0976 0.4692
vn 0.2571 0.9565 0.1375
vn 0.2254 -0.9565 0.1850
vn 0.7693 0.0976 0.6314
vn 0.7693 -0.0975 0.6314
vn 0.2254 0.9565 0.1850
vn 0.3002 0.8810 0.3657
vn 0.1850 -0.9565 0.2254
vn 0.6314 0.0976 0.7693
vn 0.6314 -0.0975 0.7693
vn 0.1850 0.9566 0.2254
vn 0.4692 0.0976 0.8777
vn 0.4691 -0.0975 0.8777
vn 0.2231 0.8810 0.4173
vn 0.2230 -0.8810 0.4173
vn 0.2889 -0.0975 0.9524
vn 0.0846 0.9565 0.2790
vn 0.0286 -0.9566 0.2901
vn 0.0975 0.0976 0.9904
vn 0.0975 -0.0976 0.9904
vn 0.0286 0.9565 0.2902
vn -0.0624 0.7715 0.6331
vn -0.0976 0.0976 0.9904
vn -0.0975 -0.0976 0.9904
vn -0.2889 0.0976 0.9524
vn -0.2563 0.4696 0.8448
vn -0.4692 0.0976 0.8777
vn -0.4691 -0.0976 0.8777
vn -0.1374 0.9565 0.2571
vn -0.2230 0.8810 0.4173
vn -0.1850 0.9566 0.2253
vn -0.3002 0.8810 0.3657
vn -0.7693 0.0976 0.6314
vn -0.2254 0.9566 0.1850
vn -0.5987 -0.6326 0.4914
vn -0.2571 0.9565 0.1375
vn -0.4173 0.8810 0.2230
vn -0.2571 -0.9566 0.1374
vn -0.8777 0.0976 0.4691
vn -0.2790 -0.9565 0.0846
vn -0.2790 0.9566 0.0846
vn -0.2902 0.9566 0.0285
vn -0.2902 -0.9566 -0.0286
vn -0.9904 0.0976 -0.0975
vn -0.2902 0.9566 -0.0286
vn -0.9524 0.0976 -0.2889
vn -0.2790 0.9565 -0.0846
vn -0.2571 -0.9566 -0.1374
vn -0.8777 0.0976 -0.4691
vn -0.2571 0.9565 -0.1375
vn -0.4173 0.8810 -0.2230
vn -0.4173 -0.8810 -0.2230
vn -0.5987 0.6326 -0.4913
vn -0.2254 -0.9566 -0.1850
vn -0.1850 0.9565 -0.2254
vn -0.2230 -0.8810 -0.4173
vn -0.4692 0.0976 -0.8777
vn -0.4691 -0.0976 -0.8777
vn -0.1374 0.9566 -0.2571
vn -0.2231 0.8810 -0.4173
vn -0.0846 0.9565 -0.2790
vn -0.2563 0.4696 -0.8449
vn -0.2889 0.0976 -0.9524
vn -0.0624 -0.7715 -0.6332
vn -0.0286 -0.9566 -0.2902
vn -0.0976 0.0976 -0.9904
vn -0.0976 -0.0975 -0.9904
vn -0.0286 0.9565 -0.2902
vn 0.3468 0.8299 0.4370
vn -0.0655 -0.9978 -0.0142
vn 0.0655 -0.9978 0.0142
vn 0.8260 0.5557 0.0950
vn 0.1952 -0.9805 0.0224
vn 0.8260 -0.5557 0.0950
vn -0.0184 -0.9978 0.0645
vn -0.0288 -0.9805 0.1944
vn 0.0415 -0.9805 -0.1921
vn 0.0950 0.5557 -0.8260
vn -0.0950 -0.5557 0.8260
vn -0.0224 -0.9805 0.1952
vn 0.0032 -0.9805 -0.1964
vn -0.5581 -0.1954 -0.8065
vn 0.5582 -0.1954 0.8064
vn 0.5582 0.1954 0.8064
vn -0.0399 0.9978 -0.0539
vn -0.5379 -0.5557 -0.6339
vn 0.5379 0.5557 0.6339
vn 0.1331 0.9801 0.1469
vn -0.0466 0.9978 -0.0482
vn -0.6339 -0.5557 -0.5379
vn 0.1469 0.9801 0.1332
vn -0.0482 0.9977 -0.0466
vn -0.0511 0.9978 -0.0434
vn -0.6678 -0.5557 -0.4953
vn 0.0576 0.9977 0.0345
vn -0.0551 0.9977 -0.0382
vn -0.0575 0.9978 -0.0345
vn -0.6678 0.5557 -0.4953
vn -0.0596 0.9977 -0.0306
vn -0.0615 0.9978 -0.0267
vn 0.5311 -0.8299 0.1706
vn 0.5364 -0.8300 0.1532
vn 0.1907 0.9801 0.0544
vn -0.0624 0.9977 -0.0246
vn -0.0638 0.9978 -0.0205
vn -0.0660 0.9977 -0.0120
vn 0.1982 0.9801 0.0032
vn -0.0670 0.9978 -0.0011
vn -0.5542 -0.8299 0.0638
vn 0.1982 0.9801 -0.0032
vn -0.0668 0.9977 0.0055
vn -0.0666 0.9978 0.0077
vn -0.1960 0.9802 0.0291
vn -0.0655 0.9977 0.0142
vn 0.5311 -0.8299 -0.1706
vn -0.0631 0.9977 0.0226
vn -0.0624 0.9978 0.0246
vn -0.0615 0.9977 0.0267
vn -0.0596 0.9977 0.0306
vn 0.0576 0.9977 -0.0345
vn -0.0551 0.9978 0.0381
vn -0.0539 0.9978 0.0399
vn -0.0525 0.9977 0.0417
vn -0.0482 0.9978 0.0466
vn 0.1332 0.9801 -0.1469
vn -0.0417 0.9978 0.0525
vn -0.0382 0.9977 0.0551
vn -0.0363 0.9978 0.0563
vn -0.0345 0.9978 0.0575
vn -0.2710 -0.8300 0.4876
vn 0.0287 0.9977 -0.0607
vn -0.0306 0.9977 0.0596
vn -0.0287 0.9978 0.0606
vn -0.0267 0.9978 0.0615
vn 0.0544 0.9801 -0.1906
vn -0.0184 0.9978 0.0645
vn -0.0142 0.9977 0.0655
vn -0.0291 0.9802 0.1960
vn -0.0098 0.9978 0.0663
vn -0.0077 0.9978 0.0666
vn -0.0033 0.9978 0.0670
vn -0.0011 0.9978 0.0670
vn -0.0950 0.5557 0.8260
vn 0.9995 0.0010 -0.0321
vn 0.0678 -0.5578 -0.8272
vn -0.0635 -0.8313 0.5522
vn -0.8251 0.0075 0.5649
vn -0.3162 0.8314 -0.4570
vn 0.4724 -0.5577 0.6825
vn -0.0408 -0.5578 -0.8289
vn -0.4723 -0.5578 -0.6824
vn -0.9969 0.0183 0.0763
vn 0.0406 -0.5577 0.8290
vn 0.3164 0.8313 0.4569
vn 0.1113 0.9807 0.1607
vn 0.9993 -0.0026 -0.0366
vn 0.0095 -0.9807 0.1952
vn -0.1113 0.9807 -0.1607
vn 0.0096 0.9807 0.1952
vn 0.3162 -0.8314 0.4569
vn -0.4724 0.5577 -0.6824
vn -0.5580 0.1964 -0.8062
vn 0.0407 0.5578 0.8289
vn -0.8316 0.0033 0.5554
vn -0.8324 0.0024 0.5541
vn -0.8312 -0.0021 0.5559
vn 0.5580 0.1965 0.8063
vn 0.4722 0.5578 0.6825
vn -0.1265 0.9807 0.1491
vn 0.1265 -0.9807 -0.1491
vn -0.0407 0.5577 -0.8290
vn -0.3163 -0.8313 -0.4570
vn 0.9995 0.0019 -0.0324
vn 0.9995 0.0004 -0.0305
vn 0.5522 -0.8313 0.0635
vn -0.9246 -0.3807 0.0152
vn -0.1265 -0.9807 0.1491
vn 0.9246 -0.3807 0.0151
vn -0.1265 -0.9807 -0.1490
vn -0.9248 0.3803 -0.0151
vn -0.9247 0.3803 0.0152
vn -0.0273 0.8313 -0.5551
vn 0.9246 -0.3807 -0.0151
vn -0.8246 -0.5578 0.0948
vn 0.4724 0.5577 0.6824
vn 0.7615 0.5577 -0.3301
vn -0.9246 -0.3807 -0.0151
vn -0.3164 0.8313 -0.4569
vn -0.5522 -0.8313 0.0635
vn -0.7119 -0.5578 0.4267
vn 0.7615 0.5577 0.3301
vn 0.0273 0.8314 0.5550
vn 0.2043 0.8313 -0.5169
vn -0.1491 -0.9807 -0.1265
vn 0.5169 0.8313 -0.2042
vn -0.1934 0.9807 0.0287
vn -0.3792 -0.5578 0.7383
vn 0.6825 -0.5578 0.4723
vn -0.6825 -0.5577 -0.4723
vn -0.5169 -0.8313 0.2043
vn -0.3162 -0.8314 -0.4569
vn -0.0273 -0.8314 -0.5550
vn -0.1933 -0.9807 0.0287
vn 0.1933 0.9807 -0.0287
vn 0.8113 -0.5578 0.1752
vn 0.1840 -0.9807 -0.0658
vn -0.5169 0.8313 0.2042
vn 0.4723 -0.5578 0.6824
vn 0.6825 0.5577 0.4724
vn -0.9955 0.0340 0.0882
vn 0.0659 -0.9807 -0.1840
vn -0.0537 0.9807 0.1879
vn -0.1840 -0.9807 0.0658
vn -0.0659 0.9807 0.1840
vn 0.1709 -0.9807 0.0950
vn 0.5169 -0.8313 -0.2043
vn -0.8272 0.5578 -0.0678
vn 0.3162 0.8314 0.4570
vn 0.2042 -0.8313 -0.5169
vn 0.1709 0.9807 0.0950
vn -0.4724 -0.5577 -0.6825
vn -0.1709 0.9807 0.0950
vn -0.4723 -0.5577 0.6825
vn 0.1709 -0.9807 -0.0950
vn -0.0659 -0.9807 0.1841
vn 0.0659 0.9807 -0.1840
vn -0.0287 0.9807 0.1933
vn -0.4722 0.5578 -0.6825
vn -0.1709 -0.9807 0.0950
vn 0.1840 -0.9807 0.0659
vn 0.1752 -0.5578 -0.8113
vn -0.6329 -0.5578 -0.5370
vn -0.7615 0.5577 -0.3301
vn 0.3163 -0.8313 0.4570
vn 0.1793 0.9807 -0.0778
vn 0.0272 -0.8313 0.5551
vn 0.9247 -0.3803 0.0151
vn 0.9247 -0.3803 -0.0152
vn 0.9990 -0.0078 -0.0443
vn 0.9983 -0.0270 -0.0508
vn -0.9973 -0.0279 0.0677
vn -0.9973 -0.0145 0.0713
vn 0.9991 0.0116 -0.0405
vn 0.9971 -0.0073 -0.0755
vn -0.9953 0.0323 0.0910
vn -0.9948 0.0109 0.1014
vn -0.9978 0.0145 0.0650
vn -0.9978 0.0200 0.0624
vn 0.9994 -0.0073 -0.0341
vn 0.9993 0.0051 -0.0361
vn 0.9994 -0.0002 -0.0338
vn 0.9979 -0.0546 -0.0343
vn -0.9955 -0.0713 0.0631
vn -0.9979 -0.0043 0.0641
vn -0.9970 -0.0509 0.0591
vn -0.9982 -0.0043 0.0598
vn -0.9982 0.0043 0.0598
vn -0.9970 0.0509 0.0591
vn -0.0000 -0.0001 1.0000
vn 0.9980 0.0547 -0.0309
vn -0.0000 0.0001 -1.0000
vn 0.9995 -0.0022 -0.0309
vn -0.9979 0.0043 0.0641
vn -0.9955 0.0713 0.0631
vn 0.9994 -0.0022 -0.0343
vn 0.9980 -0.0546 -0.0309
vn -0.9976 -0.0245 0.0654
vn -0.9978 0.0110 0.0654
vn 0.2571 -0.9566 -0.1374
vn 0.9904 -0.0975 -0.0975
vn 0.9904 -0.0975 0.0975
vn 0.1374 -0.9565 0.2571
vn 0.0975 -0.0975 0.9904
vn -0.0846 -0.9566 0.2790
vn -0.2563 -0.4696 0.8449
vn -0.1850 -0.9566 0.2254
vn -0.8777 -0.0976 0.4692
vn -0.2790 -0.9566 0.0846
vn -0.2902 -0.9566 0.0286
vn -0.4528 -0.8810 -0.1373
vn -0.8777 -0.0976 -0.4692
vn -0.0846 -0.9566 -0.2790
vn 0.0000 1.0000 0.0002
vn 0.0000 1.0000 -0.0001
vn 0.0000 1.0000 0.0001
s off
f 479//1 22//1 480//1
f 4//2 15//2 5//2
f 480//3 23//3 10//3
f 5//4 16//4 6//4
f 10//5 24//5 481//5
f 6//6 17//6 7//6
f 481//7 25//7 482//7
f 7//8 18//8 8//8
f 1//9 297//9 11//9
f 206//10 482//10 25//10
f 8//11 19//11 9//11
f 1//12 12//12 2//12
f 9//13 20//13 478//13
f 3//14 12//14 13//14
f 478//15 21//15 479//15
f 3//16 14//16 4//16
f 20//17 36//17 21//17
f 13//18 29//18 14//18
f 22//19 36//19 37//19
f 14//20 30//20 15//20
f 22//21 38//21 23//21
f 15//22 31//22 16//22
f 23//23 39//23 24//23
f 16//24 32//24 17//24
f 24//25 40//25 25//25
f 17//26 33//26 18//26
f 11//27 297//27 26//27
f 206//28 25//28 40//28
f 19//29 33//29 34//29
f 11//30 27//30 12//30
f 20//31 34//31 35//31
f 12//32 28//32 13//32
f 39//33 55//33 40//33
f 32//34 48//34 33//34
f 26//35 297//35 41//35
f 206//36 40//36 55//36
f 33//37 49//37 34//37
f 26//38 42//38 27//38
f 34//39 50//39 35//39
f 27//40 43//40 28//40
f 36//41 50//41 51//41
f 28//42 44//42 29//42
f 37//43 51//43 52//43
f 29//44 45//44 30//44
f 37//45 53//45 38//45
f 30//46 46//46 31//46
f 38//47 54//47 39//47
f 32//48 46//48 47//48
f 43//49 59//49 44//49
f 51//50 67//50 52//50
f 44//51 60//51 45//51
f 52//52 68//52 53//52
f 45//53 61//53 46//53
f 53//54 69//54 54//54
f 46//55 62//55 47//55
f 54//56 70//56 55//56
f 48//57 62//57 63//57
f 41//58 297//58 56//58
f 206//59 55//59 70//59
f 48//60 64//60 49//60
f 41//61 57//61 42//61
f 49//62 65//62 50//62
f 42//63 58//63 43//63
f 51//64 65//64 66//64
f 63//65 77//65 78//65
f 56//66 297//66 71//66
f 206//67 70//67 85//67
f 63//68 79//68 64//68
f 56//69 72//69 57//69
f 64//70 80//70 65//70
f 57//71 73//71 58//71
f 66//72 80//72 81//72
f 58//73 74//73 59//73
f 66//74 82//74 67//74
f 60//75 74//75 75//75
f 68//76 82//76 83//76
f 60//77 76//77 61//77
f 69//78 83//78 84//78
f 61//79 77//79 62//79
f 69//80 85//80 70//80
f 82//81 96//81 97//81
f 75//82 89//82 90//82
f 82//83 98//83 83//83
f 75//84 91//84 76//84
f 84//85 98//85 99//85
f 77//86 91//86 92//86
f 84//87 100//87 85//87
f 77//88 93//88 78//88
f 71//89 297//89 86//89
f 206//90 85//90 100//90
f 78//91 94//91 79//91
f 71//92 87//92 72//92
f 79//93 95//93 80//93
f 72//94 88//94 73//94
f 81//95 95//95 96//95
f 73//96 89//96 74//96
f 86//97 297//97 101//97
f 206//98 100//98 115//98
f 93//99 109//99 94//99
f 86//100 102//100 87//100
f 94//101 110//101 95//101
f 87//102 103//102 88//102
f 96//103 110//103 111//103
f 89//104 103//104 104//104
f 97//105 111//105 112//105
f 89//106 105//106 90//106
f 97//107 113//107 98//107
f 90//108 106//108 91//108
f 98//109 114//109 99//109
f 92//110 106//110 107//110
f 100//111 114//111 115//111
f 92//112 108//112 93//112
f 104//113 120//113 105//113
f 113//114 127//114 128//114
f 105//115 121//115 106//115
f 114//116 128//116 129//116
f 107//117 121//117 122//117
f 115//118 129//118 130//118
f 107//119 123//119 108//119
f 101//120 297//120 116//120
f 206//121 115//121 130//121
f 109//122 123//122 124//122
f 101//123 117//123 102//123
f 109//124 125//124 110//124
f 102//125 118//125 103//125
f 111//126 125//126 126//126
f 103//127 119//127 104//127
f 111//128 127//128 112//128
f 123//129 139//129 124//129
f 117//130 131//130 132//130
f 124//131 140//131 125//131
f 117//132 133//132 118//132
f 126//133 140//133 141//133
f 118//134 134//134 119//134
f 126//135 142//135 127//135
f 120//136 134//136 135//136
f 128//137 142//137 143//137
f 120//138 136//138 121//138
f 128//139 144//139 129//139
f 122//140 136//140 137//140
f 130//141 144//141 145//141
f 122//142 138//142 123//142
f 116//143 297//143 131//143
f 206//144 130//144 145//144
f 142//145 158//145 143//145
f 135//146 151//146 136//146
f 144//147 158//147 159//147
f 137//148 151//148 152//148
f 144//149 160//149 145//149
f 137//150 153//150 138//150
f 131//151 297//151 146//151
f 206//152 145//152 160//152
f 138//153 154//153 139//153
f 131//154 147//154 132//154
f 139//155 155//155 140//155
f 133//156 147//156 148//156
f 141//157 155//157 156//157
f 133//158 149//158 134//158
f 141//159 157//159 142//159
f 134//160 150//160 135//160
f 154//161 170//161 155//161
f 147//162 163//162 148//162
f 156//163 170//163 171//163
f 148//164 164//164 149//164
f 156//165 172//165 157//165
f 150//166 164//166 165//166
f 158//167 172//167 173//167
f 150//168 166//168 151//168
f 158//169 174//169 159//169
f 152//170 166//170 167//170
f 159//171 175//171 160//171
f 152//172 168//172 153//172
f 146//173 297//173 161//173
f 206//174 160//174 175//174
f 154//175 168//175 169//175
f 146//176 162//176 147//176
f 173//177 189//177 174//177
f 167//178 181//178 182//178
f 175//179 189//179 190//179
f 167//180 183//180 168//180
f 161//181 297//181 176//181
f 206//182 175//182 190//182
f 168//183 184//183 169//183
f 161//184 177//184 162//184
f 169//185 185//185 170//185
f 162//186 178//186 163//186
f 170//187 186//187 171//187
f 163//188 179//188 164//188
f 171//189 187//189 172//189
f 164//190 180//190 165//190
f 173//191 187//191 188//191
f 165//192 181//192 166//192
f 177//193 193//193 178//193
f 186//194 200//194 201//194
f 179//195 193//195 194//195
f 186//196 202//196 187//196
f 180//197 194//197 195//197
f 188//198 202//198 203//198
f 180//199 196//199 181//199
f 188//200 204//200 189//200
f 182//201 196//201 197//201
f 190//202 204//202 205//202
f 182//203 198//203 183//203
f 176//204 297//204 191//204
f 206//205 190//205 205//205
f 184//206 198//206 199//206
f 176//207 192//207 177//207
f 184//208 200//208 185//208
f 197//209 212//209 213//209
f 204//210 221//210 205//210
f 197//211 214//211 198//211
f 191//212 297//212 207//212
f 206//213 205//213 221//213
f 198//214 215//214 199//214
f 191//215 208//215 192//215
f 199//216 216//216 200//216
f 193//217 208//217 209//217
f 201//218 216//218 217//218
f 193//219 210//219 194//219
f 201//220 218//220 202//220
f 194//221 211//221 195//221
f 203//222 218//222 219//222
f 195//223 212//223 196//223
f 203//224 220//224 204//224
f 217//225 231//225 232//225
f 209//226 225//226 210//226
f 217//227 233//227 218//227
f 210//228 226//228 211//228
f 218//229 234//229 219//229
f 211//230 227//230 212//230
f 219//231 235//231 220//231
f 213//232 227//232 228//232
f 221//233 235//233 236//233
f 213//234 229//234 214//234
f 207//235 297//235 222//235
f 206//236 221//236 236//236
f 214//237 230//237 215//237
f 207//238 223//238 208//238
f 215//239 231//239 216//239
f 208//240 224//240 209//240
f 236//241 250//241 251//241
f 228//242 244//242 229//242
f 222//243 297//243 237//243
f 206//244 236//244 251//244
f 229//245 245//245 230//245
f 222//246 238//246 223//246
f 230//247 246//247 231//247
f 224//248 238//248 239//248
f 232//249 246//249 247//249
f 225//250 239//250 240//250
f 232//251 248//251 233//251
f 225//252 241//252 226//252
f 234//253 248//253 249//253
f 226//254 242//254 227//254
f 234//255 250//255 235//255
f 228//256 242//256 243//256
f 240//257 254//257 255//257
f 247//258 263//258 248//258
f 241//259 255//259 256//259
f 248//260 264//260 249//260
f 241//261 257//261 242//261
f 249//262 265//262 250//262
f 243//263 257//263 258//263
f 250//264 266//264 251//264
f 243//265 259//265 244//265
f 237//266 297//266 252//266
f 206//267 251//267 266//267
f 244//268 260//268 245//268
f 237//269 253//269 238//269
f 245//270 261//270 246//270
f 238//271 254//271 239//271
f 247//272 261//272 262//272
f 258//273 274//273 259//273
f 252//274 297//274 267//274
f 206//275 266//275 281//275
f 260//276 274//276 275//276
f 252//277 268//277 253//277
f 260//278 276//278 261//278
f 253//279 269//279 254//279
f 262//280 276//280 277//280
f 255//281 269//281 270//281
f 262//282 278//282 263//282
f 256//283 270//283 271//283
f 263//284 279//284 264//284
f 256//285 272//285 257//285
f 265//286 279//286 280//286
f 258//287 272//287 273//287
f 266//288 280//288 281//288
f 277//289 293//289 278//289
f 271//290 285//290 286//290
f 279//291 293//291 294//291
f 271//292 287//292 272//292
f 279//293 295//293 280//293
f 273//294 287//294 288//294
f 281//295 295//295 296//295
f 273//296 289//296 274//296
f 267//297 297//297 282//297
f 206//298 281//298 296//298
f 274//299 290//299 275//299
f 267//300 283//300 268//300
f 275//301 291//301 276//301
f 268//302 284//302 269//302
f 277//303 291//303 292//303
f 269//304 285//304 270//304
f 206//305 296//305 312//305
f 289//306 306//306 290//306
f 282//307 299//307 283//307
f 290//308 307//308 291//308
f 283//309 300//309 284//309
f 292//310 307//310 308//310
f 285//311 300//311 301//311
f 292//312 309//312 293//312
f 286//313 301//313 302//313
f 293//314 310//314 294//314
f 286//315 303//315 287//315
f 294//316 311//316 295//316
f 288//317 303//317 304//317
f 295//318 312//318 296//318
f 289//319 304//319 305//319
f 282//320 297//320 298//320
f 309//321 325//321 310//321
f 302//322 318//322 303//322
f 311//323 325//323 326//323
f 304//324 318//324 319//324
f 311//325 327//325 312//325
f 304//326 320//326 305//326
f 298//327 297//327 313//327
f 206//328 312//328 327//328
f 305//329 321//329 306//329
f 298//330 314//330 299//330
f 306//331 322//331 307//331
f 299//332 315//332 300//332
f 308//333 322//333 323//333
f 301//334 315//334 316//334
f 308//335 324//335 309//335
f 302//336 316//336 317//336
f 313//337 329//337 314//337
f 321//338 337//338 322//338
f 314//339 330//339 315//339
f 323//340 337//340 338//340
f 316//341 330//341 331//341
f 324//342 338//342 339//342
f 317//343 331//343 332//343
f 324//344 340//344 325//344
f 317//345 333//345 318//345
f 326//346 340//346 341//346
f 319//347 333//347 334//347
f 327//348 341//348 342//348
f 319//349 335//349 320//349
f 313//350 297//350 328//350
f 206//351 327//351 342//351
f 320//352 336//352 321//352
f 332//353 348//353 333//353
f 341//354 355//354 356//354
f 334//355 348//355 349//355
f 341//356 357//356 342//356
f 334//357 350//357 335//357
f 328//358 297//358 343//358
f 206//359 342//359 357//359
f 335//360 351//360 336//360
f 329//361 343//361 344//361
f 336//362 352//362 337//362
f 329//363 345//363 330//363
f 338//364 352//364 353//364
f 331//365 345//365 346//365
f 338//366 354//366 339//366
f 332//367 346//367 347//367
f 339//368 355//368 340//368
f 351//369 367//369 352//369
f 344//370 360//370 345//370
f 353//371 367//371 368//371
f 346//372 360//372 361//372
f 353//373 369//373 354//373
f 346//374 362//374 347//374
f 355//375 369//375 370//375
f 347//376 363//376 348//376
f 356//377 370//377 371//377
f 349//378 363//378 364//378
f 356//379 372//379 357//379
f 349//380 365//380 350//380
f 343//381 297//381 358//381
f 206//382 357//382 372//382
f 351//383 365//383 366//383
f 344//384 358//384 359//384
f 371//385 385//385 386//385
f 364//386 378//386 379//386
f 371//387 387//387 372//387
f 364//388 380//388 365//388
f 358//389 297//389 373//389
f 206//390 372//390 387//390
f 366//391 380//391 381//391
f 359//392 373//392 374//392
f 366//393 382//393 367//393
f 359//394 375//394 360//394
f 368//395 382//395 383//395
f 361//396 375//396 376//396
f 368//397 384//397 369//397
f 362//398 376//398 377//398
f 369//399 385//399 370//399
f 362//400 378//400 363//400
f 374//401 390//401 375//401
f 383//402 397//402 398//402
f 376//403 390//403 391//403
f 383//404 399//404 384//404
f 376//405 392//405 377//405
f 384//406 400//406 385//406
f 377//407 393//407 378//407
f 386//408 400//408 401//408
f 379//409 393//409 394//409
f 386//410 402//410 387//410
f 379//411 395//411 380//411
f 373//412 297//412 388//412
f 206//413 387//413 402//413
f 380//414 396//414 381//414
f 373//415 389//415 374//415
f 381//416 397//416 382//416
f 394//417 408//417 409//417
f 401//418 417//418 402//418
f 394//419 410//419 395//419
f 388//420 297//420 403//420
f 206//421 402//421 417//421
f 396//422 410//422 411//422
f 388//423 404//423 389//423
f 396//424 412//424 397//424
f 390//425 404//425 405//425
f 398//426 412//426 413//426
f 391//427 405//427 406//427
f 398//428 414//428 399//428
f 392//429 406//429 407//429
f 399//430 415//430 400//430
f 392//431 408//431 393//431
f 401//432 415//432 416//432
f 413//433 427//433 428//433
f 405//434 421//434 406//434
f 413//435 429//435 414//435
f 407//436 421//436 422//436
f 414//437 430//437 415//437
f 407//438 423//438 408//438
f 415//439 431//439 416//439
f 409//440 423//440 424//440
f 416//441 432//441 417//441
f 409//442 425//442 410//442
f 403//443 297//443 418//443
f 206//444 417//444 432//444
f 411//445 425//445 426//445
f 403//446 419//446 404//446
f 411//447 427//447 412//447
f 404//448 420//448 405//448
f 431//449 447//449 432//449
f 425//450 439//450 440//450
f 418//451 297//451 433//451
f 206//452 432//452 447//452
f 425//453 441//453 426//453
f 418//454 434//454 419//454
f 426//455 442//455 427//455
f 419//456 435//456 420//456
f 428//457 442//457 443//457
f 420//458 436//458 421//458
f 428//459 444//459 429//459
f 422//460 436//460 437//460
f 430//461 444//461 445//461
f 422//462 438//462 423//462
f 430//463 446//463 431//463
f 424//464 438//464 439//464
f 443//465 459//465 444//465
f 437//466 451//466 452//466
f 444//467 460//467 445//467
f 437//468 453//468 438//468
f 445//469 461//469 446//469
f 439//470 453//470 454//470
f 446//471 462//471 447//471
f 439//472 455//472 440//472
f 433//473 297//473 448//473
f 206//474 447//474 462//474
f 440//475 456//475 441//475
f 434//476 448//476 449//476
f 441//477 457//477 442//477
f 435//478 449//478 450//478
f 443//479 457//479 458//479
f 436//480 450//480 451//480
f 448//481 297//481 463//481
f 206//482 462//482 477//482
f 455//483 471//483 456//483
f 448//484 464//484 449//484
f 456//485 472//485 457//485
f 449//486 465//486 450//486
f 458//487 472//487 473//487
f 450//488 466//488 451//488
f 458//489 474//489 459//489
f 452//490 466//490 467//490
f 459//491 475//491 460//491
f 452//492 468//492 453//492
f 460//493 476//493 461//493
f 454//494 468//494 469//494
f 462//495 476//495 477//495
f 454//496 470//496 455//496
f 467//497 4//497 5//497
f 474//498 10//498 475//498
f 468//499 5//499 6//499
f 475//500 481//500 476//500
f 469//501 6//501 7//501
f 476//502 482//502 477//502
f 470//503 7//503 8//503
f 463//504 297//504 1//504
f 206//505 477//505 482//505
f 470//506 9//506 471//506
f 464//507 1//507 2//507
f 471//508 478//508 472//508
f 465//509 2//509 3//509
f 473//510 478//510 479//510
f 466//511 3//511 4//511
f 473//512 480//512 474//512
f 485//513 483//513 484//513
f 1879//514 485//514 486//514
f 489//515 487//515 2217//515
f 1806//516 489//516 2218//516
f 488//517 490//517 2155//517
f 490//518 1807//518 2643//518
f 493//519 491//519 1816//519
f 2082//520 493//520 1817//520
f 492//521 494//521 1961//521
f 494//522 2083//522 2645//522
f 495//523 496//523 498//523
f 496//524 2527//524 2528//524
f 499//525 500//525 502//525
f 501//526 502//526 1746//526
f 503//527 1836//527 1837//527
f 505//528 1837//528 2646//528
f 2009//529 504//529 506//529
f 2010//530 506//530 2401//530
f 509//531 507//531 508//531
f 1713//532 509//532 510//532
f 510//533 508//533 2335//533
f 1714//534 510//534 2336//534
f 511//535 512//535 514//535
f 513//536 514//536 2251//536
f 512//537 1713//537 1714//537
f 514//538 1714//538 2648//538
f 515//539 2600//539 2601//539
f 517//540 2601//540 2649//540
f 2059//541 516//541 518//541
f 2060//542 518//542 2470//542
f 521//543 519//543 520//543
f 522//544 520//544 2195//544
f 524//545 523//545 526//545
f 527//546 526//546 1879//546
f 525//547 523//547 524//547
f 2591//548 525//548 528//548
f 2406//549 529//549 531//549
f 2405//550 531//550 1806//550
f 532//551 529//551 2406//551
f 2045//552 532//552 2407//552
f 530//553 533//553 2334//553
f 533//554 2046//554 2652//554
f 530//555 2333//555 2332//555
f 534//556 2332//556 2643//556
f 2482//557 535//557 537//557
f 2481//558 537//558 2082//558
f 538//559 535//559 2482//559
f 1858//560 538//560 2483//560
f 536//561 539//561 2166//561
f 539//562 1859//562 2654//562
f 536//563 2165//563 2164//563
f 540//564 2164//564 2645//564
f 541//565 542//565 545//565
f 542//566 1888//566 1889//566
f 541//567 543//567 546//567
f 544//568 546//568 2528//568
f 547//569 550//569 551//569
f 550//570 1747//570 1746//570
f 547//571 548//571 552//571
f 549//572 552//572 2049//572
f 553//573 555//573 2546//573
f 555//574 2400//574 2646//574
f 553//575 2547//575 2548//575
f 556//576 2548//576 2655//576
f 1774//577 554//577 557//577
f 1775//578 557//578 2233//578
f 558//579 554//579 1774//579
f 2401//580 558//580 1773//580
f 561//581 559//581 560//581
f 1884//582 561//582 563//582
f 563//583 560//583 2288//583
f 1885//584 563//584 2289//584
f 562//585 559//585 561//585
f 2335//586 562//586 564//586
f 564//587 561//587 1884//587
f 2336//588 564//588 1883//588
f 565//589 568//589 569//589
f 566//590 569//590 1883//590
f 568//591 2252//591 2251//591
f 569//592 2251//592 2648//592
f 565//593 566//593 570//593
f 567//594 570//594 2602//594
f 566//595 1884//595 1885//595
f 570//596 1885//596 2657//596
f 571//597 573//597 1818//597
f 573//598 2469//598 2649//598
f 571//599 1819//599 1820//599
f 574//600 1820//600 2658//600
f 2222//601 572//601 575//601
f 2223//602 575//602 2420//602
f 576//603 572//603 2222//603
f 2470//604 576//604 2221//604
f 579//605 577//605 578//605
f 581//606 578//606 2098//606
f 580//607 577//607 579//607
f 2195//608 580//608 582//608
f 584//609 583//609 586//609
f 587//610 586//610 2591//610
f 585//611 583//611 584//611
f 2558//612 585//612 588//612
f 2596//613 589//613 591//613
f 2595//614 591//614 2045//614
f 592//615 589//615 2596//615
f 2359//616 592//616 2597//616
f 590//617 593//617 2533//617
f 593//618 2360//618 2661//618
f 590//619 2532//619 2531//619
f 594//620 2531//620 2652//620
f 2174//621 595//621 597//621
f 2173//622 597//622 1858//622
f 598//623 595//623 2174//623
f 1802//624 598//624 2175//624
f 596//625 599//625 2431//625
f 599//626 1803//626 2663//626
f 596//627 2430//627 2429//627
f 600//628 2429//628 2654//628
f 601//629 602//629 605//629
f 602//630 2075//630 2076//630
f 601//631 603//631 606//631
f 604//632 606//632 1889//632
f 607//633 610//633 611//633
f 610//634 2050//634 2049//634
f 607//635 608//635 612//635
f 609//636 612//636 1916//636
f 613//637 615//637 1827//637
f 615//638 2232//638 2655//638
f 613//639 1828//639 1829//639
f 616//640 1829//640 2664//640
f 2583//641 614//641 617//641
f 2584//642 617//642 1982//642
f 618//643 614//643 2583//643
f 2233//644 618//644 2582//644
f 621//645 619//645 620//645
f 2126//646 621//646 623//646
f 623//647 620//647 2038//647
f 2127//648 623//648 2039//648
f 622//649 619//649 621//649
f 2288//650 622//650 624//650
f 624//651 621//651 2126//651
f 2289//652 624//652 2125//652
f 625//653 628//653 629//653
f 626//654 629//654 2125//654
f 628//655 2603//655 2602//655
f 629//656 2602//656 2657//656
f 625//657 626//657 630//657
f 627//658 630//658 1900//658
f 626//659 2126//659 2127//659
f 630//660 2127//660 2666//660
f 631//661 633//661 2186//661
f 633//662 2419//662 2658//662
f 631//663 2187//663 2188//663
f 634//664 2188//664 2667//664
f 2026//665 632//665 635//665
f 2027//666 635//666 1729//666
f 636//667 632//667 2026//667
f 2420//668 636//668 2025//668
f 639//669 637//669 638//669
f 641//670 638//670 1915//670
f 640//671 637//671 639//671
f 2098//672 640//672 642//672
f 644//673 643//673 646//673
f 647//674 646//674 2558//674
f 645//675 643//675 644//675
f 2298//676 645//676 648//676
f 1874//677 649//677 651//677
f 1873//678 651//678 2359//678
f 652//679 649//679 1874//679
f 2620//680 652//680 1875//680
f 650//681 653//681 1934//681
f 653//682 2621//682 2670//682
f 650//683 1933//683 1932//683
f 654//684 1932//684 2661//684
f 2043//685 655//685 657//685
f 2042//686 657//686 1802//686
f 658//687 655//687 2043//687
f 2571//688 658//688 2044//688
f 656//689 659//689 2589//689
f 659//690 2572//690 2672//690
f 656//691 2588//691 2587//691
f 660//692 2587//692 2663//692
f 661//693 662//693 665//693
f 662//694 2344//694 2345//694
f 661//695 663//695 666//695
f 664//696 666//696 2076//696
f 667//697 670//697 671//697
f 670//698 1917//698 1916//698
f 667//699 668//699 672//699
f 669//700 672//700 2169//700
f 673//701 675//701 2466//701
f 675//702 1981//702 2664//702
f 673//703 2467//703 2468//703
f 676//704 2468//704 2673//704
f 2279//705 674//705 677//705
f 2280//706 677//706 1793//706
f 678//707 674//707 2279//707
f 1982//708 678//708 2278//708
f 681//709 679//709 680//709
f 2383//710 681//710 683//710
f 683//711 680//711 1841//711
f 2384//712 683//712 1842//712
f 682//713 679//713 681//713
f 2038//714 682//714 684//714
f 684//715 681//715 2383//715
f 2039//716 684//716 2382//716
f 685//717 688//717 689//717
f 686//718 689//718 2382//718
f 688//719 1901//719 1900//719
f 689//720 1900//720 2666//720
f 685//721 686//721 690//721
f 687//722 690//722 2121//722
f 686//723 2383//723 2384//723
f 690//724 2384//724 2675//724
f 691//725 693//725 2442//725
f 693//726 1728//726 2667//726
f 691//727 2443//727 2444//727
f 694//728 2444//728 2676//728
f 1798//729 692//729 695//729
f 1799//730 695//730 1965//730
f 696//731 692//731 1798//731
f 1729//732 696//732 1797//732
f 699//733 697//733 698//733
f 701//734 698//734 2634//734
f 700//735 697//735 699//735
f 1915//736 700//736 702//736
f 704//737 703//737 706//737
f 707//738 706//738 2298//738
f 705//739 703//739 704//739
f 2065//740 705//740 708//740
f 2150//741 709//741 711//741
f 2149//742 711//742 2620//742
f 712//743 709//743 2150//743
f 2330//744 712//744 2151//744
f 710//745 713//745 2207//745
f 713//746 2331//746 2679//746
f 710//747 2206//747 2205//747
f 714//748 2205//748 2670//748
f 1866//749 715//749 717//749
f 1865//750 717//750 2571//750
f 718//751 715//751 1866//751
f 1940//752 718//752 1867//752
f 716//753 719//753 1990//753
f 719//754 1941//754 2681//754
f 716//755 1989//755 1988//755
f 720//756 1988//756 2672//756
f 721//757 722//757 725//757
f 722//758 2099//758 2100//758
f 721//759 723//759 726//759
f 724//760 726//760 2345//760
f 727//761 730//761 731//761
f 730//762 2170//762 2169//762
f 727//763 728//763 732//763
f 729//764 732//764 2276//764
f 733//765 735//765 2316//765
f 735//766 1792//766 2673//766
f 733//767 2317//767 2318//767
f 736//768 2318//768 2682//768
f 2140//769 734//769 737//769
f 2141//770 737//770 2220//770
f 738//771 734//771 2140//771
f 1793//772 738//772 2139//772
f 741//773 739//773 740//773
f 1731//774 741//774 743//774
f 743//775 740//775 1701//775
f 1732//776 743//776 1702//776
f 742//777 739//777 741//777
f 1841//778 742//778 744//778
f 744//779 741//779 1731//779
f 1842//780 744//780 1730//780
f 745//781 748//781 749//781
f 746//782 749//782 1730//782
f 748//783 2122//783 2121//783
f 749//784 2121//784 2675//784
f 745//785 746//785 750//785
f 747//786 750//786 1876//786
f 746//787 1731//787 1732//787
f 750//788 1732//788 2684//788
f 751//789 753//789 1794//789
f 753//790 1964//790 2676//790
f 751//791 1795//791 1796//791
f 754//792 1796//792 2685//792
f 2580//793 752//793 755//793
f 2581//794 755//794 2545//794
f 756//795 752//795 2580//795
f 1965//796 756//796 2579//796
f 759//797 757//797 758//797
f 761//798 758//798 2459//798
f 760//799 757//799 759//799
f 2634//800 760//800 762//800
f 764//801 763//801 766//801
f 767//802 766//802 2065//802
f 765//803 763//803 764//803
f 2358//804 765//804 768//804
f 1943//805 769//805 771//805
f 1942//806 771//806 2330//806
f 772//807 769//807 1943//807
f 2555//808 772//808 1944//808
f 770//809 773//809 1998//809
f 773//810 2556//810 2688//810
f 770//811 1997//811 1996//811
f 774//812 1996//812 2679//812
f 2550//813 775//813 777//813
f 2549//814 777//814 1940//814
f 778//815 775//815 2550//815
f 2106//816 778//816 2551//816
f 776//817 779//817 1772//817
f 779//818 2107//818 2690//818
f 776//819 1771//819 1770//819
f 780//820 1770//820 2681//820
f 781//821 782//821 785//821
f 782//822 2286//822 2287//822
f 781//823 783//823 786//823
f 784//824 786//824 2100//824
f 787//825 790//825 791//825
f 790//826 2277//826 2276//826
f 787//827 788//827 792//827
f 789//828 792//828 2007//828
f 793//829 795//829 2351//829
f 795//830 2219//830 2682//830
f 793//831 2352//831 2353//831
f 796//832 2353//832 2691//832
f 2282//833 794//833 797//833
f 2283//834 797//834 1949//834
f 798//835 794//835 2282//835
f 2220//836 798//836 2281//836
f 801//837 799//837 800//837
f 2451//838 801//838 803//838
f 803//839 800//839 1886//839
f 2452//840 803//840 1887//840
f 802//841 799//841 801//841
f 1701//842 802//842 804//842
f 804//843 801//843 2451//843
f 1702//844 804//844 2450//844
f 805//845 808//845 809//845
f 806//846 809//846 2450//846
f 808//847 1877//847 1876//847
f 809//848 1876//848 2684//848
f 805//849 806//849 810//849
f 807//850 810//850 2047//850
f 806//851 2451//851 2452//851
f 810//852 2452//852 2693//852
f 811//853 813//853 2617//853
f 813//854 2544//854 2685//854
f 811//855 2618//855 2619//855
f 814//856 2619//856 2694//856
f 2577//857 812//857 815//857
f 2578//858 815//858 2231//858
f 816//859 812//859 2577//859
f 2545//860 816//860 2576//860
f 819//861 817//861 818//861
f 821//862 818//862 1984//862
f 820//863 817//863 819//863
f 2459//864 820//864 822//864
f 824//865 823//865 826//865
f 827//866 826//866 2358//866
f 825//867 823//867 824//867
f 2586//868 825//868 828//868
f 2199//869 829//869 831//869
f 2198//870 831//870 2555//870
f 832//871 829//871 2199//871
f 1800//872 832//872 2200//872
f 830//873 833//873 1909//873
f 833//874 1801//874 2697//874
f 830//875 1908//875 1907//875
f 834//876 1907//876 2688//876
f 1768//877 835//877 837//877
f 1767//878 837//878 2106//878
f 838//879 835//879 1768//879
f 2342//880 838//880 1769//880
f 836//881 839//881 1954//881
f 839//882 2343//882 2699//882
f 836//883 1953//883 1952//883
f 840//884 1952//884 2690//884
f 841//885 842//885 845//885
f 842//886 2540//886 2541//886
f 841//887 843//887 846//887
f 844//888 846//888 2287//888
f 847//889 850//889 851//889
f 850//890 2008//890 2007//890
f 847//891 848//891 852//891
f 849//892 852//892 1755//892
f 853//893 855//893 2054//893
f 855//894 1948//894 2691//894
f 853//895 2055//895 2056//895
f 856//896 2056//896 2700//896
f 2493//897 854//897 857//897
f 2494//898 857//898 2636//898
f 858//899 854//899 2493//899
f 1949//900 858//900 2492//900
f 861//901 859//901 860//901
f 1718//902 861//902 863//902
f 863//903 860//903 2057//903
f 1719//904 863//904 2058//904
f 862//905 859//905 861//905
f 1886//906 862//906 864//906
f 864//907 861//907 1718//907
f 1887//908 864//908 1717//908
f 865//909 868//909 869//909
f 866//910 869//910 1717//910
f 868//911 2048//911 2047//911
f 869//912 2047//912 2693//912
f 865//913 866//913 870//913
f 867//914 870//914 2243//914
f 866//915 1718//915 1719//915
f 870//916 1719//916 2702//916
f 871//917 873//917 2354//917
f 873//918 2230//918 2694//918
f 871//919 2355//919 2356//919
f 874//920 2356//920 2703//920
f 2302//921 872//921 875//921
f 2303//922 875//922 1959//922
f 876//923 872//923 2302//923
f 2231//924 876//924 2301//924
f 879//925 877//925 878//925
f 881//926 878//926 2214//926
f 880//927 877//927 879//927
f 1984//928 880//928 882//928
f 884//929 883//929 886//929
f 887//930 886//930 2586//930
f 885//931 883//931 884//931
f 1704//932 885//932 888//932
f 2131//933 889//933 891//933
f 2130//934 891//934 1800//934
f 892//935 889//935 2131//935
f 2019//936 892//936 2132//936
f 890//937 893//937 2554//937
f 893//938 2020//938 2706//938
f 890//939 2553//939 2552//939
f 894//940 2552//940 2697//940
f 1956//941 895//941 897//941
f 1955//942 897//942 2342//942
f 898//943 895//943 1956//943
f 2435//944 898//944 1957//944
f 896//945 899//945 1892//945
f 899//946 2436//946 2708//946
f 896//947 1891//947 1890//947
f 900//948 1890//948 2699//948
f 901//949 902//949 905//949
f 902//950 1784//950 1785//950
f 901//951 903//951 906//951
f 904//952 906//952 2541//952
f 907//953 910//953 911//953
f 910//954 1756//954 1755//954
f 907//955 908//955 912//955
f 909//956 912//956 2309//956
f 913//957 915//957 2013//957
f 915//958 2635//958 2700//958
f 913//959 2014//959 2015//959
f 916//960 2015//960 2709//960
f 2607//961 914//961 917//961
f 2608//962 917//962 2374//962
f 918//963 914//963 2607//963
f 2636//964 918//964 2606//964
f 921//965 919//965 920//965
f 2569//966 921//966 923//966
f 923//967 920//967 2203//967
f 2570//968 923//968 2204//968
f 922//969 919//969 921//969
f 2057//970 922//970 924//970
f 924//971 921//971 2569//971
f 2058//972 924//972 2568//972
f 925//973 928//973 929//973
f 926//974 929//974 2568//974
f 928//975 2244//975 2243//975
f 929//976 2243//976 2702//976
f 925//977 926//977 930//977
f 927//978 930//978 2445//978
f 926//979 2569//979 2570//979
f 930//980 2570//980 2711//980
f 931//981 933//981 2016//981
f 933//982 1958//982 2703//982
f 931//983 2017//983 2018//983
f 934//984 2018//984 2712//984
f 2181//985 932//985 935//985
f 2182//986 935//986 2505//986
f 936//987 932//987 2181//987
f 1959//988 936//988 2180//988
f 939//989 937//989 938//989
f 941//990 938//990 2269//990
f 940//991 937//991 939//991
f 2214//992 940//992 942//992
f 944//993 943//993 946//993
f 947//994 946//994 1704//994
f 945//995 943//995 944//995
f 1980//996 945//996 948//996
f 2263//997 949//997 951//997
f 2262//998 951//998 2019//998
f 952//999 949//999 2263//999
f 2260//1000 952//1000 2264//1000
f 950//1001 953//1001 2308//1001
f 953//1002 2261//1002 2715//1002
f 950//1003 2307//1003 2306//1003
f 954//1004 2306//1004 2706//1004
f 2184//1005 955//1005 957//1005
f 2183//1006 957//1006 2435//1006
f 958//1007 955//1007 2184//1007
f 1720//1008 958//1008 2185//1008
f 956//1009 959//1009 2001//1009
f 959//1010 1721//1010 2717//1010
f 956//1011 2000//1011 1999//1011
f 960//1012 1999//1012 2708//1012
f 961//1013 962//1013 965//1013
f 962//1014 2036//1014 2037//1014
f 961//1015 963//1015 966//1015
f 964//1016 966//1016 1785//1016
f 967//1017 970//1017 971//1017
f 970//1018 2310//1018 2309//1018
f 967//1019 968//1019 972//1019
f 969//1020 972//1020 2073//1020
f 973//1021 975//1021 2592//1021
f 975//1022 2373//1022 2709//1022
f 973//1023 2593//1023 2594//1023
f 976//1024 2594//1024 2718//1024
f 1938//1025 974//1025 977//1025
f 1939//1026 977//1026 2138//1026
f 978//1027 974//1027 1938//1027
f 2374//1028 978//1028 1937//1028
f 981//1029 979//1029 980//1029
f 1753//1030 981//1030 983//1030
f 983//1031 980//1031 2410//1031
f 1754//1032 983//1032 2411//1032
f 982//1033 979//1033 981//1033
f 2203//1034 982//1034 984//1034
f 984//1035 981//1035 1753//1035
f 2204//1036 984//1036 1752//1036
f 985//1037 988//1037 989//1037
f 986//1038 989//1038 1752//1038
f 988//1039 2446//1039 2445//1039
f 989//1040 2445//1040 2711//1040
f 985//1041 986//1041 990//1041
f 987//1042 990//1042 1765//1042
f 986//1043 1753//1043 1754//1043
f 990//1044 1754//1044 2720//1044
f 991//1045 993//1045 1810//1045
f 993//1046 2504//1046 2712//1046
f 991//1047 1811//1047 1812//1047
f 994//1048 1812//1048 2721//1048
f 1869//1049 992//1049 995//1049
f 1870//1050 995//1050 2296//1050
f 996//1051 992//1051 1869//1051
f 2505//1052 996//1052 1868//1052
f 999//1053 997//1053 998//1053
f 1001//1054 998//1054 2509//1054
f 1000//1055 997//1055 999//1055
f 2269//1056 1000//1056 1002//1056
f 1004//1057 1003//1057 1006//1057
f 1007//1058 1006//1058 1980//1058
f 1005//1059 1003//1059 1004//1059
f 2179//1060 1005//1060 1008//1060
f 2520//1061 1009//1061 1011//1061
f 2519//1062 1011//1062 2260//1062
f 1012//1063 1009//1063 2520//1063
f 2499//1064 1012//1064 2521//1064
f 1010//1065 1013//1065 2072//1065
f 1013//1066 2500//1066 2724//1066
f 1010//1067 2071//1067 2070//1067
f 1014//1068 2070//1068 2715//1068
f 2464//1069 1015//1069 1017//1069
f 2463//1070 1017//1070 1720//1070
f 1018//1071 1015//1071 2464//1071
f 1847//1072 1018//1072 2465//1072
f 1016//1073 1019//1073 2275//1073
f 1019//1074 1848//1074 2726//1074
f 1016//1075 2274//1075 2273//1075
f 1020//1076 2273//1076 2717//1076
f 1021//1077 1022//1077 1025//1077
f 1022//1078 2145//1078 2146//1078
f 1021//1079 1023//1079 1026//1079
f 1024//1080 1026//1080 2037//1080
f 1027//1081 1030//1081 1031//1081
f 1030//1082 2074//1082 2073//1082
f 1027//1083 1028//1083 1032//1083
f 1029//1084 1032//1084 1736//1084
f 1033//1085 1035//1085 2392//1085
f 1035//1086 2137//1086 2718//1086
f 1033//1087 2393//1087 2394//1087
f 1036//1088 2394//1088 2727//1088
f 2241//1089 1034//1089 1037//1089
f 2242//1090 1037//1090 1805//1090
f 1038//1091 1034//1091 2241//1091
f 2138//1092 1038//1092 2240//1092
f 1041//1093 1039//1093 1040//1093
f 2095//1094 1041//1094 1043//1094
f 1043//1095 1040//1095 2440//1095
f 2096//1096 1043//1096 2441//1096
f 1042//1097 1039//1097 1041//1097
f 2410//1098 1042//1098 1044//1098
f 1044//1099 1041//1099 2095//1099
f 2411//1100 1044//1100 2094//1100
f 1045//1101 1048//1101 1049//1101
f 1046//1102 1049//1102 2094//1102
f 1048//1103 1766//1103 1765//1103
f 1049//1104 1765//1104 2720//1104
f 1045//1105 1046//1105 1050//1105
f 1047//1106 1050//1106 2375//1106
f 1046//1107 2095//1107 2096//1107
f 1050//1108 2096//1108 2729//1108
f 1051//1109 1053//1109 1929//1109
f 1053//1110 2295//1110 2721//1110
f 1051//1111 1930//1111 1931//1111
f 1054//1112 1931//1112 2730//1112
f 1739//1113 1052//1113 1055//1113
f 1740//1114 1055//1114 2078//1114
f 1056//1115 1052//1115 1739//1115
f 2296//1116 1056//1116 1738//1116
f 1059//1117 1057//1117 1058//1117
f 1061//1118 1058//1118 1861//1118
f 1060//1119 1057//1119 1059//1119
f 2509//1120 1060//1120 1062//1120
f 1064//1121 1063//1121 1066//1121
f 1067//1122 1066//1122 2179//1122
f 1065//1123 1063//1123 1064//1123
f 2216//1124 1065//1124 1068//1124
f 1850//1125 1069//1125 1071//1125
f 1849//1126 1071//1126 2499//1126
f 1072//1127 1069//1127 1850//1127
f 2627//1128 1072//1128 1851//1128
f 1070//1129 1073//1129 2144//1129
f 1073//1130 2628//1130 2733//1130
f 1070//1131 2143//1131 2142//1131
f 1074//1132 2142//1132 2724//1132
f 2380//1133 1075//1133 1077//1133
f 2379//1134 1077//1134 1847//1134
f 1078//1135 1075//1135 2380//1135
f 1991//1136 1078//1136 2381//1136
f 1076//1137 1079//1137 2462//1137
f 1079//1138 1992//1138 2735//1138
f 1076//1139 2461//1139 2460//1139
f 1080//1140 2460//1140 2726//1140
f 1081//1141 1082//1141 1085//1141
f 1082//1142 1935//1142 1936//1142
f 1081//1143 1083//1143 1086//1143
f 1084//1144 1086//1144 2146//1144
f 1087//1145 1090//1145 1091//1145
f 1090//1146 1737//1146 1736//1146
f 1087//1147 1088//1147 1092//1147
f 1089//1148 1092//1148 2529//1148
f 1093//1149 1095//1149 2079//1149
f 1095//1150 1804//1150 2727//1150
f 1093//1151 2080//1151 2081//1151
f 1096//1152 2081//1152 2736//1152
f 2328//1153 1094//1153 1097//1153
f 2329//1154 1097//1154 1749//1154
f 1098//1155 1094//1155 2328//1155
f 1805//1156 1098//1156 2327//1156
f 1101//1157 1099//1157 1100//1157
f 2517//1158 1101//1158 1103//1158
f 1103//1159 1100//1159 2631//1159
f 2518//1160 1103//1160 2632//1160
f 1102//1161 1099//1161 1101//1161
f 2440//1162 1102//1162 1104//1162
f 1104//1163 1101//1163 2517//1163
f 2441//1164 1104//1164 2516//1164
f 1105//1165 1108//1165 1109//1165
f 1106//1166 1109//1166 2516//1166
f 1108//1167 2376//1167 2375//1167
f 1109//1168 2375//1168 2729//1168
f 1105//1169 1106//1169 1110//1169
f 1107//1170 1110//1170 2084//1170
f 1106//1171 2517//1171 2518//1171
f 1110//1172 2518//1172 2738//1172
f 1111//1173 1113//1173 2455//1173
f 1113//1174 2077//1174 2730//1174
f 1111//1175 2456//1175 2457//1175
f 1114//1176 2457//1176 2739//1176
f 1919//1177 1112//1177 1115//1177
f 1920//1178 1115//1178 1809//1178
f 1116//1179 1112//1179 1919//1179
f 2078//1180 1116//1180 1918//1180
f 1119//1181 1117//1181 1118//1181
f 1121//1182 1118//1182 2041//1182
f 1120//1183 1117//1183 1119//1183
f 1861//1184 1120//1184 1122//1184
f 1124//1185 1123//1185 1126//1185
f 1127//1186 1126//1186 2216//1186
f 1125//1187 1123//1187 1124//1187
f 2378//1188 1125//1188 1128//1188
f 1787//1189 1129//1189 1131//1189
f 1786//1190 1131//1190 2627//1190
f 1132//1191 1129//1191 1787//1191
f 2314//1192 1132//1192 1788//1192
f 1130//1193 1133//1193 1724//1193
f 1133//1194 2315//1194 2742//1194
f 1130//1195 1723//1195 1722//1195
f 1134//1196 1722//1196 2733//1196
f 1825//1197 1135//1197 1137//1197
f 1824//1198 1137//1198 1991//1198
f 1138//1199 1135//1199 1825//1199
f 2128//1200 1138//1200 1826//1200
f 1136//1201 1139//1201 2006//1201
f 1139//1202 2129//1202 2744//1202
f 1136//1203 2005//1203 2004//1203
f 1140//1204 2004//1204 2735//1204
f 1141//1205 1142//1205 1145//1205
f 1142//1206 2561//1206 2562//1206
f 1141//1207 1143//1207 1146//1207
f 1144//1208 1146//1208 1936//1208
f 1147//1209 1150//1209 1151//1209
f 1150//1210 2530//1210 2529//1210
f 1147//1211 1148//1211 1152//1211
f 1149//1212 1152//1212 2253//1212
f 1153//1213 1155//1213 2321//1213
f 1155//1214 1748//1214 2736//1214
f 1153//1215 2322//1215 2323//1215
f 1156//1216 2323//1216 2745//1216
f 2514//1217 1154//1217 1157//1217
f 2515//1218 1157//1218 1969//1218
f 1158//1219 1154//1219 2514//1219
f 1749//1220 1158//1220 2513//1220
f 1161//1221 1159//1221 1160//1221
f 2228//1222 1161//1222 1163//1222
f 1163//1223 1160//1223 1910//1223
f 2229//1224 1163//1224 1911//1224
f 1162//1225 1159//1225 1161//1225
f 2631//1226 1162//1226 1164//1226
f 1164//1227 1161//1227 2228//1227
f 2632//1228 1164//1228 2227//1228
f 1165//1229 1168//1229 1169//1229
f 1166//1230 1169//1230 2227//1230
f 1168//1231 2085//1231 2084//1231
f 1169//1232 2084//1232 2738//1232
f 1165//1233 1166//1233 1170//1233
f 1167//1234 1170//1234 1843//1234
f 1166//1235 2228//1235 2229//1235
f 1170//1236 2229//1236 2747//1236
f 1171//1237 1173//1237 2161//1237
f 1173//1238 1808//1238 2739//1238
f 1171//1239 2162//1239 2163//1239
f 1174//1240 2163//1240 2748//1240
f 2092//1241 1172//1241 1175//1241
f 2093//1242 1175//1242 2507//1242
f 1176//1243 1172//1243 2092//1243
f 1809//1244 1176//1244 2091//1244
f 1179//1245 1177//1245 1178//1245
f 1181//1246 1178//1246 2239//1246
f 1180//1247 1177//1247 1179//1247
f 2041//1248 1180//1248 1182//1248
f 1184//1249 1183//1249 1186//1249
f 1187//1250 1186//1250 2378//1250
f 1185//1251 1183//1251 1184//1251
f 1783//1252 1185//1252 1188//1252
f 2472//1253 1189//1253 1191//1253
f 2471//1254 1191//1254 2314//1254
f 1192//1255 1189//1255 2472//1255
f 2171//1256 1192//1256 2473//1256
f 1190//1257 1193//1257 2399//1257
f 1193//1258 2172//1258 2751//1258
f 1190//1259 2398//1259 2397//1259
f 1194//1260 2397//1260 2742//1260
f 2062//1261 1195//1261 1197//1261
f 2061//1262 1197//1262 2128//1262
f 1198//1263 1195//1263 2062//1263
f 2598//1264 1198//1264 2063//1264
f 1196//1265 1199//1265 1712//1265
f 1199//1266 2599//1266 2753//1266
f 1196//1267 1711//1267 1710//1267
f 1200//1268 1710//1268 2744//1268
f 1201//1269 1202//1269 1205//1269
f 1202//1270 2408//1270 2409//1270
f 1201//1271 1203//1271 1206//1271
f 1204//1272 1206//1272 2562//1272
f 1207//1273 1210//1273 1211//1273
f 1210//1274 2254//1274 2253//1274
f 1207//1275 1208//1275 1212//1275
f 1209//1276 1212//1276 2236//1276
f 1213//1277 1215//1277 2534//1277
f 1215//1278 1968//1278 2745//1278
f 1213//1279 2535//1279 2536//1279
f 1216//1280 2536//1280 2754//1280
f 1761//1281 1214//1281 1217//1281
f 1762//1282 1217//1282 2300//1282
f 1218//1283 1214//1283 1761//1283
f 1969//1284 1218//1284 1760//1284
f 1221//1285 1219//1285 1220//1285
f 1927//1286 1221//1286 1223//1286
f 1223//1287 1220//1287 2361//1287
f 1928//1288 1223//1288 2362//1288
f 1222//1289 1219//1289 1221//1289
f 1910//1290 1222//1290 1224//1290
f 1224//1291 1221//1291 1927//1291
f 1911//1292 1224//1292 1926//1292
f 1225//1293 1228//1293 1229//1293
f 1226//1294 1229//1294 1926//1294
f 1228//1295 1844//1295 1843//1295
f 1229//1296 1843//1296 2747//1296
f 1225//1297 1226//1297 1230//1297
f 1227//1298 1230//1298 1715//1298
f 1226//1299 1927//1299 1928//1299
f 1230//1300 1928//1300 2756//1300
f 1231//1301 1233//1301 1862//1301
f 1233//1302 2506//1302 2748//1302
f 1231//1303 1863//1303 1864//1303
f 1234//1304 1864//1304 2757//1304
f 2349//1305 1232//1305 1235//1305
f 2350//1306 1235//1306 2488//1306
f 1236//1307 1232//1307 2349//1307
f 2507//1308 1236//1308 2348//1308
f 1239//1309 1237//1309 1238//1309
f 1241//1310 1238//1310 2246//1310
f 1237//1311 1239//1311 1242//1311
f 2239//1312 1240//1312 1242//1312
f 1244//1313 1243//1313 1246//1313
f 1247//1314 1246//1314 1783//1314
f 1245//1315 1243//1315 1244//1315
f 2124//1316 1245//1316 1248//1316
f 2258//1317 1249//1317 1251//1317
f 2257//1318 1251//1318 2171//1318
f 1252//1319 1249//1319 2258//1319
f 1966//1320 1252//1320 2259//1320
f 1250//1321 1253//1321 2193//1321
f 1253//1322 1967//1322 2760//1322
f 1250//1323 2192//1323 2191//1323
f 1254//1324 2191//1324 2751//1324
f 2368//1325 1255//1325 1257//1325
f 2367//1326 1257//1326 2598//1326
f 1258//1327 1255//1327 2368//1327
f 1905//1328 1258//1328 2369//1328
f 1256//1329 1259//1329 2428//1329
f 1259//1330 1906//1330 2762//1330
f 1256//1331 2427//1331 2426//1331
f 1260//1332 2426//1332 2753//1332
f 1261//1333 1262//1333 1265//1333
f 1262//1334 2189//1334 2190//1334
f 1261//1335 1263//1335 1266//1335
f 1264//1336 1266//1336 2409//1336
f 1267//1337 1270//1337 1271//1337
f 1270//1338 2237//1338 2236//1338
f 1267//1339 1268//1339 1272//1339
f 1269//1340 1272//1340 2023//1340
f 1273//1341 1275//1341 1821//1341
f 1275//1342 2299//1342 2754//1342
f 1273//1343 1822//1343 1823//1343
f 1276//1344 1823//1344 2763//1344
f 2116//1345 1274//1345 1277//1345
f 2117//1346 1277//1346 2560//1346
f 1278//1347 1274//1347 2116//1347
f 2300//1348 1278//1348 2115//1348
f 1281//1349 1279//1349 1280//1349
f 1696//1350 1281//1350 1283//1350
f 1283//1351 1280//1351 2604//1351
f 1697//1352 1283//1352 2605//1352
f 1282//1353 1279//1353 1281//1353
f 2361//1354 1282//1354 1284//1354
f 1284//1355 1281//1355 1696//1355
f 2362//1356 1284//1356 1695//1356
f 1285//1357 1288//1357 1289//1357
f 1286//1358 1289//1358 1695//1358
f 1288//1359 1716//1359 1715//1359
f 1289//1360 1715//1360 2756//1360
f 1285//1361 1286//1361 1290//1361
f 1287//1362 1290//1362 2421//1362
f 1286//1363 1696//1363 1697//1363
f 1290//1364 1697//1364 2765//1364
f 1291//1365 1293//1365 1757//1365
f 1293//1366 2487//1366 2757//1366
f 1291//1367 1758//1367 1759//1367
f 1294//1368 1759//1368 2766//1368
f 2523//1369 1292//1369 1295//1369
f 2524//1370 1295//1370 2250//1370
f 1296//1371 1292//1371 2523//1371
f 2488//1372 1296//1372 2522//1372
f 1299//1373 1297//1373 1298//1373
f 1301//1374 1298//1374 2386//1374
f 1300//1375 1297//1375 1299//1375
f 2246//1376 1300//1376 1302//1376
f 1304//1377 1303//1377 1306//1377
f 1307//1378 1306//1378 2124//1378
f 1305//1379 1303//1379 1304//1379
f 2347//1380 1305//1380 1308//1380
f 1922//1381 1309//1381 1311//1381
f 1921//1382 1311//1382 1966//1382
f 1312//1383 1309//1383 1922//1383
f 2640//1384 1312//1384 1923//1384
f 1310//1385 1313//1385 1987//1385
f 1313//1386 2641//1386 2769//1386
f 1310//1387 1986//1387 1985//1387
f 1314//1388 1985//1388 2760//1388
f 2615//1389 1315//1389 1317//1389
f 2614//1390 1317//1390 1905//1390
f 1318//1391 1315//1391 2615//1391
f 2108//1392 1318//1392 2616//1392
f 1316//1393 1319//1393 2210//1393
f 1319//1394 2109//1394 2771//1394
f 1316//1395 2209//1395 2208//1395
f 1320//1396 2208//1396 2762//1396
f 1321//1397 1322//1397 1325//1397
f 1322//1398 1950//1398 1951//1398
f 1321//1399 1323//1399 1326//1399
f 1324//1400 1326//1400 2190//1400
f 1327//1401 1330//1401 1331//1401
f 1330//1402 2024//1402 2023//1402
f 1327//1403 1328//1403 1332//1403
f 1329//1404 1332//1404 1780//1404
f 1333//1405 1335//1405 2086//1405
f 1335//1406 2559//1406 2763//1406
f 1333//1407 2087//1407 2088//1407
f 1336//1408 2088//1408 2772//1408
f 2390//1409 1334//1409 1337//1409
f 2391//1410 1337//1410 2114//1410
f 1338//1411 1334//1411 2390//1411
f 2560//1412 1338//1412 2389//1412
f 1341//1413 1339//1413 1340//1413
f 2448//1414 1341//1414 1343//1414
f 1343//1415 1340//1415 2176//1415
f 2449//1416 1343//1416 2177//1416
f 1342//1417 1339//1417 1341//1417
f 2604//1418 1342//1418 1344//1418
f 1344//1419 1341//1419 2448//1419
f 2605//1420 1344//1420 2447//1420
f 1345//1421 1348//1421 1349//1421
f 1346//1422 1349//1422 2447//1422
f 1348//1423 2422//1423 2421//1423
f 1349//1424 2421//1424 2765//1424
f 1345//1425 1346//1425 1350//1425
f 1347//1426 1350//1426 2474//1426
f 1346//1427 2448//1427 2449//1427
f 1350//1428 2449//1428 2774//1428
f 1351//1429 1353//1429 2501//1429
f 1353//1430 2249//1430 2766//1430
f 1351//1431 2502//1431 2503//1431
f 1354//1432 2503//1432 2775//1432
f 1881//1433 1352//1433 1355//1433
f 1882//1434 1355//1434 2294//1434
f 1356//1435 1352//1435 1881//1435
f 2250//1436 1356//1436 1880//1436
f 1359//1437 1357//1437 1358//1437
f 1361//1438 1358//1438 1777//1438
f 1360//1439 1357//1439 1359//1439
f 2386//1440 1360//1440 1362//1440
f 1364//1441 1363//1441 1366//1441
f 1367//1442 1366//1442 2347//1442
f 1365//1443 1363//1443 1364//1443
f 2543//1444 1365//1444 1368//1444
f 1814//1445 1369//1445 1371//1445
f 1813//1446 1371//1446 2640//1446
f 1372//1447 1369//1447 1814//1447
f 1763//1448 1372//1448 1815//1448
f 1370//1449 1373//1449 1857//1449
f 1373//1450 1764//1450 2778//1450
f 1370//1451 1856//1451 1855//1451
f 1374//1452 1855//1452 2769//1452
f 2438//1453 1375//1453 1377//1453
f 2437//1454 1377//1454 2108//1454
f 1378//1455 1375//1455 2438//1455
f 1830//1456 1378//1456 2439//1456
f 1376//1457 1379//1457 2032//1457
f 1379//1458 1831//1458 2780//1458
f 1376//1459 2031//1459 2030//1459
f 1380//1460 2030//1460 2771//1460
f 1381//1461 1382//1461 1385//1461
f 1382//1462 2011//1462 2012//1462
f 1381//1463 1383//1463 1386//1463
f 1384//1464 1386//1464 1951//1464
f 1387//1465 1390//1465 1391//1465
f 1390//1466 1781//1466 1780//1466
f 1387//1467 1388//1467 1392//1467
f 1389//1468 1392//1468 2196//1468
f 1393//1469 1395//1469 1705//1469
f 1395//1470 2113//1470 2772//1470
f 1393//1471 1706//1471 1707//1471
f 1396//1472 1707//1472 2781//1472
f 2479//1473 1394//1473 1397//1473
f 2480//1474 1397//1474 2134//1474
f 1398//1475 1394//1475 2479//1475
f 2114//1476 1398//1476 2478//1476
f 1401//1477 1399//1477 1400//1477
f 2566//1478 1401//1478 1403//1478
f 1403//1479 1400//1479 2066//1479
f 2567//1480 1403//1480 2067//1480
f 1402//1481 1399//1481 1401//1481
f 2176//1482 1402//1482 1404//1482
f 1404//1483 1401//1483 2566//1483
f 2177//1484 1404//1484 2565//1484
f 1405//1485 1408//1485 1409//1485
f 1406//1486 1409//1486 2565//1486
f 1408//1487 2475//1487 2474//1487
f 1409//1488 2474//1488 2774//1488
f 1405//1489 1406//1489 1410//1489
f 1407//1490 1410//1490 2255//1490
f 1406//1491 2566//1491 2567//1491
f 1410//1492 2567//1492 2783//1492
f 1411//1493 1413//1493 2609//1493
f 1413//1494 2293//1494 2775//1494
f 1411//1495 2610//1495 2611//1495
f 1414//1496 2611//1496 2784//1496
f 2433//1497 1412//1497 1415//1497
f 2434//1498 1415//1498 1976//1498
f 1416//1499 1412//1499 2433//1499
f 2294//1500 1416//1500 2432//1500
f 1419//1501 1417//1501 1418//1501
f 1421//1502 1418//1502 2157//1502
f 1420//1503 1417//1503 1419//1503
f 1777//1504 1420//1504 1422//1504
f 1424//1505 1423//1505 1426//1505
f 1427//1506 1426//1506 2543//1506
f 1425//1507 1423//1507 1424//1507
f 2248//1508 1425//1508 1428//1508
f 1896//1509 1429//1509 1431//1509
f 1895//1510 1431//1510 1763//1510
f 1432//1511 1429//1511 1896//1511
f 2417//1512 1432//1512 1897//1512
f 1430//1513 1433//1513 2053//1513
f 1433//1514 2418//1514 2787//1514
f 1430//1515 2052//1515 2051//1515
f 1434//1516 2051//1516 2778//1516
f 2413//1517 1435//1517 1437//1517
f 2412//1518 1437//1518 1830//1518
f 1438//1519 1435//1519 2413//1519
f 2476//1520 1438//1520 2414//1520
f 1436//1521 1439//1521 2103//1521
f 1439//1522 2477//1522 2789//1522
f 1436//1523 2102//1523 2101//1523
f 1440//1524 2101//1524 2780//1524
f 1441//1525 1442//1525 1445//1525
f 1442//1526 1708//1526 1709//1526
f 1441//1527 1443//1527 1446//1527
f 1444//1528 1446//1528 2012//1528
f 1447//1529 1450//1529 1451//1529
f 1450//1530 2197//1530 2196//1530
f 1447//1531 1448//1531 1452//1531
f 1449//1532 1452//1532 2340//1532
f 1453//1533 1455//1533 1743//1533
f 1455//1534 2133//1534 2781//1534
f 1453//1535 1744//1535 1745//1535
f 1456//1536 1745//1536 2790//1536
f 2625//1537 1454//1537 1457//1537
f 2626//1538 1457//1538 2285//1538
f 1458//1539 1454//1539 2625//1539
f 2134//1540 1458//1540 2624//1540
f 1461//1541 1459//1541 1460//1541
f 2312//1542 1461//1542 1463//1542
f 1463//1543 1460//1543 1750//1543
f 2313//1544 1463//1544 1751//1544
f 1462//1545 1459//1545 1461//1545
f 2066//1546 1462//1546 1464//1546
f 1464//1547 1461//1547 2312//1547
f 2067//1548 1464//1548 2311//1548
f 1465//1549 1468//1549 1469//1549
f 1466//1550 1469//1550 2311//1550
f 1468//1551 2256//1551 2255//1551
f 1469//1552 2255//1552 2783//1552
f 1465//1553 1466//1553 1470//1553
f 1467//1554 1470//1554 1924//1554
f 1466//1555 2312//1555 2313//1555
f 1470//1556 2313//1556 2792//1556
f 1471//1557 1473//1557 2484//1557
f 1473//1558 1975//1558 2784//1558
f 1471//1559 2485//1559 2486//1559
f 1474//1560 2486//1560 2793//1560
f 2424//1561 1472//1561 1475//1561
f 2425//1562 1475//1562 2105//1562
f 1476//1563 1472//1563 2424//1563
f 1976//1564 1476//1564 2423//1564
f 1479//1565 1477//1565 1478//1565
f 1481//1566 1478//1566 1835//1566
f 1480//1567 1477//1567 1479//1567
f 2157//1568 1480//1568 1482//1568
f 1484//1569 1483//1569 1486//1569
f 1487//1570 1486//1570 2248//1570
f 1485//1571 1483//1571 1484//1571
f 2003//1572 1485//1572 1488//1572
f 2574//1573 1489//1573 1491//1573
f 2573//1574 1491//1574 2417//1574
f 1492//1575 1489//1575 2574//1575
f 2167//1576 1492//1576 2575//1576
f 1490//1577 1493//1577 2267//1577
f 1493//1578 2168//1578 2796//1578
f 1490//1579 2266//1579 2265//1579
f 1494//1580 2265//1580 2787//1580
f 2159//1581 1495//1581 1497//1581
f 2158//1582 1497//1582 2476//1582
f 1498//1583 1495//1583 2159//1583
f 2201//1584 1498//1584 2160//1584
f 1496//1585 1499//1585 1840//1585
f 1499//1586 2202//1586 2798//1586
f 1496//1587 1839//1587 1838//1587
f 1500//1588 1838//1588 2789//1588
f 1501//1589 1502//1589 1505//1589
f 1502//1590 2365//1590 2366//1590
f 1501//1591 1503//1591 1506//1591
f 1504//1592 1506//1592 1709//1592
f 1507//1593 1510//1593 1511//1593
f 1510//1594 2341//1594 2340//1594
f 1507//1595 1508//1595 1512//1595
f 1509//1596 1512//1596 2563//1596
f 1513//1597 1515//1597 1993//1597
f 1515//1598 2284//1598 2790//1598
f 1513//1599 1994//1599 1995//1599
f 1516//1600 1995//1600 2799//1600
f 2403//1601 1514//1601 1517//1601
f 2404//1602 1517//1602 2496//1602
f 1518//1603 1514//1603 2403//1603
f 2285//1604 1518//1604 2402//1604
f 1521//1605 1519//1605 1520//1605
f 2271//1606 1521//1606 1523//1606
f 1523//1607 1520//1607 1832//1607
f 2272//1608 1523//1608 1833//1608
f 1522//1609 1519//1609 1521//1609
f 1750//1610 1522//1610 1524//1610
f 1524//1611 1521//1611 2271//1611
f 1751//1612 1524//1612 2270//1612
f 1525//1613 1528//1613 1529//1613
f 1526//1614 1529//1614 2270//1614
f 1528//1615 1925//1615 1924//1615
f 1529//1616 1924//1616 2792//1616
f 1525//1617 1526//1617 1530//1617
f 1527//1618 1530//1618 2612//1618
f 1526//1619 2271//1619 2272//1619
f 1530//1620 2272//1620 2801//1620
f 1531//1621 1533//1621 1725//1621
f 1533//1622 2104//1622 2793//1622
f 1531//1623 1726//1623 1727//1623
f 1534//1624 1727//1624 2802//1624
f 1903//1625 1532//1625 1535//1625
f 1904//1626 1535//1626 2212//1626
f 1536//1627 1532//1627 1903//1627
f 2105//1628 1536//1628 1902//1628
f 1539//1629 1537//1629 1538//1629
f 1541//1630 1538//1630 2498//1630
f 1540//1631 1537//1631 1539//1631
f 1835//1632 1540//1632 1542//1632
f 1544//1633 1543//1633 1546//1633
f 1547//1634 1546//1634 2003//1634
f 1545//1635 1543//1635 1544//1635
f 2090//1636 1545//1636 1548//1636
f 2490//1637 1549//1637 1551//1637
f 2489//1638 1551//1638 2167//1638
f 1552//1639 1549//1639 2490//1639
f 1912//1640 1552//1640 2491//1640
f 1550//1641 1553//1641 2372//1641
f 1553//1642 1913//1642 2805//1642
f 1550//1643 2371//1643 2370//1643
f 1554//1644 2370//1644 2796//1644
f 1790//1645 1555//1645 1557//1645
f 1789//1646 1557//1646 2201//1646
f 1558//1647 1555//1647 1790//1647
f 2319//1648 1558//1648 1791//1648
f 1556//1649 1559//1649 1735//1649
f 1559//1650 2320//1650 2807//1650
f 1556//1651 1734//1651 1733//1651
f 1560//1652 1733//1652 2798//1652
f 1561//1653 1562//1653 1565//1653
f 1562//1654 2152//1654 2153//1654
f 1561//1655 1563//1655 1566//1655
f 1564//1656 1566//1656 2366//1656
f 1567//1657 1570//1657 1571//1657
f 1570//1658 2564//1658 2563//1658
f 1567//1659 1568//1659 1572//1659
f 1569//1660 1572//1660 2629//1660
f 1573//1661 1575//1661 2324//1661
f 1575//1662 2495//1662 2799//1662
f 1573//1663 2325//1663 2326//1663
f 1576//1664 2326//1664 2808//1664
f 2111//1665 1574//1665 1577//1665
f 2112//1666 1577//1666 1742//1666
f 1578//1667 1574//1667 2111//1667
f 2496//1668 1578//1668 2110//1668
f 1581//1669 1579//1669 1580//1669
f 1946//1670 1581//1670 1583//1670
f 1583//1671 1580//1671 2525//1671
f 1947//1672 1583//1672 2526//1672
f 1582//1673 1579//1673 1581//1673
f 1832//1674 1582//1674 1584//1674
f 1584//1675 1581//1675 1946//1675
f 1833//1676 1584//1676 1945//1676
f 1585//1677 1588//1677 1589//1677
f 1586//1678 1589//1678 1945//1678
f 1588//1679 2613//1679 2612//1679
f 1589//1680 2612//1680 2801//1680
f 1585//1681 1586//1681 1590//1681
f 1587//1682 1590//1682 2387//1682
f 1586//1683 1946//1683 1947//1683
f 1590//1684 1947//1684 2810//1684
f 1591//1685 1593//1685 1972//1685
f 1593//1686 2211//1686 2802//1686
f 1591//1687 1973//1687 1974//1687
f 1594//1688 1974//1688 2811//1688
f 2034//1689 1592//1689 1595//1689
f 2035//1690 1595//1690 2454//1690
f 1596//1691 1592//1691 2034//1691
f 2212//1692 1596//1692 2033//1692
f 1599//1693 1597//1693 1598//1693
f 1601//1694 1598//1694 2148//1694
f 1600//1695 1597//1695 1599//1695
f 2498//1696 1600//1696 1602//1696
f 1604//1697 1603//1697 1606//1697
f 1607//1698 1606//1698 2090//1698
f 1605//1699 1603//1699 1604//1699
f 1846//1700 1605//1700 1608//1700
f 2119//1701 1609//1701 1611//1701
f 2118//1702 1611//1702 1912//1702
f 1612//1703 1609//1703 2119//1703
f 2622//1704 1612//1704 2120//1704
f 1610//1705 1613//1705 1700//1705
f 1613//1706 2623//1706 2814//1706
f 1610//1707 1699//1707 1698//1707
f 1614//1708 1698//1708 2805//1708
f 2538//1709 1615//1709 1617//1709
f 2537//1710 1617//1710 2319//1710
f 1618//1711 1615//1711 2538//1711
f 2068//1712 1618//1712 2539//1712
f 1616//1713 1619//1713 2339//1713
f 1619//1714 2069//1714 2816//1714
f 1616//1715 2338//1715 2337//1715
f 1620//1716 2337//1716 2807//1716
f 1621//1717 1622//1717 1625//1717
f 1622//1718 1893//1718 1894//1718
f 1621//1719 1623//1719 1626//1719
f 1624//1720 1626//1720 2153//1720
f 1627//1721 1630//1721 1631//1721
f 1630//1722 2630//1722 2629//1722
f 1627//1723 1628//1723 1632//1723
f 1629//1724 1632//1724 1977//1724
f 1633//1725 1635//1725 2510//1725
f 1635//1726 1741//1726 2808//1726
f 1633//1727 2511//1727 2512//1727
f 1636//1728 2512//1728 2817//1728
f 1853//1729 1634//1729 1637//1729
f 1854//1730 1637//1730 2029//1730
f 1638//1731 1634//1731 1853//1731
f 1742//1732 1638//1732 1852//1732
f 1641//1733 1639//1733 1640//1733
f 2638//1734 1641//1734 1643//1734
f 1643//1735 1640//1735 2304//1735
f 2639//1736 1643//1736 2305//1736
f 1642//1737 1639//1737 1641//1737
f 2525//1738 1642//1738 1644//1738
f 1644//1739 1641//1739 2638//1739
f 2526//1740 1644//1740 2637//1740
f 1645//1741 1648//1741 1649//1741
f 1646//1742 1649//1742 2637//1742
f 1648//1743 2388//1743 2387//1743
f 1649//1744 2387//1744 2810//1744
f 1645//1745 1646//1745 1650//1745
f 1647//1746 1650//1746 2135//1746
f 1646//1747 2638//1747 2639//1747
f 1650//1748 2639//1748 2819//1748
f 1651//1749 1653//1749 2224//1749
f 1653//1750 2453//1750 2811//1750
f 1651//1751 2225//1751 2226//1751
f 1654//1752 2226//1752 2820//1752
f 2291//1753 1652//1753 1655//1753
f 2292//1754 1655//1754 1899//1754
f 1656//1755 1652//1755 2291//1755
f 2454//1756 1656//1756 2290//1756
f 1659//1757 1657//1757 1658//1757
f 1661//1758 1658//1758 1971//1758
f 1660//1759 1657//1759 1659//1759
f 2148//1760 1660//1760 1662//1760
f 1664//1761 1663//1761 1665//1761
f 1666//1762 1665//1762 1846//1762
f 1963//1763 1667//1763 1669//1763
f 1962//1764 1669//1764 2622//1764
f 1668//1765 2022//1765 2021//1765
f 1670//1766 2021//1766 2814//1766
f 2364//1767 1671//1767 1673//1767
f 2363//1768 1673//1768 2068//1768
f 1672//1769 2235//1769 2234//1769
f 1674//1770 2234//1770 2816//1770
f 1675//1771 1676//1771 1678//1771
f 1677//1772 1678//1772 1894//1772
f 1679//1773 1681//1773 1682//1773
f 1681//1774 1978//1774 1977//1774
f 1683//1775 1685//1775 1871//1775
f 1685//1776 2028//1776 2817//1776
f 1686//1777 1684//1777 2396//1777
f 2029//1778 1686//1778 2395//1778
f 1687//1779 1689//1779 2415//1779
f 1689//1780 1898//1780 2820//1780
f 1690//1781 1688//1781 1779//1781
f 1899//1782 1690//1782 1778//1782
f 1693//1783 1691//1783 1692//1783
f 1971//1784 1693//1784 1694//1784
f 2823//1785 2822//1785 2824//1785
f 2826//526 2824//526 2825//526
f 2829//1786 2828//1786 2830//1786
f 2831//1787 2830//1787 2832//1787
f 2833//1788 2834//1788 2837//1788
f 2835//530 2837//530 5031//530
f 2838//1789 2840//1789 2841//1789
f 2841//540 2840//540 2842//540
f 2845//1790 2843//1790 2844//1790
f 2845//542 2847//542 5094//542
f 2849//1791 2848//1791 2851//1791
f 2849//544 2852//544 2853//544
f 2855//1792 2854//1792 2856//1792
f 2856//514 2857//514 2859//514
f 2861//1793 2860//1793 2862//1793
f 2862//516 2864//516 5049//516
f 2865//517 2866//517 2869//517
f 2868//518 2867//518 2869//518
f 2870//1794 2873//1794 2875//1794
f 2873//1795 2874//1795 2877//1795
f 2872//1796 2871//1796 2875//1796
f 2876//1797 2875//1797 2877//1797
f 2879//1798 2878//1798 2880//1798
f 2880//1799 2881//1799 2883//1799
f 2874//1800 2879//1800 2882//1800
f 2882//1801 2883//1801 4978//1801
f 2884//1802 2886//1802 2887//1802
f 2886//520 2888//520 5038//520
f 2891//1803 2889//1803 2890//1803
f 2892//1804 2891//1804 2893//1804
f 2895//1805 2894//1805 2897//1805
f 2896//524 2895//524 2898//524
f 2903//569 2900//569 2901//569
f 2825//570 2903//570 2902//570
f 2901//571 2900//571 2904//571
f 2906//572 2904//572 2905//572
f 2910//573 2908//573 2909//573
f 2832//574 2910//574 2911//574
f 2909//575 2908//575 2912//575
f 2913//576 2912//576 2914//576
f 2915//577 2916//577 2919//577
f 2917//578 2919//578 5114//578
f 2915//579 2920//579 2921//579
f 2920//580 2836//580 5031//580
f 2924//597 2922//597 2923//597
f 2842//598 2924//598 2925//598
f 2923//599 2922//599 2926//599
f 2927//600 2926//600 2928//600
f 2929//601 2930//601 2933//601
f 2931//602 2933//602 5058//602
f 2929//603 2934//603 2935//603
f 2934//604 2846//604 5094//604
f 2936//605 2939//605 2940//605
f 2937//606 2940//606 2941//606
f 2936//607 2942//607 2943//607
f 2942//608 2850//608 2853//608
f 2944//545 2945//545 2946//545
f 2947//546 2946//546 2859//546
f 2944//547 2948//547 2950//547
f 2948//548 2949//548 2951//548
f 2952//549 2953//549 2955//549
f 2954//550 2955//550 5049//550
f 2952//551 2956//551 2957//551
f 2956//552 2958//552 5044//552
f 2961//553 2959//553 2960//553
f 2962//554 2961//554 2963//554
f 2960//555 2959//555 2964//555
f 2965//556 2964//556 2868//556
f 2967//1806 2966//1806 2969//1806
f 2971//1807 2969//1807 2970//1807
f 2968//1808 2967//1808 2971//1808
f 2972//1809 2971//1809 2973//1809
f 2969//1810 2966//1810 2974//1810
f 2975//1811 2974//1811 2872//1811
f 2970//1812 2969//1812 2975//1812
f 2976//1813 2975//1813 2876//1813
f 2977//1814 2978//1814 2979//1814
f 2978//1815 2970//1815 2976//1815
f 2980//1816 2979//1816 2883//1816
f 2979//1817 2976//1817 4978//1817
f 2977//1818 2981//1818 2983//1818
f 2981//1819 2982//1819 2984//1819
f 2978//1820 2983//1820 2973//1820
f 2983//1821 2984//1821 5068//1821
f 2985//557 2986//557 2988//557
f 2987//558 2988//558 5038//558
f 2985//559 2989//559 2990//559
f 2989//560 2991//560 5039//560
f 2994//561 2992//561 2993//561
f 2995//562 2994//562 2996//562
f 2993//563 2992//563 2997//563
f 2998//564 2997//564 2892//564
f 3000//565 2999//565 3002//565
f 3001//566 3000//566 3003//566
f 3002//567 2999//567 3005//567
f 3006//568 3005//568 2896//568
f 3010//633 3007//633 3008//633
f 2905//634 3010//634 3009//634
f 3008//635 3007//635 3011//635
f 3013//636 3011//636 3012//636
f 3017//637 3015//637 3016//637
f 2914//638 3017//638 3018//638
f 3016//639 3015//639 3019//639
f 3020//640 3019//640 3021//640
f 3022//641 3023//641 3026//641
f 3024//642 3026//642 5082//642
f 3022//643 3027//643 3028//643
f 3027//644 2918//644 5114//644
f 3031//661 3029//661 3030//661
f 2928//662 3031//662 3032//662
f 3030//663 3029//663 3033//663
f 3034//664 3033//664 3035//664
f 3036//665 3037//665 3040//665
f 3038//666 3040//666 5027//666
f 3036//667 3041//667 3042//667
f 3041//668 2932//668 5058//668
f 3043//669 3046//669 3047//669
f 3044//670 3047//670 3048//670
f 3043//671 3049//671 3050//671
f 3049//672 2938//672 2941//672
f 3051//609 3052//609 3053//609
f 3054//610 3053//610 2951//610
f 3051//611 3055//611 3057//611
f 3055//612 3056//612 3058//612
f 3059//613 3060//613 3062//613
f 3061//614 3062//614 5044//614
f 3059//615 3063//615 3064//615
f 3063//616 3065//616 5045//616
f 3068//617 3066//617 3067//617
f 3069//618 3068//618 3070//618
f 3067//619 3066//619 3071//619
f 3072//620 3071//620 2962//620
f 3074//1822 3073//1822 3076//1822
f 3078//1823 3076//1823 3077//1823
f 3075//1824 3074//1824 3078//1824
f 3079//1825 3078//1825 3080//1825
f 3076//1826 3073//1826 3081//1826
f 3082//1827 3081//1827 2968//1827
f 3077//1828 3076//1828 3082//1828
f 3083//1829 3082//1829 2972//1829
f 3084//1830 3085//1830 3086//1830
f 3085//1831 3077//1831 3083//1831
f 3087//1832 3086//1832 2984//1832
f 3086//1833 3083//1833 5068//1833
f 3084//1834 3088//1834 3090//1834
f 3088//1835 3089//1835 3091//1835
f 3085//1836 3090//1836 3080//1836
f 3090//1837 3091//1837 5073//1837
f 3092//621 3093//621 3095//621
f 3094//622 3095//622 5039//622
f 3092//623 3096//623 3097//623
f 3096//624 3098//624 4987//624
f 3101//625 3099//625 3100//625
f 3102//626 3101//626 3103//626
f 3100//627 3099//627 3104//627
f 3105//628 3104//628 2995//628
f 3107//629 3106//629 3109//629
f 3108//630 3107//630 3110//630
f 3109//631 3106//631 3112//631
f 3113//632 3112//632 3001//632
f 3117//697 3114//697 3115//697
f 3012//698 3117//698 3116//698
f 3115//699 3114//699 3118//699
f 3120//700 3118//700 3119//700
f 3124//701 3122//701 3123//701
f 3021//702 3124//702 3125//702
f 3123//703 3122//703 3126//703
f 3127//704 3126//704 3128//704
f 3129//705 3130//705 3133//705
f 3131//706 3133//706 5083//706
f 3129//707 3134//707 3135//707
f 3134//708 3025//708 5082//708
f 3138//725 3136//725 3137//725
f 3035//726 3138//726 3139//726
f 3137//727 3136//727 3140//727
f 3141//728 3140//728 3142//728
f 3143//729 3144//729 3147//729
f 3145//730 3147//730 5102//730
f 3143//731 3148//731 3149//731
f 3148//732 3039//732 5027//732
f 3150//733 3153//733 3154//733
f 3151//734 3154//734 3155//734
f 3150//735 3156//735 3157//735
f 3156//736 3045//736 3048//736
f 3158//673 3159//673 3160//673
f 3161//674 3160//674 3058//674
f 3158//675 3162//675 3164//675
f 3162//676 3163//676 3165//676
f 3166//677 3167//677 3169//677
f 3168//678 3169//678 5045//678
f 3166//679 3170//679 3171//679
f 3170//680 3172//680 5019//680
f 3175//681 3173//681 3174//681
f 3176//682 3175//682 3177//682
f 3174//683 3173//683 3178//683
f 3179//684 3178//684 3069//684
f 3181//1838 3180//1838 3183//1838
f 3185//1839 3183//1839 3184//1839
f 3182//1840 3181//1840 3185//1840
f 3186//1841 3185//1841 3187//1841
f 3183//1842 3180//1842 3188//1842
f 3189//1843 3188//1843 3075//1843
f 3184//1844 3183//1844 3189//1844
f 3190//1845 3189//1845 3079//1845
f 3191//1846 3192//1846 3193//1846
f 3192//1847 3184//1847 3190//1847
f 3194//1848 3193//1848 3091//1848
f 3193//1849 3190//1849 5073//1849
f 3191//1850 3195//1850 3197//1850
f 3195//1851 3196//1851 3198//1851
f 3192//1852 3197//1852 3187//1852
f 3197//1853 3198//1853 4989//1853
f 3199//685 3200//685 3202//685
f 3201//686 3202//686 4987//686
f 3199//687 3203//687 3204//687
f 3203//688 3205//688 5021//688
f 3208//689 3206//689 3207//689
f 3209//690 3208//690 3210//690
f 3207//691 3206//691 3211//691
f 3212//692 3211//692 3102//692
f 3214//693 3213//693 3216//693
f 3215//694 3214//694 3217//694
f 3216//695 3213//695 3219//695
f 3220//696 3219//696 3108//696
f 3224//761 3221//761 3222//761
f 3119//762 3224//762 3223//762
f 3222//763 3221//763 3225//763
f 3227//764 3225//764 3226//764
f 3231//765 3229//765 3230//765
f 3128//766 3231//766 3232//766
f 3230//767 3229//767 3233//767
f 3234//768 3233//768 3235//768
f 3236//769 3237//769 3240//769
f 3238//770 3240//770 5105//770
f 3236//771 3241//771 3242//771
f 3241//772 3132//772 5083//772
f 3245//789 3243//789 3244//789
f 3142//790 3245//790 3246//790
f 3244//791 3243//791 3247//791
f 3248//792 3247//792 3249//792
f 3250//793 3251//793 3254//793
f 3252//794 3254//794 5010//794
f 3250//795 3255//795 3256//795
f 3255//796 3146//796 5102//796
f 3257//797 3260//797 3261//797
f 3258//798 3261//798 3262//798
f 3257//799 3263//799 3264//799
f 3263//800 3152//800 3155//800
f 3265//737 3266//737 3267//737
f 3268//738 3267//738 3165//738
f 3265//739 3269//739 3271//739
f 3269//740 3270//740 3272//740
f 3273//741 3274//741 3276//741
f 3275//1854 3276//1854 5019//1854
f 3273//743 3277//743 3278//743
f 3277//744 3279//744 5140//744
f 3282//745 3280//745 3281//745
f 3283//746 3282//746 3284//746
f 3281//747 3280//747 3285//747
f 3286//748 3285//748 3176//748
f 3288//1855 3287//1855 3290//1855
f 3292//1856 3290//1856 3291//1856
f 3289//1857 3288//1857 3292//1857
f 3293//1858 3292//1858 3294//1858
f 3290//1859 3287//1859 3295//1859
f 3296//1860 3295//1860 3182//1860
f 3291//1861 3290//1861 3296//1861
f 3297//1862 3296//1862 3186//1862
f 3298//1863 3299//1863 3300//1863
f 3299//1864 3291//1864 3297//1864
f 3301//1865 3300//1865 3198//1865
f 3300//1866 3297//1866 4989//1866
f 3298//1867 3302//1867 3304//1867
f 3302//1868 3303//1868 3305//1868
f 3299//1869 3304//1869 3294//1869
f 3304//1870 3305//1870 4973//1870
f 3306//749 3307//749 3309//749
f 3308//750 3309//750 5021//750
f 3306//751 3310//751 3311//751
f 3310//752 3312//752 5022//752
f 3315//753 3313//753 3314//753
f 3316//754 3315//754 3317//754
f 3314//755 3313//755 3318//755
f 3319//756 3318//756 3209//756
f 3321//757 3320//757 3323//757
f 3322//758 3321//758 3324//758
f 3323//759 3320//759 3326//759
f 3327//760 3326//760 3215//760
f 3331//825 3328//825 3329//825
f 3226//826 3331//826 3330//826
f 3329//827 3328//827 3332//827
f 3334//828 3332//828 3333//828
f 3338//829 3336//829 3337//829
f 3235//830 3338//830 3339//830
f 3337//831 3336//831 3340//831
f 3341//832 3340//832 3342//832
f 3343//833 3344//833 3347//833
f 3345//834 3347//834 5078//834
f 3343//835 3348//835 3349//835
f 3348//836 3239//836 5105//836
f 3352//853 3350//853 3351//853
f 3249//854 3352//854 3353//854
f 3351//855 3350//855 3354//855
f 3355//856 3354//856 3356//856
f 3357//857 3358//857 3361//857
f 3359//858 3361//858 5011//858
f 3357//859 3362//859 3363//859
f 3362//860 3253//860 5010//860
f 3364//861 3367//861 3368//861
f 3365//862 3368//862 3369//862
f 3364//863 3370//863 3371//863
f 3370//864 3259//864 3262//864
f 3372//801 3373//801 3374//801
f 3375//802 3374//802 3272//802
f 3372//803 3376//803 3378//803
f 3376//804 3377//804 3379//804
f 3380//805 3381//805 3383//805
f 3382//806 3383//806 5140//806
f 3380//807 3384//807 3385//807
f 3384//808 3386//808 5089//808
f 3389//809 3387//809 3388//809
f 3390//810 3389//810 3391//810
f 3388//811 3387//811 3392//811
f 3393//812 3392//812 3283//812
f 3395//1871 3394//1871 3397//1871
f 3399//1872 3397//1872 3398//1872
f 3396//1873 3395//1873 3399//1873
f 3400//1874 3399//1874 3401//1874
f 3397//1875 3394//1875 3402//1875
f 3403//1876 3402//1876 3289//1876
f 3398//1877 3397//1877 3403//1877
f 3404//1878 3403//1878 3293//1878
f 3405//1879 3406//1879 3407//1879
f 3406//1880 3398//1880 3404//1880
f 3408//1881 3407//1881 3305//1881
f 3407//1882 3404//1882 4973//1882
f 3405//1883 3409//1883 3411//1883
f 3409//1884 3410//1884 3412//1884
f 3406//1885 3411//1885 3401//1885
f 3411//1886 3412//1886 4979//1886
f 3413//813 3414//813 3416//813
f 3415//814 3416//814 5022//814
f 3413//815 3417//815 3418//815
f 3417//816 3419//816 5141//816
f 3422//817 3420//817 3421//817
f 3423//818 3422//818 3424//818
f 3421//819 3420//819 3425//819
f 3426//820 3425//820 3316//820
f 3428//821 3427//821 3430//821
f 3429//822 3428//822 3431//822
f 3430//823 3427//823 3433//823
f 3434//824 3433//824 3322//824
f 3438//889 3435//889 3436//889
f 3333//890 3438//890 3437//890
f 3436//891 3435//891 3439//891
f 3441//892 3439//892 3440//892
f 3445//893 3443//893 3444//893
f 3342//894 3445//894 3446//894
f 3444//895 3443//895 3447//895
f 3448//896 3447//896 3449//896
f 3450//897 3451//897 3454//897
f 3452//898 3454//898 5025//898
f 3450//899 3455//899 3456//899
f 3455//900 3346//900 5078//900
f 3459//917 3457//917 3458//917
f 3356//918 3459//918 3460//918
f 3458//919 3457//919 3461//919
f 3462//920 3461//920 3463//920
f 3464//921 3465//921 3468//921
f 3466//922 3468//922 5069//922
f 3464//923 3469//923 3470//923
f 3469//924 3360//924 5011//924
f 3471//925 3474//925 3475//925
f 3472//926 3475//926 3476//926
f 3471//927 3477//927 3478//927
f 3477//928 3366//928 3369//928
f 3479//865 3480//865 3481//865
f 3482//866 3481//866 3379//866
f 3479//867 3483//867 3485//867
f 3483//868 3484//868 3486//868
f 3487//869 3488//869 3490//869
f 3489//870 3490//870 5089//870
f 3487//871 3491//871 3492//871
f 3491//872 3493//872 5106//872
f 3496//873 3494//873 3495//873
f 3497//874 3496//874 3498//874
f 3495//875 3494//875 3499//875
f 3500//876 3499//876 3390//876
f 3502//1887 3501//1887 3504//1887
f 3506//1888 3504//1888 3505//1888
f 3503//1889 3502//1889 3506//1889
f 3507//1890 3506//1890 3508//1890
f 3504//1891 3501//1891 3509//1891
f 3510//1892 3509//1892 3396//1892
f 3505//1893 3504//1893 3510//1893
f 3511//1894 3510//1894 3400//1894
f 3512//1895 3513//1895 3514//1895
f 3513//1896 3505//1896 3511//1896
f 3515//1897 3514//1897 3412//1897
f 3514//1898 3511//1898 4979//1898
f 3512//1899 3516//1899 3518//1899
f 3516//1900 3517//1900 3519//1900
f 3513//1901 3518//1901 3508//1901
f 3518//1902 3519//1902 4980//1902
f 3520//877 3521//877 3523//877
f 3522//878 3523//878 5141//878
f 3520//879 3524//879 3525//879
f 3524//880 3526//880 5092//880
f 3529//881 3527//881 3528//881
f 3530//882 3529//882 3531//882
f 3528//883 3527//883 3532//883
f 3533//884 3532//884 3423//884
f 3535//885 3534//885 3537//885
f 3536//886 3535//886 3538//886
f 3537//887 3534//887 3540//887
f 3541//888 3540//888 3429//888
f 3545//953 3542//953 3543//953
f 3440//954 3545//954 3544//954
f 3543//955 3542//955 3546//955
f 3548//956 3546//956 3547//956
f 3552//957 3550//957 3551//957
f 3449//958 3552//958 3553//958
f 3551//959 3550//959 3554//959
f 3555//960 3554//960 3556//960
f 3557//961 3558//961 3561//961
f 3559//962 3561//962 5109//962
f 3557//963 3562//963 3563//963
f 3562//1903 3453//1903 5025//1903
f 3566//981 3564//981 3565//981
f 3463//982 3566//982 3567//982
f 3565//983 3564//983 3568//983
f 3569//984 3568//984 3570//984
f 3571//985 3572//985 3575//985
f 3573//986 3575//986 5070//986
f 3571//987 3576//987 3577//987
f 3576//988 3467//988 5069//988
f 3578//989 3581//989 3582//989
f 3579//990 3582//990 3583//990
f 3578//991 3584//991 3585//991
f 3584//992 3473//992 3476//992
f 3586//929 3587//929 3588//929
f 3589//930 3588//930 3486//930
f 3586//931 3590//931 3592//931
f 3590//932 3591//932 3593//932
f 3594//933 3595//933 3597//933
f 3596//934 3597//934 5106//934
f 3594//935 3598//935 3599//935
f 3598//936 3600//936 5107//936
f 3603//937 3601//937 3602//937
f 3604//938 3603//938 3605//938
f 3602//939 3601//939 3606//939
f 3607//940 3606//940 3497//940
f 3609//1904 3608//1904 3611//1904
f 3613//1905 3611//1905 3612//1905
f 3610//1906 3609//1906 3613//1906
f 3614//1907 3613//1907 3615//1907
f 3611//1908 3608//1908 3616//1908
f 3617//1909 3616//1909 3503//1909
f 3612//1910 3611//1910 3617//1910
f 3618//1911 3617//1911 3507//1911
f 3619//1912 3620//1912 3621//1912
f 3620//1913 3612//1913 3618//1913
f 3622//1914 3621//1914 3519//1914
f 3621//1915 3618//1915 4980//1915
f 3619//1916 3623//1916 3625//1916
f 3623//1917 3624//1917 3626//1917
f 3620//1918 3625//1918 3615//1918
f 3625//1919 3626//1919 5000//1919
f 3627//941 3628//941 3630//941
f 3629//942 3630//942 5092//942
f 3627//943 3631//943 3632//943
f 3631//1920 3633//1920 5034//1920
f 3636//945 3634//945 3635//945
f 3637//946 3636//946 3638//946
f 3635//947 3634//947 3639//947
f 3640//948 3639//948 3530//948
f 3642//949 3641//949 3644//949
f 3643//950 3642//950 3645//950
f 3644//951 3641//951 3647//951
f 3648//952 3647//952 3536//952
f 3652//1017 3649//1017 3650//1017
f 3547//1018 3652//1018 3651//1018
f 3650//1019 3649//1019 3653//1019
f 3655//1020 3653//1020 3654//1020
f 3659//1021 3657//1021 3658//1021
f 3556//1022 3659//1022 3660//1022
f 3658//1023 3657//1023 3661//1023
f 3662//1024 3661//1024 3663//1024
f 3664//1025 3665//1025 3668//1025
f 3666//1026 3668//1026 5121//1026
f 3664//1027 3669//1027 3670//1027
f 3669//1028 3560//1028 5109//1028
f 3673//1045 3671//1045 3672//1045
f 3570//1046 3673//1046 3674//1046
f 3672//1047 3671//1047 3675//1047
f 3676//1048 3675//1048 3677//1048
f 3678//1049 3679//1049 3682//1049
f 3680//1050 3682//1050 4982//1050
f 3678//1051 3683//1051 3684//1051
f 3683//1052 3574//1052 5070//1052
f 3685//1053 3688//1053 3689//1053
f 3686//1054 3689//1054 3690//1054
f 3685//1055 3691//1055 3692//1055
f 3691//1056 3580//1056 3583//1056
f 3693//993 3694//993 3695//993
f 3696//994 3695//994 3593//994
f 3693//995 3697//995 3699//995
f 3697//996 3698//996 3700//996
f 3701//997 3702//997 3704//997
f 3703//998 3704//998 5107//998
f 3701//999 3705//999 3706//999
f 3705//1000 3707//1000 5132//1000
f 3710//1001 3708//1001 3709//1001
f 3711//1002 3710//1002 3712//1002
f 3709//1003 3708//1003 3713//1003
f 3714//1004 3713//1004 3604//1004
f 3716//1921 3715//1921 3718//1921
f 3720//1922 3718//1922 3719//1922
f 3717//1923 3716//1923 3720//1923
f 3721//1924 3720//1924 3722//1924
f 3718//1925 3715//1925 3723//1925
f 3724//1926 3723//1926 3610//1926
f 3719//1927 3718//1927 3724//1927
f 3725//1928 3724//1928 3614//1928
f 3726//1929 3727//1929 3728//1929
f 3727//1930 3719//1930 3725//1930
f 3729//1931 3728//1931 3626//1931
f 3728//1932 3725//1932 5000//1932
f 3726//1933 3730//1933 3732//1933
f 3730//1934 3731//1934 3733//1934
f 3727//1935 3732//1935 3722//1935
f 3732//1936 3733//1936 5001//1936
f 3734//1005 3735//1005 3737//1005
f 3736//1006 3737//1006 5034//1006
f 3734//1007 3738//1007 3739//1007
f 3738//1008 3740//1008 5035//1008
f 3743//1009 3741//1009 3742//1009
f 3744//1937 3743//1937 3745//1937
f 3742//1011 3741//1011 3746//1011
f 3747//1012 3746//1012 3637//1012
f 3749//1013 3748//1013 3751//1013
f 3750//1014 3749//1014 3752//1014
f 3751//1015 3748//1015 3754//1015
f 3755//1016 3754//1016 3643//1016
f 3759//1081 3756//1081 3757//1081
f 3654//1082 3759//1082 3758//1082
f 3757//1083 3756//1083 3760//1083
f 3762//1084 3760//1084 3761//1084
f 3766//1085 3764//1085 3765//1085
f 3663//1086 3766//1086 3767//1086
f 3765//1087 3764//1087 3768//1087
f 3769//1088 3768//1088 3770//1088
f 3771//1089 3772//1089 3775//1089
f 3773//1090 3775//1090 5122//1090
f 3771//1091 3776//1091 3777//1091
f 3776//1092 3667//1092 5121//1092
f 3780//1109 3778//1109 3779//1109
f 3677//1110 3780//1110 3781//1110
f 3779//1111 3778//1111 3782//1111
f 3783//1112 3782//1112 3784//1112
f 3785//1113 3786//1113 3789//1113
f 3787//1114 3789//1114 5053//1114
f 3785//1115 3790//1115 3791//1115
f 3790//1116 3681//1116 4982//1116
f 3792//1117 3795//1117 3796//1117
f 3793//1118 3796//1118 3797//1118
f 3792//1119 3798//1119 3799//1119
f 3798//1120 3687//1120 3690//1120
f 3800//1057 3801//1057 3802//1057
f 3803//1058 3802//1058 3700//1058
f 3800//1059 3804//1059 3806//1059
f 3804//1060 3805//1060 3807//1060
f 3808//1061 3809//1061 3811//1061
f 3810//1062 3811//1062 5132//1062
f 3808//1063 3812//1063 3813//1063
f 3812//1064 3814//1064 5028//1064
f 3817//1065 3815//1065 3816//1065
f 3818//1066 3817//1066 3819//1066
f 3816//1067 3815//1067 3820//1067
f 3821//1068 3820//1068 3711//1068
f 3823//1938 3822//1938 3825//1938
f 3827//1939 3825//1939 3826//1939
f 3824//1940 3823//1940 3827//1940
f 3828//1941 3827//1941 3829//1941
f 3825//1942 3822//1942 3830//1942
f 3831//1943 3830//1943 3717//1943
f 3826//1944 3825//1944 3831//1944
f 3832//1945 3831//1945 3721//1945
f 3833//1946 3834//1946 3835//1946
f 3834//1947 3826//1947 3832//1947
f 3836//1948 3835//1948 3733//1948
f 3835//1949 3832//1949 5001//1949
f 3833//1950 3837//1950 3839//1950
f 3837//1951 3838//1951 3840//1951
f 3834//1952 3839//1952 3829//1952
f 3839//1953 3840//1953 5125//1953
f 3841//1069 3842//1069 3844//1069
f 3843//1070 3844//1070 5035//1070
f 3841//1071 3845//1071 3846//1071
f 3845//1072 3847//1072 5081//1072
f 3850//1073 3848//1073 3849//1073
f 3851//1074 3850//1074 3852//1074
f 3849//1075 3848//1075 3853//1075
f 3854//1076 3853//1076 3744//1076
f 3856//1077 3855//1077 3858//1077
f 3857//1078 3856//1078 3859//1078
f 3858//1079 3855//1079 3861//1079
f 3862//1080 3861//1080 3750//1080
f 3866//1145 3863//1145 3864//1145
f 3761//1146 3866//1146 3865//1146
f 3864//1147 3863//1147 3867//1147
f 3869//1148 3867//1148 3868//1148
f 3873//1149 3871//1149 3872//1149
f 3770//1150 3873//1150 3874//1150
f 3872//1151 3871//1151 3875//1151
f 3876//1152 3875//1152 3877//1152
f 3878//1153 3879//1153 3882//1153
f 3880//1154 3882//1154 4983//1154
f 3878//1155 3883//1155 3884//1155
f 3883//1156 3774//1156 5122//1156
f 3887//1173 3885//1173 3886//1173
f 3784//1174 3887//1174 3888//1174
f 3886//1175 3885//1175 3889//1175
f 3890//1176 3889//1176 3891//1176
f 3892//1177 3893//1177 3896//1177
f 3894//1178 3896//1178 5103//1178
f 3892//1179 3897//1179 3898//1179
f 3897//1180 3788//1180 5053//1180
f 3899//1181 3902//1181 3903//1181
f 3900//1182 3903//1182 3904//1182
f 3899//1183 3905//1183 3906//1183
f 3905//1184 3794//1184 3797//1184
f 3907//1121 3908//1121 3909//1121
f 3910//1122 3909//1122 3807//1122
f 3907//1123 3911//1123 3913//1123
f 3911//1124 3912//1124 3914//1124
f 3915//1125 3916//1125 3918//1125
f 3917//1126 3918//1126 5028//1126
f 3915//1127 3919//1127 3920//1127
f 3919//1128 3921//1128 4997//1128
f 3924//1129 3922//1129 3923//1129
f 3925//1130 3924//1130 3926//1130
f 3923//1131 3922//1131 3927//1131
f 3928//1132 3927//1132 3818//1132
f 3930//1954 3929//1954 3932//1954
f 3934//1955 3932//1955 3933//1955
f 3931//1956 3930//1956 3934//1956
f 3935//1957 3934//1957 3936//1957
f 3932//1958 3929//1958 3937//1958
f 3938//1959 3937//1959 3824//1959
f 3933//1960 3932//1960 3938//1960
f 3939//1961 3938//1961 3828//1961
f 3940//1962 3941//1962 3942//1962
f 3941//1963 3933//1963 3939//1963
f 3943//1964 3942//1964 3840//1964
f 3942//1965 3939//1965 5125//1965
f 3940//1966 3944//1966 3946//1966
f 3944//1967 3945//1967 3947//1967
f 3941//1968 3946//1968 3936//1968
f 3946//1969 3947//1969 5123//1969
f 3948//1133 3949//1133 3951//1133
f 3950//1134 3951//1134 5081//1134
f 3948//1135 3952//1135 3953//1135
f 3952//1136 3954//1136 5032//1136
f 3957//1137 3955//1137 3956//1137
f 3958//1138 3957//1138 3959//1138
f 3956//1139 3955//1139 3960//1139
f 3961//1140 3960//1140 3851//1140
f 3963//1141 3962//1141 3965//1141
f 3964//1142 3963//1142 3966//1142
f 3962//1143 3968//1143 3969//1143
f 3969//1144 3968//1144 3857//1144
f 3973//1209 3970//1209 3971//1209
f 3868//1210 3973//1210 3972//1210
f 3971//1211 3970//1211 3974//1211
f 3976//1970 3974//1970 3975//1970
f 3980//1213 3978//1213 3979//1213
f 3877//1214 3980//1214 3981//1214
f 3979//1215 3978//1215 3982//1215
f 3983//1216 3982//1216 3984//1216
f 3985//1217 3986//1217 3989//1217
f 3987//1218 3989//1218 4984//1218
f 3985//1219 3990//1219 3991//1219
f 3990//1220 3881//1220 4983//1220
f 3994//1237 3992//1237 3993//1237
f 3891//1238 3994//1238 3995//1238
f 3993//1239 3992//1239 3996//1239
f 3997//1240 3996//1240 3998//1240
f 3999//1241 4000//1241 4003//1241
f 4001//1242 4003//1242 4976//1242
f 3999//1243 4004//1243 4005//1243
f 4004//1244 3895//1244 5103//1244
f 4006//1245 4009//1245 4010//1245
f 4007//1246 4010//1246 4011//1246
f 4006//1247 4012//1247 4013//1247
f 4012//1248 3901//1248 3904//1248
f 4014//1185 4015//1185 4016//1185
f 4017//1186 4016//1186 3914//1186
f 4014//1187 4018//1187 4020//1187
f 4018//1188 4019//1188 4021//1188
f 4022//1189 4023//1189 4025//1189
f 4024//1190 4025//1190 4997//1190
f 4022//1191 4026//1191 4027//1191
f 4026//1192 4028//1192 5097//1192
f 4031//1193 4029//1193 4030//1193
f 4032//1194 4031//1194 4033//1194
f 4030//1195 4029//1195 4034//1195
f 4035//1196 4034//1196 3925//1196
f 4037//1971 4036//1971 4039//1971
f 4041//1972 4039//1972 4040//1972
f 4038//1973 4037//1973 4041//1973
f 4042//1974 4041//1974 4043//1974
f 4039//1975 4036//1975 4044//1975
f 4045//1976 4044//1976 3931//1976
f 4040//1977 4039//1977 4045//1977
f 4046//1978 4045//1978 3935//1978
f 4047//1979 4048//1979 4049//1979
f 4048//1980 4040//1980 4046//1980
f 4050//1981 4049//1981 3947//1981
f 4049//1982 4046//1982 5123//1982
f 4047//1983 4051//1983 4053//1983
f 4051//1984 4052//1984 4054//1984
f 4048//1985 4053//1985 4043//1985
f 4053//1986 4054//1986 5051//1986
f 4055//1197 4056//1197 4058//1197
f 4057//1198 4058//1198 5032//1198
f 4055//1199 4059//1199 4060//1199
f 4059//1200 4061//1200 5059//1200
f 4064//1201 4062//1201 4063//1201
f 4065//1202 4064//1202 4066//1202
f 4063//1203 4062//1203 4067//1203
f 4068//1204 4067//1204 3958//1204
f 4070//1205 4069//1205 4072//1205
f 4071//1987 4070//1987 4073//1987
f 4072//1207 4069//1207 4075//1207
f 4076//1208 4075//1208 3964//1208
f 4080//1273 4077//1273 4078//1273
f 3975//1274 4080//1274 4079//1274
f 4078//1275 4077//1275 4081//1275
f 4083//1276 4081//1276 4082//1276
f 4087//1277 4085//1277 4086//1277
f 3984//1278 4087//1278 4088//1278
f 4086//1279 4085//1279 4089//1279
f 4090//1280 4089//1280 4091//1280
f 4092//1281 4093//1281 4096//1281
f 4094//1282 4096//1282 5138//1282
f 4092//1283 4097//1283 4098//1283
f 4097//1284 3988//1284 4984//1284
f 4101//1301 4099//1301 4100//1301
f 3998//1302 4101//1302 4102//1302
f 4100//1303 4099//1303 4103//1303
f 4104//1304 4103//1304 4105//1304
f 4106//1305 4107//1305 4110//1305
f 4108//1306 4110//1306 4977//1306
f 4106//1307 4111//1307 4112//1307
f 4111//1308 4002//1308 4976//1308
f 4113//1309 4116//1309 4117//1309
f 4114//1310 4117//1310 4118//1310
f 4113//1311 4119//1311 4120//1311
f 4119//1312 4008//1312 4011//1312
f 4121//1249 4122//1249 4123//1249
f 4124//1250 4123//1250 4021//1250
f 4121//1251 4125//1251 4127//1251
f 4125//1252 4126//1252 4128//1252
f 4129//1253 4130//1253 4132//1253
f 4131//1254 4132//1254 5097//1254
f 4129//1255 4133//1255 4134//1255
f 4133//1256 4135//1256 5040//1256
f 4138//1257 4136//1257 4137//1257
f 4139//1258 4138//1258 4140//1258
f 4137//1259 4136//1259 4141//1259
f 4142//1260 4141//1260 4032//1260
f 4144//1988 4143//1988 4146//1988
f 4148//1989 4146//1989 4147//1989
f 4145//1990 4144//1990 4148//1990
f 4149//1991 4148//1991 4150//1991
f 4146//1992 4143//1992 4151//1992
f 4152//1993 4151//1993 4038//1993
f 4147//1994 4146//1994 4152//1994
f 4153//1995 4152//1995 4042//1995
f 4154//1996 4155//1996 4156//1996
f 4155//1997 4147//1997 4153//1997
f 4157//1998 4156//1998 4054//1998
f 4156//1999 4153//1999 5051//1999
f 4154//2000 4158//2000 4160//2000
f 4158//2001 4159//2001 4161//2001
f 4155//2002 4160//2002 4150//2002
f 4160//2003 4161//2003 4969//2003
f 4162//1261 4163//1261 4165//1261
f 4164//1262 4165//1262 5059//1262
f 4162//1263 4166//1263 4167//1263
f 4166//1264 4168//1264 5002//1264
f 4171//1265 4169//1265 4170//1265
f 4172//1266 4171//1266 4173//1266
f 4170//1267 4169//1267 4174//1267
f 4175//1268 4174//1268 4065//1268
f 4177//1269 4176//1269 4179//1269
f 4178//1270 4177//1270 4180//1270
f 4179//1271 4176//1271 4182//1271
f 4183//1272 4182//1272 4071//1272
f 4187//1337 4184//1337 4185//1337
f 4082//1338 4187//1338 4186//1338
f 4185//1339 4184//1339 4188//1339
f 4190//1340 4188//1340 4189//1340
f 4194//1341 4192//1341 4193//1341
f 4091//1342 4194//1342 4195//1342
f 4193//1343 4192//1343 4196//1343
f 4197//1344 4196//1344 4198//1344
f 4199//1345 4200//1345 4203//1345
f 4201//1346 4203//1346 5096//1346
f 4199//1347 4204//1347 4205//1347
f 4204//1348 4095//1348 5138//1348
f 4208//1365 4206//1365 4207//1365
f 4105//1366 4208//1366 4209//1366
f 4207//1367 4206//1367 4210//1367
f 4211//1368 4210//1368 4212//1368
f 4213//1369 4214//1369 4217//1369
f 4215//1370 4217//1370 5077//1370
f 4213//1371 4218//1371 4219//1371
f 4218//1372 4109//1372 4977//1372
f 4220//1373 4223//1373 4224//1373
f 4221//1374 4224//1374 4225//1374
f 4220//1375 4226//1375 4227//1375
f 4226//1376 4115//1376 4118//1376
f 4228//1313 4229//1313 4230//1313
f 4231//1314 4230//1314 4128//1314
f 4228//1315 4232//1315 4234//1315
f 4232//1316 4233//1316 4235//1316
f 4236//1317 4237//1317 4239//1317
f 4238//1318 4239//1318 5040//1318
f 4236//1319 4240//1319 4241//1319
f 4240//1320 4242//1320 5041//1320
f 4245//1321 4243//1321 4244//1321
f 4246//1322 4245//1322 4247//1322
f 4244//1323 4243//1323 4248//1323
f 4249//1324 4248//1324 4139//1324
f 4251//2004 4250//2004 4253//2004
f 4255//2005 4253//2005 4254//2005
f 4252//2006 4251//2006 4255//2006
f 4256//2007 4255//2007 4257//2007
f 4253//2008 4250//2008 4258//2008
f 4259//2009 4258//2009 4145//2009
f 4254//2010 4253//2010 4259//2010
f 4260//2011 4259//2011 4149//2011
f 4261//2012 4262//2012 4263//2012
f 4262//2013 4254//2013 4260//2013
f 4264//2014 4263//2014 4161//2014
f 4263//2015 4260//2015 4969//2015
f 4261//2016 4265//2016 4267//2016
f 4265//2017 4266//2017 4268//2017
f 4262//2018 4267//2018 4257//2018
f 4267//2019 4268//2019 4970//2019
f 4269//1325 4270//1325 4272//1325
f 4271//1326 4272//1326 5002//1326
f 4269//1327 4273//1327 4274//1327
f 4273//1328 4275//1328 5003//1328
f 4278//1329 4276//1329 4277//1329
f 4279//1330 4278//1330 4280//1330
f 4277//2020 4276//2020 4281//2020
f 4282//1332 4281//1332 4172//1332
f 4284//1333 4283//1333 4286//1333
f 4285//1334 4284//1334 4287//1334
f 4286//1335 4283//1335 4289//1335
f 4290//1336 4289//1336 4178//1336
f 4294//1401 4291//1401 4292//1401
f 4189//1402 4294//1402 4293//1402
f 4292//1403 4291//1403 4295//1403
f 4297//1404 4295//1404 4296//1404
f 4301//1405 4299//1405 4300//1405
f 4198//1406 4301//1406 4302//1406
f 4300//1407 4299//1407 4303//1407
f 4304//1408 4303//1408 4305//1408
f 4306//1409 4307//1409 4310//1409
f 4308//1410 4310//1410 5056//1410
f 4306//1411 4311//1411 4312//1411
f 4311//1412 4202//1412 5096//1412
f 4315//1429 4313//1429 4314//1429
f 4212//1430 4315//1430 4316//1430
f 4314//1431 4313//1431 4317//1431
f 4318//1432 4317//1432 4319//1432
f 4320//2021 4321//2021 4324//2021
f 4322//1434 4324//1434 5111//1434
f 4320//1435 4325//1435 4326//1435
f 4325//1436 4216//1436 5077//1436
f 4327//1437 4330//1437 4331//1437
f 4328//1438 4331//1438 4332//1438
f 4327//1439 4333//1439 4334//1439
f 4333//1440 4222//1440 4225//1440
f 4335//1377 4336//1377 4337//1377
f 4338//1378 4337//1378 4235//1378
f 4335//1379 4339//1379 4341//1379
f 4339//1380 4340//1380 4342//1380
f 4343//1381 4344//1381 4346//1381
f 4345//1382 4346//1382 5041//1382
f 4343//1383 4347//1383 4348//1383
f 4347//1384 4349//1384 4974//1384
f 4352//1385 4350//1385 4351//1385
f 4353//2022 4352//2022 4354//2022
f 4351//1387 4350//1387 4355//1387
f 4356//1388 4355//1388 4246//1388
f 4358//2023 4357//2023 4360//2023
f 4362//2024 4360//2024 4361//2024
f 4359//2025 4358//2025 4362//2025
f 4363//2026 4362//2026 4364//2026
f 4360//2027 4357//2027 4365//2027
f 4366//2028 4365//2028 4252//2028
f 4361//2029 4360//2029 4366//2029
f 4367//2030 4366//2030 4256//2030
f 4368//2031 4369//2031 4370//2031
f 4369//2032 4361//2032 4367//2032
f 4371//2033 4370//2033 4268//2033
f 4370//2034 4367//2034 4970//2034
f 4368//2035 4372//2035 4374//2035
f 4372//2036 4373//2036 4375//2036
f 4369//2037 4374//2037 4364//2037
f 4374//2038 4375//2038 5139//2038
f 4376//1389 4377//1389 4379//1389
f 4378//1390 4379//1390 5003//1390
f 4376//1391 4380//1391 4381//1391
f 4380//1392 4382//1392 5145//1392
f 4385//2039 4383//2039 4384//2039
f 4386//1394 4385//1394 4387//1394
f 4384//1395 4383//1395 4388//1395
f 4389//1396 4388//1396 4279//1396
f 4391//1397 4390//1397 4393//1397
f 4392//1398 4391//1398 4394//1398
f 4393//1399 4390//1399 4396//1399
f 4397//1400 4396//1400 4285//1400
f 4401//1465 4398//1465 4399//1465
f 4296//1466 4401//1466 4400//1466
f 4399//1467 4398//1467 4402//1467
f 4404//1468 4402//1468 4403//1468
f 4408//1469 4406//1469 4407//1469
f 4305//1470 4408//1470 4409//1470
f 4407//1471 4406//1471 4410//1471
f 4411//1472 4410//1472 4412//1472
f 4413//1473 4414//1473 4417//1473
f 4415//2040 4417//2040 5007//2040
f 4413//1475 4418//1475 4419//1475
f 4418//1476 4309//1476 5056//1476
f 4422//1493 4420//1493 4421//1493
f 4319//1494 4422//1494 4423//1494
f 4421//1495 4420//1495 4424//1495
f 4425//1496 4424//1496 4426//1496
f 4427//1497 4428//1497 4431//1497
f 4429//1498 4431//1498 5047//1498
f 4427//1499 4432//1499 4433//1499
f 4432//1500 4323//1500 5111//1500
f 4434//1501 4437//1501 4438//1501
f 4435//1502 4438//1502 4439//1502
f 4434//1503 4440//1503 4441//1503
f 4440//1504 4329//1504 4332//1504
f 4442//1441 4443//1441 4444//1441
f 4445//1442 4444//1442 4342//1442
f 4442//1443 4446//1443 4448//1443
f 4446//1444 4447//1444 4449//1444
f 4450//1445 4451//1445 4453//1445
f 4452//1446 4453//1446 4974//1446
f 4450//1447 4454//1447 4455//1447
f 4454//1448 4456//1448 4975//1448
f 4459//1449 4457//1449 4458//1449
f 4460//1450 4459//1450 4461//1450
f 4458//1451 4457//1451 4462//1451
f 4463//1452 4462//1452 4353//1452
f 4465//2041 4464//2041 4467//2041
f 4469//2042 4467//2042 4468//2042
f 4466//2043 4465//2043 4469//2043
f 4470//2044 4469//2044 4471//2044
f 4467//2045 4464//2045 4472//2045
f 4473//2046 4472//2046 4359//2046
f 4468//2047 4467//2047 4473//2047
f 4474//2048 4473//2048 4363//2048
f 4475//2049 4476//2049 4477//2049
f 4476//2050 4468//2050 4474//2050
f 4478//2051 4477//2051 4375//2051
f 4477//2052 4474//2052 5139//2052
f 4475//2053 4479//2053 4481//2053
f 4479//2054 4480//2054 4482//2054
f 4476//2055 4481//2055 4471//2055
f 4481//2056 4482//2056 5118//2056
f 4483//1453 4484//1453 4486//1453
f 4485//1454 4486//1454 5145//1454
f 4483//1455 4487//1455 4488//1455
f 4487//1456 4489//1456 5099//1456
f 4492//1457 4490//1457 4491//1457
f 4493//1458 4492//1458 4494//1458
f 4491//1459 4490//1459 4495//1459
f 4496//1460 4495//1460 4386//1460
f 4498//1461 4497//1461 4500//1461
f 4499//1462 4498//1462 4501//1462
f 4500//1463 4497//1463 4503//1463
f 4504//1464 4503//1464 4392//1464
f 4508//1529 4505//1529 4506//1529
f 4403//2057 4508//2057 4507//2057
f 4506//1531 4505//1531 4509//1531
f 4511//1532 4509//1532 4510//1532
f 4515//1533 4513//1533 4514//1533
f 4412//2058 4515//2058 4516//2058
f 4514//1535 4513//1535 4517//1535
f 4518//1536 4517//1536 4519//1536
f 4520//1537 4521//1537 4524//1537
f 4522//1538 4524//1538 5115//1538
f 4520//1539 4525//1539 4526//1539
f 4525//1540 4416//1540 5007//1540
f 4529//1557 4527//1557 4528//1557
f 4426//1558 4529//1558 4530//1558
f 4528//1559 4527//1559 4531//1559
f 4532//1560 4531//1560 4533//1560
f 4534//1561 4535//1561 4538//1561
f 4536//1562 4538//1562 5050//1562
f 4534//1563 4539//1563 4540//1563
f 4539//1564 4430//1564 5047//1564
f 4541//1565 4544//1565 4545//1565
f 4542//1566 4545//1566 4546//1566
f 4541//1567 4547//1567 4548//1567
f 4547//1568 4436//1568 4439//1568
f 4549//1505 4550//1505 4551//1505
f 4552//1506 4551//1506 4449//1506
f 4549//1507 4553//1507 4555//1507
f 4553//1508 4554//1508 4556//1508
f 4557//1509 4558//1509 4560//1509
f 4559//1510 4560//1510 4975//1510
f 4557//1511 4561//1511 4562//1511
f 4561//1512 4563//1512 4996//1512
f 4566//1513 4564//1513 4565//1513
f 4567//1514 4566//1514 4568//1514
f 4565//1515 4564//1515 4569//1515
f 4570//1516 4569//1516 4460//1516
f 4572//2059 4571//2059 4574//2059
f 4576//2060 4574//2060 4575//2060
f 4573//2061 4572//2061 4576//2061
f 4577//2062 4576//2062 4578//2062
f 4574//2063 4571//2063 4579//2063
f 4580//2064 4579//2064 4466//2064
f 4575//2065 4574//2065 4580//2065
f 4581//2066 4580//2066 4470//2066
f 4582//2067 4583//2067 4584//2067
f 4583//2068 4575//2068 4581//2068
f 4585//2069 4584//2069 4482//2069
f 4584//2070 4581//2070 5118//2070
f 4582//2071 4586//2071 4588//2071
f 4586//2072 4587//2072 4589//2072
f 4583//2073 4588//2073 4578//2073
f 4588//2074 4589//2074 4999//2074
f 4590//1517 4591//1517 4593//1517
f 4592//1518 4593//1518 5099//1518
f 4590//1519 4594//1519 4595//1519
f 4594//1520 4596//1520 4985//1520
f 4599//1521 4597//1521 4598//1521
f 4600//1522 4599//1522 4601//1522
f 4598//2075 4597//2075 4602//2075
f 4603//1524 4602//1524 4493//1524
f 4605//1525 4604//1525 4607//1525
f 4606//1526 4605//1526 4608//1526
f 4607//1527 4604//1527 4610//1527
f 4611//1528 4610//1528 4499//1528
f 4615//1593 4612//1593 4613//1593
f 4510//1594 4615//1594 4614//1594
f 4613//1595 4612//1595 4616//1595
f 4618//1596 4616//1596 4617//1596
f 4622//1597 4620//1597 4621//1597
f 4519//1598 4622//1598 4623//1598
f 4621//1599 4620//1599 4624//1599
f 4625//1600 4624//1600 4626//1600
f 4627//1601 4628//1601 4631//1601
f 4629//1602 4631//1602 5136//1602
f 4627//1603 4632//1603 4633//1603
f 4632//1604 4523//1604 5115//1604
f 4636//1621 4634//1621 4635//1621
f 4533//1622 4636//1622 4637//1622
f 4635//1623 4634//1623 4638//1623
f 4639//1624 4638//1624 4640//1624
f 4641//1625 4642//1625 4645//1625
f 4643//1626 4645//1626 4990//1626
f 4641//1627 4646//1627 4647//1627
f 4646//1628 4537//1628 5050//1628
f 4648//1629 4651//1629 4652//1629
f 4649//1630 4652//1630 4653//1630
f 4648//1631 4654//1631 4655//1631
f 4654//1632 4543//1632 4546//1632
f 4656//1569 4657//1569 4658//1569
f 4659//1570 4658//1570 4556//1570
f 4656//1571 4660//1571 4662//1571
f 4660//1572 4661//1572 4663//1572
f 4664//1573 4665//1573 4667//1573
f 4666//1574 4667//1574 4996//1574
f 4664//1575 4668//1575 4669//1575
f 4668//1576 4670//1576 5104//1576
f 4673//1577 4671//1577 4672//1577
f 4674//1578 4673//1578 4675//1578
f 4672//1579 4671//1579 4676//1579
f 4677//1580 4676//1580 4567//1580
f 4679//2076 4678//2076 4681//2076
f 4683//2077 4681//2077 4682//2077
f 4680//2078 4679//2078 4683//2078
f 4684//2079 4683//2079 4685//2079
f 4681//2080 4678//2080 4686//2080
f 4687//2081 4686//2081 4573//2081
f 4682//2082 4681//2082 4687//2082
f 4688//2083 4687//2083 4577//2083
f 4689//2084 4690//2084 4691//2084
f 4690//2085 4682//2085 4688//2085
f 4692//2086 4691//2086 4589//2086
f 4691//2087 4688//2087 4999//2087
f 4689//2088 4693//2088 4695//2088
f 4693//2089 4694//2089 4696//2089
f 4690//2090 4695//2090 4685//2090
f 4695//2091 4696//2091 5048//2091
f 4697//1581 4698//1581 4700//1581
f 4699//1582 4700//1582 4985//1582
f 4697//1583 4701//1583 4702//1583
f 4701//1584 4703//1584 4986//1584
f 4706//1585 4704//1585 4705//1585
f 4707//1586 4706//1586 4708//1586
f 4705//1587 4704//1587 4709//1587
f 4710//1588 4709//1588 4600//1588
f 4712//1589 4711//1589 4714//1589
f 4713//1590 4712//1590 4715//1590
f 4711//1591 4717//1591 4718//1591
f 4718//1592 4717//1592 4606//1592
f 4722//1657 4719//1657 4720//1657
f 4617//1658 4722//1658 4721//1658
f 4720//1659 4719//1659 4723//1659
f 4725//1660 4723//1660 4724//1660
f 4729//1661 4727//1661 4728//1661
f 4626//1662 4729//1662 4730//1662
f 4728//1663 4727//1663 4731//1663
f 4732//1664 4731//1664 4733//1664
f 4734//1665 4735//1665 4738//1665
f 4736//1666 4738//1666 4971//1666
f 4734//1667 4739//1667 4740//1667
f 4739//1668 4630//1668 5136//1668
f 4743//1685 4741//1685 4742//1685
f 4640//1686 4743//1686 4744//1686
f 4742//1687 4741//1687 4745//1687
f 4746//1688 4745//1688 4747//1688
f 4748//1689 4749//1689 4752//1689
f 4750//1690 4752//1690 4991//1690
f 4748//1691 4753//1691 4754//1691
f 4753//1692 4644//1692 4990//1692
f 4755//1693 4758//1693 4759//1693
f 4756//1694 4759//1694 4760//1694
f 4755//1695 4761//1695 4762//1695
f 4761//1696 4650//1696 4653//1696
f 4763//1633 4764//1633 4765//1633
f 4766//1634 4765//1634 4663//1634
f 4763//1635 4767//1635 4769//1635
f 4767//1636 4768//1636 4770//1636
f 4771//1637 4772//1637 4774//1637
f 4773//1638 4774//1638 5104//1638
f 4771//1639 4775//1639 4776//1639
f 4775//1640 4777//1640 4994//1640
f 4780//1641 4778//1641 4779//1641
f 4781//1642 4780//1642 4782//1642
f 4779//1643 4778//1643 4783//1643
f 4784//1644 4783//1644 4674//1644
f 4786//2092 4785//2092 4788//2092
f 4790//2093 4788//2093 4789//2093
f 4787//2094 4786//2094 4790//2094
f 4791//2095 4790//2095 4792//2095
f 4788//2096 4785//2096 4793//2096
f 4794//2097 4793//2097 4680//2097
f 4789//2098 4788//2098 4794//2098
f 4795//2099 4794//2099 4684//2099
f 4796//2100 4797//2100 4798//2100
f 4797//2101 4789//2101 4795//2101
f 4799//2102 4798//2102 4696//2102
f 4798//2103 4795//2103 5048//2103
f 4796//2104 4800//2104 4802//2104
f 4800//2105 4801//2105 4803//2105
f 4797//2106 4802//2106 4792//2106
f 4802//2107 4803//2107 5088//2107
f 4804//1645 4805//1645 4807//1645
f 4806//1646 4807//1646 4986//1646
f 4804//1647 4808//1647 4809//1647
f 4808//1648 4810//1648 5098//1648
f 4813//1649 4811//1649 4812//1649
f 4814//1650 4813//1650 4815//1650
f 4812//1651 4811//1651 4816//1651
f 4817//1652 4816//1652 4707//1652
f 4819//1653 4818//1653 4821//1653
f 4820//1654 4819//1654 4822//1654
f 4821//1655 4818//1655 4824//1655
f 4825//1656 4824//1656 4713//1656
f 4829//1721 4826//1721 4827//1721
f 4724//1722 4829//1722 4828//1722
f 4827//1723 4826//1723 4830//1723
f 4832//1724 4830//1724 4831//1724
f 4836//1725 4834//1725 4835//1725
f 4733//1726 4836//1726 4837//1726
f 4835//1727 4834//1727 4838//1727
f 4839//1728 4838//1728 4840//1728
f 4841//1729 4842//1729 4845//1729
f 4843//1730 4845//1730 4972//1730
f 4841//1731 4846//1731 4847//1731
f 4846//1732 4737//1732 4971//1732
f 4850//1749 4848//1749 4849//1749
f 4747//1750 4850//1750 4851//1750
f 4849//1751 4848//1751 4852//1751
f 4853//1752 4852//1752 4854//1752
f 4855//1753 4856//1753 4859//1753
f 4857//1754 4859//1754 5120//1754
f 4855//1755 4860//1755 4861//1755
f 4860//2108 4751//2108 4991//2108
f 4862//1757 4865//1757 4866//1757
f 4863//1758 4866//1758 4867//1758
f 4862//1759 4868//1759 4869//1759
f 4868//1760 4757//1760 4760//1760
f 4870//1697 4871//1697 4872//1697
f 4873//1698 4872//1698 4770//1698
f 4870//1699 4874//1699 4876//1699
f 4874//1700 4875//1700 4877//1700
f 4878//1701 4879//1701 4881//1701
f 4880//1702 4881//1702 4994//1702
f 4878//1703 4882//1703 4883//1703
f 4882//1704 4884//1704 5063//1704
f 4887//1705 4885//1705 4886//1705
f 4888//1706 4887//1706 4889//1706
f 4886//1707 4885//1707 4890//1707
f 4891//1708 4890//1708 4781//1708
f 4893//2109 4892//2109 4895//2109
f 4897//2110 4895//2110 4896//2110
f 4894//2111 4893//2111 4897//2111
f 4898//2112 4897//2112 4899//2112
f 4895//2113 4892//2113 4900//2113
f 4901//2114 4900//2114 4787//2114
f 4896//2115 4895//2115 4901//2115
f 4902//2116 4901//2116 4791//2116
f 4903//2117 4904//2117 4905//2117
f 4904//2118 4896//2118 4902//2118
f 4906//2119 4905//2119 4803//2119
f 4905//2120 4902//2120 5088//2120
f 4903//2121 4907//2121 4909//2121
f 4907//2122 4908//2122 4910//2122
f 4904//2123 4909//2123 4899//2123
f 4909//2124 4910//2124 5131//2124
f 4911//1709 4912//1709 4914//1709
f 4913//1710 4914//1710 5098//1710
f 4911//1711 4915//1711 4916//1711
f 4915//1712 4917//1712 5072//1712
f 4920//1713 4918//1713 4919//1713
f 4921//1714 4920//1714 4922//1714
f 4919//1715 4918//1715 4923//1715
f 4924//1716 4923//1716 4814//1716
f 4926//1717 4925//1717 4928//1717
f 4927//1718 4926//1718 4929//1718
f 4928//1719 4925//1719 4931//1719
f 4932//1720 4931//1720 4820//1720
f 4831//1774 4935//1774 4934//1774
f 4840//1776 4937//1776 4938//1776
f 5150//2125 4943//2125 4942//2125
f 4940//1778 4844//1778 4972//1778
f 5165//2126 5163//2126 4937//2126
f 4854//1780 4943//1780 4944//1780
f 4946//1782 4858//1782 5120//1782
f 4949//1784 4864//1784 4867//1784
f 4953//1762 4952//1762 4877//1762
f 4955//1764 4956//1764 5063//1764
f 4959//1766 4958//1766 4888//1766
f 2395//2125 2396//2125 2416//2125
f 4961//1768 4962//1768 5072//1768
f 4965//1770 4964//1770 4921//1770
f 4968//1772 4967//1772 4927//1772
f 1192//2127 2171//2127 4091//2127
f 1592//2128 4811//2128 4813//2128
f 805//2129 807//2129 3409//2129
f 1190//2130 4092//2130 4094//2130
f 1595//2131 4813//2131 4814//2131
f 807//2132 2048//2132 3410//2132
f 1193//2133 4094//2133 4095//2133
f 2257//2134 2750//2134 5137//2134
f 1592//2135 1596//2135 4816//2135
f 2258//2136 2257//2136 4195//2136
f 1190//2137 1194//2137 4097//2137
f 2258//2138 4193//2138 4197//2138
f 1596//2139 2212//2139 4707//2139
f 2259//2140 4197//2140 5080//2140
f 1194//2141 2315//2141 3988//2141
f 1597//2142 4818//2142 4819//2142
f 805//2143 3405//2143 3408//2143
f 1598//2144 4819//2144 4820//2144
f 808//2145 3408//2145 3303//2145
f 1197//2146 1195//2146 4099//2146
f 2020//2147 2019//2147 951//2147
f 2128//2148 1197//2148 4101//2148
f 1599//2149 1601//2149 4822//2149
f 2263//2150 2262//2150 3660//2150
f 811//2151 3413//2151 3415//2151
f 2263//2152 3658//2152 3662//2152
f 813//2153 3415//2153 3312//2153
f 1198//2154 4103//2154 4099//2154
f 1601//2155 2147//2155 4823//2155
f 2264//2156 3662//2156 5143//2156
f 1597//2157 1600//2157 4824//2157
f 2265//2158 4633//2158 5115//2158
f 811//2159 814//2159 3417//2159
f 2598//2160 4105//2160 4103//2160
f 1600//2161 2498//2161 4713//2161
f 2266//2162 4628//2162 4633//2162
f 2266//2163 2267//2163 4631//2163
f 814//2164 2230//2164 3419//2164
f 1199//2165 1196//2165 4106//2165
f 1599//2166 4821//2166 4825//2166
f 2267//2167 2796//2167 5136//2167
f 2599//2168 1199//2168 4108//2168
f 1602//2169 4825//2169 4716//2169
f 812//2170 3420//2170 3422//2170
f 815//2171 3422//2171 3423//2171
f 1200//2172 4111//2172 4106//2172
f 1604//2173 1607//2173 4828//2173
f 812//2174 816//2174 3425//2174
f 2129//2175 4002//2175 4111//2175
f 1607//2176 2089//2176 4726//2176
f 1202//2177 1201//2177 4113//2177
f 1603//2178 1605//2178 4830//2178
f 2717//2179 2273//2179 3791//2179
f 816//2180 2545//2180 3316//2180
f 2408//2181 1202//2181 4114//2181
f 1605//2182 1846//2182 4831//2182
f 2273//2183 2274//2183 3786//2183
f 817//2184 3427//2184 3428//2184
f 2275//2185 3789//2185 3786//2185
f 818//2186 3428//2186 3429//2186
f 1205//2187 4117//2187 4116//2187
f 1604//2188 4827//2188 4832//2188
f 2726//2189 5053//2189 3789//2189
f 1608//2190 4832//2190 4833//2190
f 819//2191 821//2191 3431//2191
f 2409//2192 4118//2192 4117//2192
f 1603//2193 4826//2193 4829//2193
f 2665//2194 2278//2194 3179//2194
f 1204//2195 4119//2195 4113//2195
f 1606//2196 4829//2196 4724//2196
f 2278//2197 2279//2197 3174//2197
f 821//2198 1983//2198 3432//2198
f 2561//2199 4008//2199 4119//2199
f 2280//2200 3177//2200 3174//2200
f 820//2201 3433//2201 3427//2201
f 1609//2202 4834//2202 4836//2202
f 2674//2203 5020//2203 3177//2203
f 820//2204 2459//2204 3322//2204
f 1206//2205 1203//2205 4116//2205
f 1611//2206 4836//2206 4733//2206
f 2683//2207 2281//2207 3393//2207
f 2562//2208 1206//2208 4120//2208
f 2281//2209 2282//2209 3388//2209
f 819//2210 3430//2210 3434//2210
f 1609//2211 1612//2211 4838//2211
f 2283//2212 3391//2212 3388//2212
f 822//2213 3434//2213 3325//2213
f 1211//2214 4123//2214 4122//2214
f 2692//2215 5090//2215 3391//2215
f 1612//2216 2622//2216 4840//2216
f 824//2217 827//2217 3437//2217
f 2253//2218 4021//2218 4123//2218
f 1209//2219 4125//2219 4121//2219
f 1610//2220 4841//2220 4843//2220
f 827//2221 2357//2221 3335//2221
f 2237//2222 4126//2222 4125//2222
f 1613//2223 4843//2223 4844//2223
f 823//2224 825//2224 3439//2224
f 825//2225 2586//2225 3440//2225
f 1212//2226 1208//2226 4122//2226
f 1610//2227 1614//2227 4846//2227
f 2290//2228 4924//2228 5112//2228
f 2236//2229 1212//2229 4127//2229
f 2291//2230 4919//2230 4924//2230
f 824//2231 3436//2231 3441//2231
f 1210//2232 1207//2232 4121//2232
f 1614//2233 1913//2233 4737//2233
f 2291//2234 2292//2234 4922//2234
f 828//2235 3441//2235 3442//2235
f 2254//2236 1210//2236 4124//2236
f 2292//2237 2821//2237 5014//2237
f 823//2238 3435//2238 3438//2238
f 1617//2239 1615//2239 4848//2239
f 826//2240 3438//2240 3333//2240
f 1215//2241 1213//2241 4129//2241
f 2319//2242 1617//2242 4850//2242
f 1968//2243 1215//2243 4131//2243
f 829//2244 3443//2244 3445//2244
f 1618//2245 4852//2245 4848//2245
f 831//2246 3445//2246 3342//2246
f 1216//2247 4133//2247 4129//2247
f 2068//2248 4854//2248 4852//2248
f 829//2249 832//2249 3447//2249
f 2299//2250 4135//2250 4133//2250
f 1619//2234 1616//2234 4855//2234
f 2301//2251 3533//2251 5142//2251
f 832//2252 1800//2252 3449//2252
f 1217//2253 1214//2253 4136//2253
f 2069//2237 1619//2237 4857//2237
f 2302//2254 3528//2254 3533//2254
f 2300//2255 1217//2255 4138//2255
f 2302//2256 2303//2256 3531//2256
f 830//2257 3450//2257 3452//2257
f 1620//2230 4860//2230 4855//2230
f 2303//2258 2704//2258 5093//2258
f 833//2259 3452//2259 3453//2259
f 1218//2260 4141//2260 4136//2260
f 2320//2261 4751//2261 4860//2261
f 830//2262 834//2262 3455//2262
f 1969//2263 4032//2263 4141//2263
f 1622//2264 1621//2264 4862//2264
f 2306//2265 3670//2265 5109//2265
f 1219//2266 4143//2266 4144//2266
f 1893//2267 1622//2267 4863//2267
f 2307//2268 3665//2268 3670//2268
f 834//2269 2556//2269 3346//2269
f 2361//2270 1220//2270 4144//2270
f 2307//2271 2308//2271 3668//2271
f 1625//2272 4866//2272 4865//2272
f 2308//2273 2715//2273 5121//2273
f 837//2274 835//2274 3457//2274
f 2106//2275 837//2275 3459//2275
f 1894//2276 4867//2276 4866//2276
f 1624//2277 4868//2277 4862//2277
f 838//2278 3461//2278 3457//2278
f 2152//2279 4757//2279 4868//2279
f 2342//2280 3463//2280 3461//2280
f 1219//2281 1222//2281 4151//2281
f 1626//2282 1623//2282 4865//2282
f 1910//2283 4038//2283 4151//2283
f 2153//2284 1626//2284 4869//2284
f 839//2256 836//2256 3464//2256
f 2673//2285 5019//2285 3276//2285
f 2343//2258 839//2258 3466//2258
f 1631//2193 4872//2193 4871//2193
f 2316//2286 3276//2286 3274//2286
f 2318//2287 2317//2287 3274//2287
f 840//2254 3469//2254 3464//2254
f 2629//2196 4770//2196 4872//2196
f 2682//2288 2318//2288 3278//2288
f 1629//2188 4874//2188 4870//2188
f 2107//2251 3360//2251 3469//2251
f 1978//2190 4875//2190 4874//2190
f 842//2289 841//2289 3471//2289
f 2736//2290 4997//2290 4025//2290
f 2540//2291 842//2291 3472//2291
f 1632//2178 1628//2178 4871//2178
f 2321//2292 4025//2292 4023//2292
f 1977//2182 1632//2182 4876//2182
f 2323//2293 2322//2293 4023//2293
f 845//2294 3475//2294 3474//2294
f 1630//2173 1627//2173 4870//2173
f 2745//2295 2323//2295 4027//2295
f 1225//2296 1227//2296 4158//2296
f 2630//2176 1630//2176 4873//2176
f 2799//2297 5104//2297 4774//2297
f 2541//2298 3476//2298 3475//2298
f 1227//2299 1716//2299 4159//2299
f 2324//2300 4774//2300 4772//2300
f 844//2301 3477//2301 3471//2301
f 1635//2302 1633//2302 4878//2302
f 2326//2303 2325//2303 4772//2303
f 2286//2304 3366//2304 3477//2304
f 1741//2305 1635//2305 4880//2305
f 2808//2306 2326//2306 4776//2306
f 2728//2307 2327//2307 3928//2307
f 846//2308 843//2308 3474//2308
f 1636//2309 4882//2309 4878//2309
f 2327//2310 2328//2310 3923//2310
f 2287//2311 846//2311 3478//2311
f 1225//2312 4154//2312 4157//2312
f 2329//2313 3926//2313 3923//2313
f 1228//2314 4157//2314 4052//2314
f 2028//2315 4884//2315 4882//2315
f 2737//2316 4998//2316 3926//2316
f 848//2238 851//2238 3481//2238
f 1231//2317 4162//2317 4164//2317
f 1637//2318 1634//2318 4885//2318
f 2007//2240 3379//2240 3481//2240
f 1233//2319 4164//2319 4061//2319
f 2029//2320 1637//2320 4887//2320
f 2332//2321 2921//2321 5031//2321
f 849//2231 3483//2231 3479//2231
f 2333//2322 2916//2322 2921//2322
f 1756//2235 3484//2235 3483//2235
f 1231//2323 1234//2323 4166//2323
f 1638//2324 4890//2324 4885//2324
f 2333//2325 2334//2325 2919//2325
f 2334//2326 2652//2326 5114//2326
f 852//2224 848//2224 3480//2224
f 1234//2327 2487//2327 4168//2327
f 1742//2328 4781//2328 4890//2328
f 1755//2329 852//2329 3485//2329
f 1640//2330 1639//2330 4892//2330
f 850//2217 847//2217 3479//2217
f 1232//2331 4169//2331 4171//2331
f 2304//2332 1640//2332 4893//2332
f 2807//2333 2337//2333 4861//2333
f 2008//2221 850//2221 3482//2221
f 1235//2334 4171//2334 4172//2334
f 2337//2335 2338//2335 4856//2335
f 2339//2336 4859//2336 4856//2336
f 855//2337 853//2337 3487//2337
f 1232//2338 1236//2338 4174//2338
f 2816//2339 5120//2339 4859//2339
f 1948//2340 855//2340 3489//2340
f 1236//2341 2507//2341 4065//2341
f 856//2342 3491//2342 3487//2342
f 1237//2187 4176//2187 4177//2187
f 1905//2343 4212//2343 4210//2343
f 1238//2192 4177//2192 4178//2192
f 1642//2344 4900//2344 4892//2344
f 2635//2345 3493//2345 3491//2345
f 2525//2346 4787//2346 4900//2346
f 1259//2347 1256//2347 4213//2347
f 1239//2177 1241//2177 4180//2177
f 857//2348 854//2348 3494//2348
f 1906//2349 1259//2349 4215//2349
f 2636//2350 857//2350 3496//2350
f 1241//2181 2245//2181 4181//2181
f 1260//2351 4218//2351 4213//2351
f 1237//2205 1240//2205 4182//2205
f 858//2352 3499//2352 3494//2352
f 1240//2208 2239//2208 4071//2208
f 2599//2353 4109//2353 4218//2353
f 1949//2354 3390//2354 3499//2354
f 1262//2355 1261//2355 4220//2355
f 1242//2195 1239//2195 4179//2195
f 860//2356 859//2356 3501//2356
f 2189//2357 1262//2357 4221//2357
f 1242//2199 4183//2199 4074//2199
f 2057//2358 860//2358 3502//2358
f 1265//2359 4224//2359 4223//2359
f 1244//2360 1247//2360 4186//2360
f 1645//2361 1647//2361 4907//2361
f 2190//2362 4225//2362 4224//2362
f 1247//2363 1782//2363 4084//2363
f 1647//2364 2136//2364 4908//2364
f 1264//2365 4226//2365 4220//2365
f 1243//2366 1245//2366 4188//2366
f 2408//2367 4115//2367 4226//2367
f 1245//2368 2124//2368 4189//2368
f 862//2369 3509//2369 3501//2369
f 1266//2370 1263//2370 4223//2370
f 1244//2371 4185//2371 4190//2371
f 1886//2372 3396//2372 3509//2372
f 2409//2373 1266//2373 4227//2373
f 1248//2374 4190//2374 4191//2374
f 1645//2375 4903//2375 4906//2375
f 1243//2376 4184//2376 4187//2376
f 1648//2377 4906//2377 4801//2377
f 1271//2376 4230//2376 4229//2376
f 1246//2378 4187//2378 4082//2378
f 1651//2379 4911//2379 4913//2379
f 2236//2378 4128//2378 4230//2378
f 1249//2380 4192//2380 4194//2380
f 1653//2381 4913//2381 4810//2381
f 1269//2371 4232//2371 4228//2371
f 1251//2382 4194//2382 4091//2382
f 2024//2374 4233//2374 4232//2374
f 1651//2383 1654//2383 4915//2383
f 1249//2384 1252//2384 4196//2384
f 1272//2366 1268//2366 4229//2366
f 1654//2385 1898//2385 4917//2385
f 2023//2368 1272//2368 4234//2368
f 1252//2386 1966//2386 4198//2386
f 1270//2387 1267//2387 4228//2387
f 1652//2336 4918//2336 4920//2336
f 865//2388 867//2388 3516//2388
f 2237//2363 1270//2363 4231//2363
f 1250//2389 4199//2389 4201//2389
f 1655//2339 4920//2339 4921//2339
f 867//2390 2244//2390 3517//2390
f 1253//2391 4201//2391 4202//2391
f 1275//2136 1273//2136 4236//2136
f 1652//2335 1656//2335 4923//2335
f 2299//2134 1275//2134 4238//2134
f 1250//2392 1254//2392 4204//2392
f 1656//2333 2454//2333 4814//2333
f 1276//2138 4240//2138 4236//2138
f 1254//2393 2172//2393 4095//2393
f 1657//2272 4925//2272 4926//2272
f 865//2394 3512//2394 3515//2394
f 1658//2276 4926//2276 4927//2276
f 868//2395 3515//2395 3410//2395
f 2559//2140 4242//2140 4240//2140
f 1257//2396 1255//2396 4206//2396
f 2598//2397 1257//2397 4208//2397
f 1659//2264 1661//2264 4929//2264
f 871//2398 3520//2398 3522//2398
f 1277//2399 1274//2399 4243//2399
f 873//2400 3522//2400 3419//2400
f 2560//2401 1277//2401 4245//2401
f 1258//2402 4210//2402 4206//2402
f 1661//2267 1970//2267 4930//2267
f 1657//2282 1660//2282 4931//2282
f 871//2403 874//2403 3524//2403
f 1278//2404 4248//2404 4243//2404
f 1660//2284 2148//2284 4820//2284
f 484//2405 483//2405 2822//2405
f 483//2406 485//2406 2824//2406
f 874//2407 1958//2407 3526//2407
f 2300//2408 4139//2408 4248//2408
f 1659//2277 4928//2277 4932//2277
f 485//2409 1879//2409 2825//2409
f 1279//2410 4250//2410 4251//2410
f 1662//2279 4932//2279 4823//2279
f 872//2411 3527//2411 3529//2411
f 2604//2412 1280//2412 4251//2412
f 484//2413 2823//2413 2826//2413
f 875//2414 3529//2414 3530//2414
f 1664//2415 1666//2415 4934//2415
f 486//2416 2826//2416 2827//2416
f 2217//2417 487//2417 2828//2417
f 872//2418 876//2418 3532//2418
f 1666//2419 1845//2419 4833//2419
f 487//2420 489//2420 2830//2420
f 876//2421 2231//2421 3423//2421
f 1665//2422 4935//2422 4831//2422
f 489//2423 1806//2423 2832//2423
f 877//2294 3534//2294 3535//2294
f 488//2424 2154//2424 2834//2424
f 878//2298 3535//2298 3536//2298
f 1282//2425 4258//2425 4250//2425
f 488//2426 2833//2426 2835//2426
f 2361//2427 4145//2427 4258//2427
f 1669//2428 4937//2428 4840//2428
f 490//2429 2835//2429 2836//2429
f 879//2289 881//2289 3538//2289
f 5166//2430 5168//2430 1672//2430
f 491//2431 2838//2431 2839//2431
f 881//2432 2213//2432 3539//2432
f 1668//2433 1670//2433 4940//2433
f 493//2434 2840//2434 2838//2434
f 877//2308 880//2308 3540//2308
f 880//2311 1984//2311 3429//2311
f 1670//2435 2623//2435 4844//2435
f 2082//2436 2842//2436 2840//2436
f 4939//2437 5151//2437 5155//2437
f 1960//2438 2844//2438 2843//2438
f 879//2301 3537//2301 3541//2301
f 1673//2439 1671//2439 4942//2439
f 494//2440 492//2440 2843//2440
f 882//2304 3541//2304 3432//2304
f 2068//2441 1673//2441 4943//2441
f 2083//2442 494//2442 2845//2442
f 884//2443 887//2443 3544//2443
f 496//2444 495//2444 2848//2444
f 1285//2445 1287//2445 4265//2445
f 5162//2446 5164//2446 4946//2446
f 2527//2447 496//2447 2849//2447
f 887//2448 2585//2448 3442//2448
f 1287//2449 2422//2449 4266//2449
f 497//2450 2851//2450 2848//2450
f 883//2451 885//2451 3546//2451
f 2069//2452 4858//2452 4946//2452
f 498//2453 2852//2453 2851//2453
f 5108//2454 3547//2454 3546//2454
f 2528//2455 2853//2455 2852//2455
f 884//2456 3543//2456 3548//2456
f 1893//2457 4864//2457 4949//2457
f 499//2405 2854//2405 2855//2405
f 885//2458 1704//2458 2705//2458
f 1288//2459 1285//2459 4261//2459
f 501//2460 2856//2460 2854//2460
f 883//2461 3542//2461 3545//2461
f 1288//2462 4264//2462 4159//2462
f 1678//2463 1676//2463 4948//2463
f 1747//2416 2857//2416 2856//2416
f 886//2464 3545//2464 3440//2464
f 1894//2465 1678//2465 4950//2465
f 1291//2466 4269//2466 4271//2466
f 502//2406 500//2406 2855//2406
f 889//2467 3550//2467 3552//2467
f 1293//2468 4271//2468 4168//2468
f 1682//2469 4952//2469 4951//2469
f 1746//2409 502//2409 2858//2409
f 891//2470 3552//2470 3449//2470
f 503//2417 2860//2417 2861//2417
f 1291//2471 1294//2471 4273//2471
f 1977//2422 4877//2422 4952//2422
f 505//2472 2862//2472 2860//2472
f 889//2473 892//2473 3554//2473
f 1294//2474 2249//2474 4275//2474
f 1978//2419 1681//2419 4953//2419
f 2400//2475 2864//2475 2862//2475
f 3559//2476 3554//2476 892//2476
f 504//2424 2009//2424 2866//2424
f 1292//2477 4276//2477 4278//2477
f 506//2478 504//2478 2865//2478
f 890//2479 3557//2479 3559//2479
f 1295//2480 4278//2480 4279//2480
f 2028//2481 1685//2481 4955//2481
f 2401//2482 506//2482 2867//2482
f 3560//2483 3556//2483 3554//2483
f 1292//2484 1296//2484 4281//2484
f 508//2485 507//2485 2870//2485
f 890//2486 894//2486 3562//2486
f 1686//2487 4958//2487 4957//2487
f 2335//2488 508//2488 2871//2488
f 1296//2489 2488//2489 4172//2489
f 507//2490 509//2490 2873//2490
f 894//2491 1801//2491 3453//2491
f 1297//2359 4283//2359 4284//2359
f 2029//2492 4888//2492 4958//2492
f 509//2493 1713//2493 2874//2493
f 1298//2362 4284//2362 4285//2362
f 2136//2494 2135//2494 4910//2494
f 897//2495 895//2495 3564//2495
f 2135//2494 2819//2494 5131//2494
f 2342//2496 897//2496 3566//2496
f 1299//2355 1301//2355 4287//2355
f 898//2497 3568//2497 3564//2497
f 1301//2357 2385//2357 4288//2357
f 511//2498 2878//2498 2879//2498
f 1297//2370 1300//2370 4289//2370
f 512//2499 2879//2499 2874//2499
f 898//2500 2435//2500 2436//2500
f 1300//2373 2246//2373 4178//2373
f 511//2501 513//2501 2880//2501
f 513//2502 2252//2502 2881//2502
f 899//2503 896//2503 3571//2503
f 1299//2365 4286//2365 4290//2365
f 5131//2494 2819//2494 2305//2494
f 960//2504 957//2504 3673//2504
f 1302//2367 4290//2367 4181//2367
f 4898//2494 2305//2494 2304//2494
f 900//2505 3576//2505 3571//2505
f 1304//2506 1307//2506 4293//2506
f 515//2431 2884//2431 2885//2431
f 2343//2507 3467//2507 3576//2507
f 1307//2508 2123//2508 4191//2508
f 515//2509 517//2509 2886//2509
f 902//2510 901//2510 3578//2510
f 1303//2511 1305//2511 4295//2511
f 1999//2512 964//2512 1784//2512
f 1305//2513 2347//2513 4296//2513
f 517//2514 2469//2514 2888//2514
f 2395//2515 2415//2515 4962//2515
f 516//2438 2059//2438 2890//2438
f 905//2516 3582//2516 3581//2516
f 1304//2517 4292//2517 4297//2517
f 1687//2518 4960//2518 4961//2518
f 516//2519 2889//2519 2891//2519
f 1308//2520 4297//2520 4298//2520
f 1689//2521 4961//2521 4917//2521
f 518//2522 2891//2522 2892//2522
f 1303//2523 4291//2523 4294//2523
f 904//2524 3584//2524 3578//2524
f 1306//2525 4294//2525 4189//2525
f 519//2526 2894//2526 2895//2526
f 2540//2527 3473//2527 3584//2527
f 520//2455 2895//2455 2896//2455
f 1309//2528 4299//2528 4301//2528
f 521//2450 2897//2450 2894//2450
f 906//2529 903//2529 3581//2529
f 1311//2530 4301//2530 4198//2530
f 1690//2531 1899//2531 4921//2531
f 521//2444 522//2444 2898//2444
f 2541//2532 906//2532 3585//2532
f 5185//2533 5189//2533 4953//2533
f 1309//2534 1312//2534 4303//2534
f 5188//2535 5190//2535 4967//2535
f 522//2447 2194//2447 2899//2447
f 911//2461 3588//2461 3587//2461
f 1693//2536 1971//2536 4927//2536
f 1312//2537 2640//2537 4305//2537
f 524//2538 527//2538 2902//2538
f 1755//2464 3486//2464 3588//2464
f 1692//2539 4966//2539 4968//2539
f 909//2456 3590//2456 3586//2456
f 1310//2540 4306//2540 4308//2540
f 1694//2457 4968//2457 4930//2457
f 527//2541 1878//2541 2827//2541
f 2373//2542 975//2542 978//2542
f 1313//2543 4308//2543 4309//2543
f 523//2544 525//2544 2904//2544
f 525//2545 2591//2545 2905//2545
f 912//2451 908//2451 3587//2451
f 1310//2546 1314//2546 4311//2546
f 3583//2547 3582//2547 3592//2547
f 524//2548 2901//2548 2906//2548
f 910//2443 907//2443 3586//2443
f 1314//2549 1967//2549 4202//2549
f 1698//2328 4847//2328 4971//2328
f 528//2550 2906//2550 2907//2550
f 1756//2448 910//2448 3589//2448
f 1699//2324 4842//2324 4847//2324
f 523//2551 2900//2551 2903//2551
f 1317//2552 1315//2552 4313//2552
f 1699//2318 1700//2318 4845//2318
f 526//2553 2903//2553 2825//2553
f 915//2554 913//2554 3594//2554
f 1905//2555 1317//2555 4315//2555
f 1700//2320 2814//2320 4972//2320
f 2635//2556 915//2556 3596//2556
f 529//2557 2908//2557 2910//2557
f 1318//2558 4317//2558 4313//2558
f 531//2559 2910//2559 2832//2559
f 916//2560 3598//2560 3594//2560
f 2108//2561 4319//2561 4317//2561
f 2772//2562 4974//2562 4453//2562
f 529//2563 532//2563 2912//2563
f 975//2504 3703//2504 3713//2504
f 1705//2564 4453//2564 4451//2564
f 1319//2565 1316//2565 4320//2565
f 1707//2566 1706//2566 4451//2566
f 532//2567 2045//2567 2914//2567
f 917//2568 914//2568 3601//2568
f 2109//2569 1319//2569 4322//2569
f 2781//2570 1707//2570 4455//2570
f 3603//2476 3598//2476 916//2476
f 533//2571 530//2571 2915//2571
f 1320//2572 4325//2572 4320//2572
f 2744//2341 1710//2341 4112//2341
f 533//2573 2917//2573 2918//2573
f 918//2574 3606//2574 3601//2574
f 1710//2338 1711//2338 4107//2338
f 1906//2575 4216//2575 4325//2575
f 1712//2331 4110//2331 4107//2331
f 530//2576 534//2576 2920//2576
f 2636//2577 3497//2577 3606//2577
f 1322//2578 1321//2578 4327//2578
f 2753//2334 4977//2334 4110//2334
f 920//2579 919//2579 3608//2579
f 1950//2580 1322//2580 4328//2580
f 534//2581 1807//2581 2836//2581
f 2310//2582 970//2582 2592//2582
f 1325//2583 4331//2583 4330//2583
f 537//2584 535//2584 2922//2584
f 2082//2585 537//2585 2924//2585
f 1951//2586 4332//2586 4331//2586
f 1324//2587 4333//2587 4327//2587
f 538//2588 2926//2588 2922//2588
f 2189//2589 4222//2589 4333//2589
f 1858//2590 2928//2590 2926//2590
f 922//2591 3616//2591 3608//2591
f 1326//2592 1323//2592 4330//2592
f 2057//2593 3503//2593 3616//2593
f 2190//2594 1326//2594 4334//2594
f 539//2595 536//2595 2929//2595
f 1722//2596 3991//2596 4983//2596
f 1859//2597 539//2597 2931//2597
f 1331//2523 4337//2523 4336//2523
f 1723//2598 3986//2598 3991//2598
f 1723//2599 1724//2599 3989//2599
f 540//2600 2934//2600 2929//2600
f 2023//2525 4235//2525 4337//2525
f 1724//2601 2742//2601 4984//2601
f 1329//2517 4339//2517 4335//2517
f 1725//2602 2793//2602 4985//2602
f 2083//2603 2846//2603 2934//2603
f 1781//2520 4340//2520 4339//2520
f 1726//2604 1725//2604 4700//2604
f 542//2605 541//2605 2936//2605
f 1726//2606 4698//2606 4702//2606
f 1888//2607 542//2607 2937//2607
f 1332//2511 1328//2511 4336//2511
f 1727//2608 4702//2608 4986//2608
f 1780//2513 1332//2513 4341//2513
f 545//2609 2940//2609 2939//2609
f 1330//2506 1327//2506 4335//2506
f 925//2610 927//2610 3623//2610
f 2024//2508 1330//2508 4338//2508
f 1889//2611 2941//2611 2940//2611
f 2713//2612 2269//2612 938//2612
f 544//2613 2942//2613 2936//2613
f 1333//2614 4343//2614 4345//2614
f 2527//2615 2850//2615 2942//2615
f 2559//2616 1335//2616 4345//2616
f 2798//2139 1733//2139 4754//2139
f 546//2617 543//2617 2939//2617
f 1336//2618 4347//2618 4343//2618
f 1733//2135 1734//2135 4749//2135
f 2528//2619 546//2619 2943//2619
f 925//2620 3619//2620 3622//2620
f 1735//2128 4752//2128 4749//2128
f 928//2621 3622//2621 3517//2621
f 2113//2622 4349//2622 4347//2622
f 2807//2131 4991//2131 4752//2131
f 551//2623 2946//2623 2945//2623
f 931//2624 3627//2624 3629//2624
f 1337//2625 1334//2625 4350//2625
f 1738//2626 3854//2626 4992//2626
f 1746//2553 2859//2553 2946//2553
f 933//2627 3629//2627 3526//2627
f 2114//2628 1337//2628 4352//2628
f 1739//2629 3849//2629 3854//2629
f 549//2548 2948//2548 2944//2548
f 1739//2630 1740//2630 3852//2630
f 2050//2550 2949//2550 2948//2550
f 931//2631 934//2631 3631//2631
f 1338//2632 4355//2632 4350//2632
f 1740//2633 2731//2633 4993//2633
f 552//2544 548//2544 2945//2544
f 3642//2634 3643//2634 5062//2634
f 2560//2635 4246//2635 4355//2635
f 2049//2545 552//2545 2950//2545
f 1339//2636 4357//2636 4358//2636
f 2781//2637 4975//2637 4560//2637
f 550//2638 547//2638 2944//2638
f 932//2639 3634//2639 3636//2639
f 2176//2640 1340//2640 4358//2640
f 1743//2641 4560//2641 4558//2641
f 1747//2541 550//2541 2947//2541
f 3754//2642 3747//2642 5062//2642
f 1745//2643 1744//2643 4558//2643
f 2790//2644 1745//2644 4562//2644
f 555//2645 553//2645 2952//2645
f 932//2646 936//2646 3639//2646
f 2400//2647 555//2647 2954//2647
f 936//2648 1959//2648 3530//2648
f 556//2649 2956//2649 2952//2649
f 937//2516 3641//2516 3642//2516
f 941//2476 888//2476 3548//2476
f 1342//2650 4365//2650 4357//2650
f 2232//2651 2958//2651 2956//2651
f 2604//2652 4252//2652 4365//2652
f 939//2510 941//2510 3645//2510
f 557//2325 554//2325 2959//2325
f 2233//2326 557//2326 2961//2326
f 946//2653 2262//2653 2705//2653
f 937//2529 940//2529 3647//2529
f 558//2322 2964//2322 2959//2322
f 940//2532 2214//2532 3536//2532
f 1757//2397 2757//2397 5002//2397
f 1758//2396 1757//2396 4272//2396
f 2401//2321 2868//2321 2964//2321
f 939//2524 3644//2524 3648//2524
f 1758//2402 4270//2402 4274//2402
f 560//2654 559//2654 2966//2654
f 942//2527 3648//2527 3539//2527
f 1759//2343 4274//2343 5003//2343
f 2288//2655 560//2655 2967//2655
f 2746//2141 1760//2141 4142//2141
f 944//2656 947//2656 3651//2656
f 1760//2137 1761//2137 4137//2137
f 1345//2657 1347//2657 4372//2657
f 1762//2658 4140//2658 4137//2658
f 3660//2504 2262//2504 946//2504
f 1347//2659 2475//2659 4373//2659
f 2755//2133 5005//2133 4140//2133
f 943//2660 945//2660 3653//2660
f 945//2661 1980//2661 3654//2661
f 559//2662 562//2662 2974//2662
f 944//2663 3650//2663 3655//2663
f 2335//2664 2872//2664 2974//2664
f 948//2665 3655//2665 3656//2665
f 1345//2666 4368//2666 4371//2666
f 2689//2400 5008//2400 3460//2400
f 943//2667 3649//2667 3652//2667
f 1348//2668 4371//2668 4266//2668
f 1767//2398 3460//2398 3458//2398
f 3652//2669 3547//2669 5108//2669
f 1769//2403 1768//2403 3458//2403
f 1351//2670 4376//2670 4378//2670
f 2698//2407 1769//2407 3462//2407
f 949//2671 3657//2671 3659//2671
f 1353//2672 4378//2672 4275//2672
f 2681//2673 1770//2673 3363//2673
f 3659//2542 3556//2542 3560//2542
f 1770//2174 1771//2174 3358//2174
f 1351//2674 1354//2674 4380//2674
f 1772//2170 3361//2170 3358//2170
f 949//2675 952//2675 3661//2675
f 2690//2171 5011//2171 3361//2171
f 1354//2676 2293//2676 4382//2676
f 2647//2581 1773//2581 2965//2581
f 952//2677 2260//2677 3663//2677
f 1773//2576 1774//2576 2960//2576
f 1352//2678 4383//2678 4385//2678
f 1775//2571 2963//2571 2960//2571
f 567//2679 2981//2679 2977//2679
f 950//2680 3664//2680 3666//2680
f 1355//2681 4385//2681 4386//2681
f 2656//2682 5013//2682 2963//2682
f 567//2683 2603//2683 2982//2683
f 953//2684 3666//2684 3667//2684
f 1352//2685 1356//2685 4388//2685
f 1778//2452 4965//2452 5014//2452
f 950//2686 954//2686 3669//2686
f 1779//2687 4963//2687 4965//2687
f 1356//2688 2250//2688 4279//2688
f 3669//2504 954//2504 951//2504
f 1357//2583 4390//2583 4391//2583
f 565//2689 2977//2689 2980//2689
f 1358//2586 4391//2586 4392//2586
f 568//2690 2980//2690 2881//2690
f 957//2691 955//2691 3671//2691
f 1786//2692 2732//2692 5015//2692
f 2436//2693 2435//2693 957//2693
f 1359//2578 1361//2578 4394//2578
f 1787//2694 1786//2694 3981//2694
f 571//2695 2985//2695 2987//2695
f 1787//2696 3979//2696 3983//2696
f 573//2697 2987//2697 2888//2697
f 958//2698 3675//2698 3671//2698
f 1361//2580 1776//2580 4395//2580
f 1788//2699 3983//2699 5016//2699
f 1357//2592 1360//2592 4396//2592
f 2797//2700 5017//2700 4744//2700
f 571//2701 574//2701 2989//2701
f 1720//2702 3677//2702 3675//2702
f 1360//2594 2386//2594 4285//2594
f 1789//2703 4744//2703 4742//2703
f 1791//2704 1790//2704 4742//2704
f 574//2705 2419//2705 2991//2705
f 959//2706 956//2706 3678//2706
f 1359//2587 4393//2587 4397//2587
f 2806//2707 1791//2707 4746//2707
f 1721//2708 959//2708 3680//2708
f 1362//2589 4397//2589 4288//2589
f 572//2709 2992//2709 2994//2709
f 575//2710 2994//2710 2995//2710
f 960//2711 3683//2711 3678//2711
f 1364//2712 1367//2712 4400//2712
f 1794//2713 2676//2713 5021//2713
f 1795//2714 1794//2714 3309//2714
f 572//2715 576//2715 2997//2715
f 3568//2476 898//2476 899//2476
f 1367//2716 2346//2716 4298//2716
f 1795//2717 3307//2717 3311//2717
f 962//2718 961//2718 3685//2718
f 1363//2719 1365//2719 4402//2719
f 1796//2720 3311//2720 5022//2720
f 576//2721 2470//2721 2892//2721
f 2036//2722 962//2722 3686//2722
f 1365//2723 2543//2723 4403//2723
f 1797//2724 3212//2724 4988//2724
f 577//2609 2999//2609 3000//2609
f 1798//2725 3207//2725 3212//2725
f 578//2611 3000//2611 3001//2611
f 965//2726 3689//2726 3688//2726
f 1364//2727 4399//2727 4404//2727
f 1798//2728 1799//2728 3210//2728
f 1368//2729 4404//2729 4405//2729
f 1799//2730 2677//2730 5023//2730
f 579//2605 581//2605 3003//2605
f 2037//2731 3690//2731 3689//2731
f 1366//2732 1363//2732 4398//2732
f 964//2733 3691//2733 3685//2733
f 1366//2734 4401//2734 4296//2734
f 581//2607 2097//2607 3004//2607
f 1784//2735 902//2735 1892//2735
f 577//2617 580//2617 3005//2617
f 1369//2564 4406//2564 4408//2564
f 580//2619 2195//2619 2896//2619
f 966//2736 963//2736 3688//2736
f 1371//2562 4408//2562 4305//2562
f 3582//2476 905//2476 912//2476
f 579//2613 3002//2613 3006//2613
f 1369//2566 1372//2566 4410//2566
f 582//2615 3006//2615 2899//2615
f 971//2667 3695//2667 3694//2667
f 1372//2570 1763//2570 4412//2570
f 584//2737 587//2737 3009//2737
f 3695//2504 971//2504 966//2504
f 969//2663 3697//2663 3693//2663
f 1370//2738 4413//2738 4415//2738
f 1000//2739 2269//2739 2713//2739
f 587//2740 2590//2740 2907//2740
f 2074//2665 3698//2665 3697//2665
f 1373//2741 4415//2741 4416//2741
f 1811//2691 1810//2691 3737//2691
f 583//2742 585//2742 3011//2742
f 1812//2698 1811//2698 3735//2698
f 585//2743 2558//2743 3012//2743
f 972//2660 968//2660 3694//2660
f 1370//2744 1374//2744 4418//2744
f 1812//2702 3739//2702 5035//2702
f 2073//2661 972//2661 3699//2661
f 1813//2745 2768//2745 5036//2745
f 584//2746 3008//2746 3013//2746
f 970//2656 967//2656 3693//2656
f 1374//2747 2641//2747 4309//2747
f 1814//2748 1813//2748 4409//2748
f 588//2749 3013//2749 3014//2749
f 2373//2483 2374//2483 917//2483
f 1814//2750 4407//2750 4411//2750
f 583//2751 3007//2751 3010//2751
f 1377//2752 1375//2752 4420//2752
f 1815//2753 4411//2753 5006//2753
f 586//2754 3010//2754 2905//2754
f 975//2150 973//2150 3701//2150
f 2108//2755 1377//2755 4422//2755
f 1817//2756 1816//2756 2839//2756
f 3599//2476 3590//2476 909//2476
f 2644//2514 1817//2514 2841//2514
f 589//2757 3015//2757 3017//2757
f 1378//2758 4424//2758 4420//2758
f 1818//2585 2649//2585 5038//2585
f 591//2759 3017//2759 2914//2759
f 976//2152 3705//2152 3701//2152
f 1819//2584 1818//2584 2988//2584
f 1830//2760 4426//2760 4424//2760
f 1819//2588 2986//2588 2990//2588
f 589//2761 592//2761 3019//2761
f 2137//2762 3707//2762 3705//2762
f 1820//2590 2990//2590 5039//2590
f 1379//2763 1376//2763 4427//2763
f 2754//2382 5040//2382 4239//2382
f 592//2764 2359//2764 3021//2764
f 977//2765 974//2765 3708//2765
f 1831//2766 1379//2766 4429//2766
f 1821//2380 4239//2380 4237//2380
f 2138//2767 977//2767 3710//2767
f 1823//2384 1822//2384 4237//2384
f 590//2768 3022//2768 3024//2768
f 1380//2769 4432//2769 4427//2769
f 2763//2386 1823//2386 4241//2386
f 593//2770 3024//2770 3025//2770
f 978//2268 3713//2268 3708//2268
f 2734//2771 5042//2771 3995//2771
f 2109//2772 4323//2772 4432//2772
f 1824//2773 3995//2773 3993//2773
f 590//2774 594//2774 3027//2774
f 2310//2775 2709//2775 2015//2775
f 1382//2776 1381//2776 4434//2776
f 1826//2777 1825//2777 3993//2777
f 980//2778 979//2778 3715//2778
f 2011//2779 1382//2779 4435//2779
f 2743//2780 1826//2780 3997//2780
f 594//2781 2046//2781 2918//2781
f 2410//2782 980//2782 3716//2782
f 2655//2759 5044//2759 3062//2759
f 1385//2783 4438//2783 4437//2783
f 1828//2757 1827//2757 3062//2757
f 597//2784 595//2784 3029//2784
f 1829//2761 1828//2761 3060//2761
f 1858//2785 597//2785 3031//2785
f 2012//2786 4439//2786 4438//2786
f 2664//2764 1829//2764 3064//2764
f 1384//2787 4440//2787 4434//2787
f 598//2788 3033//2788 3029//2788
f 1950//2789 4329//2789 4440//2789
f 1802//2790 3035//2790 3033//2790
f 982//2791 3723//2791 3715//2791
f 1386//2792 1383//2792 4437//2792
f 3704//2504 2592//2504 970//2504
f 1951//2793 1386//2793 4441//2793
f 599//2794 596//2794 3036//2794
f 1837//2795 1836//2795 2861//2795
f 1803//2796 599//2796 3038//2796
f 1391//2732 4444//2732 4443//2732
f 2646//2423 1837//2423 2863//2423
f 2789//2797 1838//2797 4647//2797
f 600//2798 3041//2798 3036//2798
f 1780//2734 4342//2734 4444//2734
f 1838//2799 1839//2799 4642//2799
f 1389//2727 4446//2727 4442//2727
f 2348//2175 4175//2175 5124//2175
f 1840//2800 4645//2800 4642//2800
f 1859//2801 2932//2801 3041//2801
f 2197//2729 4447//2729 4446//2729
f 2349//2172 4170//2172 4175//2172
f 2798//2802 4990//2802 4645//2802
f 602//2803 601//2803 3043//2803
f 2349//2165 2350//2165 4173//2165
f 2075//2804 602//2804 3044//2804
f 1392//2719 1388//2719 4443//2719
f 2350//2168 2758//2168 5146//2168
f 2196//2723 1392//2723 4448//2723
f 2682//2805 5140//2805 3383//2805
f 605//2806 3047//2806 3046//2806
f 1390//2712 1387//2712 4442//2712
f 2351//2807 3383//2807 3381//2807
f 985//2808 987//2808 3730//2808
f 1781//2716 1390//2716 4445//2716
f 2353//2809 2352//2809 3381//2809
f 2076//2810 3048//2810 3047//2810
f 987//2811 1766//2811 3731//2811
f 2691//2812 2353//2812 3385//2812
f 604//2813 3049//2813 3043//2813
f 1395//2748 1393//2748 4450//2748
f 2354//2275 2694//2275 5141//2275
f 1888//2814 2938//2814 3049//2814
f 2113//2745 1395//2745 4452//2745
f 2355//2274 2354//2274 3523//2274
f 1849//2815 2723//2815 5054//2815
f 2355//2278 3521//2278 3525//2278
f 1850//2816 1849//2816 3874//2816
f 606//2817 603//2817 3046//2817
f 1396//2750 4454//2750 4450//2750
f 2356//2280 3525//2280 5092//2280
f 1850//2818 3872//2818 3876//2818
f 1889//2819 606//2819 3050//2819
f 985//2820 3726//2820 3729//2820
f 1851//2821 3876//2821 5015//2821
f 1000//2504 1868//2504 3747//2504
f 2133//2753 4456//2753 4454//2753
f 2809//2233 1852//2233 4891//2233
f 611//2751 3053//2751 3052//2751
f 1852//2227 1853//2227 4886//2227
f 991//2822 3734//2822 3736//2822
f 1397//2823 1394//2823 4457//2823
f 1854//2824 4889//2824 4886//2824
f 2049//2754 2951//2754 3053//2754
f 947//2825 1703//2825 2268//2825
f 2134//2826 1397//2826 4459//2826
f 2818//2223 5055//2223 4889//2223
f 609//2827 3055//2827 3051//2827
f 2815//2521 5119//2521 4944//2521
f 1855//2828 4419//2828 5056//2828
f 1917//2749 3056//2749 3055//2749
f 991//2829 994//2829 3738//2829
f 1398//2830 4462//2830 4457//2830
f 5158//2430 5154//2430 2364//2430
f 1856//2831 4414//2831 4419//2831
f 1856//2823 1857//2823 4417//2823
f 608//2742 3052//2742 3057//2742
f 994//2832 2295//2832 3740//2832
f 2114//2828 4353//2828 4462//2828
f 2752//2468 5117//2468 4209//2468
f 1857//2826 2778//2826 5007//2826
f 1916//2743 612//2743 3057//2743
f 1400//2833 1399//2833 4464//2833
f 2367//2466 4209//2466 4207//2466
f 610//2737 607//2737 3051//2737
f 995//2834 992//2834 3741//2834
f 2066//2835 1400//2835 4465//2835
f 2369//2471 2368//2471 4207//2471
f 2050//2740 610//2740 3054//2740
f 995//2836 3743//2836 3744//2836
f 2761//2474 2369//2474 4211//2474
f 2370//2837 4740//2837 5136//2837
f 1862//2148 2748//2148 5059//2148
f 615//2838 613//2838 3059//2838
f 996//2839 3746//2839 3741//2839
f 2371//2840 4735//2840 4740//2840
f 1863//2146 1862//2146 4165//2146
f 2232//2841 615//2841 3061//2841
f 2371//2842 2372//2842 4738//2842
f 1863//2843 4163//2843 4167//2843
f 2268//2547 1703//2547 888//2547
f 2372//2844 2805//2844 4971//2844
f 1864//2160 4167//2160 5002//2160
f 616//2845 3063//2845 3059//2845
f 997//2726 3748//2726 3749//2726
f 2671//2846 5060//2846 3246//2846
f 998//2731 3749//2731 3750//2731
f 1402//2847 4472//2847 4464//2847
f 1865//2848 3246//2848 3244//2848
f 1981//2849 3065//2849 3063//2849
f 2176//2850 4359//2850 4472//2850
f 1867//2851 1866//2851 3244//2851
f 999//2718 1001//2718 3752//2718
f 2680//2852 1867//2852 3248//2852
f 617//2853 614//2853 3066//2853
f 3755//2504 3651//2504 947//2504
f 1982//2854 617//2854 3068//2854
f 1001//2722 2508//2722 3753//2722
f 2725//2855 5052//2855 3888//2855
f 1869//2711 3742//2711 3747//2711
f 997//2736 1000//2736 3754//2736
f 2379//2856 3888//2856 3886//2856
f 1869//2706 1870//2706 3745//2706
f 618//2857 3071//2857 3066//2857
f 3646//2858 3549//2858 3651//2858
f 2381//2859 2380//2859 3886//2859
f 1870//2860 2722//2860 4992//2860
f 2734//2861 2381//2861 3890//2861
f 2817//2428 5063//2428 4956//2428
f 2233//2862 2962//2862 3071//2862
f 999//2733 3751//2733 3755//2733
f 1871//2863 4956//2863 4954//2863
f 619//2864 3073//2864 3074//2864
f 3555//2476 3546//2476 885//2476
f 1873//2865 2660//2865 5064//2865
f 2038//2866 620//2866 3074//2866
f 1874//2867 1873//2867 3125//2867
f 1004//2868 1007//2868 3758//2868
f 1874//2869 3123//2869 3127//2869
f 1407//2870 4479//2870 4475//2870
f 1875//2871 3127//2871 5065//2871
f 1007//2872 1979//2872 3656//2872
f 1407//2873 2256//2873 4480//2873
f 1003//2874 1005//2874 3760//2874
f 1005//2875 2179//2875 3761//2875
f 2764//2549 2389//2549 4356//2549
f 2389//2546 2390//2546 4351//2546
f 1880//2575 4389//2575 5066//2575
f 622//2876 3081//2876 3073//2876
f 1004//2877 3757//2877 3762//2877
f 2391//2540 4354//2540 4351//2540
f 1881//2572 4384//2572 4389//2572
f 2288//2878 2968//2878 3081//2878
f 1008//2879 3762//2879 3763//2879
f 1405//2880 4475//2880 4478//2880
f 2773//2543 5128//2543 4354//2543
f 1881//2565 1882//2565 4387//2565
f 1003//2881 3756//2881 3759//2881
f 1408//2882 4478//2882 4373//2882
f 2718//2883 5132//2883 3811//2883
f 1882//2569 2776//2569 5067//2569
f 1006//2884 3759//2884 3654//2884
f 2392//2885 3811//2885 3809//2885
f 1411//2886 4483//2886 4485//2886
f 2394//2887 2393//2887 3809//2887
f 1009//2885 3764//2885 3766//2885
f 1413//2888 4485//2888 4382//2888
f 2727//2889 2394//2889 3813//2889
f 1011//2883 3766//2883 3663//2883
f 2818//2435 2395//2435 4959//2435
f 1411//2890 1414//2890 4487//2890
f 1009//2887 1012//2887 3768//2887
f 2397//2263 4098//2263 4984//2263
f 1414//2891 1975//2891 4489//2891
f 2398//2260 4093//2260 4098//2260
f 1012//2889 2499//2889 3770//2889
f 2398//2892 2399//2892 4096//2892
f 2699//2648 1890//2648 3577//2648
f 1412//2893 4490//2893 4492//2893
f 2399//2255 2751//2255 5138//2255
f 1890//2646 1891//2646 3572//2646
f 627//2894 3088//2894 3084//2894
f 1010//2895 3771//2895 3773//2895
f 1415//2896 4492//2896 4493//2896
f 1892//2639 3575//2639 3572//2639
f 627//2897 1901//2897 3089//2897
f 1013//2898 3773//2898 3774//2898
f 902//2476 3579//2476 3575//2476
f 1412//2899 1416//2899 4495//2899
f 2791//2900 2402//2900 4677//2900
f 1010//2901 1014//2901 3776//2901
f 2402//2902 2403//2902 4672//2902
f 1895//2903 2777//2903 5006//2903
f 1416//2904 2294//2904 4386//2904
f 2404//2905 4675//2905 4672//2905
f 1896//2906 1895//2906 4516//2906
f 1014//2907 2261//2907 3667//2907
f 1417//2783 4497//2783 4498//2783
f 2800//2908 5127//2908 4675//2908
f 1896//2909 4514//2909 4518//2909
f 625//2910 3084//2910 3087//2910
f 1418//2786 4498//2786 4499//2786
f 2405//2647 2642//2647 5030//2647
f 1897//2911 4518//2911 5071//2911
f 628//2912 3087//2912 2982//2912
f 1015//2913 3778//2913 3780//2913
f 2406//2645 2405//2645 2911//2645
f 1720//2914 1017//2914 3780//2914
f 1419//2776 1421//2776 4501//2776
f 2406//2649 2909//2649 2913//2649
f 631//2915 3092//2915 3094//2915
f 2407//2651 2913//2651 5113//2651
f 633//2916 3094//2916 2991//2916
f 1018//2917 3782//2917 3778//2917
f 1421//2779 2156//2779 4502//2779
f 1420//2792 4503//2792 4497//2792
f 1902//2918 4710//2918 5074//2918
f 631//2919 634//2919 3096//2919
f 1847//2920 3784//2920 3782//2920
f 1420//2793 1777//2793 4392//2793
f 1903//2921 4705//2921 4710//2921
f 2779//2922 5046//2922 4530//2922
f 1903//2923 1904//2923 4708//2923
f 634//2924 1728//2924 3098//2924
f 1016//2630 3785//2630 3787//2630
f 1419//2787 4500//2787 4504//2787
f 2412//2925 4530//2925 4528//2925
f 1904//2926 2803//2926 5075//2926
f 1848//2633 1019//2633 3787//2633
f 1422//2789 4504//2789 4395//2789
f 2414//2927 2413//2927 4528//2927
f 632//2928 3099//2928 3101//2928
f 2788//2929 2414//2929 4532//2929
f 635//2930 3101//2930 3102//2930
f 1020//2629 3790//2629 3785//2629
f 1424//2931 1427//2931 4507//2931
f 2415//2441 2820//2441 5072//2441
f 1907//2354 3456//2354 5078//2354
f 4958//2515 4959//2515 4962//2515
f 1908//2352 3451//2352 3456//2352
f 632//2932 636//2932 3104//2932
f 1721//2626 3681//2626 3790//2626
f 1427//2933 2542//2933 4405//2933
f 1908//2348 1909//2348 3454//2348
f 1022//2934 1021//2934 3792//2934
f 1423//2935 1425//2935 4509//2935
f 1909//2350 2697//2350 5025//2350
f 636//2936 2420//2936 2995//2936
f 2145//2937 1022//2937 3793//2937
f 1425//2938 2248//2938 4510//2938
f 637//2806 3106//2806 3107//2806
f 638//2810 3107//2810 3108//2810
f 1025//2939 3796//2939 3795//2939
f 1424//2940 4506//2940 4511//2940
f 1428//2941 4511//2941 4512//2941
f 639//2803 641//2803 3110//2803
f 2146//2942 3797//2942 3796//2942
f 1423//2943 4505//2943 4508//2943
f 2423//2944 4603//2944 5100//2944
f 1024//2945 3798//2945 3792//2945
f 1426//2946 4508//2946 4403//2946
f 2424//2947 4598//2947 4603//2947
f 641//2804 1914//2804 3111//2804
f 2036//2948 3687//2948 3798//2948
f 2424//2949 2425//2949 4601//2949
f 1918//2950 3961//2950 4993//2950
f 637//2817 640//2817 3112//2817
f 1429//2641 4513//2641 4515//2641
f 2425//2951 2794//2951 5074//2951
f 1919//2952 3956//2952 3961//2952
f 640//2819 2098//2819 3001//2819
f 1026//2953 1023//2953 3795//2953
f 1431//2637 4515//2637 4412//2637
f 2753//2489 2426//2489 4219//2489
f 1919//2954 1920//2954 3959//2954
f 2037//2955 1026//2955 3799//2955
f 2426//2484 2427//2484 4214//2484
f 1920//2956 2740//2956 5033//2956
f 639//2813 3109//2813 3113//2813
f 1429//2643 1432//2643 4517//2643
f 2428//2477 4217//2477 4214//2477
f 1921//2616 2759//2616 5080//2616
f 642//2814 3113//2814 3004//2814
f 1031//2881 3802//2881 3801//2881
f 2762//2480 5077//2480 4217//2480
f 1922//2614 1921//2614 4302//2614
f 1432//2644 2417//2644 4519//2644
f 2654//2936 2429//2936 3042//2936
f 1922//2618 4300//2618 4304//2618
f 644//2957 647//2957 3116//2957
f 2073//2884 3700//2884 3802//2884
f 2429//2932 2430//2932 3037//2932
f 1923//2622 4304//2622 5036//2622
f 1029//2877 3804//2877 3800//2877
f 1430//2958 4520//2958 4522//2958
f 2431//2928 3040//2928 3037//2928
f 647//2959 2557//2959 3014//2959
f 1737//2879 3805//2879 3804//2879
f 1433//2960 4522//2960 4523//2960
f 2663//2930 5027//2930 3040//2930
f 643//2961 645//2961 3118//2961
f 2432//2772 4496//2772 5067//2772
f 645//2962 2298//2962 3119//2962
f 1032//2874 1028//2874 3801//2874
f 1430//2963 1434//2963 4525//2963
f 2433//2769 4491//2769 4496//2769
f 1736//2875 1032//2875 3806//2875
f 2433//2763 2434//2763 4494//2763
f 644//2964 3115//2964 3120//2964
f 1030//2868 1027//2868 3800//2868
f 1434//2965 1764//2965 4416//2965
f 2434//2766 2785//2766 5100//2766
f 648//2966 3120//2966 3121//2966
f 2074//2872 1030//2872 3803//2872
f 1929//2914 2721//2914 5035//2914
f 643//2967 3114//2967 3117//2967
f 1437//2968 1435//2968 4527//2968
f 1930//2913 1929//2913 3844//2913
f 646//2969 3117//2969 3012//2969
f 1035//2970 1033//2970 3808//2970
f 1830//2971 1437//2971 4529//2971
f 2770//2888 5126//2888 4423//2888
f 1930//2917 3842//2917 3846//2917
f 2137//2972 1035//2972 3810//2972
f 2437//2973 4423//2973 4421//2973
f 1931//2920 3846//2920 5081//2920
f 649//2974 3122//2974 3124//2974
f 1438//2975 4531//2975 4527//2975
f 2439//2890 2438//2890 4421//2890
f 1932//2976 3135//2976 5082//2976
f 651//2977 3124//2977 3021//2977
f 1036//2978 3812//2978 3808//2978
f 2779//2891 2439//2891 4425//2891
f 1933//2979 3130//2979 3135//2979
f 2476//2980 4533//2980 4531//2980
f 1933//2981 1934//2981 3133//2981
f 649//2982 652//2982 3126//2982
f 1804//2983 3814//2983 3812//2983
f 1934//2984 2670//2984 5083//2984
f 1439//2949 1436//2949 4534//2949
f 2442//2985 2667//2985 4987//2985
f 652//2986 2620//2986 3128//2986
f 1037//2987 1034//2987 3815//2987
f 2477//2951 1439//2951 4536//2951
f 2443//2988 2442//2988 3202//2988
f 3704//2989 3696//2989 3591//2989
f 1805//2990 1037//2990 3817//2990
f 2443//2991 3200//2991 3204//2991
f 1937//2686 1938//2686 3709//2686
f 653//2200 650//2200 3129//2200
f 1440//2947 4539//2947 4534//2947
f 2444//2992 3204//2992 5021//2992
f 1939//2993 3712//2993 3709//2993
f 653//2203 3131//2203 3132//2203
f 1038//2994 3820//2994 3815//2994
f 2719//2684 5085//2684 3712//2684
f 1831//2944 4430//2944 4539//2944
f 650//2995 654//2995 3134//2995
f 2138//2996 3711//2996 3820//2996
f 1442//2997 1441//2997 4541//2997
f 1040//2998 1039//2998 3822//2998
f 1708//2999 1442//2999 4542//2999
f 1942//3000 2678//3000 5086//3000
f 654//2194 2360//2194 3025//2194
f 2440//3001 1040//3001 3823//3001
f 1943//3002 1942//3002 3339//3002
f 1445//3003 4545//3003 4544//3003
f 1943//3004 3337//3004 3341//3004
f 657//2988 655//2988 3136//2988
f 1944//3005 3341//3005 5087//3005
f 1802//2985 657//2985 3138//2985
f 1709//3006 4546//3006 4545//3006
f 1444//3007 4547//3007 4541//3007
f 658//2991 3140//2991 3136//2991
f 2011//3008 4436//3008 4547//3008
f 2571//2992 3142//2992 3140//2992
f 1039//3009 1042//3009 3830//3009
f 1446//3010 1443//3010 4544//3010
f 2410//3011 3717//3011 3830//3011
f 2012//3012 1446//3012 4548//3012
f 2455//3013 2730//3013 5081//3013
f 659//2728 656//2728 3143//2728
f 2456//3014 2455//3014 3951//3014
f 2572//2730 659//2730 3145//2730
f 1451//2943 4551//2943 4550//2943
f 2457//3015 2456//3015 3949//3015
f 2690//2421 1952//2421 3470//2421
f 2457//3016 3953//3016 5032//3016
f 1952//2418 1953//2418 3465//2418
f 660//2725 3148//2725 3143//2725
f 2196//2946 4449//2946 4551//2946
f 1954//2411 3468//2411 3465//2411
f 1449//2940 4553//2940 4549//2940
f 2699//2414 5069//2414 3468//2414
f 1803//2724 3039//2724 3148//2724
f 2341//3017 4554//3017 4553//3017
f 2698//3018 5009//3018 3567//3018
f 662//3019 661//3019 3150//3019
f 2726//3020 2460//3020 3898//3020
f 1955//2624 3567//2624 3565//2624
f 2344//3021 662//3021 3151//3021
f 1452//2935 1448//2935 4550//2935
f 2460//3022 2461//3022 3893//3022
f 1957//2631 1956//2631 3565//2631
f 2340//2938 1452//2938 4555//2938
f 2462//3023 3896//3023 3893//3023
f 2707//3024 1957//3024 3569//3024
f 665//3025 3154//3025 3153//3025
f 1450//2931 1447//2931 4549//2931
f 2735//3026 5103//3026 3896//3026
f 1045//3027 1047//3027 3837//3027
f 2197//2933 1450//2933 4552//2933
f 2716//3028 4981//3028 3781//3028
f 2345//3029 3155//3029 3154//3029
f 1047//3030 2376//3030 3838//3030
f 2463//3031 3781//3031 3779//3031
f 1961//3032 2847//3032 2844//3032
f 664//3033 3156//3033 3150//3033
f 1455//2906 1453//2906 4557//2906
f 2465//3034 2464//3034 3779//3034
f 2645//2522 5094//2522 2847//2522
f 2075//3035 3045//3035 3156//3035
f 2133//2903 1455//2903 4559//2903
f 2725//3036 2465//3036 3783//3036
f 1962//2481 2813//2481 5095//2481
f 2664//2977 5045//2977 3169//2977
f 1963//3037 1962//3037 4938//3037
f 666//3038 663//3038 3153//3038
f 1456//2909 4561//2909 4557//2909
f 2466//2974 3169//2974 3167//2974
f 2076//3039 666//3039 3157//3039
f 1045//3040 3833//3040 3836//3040
f 2468//2982 2467//2982 3167//2982
f 1048//3041 3836//3041 3731//3041
f 2284//2911 4563//2911 4561//2911
f 2673//2986 2468//2986 3171//2986
f 671//2967 3160//2967 3159//2967
f 1051//3031 3841//3031 3843//3031
f 1457//3042 1454//3042 4564//3042
f 1916//2969 3058//2969 3160//2969
f 1053//3043 3843//3043 3740//3043
f 2285//3044 1457//3044 4566//3044
f 2471//2243 2741//2243 5016//2243
f 669//2964 3162//2964 3158//2964
f 2472//2241 2471//2241 4088//2241
f 2170//2966 3163//2966 3162//2966
f 1051//3034 1054//3034 3845//3034
f 1458//3045 4569//3045 4564//3045
f 2472//2247 4086//2247 4090//2247
f 1972//3046 2802//3046 4986//3046
f 2473//2250 4090//2250 5137//2250
f 1973//3047 1972//3047 4807//3047
f 672//2961 668//2961 3159//2961
f 1054//3036 2077//3036 3847//3036
f 2134//3048 4460//3048 4569//3048
f 1973//3049 4805//3049 4809//3049
f 2169//2962 672//2962 3164//2962
f 1459//3050 4571//3050 4572//3050
f 1974//3051 4809//3051 5098//3051
f 670//2957 667//2957 3158//2957
f 1052//2185 3848//2185 3850//2185
f 1750//3052 1460//3052 4572//3052
f 1917//2959 670//2959 3161//2959
f 1055//2189 3850//2189 3851//2189
f 2773//2747 2478//2747 4463//2747
f 675//2867 673//2867 3166//2867
f 1052//2183 1056//2183 3853//2183
f 2478//3053 2479//3053 4458//3053
f 1981//2865 675//2865 3168//2865
f 2480//2738 4461//2738 4458//2738
f 1056//2179 2296//2179 3744//2179
f 2782//2741 5130//2741 4461//2741
f 676//2869 3170//2869 3166//2869
f 1057//2939 3855//2939 3856//2939
f 2644//2697 5037//2697 2925//2697
f 1058//2942 3856//2942 3857//2942
f 1462//3054 4579//3054 4571//3054
f 2481//2695 2925//2695 2923//2695
f 1985//3055 4312//3055 5096//3055
f 1792//2871 3172//2871 3170//2871
f 2066//3056 4466//3056 4579//3056
f 2483//2701 2482//2701 2923//2701
f 1986//2632 4307//2632 4312//2632
f 1059//2934 1061//2934 3859//2934
f 2653//2705 2483//2705 2927//2705
f 1986//2625 1987//2625 4310//2625
f 677//2981 674//2981 3173//2981
f 2484//2971 2784//2971 5099//2971
f 1987//2628 2769//2628 5056//2628
f 1793//2984 677//2984 3175//2984
f 1061//2937 1860//2937 3860//2937
f 2485//2968 2484//2968 4593//2968
f 2672//3057 1988//3057 3256//3057
f 1057//2953 1060//2953 3861//2953
f 2485//2975 4591//2975 4595//2975
f 1988//3058 1989//3058 3251//3058
f 678//3059 3178//3059 3173//3059
f 1060//2955 2509//2955 3750//2955
f 2486//3060 4595//3060 4985//3060
f 1990//3061 3254//3061 3251//3061
f 2681//3062 5010//3062 3254//3062
f 1982//2976 3069//2976 3178//2976
f 1059//2945 3858//2945 3862//2945
f 680//3063 679//3063 3180//3063
f 1062//2948 3862//2948 3753//2948
f 2489//3064 2795//3064 5135//3064
f 1841//3065 680//3065 3181//3065
f 2490//3066 2489//3066 4730//3066
f 2790//3067 4996//3067 4667//3067
f 1064//3068 1067//3068 3865//3068
f 2490//3069 4728//3069 4732//3069
f 1993//3070 4667//3070 4665//3070
f 1465//3071 1467//3071 4586//3071
f 2491//3072 4732//3072 5079//3072
f 1995//3073 1994//3073 4665//3073
f 1067//3074 2178//3074 3763//3074
f 1467//3075 1925//3075 4587//3075
f 2692//2269 2492//2269 3500//2269
f 2799//3076 1995//3076 4669//3076
f 1063//3077 1065//3077 3867//3077
f 2492//2262 2493//2262 3495//2262
f 1996//3078 3349//3078 5105//3078
f 1065//3079 2216//3079 3868//3079
f 2494//2257 3498//2257 3495//2257
f 1997//3080 3344//3080 3349//3080
f 2701//2259 5147//2259 3498//2259
f 1997//3081 1998//3081 3347//3081
f 679//3082 682//3082 3188//3082
f 1064//3083 3864//3083 3869//3083
f 1998//3084 2688//3084 5078//3084
f 2038//3085 3075//3085 3188//3085
f 1068//3086 3869//3086 3870//3086
f 1465//3087 4582//3087 4585//3087
f 964//2504 1999//2504 3684//2504
f 1063//3088 3863//3088 3866//3088
f 1468//3089 4585//3089 4480//3089
f 1999//2839 2000//2839 3679//2839
f 1066//3090 3866//3090 3761//3090
f 2001//2834 3682//2834 3679//2834
f 1471//2925 4590//2925 4592//2925
f 2717//2836 4982//2836 3682//2836
f 1069//3091 3871//3091 3873//3091
f 1473//2922 4592//2922 4489//2922
f 2501//2555 2766//2555 5003//2555
f 1071//3092 3873//3092 3770//3092
f 2502//2552 2501//2552 4379//2552
f 2735//3093 2004//3093 4005//3093
f 1471//2927 1474//2927 4594//2927
f 2502//2558 4377//2558 4381//2558
f 2004//3094 2005//3094 4000//3094
f 1069//3095 1072//3095 3875//3095
f 2503//2561 4381//2561 5145//2561
f 2006//3096 4003//3096 4000//3096
f 1474//2929 2104//2929 4596//2929
f 2744//3097 4976//3097 4003//3097
f 1072//3098 2627//3098 3877//3098
f 1472//3099 4597//3099 4599//3099
f 2010//3100 2869//3100 2866//3100
f 687//3101 3195//3101 3191//3101
f 1070//2313 3878//2313 3880//2313
f 1475//3102 4599//3102 4600//3102
f 2647//2429 5012//2429 2869//2429
f 687//3103 2122//3103 3196//3103
f 1073//2316 3880//2316 3881//2316
f 1472//3104 1476//3104 4602//3104
f 2808//2206 4994//2206 4881//2206
f 2700//2470 5106//2470 3597//2470
f 1070//2310 1074//2310 3883//2310
f 2511//2202 2510//2202 4881//2202
f 2013//2467 3597//2467 3595//2467
f 1476//3105 1976//3105 4493//3105
f 2512//2211 2511//2211 4879//2211
f 2015//2473 2014//2473 3595//2473
f 1074//2307 2500//2307 3774//2307
f 1477//3003 4604//3003 4605//3003
f 2817//2216 2512//2216 4883//2216
f 3600//3106 3598//3106 3603//3106
f 685//3107 3191//3107 3194//3107
f 1478//3006 4605//3006 4606//3006
f 2737//3108 2513//3108 4035//3108
f 2016//2496 2703//2496 5092//2496
f 688//3109 3194//3109 3089//3109
f 1077//3014 1075//3014 3885//3014
f 2513//3110 2514//3110 4030//3110
f 2017//3111 2016//3111 3630//3111
f 1847//3013 1077//3013 3887//3013
f 1479//2997 1481//2997 4608//2997
f 2515//3112 4033//3112 4030//3112
f 2017//3113 3628//3113 3632//3113
f 691//3114 3199//3114 3201//3114
f 2746//3115 5004//3115 4033//3115
f 938//2476 3642//2476 3638//2476
f 693//3116 3201//3116 3098//3116
f 1078//3015 3889//3015 3885//3015
f 1481//3117 1834//3117 4609//3117
f 1477//3010 1480//3010 4610//3010
f 691//3118 694//3118 3203//3118
f 1991//3016 3891//3016 3889//3016
f 1480//3119 2157//3119 4499//3119
f 2021//2492 4941//2492 4972//2492
f 2364//3120 5154//3120 5156//3120
f 694//3121 1964//3121 3205//3121
f 1079//2954 1076//2954 3892//2954
f 1479//3007 4607//3007 4611//3007
f 2519//2972 2714//2972 5143//2972
f 1992//2956 1079//2956 3894//2956
f 1482//3122 4611//3122 4502//3122
f 2520//2970 2519//2970 3767//2970
f 2025//2801 3105//2801 5110//2801
f 692//3123 3206//3123 3208//3123
f 2520//2978 3765//2978 3769//2978
f 2026//2798 3100//2798 3105//2798
f 695//3124 3208//3124 3209//3124
f 1080//2952 3897//2952 3892//2952
f 1484//3125 1487//3125 4614//3125
f 2521//2983 3769//2983 5054//2983
f 2026//2794 2027//2794 3103//2794
f 2522//2353 4282//2353 5146//2353
f 2027//2796 2668//2796 4988//2796
f 696//3126 3211//3126 3206//3126
f 1848//2950 3788//2950 3897//2950
f 1487//3127 2247//3127 4512//3127
f 2523//2351 4277//2351 4282//2351
f 1082//3128 1081//3128 3899//3128
f 1483//3129 1485//3129 4616//3129
f 2523//2347 2524//2347 4280//2347
f 696//3130 1729//3130 3102//3130
f 1935//3131 1082//3131 3900//3131
f 1485//3132 2003//3132 4617//3132
f 2524//2349 2767//2349 5066//2349
f 2771//2904 2030//2904 4433//2904
f 697//3025 3213//3025 3214//3025
f 2030//2899 2031//2899 4428//2899
f 698//3029 3214//3029 3215//3029
f 1085//3133 3903//3133 3902//3133
f 1484//3134 4613//3134 4618//3134
f 2032//2893 4431//2893 4428//2893
f 1488//3135 4618//3135 4619//3135
f 2780//2896 5047//2896 4431//2896
f 699//3019 701//3019 3217//3019
f 1936//3136 3904//3136 3903//3136
f 1483//3137 4612//3137 4615//3137
f 2033//3138 4817//3138 5075//3138
f 1084//3139 3905//3139 3899//3139
f 1486//3140 4615//3140 4510//3140
f 2531//3141 3028//3141 5114//3141
f 2034//3142 4812//3142 4817//3142
f 701//3021 2633//3021 3218//3021
f 2145//3143 3794//3143 3905//3143
f 2531//2857 2532//2857 3023//2857
f 2034//3144 2035//3144 4815//3144
f 697//3038 700//3038 3219//3038
f 1489//3070 4620//3070 4622//3070
f 2532//2853 2533//2853 3026//2853
f 2035//3145 2812//3145 5112//3145
f 700//3039 1915//3039 3108//3039
f 1086//3146 1083//3146 3902//3146
f 1491//3147 4622//3147 4519//3147
f 2533//2854 2661//2854 5082//2854
f 2146//3148 1086//3148 3906//3148
f 2745//3149 5097//3149 4132//3149
f 699//3033 3216//3033 3220//3033
f 1489//3073 1492//3073 4624//3073
f 2534//3150 4132//3150 4130//3150
f 702//3035 3220//3035 3111//3035
f 1091//3088 3909//3088 3908//3088
f 2536//3151 2535//3151 4130//3151
f 1492//3076 2167//3076 4626//3076
f 2754//2127 2536//2127 4134//2127
f 2662//3116 5026//3116 3139//3116
f 704//3152 707//3152 3223//3152
f 1736//3090 3807//3090 3909//3090
f 2806//2381 5018//2381 4851//2381
f 2042//3114 3139//3114 3137//3114
f 1089//3083 3911//3083 3907//3083
f 1490//2905 4627//2905 4629//2905
f 2537//2379 4851//2379 4849//2379
f 2044//3118 2043//3118 3137//3118
f 707//3153 2297//3153 3121//3153
f 2530//3086 3912//3086 3911//3086
f 1493//2908 4629//2908 4630//2908
f 2539//2383 2538//2383 4849//2383
f 2671//3121 2044//3121 3141//3121
f 703//3154 705//3154 3225//3154
f 2815//2385 2539//2385 4853//2385
f 705//3155 2065//3155 3226//3155
f 1092//3077 1088//3077 3908//3077
f 1490//2902 1494//2902 4632//2902
f 2529//3079 1092//3079 3913//3079
f 704//3156 3222//3156 3227//3156
f 1090//3068 1087//3068 3907//3068
f 1494//2900 2418//2900 4523//2900
f 708//3157 3227//3157 3228//3157
f 1737//3074 1090//3074 3910//3074
f 703//3158 3221//3158 3224//3158
f 1497//2604 1495//2604 4634//2604
f 2646//2559 5049//2559 2955//2559
f 2051//3048 4526//3048 5007//3048
f 706//3159 3224//3159 3119//3159
f 1095//2816 1093//2816 3915//2816
f 2476//2602 1497//2602 4636//2602
f 2546//2557 2955//2557 2953//2557
f 2052//3045 4521//3045 4526//3045
f 1804//2815 1095//2815 3917//2815
f 2548//2563 2547//2563 2953//2563
f 2052//3042 2053//3042 4524//3042
f 709//2286 3229//2286 3231//2286
f 1498//2606 4638//2606 4634//2606
f 2655//2567 2548//2567 2957//2567
f 2053//3044 2787//3044 5115//3044
f 711//2285 3231//2285 3128//2285
f 1096//2818 3919//2818 3915//2818
f 2680//2153 5061//2153 3353//2153
f 2691//2246 5089//2246 3490//2246
f 2201//2608 4640//2608 4638//2608
f 2549//2151 3353//2151 3351//2151
f 2054//2244 3490//2244 3488//2244
f 709//2287 712//2287 3233//2287
f 1748//2821 3921//2821 3919//2821
f 2551//2159 2550//2159 3351//2159
f 2056//2249 2055//2249 3488//2249
f 1499//2923 1496//2923 4641//2923
f 2689//2164 2551//2164 3355//2164
f 2700//2252 2056//2252 3492//2252
f 712//2288 2330//2288 3235//2288
f 1097//3160 1094//3160 3922//3160
f 2202//2926 1499//2926 4643//2926
f 2552//2577 3563//2577 5025//2577
f 1749//3161 1097//3161 3924//3161
f 2553//2574 3558//2574 3563//2574
f 710//3162 3236//3162 3238//3162
f 1500//2921 4646//2921 4641//2921
f 2553//2568 2554//2568 3561//2568
f 2059//3163 2060//3163 2893//3163
f 713//3164 3238//3164 3239//3164
f 1098//3165 3927//3165 3922//3165
f 2554//3166 2706//3166 5109//3166
f 2060//2442 2650//2442 5116//2442
f 2477//2918 4537//2918 4646//2918
f 2743//2319 5043//2319 4102//2319
f 710//3167 714//3167 3241//3167
f 1805//3168 3818//3168 3927//3168
f 1502//3169 1501//3169 4648//3169
f 2061//2317 4102//2317 4100//2317
f 1099//3170 3929//3170 3930//3170
f 2365//3171 1502//3171 4649//3171
f 2063//2323 2062//2323 4100//2323
f 714//3172 2621//3172 3132//3172
f 2631//3173 1100//3173 3930//3173
f 2752//2327 2063//2327 4104//2327
f 1505//3174 4652//3174 4651//3174
f 717//2714 715//2714 3243//2714
f 2571//2713 717//2713 3245//2713
f 2366//3175 4653//3175 4652//3175
f 1504//3176 4654//3176 4648//3176
f 718//3177 3247//3177 3243//3177
f 1708//3178 4543//3178 4654//3178
f 2070//2996 3777//2996 5121//2996
f 1940//3179 3249//3179 3247//3179
f 1102//3180 3937//3180 3929//3180
f 1506//3181 1503//3181 4651//3181
f 2071//2994 3772//2994 3777//2994
f 2440//3182 3824//3182 3937//3182
f 1709//3183 1506//3183 4655//3183
f 2071//2987 2072//2987 3775//2987
f 719//3184 716//3184 3250//3184
f 2072//2990 2724//2990 5122//2990
f 1941//3185 719//3185 3252//3185
f 1511//3137 4658//3137 4657//3137
f 720//3186 3255//3186 3250//3186
f 2340//3140 4556//3140 4658//3140
f 1509//3134 4660//3134 4656//3134
f 2572//3187 3146//3187 3255//3187
f 2564//3135 4661//3135 4660//3135
f 2573//3188 2786//3188 5071//3188
f 2727//3092 5028//3092 3918//3092
f 722//3189 721//3189 3257//3189
f 2574//3190 2573//3190 4623//3190
f 2079//3091 3918//3091 3916//3091
f 2099//3191 722//3191 3258//3191
f 1512//3129 1508//3129 4657//3129
f 2574//3192 4621//3192 4625//3192
f 2081//3095 2080//3095 3916//3095
f 2563//3132 1512//3132 4662//3132
f 2575//3193 4625//3193 5135//3193
f 2736//3098 2081//3098 3920//3098
f 723//3194 725//3194 3261//3194
f 1510//3125 1507//3125 4656//3125
f 2576//3195 3426//3195 5148//3195
f 1105//3196 1107//3196 3944//3196
f 2341//3127 1510//3127 4659//3127
f 2577//3197 3421//3197 3426//3197
f 2100//3198 3262//3198 3261//3198
f 1107//3199 2085//3199 3945//3199
f 2577//3200 2578//3200 3424//3200
f 721//3201 724//3201 3263//3201
f 1515//3190 1513//3190 4664//3190
f 2578//3202 2695//3202 5142//3202
f 2344//3203 3152//3203 3263//3203
f 2284//3188 1515//3188 4666//3188
f 2579//3187 3319//3187 5023//3187
f 2763//2530 5041//2530 4346//2530
f 2580//3186 3314//3186 3319//3186
f 2086//2528 4346//2528 4344//2528
f 726//3204 723//3204 3260//3204
f 1516//3192 4668//3192 4664//3192
f 2580//3184 2581//3184 3317//3184
f 2088//2534 2087//2534 4344//2534
f 2345//3205 726//3205 3264//3205
f 1105//3206 3940//3206 3943//3206
f 2581//3185 2686//3185 5148//3185
f 2772//2537 2088//2537 4348//2537
f 1108//3207 3943//3207 3838//3207
f 2495//3193 4670//3193 4668//3193
f 2656//2781 2582//2781 3072//2781
f 731//3158 3267//3158 3266//3158
f 2582//2774 2583//2774 3067//2774
f 2091//3208 4068//3208 5033//3208
f 1111//2856 3948//2856 3950//2856
f 1517//2163 1514//2163 4671//2163
f 2584//2768 3070//2768 3067//2768
f 2092//3209 4063//3209 4068//3209
f 2169//3210 3165//3210 3267//3210
f 1113//2855 3950//2855 3847//2855
f 2496//2167 1517//2167 4673//2167
f 2665//2770 5101//2770 3070//2770
f 2092//3211 2093//3211 4066//3211
f 729//3156 3269//3156 3265//3156
f 2093//3212 2749//3212 5124//3212
f 2277//3157 3270//3157 3269//3157
f 1111//2859 1114//2859 3952//2859
f 1518//2162 4676//2162 4671//2162
f 2663//3130 2587//3130 3149//3130
f 2587//3126 2588//3126 3144//3126
f 732//3154 728//3154 3266//3154
f 1114//2861 1808//2861 3954//2861
f 2285//2158 4567//2158 4676//2158
f 2589//3123 3147//3123 3144//3123
f 2276//3213 732//3213 3271//3213
f 1520//3214 1519//3214 4678//3214
f 2672//3124 5102//3124 3147//3124
f 730//3152 727//3152 3265//3152
f 1112//3023 3955//3023 3957//3023
f 1832//3215 1520//3215 4679//3215
f 2170//3153 730//3153 3268//3153
f 1115//3026 3957//3026 3958//3026
f 3600//2147 3604//2147 3713//2147
f 2592//2671 3704//2671 3702//2671
f 2780//3105 2101//3105 4540//3105
f 735//3216 733//3216 3273//3216
f 1112//3022 1116//3022 3960//3022
f 2594//2675 2593//2675 3702//2675
f 2101//3104 2102//3104 4535//3104
f 1792//3217 735//3217 3275//3217
f 2718//3218 2594//3218 3706//3218
f 2103//3099 4538//3099 4535//3099
f 1116//3020 2078//3020 3851//3020
f 2595//2841 2651//2841 5113//2841
f 2789//3102 5050//3102 4538//3102
f 736//3219 3277//3219 3273//3219
f 1117//3133 3962//3133 3963//3133
f 2596//2838 2595//2838 3018//2838
f 1118//3136 3963//3136 3964//3136
f 1522//3220 4686//3220 4678//3220
f 2596//2845 3016//2845 3020//2845
f 2219//3221 3279//3221 3277//3221
f 1750//3222 4573//3222 4686//3222
f 2597//2849 3020//2849 5064//2849
f 1119//3223 1121//3223 3966//3223
f 737//3224 734//3224 3280//3224
f 2220//3225 737//3225 3282//3225
f 1121//3131 2040//3131 3967//3131
f 2600//3226 2885//3226 2887//3226
f 1117//3146 1120//3146 3968//3146
f 2601//2436 2887//2436 5038//2436
f 2800//3227 2110//3227 4784//3227
f 738//3228 3285//3228 3280//3228
f 1120//3148 1861//3148 3857//3148
f 2110//3229 2111//3229 4779//3229
f 2112//3230 4782//3230 4779//3230
f 1793//3231 3176//3231 3285//3231
f 1122//3139 1119//3139 3965//3139
f 2809//3232 4995//3232 4782//3232
f 739//3233 3287//3233 3288//3233
f 1122//3143 3969//3143 3860//3143
f 1701//3234 740//3234 3288//3234
f 2701//2491 2606//2491 3607//2491
f 1124//3235 1127//3235 3972//3235
f 2606//2486 2607//2486 3602//2486
f 2755//2393 2115//2393 4249//2393
f 1525//3236 1527//3236 4693//3236
f 2608//2479 3605//2479 3602//2479
f 2115//2392 2116//2392 4244//2392
f 1127//3237 2215//3237 3870//3237
f 1527//3238 2613//3238 4694//3238
f 3591//3239 3590//3239 3599//3239
f 2117//3240 4247//3240 4244//3240
f 1125//3241 3974//3241 3970//3241
f 2609//2755 2775//2755 5145//2755
f 2764//2391 5129//2391 4247//2391
f 1125//3242 2378//3242 3975//3242
f 2610//2752 2609//2752 4486//2752
f 2118//2305 2804//2305 5079//2305
f 2610//2758 4484//2758 4488//2758
f 2119//2302 2118//2302 4837//2302
f 742//3243 3295//3243 3287//3243
f 1124//3244 3971//3244 3976//3244
f 2611//2760 4488//2760 5099//2760
f 2119//2309 4835//2309 4839//2309
f 1841//3245 3182//3245 3295//3245
f 1128//3246 3976//3246 3977//3246
f 1525//3247 4689//3247 4692//3247
f 2120//2315 4839//2315 5095//2315
f 1123//3248 3970//3248 3973//3248
f 1528//3249 4692//3249 4587//3249
f 1126//3250 3973//3250 3868//3250
f 2761//2672 5076//2672 4316//2672
f 1531//3251 4697//3251 4699//3251
f 2614//2670 4316//2670 4314//2670
f 1129//2292 3978//2292 3980//2292
f 1533//3252 4699//3252 4596//3252
f 2616//2674 2615//2674 4314//2674
f 1131//2290 3980//2290 3877//2290
f 2770//2676 2616//2676 4318//2676
f 1531//3253 1534//3253 4701//3253
f 2617//3254 2685//3254 5022//3254
f 1129//2293 1132//2293 3982//2293
f 2618//3255 2617//3255 3416//3255
f 1534//3256 2211//3256 4703//3256
f 2618//3257 3414//3257 3418//3257
f 1132//2295 2314//2295 3984//2295
f 2619//3258 3418//3258 5141//3258
f 1532//2800 4704//2800 4706//2800
f 2130//2556 2696//2556 5024//2556
f 745//3259 747//3259 3302//3259
f 1130//3112 3985//3112 3987//3112
f 1535//2802 4706//2802 4707//2802
f 2131//2554 2130//2554 3553//2554
f 747//3260 1877//3260 3303//3260
f 1133//3115 3987//3115 3988//3115
f 2131//2560 3551//2560 3555//2560
f 1532//2799 1536//2799 4709//2799
f 892//3106 2019//3106 2020//3106
f 1130//3110 1134//3110 3990//3110
f 2782//2965 2624//2965 4570//2965
f 1536//3261 2105//3261 4600//3261
f 2624//2963 2625//2963 4565//2963
f 1134//3108 2628//3108 3881//3108
f 1537//3174 4711//3174 4712//3174
f 2626//2958 4568//2958 4565//2958
f 745//3262 3298//3262 3301//3262
f 1538//3175 4712//3175 4713//3175
f 2791//3263 5144//3263 4568//3263
f 748//3264 3301//3264 3196//3264
f 1137//3265 1135//3265 3992//3265
f 1991//3266 1137//3266 3994//3266
f 1539//3169 1541//3169 4715//3169
f 751//2848 3306//2848 3308//2848
f 2674//3172 2139//3172 3286//3172
f 753//2846 3308//2846 3205//2846
f 1138//3267 3996//3267 3992//3267
f 1541//3171 2497//3171 4716//3171
f 2139//3167 2140//3167 3281//3167
f 1537//3268 1540//3268 4717//3268
f 2141//3162 3284//3162 3281//3162
f 751//2851 754//2851 3310//2851
f 2128//3269 3998//3269 3996//3269
f 1540//3183 1835//3183 4606//3183
f 2683//3270 5133//3270 3284//3270
f 2142//3168 3884//3168 5122//3168
f 754//2852 2544//2852 3312//2852
f 1139//3211 1136//3211 3999//3211
f 1539//3176 4714//3176 4718//3176
f 2143//3165 3879//3165 3884//3165
f 2129//3212 1139//3212 4001//3212
f 1542//3178 4718//3178 4609//3178
f 2143//3271 2144//3271 3882//3271
f 752//3061 3313//3061 3315//3061
f 2144//3161 2733//3161 4983//3161
f 755//3062 3315//3062 3316//3062
f 1140//3209 4004//3209 3999//3209
f 1544//3272 1547//3272 4721//3272
f 752//3058 756//3058 3318//3058
f 1992//3208 3895//3208 4004//3208
f 1547//3273 2002//3273 4619//3273
f 2149//3217 2669//3217 5065//3217
f 1142//3274 1141//3274 4006//3274
f 1543//3275 1545//3275 4723//3275
f 2150//3216 2149//3216 3232//3216
f 756//3057 1965//3057 3209//3057
f 2561//3276 1142//3276 4007//3276
f 1545//3277 2090//3277 4724//3277
f 2150//3219 3230//3219 3234//3219
f 757//3194 3320//3194 3321//3194
f 2151//3221 3234//3221 5086//3221
f 758//3198 3321//3198 3322//3198
f 1145//3278 4010//3278 4009//3278
f 1544//3279 4720//3279 4725//3279
f 1548//3280 4725//3280 4726//3280
f 2154//3281 2155//3281 2837//3281
f 759//3189 761//3189 3324//3189
f 2562//3282 4011//3282 4010//3282
f 1543//3283 4719//3283 4722//3283
f 2155//2482 2643//2482 5031//2482
f 1144//3284 4012//3284 4006//3284
f 1546//3285 4722//3285 4617//3285
f 761//3191 2458//3191 3325//3191
f 1935//3286 3901//3286 4012//3286
f 2788//3252 5134//3252 4637//3252
f 757//3204 760//3204 3326//3204
f 1549//2300 4727//2300 4729//2300
f 2158//3251 4637//3251 4635//3251
f 760//3287 2634//3287 3215//3287
f 1146//3288 1143//3288 4009//3288
f 1551//2297 4729//2297 4626//2297
f 2160//3253 2159//3253 4635//3253
f 1936//3289 1146//3289 4013//3289
f 2797//3256 2160//3256 4639//3256
f 759//3201 3323//3201 3327//3201
f 1549//2303 1552//2303 4731//2303
f 2161//3266 2739//3266 5032//3266
f 762//3203 3327//3203 3218//3203
f 1151//3248 4016//3248 4015//3248
f 2162//3265 2161//3265 4058//3265
f 1552//2306 1912//2306 4733//2306
f 2162//3267 4056//3267 4060//3267
f 764//3290 767//3290 3330//3290
f 2529//3291 3914//3291 4016//3291
f 2163//3269 4060//3269 5059//3269
f 1149//3244 4018//3244 4014//3244
f 1550//3230 4734//3230 4736//3230
f 2645//2721 2164//2721 2935//2721
f 767//3292 2064//3292 3228//3292
f 2254//3246 4019//3246 4018//3246
f 1553//3232 4736//3232 4737//3232
f 2164//2715 2165//2715 2930//2715
f 763//3293 765//3293 3332//3293
f 2166//2709 2933//2709 2930//2709
f 765//3294 2358//3294 3333//3294
f 1152//3241 1148//3241 4015//3241
f 1550//3229 1554//3229 4739//3229
f 2654//2710 5058//2710 2933//2710
f 2253//3242 1152//3242 4020//3242
f 764//3295 3329//3295 3334//3295
f 1150//3235 1147//3235 4014//3235
f 1554//3227 2168//3227 4630//3227
f 768//3296 3334//3296 3335//3296
f 2530//3237 1150//3237 4017//3237
f 763//3297 3328//3297 3331//3297
f 1557//3047 1555//3047 4741//3047
f 766//3298 3331//3298 3226//3298
f 1155//2694 1153//2694 4022//2694
f 2201//3046 1557//3046 4743//3046
f 1748//2692 1155//2692 4024//2692
f 2653//2916 5057//2916 3032//2916
f 769//2807 3336//2807 3338//2807
f 1558//3049 4745//3049 4741//3049
f 2173//2915 3032//2915 3030//2915
f 771//3299 3338//3299 3235//3299
f 1156//2696 4026//2696 4022//2696
f 2175//2919 2174//2919 3030//2919
f 2319//3300 4747//3300 4745//3300
f 2662//2924 2175//2924 3034//2924
f 769//2809 772//2809 3340//2809
f 1968//2699 4028//2699 4026//2699
f 1559//3144 1556//3144 4748//3144
f 772//2812 2555//2812 3342//2812
f 1157//2599 1154//2599 4029//2599
f 2320//3145 1559//3145 4750//3145
f 1969//2601 1157//2601 4031//2601
f 2180//3301 3640//3301 5093//3301
f 770//2212 3343//2212 3345//2212
f 1556//3142 1560//3142 4753//3142
f 2181//2505 3635//2505 3640//2505
f 773//2215 3345//2215 3346//2215
f 1158//2598 4034//2598 4029//2598
f 2181//2503 2182//2503 3638//2503
f 2202//3138 4644//3138 4753//3138
f 3548//3302 3549//3302 3646//3302
f 770//2209 774//2209 3348//2209
f 1749//2596 3925//2596 4034//2596
f 1562//2149 1561//2149 4755//2149
f 2707//3303 5091//3303 3674//3303
f 1159//3304 4036//3304 4037//3304
f 2152//3305 1562//3305 4756//3305
f 2183//2822 3674//2822 3672//2822
f 774//2207 2331//2207 3239//2207
f 1910//3306 1160//3306 4037//3306
f 2185//2829 2184//2829 3672//2829
f 1563//2142 1565//2142 4759//2142
f 2716//2832 2185//2832 3676//2832
f 777//3255 775//3255 3350//3255
f 2186//2785 2658//2785 5039//2785
f 1940//3254 777//3254 3352//3254
f 2153//2144 4760//2144 4759//2144
f 2187//2784 2186//2784 3095//2784
f 1564//2166 4761//2166 4755//2166
f 2187//2788 3093//2788 3097//2788
f 778//3257 3354//3257 3350//3257
f 2365//2169 4650//2169 4761//2169
f 2188//2790 3097//2790 4987//2790
f 2106//3258 3356//3258 3354//3258
f 1162//3307 4044//3307 4036//3307
f 1566//2157 1563//2157 4758//2157
f 2191//2408 4205//2408 5138//2408
f 2631//3308 3931//3308 4044//3308
f 2366//2161 1566//2161 4762//2161
f 2192//2404 4200//2404 4205//2404
f 779//3200 776//3200 3357//3200
f 2192//2399 2193//2399 4203//2399
f 2107//3202 779//3202 3359//3202
f 1571//3283 4765//3283 4764//3283
f 2193//2401 2760//2401 5096//2401
f 780//3197 3362//3197 3357//3197
f 2563//3285 4663//3285 4765//3285
f 1569//3279 4767//3279 4763//3279
f 2198//2340 2687//2340 5087//2340
f 1941//3309 3253//3309 3362//3309
f 2630//3310 4768//3310 4767//3310
f 2199//2337 2198//2337 3446//2337
f 782//2191 781//2191 3364//2191
f 2199//2342 3444//2342 3448//2342
f 2286//2198 782//2198 3365//2198
f 1572//3275 1568//3275 4764//3275
f 2200//2345 3448//2345 5024//2345
f 2629//3277 1572//3277 4769//3277
f 785//2184 3368//2184 3367//2184
f 1570//3272 1567//3272 4763//3272
f 1165//3311 1167//3311 4051//3311
f 2564//3273 1570//3273 4766//3273
f 2287//2186 3369//2186 3368//2186
f 1167//3312 1844//3312 4052//3312
f 784//2210 3370//2210 3364//2210
f 1575//3066 1573//3066 4771//3066
f 2205//3231 3242//3231 5083//3231
f 2099//2213 3259//2213 3370//2213
f 2495//3064 1575//3064 4773//3064
f 2206//3228 3237//3228 3242//3228
f 2206//3224 2207//3224 3240//3224
f 786//3313 783//3313 3367//3313
f 1576//3069 4775//3069 4771//3069
f 2207//3225 2679//3225 5105//3225
f 2100//2204 786//2204 3371//2204
f 1165//3314 4047//3314 4050//3314
f 2762//2688 2208//2688 4326//2688
f 1168//3315 4050//3315 3945//3315
f 1741//3072 4777//3072 4775//3072
f 2208//2685 2209//2685 4321//2685
f 791//3316 3374//3316 3373//3316
f 2210//2678 4324//2678 4321//2678
f 1171//2773 4055//2773 4057//2773
f 1577//2842 1574//2842 4778//2842
f 2771//2681 5111//2681 4324//2681
f 2276//3298 3272//3298 3374//3298
f 1173//2771 4057//2771 3954//2771
f 1742//2844 1577//2844 4780//2844
f 789//3295 3376//3295 3372//3295
f 2008//3296 3377//3296 3376//3296
f 1171//2777 1174//2777 4059//2777
f 1578//2840 4783//2840 4778//2840
f 792//3293 788//3293 3373//3293
f 1174//2780 2506//2780 4061//2780
f 2496//2837 4674//2837 4783//2837
f 2217//3317 2829//3317 2831//3317
f 2007//3294 792//3294 3378//3294
f 1580//3318 1579//3318 4785//3318
f 2218//2475 2831//2475 5030//2475
f 790//3290 787//3290 3372//3290
f 1172//3096 4062//3096 4064//3096
f 2525//3319 1580//3319 4786//3319
f 2277//3292 790//3292 3375//3292
f 1175//3097 4064//3097 4065//3097
f 2221//2603 2998//2603 5116//2603
f 795//3002 793//3002 3380//3002
f 1172//3094 1176//3094 4067//3094
f 2221//2600 2222//2600 2993//2600
f 2219//3320 795//3320 3382//3320
f 2222//2595 2223//2595 2996//2595
f 1176//3093 1809//3093 3958//3093
f 2223//2597 2659//2597 5110//2597
f 796//3004 3384//3004 3380//3004
f 1177//3278 4069//3278 4070//3278
f 2224//2242 2811//2242 5098//2242
f 1178//3282 4070//3282 4071//3282
f 1582//3321 4793//3321 4785//3321
f 2225//2239 2224//2239 4914//2239
f 1948//3005 3386//3005 3384//3005
f 1832//3322 4680//3322 4793//3322
f 2225//2245 4912//2245 4916//2245
f 1179//3274 1181//3274 4073//3274
f 2226//2248 4916//2248 5072//2248
f 797//3081 794//3081 3387//3081
f 1949//3084 797//3084 3389//3084
f 1181//3323 2238//3323 4074//3323
f 1177//3288 1180//3288 4075//3288
f 798//3080 3392//3080 3387//3080
f 1180//3289 2041//3289 3964//3289
f 2220//3078 3283//3078 3392//3078
f 1179//3284 4072//3284 4076//3284
f 800//3324 799//3324 3394//3324
f 1182//3286 4076//3286 3967//3286
f 1886//3325 800//3325 3395//3325
f 1184//2232 1187//2232 4079//2232
f 2816//2531 2234//2531 4947//2531
f 1585//3326 1587//3326 4800//3326
f 2234//3327 2235//3327 4945//3327
f 1187//2236 2377//2236 3977//2236
f 1587//3328 2388//3328 4801//3328
f 1183//2226 1185//2226 4081//2226
f 1185//2229 1783//2229 4082//2229
f 2719//2907 2240//2907 3821//2907
f 2240//2901 2241//2901 3816//2901
f 802//3329 3402//3329 3394//3329
f 1184//2219 4078//2219 4083//2219
f 2242//2895 3819//2895 3816//2895
f 1701//3330 3289//3330 3402//3330
f 1188//2222 4083//2222 4084//2222
f 1585//3331 4796//3331 4799//3331
f 2728//2898 5029//2898 3819//2898
f 1183//2214 4077//2214 4080//2214
f 1588//3332 4799//3332 4694//3332
f 1186//2218 4080//2218 3975//2218
f 1591//2703 4804//2703 4806//2703
f 1189//3150 4085//3150 4087//3150
f 1593//2700 4806//2700 4703//2700
f 1191//3149 4087//3149 3984//3149
f 1591//2704 1594//2704 4808//2704
f 1189//3151 1192//3151 4089//3151
f 1594//2707 2453//2707 4810//2707
f 3574//3333 3570//3333 3568//3333
f 3673//3334 3570//3334 3574//3334
f 3580//3335 5070//3335 3575//3335
f 3580//3336 3691//3336 3684//3336
f 3583//2825 3593//2825 3695//2825
f 971//2125 2309//2125 5200//2125
f 905//2430 1785//2430 5198//2430
f 5157//3337 5160//3337 4941//3337
f 5150//3338 5159//3338 4944//3338
f 4938//2125 5161//2125 5169//2125
f 5172//3339 5170//3339 4945//3339
f 5172//3340 2235//3340 1672//3340
f 4941//3341 5160//3341 5149//3341
f 5158//3342 2363//3342 4944//3342
f 2022//3343 1668//3343 5155//3343
f 2021//2430 2022//2430 5153//2430
f 4942//3344 1671//3344 5156//3344
f 4940//2125 5149//2125 5151//2125
f 5158//3345 5159//3345 5156//3345
f 5159//3345 5150//3345 5152//3345
f 5155//3346 5160//3346 5157//3346
f 5160//3346 5155//3346 5151//3346
f 1667//3347 1963//3347 5171//3347
f 4936//3348 5169//3348 5171//3348
f 5162//2125 4947//2125 4945//2125
f 5172//3345 5164//3345 5162//3345
f 5161//3349 4938//3349 4937//3349
f 5164//3345 5172//3345 5168//3345
f 1669//2430 1667//2430 5167//2430
f 5167//3346 5171//3346 5163//3346
f 4946//3350 5164//3350 5166//3350
f 5171//3346 5169//3346 5161//3346
f 5176//3351 5174//3351 4949//3351
f 5178//3352 1677//3352 4949//3352
f 5176//2125 4950//2125 4948//2125
f 5182//3353 5180//3353 4948//3353
f 5182//3354 1676//3354 1675//3354
f 5178//2430 5184//2430 1675//2430
f 1693//2125 5186//2125 5192//2125
f 5194//2430 5188//2430 4968//2430
f 5196//3355 5194//3355 4966//3355
f 5196//3356 1692//3356 1691//3356
f 1665//2430 1663//2430 5183//2430
f 1663//3357 1664//3357 5181//3357
f 4933//3358 5179//3358 5181//3358
f 5175//3346 5173//3346 5181//3346
f 4934//2125 5175//2125 5179//2125
f 5183//3346 5181//3346 5173//3346
f 4935//3359 1665//3359 5177//3359
f 5182//3345 5174//3345 5176//3345
f 5175//3360 4934//3360 4935//3360
f 5174//3345 5182//3345 5184//3345
f 1679//3361 1680//3361 5195//3361
f 4951//3362 5193//3362 5195//3362
f 4951//2430 4952//2430 5187//2430
f 5185//2125 1681//2125 1679//2125
f 5187//3363 4952//3363 4953//3363
f 5190//3346 5196//3346 5192//3346
f 5186//3364 1693//3364 4967//3364
f 5196//3346 5190//3346 5188//3346
f 5195//3365 5193//3365 5187//3365
f 5191//3345 5195//3345 5189//3345
f 4965//2515 4956//2515 4955//2515
f 4955//2515 1685//2515 1690//2515
f 1685//2125 1683//2125 1688//2125
f 1683//3366 1872//3366 1779//3366
f 1872//3367 4954//3367 4963//3367
f 4965//2430 4963//2430 4954//2430
f 2416//3366 2396//3366 1684//3366
f 4957//3368 4960//3368 1687//3368
f 4957//2430 4958//2430 4961//2430
f 3609//3369 3610//3369 5084//3369
f 3723//3370 3714//3370 5084//3370
f 920//2476 3609//2476 3605//2476
f 982//2504 1937//2504 3714//2504
f 982//3371 2203//3371 2710//3371
f 2710//3372 2203//3372 920//3372
f 3633//2500 3631//2500 3636//2500
f 3633//2693 3637//2693 3746//2693
f 2504//3333 2505//3333 935//3333
f 2504//3334 993//3334 996//3334
f 996//2504 993//2504 3736//2504
f 3631//2476 934//2476 935//2476
f 3624//3373 3623//3373 3632//3373
f 3737//3374 3729//3374 3624//3374
f 3737//2504 1810//2504 988//2504
f 3632//2476 3623//2476 927//2476
f 2446//3375 988//3375 1810//3375
f 2446//3376 2712//3376 2018//3376
f 5200//2858 5198//2858 5201//2858
f 5197//3302 5198//3302 5200//3302
f 912//3346 905//3346 5197//3346
f 912//2125 5199//2125 5200//2125
f 966//2430 5201//2430 5198//2430
f 966//3345 971//3345 5202//3345
f 5310//10 5459//10 5213//10
f 5204//11 5206//11 5207//11
f 5204//13 5208//13 5455//13
f 5455//15 5209//15 5456//15
f 5456//1 5210//1 5457//1
f 5457//3 5211//3 5205//3
f 5205//5 5212//5 5458//5
f 5458//3377 5213//3377 5459//3377
f 5213//3378 5220//3378 5221//3378
f 5310//28 5213//28 5221//28
f 5206//3379 5215//3379 5207//3379
f 5207//31 5216//31 5208//31
f 5209//17 5216//17 5217//17
f 5209//19 5218//19 5210//19
f 5211//21 5218//21 5219//21
f 5211//23 5220//23 5212//23
f 5216//41 5225//41 5217//41
f 5218//43 5225//43 5226//43
f 5218//45 5227//45 5219//45
f 5219//47 5228//47 5220//47
f 5220//3380 5229//3380 5221//3380
f 5310//36 5221//36 5229//36
f 5214//37 5223//37 5215//37
f 5215//39 5224//39 5216//39
f 5228//3381 5237//3381 5229//3381
f 5310//59 5229//59 5237//59
f 5222//3382 5231//3382 5223//3382
f 5223//62 5232//62 5224//62
f 5225//64 5232//64 5233//64
f 5226//50 5233//50 5234//50
f 5226//52 5235//52 5227//52
f 5228//3383 5235//3383 5236//3383
f 5233//3384 5242//3384 5234//3384
f 5234//76 5243//76 5235//76
f 5235//3385 5244//3385 5236//3385
f 5236//3386 5245//3386 5237//3386
f 5310//67 5237//67 5245//67
f 5230//68 5239//68 5231//68
f 5231//70 5240//70 5232//70
f 5233//72 5240//72 5241//72
f 5310//90 5245//90 5253//90
f 5239//3387 5246//3387 5247//3387
f 5239//93 5248//93 5240//93
f 5241//95 5248//95 5249//95
f 5241//81 5250//81 5242//81
f 5243//83 5250//83 5251//83
f 5243//3388 5252//3388 5244//3388
f 5245//87 5252//87 5253//87
f 5249//105 5258//105 5250//105
f 5251//107 5258//107 5259//107
f 5251//3389 5260//3389 5252//3389
f 5252//3390 5261//3390 5253//3390
f 5310//98 5253//98 5261//98
f 5247//99 5254//99 5255//99
f 5247//101 5256//101 5248//101
f 5249//3391 5256//3391 5257//3391
f 5310//3392 5261//3392 5269//3392
f 5255//122 5262//122 5263//122
f 5255//124 5264//124 5256//124
f 5257//126 5264//126 5265//126
f 5257//128 5266//128 5258//128
f 5259//114 5266//114 5267//114
f 5259//116 5268//116 5260//116
f 5260//118 5269//118 5261//118
f 5267//137 5274//137 5275//137
f 5267//139 5276//139 5268//139
f 5268//141 5277//141 5269//141
f 5310//3393 5269//3393 5277//3393
f 5263//129 5270//129 5271//129
f 5263//131 5272//131 5264//131
f 5265//133 5272//133 5273//133
f 5265//135 5274//135 5266//135
f 5271//155 5280//155 5272//155
f 5273//3394 5280//3394 5281//3394
f 5273//159 5282//159 5274//159
f 5274//145 5283//145 5275//145
f 5276//3395 5283//3395 5284//3395
f 5277//3396 5284//3396 5285//3396
f 5310//152 5277//152 5285//152
f 5271//153 5278//153 5279//153
f 5283//3397 5292//3397 5284//3397
f 5285//3398 5292//3398 5293//3398
f 5310//174 5285//174 5293//174
f 5278//175 5287//175 5279//175
f 5279//161 5288//161 5280//161
f 5280//163 5289//163 5281//163
f 5281//165 5290//165 5282//165
f 5283//167 5290//167 5291//167
f 5287//185 5296//185 5288//185
f 5289//187 5296//187 5297//187
f 5289//3399 5298//3399 5290//3399
f 5291//191 5298//191 5299//191
f 5292//177 5299//177 5300//177
f 5292//3400 5301//3400 5293//3400
f 5310//3401 5293//3401 5301//3401
f 5286//183 5295//183 5287//183
f 5300//200 5307//200 5308//200
f 5300//202 5309//202 5301//202
f 5310//205 5301//205 5309//205
f 5294//206 5303//206 5295//206
f 5295//208 5304//208 5296//208
f 5297//194 5304//194 5305//194
f 5297//196 5306//196 5298//196
f 5299//198 5306//198 5307//198
f 5305//218 5313//218 5314//218
f 5306//3402 5314//3402 5315//3402
f 5307//222 5315//222 5316//222
f 5307//224 5317//224 5308//224
f 5309//3403 5317//3403 5318//3403
f 5310//213 5309//213 5318//213
f 5302//214 5312//214 5303//214
f 5303//216 5313//216 5304//216
f 5318//3404 5325//3404 5326//3404
f 5310//236 5318//236 5326//236
f 5311//237 5320//237 5312//237
f 5312//239 5321//239 5313//239
f 5314//225 5321//225 5322//225
f 5314//227 5323//227 5315//227
f 5315//229 5324//229 5316//229
f 5316//231 5325//231 5317//231
f 5322//249 5329//249 5330//249
f 5323//251 5330//251 5331//251
f 5324//3405 5331//3405 5332//3405
f 5325//255 5332//255 5333//255
f 5326//3406 5333//3406 5334//3406
f 5310//244 5326//244 5334//244
f 5319//245 5328//245 5320//245
f 5320//247 5329//247 5321//247
f 5334//3407 5341//3407 5342//3407
f 5310//267 5334//267 5342//267
f 5327//268 5336//268 5328//268
f 5328//270 5337//270 5329//270
f 5330//272 5337//272 5338//272
f 5330//258 5339//258 5331//258
f 5332//3408 5339//3408 5340//3408
f 5333//262 5340//262 5341//262
f 5338//282 5347//282 5339//282
f 5340//284 5347//284 5348//284
f 5341//286 5348//286 5349//286
f 5341//288 5350//288 5342//288
f 5310//275 5342//275 5350//275
f 5335//276 5344//276 5336//276
f 5336//278 5345//278 5337//278
f 5338//280 5345//280 5346//280
f 5310//298 5350//298 5358//298
f 5343//299 5352//299 5344//299
f 5344//301 5353//301 5345//301
f 5346//303 5353//303 5354//303
f 5346//289 5355//289 5347//289
f 5347//291 5356//291 5348//291
f 5349//3409 5356//3409 5357//3409
f 5350//3410 5357//3410 5358//3410
f 5356//314 5363//314 5364//314
f 5357//316 5364//316 5365//316
f 5357//318 5366//318 5358//318
f 5310//305 5358//305 5366//305
f 5351//306 5360//306 5352//306
f 5352//308 5361//308 5353//308
f 5354//310 5361//310 5362//310
f 5355//312 5362//312 5363//312
f 5359//329 5368//329 5360//329
f 5360//331 5369//331 5361//331
f 5362//333 5369//333 5370//333
f 5362//335 5371//335 5363//335
f 5364//321 5371//321 5372//321
f 5365//323 5372//323 5373//323
f 5365//3411 5374//3411 5366//3411
f 5310//328 5366//328 5374//328
f 5371//344 5380//344 5372//344
f 5373//3412 5380//3412 5381//3412
f 5373//3413 5382//3413 5374//3413
f 5310//351 5374//351 5382//351
f 5367//352 5376//352 5368//352
f 5368//338 5377//338 5369//338
f 5370//340 5377//340 5378//340
f 5370//342 5379//342 5371//342
f 5376//362 5385//362 5377//362
f 5378//364 5385//364 5386//364
f 5378//366 5387//366 5379//366
f 5379//368 5388//368 5380//368
f 5381//354 5388//354 5389//354
f 5381//356 5390//356 5382//356
f 5310//359 5382//359 5390//359
f 5376//360 5383//360 5384//360
f 5389//377 5396//377 5397//377
f 5389//3414 5398//3414 5390//3414
f 5310//3415 5390//3415 5398//3415
f 5384//383 5391//383 5392//383
f 5384//369 5393//369 5385//369
f 5386//371 5393//371 5394//371
f 5386//373 5395//373 5387//373
f 5388//3416 5395//3416 5396//3416
f 5392//393 5401//393 5393//393
f 5394//395 5401//395 5402//395
f 5395//397 5402//397 5403//397
f 5395//399 5404//399 5396//399
f 5396//385 5405//385 5397//385
f 5397//387 5406//387 5398//387
f 5310//3417 5398//3417 5406//3417
f 5391//3418 5400//3418 5392//3418
f 5404//408 5413//408 5405//408
f 5405//3419 5414//3419 5406//3419
f 5310//413 5406//413 5414//413
f 5399//414 5408//414 5400//414
f 5400//416 5409//416 5401//416
f 5402//402 5409//402 5410//402
f 5403//404 5410//404 5411//404
f 5403//406 5412//406 5404//406
f 5410//426 5417//426 5418//426
f 5410//428 5419//428 5411//428
f 5411//430 5420//430 5412//430
f 5413//432 5420//432 5421//432
f 5413//418 5422//418 5414//418
f 5310//3420 5414//3420 5422//3420
f 5407//422 5416//422 5408//422
f 5408//424 5417//424 5409//424
f 5421//3421 5430//3421 5422//3421
f 5310//444 5422//444 5430//444
f 5415//445 5424//445 5416//445
f 5416//447 5425//447 5417//447
f 5418//433 5425//433 5426//433
f 5418//435 5427//435 5419//435
f 5419//437 5428//437 5420//437
f 5421//439 5428//439 5429//439
f 5426//459 5435//459 5427//459
f 5428//461 5435//461 5436//461
f 5428//463 5437//463 5429//463
f 5429//3422 5438//3422 5430//3422
f 5310//452 5430//452 5438//452
f 5423//453 5432//453 5424//453
f 5424//455 5433//455 5425//455
f 5426//457 5433//457 5434//457
f 5310//474 5438//474 5446//474
f 5431//475 5440//475 5432//475
f 5432//477 5441//477 5433//477
f 5434//479 5441//479 5442//479
f 5434//465 5443//465 5435//465
f 5435//467 5444//467 5436//467
f 5437//469 5444//469 5445//469
f 5437//3423 5446//3423 5438//3423
f 5442//489 5451//489 5443//489
f 5443//491 5452//491 5444//491
f 5444//493 5453//493 5445//493
f 5445//495 5454//495 5446//495
f 5310//3424 5446//3424 5454//3424
f 5439//483 5448//483 5440//483
f 5440//485 5449//485 5441//485
f 5442//487 5449//487 5450//487
f 5310//505 5454//505 5459//505
f 5447//506 5204//506 5448//506
f 5448//508 5455//508 5449//508
f 5450//510 5455//510 5456//510
f 5450//512 5457//512 5451//512
f 5451//498 5205//498 5452//498
f 5452//500 5458//500 5453//500
f 5454//502 5458//502 5459//502
f 5254//2430 5468//2430 5262//2430
f 5486//3425 5519//3425 5487//3425
f 5447//2430 5490//2430 5491//2430
f 5391//2430 5483//2430 5484//2430
f 5302//2430 5474//2430 5311//2430
f 5254//2430 5466//2430 5467//2430
f 5327//2430 5477//2430 5335//2430
f 5383//2430 5482//2430 5483//2430
f 5270//2430 5468//2430 5469//2430
f 5214//2430 5460//2430 5462//2430
f 5407//2430 5485//2430 5486//2430
f 5319//2430 5476//2430 5327//2430
f 5343//2430 5479//2430 5351//2430
f 5206//2430 5461//2430 5460//2430
f 5278//2430 5471//2430 5286//2430
f 5423//2430 5487//2430 5488//2430
f 5399//2430 5484//2430 5485//2430
f 5335//2430 5478//2430 5343//2430
f 5230//2430 5463//2430 5464//2430
f 5439//2430 5489//2430 5490//2430
f 5359//2430 5481//2430 5367//2430
f 5270//2430 5470//2430 5278//2430
f 5238//2430 5466//2430 5246//2430
f 5415//2430 5486//2430 5487//2430
f 5351//2430 5480//2430 5359//2430
f 5222//2430 5462//2430 5463//2430
f 5294//2430 5473//2430 5302//2430
f 5431//2430 5488//2430 5489//2430
f 5447//2430 5461//2430 5203//2430
f 5286//2430 5472//2430 5294//2430
f 5238//2430 5464//2430 5465//2430
f 5375//2430 5481//2430 5482//2430
f 5319//2430 5474//2430 5475//2430
f 5518//2430 5510//2430 5502//2430
f 5473//3426 5506//3426 5474//3426
f 5461//3427 5492//3427 5460//3427
f 5487//3428 5520//3428 5488//3428
f 5474//3429 5507//3429 5475//3429
f 5462//3430 5492//3430 5494//3430
f 5488//3431 5521//3431 5489//3431
f 5475//3432 5508//3432 5476//3432
f 5462//3433 5495//3433 5463//3433
f 5490//3434 5521//3434 5522//3434
f 5476//3435 5509//3435 5477//3435
f 5463//3436 5496//3436 5464//3436
f 5490//3437 5523//3437 5491//3437
f 5477//3438 5510//3438 5478//3438
f 5464//3439 5497//3439 5465//3439
f 5491//3440 5493//3440 5461//3440
f 5478//3441 5511//3441 5479//3441
f 5465//3442 5498//3442 5466//3442
f 5479//3443 5512//3443 5480//3443
f 5466//3444 5499//3444 5467//3444
f 5480//3445 5513//3445 5481//3445
f 5467//3446 5500//3446 5468//3446
f 5481//3447 5514//3447 5482//3447
f 5468//3448 5501//3448 5469//3448
f 5483//3449 5514//3449 5515//3449
f 5469//3450 5502//3450 5470//3450
f 5484//3451 5515//3451 5516//3451
f 5470//3452 5503//3452 5471//3452
f 5485//3453 5516//3453 5517//3453
f 5471//3454 5504//3454 5472//3454
f 5485//3455 5518//3455 5486//3455
f 5472//3456 5505//3456 5473//3456
f 5525//3457 5526//3457 5524//3457
f 5527//3458 5528//3458 5526//3458
f 5529//3459 5530//3459 5528//3459
f 5531//3460 5532//3460 5530//3460
f 5533//3461 5534//3461 5532//3461
f 5535//3462 5536//3462 5534//3462
f 5537//3463 5538//3463 5536//3463
f 5539//3464 5540//3464 5538//3464
f 5541//3465 5542//3465 5540//3465
f 5543//3466 5544//3466 5542//3466
f 5545//3467 5546//3467 5544//3467
f 5547//3468 5548//3468 5546//3468
f 5549//3469 5550//3469 5548//3469
f 5551//3470 5552//3470 5550//3470
f 5553//3471 5554//3471 5552//3471
f 5555//3472 5556//3472 5554//3472
f 5557//3473 5558//3473 5556//3473
f 5559//3474 5560//3474 5558//3474
f 5561//3475 5562//3475 5560//3475
f 5563//3476 5564//3476 5562//3476
f 5565//3477 5566//3477 5564//3477
f 5567//3478 5568//3478 5566//3478
f 5569//3479 5570//3479 5568//3479
f 5571//3480 5572//3480 5570//3480
f 5573//3481 5574//3481 5572//3481
f 5575//3482 5576//3482 5574//3482
f 5577//3483 5578//3483 5576//3483
f 5579//3484 5580//3484 5578//3484
f 5581//3485 5582//3485 5580//3485
f 5583//3486 5584//3486 5582//3486
f 5561//2430 5545//2430 5529//2430
f 5585//3487 5586//3487 5584//3487
f 5587//3488 5524//3488 5586//3488
f 5586//2125 5538//2125 5554//2125
f 479//1 21//1 22//1
f 4//2 14//2 15//2
f 480//3 22//3 23//3
f 5//4 15//4 16//4
f 10//5 23//5 24//5
f 6//6 16//6 17//6
f 481//3377 24//3377 25//3377
f 7//3489 17//3489 18//3489
f 8//3490 18//3490 19//3490
f 1//3491 11//3491 12//3491
f 9//13 19//13 20//13
f 3//14 2//14 12//14
f 478//15 20//15 21//15
f 3//16 13//16 14//16
f 20//17 35//17 36//17
f 13//18 28//18 29//18
f 22//19 21//19 36//19
f 14//20 29//20 30//20
f 22//21 37//21 38//21
f 15//22 30//22 31//22
f 23//23 38//23 39//23
f 16//24 31//24 32//24
f 24//3378 39//3378 40//3378
f 17//3492 32//3492 33//3492
f 19//3379 18//3379 33//3379
f 11//3493 26//3493 27//3493
f 20//31 19//31 34//31
f 12//32 27//32 28//32
f 39//3494 54//3494 55//3494
f 32//3495 47//3495 48//3495
f 33//3496 48//3496 49//3496
f 26//3497 41//3497 42//3497
f 34//39 49//39 50//39
f 27//3498 42//3498 43//3498
f 36//41 35//41 50//41
f 28//42 43//42 44//42
f 37//43 36//43 51//43
f 29//44 44//44 45//44
f 37//45 52//45 53//45
f 30//46 45//46 46//46
f 38//3499 53//3499 54//3499
f 32//48 31//48 46//48
f 43//49 58//49 59//49
f 51//50 66//50 67//50
f 44//51 59//51 60//51
f 52//52 67//52 68//52
f 45//53 60//53 61//53
f 53//3383 68//3383 69//3383
f 46//55 61//55 62//55
f 54//56 69//56 70//56
f 48//3500 47//3500 62//3500
f 48//3382 63//3382 64//3382
f 41//3501 56//3501 57//3501
f 49//62 64//62 65//62
f 42//3502 57//3502 58//3502
f 51//64 50//64 65//64
f 63//3503 62//3503 77//3503
f 63//3504 78//3504 79//3504
f 56//69 71//69 72//69
f 64//70 79//70 80//70
f 57//3505 72//3505 73//3505
f 66//72 65//72 80//72
f 58//73 73//73 74//73
f 66//74 81//74 82//74
f 60//75 59//75 74//75
f 68//76 67//76 82//76
f 60//77 75//77 76//77
f 69//3385 68//3385 83//3385
f 61//79 76//79 77//79
f 69//3506 84//3506 85//3506
f 82//81 81//81 96//81
f 75//82 74//82 89//82
f 82//83 97//83 98//83
f 75//84 90//84 91//84
f 84//3388 83//3388 98//3388
f 77//86 76//86 91//86
f 84//3507 99//3507 100//3507
f 77//3508 92//3508 93//3508
f 78//3509 93//3509 94//3509
f 71//3510 86//3510 87//3510
f 79//93 94//93 95//93
f 72//3511 87//3511 88//3511
f 81//95 80//95 95//95
f 73//96 88//96 89//96
f 93//3512 108//3512 109//3512
f 86//3513 101//3513 102//3513
f 94//101 109//101 110//101
f 87//3514 102//3514 103//3514
f 96//103 95//103 110//103
f 89//104 88//104 103//104
f 97//105 96//105 111//105
f 89//106 104//106 105//106
f 97//107 112//107 113//107
f 90//108 105//108 106//108
f 98//3389 113//3389 114//3389
f 92//110 91//110 106//110
f 100//3390 99//3390 114//3390
f 92//3515 107//3515 108//3515
f 104//113 119//113 120//113
f 113//114 112//114 127//114
f 105//115 120//115 121//115
f 114//116 113//116 128//116
f 107//117 106//117 121//117
f 115//3516 114//3516 129//3516
f 107//119 122//119 123//119
f 109//122 108//122 123//122
f 101//3517 116//3517 117//3517
f 109//124 124//124 125//124
f 102//125 117//125 118//125
f 111//126 110//126 125//126
f 103//127 118//127 119//127
f 111//128 126//128 127//128
f 123//129 138//129 139//129
f 117//3518 116//3518 131//3518
f 124//131 139//131 140//131
f 117//132 132//132 133//132
f 126//133 125//133 140//133
f 118//134 133//134 134//134
f 126//135 141//135 142//135
f 120//136 119//136 134//136
f 128//137 127//137 142//137
f 120//138 135//138 136//138
f 128//139 143//139 144//139
f 122//140 121//140 136//140
f 130//141 129//141 144//141
f 122//3519 137//3519 138//3519
f 142//145 157//145 158//145
f 135//146 150//146 151//146
f 144//3395 143//3395 158//3395
f 137//148 136//148 151//148
f 144//3520 159//3520 160//3520
f 137//150 152//150 153//150
f 138//153 153//153 154//153
f 131//3521 146//3521 147//3521
f 139//155 154//155 155//155
f 133//156 132//156 147//156
f 141//157 140//157 155//157
f 133//158 148//158 149//158
f 141//159 156//159 157//159
f 134//160 149//160 150//160
f 154//161 169//161 170//161
f 147//3522 162//3522 163//3522
f 156//163 155//163 170//163
f 148//164 163//164 164//164
f 156//165 171//165 172//165
f 150//166 149//166 164//166
f 158//167 157//167 172//167
f 150//168 165//168 166//168
f 158//3397 173//3397 174//3397
f 152//170 151//170 166//170
f 159//3398 174//3398 175//3398
f 152//3523 167//3523 168//3523
f 154//3524 153//3524 168//3524
f 146//3525 161//3525 162//3525
f 173//177 188//177 189//177
f 167//178 166//178 181//178
f 175//3526 174//3526 189//3526
f 167//3527 182//3527 183//3527
f 168//3528 183//3528 184//3528
f 161//3529 176//3529 177//3529
f 169//185 184//185 185//185
f 162//186 177//186 178//186
f 170//187 185//187 186//187
f 163//188 178//188 179//188
f 171//189 186//189 187//189
f 164//190 179//190 180//190
f 173//191 172//191 187//191
f 165//192 180//192 181//192
f 177//3530 192//3530 193//3530
f 186//194 185//194 200//194
f 179//195 178//195 193//195
f 186//196 201//196 202//196
f 180//197 179//197 194//197
f 188//198 187//198 202//198
f 180//199 195//199 196//199
f 188//200 203//200 204//200
f 182//201 181//201 196//201
f 190//3531 189//3531 204//3531
f 182//3532 197//3532 198//3532
f 184//3533 183//3533 198//3533
f 176//3534 191//3534 192//3534
f 184//208 199//208 200//208
f 197//209 196//209 212//209
f 204//3403 220//3403 221//3403
f 197//3535 213//3535 214//3535
f 198//3536 214//3536 215//3536
f 191//215 207//215 208//215
f 199//216 215//216 216//216
f 193//3537 192//3537 208//3537
f 201//218 200//218 216//218
f 193//219 209//219 210//219
f 201//3402 217//3402 218//3402
f 194//221 210//221 211//221
f 203//222 202//222 218//222
f 195//223 211//223 212//223
f 203//3538 219//3538 220//3538
f 217//225 216//225 231//225
f 209//226 224//226 225//226
f 217//227 232//227 233//227
f 210//228 225//228 226//228
f 218//229 233//229 234//229
f 211//230 226//230 227//230
f 219//231 234//231 235//231
f 213//232 212//232 227//232
f 221//3404 220//3404 235//3404
f 213//234 228//234 229//234
f 214//3539 229//3539 230//3539
f 207//3540 222//3540 223//3540
f 215//239 230//239 231//239
f 208//240 223//240 224//240
f 236//3541 235//3541 250//3541
f 228//3542 243//3542 244//3542
f 229//3543 244//3543 245//3543
f 222//3544 237//3544 238//3544
f 230//247 245//247 246//247
f 224//248 223//248 238//248
f 232//249 231//249 246//249
f 225//250 224//250 239//250
f 232//251 247//251 248//251
f 225//252 240//252 241//252
f 234//3405 233//3405 248//3405
f 226//254 241//254 242//254
f 234//255 249//255 250//255
f 228//256 227//256 242//256
f 240//3545 239//3545 254//3545
f 247//258 262//258 263//258
f 241//259 240//259 255//259
f 248//3408 263//3408 264//3408
f 241//261 256//261 257//261
f 249//262 264//262 265//262
f 243//263 242//263 257//263
f 250//3407 265//3407 266//3407
f 243//3546 258//3546 259//3546
f 244//3547 259//3547 260//3547
f 237//269 252//269 253//269
f 245//270 260//270 261//270
f 238//271 253//271 254//271
f 247//272 246//272 261//272
f 258//3548 273//3548 274//3548
f 260//276 259//276 274//276
f 252//277 267//277 268//277
f 260//278 275//278 276//278
f 253//279 268//279 269//279
f 262//280 261//280 276//280
f 255//281 254//281 269//281
f 262//282 277//282 278//282
f 256//283 255//283 270//283
f 263//284 278//284 279//284
f 256//3549 271//3549 272//3549
f 265//286 264//286 279//286
f 258//287 257//287 272//287
f 266//288 265//288 280//288
f 277//289 292//289 293//289
f 271//290 270//290 285//290
f 279//291 278//291 293//291
f 271//292 286//292 287//292
f 279//3409 294//3409 295//3409
f 273//294 272//294 287//294
f 281//3410 280//3410 295//3410
f 273//3550 288//3550 289//3550
f 274//3551 289//3551 290//3551
f 267//3552 282//3552 283//3552
f 275//301 290//301 291//301
f 268//3553 283//3553 284//3553
f 277//303 276//303 291//303
f 269//304 284//304 285//304
f 289//306 305//306 306//306
f 282//3554 298//3554 299//3554
f 290//308 306//308 307//308
f 283//3555 299//3555 300//3555
f 292//310 291//310 307//310
f 285//311 284//311 300//311
f 292//312 308//312 309//312
f 286//313 285//313 301//313
f 293//314 309//314 310//314
f 286//315 302//315 303//315
f 294//316 310//316 311//316
f 288//317 287//317 303//317
f 295//318 311//318 312//318
f 289//319 288//319 304//319
f 309//321 324//321 325//321
f 302//322 317//322 318//322
f 311//323 310//323 325//323
f 304//324 303//324 318//324
f 311//3411 326//3411 327//3411
f 304//3556 319//3556 320//3556
f 305//329 320//329 321//329
f 298//3557 313//3557 314//3557
f 306//331 321//331 322//331
f 299//332 314//332 315//332
f 308//333 307//333 322//333
f 301//334 300//334 315//334
f 308//3558 323//3558 324//3558
f 302//336 301//336 316//336
f 313//3559 328//3559 329//3559
f 321//338 336//338 337//338
f 314//3560 329//3560 330//3560
f 323//340 322//340 337//340
f 316//341 315//341 330//341
f 324//342 323//342 338//342
f 317//343 316//343 331//343
f 324//344 339//344 340//344
f 317//345 332//345 333//345
f 326//346 325//346 340//346
f 319//347 318//347 333//347
f 327//3561 326//3561 341//3561
f 319//3562 334//3562 335//3562
f 320//352 335//352 336//352
f 332//353 347//353 348//353
f 341//354 340//354 355//354
f 334//355 333//355 348//355
f 341//3563 356//3563 357//3563
f 334//357 349//357 350//357
f 335//360 350//360 351//360
f 329//3564 328//3564 343//3564
f 336//362 351//362 352//362
f 329//363 344//363 345//363
f 338//364 337//364 352//364
f 331//365 330//365 345//365
f 338//366 353//366 354//366
f 332//367 331//367 346//367
f 339//368 354//368 355//368
f 351//369 366//369 367//369
f 344//370 359//370 360//370
f 353//371 352//371 367//371
f 346//372 345//372 360//372
f 353//373 368//373 369//373
f 346//374 361//374 362//374
f 355//375 354//375 369//375
f 347//376 362//376 363//376
f 356//377 355//377 370//377
f 349//378 348//378 363//378
f 356//3414 371//3414 372//3414
f 349//380 364//380 365//380
f 351//383 350//383 365//383
f 344//3565 343//3565 358//3565
f 371//385 370//385 385//385
f 364//386 363//386 378//386
f 371//3566 386//3566 387//3566
f 364//3567 379//3567 380//3567
f 366//391 365//391 380//391
f 359//3568 358//3568 373//3568
f 366//393 381//393 382//393
f 359//394 374//394 375//394
f 368//395 367//395 382//395
f 361//396 360//396 375//396
f 368//397 383//397 384//397
f 362//398 361//398 376//398
f 369//399 384//399 385//399
f 362//400 377//400 378//400
f 374//401 389//401 390//401
f 383//402 382//402 397//402
f 376//403 375//403 390//403
f 383//404 398//404 399//404
f 376//405 391//405 392//405
f 384//406 399//406 400//406
f 377//407 392//407 393//407
f 386//408 385//408 400//408
f 379//409 378//409 393//409
f 386//3419 401//3419 402//3419
f 379//3569 394//3569 395//3569
f 380//414 395//414 396//414
f 373//3570 388//3570 389//3570
f 381//416 396//416 397//416
f 394//417 393//417 408//417
f 401//3571 416//3571 417//3571
f 394//3572 409//3572 410//3572
f 396//422 395//422 410//422
f 388//3573 403//3573 404//3573
f 396//424 411//424 412//424
f 390//3574 389//3574 404//3574
f 398//426 397//426 412//426
f 391//427 390//427 405//427
f 398//428 413//428 414//428
f 392//429 391//429 406//429
f 399//430 414//430 415//430
f 392//431 407//431 408//431
f 401//3575 400//3575 415//3575
f 413//433 412//433 427//433
f 405//434 420//434 421//434
f 413//435 428//435 429//435
f 407//3576 406//3576 421//3576
f 414//437 429//437 430//437
f 407//438 422//438 423//438
f 415//439 430//439 431//439
f 409//440 408//440 423//440
f 416//3577 431//3577 432//3577
f 409//442 424//442 425//442
f 411//445 410//445 425//445
f 403//446 418//446 419//446
f 411//447 426//447 427//447
f 404//448 419//448 420//448
f 431//3422 446//3422 447//3422
f 425//450 424//450 439//450
f 425//453 440//453 441//453
f 418//3578 433//3578 434//3578
f 426//455 441//455 442//455
f 419//456 434//456 435//456
f 428//457 427//457 442//457
f 420//458 435//458 436//458
f 428//459 443//459 444//459
f 422//460 421//460 436//460
f 430//461 429//461 444//461
f 422//462 437//462 438//462
f 430//463 445//463 446//463
f 424//464 423//464 438//464
f 443//465 458//465 459//465
f 437//466 436//466 451//466
f 444//467 459//467 460//467
f 437//468 452//468 453//468
f 445//3579 460//3579 461//3579
f 439//470 438//470 453//470
f 446//471 461//471 462//471
f 439//3580 454//3580 455//3580
f 440//3581 455//3581 456//3581
f 434//3582 433//3582 448//3582
f 441//477 456//477 457//477
f 435//3583 434//3583 449//3583
f 443//479 442//479 457//479
f 436//480 435//480 450//480
f 455//483 470//483 471//483
f 448//3584 463//3584 464//3584
f 456//485 471//485 472//485
f 449//486 464//486 465//486
f 458//487 457//487 472//487
f 450//488 465//488 466//488
f 458//489 473//489 474//489
f 452//490 451//490 466//490
f 459//491 474//491 475//491
f 452//3585 467//3585 468//3585
f 460//493 475//493 476//493
f 454//494 453//494 468//494
f 462//495 461//495 476//495
f 454//3586 469//3586 470//3586
f 467//497 466//497 4//497
f 474//3587 480//3587 10//3587
f 468//499 467//499 5//499
f 475//500 10//500 481//500
f 469//501 468//501 6//501
f 476//3588 481//3588 482//3588
f 470//3589 469//3589 7//3589
f 470//3590 8//3590 9//3590
f 464//3591 463//3591 1//3591
f 471//508 9//508 478//508
f 465//509 464//509 2//509
f 473//510 472//510 478//510
f 466//511 465//511 3//511
f 473//512 479//512 480//512
f 485//513 484//513 486//513
f 1879//514 486//514 1878//514
f 489//515 2217//515 2218//515
f 1806//516 2218//516 2642//516
f 488//517 2155//517 2154//517
f 490//518 2643//518 2155//518
f 493//519 1816//519 1817//519
f 2082//520 1817//520 2644//520
f 492//521 1961//521 1960//521
f 494//522 2645//522 1961//522
f 495//523 498//523 497//523
f 496//524 2528//524 498//524
f 499//525 502//525 501//525
f 501//526 1746//526 1747//526
f 503//527 1837//527 505//527
f 505//528 2646//528 2400//528
f 2009//529 506//529 2010//529
f 2010//530 2401//530 2647//530
f 509//531 508//531 510//531
f 1713//532 510//532 1714//532
f 510//533 2335//533 2336//533
f 1714//534 2336//534 2648//534
f 511//535 514//535 513//535
f 513//536 2251//536 2252//536
f 512//537 1714//537 514//537
f 514//538 2648//538 2251//538
f 515//539 2601//539 517//539
f 517//540 2649//540 2469//540
f 2059//541 518//541 2060//541
f 2060//542 2470//542 2650//542
f 521//543 520//543 522//543
f 522//544 2195//544 2194//544
f 524//545 526//545 527//545
f 527//546 1879//546 1878//546
f 525//547 524//547 528//547
f 2591//548 528//548 2590//548
f 2406//549 531//549 2405//549
f 2405//550 1806//550 2642//550
f 532//551 2406//551 2407//551
f 2045//552 2407//552 2651//552
f 530//553 2334//553 2333//553
f 533//554 2652//554 2334//554
f 530//555 2332//555 534//555
f 534//3592 2643//3592 1807//3592
f 2482//557 537//557 2481//557
f 2481//558 2082//558 2644//558
f 538//559 2482//559 2483//559
f 1858//560 2483//560 2653//560
f 536//561 2166//561 2165//561
f 539//562 2654//562 2166//562
f 536//563 2164//563 540//563
f 540//564 2645//564 2083//564
f 541//565 545//565 543//565
f 542//566 1889//566 545//566
f 541//567 546//567 544//567
f 544//568 2528//568 2527//568
f 547//569 551//569 548//569
f 550//570 1746//570 551//570
f 547//571 552//571 549//571
f 549//572 2049//572 2050//572
f 553//573 2546//573 2547//573
f 555//574 2646//574 2546//574
f 553//575 2548//575 556//575
f 556//576 2655//576 2232//576
f 1774//577 557//577 1775//577
f 1775//578 2233//578 2656//578
f 558//579 1774//579 1773//579
f 2401//580 1773//580 2647//580
f 561//581 560//581 563//581
f 1884//582 563//582 1885//582
f 563//583 2288//583 2289//583
f 1885//584 2289//584 2657//584
f 562//585 561//585 564//585
f 2335//586 564//586 2336//586
f 564//587 1884//587 1883//587
f 2336//588 1883//588 2648//588
f 565//589 569//589 566//589
f 566//590 1883//590 1884//590
f 568//591 2251//591 569//591
f 569//592 2648//592 1883//592
f 565//593 570//593 567//593
f 567//594 2602//594 2603//594
f 566//595 1885//595 570//595
f 570//596 2657//596 2602//596
f 571//597 1818//597 1819//597
f 573//598 2649//598 1818//598
f 571//599 1820//599 574//599
f 574//600 2658//600 2419//600
f 2222//601 575//601 2223//601
f 2223//602 2420//602 2659//602
f 576//603 2222//603 2221//603
f 2470//604 2221//604 2650//604
f 579//605 578//605 581//605
f 581//606 2098//606 2097//606
f 580//607 579//607 582//607
f 2195//608 582//608 2194//608
f 584//609 586//609 587//609
f 587//610 2591//610 2590//610
f 585//611 584//611 588//611
f 2558//612 588//612 2557//612
f 2596//613 591//613 2595//613
f 2595//614 2045//614 2651//614
f 592//615 2596//615 2597//615
f 2359//616 2597//616 2660//616
f 590//617 2533//617 2532//617
f 593//618 2661//618 2533//618
f 590//619 2531//619 594//619
f 594//620 2652//620 2046//620
f 2174//621 597//621 2173//621
f 2173//622 1858//622 2653//622
f 598//623 2174//623 2175//623
f 1802//624 2175//624 2662//624
f 596//625 2431//625 2430//625
f 599//626 2663//626 2431//626
f 596//627 2429//627 600//627
f 600//628 2654//628 1859//628
f 601//629 605//629 603//629
f 602//630 2076//630 605//630
f 601//631 606//631 604//631
f 604//632 1889//632 1888//632
f 607//633 611//633 608//633
f 610//634 2049//634 611//634
f 607//635 612//635 609//635
f 609//636 1916//636 1917//636
f 613//637 1827//637 1828//637
f 615//638 2655//638 1827//638
f 613//639 1829//639 616//639
f 616//640 2664//640 1981//640
f 2583//641 617//641 2584//641
f 2584//642 1982//642 2665//642
f 618//643 2583//643 2582//643
f 2233//644 2582//644 2656//644
f 621//645 620//645 623//645
f 2126//646 623//646 2127//646
f 623//647 2038//647 2039//647
f 2127//648 2039//648 2666//648
f 622//649 621//649 624//649
f 2288//650 624//650 2289//650
f 624//651 2126//651 2125//651
f 2289//652 2125//652 2657//652
f 625//653 629//653 626//653
f 626//654 2125//654 2126//654
f 628//655 2602//655 629//655
f 629//656 2657//656 2125//656
f 625//657 630//657 627//657
f 627//658 1900//658 1901//658
f 626//659 2127//659 630//659
f 630//660 2666//660 1900//660
f 631//661 2186//661 2187//661
f 633//662 2658//662 2186//662
f 631//663 2188//663 634//663
f 634//664 2667//664 1728//664
f 2026//665 635//665 2027//665
f 2027//666 1729//666 2668//666
f 636//667 2026//667 2025//667
f 2420//668 2025//668 2659//668
f 639//669 638//669 641//669
f 641//670 1915//670 1914//670
f 640//671 639//671 642//671
f 2098//672 642//672 2097//672
f 644//673 646//673 647//673
f 647//674 2558//674 2557//674
f 645//675 644//675 648//675
f 2298//676 648//676 2297//676
f 1874//677 651//677 1873//677
f 1873//678 2359//678 2660//678
f 652//679 1874//679 1875//679
f 2620//680 1875//680 2669//680
f 650//681 1934//681 1933//681
f 653//682 2670//682 1934//682
f 650//683 1932//683 654//683
f 654//684 2661//684 2360//684
f 2043//685 657//685 2042//685
f 2042//686 1802//686 2662//686
f 658//687 2043//687 2044//687
f 2571//688 2044//688 2671//688
f 656//689 2589//689 2588//689
f 659//690 2672//690 2589//690
f 656//691 2587//691 660//691
f 660//692 2663//692 1803//692
f 661//693 665//693 663//693
f 662//694 2345//694 665//694
f 661//695 666//695 664//695
f 664//696 2076//696 2075//696
f 667//697 671//697 668//697
f 670//698 1916//698 671//698
f 667//699 672//699 669//699
f 669//700 2169//700 2170//700
f 673//701 2466//701 2467//701
f 675//702 2664//702 2466//702
f 673//703 2468//703 676//703
f 676//704 2673//704 1792//704
f 2279//705 677//705 2280//705
f 2280//706 1793//706 2674//706
f 678//707 2279//707 2278//707
f 1982//708 2278//708 2665//708
f 681//709 680//709 683//709
f 2383//710 683//710 2384//710
f 683//711 1841//711 1842//711
f 2384//712 1842//712 2675//712
f 682//713 681//713 684//713
f 2038//714 684//714 2039//714
f 684//715 2383//715 2382//715
f 2039//716 2382//716 2666//716
f 685//717 689//717 686//717
f 686//718 2382//718 2383//718
f 688//719 1900//719 689//719
f 689//720 2666//720 2382//720
f 685//721 690//721 687//721
f 687//722 2121//722 2122//722
f 686//723 2384//723 690//723
f 690//724 2675//724 2121//724
f 691//725 2442//725 2443//725
f 693//726 2667//726 2442//726
f 691//727 2444//727 694//727
f 694//728 2676//728 1964//728
f 1798//729 695//729 1799//729
f 1799//730 1965//730 2677//730
f 696//731 1798//731 1797//731
f 1729//732 1797//732 2668//732
f 699//733 698//733 701//733
f 701//734 2634//734 2633//734
f 700//735 699//735 702//735
f 1915//736 702//736 1914//736
f 704//737 706//737 707//737
f 707//738 2298//738 2297//738
f 705//739 704//739 708//739
f 2065//740 708//740 2064//740
f 2150//741 711//741 2149//741
f 2149//742 2620//742 2669//742
f 712//743 2150//743 2151//743
f 2330//744 2151//744 2678//744
f 710//745 2207//745 2206//745
f 713//746 2679//746 2207//746
f 710//747 2205//747 714//747
f 714//748 2670//748 2621//748
f 1866//749 717//749 1865//749
f 1865//750 2571//750 2671//750
f 718//751 1866//751 1867//751
f 1940//752 1867//752 2680//752
f 716//753 1990//753 1989//753
f 719//754 2681//754 1990//754
f 716//755 1988//755 720//755
f 720//756 2672//756 2572//756
f 721//757 725//757 723//757
f 722//758 2100//758 725//758
f 721//759 726//759 724//759
f 724//760 2345//760 2344//760
f 727//761 731//761 728//761
f 730//762 2169//762 731//762
f 727//763 732//763 729//763
f 729//764 2276//764 2277//764
f 733//765 2316//765 2317//765
f 735//766 2673//766 2316//766
f 733//767 2318//767 736//767
f 736//768 2682//768 2219//768
f 2140//769 737//769 2141//769
f 2141//770 2220//770 2683//770
f 738//771 2140//771 2139//771
f 1793//772 2139//772 2674//772
f 741//773 740//773 743//773
f 1731//774 743//774 1732//774
f 743//775 1701//775 1702//775
f 1732//776 1702//776 2684//776
f 742//777 741//777 744//777
f 1841//778 744//778 1842//778
f 744//779 1731//779 1730//779
f 1842//780 1730//780 2675//780
f 745//781 749//781 746//781
f 746//782 1730//782 1731//782
f 748//783 2121//783 749//783
f 749//784 2675//784 1730//784
f 745//785 750//785 747//785
f 747//786 1876//786 1877//786
f 746//787 1732//787 750//787
f 750//788 2684//788 1876//788
f 751//789 1794//789 1795//789
f 753//790 2676//790 1794//790
f 751//791 1796//791 754//791
f 754//792 2685//792 2544//792
f 2580//793 755//793 2581//793
f 2581//794 2545//794 2686//794
f 756//795 2580//795 2579//795
f 1965//796 2579//796 2677//796
f 759//797 758//797 761//797
f 761//798 2459//798 2458//798
f 760//799 759//799 762//799
f 2634//800 762//800 2633//800
f 764//801 766//801 767//801
f 767//802 2065//802 2064//802
f 765//803 764//803 768//803
f 2358//804 768//804 2357//804
f 1943//805 771//805 1942//805
f 1942//806 2330//806 2678//806
f 772//807 1943//807 1944//807
f 2555//808 1944//808 2687//808
f 770//809 1998//809 1997//809
f 773//810 2688//810 1998//810
f 770//811 1996//811 774//811
f 774//812 2679//812 2331//812
f 2550//813 777//813 2549//813
f 2549//814 1940//814 2680//814
f 778//815 2550//815 2551//815
f 2106//816 2551//816 2689//816
f 776//817 1772//817 1771//817
f 779//818 2690//818 1772//818
f 776//819 1770//819 780//819
f 780//820 2681//820 1941//820
f 781//821 785//821 783//821
f 782//822 2287//822 785//822
f 781//823 786//823 784//823
f 784//824 2100//824 2099//824
f 787//825 791//825 788//825
f 790//826 2276//826 791//826
f 787//827 792//827 789//827
f 789//828 2007//828 2008//828
f 793//829 2351//829 2352//829
f 795//830 2682//830 2351//830
f 793//831 2353//831 796//831
f 796//832 2691//832 1948//832
f 2282//833 797//833 2283//833
f 2283//834 1949//834 2692//834
f 798//835 2282//835 2281//835
f 2220//836 2281//836 2683//836
f 801//837 800//837 803//837
f 2451//838 803//838 2452//838
f 803//839 1886//839 1887//839
f 2452//840 1887//840 2693//840
f 802//841 801//841 804//841
f 1701//842 804//842 1702//842
f 804//843 2451//843 2450//843
f 1702//844 2450//844 2684//844
f 805//845 809//845 806//845
f 806//846 2450//846 2451//846
f 808//847 1876//847 809//847
f 809//848 2684//848 2450//848
f 805//849 810//849 807//849
f 807//850 2047//850 2048//850
f 806//851 2452//851 810//851
f 810//852 2693//852 2047//852
f 811//853 2617//853 2618//853
f 813//854 2685//854 2617//854
f 811//855 2619//855 814//855
f 814//856 2694//856 2230//856
f 2577//857 815//857 2578//857
f 2578//858 2231//858 2695//858
f 816//859 2577//859 2576//859
f 2545//860 2576//860 2686//860
f 819//861 818//861 821//861
f 821//862 1984//862 1983//862
f 820//863 819//863 822//863
f 2459//864 822//864 2458//864
f 824//865 826//865 827//865
f 827//866 2358//866 2357//866
f 825//867 824//867 828//867
f 2586//868 828//868 2585//868
f 2199//869 831//869 2198//869
f 2198//870 2555//870 2687//870
f 832//871 2199//871 2200//871
f 1800//872 2200//872 2696//872
f 830//873 1909//873 1908//873
f 833//874 2697//874 1909//874
f 830//875 1907//875 834//875
f 834//876 2688//876 2556//876
f 1768//877 837//877 1767//877
f 1767//878 2106//878 2689//878
f 838//879 1768//879 1769//879
f 2342//880 1769//880 2698//880
f 836//881 1954//881 1953//881
f 839//882 2699//882 1954//882
f 836//883 1952//883 840//883
f 840//884 2690//884 2107//884
f 841//885 845//885 843//885
f 842//886 2541//886 845//886
f 841//887 846//887 844//887
f 844//888 2287//888 2286//888
f 847//889 851//889 848//889
f 850//890 2007//890 851//890
f 847//891 852//891 849//891
f 849//892 1755//892 1756//892
f 853//893 2054//893 2055//893
f 855//894 2691//894 2054//894
f 853//895 2056//895 856//895
f 856//896 2700//896 2635//896
f 2493//897 857//897 2494//897
f 2494//898 2636//898 2701//898
f 858//899 2493//899 2492//899
f 1949//900 2492//900 2692//900
f 861//901 860//901 863//901
f 1718//902 863//902 1719//902
f 863//903 2057//903 2058//903
f 1719//904 2058//904 2702//904
f 862//905 861//905 864//905
f 1886//906 864//906 1887//906
f 864//3593 1718//3593 1717//3593
f 1887//908 1717//908 2693//908
f 865//909 869//909 866//909
f 866//3594 1717//3594 1718//3594
f 868//911 2047//911 869//911
f 869//912 2693//912 1717//912
f 865//913 870//913 867//913
f 867//914 2243//914 2244//914
f 866//915 1719//915 870//915
f 870//916 2702//916 2243//916
f 871//917 2354//917 2355//917
f 873//918 2694//918 2354//918
f 871//919 2356//919 874//919
f 874//920 2703//920 1958//920
f 2302//921 875//921 2303//921
f 2303//922 1959//922 2704//922
f 876//923 2302//923 2301//923
f 2231//924 2301//924 2695//924
f 879//925 878//925 881//925
f 881//926 2214//926 2213//926
f 880//927 879//927 882//927
f 1984//928 882//928 1983//928
f 884//929 886//929 887//929
f 887//930 2586//930 2585//930
f 885//931 884//931 888//931
f 1704//932 888//932 1703//932
f 2131//933 891//933 2130//933
f 2130//3595 1800//3595 2696//3595
f 892//935 2131//935 2132//935
f 2019//936 2132//936 2705//936
f 890//937 2554//937 2553//937
f 893//938 2706//938 2554//938
f 890//939 2552//939 894//939
f 894//940 2697//940 1801//940
f 1956//941 897//941 1955//941
f 1955//942 2342//942 2698//942
f 898//943 1956//943 1957//943
f 2435//944 1957//944 2707//944
f 896//945 1892//945 1891//945
f 899//946 2708//946 1892//946
f 896//947 1890//947 900//947
f 900//948 2699//948 2343//948
f 901//949 905//949 903//949
f 902//950 1785//950 905//950
f 901//951 906//951 904//951
f 904//952 2541//952 2540//952
f 907//953 911//953 908//953
f 910//954 1755//954 911//954
f 907//955 912//955 909//955
f 909//956 2309//956 2310//956
f 913//957 2013//957 2014//957
f 915//958 2700//958 2013//958
f 913//959 2015//959 916//959
f 916//960 2709//960 2373//960
f 2607//961 917//961 2608//961
f 2608//962 2374//962 2710//962
f 918//963 2607//963 2606//963
f 2636//964 2606//964 2701//964
f 921//965 920//965 923//965
f 2569//966 923//966 2570//966
f 923//967 2203//967 2204//967
f 2570//968 2204//968 2711//968
f 922//969 921//969 924//969
f 2057//970 924//970 2058//970
f 924//971 2569//971 2568//971
f 2058//972 2568//972 2702//972
f 925//973 929//973 926//973
f 926//974 2568//974 2569//974
f 928//3596 2243//3596 929//3596
f 929//976 2702//976 2568//976
f 925//977 930//977 927//977
f 927//978 2445//978 2446//978
f 926//979 2570//979 930//979
f 930//980 2711//980 2445//980
f 931//981 2016//981 2017//981
f 933//982 2703//982 2016//982
f 931//983 2018//983 934//983
f 934//984 2712//984 2504//984
f 2181//985 935//985 2182//985
f 2182//986 2505//986 2713//986
f 936//987 2181//987 2180//987
f 1959//3597 2180//3597 2704//3597
f 939//989 938//989 941//989
f 941//990 2269//990 2268//990
f 940//991 939//991 942//991
f 2214//992 942//992 2213//992
f 944//993 946//993 947//993
f 947//994 1704//994 1703//994
f 945//995 944//995 948//995
f 1980//996 948//996 1979//996
f 2263//997 951//997 2262//997
f 2262//998 2019//998 2705//998
f 952//999 2263//999 2264//999
f 2260//1000 2264//1000 2714//1000
f 950//1001 2308//1001 2307//1001
f 953//1002 2715//1002 2308//1002
f 950//1003 2306//1003 954//1003
f 954//1004 2706//1004 2020//1004
f 2184//1005 957//1005 2183//1005
f 2183//1006 2435//1006 2707//1006
f 958//1007 2184//1007 2185//1007
f 1720//1008 2185//1008 2716//1008
f 956//1009 2001//1009 2000//1009
f 959//1010 2717//1010 2001//1010
f 956//1011 1999//1011 960//1011
f 960//1012 2708//1012 2436//1012
f 961//1013 965//1013 963//1013
f 962//1014 2037//1014 965//1014
f 961//1015 966//1015 964//1015
f 964//1016 1785//1016 1784//1016
f 967//1017 971//1017 968//1017
f 970//1018 2309//1018 971//1018
f 967//1019 972//1019 969//1019
f 969//1020 2073//1020 2074//1020
f 973//1021 2592//1021 2593//1021
f 975//1022 2709//1022 2592//1022
f 973//1023 2594//1023 976//1023
f 976//1024 2718//1024 2137//1024
f 1938//1025 977//1025 1939//1025
f 1939//1026 2138//1026 2719//1026
f 978//1027 1938//1027 1937//1027
f 2374//1028 1937//1028 2710//1028
f 981//1029 980//1029 983//1029
f 1753//1030 983//1030 1754//1030
f 983//1031 2410//1031 2411//1031
f 1754//1032 2411//1032 2720//1032
f 982//1033 981//1033 984//1033
f 2203//1034 984//1034 2204//1034
f 984//1035 1753//1035 1752//1035
f 2204//1036 1752//1036 2711//1036
f 985//1037 989//1037 986//1037
f 986//1038 1752//1038 1753//1038
f 988//1039 2445//1039 989//1039
f 989//1040 2711//1040 1752//1040
f 985//1041 990//1041 987//1041
f 987//1042 1765//1042 1766//1042
f 986//1043 1754//1043 990//1043
f 990//1044 2720//1044 1765//1044
f 991//1045 1810//1045 1811//1045
f 993//1046 2712//1046 1810//1046
f 991//1047 1812//1047 994//1047
f 994//1048 2721//1048 2295//1048
f 1869//1049 995//1049 1870//1049
f 1870//1050 2296//1050 2722//1050
f 996//1051 1869//1051 1868//1051
f 2505//1052 1868//1052 2713//1052
f 999//1053 998//1053 1001//1053
f 1001//1054 2509//1054 2508//1054
f 1000//1055 999//1055 1002//1055
f 2269//1056 1002//1056 2268//1056
f 1004//1057 1006//1057 1007//1057
f 1007//1058 1980//1058 1979//1058
f 1005//1059 1004//1059 1008//1059
f 2179//1060 1008//1060 2178//1060
f 2520//1061 1011//1061 2519//1061
f 2519//1062 2260//1062 2714//1062
f 1012//1063 2520//1063 2521//1063
f 2499//1064 2521//1064 2723//1064
f 1010//1065 2072//1065 2071//1065
f 1013//1066 2724//1066 2072//1066
f 1010//1067 2070//1067 1014//1067
f 1014//1068 2715//1068 2261//1068
f 2464//1069 1017//1069 2463//1069
f 2463//1070 1720//1070 2716//1070
f 1018//1071 2464//1071 2465//1071
f 1847//1072 2465//1072 2725//1072
f 1016//1073 2275//1073 2274//1073
f 1019//1074 2726//1074 2275//1074
f 1016//1075 2273//1075 1020//1075
f 1020//1076 2717//1076 1721//1076
f 1021//1077 1025//1077 1023//1077
f 1022//1078 2146//1078 1025//1078
f 1021//1079 1026//1079 1024//1079
f 1024//1080 2037//1080 2036//1080
f 1027//1081 1031//1081 1028//1081
f 1030//1082 2073//1082 1031//1082
f 1027//1083 1032//1083 1029//1083
f 1029//1084 1736//1084 1737//1084
f 1033//1085 2392//1085 2393//1085
f 1035//1086 2718//1086 2392//1086
f 1033//1087 2394//1087 1036//1087
f 1036//1088 2727//1088 1804//1088
f 2241//1089 1037//1089 2242//1089
f 2242//1090 1805//1090 2728//1090
f 1038//1091 2241//1091 2240//1091
f 2138//1092 2240//1092 2719//1092
f 1041//1093 1040//1093 1043//1093
f 2095//1094 1043//1094 2096//1094
f 1043//1095 2440//1095 2441//1095
f 2096//1096 2441//1096 2729//1096
f 1042//1097 1041//1097 1044//1097
f 2410//1098 1044//1098 2411//1098
f 1044//1099 2095//1099 2094//1099
f 2411//1100 2094//1100 2720//1100
f 1045//1101 1049//1101 1046//1101
f 1046//1102 2094//1102 2095//1102
f 1048//1103 1765//1103 1049//1103
f 1049//1104 2720//1104 2094//1104
f 1045//1105 1050//1105 1047//1105
f 1047//1106 2375//1106 2376//1106
f 1046//1107 2096//1107 1050//1107
f 1050//1108 2729//1108 2375//1108
f 1051//1109 1929//1109 1930//1109
f 1053//1110 2721//1110 1929//1110
f 1051//1111 1931//1111 1054//1111
f 1054//1112 2730//1112 2077//1112
f 1739//1113 1055//1113 1740//1113
f 1740//1114 2078//1114 2731//1114
f 1056//1115 1739//1115 1738//1115
f 2296//1116 1738//1116 2722//1116
f 1059//1117 1058//1117 1061//1117
f 1061//1118 1861//1118 1860//1118
f 1060//1119 1059//1119 1062//1119
f 2509//1120 1062//1120 2508//1120
f 1064//1121 1066//1121 1067//1121
f 1067//1122 2179//1122 2178//1122
f 1065//1123 1064//1123 1068//1123
f 2216//1124 1068//1124 2215//1124
f 1850//1125 1071//1125 1849//1125
f 1849//1126 2499//1126 2723//1126
f 1072//1127 1850//1127 1851//1127
f 2627//1128 1851//1128 2732//1128
f 1070//1129 2144//1129 2143//1129
f 1073//1130 2733//1130 2144//1130
f 1070//1131 2142//1131 1074//1131
f 1074//1132 2724//1132 2500//1132
f 2380//1133 1077//1133 2379//1133
f 2379//1134 1847//1134 2725//1134
f 1078//1135 2380//1135 2381//1135
f 1991//1136 2381//1136 2734//1136
f 1076//1137 2462//1137 2461//1137
f 1079//1138 2735//1138 2462//1138
f 1076//1139 2460//1139 1080//1139
f 1080//1140 2726//1140 1848//1140
f 1081//1141 1085//1141 1083//1141
f 1082//1142 1936//1142 1085//1142
f 1081//1143 1086//1143 1084//1143
f 1084//1144 2146//1144 2145//1144
f 1087//1145 1091//1145 1088//1145
f 1090//1146 1736//1146 1091//1146
f 1087//1147 1092//1147 1089//1147
f 1089//1148 2529//1148 2530//1148
f 1093//1149 2079//1149 2080//1149
f 1095//1150 2727//1150 2079//1150
f 1093//1151 2081//1151 1096//1151
f 1096//1152 2736//1152 1748//1152
f 2328//1153 1097//1153 2329//1153
f 2329//1154 1749//1154 2737//1154
f 1098//1155 2328//1155 2327//1155
f 1805//1156 2327//1156 2728//1156
f 1101//1157 1100//1157 1103//1157
f 2517//1158 1103//1158 2518//1158
f 1103//1159 2631//1159 2632//1159
f 2518//1160 2632//1160 2738//1160
f 1102//1161 1101//1161 1104//1161
f 2440//1162 1104//1162 2441//1162
f 1104//1163 2517//1163 2516//1163
f 2441//1164 2516//1164 2729//1164
f 1105//1165 1109//1165 1106//1165
f 1106//1166 2516//1166 2517//1166
f 1108//1167 2375//1167 1109//1167
f 1109//1168 2729//1168 2516//1168
f 1105//1169 1110//1169 1107//1169
f 1107//1170 2084//1170 2085//1170
f 1106//1171 2518//1171 1110//1171
f 1110//1172 2738//1172 2084//1172
f 1111//1173 2455//1173 2456//1173
f 1113//1174 2730//1174 2455//1174
f 1111//1175 2457//1175 1114//1175
f 1114//1176 2739//1176 1808//1176
f 1919//1177 1115//1177 1920//1177
f 1920//1178 1809//1178 2740//1178
f 1116//1179 1919//1179 1918//1179
f 2078//1180 1918//1180 2731//1180
f 1119//1181 1118//1181 1121//1181
f 1121//1182 2041//1182 2040//1182
f 1120//1183 1119//1183 1122//1183
f 1861//1184 1122//1184 1860//1184
f 1124//1185 1126//1185 1127//1185
f 1127//1186 2216//1186 2215//1186
f 1125//1187 1124//1187 1128//1187
f 2378//1188 1128//1188 2377//1188
f 1787//1189 1131//1189 1786//1189
f 1786//1190 2627//1190 2732//1190
f 1132//1191 1787//1191 1788//1191
f 2314//1192 1788//1192 2741//1192
f 1130//1193 1724//1193 1723//1193
f 1133//1194 2742//1194 1724//1194
f 1130//1195 1722//1195 1134//1195
f 1134//1196 2733//1196 2628//1196
f 1825//1197 1137//1197 1824//1197
f 1824//1198 1991//1198 2734//1198
f 1138//1199 1825//1199 1826//1199
f 2128//1200 1826//1200 2743//1200
f 1136//1201 2006//1201 2005//1201
f 1139//1202 2744//1202 2006//1202
f 1136//1203 2004//1203 1140//1203
f 1140//1204 2735//1204 1992//1204
f 1141//1205 1145//1205 1143//1205
f 1142//1206 2562//1206 1145//1206
f 1141//1207 1146//1207 1144//1207
f 1144//1208 1936//1208 1935//1208
f 1147//1209 1151//1209 1148//1209
f 1150//1210 2529//1210 1151//1210
f 1147//1211 1152//1211 1149//1211
f 1149//1212 2253//1212 2254//1212
f 1153//1213 2321//1213 2322//1213
f 1155//1214 2736//1214 2321//1214
f 1153//1215 2323//1215 1156//1215
f 1156//1216 2745//1216 1968//1216
f 2514//1217 1157//1217 2515//1217
f 2515//1218 1969//1218 2746//1218
f 1158//1219 2514//1219 2513//1219
f 1749//1220 2513//1220 2737//1220
f 1161//1221 1160//1221 1163//1221
f 2228//1222 1163//1222 2229//1222
f 1163//1223 1910//1223 1911//1223
f 2229//1224 1911//1224 2747//1224
f 1162//1225 1161//1225 1164//1225
f 2631//1226 1164//1226 2632//1226
f 1164//1227 2228//1227 2227//1227
f 2632//1228 2227//1228 2738//1228
f 1165//1229 1169//1229 1166//1229
f 1166//1230 2227//1230 2228//1230
f 1168//1231 2084//1231 1169//1231
f 1169//1232 2738//1232 2227//1232
f 1165//1233 1170//1233 1167//1233
f 1167//1234 1843//1234 1844//1234
f 1166//1235 2229//1235 1170//1235
f 1170//1236 2747//1236 1843//1236
f 1171//1237 2161//1237 2162//1237
f 1173//1238 2739//1238 2161//1238
f 1171//1239 2163//1239 1174//1239
f 1174//1240 2748//1240 2506//1240
f 2092//1241 1175//1241 2093//1241
f 2093//1242 2507//1242 2749//1242
f 1176//1243 2092//1243 2091//1243
f 1809//1244 2091//1244 2740//1244
f 1179//1245 1178//1245 1181//1245
f 1181//1246 2239//1246 2238//1246
f 1180//1247 1179//1247 1182//1247
f 2041//1248 1182//1248 2040//1248
f 1184//1249 1186//1249 1187//1249
f 1187//1250 2378//1250 2377//1250
f 1185//1251 1184//1251 1188//1251
f 1783//1252 1188//1252 1782//1252
f 2472//1253 1191//1253 2471//1253
f 2471//1254 2314//1254 2741//1254
f 1192//1255 2472//1255 2473//1255
f 2171//1256 2473//1256 2750//1256
f 1190//1257 2399//1257 2398//1257
f 1193//1258 2751//1258 2399//1258
f 1190//1259 2397//1259 1194//1259
f 1194//1260 2742//1260 2315//1260
f 2062//1261 1197//1261 2061//1261
f 2061//1262 2128//1262 2743//1262
f 1198//1263 2062//1263 2063//1263
f 2598//1264 2063//1264 2752//1264
f 1196//1265 1712//1265 1711//1265
f 1199//1266 2753//1266 1712//1266
f 1196//1267 1710//1267 1200//1267
f 1200//1268 2744//1268 2129//1268
f 1201//1269 1205//1269 1203//1269
f 1202//1270 2409//1270 1205//1270
f 1201//1271 1206//1271 1204//1271
f 1204//1272 2562//1272 2561//1272
f 1207//1273 1211//1273 1208//1273
f 1210//1274 2253//1274 1211//1274
f 1207//1275 1212//1275 1209//1275
f 1209//1276 2236//1276 2237//1276
f 1213//1277 2534//1277 2535//1277
f 1215//1278 2745//1278 2534//1278
f 1213//1279 2536//1279 1216//1279
f 1216//1280 2754//1280 2299//1280
f 1761//1281 1217//1281 1762//1281
f 1762//1282 2300//1282 2755//1282
f 1218//1283 1761//1283 1760//1283
f 1969//1284 1760//1284 2746//1284
f 1221//1285 1220//1285 1223//1285
f 1927//1286 1223//1286 1928//1286
f 1223//1287 2361//1287 2362//1287
f 1928//1288 2362//1288 2756//1288
f 1222//1289 1221//1289 1224//1289
f 1910//1290 1224//1290 1911//1290
f 1224//1291 1927//1291 1926//1291
f 1911//1292 1926//1292 2747//1292
f 1225//1293 1229//1293 1226//1293
f 1226//1294 1926//1294 1927//1294
f 1228//1295 1843//1295 1229//1295
f 1229//1296 2747//1296 1926//1296
f 1225//1297 1230//1297 1227//1297
f 1227//1298 1715//1298 1716//1298
f 1226//1299 1928//1299 1230//1299
f 1230//1300 2756//1300 1715//1300
f 1231//1301 1862//1301 1863//1301
f 1233//1302 2748//1302 1862//1302
f 1231//1303 1864//1303 1234//1303
f 1234//1304 2757//1304 2487//1304
f 2349//1305 1235//1305 2350//1305
f 2350//1306 2488//1306 2758//1306
f 1236//1307 2349//1307 2348//1307
f 2507//1308 2348//1308 2749//1308
f 1239//1309 1238//1309 1241//1309
f 1241//1310 2246//1310 2245//1310
f 1237//1311 1242//1311 1240//1311
f 2239//1312 1242//1312 2238//1312
f 1244//1313 1246//1313 1247//1313
f 1247//1314 1783//1314 1782//1314
f 1245//1315 1244//1315 1248//1315
f 2124//1316 1248//1316 2123//1316
f 2258//1317 1251//1317 2257//1317
f 2257//1318 2171//1318 2750//1318
f 1252//1319 2258//1319 2259//1319
f 1966//1320 2259//1320 2759//1320
f 1250//1321 2193//1321 2192//1321
f 1253//1322 2760//1322 2193//1322
f 1250//1323 2191//1323 1254//1323
f 1254//1324 2751//1324 2172//1324
f 2368//1325 1257//1325 2367//1325
f 2367//1326 2598//1326 2752//1326
f 1258//1327 2368//1327 2369//1327
f 1905//1328 2369//1328 2761//1328
f 1256//1329 2428//1329 2427//1329
f 1259//1330 2762//1330 2428//1330
f 1256//1331 2426//1331 1260//1331
f 1260//1332 2753//1332 2599//1332
f 1261//1333 1265//1333 1263//1333
f 1262//1334 2190//1334 1265//1334
f 1261//1335 1266//1335 1264//1335
f 1264//1336 2409//1336 2408//1336
f 1267//1337 1271//1337 1268//1337
f 1270//1338 2236//1338 1271//1338
f 1267//1339 1272//1339 1269//1339
f 1269//1340 2023//1340 2024//1340
f 1273//1341 1821//1341 1822//1341
f 1275//1342 2754//1342 1821//1342
f 1273//1343 1823//1343 1276//1343
f 1276//1344 2763//1344 2559//1344
f 2116//1345 1277//1345 2117//1345
f 2117//1346 2560//1346 2764//1346
f 1278//1347 2116//1347 2115//1347
f 2300//1348 2115//1348 2755//1348
f 1281//1349 1280//1349 1283//1349
f 1696//1350 1283//1350 1697//1350
f 1283//1351 2604//1351 2605//1351
f 1697//1352 2605//1352 2765//1352
f 1282//1353 1281//1353 1284//1353
f 2361//1354 1284//1354 2362//1354
f 1284//1355 1696//1355 1695//1355
f 2362//1356 1695//1356 2756//1356
f 1285//1357 1289//1357 1286//1357
f 1286//1358 1695//1358 1696//1358
f 1288//1359 1715//1359 1289//1359
f 1289//1360 2756//1360 1695//1360
f 1285//1361 1290//1361 1287//1361
f 1287//1362 2421//1362 2422//1362
f 1286//1363 1697//1363 1290//1363
f 1290//1364 2765//1364 2421//1364
f 1291//1365 1757//1365 1758//1365
f 1293//1366 2757//1366 1757//1366
f 1291//1367 1759//1367 1294//1367
f 1294//1368 2766//1368 2249//1368
f 2523//1369 1295//1369 2524//1369
f 2524//1370 2250//1370 2767//1370
f 1296//1371 2523//1371 2522//1371
f 2488//1372 2522//1372 2758//1372
f 1299//1373 1298//1373 1301//1373
f 1301//1374 2386//1374 2385//1374
f 1300//1375 1299//1375 1302//1375
f 2246//1376 1302//1376 2245//1376
f 1304//1377 1306//1377 1307//1377
f 1307//1378 2124//1378 2123//1378
f 1305//1379 1304//1379 1308//1379
f 2347//1380 1308//1380 2346//1380
f 1922//1381 1311//1381 1921//1381
f 1921//1382 1966//1382 2759//1382
f 1312//1383 1922//1383 1923//1383
f 2640//1384 1923//1384 2768//1384
f 1310//1385 1987//1385 1986//1385
f 1313//1386 2769//1386 1987//1386
f 1310//1387 1985//1387 1314//1387
f 1314//1388 2760//1388 1967//1388
f 2615//1389 1317//1389 2614//1389
f 2614//1390 1905//1390 2761//1390
f 1318//1391 2615//1391 2616//1391
f 2108//1392 2616//1392 2770//1392
f 1316//2039 2210//2039 2209//2039
f 1319//1394 2771//1394 2210//1394
f 1316//1395 2208//1395 1320//1395
f 1320//1396 2762//1396 1906//1396
f 1321//1397 1325//1397 1323//1397
f 1322//1398 1951//1398 1325//1398
f 1321//1399 1326//1399 1324//1399
f 1324//1400 2190//1400 2189//1400
f 1327//1401 1331//1401 1328//1401
f 1330//1402 2023//1402 1331//1402
f 1327//1403 1332//1403 1329//1403
f 1329//1404 1780//1404 1781//1404
f 1333//1405 2086//1405 2087//1405
f 1335//1406 2763//1406 2086//1406
f 1333//1407 2088//1407 1336//1407
f 1336//1408 2772//1408 2113//1408
f 2390//1409 1337//1409 2391//1409
f 2391//1410 2114//1410 2773//1410
f 1338//1411 2390//1411 2389//1411
f 2560//1412 2389//1412 2764//1412
f 1341//1413 1340//1413 1343//1413
f 2448//1414 1343//1414 2449//1414
f 1343//1415 2176//1415 2177//1415
f 2449//1416 2177//1416 2774//1416
f 1342//1417 1341//1417 1344//1417
f 2604//1418 1344//1418 2605//1418
f 1344//1419 2448//1419 2447//1419
f 2605//1420 2447//1420 2765//1420
f 1345//1421 1349//1421 1346//1421
f 1346//1422 2447//1422 2448//1422
f 1348//1423 2421//1423 1349//1423
f 1349//1424 2765//1424 2447//1424
f 1345//1425 1350//1425 1347//1425
f 1347//1426 2474//1426 2475//1426
f 1346//1427 2449//1427 1350//1427
f 1350//1428 2774//1428 2474//1428
f 1351//1429 2501//1429 2502//1429
f 1353//1430 2766//1430 2501//1430
f 1351//1431 2503//1431 1354//1431
f 1354//1432 2775//1432 2293//1432
f 1881//1433 1355//1433 1882//1433
f 1882//1434 2294//1434 2776//1434
f 1356//1435 1881//1435 1880//1435
f 2250//1436 1880//1436 2767//1436
f 1359//1437 1358//1437 1361//1437
f 1361//1438 1777//1438 1776//1438
f 1360//1439 1359//1439 1362//1439
f 2386//1440 1362//1440 2385//1440
f 1364//1441 1366//1441 1367//1441
f 1367//1442 2347//1442 2346//1442
f 1365//1443 1364//1443 1368//1443
f 2543//1444 1368//1444 2542//1444
f 1814//1445 1371//1445 1813//1445
f 1813//1446 2640//1446 2768//1446
f 1372//1447 1814//1447 1815//1447
f 1763//1448 1815//1448 2777//1448
f 1370//1449 1857//1449 1856//1449
f 1373//1450 2778//1450 1857//1450
f 1370//1451 1855//1451 1374//1451
f 1374//1452 2769//1452 2641//1452
f 2438//1453 1377//1453 2437//1453
f 2437//1454 2108//1454 2770//1454
f 1378//1455 2438//1455 2439//1455
f 1830//1456 2439//1456 2779//1456
f 1376//1457 2032//1457 2031//1457
f 1379//1458 2780//1458 2032//1458
f 1376//1459 2030//1459 1380//1459
f 1380//1460 2771//1460 2109//1460
f 1381//1461 1385//1461 1383//1461
f 1382//1462 2012//1462 1385//1462
f 1381//1463 1386//1463 1384//1463
f 1384//1464 1951//1464 1950//1464
f 1387//1465 1391//1465 1388//1465
f 1390//1466 1780//1466 1391//1466
f 1387//1467 1392//1467 1389//1467
f 1389//1468 2196//1468 2197//1468
f 1393//1469 1705//1469 1706//1469
f 1395//1470 2772//1470 1705//1470
f 1393//1471 1707//1471 1396//1471
f 1396//1472 2781//1472 2133//1472
f 2479//1473 1397//1473 2480//1473
f 2480//1474 2134//1474 2782//1474
f 1398//1475 2479//1475 2478//1475
f 2114//1476 2478//1476 2773//1476
f 1401//1477 1400//1477 1403//1477
f 2566//1478 1403//1478 2567//1478
f 1403//1479 2066//1479 2067//1479
f 2567//1480 2067//1480 2783//1480
f 1402//1481 1401//1481 1404//1481
f 2176//1482 1404//1482 2177//1482
f 1404//1483 2566//1483 2565//1483
f 2177//1484 2565//1484 2774//1484
f 1405//1485 1409//1485 1406//1485
f 1406//1486 2565//1486 2566//1486
f 1408//1487 2474//1487 1409//1487
f 1409//1488 2774//1488 2565//1488
f 1405//1489 1410//1489 1407//1489
f 1407//1490 2255//1490 2256//1490
f 1406//1491 2567//1491 1410//1491
f 1410//1492 2783//1492 2255//1492
f 1411//1493 2609//1493 2610//1493
f 1413//1494 2775//1494 2609//1494
f 1411//1495 2611//1495 1414//1495
f 1414//1496 2784//1496 1975//1496
f 2433//1497 1415//1497 2434//1497
f 2434//1498 1976//1498 2785//1498
f 1416//1499 2433//1499 2432//1499
f 2294//1500 2432//1500 2776//1500
f 1419//1501 1418//1501 1421//1501
f 1421//1502 2157//1502 2156//1502
f 1420//1503 1419//1503 1422//1503
f 1777//1504 1422//1504 1776//1504
f 1424//1505 1426//1505 1427//1505
f 1427//1506 2543//1506 2542//1506
f 1425//1507 1424//1507 1428//1507
f 2248//1508 1428//1508 2247//1508
f 1896//1509 1431//1509 1895//1509
f 1895//1510 1763//1510 2777//1510
f 1432//1511 1896//1511 1897//1511
f 2417//1512 1897//1512 2786//1512
f 1430//1513 2053//1513 2052//1513
f 1433//1514 2787//1514 2053//1514
f 1430//1515 2051//1515 1434//1515
f 1434//1516 2778//1516 1764//1516
f 2413//1517 1437//1517 2412//1517
f 2412//1518 1830//1518 2779//1518
f 1438//1519 2413//1519 2414//1519
f 2476//1520 2414//1520 2788//1520
f 1436//1521 2103//1521 2102//1521
f 1439//1522 2789//1522 2103//1522
f 1436//1523 2101//1523 1440//1523
f 1440//1524 2780//1524 1831//1524
f 1441//1525 1445//1525 1443//1525
f 1442//1526 1709//1526 1445//1526
f 1441//1527 1446//1527 1444//1527
f 1444//1528 2012//1528 2011//1528
f 1447//1529 1451//1529 1448//1529
f 1450//2057 2196//2057 1451//2057
f 1447//1531 1452//1531 1449//1531
f 1449//1532 2340//1532 2341//1532
f 1453//1533 1743//1533 1744//1533
f 1455//2058 2781//2058 1743//2058
f 1453//1535 1745//1535 1456//1535
f 1456//1536 2790//1536 2284//1536
f 2625//1537 1457//1537 2626//1537
f 2626//1538 2285//1538 2791//1538
f 1458//1539 2625//1539 2624//1539
f 2134//1540 2624//1540 2782//1540
f 1461//1541 1460//1541 1463//1541
f 2312//1542 1463//1542 2313//1542
f 1463//1543 1750//1543 1751//1543
f 2313//1544 1751//1544 2792//1544
f 1462//1545 1461//1545 1464//1545
f 2066//1546 1464//1546 2067//1546
f 1464//1547 2312//1547 2311//1547
f 2067//1548 2311//1548 2783//1548
f 1465//1549 1469//1549 1466//1549
f 1466//1550 2311//1550 2312//1550
f 1468//1551 2255//1551 1469//1551
f 1469//1552 2783//1552 2311//1552
f 1465//1553 1470//1553 1467//1553
f 1467//1554 1924//1554 1925//1554
f 1466//1555 2313//1555 1470//1555
f 1470//1556 2792//1556 1924//1556
f 1471//1557 2484//1557 2485//1557
f 1473//1558 2784//1558 2484//1558
f 1471//1559 2486//1559 1474//1559
f 1474//1560 2793//1560 2104//1560
f 2424//1561 1475//1561 2425//1561
f 2425//1562 2105//1562 2794//1562
f 1476//1563 2424//1563 2423//1563
f 1976//1564 2423//1564 2785//1564
f 1479//1565 1478//1565 1481//1565
f 1481//1566 1835//1566 1834//1566
f 1480//1567 1479//1567 1482//1567
f 2157//1568 1482//1568 2156//1568
f 1484//1569 1486//1569 1487//1569
f 1487//1570 2248//1570 2247//1570
f 1485//1571 1484//1571 1488//1571
f 2003//1572 1488//1572 2002//1572
f 2574//1573 1491//1573 2573//1573
f 2573//1574 2417//1574 2786//1574
f 1492//1575 2574//1575 2575//1575
f 2167//1576 2575//1576 2795//1576
f 1490//1577 2267//1577 2266//1577
f 1493//1578 2796//1578 2267//1578
f 1490//1579 2265//1579 1494//1579
f 1494//1580 2787//1580 2418//1580
f 2159//1581 1497//1581 2158//1581
f 2158//1582 2476//1582 2788//1582
f 1498//1583 2159//1583 2160//1583
f 2201//1584 2160//1584 2797//1584
f 1496//1585 1840//1585 1839//1585
f 1499//1586 2798//1586 1840//1586
f 1496//1587 1838//1587 1500//1587
f 1500//1588 2789//1588 2477//1588
f 1501//1589 1505//1589 1503//1589
f 1502//1590 2366//1590 1505//1590
f 1501//1591 1506//1591 1504//1591
f 1504//1592 1709//1592 1708//1592
f 1507//1593 1511//1593 1508//1593
f 1510//1594 2340//1594 1511//1594
f 1507//1595 1512//1595 1509//1595
f 1509//1596 2563//1596 2564//1596
f 1513//1597 1993//1597 1994//1597
f 1515//1598 2790//1598 1993//1598
f 1513//1599 1995//1599 1516//1599
f 1516//1600 2799//1600 2495//1600
f 2403//1601 1517//1601 2404//1601
f 2404//1602 2496//1602 2800//1602
f 1518//1603 2403//1603 2402//1603
f 2285//1604 2402//1604 2791//1604
f 1521//1605 1520//1605 1523//1605
f 2271//1606 1523//1606 2272//1606
f 1523//1607 1832//1607 1833//1607
f 2272//3598 1833//3598 2801//3598
f 1522//1609 1521//1609 1524//1609
f 1750//1610 1524//1610 1751//1610
f 1524//1611 2271//1611 2270//1611
f 1751//1612 2270//1612 2792//1612
f 1525//1613 1529//1613 1526//1613
f 1526//1614 2270//1614 2271//1614
f 1528//1615 1924//1615 1529//1615
f 1529//1616 2792//1616 2270//1616
f 1525//1617 1530//1617 1527//1617
f 1527//1618 2612//1618 2613//1618
f 1526//1619 2272//1619 1530//1619
f 1530//1620 2801//1620 2612//1620
f 1531//1621 1725//1621 1726//1621
f 1533//1622 2793//1622 1725//1622
f 1531//1623 1727//1623 1534//1623
f 1534//1624 2802//1624 2211//1624
f 1903//1625 1535//1625 1904//1625
f 1904//1626 2212//1626 2803//1626
f 1536//1627 1903//1627 1902//1627
f 2105//1628 1902//1628 2794//1628
f 1539//1629 1538//1629 1541//1629
f 1541//1630 2498//1630 2497//1630
f 1540//1631 1539//1631 1542//1631
f 1835//1632 1542//1632 1834//1632
f 1544//1633 1546//1633 1547//1633
f 1547//1634 2003//1634 2002//1634
f 1545//1635 1544//1635 1548//1635
f 2090//1636 1548//1636 2089//1636
f 2490//1637 1551//1637 2489//1637
f 2489//1638 2167//1638 2795//1638
f 1552//1639 2490//1639 2491//1639
f 1912//1640 2491//1640 2804//1640
f 1550//1641 2372//1641 2371//1641
f 1553//1642 2805//1642 2372//1642
f 1550//1643 2370//1643 1554//1643
f 1554//1644 2796//1644 2168//1644
f 1790//1645 1557//1645 1789//1645
f 1789//1646 2201//1646 2797//1646
f 1558//1647 1790//1647 1791//1647
f 2319//1648 1791//1648 2806//1648
f 1556//1649 1735//1649 1734//1649
f 1559//1650 2807//1650 1735//1650
f 1556//1651 1733//1651 1560//1651
f 1560//1652 2798//1652 2202//1652
f 1561//1653 1565//1653 1563//1653
f 1562//1654 2153//1654 1565//1654
f 1561//1655 1566//1655 1564//1655
f 1564//1656 2366//1656 2365//1656
f 1567//1657 1571//1657 1568//1657
f 1570//1658 2563//1658 1571//1658
f 1567//1659 1572//1659 1569//1659
f 1569//1660 2629//1660 2630//1660
f 1573//1661 2324//1661 2325//1661
f 1575//1662 2799//1662 2324//1662
f 1573//1663 2326//1663 1576//1663
f 1576//1664 2808//1664 1741//1664
f 2111//1665 1577//1665 2112//1665
f 2112//1666 1742//1666 2809//1666
f 1578//1667 2111//1667 2110//1667
f 2496//1668 2110//1668 2800//1668
f 1581//1669 1580//1669 1583//1669
f 1946//1670 1583//1670 1947//1670
f 1583//3599 2525//3599 2526//3599
f 1947//1672 2526//1672 2810//1672
f 1582//1673 1581//1673 1584//1673
f 1832//1674 1584//1674 1833//1674
f 1584//1675 1946//1675 1945//1675
f 1833//1676 1945//1676 2801//1676
f 1585//3600 1589//3600 1586//3600
f 1586//1678 1945//1678 1946//1678
f 1588//1679 2612//1679 1589//1679
f 1589//1680 2801//1680 1945//1680
f 1585//1681 1590//1681 1587//1681
f 1587//1682 2387//1682 2388//1682
f 1586//1683 1947//1683 1590//1683
f 1590//1684 2810//1684 2387//1684
f 1591//1685 1972//1685 1973//1685
f 1593//1686 2802//1686 1972//1686
f 1591//1687 1974//1687 1594//1687
f 1594//1688 2811//1688 2453//1688
f 2034//1689 1595//1689 2035//1689
f 2035//1690 2454//1690 2812//1690
f 1596//1691 2034//1691 2033//1691
f 2212//1692 2033//1692 2803//1692
f 1599//1693 1598//1693 1601//1693
f 1601//1694 2148//1694 2147//1694
f 1600//1695 1599//1695 1602//1695
f 2498//1696 1602//1696 2497//1696
f 1604//1697 1606//1697 1607//1697
f 1607//1698 2090//1698 2089//1698
f 1605//1699 1604//1699 1608//1699
f 1846//1700 1608//1700 1845//1700
f 2119//1701 1611//1701 2118//1701
f 2118//3601 1912//3601 2804//3601
f 1612//1703 2119//1703 2120//1703
f 2622//1704 2120//1704 2813//1704
f 1610//1705 1700//1705 1699//1705
f 1613//1706 2814//1706 1700//1706
f 1610//1707 1698//1707 1614//1707
f 1614//1708 2805//1708 1913//1708
f 2538//1709 1617//1709 2537//1709
f 2537//1710 2319//1710 2806//1710
f 1618//1711 2538//1711 2539//1711
f 2068//1712 2539//1712 2815//1712
f 1616//1713 2339//1713 2338//1713
f 1619//1714 2816//1714 2339//1714
f 1616//1715 2337//1715 1620//1715
f 1620//1716 2807//1716 2320//1716
f 1621//1717 1625//1717 1623//1717
f 1622//1718 1894//1718 1625//1718
f 1621//1719 1626//1719 1624//1719
f 1624//1720 2153//1720 2152//1720
f 1627//1721 1631//1721 1628//1721
f 1630//1722 2629//1722 1631//1722
f 1627//1723 1632//1723 1629//1723
f 1629//1724 1977//1724 1978//1724
f 1633//1725 2510//1725 2511//1725
f 1635//3602 2808//3602 2510//3602
f 1633//1727 2512//1727 1636//1727
f 1636//1728 2817//1728 2028//1728
f 1853//1729 1637//1729 1854//1729
f 1854//1730 2029//1730 2818//1730
f 1638//1731 1853//1731 1852//1731
f 1742//1732 1852//1732 2809//1732
f 1641//1733 1640//1733 1643//1733
f 2638//1734 1643//1734 2639//1734
f 1643//1735 2304//1735 2305//1735
f 2639//1736 2305//1736 2819//1736
f 1642//1737 1641//1737 1644//1737
f 2525//3603 1644//3603 2526//3603
f 1644//1739 2638//1739 2637//1739
f 2526//1740 2637//1740 2810//1740
f 1645//1741 1649//1741 1646//1741
f 1646//1742 2637//1742 2638//1742
f 1648//1743 2387//1743 1649//1743
f 1649//1744 2810//1744 2637//1744
f 1645//1745 1650//1745 1647//1745
f 1647//3604 2135//3604 2136//3604
f 1646//1747 2639//1747 1650//1747
f 1650//1748 2819//1748 2135//1748
f 1651//1749 2224//1749 2225//1749
f 1653//1750 2811//1750 2224//1750
f 1651//1751 2226//1751 1654//1751
f 1654//1752 2820//1752 1898//1752
f 2291//1753 1655//1753 2292//1753
f 2292//1754 1899//1754 2821//1754
f 1656//1755 2291//1755 2290//1755
f 2454//1756 2290//1756 2812//1756
f 1659//1757 1658//1757 1661//1757
f 1661//1758 1971//1758 1970//1758
f 1660//1759 1659//1759 1662//1759
f 2148//1760 1662//1760 2147//1760
f 1664//1761 1665//1761 1666//1761
f 1666//1762 1846//1762 1845//1762
f 1963//1763 1669//1763 1962//1763
f 1962//1764 2622//1764 2813//1764
f 1668//1765 2021//1765 1670//1765
f 1670//1766 2814//1766 2623//1766
f 2364//1767 1673//1767 2363//1767
f 2363//1768 2068//1768 2815//1768
f 1672//1769 2234//1769 1674//1769
f 1674//1770 2816//1770 2069//1770
f 1675//1771 1678//1771 1677//1771
f 1677//1772 1894//1772 1893//1772
f 1679//1773 1682//1773 1680//1773
f 1681//1774 1977//1774 1682//1774
f 1683//1775 1871//1775 1872//1775
f 1685//1776 2817//1776 1871//1776
f 1686//1777 2396//1777 2395//1777
f 2029//1778 2395//1778 2818//1778
f 1687//1779 2415//1779 2416//1779
f 1689//1780 2820//1780 2415//1780
f 1690//1781 1779//1781 1778//1781
f 1899//1782 1778//1782 2821//1782
f 1693//1783 1692//1783 1694//1783
f 1971//1784 1694//1784 1970//1784
f 2823//3605 2824//3605 2826//3605
f 2826//526 2825//526 2827//526
f 2829//1786 2830//1786 2831//1786
f 2831//528 2832//528 5030//528
f 2833//1788 2837//1788 2835//1788
f 2835//530 5031//530 2836//530
f 2838//539 2841//539 2839//539
f 2841//540 2842//540 5037//540
f 2845//1790 2844//1790 2847//1790
f 2845//542 5094//542 2846//542
f 2849//3606 2851//3606 2852//3606
f 2849//544 2853//544 2850//544
f 2855//3607 2856//3607 2858//3607
f 2856//514 2859//514 2858//514
f 2861//1793 2862//1793 2863//1793
f 2862//516 5049//516 2863//516
f 2865//517 2869//517 2867//517
f 2868//518 2869//518 5012//518
f 2870//1794 2875//1794 2871//1794
f 2873//1795 2877//1795 2875//1795
f 2872//1796 2875//1796 2876//1796
f 2876//1797 2877//1797 4978//1797
f 2879//1798 2880//1798 2882//1798
f 2880//1799 2883//1799 2882//1799
f 2874//1800 2882//1800 2877//1800
f 2882//3608 4978//3608 2877//3608
f 2884//1802 2887//1802 2885//1802
f 2886//520 5038//520 2887//520
f 2891//1803 2890//1803 2893//1803
f 2892//522 2893//522 5116//522
f 2895//1805 2897//1805 2898//1805
f 2896//524 2898//524 2899//524
f 2903//569 2901//569 2902//569
f 2825//570 2902//570 2827//570
f 2901//571 2904//571 2906//571
f 2906//572 2905//572 2907//572
f 2910//3609 2909//3609 2911//3609
f 2832//574 2911//574 5030//574
f 2909//575 2912//575 2913//575
f 2913//576 2914//576 5113//576
f 2915//577 2919//577 2917//577
f 2917//578 5114//578 2918//578
f 2915//579 2921//579 2916//579
f 2920//580 5031//580 2921//580
f 2924//597 2923//597 2925//597
f 2842//598 2925//598 5037//598
f 2923//599 2926//599 2927//599
f 2927//600 2928//600 5057//600
f 2929//601 2933//601 2931//601
f 2931//602 5058//602 2932//602
f 2929//603 2935//603 2930//603
f 2934//604 5094//604 2935//604
f 2936//605 2940//605 2937//605
f 2937//606 2941//606 2938//606
f 2936//607 2943//607 2939//607
f 2942//608 2853//608 2943//608
f 2944//545 2946//545 2947//545
f 2947//546 2859//546 2857//546
f 2944//547 2950//547 2945//547
f 2948//548 2951//548 2950//548
f 2952//3610 2955//3610 2954//3610
f 2954//550 5049//550 2864//550
f 2952//551 2957//551 2953//551
f 2956//552 5044//552 2957//552
f 2961//553 2960//553 2963//553
f 2962//554 2963//554 5013//554
f 2960//555 2964//555 2965//555
f 2965//556 2868//556 5012//556
f 2967//3611 2969//3611 2971//3611
f 2971//1807 2970//1807 2973//1807
f 2968//1808 2971//1808 2972//1808
f 2972//1809 2973//1809 5068//1809
f 2969//1810 2974//1810 2975//1810
f 2975//1811 2872//1811 2876//1811
f 2970//1812 2975//1812 2976//1812
f 2976//1813 2876//1813 4978//1813
f 2977//1814 2979//1814 2980//1814
f 2978//1815 2976//1815 2979//1815
f 2980//1816 2883//1816 2881//1816
f 2979//1817 4978//1817 2883//1817
f 2977//1818 2983//1818 2978//1818
f 2981//1819 2984//1819 2983//1819
f 2978//1820 2973//1820 2970//1820
f 2983//3612 5068//3612 2973//3612
f 2985//557 2988//557 2987//557
f 2987//558 5038//558 2888//558
f 2985//559 2990//559 2986//559
f 2989//560 5039//560 2990//560
f 2994//561 2993//561 2996//561
f 2995//562 2996//562 5110//562
f 2993//563 2997//563 2998//563
f 2998//564 2892//564 5116//564
f 3000//565 3002//565 3003//565
f 3001//566 3003//566 3004//566
f 3002//567 3005//567 3006//567
f 3006//568 2896//568 2899//568
f 3010//633 3008//633 3009//633
f 2905//634 3009//634 2907//634
f 3008//635 3011//635 3013//635
f 3013//636 3012//636 3014//636
f 3017//637 3016//637 3018//637
f 2914//638 3018//638 5113//638
f 3016//3613 3019//3613 3020//3613
f 3020//640 3021//640 5064//640
f 3022//641 3026//641 3024//641
f 3024//642 5082//642 3025//642
f 3022//643 3028//643 3023//643
f 3027//644 5114//644 3028//644
f 3031//661 3030//661 3032//661
f 2928//662 3032//662 5057//662
f 3030//663 3033//663 3034//663
f 3034//664 3035//664 5026//664
f 3036//665 3040//665 3038//665
f 3038//666 5027//666 3039//666
f 3036//667 3042//667 3037//667
f 3041//668 5058//668 3042//668
f 3043//669 3047//669 3044//669
f 3044//670 3048//670 3045//670
f 3043//671 3050//671 3046//671
f 3049//672 2941//672 3050//672
f 3051//609 3053//609 3054//609
f 3054//610 2951//610 2949//610
f 3051//611 3057//611 3052//611
f 3055//612 3058//612 3057//612
f 3059//613 3062//613 3061//613
f 3061//614 5044//614 2958//614
f 3059//615 3064//615 3060//615
f 3063//616 5045//616 3064//616
f 3068//617 3067//617 3070//617
f 3069//618 3070//618 5101//618
f 3067//619 3071//619 3072//619
f 3072//620 2962//620 5013//620
f 3074//1822 3076//1822 3078//1822
f 3078//1823 3077//1823 3080//1823
f 3075//1824 3078//1824 3079//1824
f 3079//1825 3080//1825 5073//1825
f 3076//3614 3081//3614 3082//3614
f 3082//1827 2968//1827 2972//1827
f 3077//1828 3082//1828 3083//1828
f 3083//1829 2972//1829 5068//1829
f 3084//1830 3086//1830 3087//1830
f 3085//1831 3083//1831 3086//1831
f 3087//1832 2984//1832 2982//1832
f 3086//3615 5068//3615 2984//3615
f 3084//1834 3090//1834 3085//1834
f 3088//1835 3091//1835 3090//1835
f 3085//3616 3080//3616 3077//3616
f 3090//1837 5073//1837 3080//1837
f 3092//621 3095//621 3094//621
f 3094//622 5039//622 2991//622
f 3092//623 3097//623 3093//623
f 3096//624 4987//624 3097//624
f 3101//625 3100//625 3103//625
f 3102//626 3103//626 4988//626
f 3100//627 3104//627 3105//627
f 3105//628 2995//628 5110//628
f 3107//629 3109//629 3110//629
f 3108//630 3110//630 3111//630
f 3109//631 3112//631 3113//631
f 3113//632 3001//632 3004//632
f 3117//697 3115//697 3116//697
f 3012//698 3116//698 3014//698
f 3115//699 3118//699 3120//699
f 3120//700 3119//700 3121//700
f 3124//701 3123//701 3125//701
f 3021//3617 3125//3617 5064//3617
f 3123//703 3126//703 3127//703
f 3127//704 3128//704 5065//704
f 3129//705 3133//705 3131//705
f 3131//706 5083//706 3132//706
f 3129//707 3135//707 3130//707
f 3134//708 5082//708 3135//708
f 3138//725 3137//725 3139//725
f 3035//726 3139//726 5026//726
f 3137//727 3140//727 3141//727
f 3141//728 3142//728 5060//728
f 3143//729 3147//729 3145//729
f 3145//730 5102//730 3146//730
f 3143//731 3149//731 3144//731
f 3148//732 5027//732 3149//732
f 3150//733 3154//733 3151//733
f 3151//734 3155//734 3152//734
f 3150//735 3157//735 3153//735
f 3156//736 3048//736 3157//736
f 3158//673 3160//673 3161//673
f 3161//674 3058//674 3056//674
f 3158//675 3164//675 3159//675
f 3162//676 3165//676 3164//676
f 3166//677 3169//677 3168//677
f 3168//678 5045//678 3065//678
f 3166//679 3171//679 3167//679
f 3170//680 5019//680 3171//680
f 3175//681 3174//681 3177//681
f 3176//682 3177//682 5020//682
f 3174//683 3178//683 3179//683
f 3179//684 3069//684 5101//684
f 3181//1838 3183//1838 3185//1838
f 3185//1839 3184//1839 3187//1839
f 3182//1840 3185//1840 3186//1840
f 3186//3618 3187//3618 4989//3618
f 3183//1842 3188//1842 3189//1842
f 3189//1843 3075//1843 3079//1843
f 3184//1844 3189//1844 3190//1844
f 3190//1845 3079//1845 5073//1845
f 3191//1846 3193//1846 3194//1846
f 3192//3619 3190//3619 3193//3619
f 3194//1848 3091//1848 3089//1848
f 3193//1849 5073//1849 3091//1849
f 3191//1850 3197//1850 3192//1850
f 3195//1851 3198//1851 3197//1851
f 3192//1852 3187//1852 3184//1852
f 3197//3620 4989//3620 3187//3620
f 3199//685 3202//685 3201//685
f 3201//686 4987//686 3098//686
f 3199//687 3204//687 3200//687
f 3203//688 5021//688 3204//688
f 3208//689 3207//689 3210//689
f 3209//690 3210//690 5023//690
f 3207//691 3211//691 3212//691
f 3212//3621 3102//3621 4988//3621
f 3214//693 3216//693 3217//693
f 3215//694 3217//694 3218//694
f 3216//695 3219//695 3220//695
f 3220//696 3108//696 3111//696
f 3224//761 3222//761 3223//761
f 3119//762 3223//762 3121//762
f 3222//763 3225//763 3227//763
f 3227//764 3226//764 3228//764
f 3231//765 3230//765 3232//765
f 3128//766 3232//766 5065//766
f 3230//767 3233//767 3234//767
f 3234//768 3235//768 5086//768
f 3236//769 3240//769 3238//769
f 3238//770 5105//770 3239//770
f 3236//771 3242//771 3237//771
f 3241//772 5083//772 3242//772
f 3245//789 3244//789 3246//789
f 3142//790 3246//790 5060//790
f 3244//791 3247//791 3248//791
f 3248//792 3249//792 5061//792
f 3250//793 3254//793 3252//793
f 3252//794 5010//794 3253//794
f 3250//795 3256//795 3251//795
f 3255//796 5102//796 3256//796
f 3257//797 3261//797 3258//797
f 3258//798 3262//798 3259//798
f 3257//799 3264//799 3260//799
f 3263//800 3155//800 3264//800
f 3265//737 3267//737 3268//737
f 3268//738 3165//738 3163//738
f 3265//739 3271//739 3266//739
f 3269//740 3272//740 3271//740
f 3273//741 3276//741 3275//741
f 3275//742 5019//742 3172//742
f 3273//743 3278//743 3274//743
f 3277//744 5140//744 3278//744
f 3282//745 3281//745 3284//745
f 3283//746 3284//746 5133//746
f 3281//747 3285//747 3286//747
f 3286//748 3176//748 5020//748
f 3288//1855 3290//1855 3292//1855
f 3292//1856 3291//1856 3294//1856
f 3289//1857 3292//1857 3293//1857
f 3293//1858 3294//1858 4973//1858
f 3290//1859 3295//1859 3296//1859
f 3296//1860 3182//1860 3186//1860
f 3291//1861 3296//1861 3297//1861
f 3297//1862 3186//1862 4989//1862
f 3298//1863 3300//1863 3301//1863
f 3299//3622 3297//3622 3300//3622
f 3301//1865 3198//1865 3196//1865
f 3300//1866 4989//1866 3198//1866
f 3298//1867 3304//1867 3299//1867
f 3302//1868 3305//1868 3304//1868
f 3299//1869 3294//1869 3291//1869
f 3304//3623 4973//3623 3294//3623
f 3306//749 3309//749 3308//749
f 3308//750 5021//750 3205//750
f 3306//751 3311//751 3307//751
f 3310//752 5022//752 3311//752
f 3315//753 3314//753 3317//753
f 3316//754 3317//754 5148//754
f 3314//755 3318//755 3319//755
f 3319//756 3209//756 5023//756
f 3321//757 3323//757 3324//757
f 3322//758 3324//758 3325//758
f 3323//759 3326//759 3327//759
f 3327//760 3215//760 3218//760
f 3331//825 3329//825 3330//825
f 3226//826 3330//826 3228//826
f 3329//827 3332//827 3334//827
f 3334//828 3333//828 3335//828
f 3338//829 3337//829 3339//829
f 3235//830 3339//830 5086//830
f 3337//831 3340//831 3341//831
f 3341//832 3342//832 5087//832
f 3343//833 3347//833 3345//833
f 3345//834 5078//834 3346//834
f 3343//835 3349//835 3344//835
f 3348//836 5105//836 3349//836
f 3352//853 3351//853 3353//853
f 3249//854 3353//854 5061//854
f 3351//3624 3354//3624 3355//3624
f 3355//3625 3356//3625 5008//3625
f 3357//857 3361//857 3359//857
f 3359//858 5011//858 3360//858
f 3357//859 3363//859 3358//859
f 3362//860 5010//860 3363//860
f 3364//861 3368//861 3365//861
f 3365//862 3369//862 3366//862
f 3364//863 3371//863 3367//863
f 3370//864 3262//864 3371//864
f 3372//801 3374//801 3375//801
f 3375//802 3272//802 3270//802
f 3372//803 3378//803 3373//803
f 3376//804 3379//804 3378//804
f 3380//805 3383//805 3382//805
f 3382//806 5140//806 3279//806
f 3380//807 3385//807 3381//807
f 3384//808 5089//808 3385//808
f 3389//809 3388//809 3391//809
f 3390//810 3391//810 5090//810
f 3388//811 3392//811 3393//811
f 3393//812 3283//812 5133//812
f 3395//1871 3397//1871 3399//1871
f 3399//1872 3398//1872 3401//1872
f 3396//3626 3399//3626 3400//3626
f 3400//1874 3401//1874 4979//1874
f 3397//1875 3402//1875 3403//1875
f 3403//1876 3289//1876 3293//1876
f 3398//1877 3403//1877 3404//1877
f 3404//1878 3293//1878 4973//1878
f 3405//1879 3407//1879 3408//1879
f 3406//1880 3404//1880 3407//1880
f 3408//1881 3305//1881 3303//1881
f 3407//3627 4973//3627 3305//3627
f 3405//1883 3411//1883 3406//1883
f 3409//1884 3412//1884 3411//1884
f 3406//3628 3401//3628 3398//3628
f 3411//1886 4979//1886 3401//1886
f 3413//813 3416//813 3415//813
f 3415//814 5022//814 3312//814
f 3413//815 3418//815 3414//815
f 3417//816 5141//816 3418//816
f 3422//817 3421//817 3424//817
f 3423//818 3424//818 5142//818
f 3421//819 3425//819 3426//819
f 3426//820 3316//820 5148//820
f 3428//821 3430//821 3431//821
f 3429//822 3431//822 3432//822
f 3430//823 3433//823 3434//823
f 3434//824 3322//824 3325//824
f 3438//889 3436//889 3437//889
f 3333//890 3437//890 3335//890
f 3436//891 3439//891 3441//891
f 3441//892 3440//892 3442//892
f 3445//893 3444//893 3446//893
f 3342//894 3446//894 5087//894
f 3444//895 3447//895 3448//895
f 3448//896 3449//896 5024//896
f 3450//897 3454//897 3452//897
f 3452//898 5025//898 3453//898
f 3450//899 3456//899 3451//899
f 3455//900 5078//900 3456//900
f 3459//917 3458//917 3460//917
f 3356//918 3460//918 5008//918
f 3458//919 3461//919 3462//919
f 3462//920 3463//920 5009//920
f 3464//921 3468//921 3466//921
f 3466//922 5069//922 3467//922
f 3464//923 3470//923 3465//923
f 3469//924 5011//924 3470//924
f 3471//925 3475//925 3472//925
f 3472//926 3476//926 3473//926
f 3471//927 3478//927 3474//927
f 3477//928 3369//928 3478//928
f 3479//865 3481//865 3482//865
f 3482//866 3379//866 3377//866
f 3479//867 3485//867 3480//867
f 3483//868 3486//868 3485//868
f 3487//869 3490//869 3489//869
f 3489//870 5089//870 3386//870
f 3487//871 3492//871 3488//871
f 3491//872 5106//872 3492//872
f 3496//873 3495//873 3498//873
f 3497//874 3498//874 5147//874
f 3495//875 3499//875 3500//875
f 3500//876 3390//876 5090//876
f 3502//1887 3504//1887 3506//1887
f 3506//1888 3505//1888 3508//1888
f 3503//1889 3506//1889 3507//1889
f 3507//1890 3508//1890 4980//1890
f 3504//1891 3509//1891 3510//1891
f 3510//1892 3396//1892 3400//1892
f 3505//1893 3510//1893 3511//1893
f 3511//1894 3400//1894 4979//1894
f 3512//1895 3514//1895 3515//1895
f 3513//1896 3511//1896 3514//1896
f 3515//1897 3412//1897 3410//1897
f 3514//1898 4979//1898 3412//1898
f 3512//1899 3518//1899 3513//1899
f 3516//1900 3519//1900 3518//1900
f 3513//3629 3508//3629 3505//3629
f 3518//1902 4980//1902 3508//1902
f 3520//877 3523//877 3522//877
f 3522//878 5141//878 3419//878
f 3520//879 3525//879 3521//879
f 3524//880 5092//880 3525//880
f 3529//881 3528//881 3531//881
f 3530//882 3531//882 5093//882
f 3528//883 3532//883 3533//883
f 3533//884 3423//884 5142//884
f 3535//885 3537//885 3538//885
f 3536//886 3538//886 3539//886
f 3537//887 3540//887 3541//887
f 3541//888 3429//888 3432//888
f 3545//953 3543//953 3544//953
f 3440//954 3544//954 3442//954
f 3543//955 3546//955 3548//955
f 3548//956 3547//956 3549//956
f 3552//957 3551//957 3553//957
f 3449//958 3553//958 5024//958
f 3551//959 3554//959 3555//959
f 3555//960 3556//960 5108//960
f 3557//961 3561//961 3559//961
f 3559//962 5109//962 3560//962
f 3557//963 3563//963 3558//963
f 3562//964 5025//964 3563//964
f 3566//981 3565//981 3567//981
f 3463//982 3567//982 5009//982
f 3565//983 3568//983 3569//983
f 3569//984 3570//984 5091//984
f 3571//985 3575//985 3573//985
f 3573//986 5070//986 3574//986
f 3571//987 3577//987 3572//987
f 3576//988 5069//988 3577//988
f 3578//989 3582//989 3579//989
f 3579//990 3583//990 3580//990
f 3578//991 3585//991 3581//991
f 3584//992 3476//992 3585//992
f 3586//929 3588//929 3589//929
f 3589//930 3486//930 3484//930
f 3586//931 3592//931 3587//931
f 3590//932 3593//932 3592//932
f 3594//933 3597//933 3596//933
f 3596//934 5106//934 3493//934
f 3594//935 3599//935 3595//935
f 3598//936 5107//936 3599//936
f 3603//937 3602//937 3605//937
f 3604//938 3605//938 5084//938
f 3602//939 3606//939 3607//939
f 3607//940 3497//940 5147//940
f 3609//1904 3611//1904 3613//1904
f 3613//1905 3612//1905 3615//1905
f 3610//3630 3613//3630 3614//3630
f 3614//1907 3615//1907 5000//1907
f 3611//1908 3616//1908 3617//1908
f 3617//1909 3503//1909 3507//1909
f 3612//1910 3617//1910 3618//1910
f 3618//1911 3507//1911 4980//1911
f 3619//1912 3621//1912 3622//1912
f 3620//1913 3618//1913 3621//1913
f 3622//1914 3519//1914 3517//1914
f 3621//1915 4980//1915 3519//1915
f 3619//1916 3625//1916 3620//1916
f 3623//1917 3626//1917 3625//1917
f 3620//1918 3615//1918 3612//1918
f 3625//3631 5000//3631 3615//3631
f 3627//941 3630//941 3629//941
f 3629//942 5092//942 3526//942
f 3627//943 3632//943 3628//943
f 3631//944 5034//944 3632//944
f 3636//945 3635//945 3638//945
f 3637//946 3638//946 5062//946
f 3635//947 3639//947 3640//947
f 3640//948 3530//948 5093//948
f 3642//949 3644//949 3645//949
f 3643//950 3645//950 3646//950
f 3644//951 3647//951 3648//951
f 3648//952 3536//952 3539//952
f 3652//1017 3650//1017 3651//1017
f 3547//1018 3651//1018 3549//1018
f 3650//1019 3653//1019 3655//1019
f 3655//1020 3654//1020 3656//1020
f 3659//1021 3658//1021 3660//1021
f 3556//1022 3660//1022 5108//1022
f 3658//1023 3661//1023 3662//1023
f 3662//1024 3663//1024 5143//1024
f 3664//1025 3668//1025 3666//1025
f 3666//3632 5121//3632 3667//3632
f 3664//1027 3670//1027 3665//1027
f 3669//1028 5109//1028 3670//1028
f 3673//1045 3672//1045 3674//1045
f 3570//1046 3674//1046 5091//1046
f 3672//1047 3675//1047 3676//1047
f 3676//1048 3677//1048 4981//1048
f 3678//1049 3682//1049 3680//1049
f 3680//1050 4982//1050 3681//1050
f 3678//1051 3684//1051 3679//1051
f 3683//1052 5070//1052 3684//1052
f 3685//1053 3689//1053 3686//1053
f 3686//1054 3690//1054 3687//1054
f 3685//1055 3692//1055 3688//1055
f 3691//1056 3583//1056 3692//1056
f 3693//993 3695//993 3696//993
f 3696//994 3593//994 3591//994
f 3693//995 3699//995 3694//995
f 3697//996 3700//996 3699//996
f 3701//997 3704//997 3703//997
f 3703//998 5107//998 3600//998
f 3701//999 3706//999 3702//999
f 3705//1000 5132//1000 3706//1000
f 3710//1001 3709//1001 3712//1001
f 3711//1002 3712//1002 5085//1002
f 3709//1003 3713//1003 3714//1003
f 3714//1004 3604//1004 5084//1004
f 3716//1921 3718//1921 3720//1921
f 3720//1922 3719//1922 3722//1922
f 3717//1923 3720//1923 3721//1923
f 3721//1924 3722//1924 5001//1924
f 3718//1925 3723//1925 3724//1925
f 3724//3633 3610//3633 3614//3633
f 3719//1927 3724//1927 3725//1927
f 3725//1928 3614//1928 5000//1928
f 3726//1929 3728//1929 3729//1929
f 3727//1930 3725//1930 3728//1930
f 3729//1931 3626//1931 3624//1931
f 3728//1932 5000//1932 3626//1932
f 3726//1933 3732//1933 3727//1933
f 3730//1934 3733//1934 3732//1934
f 3727//3634 3722//3634 3719//3634
f 3732//3635 5001//3635 3722//3635
f 3734//1005 3737//1005 3736//1005
f 3736//1006 5034//1006 3633//1006
f 3734//1007 3739//1007 3735//1007
f 3738//1008 5035//1008 3739//1008
f 3743//1009 3742//1009 3745//1009
f 3744//1010 3745//1010 4992//1010
f 3742//1011 3746//1011 3747//1011
f 3747//1012 3637//1012 5062//1012
f 3749//1013 3751//1013 3752//1013
f 3750//1014 3752//1014 3753//1014
f 3751//1015 3754//1015 3755//1015
f 3755//1016 3643//1016 3646//1016
f 3759//1081 3757//1081 3758//1081
f 3654//1082 3758//1082 3656//1082
f 3757//1083 3760//1083 3762//1083
f 3762//1084 3761//1084 3763//1084
f 3766//1085 3765//1085 3767//1085
f 3663//1086 3767//1086 5143//1086
f 3765//1087 3768//1087 3769//1087
f 3769//1088 3770//1088 5054//1088
f 3771//1089 3775//1089 3773//1089
f 3773//1090 5122//1090 3774//1090
f 3771//1091 3777//1091 3772//1091
f 3776//1092 5121//1092 3777//1092
f 3780//1109 3779//1109 3781//1109
f 3677//1110 3781//1110 4981//1110
f 3779//1111 3782//1111 3783//1111
f 3783//1112 3784//1112 5052//1112
f 3785//1113 3789//1113 3787//1113
f 3787//1114 5053//1114 3788//1114
f 3785//1115 3791//1115 3786//1115
f 3790//1116 4982//1116 3791//1116
f 3792//1117 3796//1117 3793//1117
f 3793//1118 3797//1118 3794//1118
f 3792//1119 3799//1119 3795//1119
f 3798//1120 3690//1120 3799//1120
f 3800//1057 3802//1057 3803//1057
f 3803//1058 3700//1058 3698//1058
f 3800//1059 3806//1059 3801//1059
f 3804//1060 3807//1060 3806//1060
f 3808//1061 3811//1061 3810//1061
f 3810//1062 5132//1062 3707//1062
f 3808//1063 3813//1063 3809//1063
f 3812//1064 5028//1064 3813//1064
f 3817//1065 3816//1065 3819//1065
f 3818//1066 3819//1066 5029//1066
f 3816//1067 3820//1067 3821//1067
f 3821//1068 3711//1068 5085//1068
f 3823//1938 3825//1938 3827//1938
f 3827//1939 3826//1939 3829//1939
f 3824//1940 3827//1940 3828//1940
f 3828//1941 3829//1941 5125//1941
f 3825//1942 3830//1942 3831//1942
f 3831//1943 3717//1943 3721//1943
f 3826//1944 3831//1944 3832//1944
f 3832//1945 3721//1945 5001//1945
f 3833//1946 3835//1946 3836//1946
f 3834//1947 3832//1947 3835//1947
f 3836//3636 3733//3636 3731//3636
f 3835//1949 5001//1949 3733//1949
f 3833//1950 3839//1950 3834//1950
f 3837//1951 3840//1951 3839//1951
f 3834//3637 3829//3637 3826//3637
f 3839//1953 5125//1953 3829//1953
f 3841//1069 3844//1069 3843//1069
f 3843//1070 5035//1070 3740//1070
f 3841//1071 3846//1071 3842//1071
f 3845//1072 5081//1072 3846//1072
f 3850//1073 3849//1073 3852//1073
f 3851//1074 3852//1074 4993//1074
f 3849//1075 3853//1075 3854//1075
f 3854//1076 3744//1076 4992//1076
f 3856//1077 3858//1077 3859//1077
f 3857//1078 3859//1078 3860//1078
f 3858//1079 3861//1079 3862//1079
f 3862//1080 3750//1080 3753//1080
f 3866//1145 3864//1145 3865//1145
f 3761//1146 3865//1146 3763//1146
f 3864//1147 3867//1147 3869//1147
f 3869//1148 3868//1148 3870//1148
f 3873//1149 3872//1149 3874//1149
f 3770//1150 3874//1150 5054//1150
f 3872//1151 3875//1151 3876//1151
f 3876//1152 3877//1152 5015//1152
f 3878//1153 3882//1153 3880//1153
f 3880//1154 4983//1154 3881//1154
f 3878//1155 3884//1155 3879//1155
f 3883//1156 5122//1156 3884//1156
f 3887//3638 3886//3638 3888//3638
f 3784//1174 3888//1174 5052//1174
f 3886//1175 3889//1175 3890//1175
f 3890//1176 3891//1176 5042//1176
f 3892//1177 3896//1177 3894//1177
f 3894//1178 5103//1178 3895//1178
f 3892//1179 3898//1179 3893//1179
f 3897//1180 5053//1180 3898//1180
f 3899//1181 3903//1181 3900//1181
f 3900//1182 3904//1182 3901//1182
f 3899//1183 3906//1183 3902//1183
f 3905//1184 3797//1184 3906//1184
f 3907//1121 3909//1121 3910//1121
f 3910//1122 3807//1122 3805//1122
f 3907//1123 3913//1123 3908//1123
f 3911//1124 3914//1124 3913//1124
f 3915//1125 3918//1125 3917//1125
f 3917//1126 5028//1126 3814//1126
f 3915//1127 3920//1127 3916//1127
f 3919//1128 4997//1128 3920//1128
f 3924//1129 3923//1129 3926//1129
f 3925//1130 3926//1130 4998//1130
f 3923//1131 3927//1131 3928//1131
f 3928//1132 3818//1132 5029//1132
f 3930//1954 3932//1954 3934//1954
f 3934//1955 3933//1955 3936//1955
f 3931//1956 3934//1956 3935//1956
f 3935//1957 3936//1957 5123//1957
f 3932//1958 3937//1958 3938//1958
f 3938//1959 3824//1959 3828//1959
f 3933//1960 3938//1960 3939//1960
f 3939//1961 3828//1961 5125//1961
f 3940//1962 3942//1962 3943//1962
f 3941//1963 3939//1963 3942//1963
f 3943//1964 3840//1964 3838//1964
f 3942//1965 5125//1965 3840//1965
f 3940//1966 3946//1966 3941//1966
f 3944//1967 3947//1967 3946//1967
f 3941//3639 3936//3639 3933//3639
f 3946//3640 5123//3640 3936//3640
f 3948//1133 3951//1133 3950//1133
f 3950//1134 5081//1134 3847//1134
f 3948//1135 3953//1135 3949//1135
f 3952//1136 5032//1136 3953//1136
f 3957//1137 3956//1137 3959//1137
f 3958//1138 3959//1138 5033//1138
f 3956//1139 3960//1139 3961//1139
f 3961//1140 3851//1140 4993//1140
f 3963//1141 3965//1141 3966//1141
f 3964//1142 3966//1142 3967//1142
f 3962//1143 3969//1143 3965//1143
f 3969//1144 3857//1144 3860//1144
f 3973//1209 3971//1209 3972//1209
f 3868//1210 3972//1210 3870//1210
f 3971//1211 3974//1211 3976//1211
f 3976//1970 3975//1970 3977//1970
f 3980//1213 3979//1213 3981//1213
f 3877//1214 3981//1214 5015//1214
f 3979//1215 3982//1215 3983//1215
f 3983//1216 3984//1216 5016//1216
f 3985//1217 3989//1217 3987//1217
f 3987//1218 4984//1218 3988//1218
f 3985//1219 3991//1219 3986//1219
f 3990//1220 4983//1220 3991//1220
f 3994//1237 3993//1237 3995//1237
f 3891//1238 3995//1238 5042//1238
f 3993//1239 3996//1239 3997//1239
f 3997//1240 3998//1240 5043//1240
f 3999//1241 4003//1241 4001//1241
f 4001//1242 4976//1242 4002//1242
f 3999//1243 4005//1243 4000//1243
f 4004//1244 5103//1244 4005//1244
f 4006//1245 4010//1245 4007//1245
f 4007//1246 4011//1246 4008//1246
f 4006//1247 4013//1247 4009//1247
f 4012//1248 3904//1248 4013//1248
f 4014//1185 4016//1185 4017//1185
f 4017//1186 3914//1186 3912//1186
f 4014//1187 4020//1187 4015//1187
f 4018//1188 4021//1188 4020//1188
f 4022//1189 4025//1189 4024//1189
f 4024//1190 4997//1190 3921//1190
f 4022//1191 4027//1191 4023//1191
f 4026//1192 5097//1192 4027//1192
f 4031//1193 4030//1193 4033//1193
f 4032//1194 4033//1194 5004//1194
f 4030//1195 4034//1195 4035//1195
f 4035//1196 3925//1196 4998//1196
f 4037//1971 4039//1971 4041//1971
f 4041//1972 4040//1972 4043//1972
f 4038//1973 4041//1973 4042//1973
f 4042//1974 4043//1974 5051//1974
f 4039//1975 4044//1975 4045//1975
f 4045//1976 3931//1976 3935//1976
f 4040//1977 4045//1977 4046//1977
f 4046//1978 3935//1978 5123//1978
f 4047//1979 4049//1979 4050//1979
f 4048//1980 4046//1980 4049//1980
f 4050//1981 3947//1981 3945//1981
f 4049//3641 5123//3641 3947//3641
f 4047//1983 4053//1983 4048//1983
f 4051//1984 4054//1984 4053//1984
f 4048//3642 4043//3642 4040//3642
f 4053//1986 5051//1986 4043//1986
f 4055//1197 4058//1197 4057//1197
f 4057//1198 5032//1198 3954//1198
f 4055//1199 4060//1199 4056//1199
f 4059//1200 5059//1200 4060//1200
f 4064//1201 4063//1201 4066//1201
f 4065//1202 4066//1202 5124//1202
f 4063//1203 4067//1203 4068//1203
f 4068//1204 3958//1204 5033//1204
f 4070//1205 4072//1205 4073//1205
f 4071//1987 4073//1987 4074//1987
f 4072//1207 4075//1207 4076//1207
f 4076//1208 3964//1208 3967//1208
f 4080//1273 4078//1273 4079//1273
f 3975//1274 4079//1274 3977//1274
f 4078//1275 4081//1275 4083//1275
f 4083//1276 4082//1276 4084//1276
f 4087//1277 4086//1277 4088//1277
f 3984//1278 4088//1278 5016//1278
f 4086//1279 4089//1279 4090//1279
f 4090//1280 4091//1280 5137//1280
f 4092//1281 4096//1281 4094//1281
f 4094//1282 5138//1282 4095//1282
f 4092//1283 4098//1283 4093//1283
f 4097//1284 4984//1284 4098//1284
f 4101//1301 4100//1301 4102//1301
f 3998//1302 4102//1302 5043//1302
f 4100//1303 4103//1303 4104//1303
f 4104//1304 4105//1304 5117//1304
f 4106//1305 4110//1305 4108//1305
f 4108//1306 4977//1306 4109//1306
f 4106//1307 4112//1307 4107//1307
f 4111//1308 4976//1308 4112//1308
f 4113//1309 4117//1309 4114//1309
f 4114//1310 4118//1310 4115//1310
f 4113//1311 4120//1311 4116//1311
f 4119//1312 4011//1312 4120//1312
f 4121//1249 4123//1249 4124//1249
f 4124//1250 4021//1250 4019//1250
f 4121//1251 4127//1251 4122//1251
f 4125//1252 4128//1252 4127//1252
f 4129//1253 4132//1253 4131//1253
f 4131//1254 5097//1254 4028//1254
f 4129//1255 4134//1255 4130//1255
f 4133//1256 5040//1256 4134//1256
f 4138//1257 4137//1257 4140//1257
f 4139//1258 4140//1258 5005//1258
f 4137//1259 4141//1259 4142//1259
f 4142//1260 4032//1260 5004//1260
f 4144//1988 4146//1988 4148//1988
f 4148//1989 4147//1989 4150//1989
f 4145//1990 4148//1990 4149//1990
f 4149//1991 4150//1991 4969//1991
f 4146//1992 4151//1992 4152//1992
f 4152//1993 4038//1993 4042//1993
f 4147//1994 4152//1994 4153//1994
f 4153//3643 4042//3643 5051//3643
f 4154//1996 4156//1996 4157//1996
f 4155//1997 4153//1997 4156//1997
f 4157//1998 4054//1998 4052//1998
f 4156//1999 5051//1999 4054//1999
f 4154//2000 4160//2000 4155//2000
f 4158//2001 4161//2001 4160//2001
f 4155//3644 4150//3644 4147//3644
f 4160//3645 4969//3645 4150//3645
f 4162//1261 4165//1261 4164//1261
f 4164//1262 5059//1262 4061//1262
f 4162//1263 4167//1263 4163//1263
f 4166//1264 5002//1264 4167//1264
f 4171//1265 4170//1265 4173//1265
f 4172//1266 4173//1266 5146//1266
f 4170//1267 4174//1267 4175//1267
f 4175//1268 4065//1268 5124//1268
f 4177//1269 4179//1269 4180//1269
f 4178//1270 4180//1270 4181//1270
f 4179//1271 4182//1271 4183//1271
f 4183//1272 4071//1272 4074//1272
f 4187//1337 4185//1337 4186//1337
f 4082//1338 4186//1338 4084//1338
f 4185//1339 4188//1339 4190//1339
f 4190//1340 4189//1340 4191//1340
f 4194//1341 4193//1341 4195//1341
f 4091//1342 4195//1342 5137//1342
f 4193//1343 4196//1343 4197//1343
f 4197//1344 4198//1344 5080//1344
f 4199//1345 4203//1345 4201//1345
f 4201//1346 5096//1346 4202//1346
f 4199//1347 4205//1347 4200//1347
f 4204//1348 5138//1348 4205//1348
f 4208//1365 4207//1365 4209//1365
f 4105//1366 4209//1366 5117//1366
f 4207//1367 4210//1367 4211//1367
f 4211//1368 4212//1368 5076//1368
f 4213//1369 4217//1369 4215//1369
f 4215//1370 5077//1370 4216//1370
f 4213//1371 4219//1371 4214//1371
f 4218//1372 4977//1372 4219//1372
f 4220//1373 4224//1373 4221//1373
f 4221//1374 4225//1374 4222//1374
f 4220//1375 4227//1375 4223//1375
f 4226//1376 4118//1376 4227//1376
f 4228//1313 4230//1313 4231//1313
f 4231//1314 4128//1314 4126//1314
f 4228//1315 4234//1315 4229//1315
f 4232//1316 4235//1316 4234//1316
f 4236//1317 4239//1317 4238//1317
f 4238//1318 5040//1318 4135//1318
f 4236//1319 4241//1319 4237//1319
f 4240//1320 5041//1320 4241//1320
f 4245//1321 4244//1321 4247//1321
f 4246//1322 4247//1322 5129//1322
f 4244//1323 4248//1323 4249//1323
f 4249//1324 4139//1324 5005//1324
f 4251//2004 4253//2004 4255//2004
f 4255//2005 4254//2005 4257//2005
f 4252//2006 4255//2006 4256//2006
f 4256//2007 4257//2007 4970//2007
f 4253//2008 4258//2008 4259//2008
f 4259//2009 4145//2009 4149//2009
f 4254//2010 4259//2010 4260//2010
f 4260//2011 4149//2011 4969//2011
f 4261//2012 4263//2012 4264//2012
f 4262//2013 4260//2013 4263//2013
f 4264//2014 4161//2014 4159//2014
f 4263//3646 4969//3646 4161//3646
f 4261//2016 4267//2016 4262//2016
f 4265//2017 4268//2017 4267//2017
f 4262//2018 4257//2018 4254//2018
f 4267//3647 4970//3647 4257//3647
f 4269//1325 4272//1325 4271//1325
f 4271//1326 5002//1326 4168//1326
f 4269//1327 4274//1327 4270//1327
f 4273//1328 5003//1328 4274//1328
f 4278//1329 4277//1329 4280//1329
f 4279//1330 4280//1330 5066//1330
f 4277//1331 4281//1331 4282//1331
f 4282//1332 4172//1332 5146//1332
f 4284//1333 4286//1333 4287//1333
f 4285//1334 4287//1334 4288//1334
f 4286//1335 4289//1335 4290//1335
f 4290//1336 4178//1336 4181//1336
f 4294//1401 4292//1401 4293//1401
f 4189//1402 4293//1402 4191//1402
f 4292//1403 4295//1403 4297//1403
f 4297//1404 4296//1404 4298//1404
f 4301//1405 4300//1405 4302//1405
f 4198//1406 4302//1406 5080//1406
f 4300//1407 4303//1407 4304//1407
f 4304//1408 4305//1408 5036//1408
f 4306//1409 4310//1409 4308//1409
f 4308//1410 5056//1410 4309//1410
f 4306//1411 4312//1411 4307//1411
f 4311//1412 5096//1412 4312//1412
f 4315//1429 4314//1429 4316//1429
f 4212//1430 4316//1430 5076//1430
f 4314//1431 4317//1431 4318//1431
f 4318//1432 4319//1432 5126//1432
f 4320//1433 4324//1433 4322//1433
f 4322//1434 5111//1434 4323//1434
f 4320//1435 4326//1435 4321//1435
f 4325//1436 5077//1436 4326//1436
f 4327//1437 4331//1437 4328//1437
f 4328//1438 4332//1438 4329//1438
f 4327//1439 4334//1439 4330//1439
f 4333//1440 4225//1440 4334//1440
f 4335//1377 4337//1377 4338//1377
f 4338//1378 4235//1378 4233//1378
f 4335//1379 4341//1379 4336//1379
f 4339//1380 4342//1380 4341//1380
f 4343//1381 4346//1381 4345//1381
f 4345//1382 5041//1382 4242//1382
f 4343//1383 4348//1383 4344//1383
f 4347//1384 4974//1384 4348//1384
f 4352//1385 4351//1385 4354//1385
f 4353//1386 4354//1386 5128//1386
f 4351//1387 4355//1387 4356//1387
f 4356//1388 4246//1388 5129//1388
f 4358//2023 4360//2023 4362//2023
f 4362//2024 4361//2024 4364//2024
f 4359//2025 4362//2025 4363//2025
f 4363//2026 4364//2026 5139//2026
f 4360//3648 4365//3648 4366//3648
f 4366//2028 4252//2028 4256//2028
f 4361//2029 4366//2029 4367//2029
f 4367//2030 4256//2030 4970//2030
f 4368//2031 4370//2031 4371//2031
f 4369//2032 4367//2032 4370//2032
f 4371//2033 4268//2033 4266//2033
f 4370//2034 4970//2034 4268//2034
f 4368//2035 4374//2035 4369//2035
f 4372//2036 4375//2036 4374//2036
f 4369//2037 4364//2037 4361//2037
f 4374//3649 5139//3649 4364//3649
f 4376//1389 4379//1389 4378//1389
f 4378//1390 5003//1390 4275//1390
f 4376//1391 4381//1391 4377//1391
f 4380//1392 5145//1392 4381//1392
f 4385//2039 4384//2039 4387//2039
f 4386//1394 4387//1394 5067//1394
f 4384//1395 4388//1395 4389//1395
f 4389//1396 4279//1396 5066//1396
f 4391//1397 4393//1397 4394//1397
f 4392//1398 4394//1398 4395//1398
f 4393//1399 4396//1399 4397//1399
f 4397//1400 4285//1400 4288//1400
f 4401//1465 4399//1465 4400//1465
f 4296//1466 4400//1466 4298//1466
f 4399//1467 4402//1467 4404//1467
f 4404//1468 4403//1468 4405//1468
f 4408//1469 4407//1469 4409//1469
f 4305//1470 4409//1470 5036//1470
f 4407//1471 4410//1471 4411//1471
f 4411//1472 4412//1472 5006//1472
f 4413//1473 4417//1473 4415//1473
f 4415//1474 5007//1474 4416//1474
f 4413//1475 4419//1475 4414//1475
f 4418//1476 5056//1476 4419//1476
f 4422//1493 4421//1493 4423//1493
f 4319//1494 4423//1494 5126//1494
f 4421//1495 4424//1495 4425//1495
f 4425//1496 4426//1496 5046//1496
f 4427//1497 4431//1497 4429//1497
f 4429//1498 5047//1498 4430//1498
f 4427//1499 4433//1499 4428//1499
f 4432//1500 5111//1500 4433//1500
f 4434//1501 4438//1501 4435//1501
f 4435//1502 4439//1502 4436//1502
f 4434//1503 4441//1503 4437//1503
f 4440//1504 4332//1504 4441//1504
f 4442//1441 4444//1441 4445//1441
f 4445//1442 4342//1442 4340//1442
f 4442//1443 4448//1443 4443//1443
f 4446//1444 4449//1444 4448//1444
f 4450//1445 4453//1445 4452//1445
f 4452//1446 4974//1446 4349//1446
f 4450//1447 4455//1447 4451//1447
f 4454//1448 4975//1448 4455//1448
f 4459//1449 4458//1449 4461//1449
f 4460//1450 4461//1450 5130//1450
f 4458//1451 4462//1451 4463//1451
f 4463//1452 4353//1452 5128//1452
f 4465//2041 4467//2041 4469//2041
f 4469//2042 4468//2042 4471//2042
f 4466//2043 4469//2043 4470//2043
f 4470//2044 4471//2044 5118//2044
f 4467//2045 4472//2045 4473//2045
f 4473//2046 4359//2046 4363//2046
f 4468//2047 4473//2047 4474//2047
f 4474//2048 4363//2048 5139//2048
f 4475//2049 4477//2049 4478//2049
f 4476//3650 4474//3650 4477//3650
f 4478//2051 4375//2051 4373//2051
f 4477//2052 5139//2052 4375//2052
f 4475//2053 4481//2053 4476//2053
f 4479//2054 4482//2054 4481//2054
f 4476//3651 4471//3651 4468//3651
f 4481//3652 5118//3652 4471//3652
f 4483//1453 4486//1453 4485//1453
f 4485//1454 5145//1454 4382//1454
f 4483//1455 4488//1455 4484//1455
f 4487//1456 5099//1456 4488//1456
f 4492//1457 4491//1457 4494//1457
f 4493//1458 4494//1458 5100//1458
f 4491//1459 4495//1459 4496//1459
f 4496//1460 4386//1460 5067//1460
f 4498//1461 4500//1461 4501//1461
f 4499//1462 4501//1462 4502//1462
f 4500//1463 4503//1463 4504//1463
f 4504//1464 4392//1464 4395//1464
f 4508//1529 4506//1529 4507//1529
f 4403//2057 4507//2057 4405//2057
f 4506//1531 4509//1531 4511//1531
f 4511//1532 4510//1532 4512//1532
f 4515//1533 4514//1533 4516//1533
f 4412//2058 4516//2058 5006//2058
f 4514//1535 4517//1535 4518//1535
f 4518//1536 4519//1536 5071//1536
f 4520//1537 4524//1537 4522//1537
f 4522//1538 5115//1538 4523//1538
f 4520//1539 4526//1539 4521//1539
f 4525//3653 5007//3653 4526//3653
f 4529//1557 4528//1557 4530//1557
f 4426//1558 4530//1558 5046//1558
f 4528//1559 4531//1559 4532//1559
f 4532//1560 4533//1560 5134//1560
f 4534//1561 4538//1561 4536//1561
f 4536//1562 5050//1562 4537//1562
f 4534//1563 4540//1563 4535//1563
f 4539//1564 5047//1564 4540//1564
f 4541//1565 4545//1565 4542//1565
f 4542//1566 4546//1566 4543//1566
f 4541//1567 4548//1567 4544//1567
f 4547//1568 4439//1568 4548//1568
f 4549//1505 4551//1505 4552//1505
f 4552//1506 4449//1506 4447//1506
f 4549//1507 4555//1507 4550//1507
f 4553//1508 4556//1508 4555//1508
f 4557//1509 4560//1509 4559//1509
f 4559//1510 4975//1510 4456//1510
f 4557//1511 4562//1511 4558//1511
f 4561//1512 4996//1512 4562//1512
f 4566//1513 4565//1513 4568//1513
f 4567//1514 4568//1514 5144//1514
f 4565//1515 4569//1515 4570//1515
f 4570//1516 4460//1516 5130//1516
f 4572//2059 4574//2059 4576//2059
f 4576//3654 4575//3654 4578//3654
f 4573//2061 4576//2061 4577//2061
f 4577//2062 4578//2062 4999//2062
f 4574//2063 4579//2063 4580//2063
f 4580//2064 4466//2064 4470//2064
f 4575//2065 4580//2065 4581//2065
f 4581//2066 4470//2066 5118//2066
f 4582//2067 4584//2067 4585//2067
f 4583//3655 4581//3655 4584//3655
f 4585//2069 4482//2069 4480//2069
f 4584//2070 5118//2070 4482//2070
f 4582//2071 4588//2071 4583//2071
f 4586//2072 4589//2072 4588//2072
f 4583//3656 4578//3656 4575//3656
f 4588//3657 4999//3657 4578//3657
f 4590//1517 4593//1517 4592//1517
f 4592//1518 5099//1518 4489//1518
f 4590//1519 4595//1519 4591//1519
f 4594//1520 4985//1520 4595//1520
f 4599//1521 4598//1521 4601//1521
f 4600//1522 4601//1522 5074//1522
f 4598//1523 4602//1523 4603//1523
f 4603//1524 4493//1524 5100//1524
f 4605//1525 4607//1525 4608//1525
f 4606//1526 4608//1526 4609//1526
f 4607//1527 4610//1527 4611//1527
f 4611//1528 4499//1528 4502//1528
f 4615//1593 4613//1593 4614//1593
f 4510//1594 4614//1594 4512//1594
f 4613//1595 4616//1595 4618//1595
f 4618//1596 4617//1596 4619//1596
f 4622//1597 4621//1597 4623//1597
f 4519//1598 4623//1598 5071//1598
f 4621//1599 4624//1599 4625//1599
f 4625//1600 4626//1600 5135//1600
f 4627//1601 4631//1601 4629//1601
f 4629//1602 5136//1602 4630//1602
f 4627//1603 4633//1603 4628//1603
f 4632//1604 5115//1604 4633//1604
f 4636//1621 4635//1621 4637//1621
f 4533//1622 4637//1622 5134//1622
f 4635//1623 4638//1623 4639//1623
f 4639//1624 4640//1624 5017//1624
f 4641//1625 4645//1625 4643//1625
f 4643//1626 4990//1626 4644//1626
f 4641//1627 4647//1627 4642//1627
f 4646//1628 5050//1628 4647//1628
f 4648//1629 4652//1629 4649//1629
f 4649//1630 4653//1630 4650//1630
f 4648//1631 4655//1631 4651//1631
f 4654//1632 4546//1632 4655//1632
f 4656//1569 4658//1569 4659//1569
f 4659//1570 4556//1570 4554//1570
f 4656//1571 4662//1571 4657//1571
f 4660//1572 4663//1572 4662//1572
f 4664//1573 4667//1573 4666//1573
f 4666//1574 4996//1574 4563//1574
f 4664//1575 4669//1575 4665//1575
f 4668//1576 5104//1576 4669//1576
f 4673//1577 4672//1577 4675//1577
f 4674//1578 4675//1578 5127//1578
f 4672//1579 4676//1579 4677//1579
f 4677//1580 4567//1580 5144//1580
f 4679//2076 4681//2076 4683//2076
f 4683//2077 4682//2077 4685//2077
f 4680//3658 4683//3658 4684//3658
f 4684//2079 4685//2079 5048//2079
f 4681//2080 4686//2080 4687//2080
f 4687//2081 4573//2081 4577//2081
f 4682//2082 4687//2082 4688//2082
f 4688//2083 4577//2083 4999//2083
f 4689//2084 4691//2084 4692//2084
f 4690//2085 4688//2085 4691//2085
f 4692//2086 4589//2086 4587//2086
f 4691//2087 4999//2087 4589//2087
f 4689//2088 4695//2088 4690//2088
f 4693//2089 4696//2089 4695//2089
f 4690//2090 4685//2090 4682//2090
f 4695//3659 5048//3659 4685//3659
f 4697//1581 4700//1581 4699//1581
f 4699//1582 4985//1582 4596//1582
f 4697//1583 4702//1583 4698//1583
f 4701//1584 4986//1584 4702//1584
f 4706//1585 4705//1585 4708//1585
f 4707//1586 4708//1586 5075//1586
f 4705//1587 4709//1587 4710//1587
f 4710//1588 4600//1588 5074//1588
f 4712//1589 4714//1589 4715//1589
f 4713//1590 4715//1590 4716//1590
f 4711//1591 4718//1591 4714//1591
f 4718//1592 4606//1592 4609//1592
f 4722//1657 4720//1657 4721//1657
f 4617//1658 4721//1658 4619//1658
f 4720//1659 4723//1659 4725//1659
f 4725//1660 4724//1660 4726//1660
f 4729//1661 4728//1661 4730//1661
f 4626//1662 4730//1662 5135//1662
f 4728//1663 4731//1663 4732//1663
f 4732//1664 4733//1664 5079//1664
f 4734//1665 4738//1665 4736//1665
f 4736//1666 4971//1666 4737//1666
f 4734//1667 4740//1667 4735//1667
f 4739//1668 5136//1668 4740//1668
f 4743//1685 4742//1685 4744//1685
f 4640//1686 4744//1686 5017//1686
f 4742//1687 4745//1687 4746//1687
f 4746//1688 4747//1688 5018//1688
f 4748//1689 4752//1689 4750//1689
f 4750//1690 4991//1690 4751//1690
f 4748//1691 4754//1691 4749//1691
f 4753//1692 4990//1692 4754//1692
f 4755//1693 4759//1693 4756//1693
f 4756//1694 4760//1694 4757//1694
f 4755//1695 4762//1695 4758//1695
f 4761//1696 4653//1696 4762//1696
f 4763//1633 4765//1633 4766//1633
f 4766//1634 4663//1634 4661//1634
f 4763//1635 4769//1635 4764//1635
f 4767//1636 4770//1636 4769//1636
f 4771//1637 4774//1637 4773//1637
f 4773//1638 5104//1638 4670//1638
f 4771//1639 4776//1639 4772//1639
f 4775//1640 4994//1640 4776//1640
f 4780//1641 4779//1641 4782//1641
f 4781//1642 4782//1642 4995//1642
f 4779//1643 4783//1643 4784//1643
f 4784//1644 4674//1644 5127//1644
f 4786//2092 4788//2092 4790//2092
f 4790//2093 4789//2093 4792//2093
f 4787//2094 4790//2094 4791//2094
f 4791//2095 4792//2095 5088//2095
f 4788//2096 4793//2096 4794//2096
f 4794//2097 4680//2097 4684//2097
f 4789//2098 4794//2098 4795//2098
f 4795//2099 4684//2099 5048//2099
f 4796//2100 4798//2100 4799//2100
f 4797//3660 4795//3660 4798//3660
f 4799//2102 4696//2102 4694//2102
f 4798//2103 5048//2103 4696//2103
f 4796//2104 4802//2104 4797//2104
f 4800//3661 4803//3661 4802//3661
f 4797//2106 4792//2106 4789//2106
f 4802//3662 5088//3662 4792//3662
f 4804//1645 4807//1645 4806//1645
f 4806//1646 4986//1646 4703//1646
f 4804//1647 4809//1647 4805//1647
f 4808//1648 5098//1648 4809//1648
f 4813//1649 4812//1649 4815//1649
f 4814//1650 4815//1650 5112//1650
f 4812//1651 4816//1651 4817//1651
f 4817//1652 4707//1652 5075//1652
f 4819//1653 4821//1653 4822//1653
f 4820//1654 4822//1654 4823//1654
f 4821//1655 4824//1655 4825//1655
f 4825//1656 4713//1656 4716//1656
f 4829//1721 4827//1721 4828//1721
f 4724//1722 4828//1722 4726//1722
f 4827//1723 4830//1723 4832//1723
f 4832//1724 4831//1724 4833//1724
f 4836//1725 4835//1725 4837//1725
f 4733//3602 4837//3602 5079//3602
f 4835//1727 4838//1727 4839//1727
f 4839//1728 4840//1728 5095//1728
f 4841//1729 4845//1729 4843//1729
f 4843//1730 4972//1730 4844//1730
f 4841//1731 4847//1731 4842//1731
f 4846//1732 4971//1732 4847//1732
f 4850//1749 4849//1749 4851//1749
f 4747//1750 4851//1750 5018//1750
f 4849//1751 4852//1751 4853//1751
f 4853//1752 4854//1752 5119//1752
f 4855//1753 4859//1753 4857//1753
f 4857//1754 5120//1754 4858//1754
f 4855//1755 4861//1755 4856//1755
f 4860//2108 4991//2108 4861//2108
f 4862//1757 4866//1757 4863//1757
f 4863//1758 4867//1758 4864//1758
f 4862//1759 4869//1759 4865//1759
f 4868//1760 4760//1760 4869//1760
f 4870//1697 4872//1697 4873//1697
f 4873//1698 4770//1698 4768//1698
f 4870//1699 4876//1699 4871//1699
f 4874//1700 4877//1700 4876//1700
f 4878//1701 4881//1701 4880//1701
f 4880//1702 4994//1702 4777//1702
f 4878//1703 4883//1703 4879//1703
f 4882//1704 5063//1704 4883//1704
f 4887//1705 4886//1705 4889//1705
f 4888//1706 4889//1706 5055//1706
f 4886//1707 4890//1707 4891//1707
f 4891//1708 4781//1708 4995//1708
f 4893//2109 4895//2109 4897//2109
f 4897//2110 4896//2110 4899//2110
f 4894//2111 4897//2111 4898//2111
f 4898//2112 4899//2112 5131//2112
f 4895//2113 4900//2113 4901//2113
f 4901//2114 4787//2114 4791//2114
f 4896//2115 4901//2115 4902//2115
f 4902//2116 4791//2116 5088//2116
f 4903//2117 4905//2117 4906//2117
f 4904//2118 4902//2118 4905//2118
f 4906//2119 4803//2119 4801//2119
f 4905//3663 5088//3663 4803//3663
f 4903//2121 4909//2121 4904//2121
f 4907//2122 4910//2122 4909//2122
f 4904//3664 4899//3664 4896//3664
f 4909//3665 5131//3665 4899//3665
f 4911//1709 4914//1709 4913//1709
f 4913//1710 5098//1710 4810//1710
f 4911//1711 4916//1711 4912//1711
f 4915//1712 5072//1712 4916//1712
f 4920//1713 4919//1713 4922//1713
f 4921//1714 4922//1714 5014//1714
f 4919//1715 4923//1715 4924//1715
f 4924//3666 4814//3666 5112//3666
f 4926//1717 4928//1717 4929//1717
f 4927//1718 4929//1718 4930//1718
f 4928//1719 4931//1719 4932//1719
f 4932//1720 4820//1720 4823//1720
f 4831//1774 4934//1774 4833//1774
f 4840//1776 4938//1776 5095//1776
f 5150//2125 4942//2125 5152//2125
f 4940//1778 4972//1778 4941//1778
f 5165//3667 4937//3667 1669//3667
f 4854//1780 4944//1780 5119//1780
f 4946//1782 5120//1782 4947//1782
f 4949//1784 4867//1784 4950//1784
f 4953//1762 4877//1762 4875//1762
f 4955//1764 5063//1764 4884//1764
f 4959//1766 4888//1766 5055//1766
f 2395//2125 2416//2125 2415//2125
f 4961//1768 5072//1768 4917//1768
f 4965//1770 4921//1770 5014//1770
f 4968//1772 4927//1772 4930//1772
f 1192//2127 4091//2127 4089//2127
f 1592//2128 4813//2128 1595//2128
f 805//2129 3409//2129 3405//2129
f 1190//2658 4094//2658 1193//2658
f 1595//2131 4814//2131 2454//2131
f 807//2132 3410//2132 3409//2132
f 1193//2133 4095//2133 2172//2133
f 2257//2134 5137//2134 4195//2134
f 1592//2135 4816//2135 4811//2135
f 2258//2136 4195//2136 4193//2136
f 1190//2137 4097//2137 4092//2137
f 2258//2138 4197//2138 2259//2138
f 1596//2139 4707//2139 4816//2139
f 2259//2140 5080//2140 2759//2140
f 1194//2141 3988//2141 4097//2141
f 1597//2142 4819//2142 1598//2142
f 805//2143 3408//2143 808//2143
f 1598//2144 4820//2144 2148//2144
f 808//2145 3303//2145 1877//2145
f 1197//2146 4099//2146 4101//2146
f 2020//2147 951//2147 954//2147
f 2128//2148 4101//2148 3998//2148
f 1599//2149 4822//2149 4821//2149
f 2263//2150 3660//2150 3658//2150
f 811//2151 3415//2151 813//2151
f 2263//2152 3662//2152 2264//2152
f 813//2153 3312//2153 2544//2153
f 1198//2843 4099//2843 1195//2843
f 1601//3305 4823//3305 4822//3305
f 2264//2156 5143//2156 2714//2156
f 1597//2157 4824//2157 4818//2157
f 2265//2158 5115//2158 2787//2158
f 811//2159 3417//2159 3413//2159
f 2598//2160 4103//2160 1198//2160
f 1600//2161 4713//2161 4824//2161
f 2266//2162 4633//2162 2265//2162
f 2266//2163 4631//2163 4628//2163
f 814//2164 3419//2164 3417//2164
f 1199//2165 4106//2165 4108//2165
f 1599//2166 4825//2166 1602//2166
f 2267//2167 5136//2167 4631//2167
f 2599//2168 4108//2168 4109//2168
f 1602//2169 4716//2169 2497//2169
f 812//2170 3422//2170 815//2170
f 815//2171 3423//2171 2231//2171
f 1200//2172 4106//2172 1196//2172
f 1604//2173 4828//2173 4827//2173
f 812//2174 3425//2174 3420//2174
f 2129//2175 4111//2175 1200//2175
f 1607//2176 4726//2176 4828//2176
f 1202//2177 4113//2177 4114//2177
f 1603//2178 4830//2178 4826//2178
f 2717//2179 3791//2179 4982//2179
f 816//2673 3316//2673 3425//2673
f 2408//2181 4114//2181 4115//2181
f 1605//2182 4831//2182 4830//2182
f 2273//2183 3786//2183 3791//2183
f 817//2184 3428//2184 818//2184
f 2275//2185 3786//2185 2274//2185
f 818//2186 3429//2186 1984//2186
f 1205//2187 4116//2187 1203//2187
f 1604//2188 4832//2188 1608//2188
f 2726//2189 3789//2189 2275//2189
f 1608//2190 4833//2190 1845//2190
f 819//2191 3431//2191 3430//2191
f 2409//2192 4117//2192 1205//2192
f 1603//2193 4829//2193 1606//2193
f 2665//2194 3179//2194 5101//2194
f 1204//2195 4113//2195 1201//2195
f 1606//2196 4724//2196 2090//2196
f 2278//2995 3174//2995 3179//2995
f 821//2198 3432//2198 3431//2198
f 2561//2199 4119//2199 1204//2199
f 2280//2200 3174//2200 2279//2200
f 820//3313 3427//3313 817//3313
f 1609//2202 4836//2202 1611//2202
f 2674//2203 3177//2203 2280//2203
f 820//2204 3322//2204 3433//2204
f 1206//2205 4116//2205 4120//2205
f 1611//2206 4733//2206 1912//2206
f 2683//2207 3393//2207 5133//2207
f 2562//2208 4120//2208 4011//2208
f 2281//2209 3388//2209 3393//2209
f 819//2210 3434//2210 822//2210
f 1609//2211 4838//2211 4834//2211
f 2283//2212 3388//2212 2282//2212
f 822//2213 3325//2213 2458//2213
f 1211//2214 4122//2214 1208//2214
f 2692//2215 3391//2215 2283//2215
f 1612//2216 4840//2216 4838//2216
f 824//2217 3437//2217 3436//2217
f 2253//2218 4123//2218 1211//2218
f 1209//2219 4121//2219 1207//2219
f 1610//2824 4843//2824 1613//2824
f 827//2221 3335//2221 3437//2221
f 2237//2222 4125//2222 1209//2222
f 1613//2223 4844//2223 2623//2223
f 823//2224 3439//2224 3435//2224
f 825//2329 3440//2329 3439//2329
f 1212//2226 4122//2226 4127//2226
f 1610//3668 4846//3668 4841//3668
f 2290//2228 5112//2228 2812//2228
f 2236//2229 4127//2229 4128//2229
f 2291//2230 4924//2230 2290//2230
f 824//2231 3441//2231 828//2231
f 1210//2232 4121//2232 4124//2232
f 1614//2233 4737//2233 4846//2233
f 2291//2234 4922//2234 4919//2234
f 828//2235 3442//2235 2585//2235
f 2254//2236 4124//2236 4019//2236
f 2292//2237 5014//2237 4922//2237
f 823//2238 3438//2238 826//2238
f 1617//2239 4848//2239 4850//2239
f 826//2240 3333//2240 2358//2240
f 1215//2241 4129//2241 4131//2241
f 2319//2242 4850//2242 4747//2242
f 1968//2243 4131//2243 4028//2243
f 829//2244 3445//2244 831//2244
f 1618//2245 4848//2245 1615//2245
f 831//2246 3342//2246 2555//2246
f 1216//2247 4129//2247 1213//2247
f 2068//2248 4852//2248 1618//2248
f 829//2249 3447//2249 3443//2249
f 2299//2250 4133//2250 1216//2250
f 1619//2234 4855//2234 4857//2234
f 2301//2251 5142//2251 2695//2251
f 832//2252 3449//2252 3447//2252
f 1217//2253 4136//2253 4138//2253
f 2069//2237 4857//2237 4858//2237
f 2302//2254 3533//2254 2301//2254
f 2300//2255 4138//2255 4139//2255
f 2302//2256 3531//2256 3528//2256
f 830//2257 3452//2257 833//2257
f 1620//2230 4855//2230 1616//2230
f 2303//2258 5093//2258 3531//2258
f 833//2259 3453//2259 1801//2259
f 1218//2260 4136//2260 1214//2260
f 2320//2228 4860//2228 1620//2228
f 830//2262 3455//2262 3450//2262
f 1969//2263 4141//2263 1218//2263
f 1622//2264 4862//2264 4863//2264
f 2306//2265 5109//2265 2706//2265
f 1219//2266 4144//2266 1220//2266
f 1893//2267 4863//2267 4864//2267
f 2307//2268 3670//2268 2306//2268
f 834//2269 3346//2269 3455//2269
f 2361//2270 4144//2270 4145//2270
f 2307//2765 3668//2765 3665//2765
f 1625//2272 4865//2272 1623//2272
f 2308//2767 5121//2767 3668//2767
f 837//2274 3457//2274 3459//2274
f 2106//2275 3459//2275 3356//2275
f 1894//2276 4866//2276 1625//2276
f 1624//2277 4862//2277 1621//2277
f 838//2278 3457//2278 835//2278
f 2152//2279 4868//2279 1624//2279
f 2342//2280 3461//2280 838//2280
f 1219//2281 4151//2281 4143//2281
f 1626//2282 4865//2282 4869//2282
f 1910//2283 4151//2283 1222//2283
f 2153//2284 4869//2284 4760//2284
f 839//2256 3464//2256 3466//2256
f 2673//2285 3276//2285 2316//2285
f 2343//2258 3466//2258 3467//2258
f 1631//2193 4871//2193 1628//2193
f 2316//2286 3274//2286 2317//2286
f 2318//2287 3274//2287 3278//2287
f 840//2254 3464//2254 836//2254
f 2629//2196 4872//2196 1631//2196
f 2682//2288 3278//2288 5140//2288
f 1629//2188 4870//2188 1627//2188
f 2107//2251 3469//2251 840//2251
f 1978//2190 4874//2190 1629//2190
f 842//2289 3471//2289 3472//2289
f 2736//2290 4025//2290 2321//2290
f 2540//2291 3472//2291 3473//2291
f 1632//2178 4871//2178 4876//2178
f 2321//2292 4023//2292 2322//2292
f 1977//2182 4876//2182 4877//2182
f 2323//2293 4023//2293 4027//2293
f 845//2294 3474//2294 843//2294
f 1630//2173 4870//2173 4873//2173
f 2745//2295 4027//2295 5097//2295
f 1225//2296 4158//2296 4154//2296
f 2630//2176 4873//2176 4768//2176
f 2799//2297 4774//2297 2324//2297
f 2541//2298 3475//2298 845//2298
f 1227//2299 4159//2299 4158//2299
f 2324//2300 4772//2300 2325//2300
f 844//2301 3471//2301 841//2301
f 1635//2302 4878//2302 4880//2302
f 2326//2303 4772//2303 4776//2303
f 2286//2304 3477//2304 844//2304
f 1741//2305 4880//2305 4777//2305
f 2808//2306 4776//2306 4994//2306
f 2728//2307 3928//2307 5029//2307
f 846//2308 3474//2308 3478//2308
f 1636//2309 4878//2309 1633//2309
f 2327//2310 3923//2310 3928//2310
f 2287//2311 3478//2311 3369//2311
f 1225//2312 4157//2312 1228//2312
f 2329//2313 3923//2313 2328//2313
f 1228//2314 4052//2314 1844//2314
f 2028//2315 4882//2315 1636//2315
f 2737//2316 3926//2316 2329//2316
f 848//2238 3481//2238 3480//2238
f 1231//2317 4164//2317 1233//2317
f 1637//2318 4885//2318 4887//2318
f 2007//2240 3481//2240 851//2240
f 1233//2319 4061//2319 2506//2319
f 2029//2320 4887//2320 4888//2320
f 2332//2321 5031//2321 2643//2321
f 849//2231 3479//2231 847//2231
f 2333//2322 2921//2322 2332//2322
f 1756//2235 3483//2235 849//2235
f 1231//2323 4166//2323 4162//2323
f 1638//2324 4885//2324 1634//2324
f 2333//2325 2919//2325 2916//2325
f 2334//2326 5114//2326 2919//2326
f 852//2224 3480//2224 3485//2224
f 1234//2327 4168//2327 4166//2327
f 1742//2328 4890//2328 1638//2328
f 1755//2225 3485//2225 3486//2225
f 1640//2330 4892//2330 4893//2330
f 850//2217 3479//2217 3482//2217
f 1232//2331 4171//2331 1235//2331
f 2304//2332 4893//2332 4894//2332
f 2807//2333 4861//2333 4991//2333
f 2008//2221 3482//2221 3377//2221
f 1235//2334 4172//2334 2488//2334
f 2337//2335 4856//2335 4861//2335
f 2339//2336 4856//2336 2338//2336
f 855//2337 3487//2337 3489//2337
f 1232//2338 4174//2338 4169//2338
f 2816//2339 4859//2339 2339//2339
f 1948//2340 3489//2340 3386//2340
f 1236//2341 4065//2341 4174//2341
f 856//2342 3487//2342 853//2342
f 1237//2187 4177//2187 1238//2187
f 1905//2343 4210//2343 1258//2343
f 1238//2192 4178//2192 2246//2192
f 1642//2344 4892//2344 1639//2344
f 2635//2345 3491//2345 856//2345
f 2525//2346 4900//2346 1642//2346
f 1259//2347 4213//2347 4215//2347
f 1239//2177 4180//2177 4179//2177
f 857//2348 3494//2348 3496//2348
f 1906//2349 4215//2349 4216//2349
f 2636//2350 3496//2350 3497//2350
f 1241//2181 4181//2181 4180//2181
f 1260//2351 4213//2351 1256//2351
f 1237//2205 4182//2205 4176//2205
f 858//2352 3494//2352 854//2352
f 1240//2208 4071//2208 4182//2208
f 2599//2353 4218//2353 1260//2353
f 1949//2354 3499//2354 858//2354
f 1262//2355 4220//2355 4221//2355
f 1242//2195 4179//2195 4183//2195
f 860//2356 3501//2356 3502//2356
f 2189//2357 4221//2357 4222//2357
f 1242//2199 4074//2199 2238//2199
f 2057//2358 3502//2358 3503//2358
f 1265//2359 4223//2359 1263//2359
f 1244//2387 4186//2387 4185//2387
f 1645//2361 4907//2361 4903//2361
f 2190//2362 4224//2362 1265//2362
f 1247//2363 4084//2363 4186//2363
f 1647//2364 4908//2364 4907//2364
f 1264//2365 4220//2365 1261//2365
f 1243//2366 4188//2366 4184//2366
f 2408//2367 4226//2367 1264//2367
f 1245//2368 4189//2368 4188//2368
f 862//2369 3501//2369 859//2369
f 1266//2370 4223//2370 4227//2370
f 1244//2371 4190//2371 1248//2371
f 1886//2372 3509//2372 862//2372
f 2409//2373 4227//2373 4118//2373
f 1248//2374 4191//2374 2123//2374
f 1645//2375 4906//2375 1648//2375
f 1243//2376 4187//2376 1246//2376
f 1648//2377 4801//2377 2388//2377
f 1271//2376 4229//2376 1268//2376
f 1246//2378 4082//2378 1783//2378
f 1651//2379 4913//2379 1653//2379
f 2236//2378 4230//2378 1271//2378
f 1249//2380 4194//2380 1251//2380
f 1653//2381 4810//2381 2453//2381
f 1269//2371 4228//2371 1267//2371
f 1251//2382 4091//2382 2171//2382
f 2024//2374 4232//2374 1269//2374
f 1651//2383 4915//2383 4911//2383
f 1249//2384 4196//2384 4192//2384
f 1272//2366 4229//2366 4234//2366
f 1654//2385 4917//2385 4915//2385
f 2023//2368 4234//2368 4235//2368
f 1252//2386 4198//2386 4196//2386
f 1270//2360 4228//2360 4231//2360
f 1652//2336 4920//2336 1655//2336
f 865//2388 3516//2388 3512//2388
f 2237//2363 4231//2363 4126//2363
f 1250//3240 4201//3240 1253//3240
f 1655//2339 4921//2339 1899//2339
f 867//2390 3517//2390 3516//2390
f 1253//2391 4202//2391 1967//2391
f 1275//2136 4236//2136 4238//2136
f 1652//2335 4923//2335 4918//2335
f 2299//2134 4238//2134 4135//2134
f 1250//2392 4204//2392 4199//2392
f 1656//3669 4814//3669 4923//3669
f 1276//2138 4236//2138 1273//2138
f 1254//2393 4095//2393 4204//2393
f 1657//2272 4926//2272 1658//2272
f 865//2394 3515//2394 868//2394
f 1658//2276 4927//2276 1971//2276
f 868//2395 3410//2395 2048//2395
f 2559//2140 4240//2140 1276//2140
f 1257//2396 4206//2396 4208//2396
f 2598//2397 4208//2397 4105//2397
f 1659//2264 4929//2264 4928//2264
f 871//2398 3522//2398 873//2398
f 1277//2399 4243//2399 4245//2399
f 873//2400 3419//2400 2230//2400
f 2560//2401 4245//2401 4246//2401
f 1258//2402 4206//2402 1255//2402
f 1661//2267 4930//2267 4929//2267
f 1657//2282 4931//2282 4925//2282
f 871//2403 3524//2403 3520//2403
f 1278//2404 4243//2404 1274//2404
f 1660//2284 4820//2284 4931//2284
f 484//2405 2822//2405 2823//2405
f 483//2406 2824//2406 2822//2406
f 874//2407 3526//2407 3524//2407
f 2300//2408 4248//2408 1278//2408
f 1659//2277 4932//2277 1662//2277
f 485//2409 2825//2409 2824//2409
f 1279//2410 4251//2410 1280//2410
f 1662//2279 4823//2279 2147//2279
f 872//2411 3529//2411 875//2411
f 2604//2412 4251//2412 4252//2412
f 484//2413 2826//2413 486//2413
f 875//2414 3530//2414 1959//2414
f 1664//2415 4934//2415 4933//2415
f 486//2416 2827//2416 1878//2416
f 2217//3670 2828//3670 2829//3670
f 872//2418 3532//2418 3527//2418
f 1666//2419 4833//2419 4934//2419
f 487//3671 2830//3671 2828//3671
f 876//2421 3423//2421 3532//2421
f 1665//2422 4831//2422 1846//2422
f 489//2423 2832//2423 2830//2423
f 877//2294 3535//2294 878//2294
f 488//2424 2834//2424 2833//2424
f 878//2298 3536//2298 2214//2298
f 1282//2425 4250//2425 1279//2425
f 488//3672 2835//3672 490//3672
f 2361//2427 4258//2427 1282//2427
f 1669//2428 4840//2428 2622//2428
f 490//2429 2836//2429 1807//2429
f 879//2289 3538//2289 3537//2289
f 5166//2430 1672//2430 1674//2430
f 491//2431 2839//2431 1816//2431
f 881//2291 3539//2291 3538//2291
f 1668//3673 4940//3673 4939//3673
f 493//3674 2838//3674 491//3674
f 877//2308 3540//2308 3534//2308
f 880//2311 3429//2311 3540//2311
f 1670//2435 4844//2435 4940//2435
f 2082//2436 2840//2436 493//2436
f 4939//3675 5155//3675 1668//3675
f 1960//2438 2843//2438 492//2438
f 879//2301 3541//2301 882//2301
f 1673//3676 4942//3676 4943//3676
f 494//3677 2843//3677 2845//3677
f 882//2304 3432//2304 1983//2304
f 2068//2441 4943//2441 4854//2441
f 2083//2442 2845//2442 2846//2442
f 884//2443 3544//2443 3543//2443
f 496//3678 2848//3678 2849//3678
f 1285//2445 4265//2445 4261//2445
f 5162//3679 4946//3679 4947//3679
f 2527//2447 2849//2447 2850//2447
f 887//2448 3442//2448 3544//2448
f 1287//2449 4266//2449 4265//2449
f 497//2450 2848//2450 495//2450
f 883//2451 3546//2451 3542//2451
f 2069//2452 4946//2452 1674//2452
f 498//2526 2851//2526 497//2526
f 5108//2454 3546//2454 3555//2454
f 2528//2455 2852//2455 498//2455
f 884//2456 3548//2456 888//2456
f 1893//2457 4949//2457 1677//2457
f 499//2405 2855//2405 500//2405
f 885//2458 2705//2458 2132//2458
f 1288//2459 4261//2459 4264//2459
f 501//2413 2854//2413 499//2413
f 883//2461 3545//2461 886//2461
f 1288//2462 4159//2462 1716//2462
f 1678//3680 4948//3680 4950//3680
f 1747//2416 2856//2416 501//2416
f 886//2464 3440//2464 2586//2464
f 1894//2465 4950//2465 4867//2465
f 1291//2466 4271//2466 1293//2466
f 502//3681 2855//3681 2858//3681
f 889//2467 3552//2467 891//2467
f 1293//2468 4168//2468 2487//2468
f 1682//3682 4951//3682 1680//3682
f 1746//2409 2858//2409 2859//2409
f 891//2470 3449//2470 1800//2470
f 503//2417 2861//2417 1836//2417
f 1291//2471 4273//2471 4269//2471
f 1977//2422 4952//2422 1682//2422
f 505//3683 2860//3683 503//3683
f 889//2473 3554//2473 3550//2473
f 1294//2474 4275//2474 4273//2474
f 1978//2419 4953//2419 4875//2419
f 2400//2475 2862//2475 505//2475
f 3559//2476 892//2476 893//2476
f 504//2424 2866//2424 2865//2424
f 1292//2477 4278//2477 1295//2477
f 506//3684 2865//3684 2867//3684
f 890//2479 3559//2479 893//2479
f 1295//2480 4279//2480 2250//2480
f 2028//2481 4955//2481 4884//2481
f 2401//2482 2867//2482 2868//2482
f 3560//2483 3554//2483 3559//2483
f 1292//2484 4281//2484 4276//2484
f 508//3685 2870//3685 2871//3685
f 890//2486 3562//2486 3557//2486
f 1686//3686 4957//3686 1684//3686
f 2335//2488 2871//2488 2872//2488
f 1296//2489 4172//2489 4281//2489
f 507//3687 2873//3687 2870//3687
f 894//2491 3453//2491 3562//2491
f 1297//2359 4284//2359 1298//2359
f 2029//2492 4958//2492 1686//2492
f 509//3688 2874//3688 2873//3688
f 1298//2362 4285//2362 2386//2362
f 2136//2494 4910//2494 4908//2494
f 897//2495 3564//2495 3566//2495
f 2135//2494 5131//2494 4910//2494
f 2342//2496 3566//2496 3463//2496
f 1299//2355 4287//2355 4286//2355
f 898//3113 3564//3113 895//3113
f 1301//2357 4288//2357 4287//2357
f 511//3689 2879//3689 512//3689
f 1297//2370 4289//2370 4283//2370
f 512//2493 2874//2493 1713//2493
f 898//2500 2436//2500 899//2500
f 1300//2373 4178//2373 4289//2373
f 511//3690 2880//3690 2878//3690
f 513//2502 2881//2502 2880//2502
f 899//2503 3571//2503 3573//2503
f 1299//2365 4290//2365 1302//2365
f 5131//2494 2305//2494 4898//2494
f 960//2504 3673//2504 3683//2504
f 1302//2367 4181//2367 2245//2367
f 4898//2494 2304//2494 4894//2494
f 900//2505 3571//2505 896//2505
f 1304//2506 4293//2506 4292//2506
f 515//2431 2885//2431 2600//2431
f 2343//2507 3576//2507 900//2507
f 1307//2508 4191//2508 4293//2508
f 515//3691 2886//3691 2884//3691
f 902//2510 3578//2510 3579//2510
f 1303//3692 4295//3692 4291//3692
f 1999//2512 1784//2512 2708//2512
f 1305//2513 4296//2513 4295//2513
f 517//2514 2888//2514 2886//2514
f 2395//2515 4962//2515 4959//2515
f 516//2438 2890//2438 2889//2438
f 905//2516 3581//2516 903//2516
f 1304//3693 4297//3693 1308//3693
f 1687//3694 4961//3694 1689//3694
f 516//3695 2891//3695 518//3695
f 1308//2520 4298//2520 2346//2520
f 1689//2521 4917//2521 1898//2521
f 518//2522 2892//2522 2470//2522
f 1303//2523 4294//2523 1306//2523
f 904//2524 3578//2524 901//2524
f 1306//2525 4189//2525 2124//2525
f 519//2526 2895//2526 520//2526
f 2540//2527 3584//2527 904//2527
f 520//2455 2896//2455 2195//2455
f 1309//2528 4301//2528 1311//2528
f 521//2450 2894//2450 519//2450
f 906//2529 3581//2529 3585//2529
f 1311//2530 4198//2530 1966//2530
f 1690//2531 4921//2531 4964//2531
f 521//2444 2898//2444 2897//2444
f 2541//2532 3585//2532 3476//2532
f 5185//3696 4953//3696 1681//3696
f 1309//2534 4303//2534 4299//2534
f 5188//3697 4967//3697 4968//3697
f 522//2447 2899//2447 2898//2447
f 911//2461 3587//2461 908//2461
f 1693//2465 4927//2465 4967//2465
f 1312//2537 4305//2537 4303//2537
f 524//2638 2902//2638 2901//2638
f 1755//2464 3588//2464 911//2464
f 1692//2539 4968//2539 1694//2539
f 909//2456 3586//2456 907//2456
f 1310//2540 4308//2540 1313//2540
f 1694//2457 4930//2457 1970//2457
f 527//2541 2827//2541 2902//2541
f 2373//2542 978//2542 2374//2542
f 1313//2543 4309//2543 2641//2543
f 523//2544 2904//2544 2900//2544
f 525//2545 2905//2545 2904//2545
f 912//2451 3587//2451 3592//2451
f 1310//2546 4311//2546 4306//2546
f 3583//2547 3592//2547 3593//2547
f 524//2548 2906//2548 528//2548
f 910//2443 3586//2443 3589//2443
f 1314//2549 4202//2549 4311//2549
f 1698//2328 4971//2328 2805//2328
f 528//2550 2907//2550 2590//2550
f 1756//2448 3589//2448 3484//2448
f 1699//2324 4847//2324 1698//2324
f 523//2623 2903//2623 526//2623
f 1317//2552 4313//2552 4315//2552
f 1699//2318 4845//2318 4842//2318
f 526//2553 2825//2553 1879//2553
f 915//2554 3594//2554 3596//2554
f 1905//2555 4315//2555 4212//2555
f 1700//2320 4972//2320 4845//2320
f 2635//3698 3596//3698 3493//3698
f 529//2557 2910//2557 531//2557
f 1318//2558 4313//2558 1315//2558
f 531//2559 2832//2559 1806//2559
f 916//2560 3594//2560 913//2560
f 2108//2561 4317//2561 1318//2561
f 2772//2562 4453//2562 1705//2562
f 529//2563 2912//2563 2908//2563
f 975//2504 3713//2504 978//2504
f 1705//2564 4451//2564 1706//2564
f 1319//2565 4320//2565 4322//2565
f 1707//2566 4451//2566 4455//2566
f 532//2567 2914//2567 2912//2567
f 917//2568 3601//2568 3603//2568
f 2109//2569 4322//2569 4323//2569
f 2781//2570 4455//2570 4975//2570
f 3603//2476 916//2476 917//2476
f 533//2571 2915//2571 2917//2571
f 1320//2572 4320//2572 1316//2572
f 2744//2341 4112//2341 4976//2341
f 533//2682 2918//2682 2046//2682
f 918//2574 3601//2574 914//2574
f 1710//2338 4107//2338 4112//2338
f 1906//2575 4325//2575 1320//2575
f 1712//2331 4107//2331 1711//2331
f 530//2576 2920//2576 2915//2576
f 2636//2577 3606//2577 918//2577
f 1322//2578 4327//2578 4328//2578
f 2753//2334 4110//2334 1712//2334
f 920//2579 3608//2579 3609//2579
f 1950//2580 4328//2580 4329//2580
f 534//2581 2836//2581 2920//2581
f 2310//3699 2592//3699 2709//3699
f 1325//3700 4330//3700 1323//3700
f 537//2584 2922//2584 2924//2584
f 2082//2585 2924//2585 2842//2585
f 1951//2586 4331//2586 1325//2586
f 1324//2587 4327//2587 1321//2587
f 538//2588 2922//2588 535//2588
f 2189//2589 4333//2589 1324//2589
f 1858//2590 2926//2590 538//2590
f 922//2591 3608//2591 919//2591
f 1326//2592 4330//2592 4334//2592
f 2057//2593 3616//2593 922//2593
f 2190//2594 4334//2594 4225//2594
f 539//2595 2929//2595 2931//2595
f 1722//2596 4983//2596 2733//2596
f 1859//2597 2931//2597 2932//2597
f 1331//2523 4336//2523 1328//2523
f 1723//2598 3991//2598 1722//2598
f 1723//2599 3989//2599 3986//2599
f 540//2600 2929//2600 536//2600
f 2023//2525 4337//2525 1331//2525
f 1724//2601 4984//2601 3989//2601
f 1329//3693 4335//3693 1327//3693
f 1725//2602 4985//2602 4700//2602
f 2083//2603 2934//2603 540//2603
f 1781//2520 4339//2520 1329//2520
f 1726//2604 4700//2604 4698//2604
f 542//2605 2936//2605 2937//2605
f 1726//2606 4702//2606 1727//2606
f 1888//2607 2937//2607 2938//2607
f 1332//2511 4336//2511 4341//2511
f 1727//2608 4986//2608 2802//2608
f 1780//2513 4341//2513 4342//2513
f 545//2609 2939//2609 543//2609
f 1330//2506 4335//2506 4338//2506
f 925//2610 3623//2610 3619//2610
f 2024//2508 4338//2508 4233//2508
f 1889//2611 2940//2611 545//2611
f 2713//3701 938//3701 2182//3701
f 544//2613 2936//2613 541//2613
f 1333//2614 4345//2614 1335//2614
f 2527//2615 2942//2615 544//2615
f 2559//2616 4345//2616 4242//2616
f 2798//2139 4754//2139 4990//2139
f 546//3702 2939//3702 2943//3702
f 1336//2618 4343//2618 1333//2618
f 1733//2135 4749//2135 4754//2135
f 2528//2619 2943//2619 2853//2619
f 925//2620 3622//2620 928//2620
f 1735//2128 4749//2128 1734//2128
f 928//2621 3517//2621 2244//2621
f 2113//2622 4347//2622 1336//2622
f 2807//2131 4752//2131 1735//2131
f 551//2551 2945//2551 548//2551
f 931//2624 3629//2624 933//2624
f 1337//2625 4350//2625 4352//2625
f 1738//2626 4992//2626 2722//2626
f 1746//2553 2946//2553 551//2553
f 933//3018 3526//3018 1958//3018
f 2114//2628 4352//2628 4353//2628
f 1739//2629 3854//2629 1738//2629
f 549//2548 2944//2548 547//2548
f 1739//2630 3852//2630 3849//2630
f 2050//2550 2948//2550 549//2550
f 931//2631 3631//2631 3627//2631
f 1338//2632 4350//2632 1334//2632
f 1740//2633 4993//2633 3852//2633
f 552//2544 2945//2544 2950//2544
f 3642//3703 5062//3703 3638//3703
f 2560//2635 4355//2635 1338//2635
f 2049//2545 2950//2545 2951//2545
f 1339//2636 4358//2636 1340//2636
f 2781//2637 4560//2637 1743//2637
f 550//2538 2944//2538 2947//2538
f 932//2639 3636//2639 935//2639
f 2176//2640 4358//2640 4359//2640
f 1743//2641 4558//2641 1744//2641
f 1747//2541 2947//2541 2857//2541
f 3754//3704 5062//3704 3643//3704
f 1745//2643 4558//2643 4562//2643
f 2790//2644 4562//2644 4996//2644
f 555//2645 2952//2645 2954//2645
f 932//2646 3639//2646 3634//2646
f 2400//2647 2954//2647 2864//2647
f 936//2648 3530//2648 3639//2648
f 556//2649 2952//2649 553//2649
f 937//2516 3642//2516 938//2516
f 941//2476 3548//2476 3645//2476
f 1342//2650 4357//2650 1339//2650
f 2232//2651 2956//2651 556//2651
f 2604//2652 4365//2652 1342//2652
f 939//2510 3645//2510 3644//2510
f 557//2325 2959//2325 2961//2325
f 2233//2326 2961//2326 2962//2326
f 946//2653 2705//2653 1704//2653
f 937//2529 3647//2529 3641//2529
f 558//2322 2959//2322 554//2322
f 940//2532 3536//2532 3647//2532
f 1757//2397 5002//2397 4272//2397
f 1758//2396 4272//2396 4270//2396
f 2401//2321 2964//2321 558//2321
f 939//2524 3648//2524 942//2524
f 1758//2402 4274//2402 1759//2402
f 560//2654 2966//2654 2967//2654
f 942//2527 3539//2527 2213//2527
f 1759//2343 5003//2343 2766//2343
f 2288//2655 2967//2655 2968//2655
f 2746//2141 4142//2141 5004//2141
f 944//2656 3651//2656 3650//2656
f 1760//2137 4137//2137 4142//2137
f 1345//2657 4372//2657 4368//2657
f 1762//2658 4137//2658 1761//2658
f 3660//2504 946//2504 3652//2504
f 1347//2659 4373//2659 4372//2659
f 2755//2133 4140//2133 1762//2133
f 943//2660 3653//2660 3649//2660
f 945//2661 3654//2661 3653//2661
f 559//2662 2974//2662 2966//2662
f 944//2663 3655//2663 948//2663
f 2335//2664 2974//2664 562//2664
f 948//2665 3656//2665 1979//2665
f 1345//2666 4371//2666 1348//2666
f 2689//2400 3460//2400 1767//2400
f 943//2667 3652//2667 946//2667
f 1348//2668 4266//2668 2422//2668
f 1767//2398 3458//2398 1768//2398
f 3652//2669 5108//2669 3660//2669
f 1769//2403 3458//2403 3462//2403
f 1351//2670 4378//2670 1353//2670
f 2698//2407 3462//2407 5009//2407
f 949//2671 3659//2671 951//2671
f 1353//2672 4275//2672 2249//2672
f 2681//2673 3363//2673 5010//2673
f 3659//2542 3560//2542 3669//2542
f 1770//2174 3358//2174 3363//2174
f 1351//2674 4380//2674 4376//2674
f 1772//2170 3358//2170 1771//2170
f 949//2675 3661//2675 3657//2675
f 2690//2171 3361//2171 1772//2171
f 1354//2676 4382//2676 4380//2676
f 2647//2581 2965//2581 5012//2581
f 952//3218 3663//3218 3661//3218
f 1773//2576 2960//2576 2965//2576
f 1352//2678 4385//2678 1355//2678
f 1775//2571 2960//2571 1774//2571
f 567//2679 2977//2679 565//2679
f 950//2993 3666//2993 953//2993
f 1355//2681 4386//2681 2294//2681
f 2656//2682 2963//2682 1775//2682
f 567//2683 2982//2683 2981//2683
f 953//2684 3667//2684 2261//2684
f 1352//2685 4388//2685 4383//2685
f 1778//2452 5014//2452 2821//2452
f 950//2686 3669//2686 3664//2686
f 1779//3705 4965//3705 1778//3705
f 1356//2688 4279//2688 4388//2688
f 3669//2504 951//2504 3659//2504
f 1357//2583 4391//2583 1358//2583
f 565//2689 2980//2689 568//2689
f 1358//2586 4392//2586 1777//2586
f 568//2690 2881//2690 2252//2690
f 957//2691 3671//2691 3673//2691
f 1786//2692 5015//2692 3981//2692
f 2436//2693 957//2693 960//2693
f 1359//2578 4394//2578 4393//2578
f 1787//2694 3981//2694 3979//2694
f 571//2695 2987//2695 573//2695
f 1787//2696 3983//2696 1788//2696
f 573//2697 2888//2697 2469//2697
f 958//2698 3671//2698 955//2698
f 1361//2580 4395//2580 4394//2580
f 1788//2699 5016//2699 2741//2699
f 1357//2592 4396//2592 4390//2592
f 2797//2700 4744//2700 1789//2700
f 571//2701 2989//2701 2985//2701
f 1720//2702 3675//2702 958//2702
f 1360//2594 4285//2594 4396//2594
f 1789//2703 4742//2703 1790//2703
f 1791//2704 4742//2704 4746//2704
f 574//2705 2991//2705 2989//2705
f 959//2706 3678//2706 3680//2706
f 1359//2587 4397//2587 1362//2587
f 2806//2707 4746//2707 5018//2707
f 1721//2708 3680//2708 3681//2708
f 1362//2589 4288//2589 2385//2589
f 572//2709 2994//2709 575//2709
f 575//2710 2995//2710 2420//2710
f 960//2711 3678//2711 956//2711
f 1364//2712 4400//2712 4399//2712
f 1794//2713 5021//2713 3309//2713
f 1795//2714 3309//2714 3307//2714
f 572//2715 2997//2715 2992//2715
f 3568//2476 899//2476 3573//2476
f 1367//2716 4298//2716 4400//2716
f 1795//2717 3311//2717 1796//2717
f 962//2718 3685//2718 3686//2718
f 1363//2719 4402//2719 4398//2719
f 1796//3179 5022//3179 2685//3179
f 576//2721 2892//2721 2997//2721
f 2036//2722 3686//2722 3687//2722
f 1365//2723 4403//2723 4402//2723
f 1797//2724 4988//2724 2668//2724
f 577//2609 3000//2609 578//2609
f 1798//2725 3212//2725 1797//2725
f 578//2611 3001//2611 2098//2611
f 965//2726 3688//2726 963//2726
f 1364//2727 4404//2727 1368//2727
f 1798//2728 3210//2728 3207//2728
f 1368//2729 4405//2729 2542//2729
f 1799//2730 5023//2730 3210//2730
f 579//2605 3003//2605 3002//2605
f 2037//2731 3689//2731 965//2731
f 1366//2732 4398//2732 4401//2732
f 964//2733 3685//2733 961//2733
f 1366//2734 4296//2734 2347//2734
f 581//2607 3004//2607 3003//2607
f 1784//2735 1892//2735 2708//2735
f 577//3702 3005//3702 2999//3702
f 1369//2564 4408//2564 1371//2564
f 580//2619 2896//2619 3005//2619
f 966//2736 3688//2736 3692//2736
f 1371//2562 4305//2562 2640//2562
f 3582//2476 912//2476 3592//2476
f 579//2613 3006//2613 582//2613
f 1369//2566 4410//2566 4406//2566
f 582//2615 2899//2615 2194//2615
f 971//2667 3694//2667 968//2667
f 1372//2570 4412//2570 4410//2570
f 584//2737 3009//2737 3008//2737
f 3695//2504 966//2504 3692//2504
f 969//2663 3693//2663 967//2663
f 1370//2738 4415//2738 1373//2738
f 1000//3706 2713//3706 1868//3706
f 587//2740 2907//2740 3009//2740
f 2074//2665 3697//2665 969//2665
f 1373//2741 4416//2741 1764//2741
f 1811//2691 3737//2691 3735//2691
f 583//2742 3011//2742 3007//2742
f 1812//2698 3735//2698 3739//2698
f 585//2743 3012//2743 3011//2743
f 972//2660 3694//2660 3699//2660
f 1370//2744 4418//2744 4413//2744
f 1812//3707 5035//3707 2721//3707
f 2073//2661 3699//2661 3700//2661
f 1813//2745 5036//2745 4409//2745
f 584//2827 3013//2827 588//2827
f 970//2656 3693//2656 3696//2656
f 1374//2747 4309//2747 4418//2747
f 1814//2748 4409//2748 4407//2748
f 588//2749 3014//2749 2557//2749
f 2373//2483 917//2483 916//2483
f 1814//2750 4411//2750 1815//2750
f 583//2751 3010//2751 586//2751
f 1377//2752 4420//2752 4422//2752
f 1815//2753 5006//2753 2777//2753
f 586//2754 2905//2754 2591//2754
f 975//2150 3701//2150 3703//2150
f 2108//2755 4422//2755 4319//2755
f 1817//3708 2839//3708 2841//3708
f 3599//2476 909//2476 2015//2476
f 2644//2514 2841//2514 5037//2514
f 589//2757 3017//2757 591//2757
f 1378//2758 4420//2758 1375//2758
f 1818//2585 5038//2585 2988//2585
f 591//2759 2914//2759 2045//2759
f 976//2152 3701//2152 973//2152
f 1819//2584 2988//2584 2986//2584
f 1830//2760 4424//2760 1378//2760
f 1819//2588 2990//2588 1820//2588
f 589//2761 3019//2761 3015//2761
f 2137//2156 3705//2156 976//2156
f 1820//2590 5039//2590 2658//2590
f 1379//2763 4427//2763 4429//2763
f 2754//2382 4239//2382 1821//2382
f 592//2764 3021//2764 3019//2764
f 977//2765 3708//2765 3710//2765
f 1831//2766 4429//2766 4430//2766
f 1821//2380 4237//2380 1822//2380
f 2138//2767 3710//2767 3711//2767
f 1823//2384 4237//2384 4241//2384
f 590//2768 3024//2768 593//2768
f 1380//2769 4427//2769 1376//2769
f 2763//2386 4241//2386 5041//2386
f 593//2770 3025//2770 2360//2770
f 978//2268 3708//2268 974//2268
f 2734//3709 3995//3709 1824//3709
f 2109//2772 4432//2772 1380//2772
f 1824//2773 3993//2773 1825//2773
f 590//2774 3027//2774 3022//2774
f 2310//3710 2015//3710 909//3710
f 1382//2776 4434//2776 4435//2776
f 1826//2777 3993//2777 3997//2777
f 980//2778 3715//2778 3716//2778
f 2011//2779 4435//2779 4436//2779
f 2743//2780 3997//2780 5043//2780
f 594//2781 2918//2781 3027//2781
f 2410//2782 3716//2782 3717//2782
f 2655//2759 3062//2759 1827//2759
f 1385//2783 4437//2783 1383//2783
f 1828//2757 3062//2757 3060//2757
f 597//2784 3029//2784 3031//2784
f 1829//2761 3060//2761 3064//2761
f 1858//2785 3031//2785 2928//2785
f 2012//2786 4438//2786 1385//2786
f 2664//2764 3064//2764 5045//2764
f 1384//2787 4434//2787 1381//2787
f 598//2788 3029//2788 595//2788
f 1950//2789 4440//2789 1384//2789
f 1802//2790 3033//2790 598//2790
f 982//2791 3715//2791 979//2791
f 1386//2792 4437//2792 4441//2792
f 3704//2504 970//2504 3696//2504
f 1951//2793 4441//2793 4332//2793
f 599//2794 3036//2794 3038//2794
f 1837//3711 2861//3711 2863//3711
f 1803//2796 3038//2796 3039//2796
f 1391//2732 4443//2732 1388//2732
f 2646//2423 2863//2423 5049//2423
f 2789//3261 4647//3261 5050//3261
f 600//2798 3036//2798 596//2798
f 1780//2734 4444//2734 1391//2734
f 1838//2799 4642//2799 4647//2799
f 1389//2727 4442//2727 1387//2727
f 2348//2175 5124//2175 2749//2175
f 1840//2800 4642//2800 1839//2800
f 1859//2801 3041//2801 600//2801
f 2197//2729 4446//2729 1389//2729
f 2349//2172 4175//2172 2348//2172
f 2798//2802 4645//2802 1840//2802
f 602//2803 3043//2803 3044//2803
f 2349//2165 4173//2165 4170//2165
f 2075//2804 3044//2804 3045//2804
f 1392//2719 4443//2719 4448//2719
f 2350//2168 5146//2168 4173//2168
f 2196//2723 4448//2723 4449//2723
f 2682//3299 3383//3299 2351//3299
f 605//2806 3046//2806 603//2806
f 1390//2712 4442//2712 4445//2712
f 2351//2807 3381//2807 2352//2807
f 985//2808 3730//2808 3726//2808
f 1781//2716 4445//2716 4340//2716
f 2353//2809 3381//2809 3385//2809
f 2076//2810 3047//2810 605//2810
f 987//2811 3731//2811 3730//2811
f 2691//2812 3385//2812 5089//2812
f 604//2813 3043//2813 601//2813
f 1395//2748 4450//2748 4452//2748
f 2354//2275 5141//2275 3523//2275
f 1888//2814 3049//2814 604//2814
f 2113//2745 4452//2745 4349//2745
f 2355//2274 3523//2274 3521//2274
f 1849//2815 5054//2815 3874//2815
f 2355//2278 3525//2278 2356//2278
f 1850//2816 3874//2816 3872//2816
f 606//2817 3046//2817 3050//2817
f 1396//2750 4450//2750 1393//2750
f 2356//2280 5092//2280 2703//2280
f 1850//2818 3876//2818 1851//2818
f 1889//2819 3050//2819 2941//2819
f 985//2820 3729//2820 988//2820
f 1851//2821 5015//2821 2732//2821
f 1000//2504 3747//2504 3754//2504
f 2133//2753 4454//2753 1396//2753
f 2809//2233 4891//2233 4995//2233
f 611//2751 3052//2751 608//2751
f 1852//2227 4886//2227 4891//2227
f 991//2822 3736//2822 993//2822
f 1397//2823 4457//2823 4459//2823
f 1854//2824 4886//2824 1853//2824
f 2049//2754 3053//2754 611//2754
f 947//2825 2268//2825 1002//2825
f 2134//2826 4459//2826 4460//2826
f 2818//2223 4889//2223 1854//2223
f 609//2746 3051//2746 607//2746
f 2815//2521 4944//2521 2363//2521
f 1855//2828 5056//2828 2769//2828
f 1917//2749 3055//2749 609//2749
f 991//2829 3738//2829 3734//2829
f 1398//2830 4457//2830 1394//2830
f 5158//2430 2364//2430 2363//2430
f 1856//2830 4419//2830 1855//2830
f 1856//2823 4417//2823 4414//2823
f 608//2742 3057//2742 612//2742
f 994//2832 3740//2832 3738//2832
f 2114//2828 4462//2828 1398//2828
f 2752//2468 4209//2468 2367//2468
f 1857//2826 5007//2826 4417//2826
f 1916//2743 3057//2743 3058//2743
f 1400//2833 4464//2833 4465//2833
f 2367//2466 4207//2466 2368//2466
f 610//2737 3051//2737 3054//2737
f 995//2834 3741//2834 3743//2834
f 2066//2835 4465//2835 4466//2835
f 2369//2471 4207//2471 4211//2471
f 2050//2740 3054//2740 2949//2740
f 995//3712 3744//3712 2296//3712
f 2761//2474 4211//2474 5076//2474
f 2370//2837 5136//2837 2796//2837
f 1862//3713 5059//3713 4165//3713
f 615//2838 3059//2838 3061//2838
f 996//2839 3741//2839 992//2839
f 2371//2840 4740//2840 2370//2840
f 1863//2146 4165//2146 4163//2146
f 2232//2841 3061//2841 2958//2841
f 2371//2842 4738//2842 4735//2842
f 1863//2843 4167//2843 1864//2843
f 2268//2547 888//2547 941//2547
f 2372//2844 4971//2844 4738//2844
f 1864//2160 5002//2160 2757//2160
f 616//2845 3059//2845 613//2845
f 997//2726 3749//2726 998//2726
f 2671//2846 3246//2846 1865//2846
f 998//2731 3750//2731 2509//2731
f 1402//2847 4464//2847 1399//2847
f 1865//2848 3244//2848 1866//2848
f 1981//2849 3063//2849 616//2849
f 2176//2850 4472//2850 1402//2850
f 1867//2851 3244//2851 3248//2851
f 999//2718 3752//2718 3751//2718
f 2680//3714 3248//3714 5061//3714
f 617//2853 3066//2853 3068//2853
f 3755//2504 947//2504 1002//2504
f 1982//2854 3068//2854 3069//2854
f 1001//2722 3753//2722 3752//2722
f 2725//2855 3888//2855 2379//2855
f 1869//2711 3747//2711 1868//2711
f 997//2736 3754//2736 3748//2736
f 2379//2856 3886//2856 2380//2856
f 1869//2706 3745//2706 3742//2706
f 618//2857 3066//2857 614//2857
f 3646//2858 3651//2858 3755//2858
f 2381//2859 3886//2859 3890//2859
f 1870//2860 4992//2860 3745//2860
f 2734//2861 3890//2861 5042//2861
f 2817//2428 4956//2428 1871//2428
f 2233//2862 3071//2862 618//2862
f 999//2733 3755//2733 1002//2733
f 1871//3715 4954//3715 1872//3715
f 619//2864 3074//2864 620//2864
f 3555//2476 885//2476 2132//2476
f 1873//2865 5064//2865 3125//2865
f 2038//2866 3074//2866 3075//2866
f 1874//2867 3125//2867 3123//2867
f 1004//2868 3758//2868 3757//2868
f 1874//2869 3127//2869 1875//2869
f 1407//2870 4475//2870 1405//2870
f 1875//2871 5065//2871 2669//2871
f 1007//2872 3656//2872 3758//2872
f 1407//2873 4480//2873 4479//2873
f 1003//2874 3760//2874 3756//2874
f 1005//2875 3761//2875 3760//2875
f 2764//2549 4356//2549 5129//2549
f 2389//2546 4351//2546 4356//2546
f 1880//2575 5066//2575 2767//2575
f 622//2876 3073//2876 619//2876
f 1004//2877 3762//2877 1008//2877
f 2391//2540 4351//2540 2390//2540
f 1881//2572 4389//2572 1880//2572
f 2288//2878 3081//2878 622//2878
f 1008//2879 3763//2879 2178//2879
f 1405//2880 4478//2880 1408//2880
f 2773//2543 4354//2543 2391//2543
f 1881//2565 4387//2565 4384//2565
f 1003//2881 3759//2881 1006//2881
f 1408//2882 4373//2882 2475//2882
f 2718//2883 3811//2883 2392//2883
f 1882//2569 5067//2569 4387//2569
f 1006//2884 3654//2884 1980//2884
f 2392//2885 3809//2885 2393//2885
f 1411//2886 4485//2886 1413//2886
f 2394//2887 3809//2887 3813//2887
f 1009//2885 3766//2885 1011//2885
f 1413//2888 4382//2888 2293//2888
f 2727//2889 3813//2889 5028//2889
f 1011//2883 3663//2883 2260//2883
f 2818//2435 4959//2435 5055//2435
f 1411//2890 4487//2890 4483//2890
f 1009//2887 3768//2887 3764//2887
f 2397//2263 4984//2263 2742//2263
f 1414//2891 4489//2891 4487//2891
f 2398//2260 4098//2260 2397//2260
f 1012//2889 3770//2889 3768//2889
f 2398//2253 4096//2253 4093//2253
f 2699//2648 3577//2648 5069//2648
f 1412//2893 4492//2893 1415//2893
f 2399//2255 5138//2255 4096//2255
f 1890//2646 3572//2646 3577//2646
f 627//2894 3084//2894 625//2894
f 1010//2895 3773//2895 1013//2895
f 1415//2896 4493//2896 1976//2896
f 1892//2639 3572//2639 1891//2639
f 627//2897 3089//2897 3088//2897
f 1013//2898 3774//2898 2500//2898
f 902//2476 3575//2476 1892//2476
f 1412//2899 4495//2899 4490//2899
f 2791//2900 4677//2900 5144//2900
f 1010//2901 3776//2901 3771//2901
f 2402//2902 4672//2902 4677//2902
f 1895//2903 5006//2903 4516//2903
f 1416//2904 4386//2904 4495//2904
f 2404//2905 4672//2905 2403//2905
f 1896//2906 4516//2906 4514//2906
f 1014//2907 3667//2907 3776//2907
f 1417//2783 4498//2783 1418//2783
f 2800//2908 4675//2908 2404//2908
f 1896//2909 4518//2909 1897//2909
f 625//2910 3087//2910 628//2910
f 1418//2786 4499//2786 2157//2786
f 2405//2647 5030//2647 2911//2647
f 1897//2911 5071//2911 2786//2911
f 628//2912 2982//2912 2603//2912
f 1015//2913 3780//2913 1017//2913
f 2406//2645 2911//2645 2909//2645
f 1720//2914 3780//2914 3677//2914
f 1419//2776 4501//2776 4500//2776
f 2406//2649 2913//2649 2407//2649
f 631//2915 3094//2915 633//2915
f 2407//2651 5113//2651 2651//2651
f 633//2916 2991//2916 2419//2916
f 1018//2917 3778//2917 1015//2917
f 1421//2779 4502//2779 4501//2779
f 1420//2792 4497//2792 1417//2792
f 1902//3716 5074//3716 2794//3716
f 631//2919 3096//2919 3092//2919
f 1847//2920 3782//2920 1018//2920
f 1420//2793 4392//2793 4503//2793
f 1903//2921 4710//2921 1902//2921
f 2779//2922 4530//2922 2412//2922
f 1903//2923 4708//2923 4705//2923
f 634//2924 3098//2924 3096//2924
f 1016//2630 3787//2630 1019//2630
f 1419//2787 4504//2787 1422//2787
f 2412//2925 4528//2925 2413//2925
f 1904//2926 5075//2926 4708//2926
f 1848//2633 3787//2633 3788//2633
f 1422//2789 4395//2789 1776//2789
f 2414//2927 4528//2927 4532//2927
f 632//2928 3101//2928 635//2928
f 2788//2929 4532//2929 5134//2929
f 635//2930 3102//2930 1729//2930
f 1020//2629 3785//2629 1016//2629
f 1424//2931 4507//2931 4506//2931
f 2415//2441 5072//2441 4962//2441
f 1907//2354 5078//2354 2688//2354
f 4958//2515 4962//2515 4961//2515
f 1908//2352 3456//2352 1907//2352
f 632//2932 3104//2932 3099//2932
f 1721//2626 3790//2626 1020//2626
f 1427//2933 4405//2933 4507//2933
f 1908//2348 3454//2348 3451//2348
f 1022//2934 3792//2934 3793//2934
f 1423//2935 4509//2935 4505//2935
f 1909//2350 5025//2350 3454//2350
f 636//2936 2995//2936 3104//2936
f 2145//2937 3793//2937 3794//2937
f 1425//2938 4510//2938 4509//2938
f 637//3717 3107//3717 638//3717
f 638//2810 3108//2810 1915//2810
f 1025//2939 3795//2939 1023//2939
f 1424//2940 4511//2940 1428//2940
f 1428//3017 4512//3017 2247//3017
f 639//2803 3110//2803 3109//2803
f 2146//2942 3796//2942 1025//2942
f 1423//2943 4508//2943 1426//2943
f 2423//2944 5100//2944 2785//2944
f 1024//2945 3792//2945 1021//2945
f 1426//2946 4403//2946 2543//2946
f 2424//2947 4603//2947 2423//2947
f 641//2804 3111//2804 3110//2804
f 2036//2948 3798//2948 1024//2948
f 2424//2949 4601//2949 4598//2949
f 1918//2950 4993//2950 2731//2950
f 637//2817 3112//2817 3106//2817
f 1429//2641 4515//2641 1431//2641
f 2425//2951 5074//2951 4601//2951
f 1919//2952 3961//2952 1918//2952
f 640//2819 3001//2819 3112//2819
f 1026//2953 3795//2953 3799//2953
f 1431//2637 4412//2637 1763//2637
f 2753//2489 4219//2489 4977//2489
f 1919//2954 3959//2954 3956//2954
f 2037//2955 3799//2955 3690//2955
f 2426//2484 4214//2484 4219//2484
f 1920//3718 5033//3718 3959//3718
f 639//2813 3113//2813 642//2813
f 1429//2643 4517//2643 4513//2643
f 2428//2477 4214//2477 2427//2477
f 1921//2616 5080//2616 4302//2616
f 642//2814 3004//2814 2097//2814
f 1031//2881 3801//2881 1028//2881
f 2762//2480 4217//2480 2428//2480
f 1922//2614 4302//2614 4300//2614
f 1432//2644 4519//2644 4517//2644
f 2654//2936 3042//2936 5058//2936
f 1922//2618 4304//2618 1923//2618
f 644//2957 3116//2957 3115//2957
f 2073//3719 3802//3719 1031//3719
f 2429//2932 3037//2932 3042//2932
f 1923//2622 5036//2622 2768//2622
f 1029//2877 3800//2877 1027//2877
f 1430//2958 4522//2958 1433//2958
f 2431//2928 3037//2928 2430//2928
f 647//2959 3014//2959 3116//2959
f 1737//2879 3804//2879 1029//2879
f 1433//2960 4523//2960 2418//2960
f 2663//2930 3040//2930 2431//2930
f 643//2961 3118//2961 3114//2961
f 2432//2772 5067//2772 2776//2772
f 645//2962 3119//2962 3118//2962
f 1032//2874 3801//2874 3806//2874
f 1430//2963 4525//2963 4520//2963
f 2433//2769 4496//2769 2432//2769
f 1736//2875 3806//2875 3807//2875
f 2433//2763 4494//2763 4491//2763
f 644//2964 3120//2964 648//2964
f 1030//2868 3800//2868 3803//2868
f 1434//2965 4416//2965 4525//2965
f 2434//2766 5100//2766 4494//2766
f 648//2966 3121//2966 2297//2966
f 2074//2872 3803//2872 3698//2872
f 1929//2914 5035//2914 3844//2914
f 643//2967 3117//2967 646//2967
f 1437//3720 4527//3720 4529//3720
f 1930//2913 3844//2913 3842//2913
f 646//2969 3012//2969 2558//2969
f 1035//2970 3808//2970 3810//2970
f 1830//2971 4529//2971 4426//2971
f 2770//2888 4423//2888 2437//2888
f 1930//2917 3846//2917 1931//2917
f 2137//2972 3810//2972 3707//2972
f 2437//2973 4421//2973 2438//2973
f 1931//2920 5081//2920 2730//2920
f 649//2974 3124//2974 651//2974
f 1438//2975 4527//2975 1435//2975
f 2439//2890 4421//2890 4425//2890
f 1932//2976 5082//2976 2661//2976
f 651//2977 3021//2977 2359//2977
f 1036//2978 3808//2978 1033//2978
f 2779//2891 4425//2891 5046//2891
f 1933//2979 3135//2979 1932//2979
f 2476//3060 4531//3060 1438//3060
f 1933//2981 3133//2981 3130//2981
f 649//2982 3126//2982 3122//2982
f 1804//2983 3812//2983 1036//2983
f 1934//2984 5083//2984 3133//2984
f 1439//2949 4534//2949 4536//2949
f 2442//2985 4987//2985 3202//2985
f 652//2986 3128//2986 3126//2986
f 1037//2987 3815//2987 3817//2987
f 2477//2951 4536//2951 4537//2951
f 2443//2988 3202//2988 3200//2988
f 3704//2989 3591//2989 5107//2989
f 1805//2990 3817//2990 3818//2990
f 2443//2991 3204//2991 2444//2991
f 1937//2686 3709//2686 3714//2686
f 653//2200 3129//2200 3131//2200
f 1440//2947 4534//2947 1436//2947
f 2444//2992 5021//2992 2676//2992
f 1939//2993 3709//2993 1938//2993
f 653//2203 3132//2203 2621//2203
f 1038//2994 3815//2994 1034//2994
f 2719//2684 3712//2684 1939//2684
f 1831//2944 4539//2944 1440//2944
f 650//3721 3134//3721 3129//3721
f 2138//2996 3820//2996 1038//2996
f 1442//2997 4541//2997 4542//2997
f 1040//2998 3822//2998 3823//2998
f 1708//2999 4542//2999 4543//2999
f 1942//3320 5086//3320 3339//3320
f 654//2194 3025//2194 3134//2194
f 2440//3001 3823//3001 3824//3001
f 1943//3002 3339//3002 3337//3002
f 1445//3003 4544//3003 1443//3003
f 1943//3004 3341//3004 1944//3004
f 657//3722 3136//3722 3138//3722
f 1944//3005 5087//3005 2687//3005
f 1802//2985 3138//2985 3035//2985
f 1709//3006 4545//3006 1445//3006
f 1444//3007 4541//3007 1441//3007
f 658//2991 3136//2991 655//2991
f 2011//3122 4547//3122 1444//3122
f 2571//2992 3140//2992 658//2992
f 1039//3009 3830//3009 3822//3009
f 1446//3010 4544//3010 4548//3010
f 2410//3011 3830//3011 1042//3011
f 2012//3119 4548//3119 4439//3119
f 2455//3013 5081//3013 3951//3013
f 659//2728 3143//2728 3145//2728
f 2456//3014 3951//3014 3949//3014
f 2572//2730 3145//2730 3146//2730
f 1451//2943 4550//2943 1448//2943
f 2457//3015 3949//3015 3953//3015
f 2690//2421 3470//2421 5011//2421
f 2457//3016 5032//3016 2739//3016
f 1952//2418 3465//2418 3470//2418
f 660//2725 3143//2725 656//2725
f 2196//2946 4551//2946 1451//2946
f 1954//2411 3465//2411 1953//2411
f 1449//2940 4549//2940 1447//2940
f 2699//2414 3468//2414 1954//2414
f 1803//2724 3148//2724 660//2724
f 2341//3017 4553//3017 1449//3017
f 2698//3018 3567//3018 1955//3018
f 662//3019 3150//3019 3151//3019
f 2726//3020 3898//3020 5053//3020
f 1955//2624 3565//2624 1956//2624
f 2344//3021 3151//3021 3152//3021
f 1452//2935 4550//2935 4555//2935
f 2460//3022 3893//3022 3898//3022
f 1957//2631 3565//2631 3569//2631
f 2340//2938 4555//2938 4556//2938
f 2462//3023 3893//3023 2461//3023
f 2707//3024 3569//3024 5091//3024
f 665//3025 3153//3025 663//3025
f 1450//2931 4549//2931 4552//2931
f 2735//3723 3896//3723 2462//3723
f 1045//3027 3837//3027 3833//3027
f 2197//2933 4552//2933 4447//2933
f 2716//3028 3781//3028 2463//3028
f 2345//3029 3154//3029 665//3029
f 1047//3030 3838//3030 3837//3030
f 2463//3031 3779//3031 2464//3031
f 1961//3724 2844//3724 1960//3724
f 664//3033 3150//3033 661//3033
f 1455//2906 4557//2906 4559//2906
f 2465//3034 3779//3034 3783//3034
f 2645//2522 2847//2522 1961//2522
f 2075//3035 3156//3035 664//3035
f 2133//2903 4559//2903 4456//2903
f 2725//3036 3783//3036 5052//3036
f 1962//2481 5095//2481 4938//2481
f 2664//2977 3169//2977 2466//2977
f 1963//3725 4938//3725 4936//3725
f 666//3038 3153//3038 3157//3038
f 1456//2909 4557//2909 1453//2909
f 2466//2974 3167//2974 2467//2974
f 2076//3039 3157//3039 3048//3039
f 1045//3040 3836//3040 1048//3040
f 2468//2982 3167//2982 3171//2982
f 1048//3041 3731//3041 1766//3041
f 2284//2911 4561//2911 1456//2911
f 2673//2986 3171//2986 5019//2986
f 671//2967 3159//2967 668//2967
f 1051//3031 3843//3031 1053//3031
f 1457//3042 4564//3042 4566//3042
f 1916//2969 3160//2969 671//2969
f 1053//3028 3740//3028 2295//3028
f 2285//3044 4566//3044 4567//3044
f 2471//2243 5016//2243 4088//2243
f 669//2964 3158//2964 667//2964
f 2472//2241 4088//2241 4086//2241
f 2170//2966 3162//2966 669//2966
f 1051//3034 3845//3034 3841//3034
f 1458//3045 4564//3045 1454//3045
f 2472//2247 4090//2247 2473//2247
f 1972//3046 4986//3046 4807//3046
f 2473//2250 5137//2250 2750//2250
f 1973//3047 4807//3047 4805//3047
f 672//2961 3159//2961 3164//2961
f 1054//3036 3847//3036 3845//3036
f 2134//3048 4569//3048 1458//3048
f 1973//3049 4809//3049 1974//3049
f 2169//2962 3164//2962 3165//2962
f 1459//3050 4572//3050 1460//3050
f 1974//3051 5098//3051 2811//3051
f 670//2957 3158//2957 3161//2957
f 1052//2185 3850//2185 1055//2185
f 1750//3052 4572//3052 4573//3052
f 1917//2959 3161//2959 3056//2959
f 1055//2189 3851//2189 2078//2189
f 2773//2747 4463//2747 5128//2747
f 675//2867 3166//2867 3168//2867
f 1052//2183 3853//2183 3848//2183
f 2478//3053 4458//3053 4463//3053
f 1981//2865 3168//2865 3065//2865
f 2480//2738 4458//2738 2479//2738
f 1056//2179 3744//2179 3853//2179
f 2782//2741 4461//2741 2480//2741
f 676//2869 3166//2869 673//2869
f 1057//2939 3856//2939 1058//2939
f 2644//2697 2925//2697 2481//2697
f 1058//2942 3857//2942 1861//2942
f 1462//3054 4571//3054 1459//3054
f 2481//2695 2923//2695 2482//2695
f 1985//2635 5096//2635 2760//2635
f 1792//2871 3170//2871 676//2871
f 2066//3056 4579//3056 1462//3056
f 2483//2701 2923//2701 2927//2701
f 1986//2632 4312//2632 1985//2632
f 1059//2934 3859//2934 3858//2934
f 2653//2705 2927//2705 5057//2705
f 1986//2625 4310//2625 4307//2625
f 677//2981 3173//2981 3175//2981
f 2484//2971 5099//2971 4593//2971
f 1987//2628 5056//2628 4310//2628
f 1793//2984 3175//2984 3176//2984
f 1061//2937 3860//2937 3859//2937
f 2485//2968 4593//2968 4591//2968
f 2672//3057 3256//3057 5102//3057
f 1057//2953 3861//2953 3855//2953
f 2485//2975 4595//2975 2486//2975
f 1988//3058 3251//3058 3256//3058
f 678//2979 3173//2979 674//2979
f 1060//3726 3750//3726 3861//3726
f 2486//3060 4985//3060 2793//3060
f 1990//3061 3251//3061 1989//3061
f 2681//3062 3254//3062 1990//3062
f 1982//2976 3178//2976 678//2976
f 1059//2945 3862//2945 1062//2945
f 680//3063 3180//3063 3181//3063
f 1062//3727 3753//3727 2508//3727
f 2489//3064 5135//3064 4730//3064
f 1841//3065 3181//3065 3182//3065
f 2490//3066 4730//3066 4728//3066
f 2790//3147 4667//3147 1993//3147
f 1064//3068 3865//3068 3864//3068
f 2490//3069 4732//3069 2491//3069
f 1993//3070 4665//3070 1994//3070
f 1465//3071 4586//3071 4582//3071
f 2491//3072 5079//3072 2804//3072
f 1995//3073 4665//3073 4669//3073
f 1067//3074 3763//3074 3865//3074
f 1467//3075 4587//3075 4586//3075
f 2692//2269 3500//2269 5090//2269
f 2799//3076 4669//3076 5104//3076
f 1063//3077 3867//3077 3863//3077
f 2492//3728 3495//3728 3500//3728
f 1996//3078 5105//3078 2679//3078
f 1065//3079 3868//3079 3867//3079
f 2494//2257 3495//2257 2493//2257
f 1997//3080 3349//3080 1996//3080
f 2701//2259 3498//2259 2494//2259
f 1997//3081 3347//3081 3344//3081
f 679//3082 3188//3082 3180//3082
f 1064//3729 3869//3729 1068//3729
f 1998//3084 5078//3084 3347//3084
f 2038//3085 3188//3085 682//3085
f 1068//3086 3870//3086 2215//3086
f 1465//3087 4585//3087 1468//3087
f 964//2504 3684//2504 3691//2504
f 1063//3088 3866//3088 1066//3088
f 1468//3089 4480//3089 2256//3089
f 1999//2839 3679//2839 3684//2839
f 1066//3090 3761//3090 2179//3090
f 2001//2834 3679//2834 2000//2834
f 1471//2925 4592//2925 1473//2925
f 2717//2836 3682//2836 2001//2836
f 1069//3091 3873//3091 1071//3091
f 1473//2922 4489//2922 1975//2922
f 2501//2555 5003//2555 4379//2555
f 1071//3092 3770//3092 2499//3092
f 2502//2552 4379//2552 4377//2552
f 2735//3093 4005//3093 5103//3093
f 1471//2927 4594//2927 4590//2927
f 2502//2558 4381//2558 2503//2558
f 2004//3094 4000//3094 4005//3094
f 1069//3095 3875//3095 3871//3095
f 2503//2561 5145//2561 2775//2561
f 2006//3096 4000//3096 2005//3096
f 1474//2929 4596//2929 4594//2929
f 2744//3097 4003//3097 2006//3097
f 1072//3730 3877//3730 3875//3730
f 1472//3099 4599//3099 1475//3099
f 2010//3731 2866//3731 2009//3731
f 687//3101 3191//3101 685//3101
f 1070//2313 3880//2313 1073//2313
f 1475//3102 4600//3102 2105//3102
f 2647//2429 2869//2429 2010//2429
f 687//3103 3196//3103 3195//3103
f 1073//2316 3881//2316 2628//2316
f 1472//3104 4602//3104 4597//3104
f 2808//2206 4881//2206 2510//2206
f 2700//2470 3597//2470 2013//2470
f 1070//2310 3883//2310 3878//2310
f 2511//2202 4881//2202 4879//2202
f 2013//2467 3595//2467 2014//2467
f 1476//3105 4493//3105 4602//3105
f 2512//2211 4879//2211 4883//2211
f 2015//2473 3595//2473 3599//2473
f 1074//2307 3774//2307 3883//2307
f 1477//3003 4605//3003 1478//3003
f 2817//2216 4883//2216 5063//2216
f 3600//3106 3603//3106 3604//3106
f 685//3107 3194//3107 688//3107
f 1478//3006 4606//3006 1835//3006
f 2737//3108 4035//3108 4998//3108
f 2016//2496 5092//2496 3630//2496
f 688//3109 3089//3109 1901//3109
f 1077//3014 3885//3014 3887//3014
f 2513//3110 4030//3110 4035//3110
f 2017//2495 3630//2495 3628//2495
f 1847//3013 3887//3013 3784//3013
f 1479//2997 4608//2997 4607//2997
f 2515//3112 4030//3112 2514//3112
f 2017//3113 3632//3113 2018//3113
f 691//3732 3201//3732 693//3732
f 2746//3115 4033//3115 2515//3115
f 938//2476 3638//2476 2182//2476
f 693//3116 3098//3116 1728//3116
f 1078//3015 3885//3015 1075//3015
f 1481//2999 4609//2999 4608//2999
f 1477//3010 4610//3010 4604//3010
f 691//3118 3203//3118 3199//3118
f 1991//3016 3889//3016 1078//3016
f 1480//3119 4499//3119 4610//3119
f 2021//2492 4972//2492 2814//2492
f 2364//3733 5156//3733 1671//3733
f 694//3121 3205//3121 3203//3121
f 1079//2954 3892//2954 3894//2954
f 1479//3007 4611//3007 1482//3007
f 2519//2972 5143//2972 3767//2972
f 1992//3718 3894//3718 3895//3718
f 1482//3122 4502//3122 2156//3122
f 2520//2970 3767//2970 3765//2970
f 2025//2801 5110//2801 2659//2801
f 692//3123 3208//3123 695//3123
f 2520//2978 3769//2978 2521//2978
f 2026//2798 3105//2798 2025//2798
f 695//3124 3209//3124 1965//3124
f 1080//2952 3892//2952 1076//2952
f 1484//3734 4614//3734 4613//3734
f 2521//2983 5054//2983 2723//2983
f 2026//2794 3103//2794 3100//2794
f 2522//2353 5146//2353 2758//2353
f 2027//2796 4988//2796 3103//2796
f 696//3126 3206//3126 692//3126
f 1848//2950 3897//2950 1080//2950
f 1487//3127 4512//3127 4614//3127
f 2523//2351 4282//2351 2522//2351
f 1082//3128 3899//3128 3900//3128
f 1483//3129 4616//3129 4612//3129
f 2523//2347 4280//2347 4277//2347
f 696//3130 3102//3130 3211//3130
f 1935//3131 3900//3131 3901//3131
f 1485//3735 4617//3735 4616//3735
f 2524//2349 5066//2349 4280//2349
f 2771//2904 4433//2904 5111//2904
f 697//3025 3214//3025 698//3025
f 2030//2899 4428//2899 4433//2899
f 698//3029 3215//3029 2634//3029
f 1085//3736 3902//3736 1083//3736
f 1484//3134 4618//3134 1488//3134
f 2032//2893 4428//2893 2031//2893
f 1488//3135 4619//3135 2002//3135
f 2780//2896 4431//2896 2032//2896
f 699//3019 3217//3019 3216//3019
f 1936//3136 3903//3136 1085//3136
f 1483//3737 4615//3737 1486//3737
f 2033//3138 5075//3138 2803//3138
f 1084//3139 3899//3139 1081//3139
f 1486//3140 4510//3140 2248//3140
f 2531//2862 5114//2862 2652//2862
f 2034//3142 4817//3142 2033//3142
f 701//3021 3218//3021 3217//3021
f 2145//3143 3905//3143 1084//3143
f 2531//2857 3023//2857 3028//2857
f 2034//3144 4815//3144 4812//3144
f 697//3038 3219//3038 3213//3038
f 1489//3070 4622//3070 1491//3070
f 2532//2853 3026//2853 3023//2853
f 2035//3145 5112//3145 4815//3145
f 700//3039 3108//3039 3219//3039
f 1086//3146 3902//3146 3906//3146
f 1491//3067 4519//3067 2417//3067
f 2533//2854 5082//2854 3026//2854
f 2146//3148 3906//3148 3797//3148
f 2745//3149 4132//3149 2534//3149
f 699//3033 3220//3033 702//3033
f 1489//3073 4624//3073 4620//3073
f 2534//3150 4130//3150 2535//3150
f 702//3035 3111//3035 1914//3035
f 1091//3088 3908//3088 1088//3088
f 2536//3151 4130//3151 4134//3151
f 1492//3076 4626//3076 4624//3076
f 2754//2127 4134//2127 5040//2127
f 2662//3116 3139//3116 2042//3116
f 704//3152 3223//3152 3222//3152
f 1736//3090 3909//3090 1091//3090
f 2806//2381 4851//2381 2537//2381
f 2042//3732 3137//3732 2043//3732
f 1089//3729 3907//3729 1087//3729
f 1490//2905 4629//2905 1493//2905
f 2537//2379 4849//2379 2538//2379
f 2044//3118 3137//3118 3141//3118
f 707//3738 3121//3738 3223//3738
f 2530//3086 3911//3086 1089//3086
f 1493//2908 4630//2908 2168//2908
f 2539//2383 4849//2383 4853//2383
f 2671//3121 3141//3121 5060//3121
f 703//3154 3225//3154 3221//3154
f 2815//2385 4853//2385 5119//2385
f 705//3213 3226//3213 3225//3213
f 1092//3077 3908//3077 3913//3077
f 1490//2902 4632//2902 4627//2902
f 2529//3079 3913//3079 3914//3079
f 704//3156 3227//3156 708//3156
f 1090//3068 3907//3068 3910//3068
f 1494//2900 4523//2900 4632//2900
f 708//3157 3228//3157 2064//3157
f 1737//3074 3910//3074 3805//3074
f 703//3158 3224//3158 706//3158
f 1497//2604 4634//2604 4636//2604
f 2646//2559 2955//2559 2546//2559
f 2051//3048 5007//3048 2778//3048
f 706//3159 3119//3159 2298//3159
f 1095//2816 3915//2816 3917//2816
f 2476//2602 4636//2602 4533//2602
f 2546//2557 2953//2557 2547//2557
f 2052//3045 4526//3045 2051//3045
f 1804//2815 3917//2815 3814//2815
f 2548//2563 2953//2563 2957//2563
f 2052//3042 4524//3042 4521//3042
f 709//2286 3231//2286 711//2286
f 1498//2606 4634//2606 1495//2606
f 2655//2567 2957//2567 5044//2567
f 2053//3044 5115//3044 4524//3044
f 711//2285 3128//2285 2620//2285
f 1096//2818 3915//2818 1093//2818
f 2680//2153 3353//2153 2549//2153
f 2691//2246 3490//2246 2054//2246
f 2201//2608 4638//2608 1498//2608
f 2549//2151 3351//2151 2550//2151
f 2054//2244 3488//2244 2055//2244
f 709//2287 3233//2287 3229//2287
f 1748//3739 3919//3739 1096//3739
f 2551//2159 3351//2159 3355//2159
f 2056//2249 3488//2249 3492//2249
f 1499//2923 4641//2923 4643//2923
f 2689//2164 3355//2164 5008//2164
f 2700//2252 3492//2252 5106//2252
f 712//2288 3235//2288 3233//2288
f 1097//3160 3922//3160 3924//3160
f 2202//2926 4643//2926 4644//2926
f 2552//2577 5025//2577 2697//2577
f 1749//3161 3924//3161 3925//3161
f 2553//3740 3563//3740 2552//3740
f 710//3162 3238//3162 713//3162
f 1500//2921 4641//2921 1496//2921
f 2553//2568 3561//2568 3558//2568
f 2059//3741 2893//3741 2890//3741
f 713//3270 3239//3270 2331//3270
f 1098//3165 3922//3165 1094//3165
f 2554//3166 5109//3166 3561//3166
f 2060//2442 5116//2442 2893//2442
f 2477//3716 4646//3716 1500//3716
f 2743//2319 4102//2319 2061//2319
f 710//3167 3241//3167 3236//3167
f 1805//3168 3927//3168 1098//3168
f 1502//3169 4648//3169 4649//3169
f 2061//2317 4100//2317 2062//2317
f 1099//3170 3930//3170 1100//3170
f 2365//3171 4649//3171 4650//3171
f 2063//2323 4100//2323 4104//2323
f 714//3172 3132//3172 3241//3172
f 2631//3173 3930//3173 3931//3173
f 2752//2327 4104//2327 5117//2327
f 1505//3174 4651//3174 1503//3174
f 717//2714 3243//2714 3245//2714
f 2571//2713 3245//2713 3142//2713
f 2366//3175 4652//3175 1505//3175
f 1504//3176 4648//3176 1501//3176
f 718//2717 3243//2717 715//2717
f 1708//3178 4654//3178 1504//3178
f 2070//2996 5121//2996 2715//2996
f 1940//2720 3247//2720 718//2720
f 1102//3180 3929//3180 1099//3180
f 1506//3181 4651//3181 4655//3181
f 2071//2994 3777//2994 2070//2994
f 2440//3182 3937//3182 1102//3182
f 1709//3183 4655//3183 4546//3183
f 2071//2987 3775//2987 3772//2987
f 719//3184 3250//3184 3252//3184
f 2072//2990 5122//2990 3775//2990
f 1941//3185 3252//3185 3253//3185
f 1511//3137 4657//3137 1508//3137
f 720//3186 3250//3186 716//3186
f 2340//3140 4658//3140 1511//3140
f 1509//3134 4656//3134 1507//3134
f 2572//3187 3255//3187 720//3187
f 2564//3135 4660//3135 1509//3135
f 2573//3742 5071//3742 4623//3742
f 2727//3092 3918//3092 2079//3092
f 722//3189 3257//3189 3258//3189
f 2574//3190 4623//3190 4621//3190
f 2079//3091 3916//3091 2080//3091
f 2099//3191 3258//3191 3259//3191
f 1512//3129 4657//3129 4662//3129
f 2574//3192 4625//3192 2575//3192
f 2081//3095 3916//3095 3920//3095
f 2563//3735 4662//3735 4663//3735
f 2575//3193 5135//3193 2795//3193
f 2736//3730 3920//3730 4997//3730
f 723//3194 3261//3194 3260//3194
f 1510//3125 4656//3125 4659//3125
f 2576//3309 5148//3309 2686//3309
f 1105//3196 3944//3196 3940//3196
f 2341//3127 4659//3127 4554//3127
f 2577//3197 3426//3197 2576//3197
f 2100//3198 3261//3198 725//3198
f 1107//3199 3945//3199 3944//3199
f 2577//3200 3424//3200 3421//3200
f 721//3201 3263//3201 3257//3201
f 1515//3190 4664//3190 4666//3190
f 2578//3202 5142//3202 3424//3202
f 2344//3743 3263//3743 724//3743
f 2284//3742 4666//3742 4563//3742
f 2579//3187 5023//3187 2677//3187
f 2763//2530 4346//2530 2086//2530
f 2580//3186 3319//3186 2579//3186
f 2086//2528 4344//2528 2087//2528
f 726//3204 3260//3204 3264//3204
f 1516//3192 4664//3192 1513//3192
f 2580//3184 3317//3184 3314//3184
f 2088//2534 4344//2534 4348//2534
f 2345//3287 3264//3287 3155//3287
f 1105//3206 3943//3206 1108//3206
f 2581//3185 5148//3185 3317//3185
f 2772//2537 4348//2537 4974//2537
f 1108//3207 3838//3207 2376//3207
f 2495//3193 4668//3193 1516//3193
f 2656//2781 3072//2781 5013//2781
f 731//3158 3266//3158 728//3158
f 2582//2774 3067//2774 3072//2774
f 2091//3208 5033//3208 2740//3208
f 1111//2856 3950//2856 1113//2856
f 1517//2163 4671//2163 4673//2163
f 2584//2768 3067//2768 2583//2768
f 2092//3209 4068//3209 2091//3209
f 2169//3159 3267//3159 731//3159
f 1113//2855 3847//2855 2077//2855
f 2496//2167 4673//2167 4674//2167
f 2665//2770 3070//2770 2584//2770
f 2092//3211 4066//3211 4063//3211
f 729//3156 3265//3156 727//3156
f 2093//3212 5124//3212 4066//3212
f 2277//3157 3269//3157 729//3157
f 1111//2859 3952//2859 3948//2859
f 1518//2162 4671//2162 1514//2162
f 2663//3130 3149//3130 5027//3130
f 2587//3126 3144//3126 3149//3126
f 732//3154 3266//3154 3271//3154
f 1114//2861 3954//2861 3952//2861
f 2285//2158 4676//2158 1518//2158
f 2589//3123 3144//3123 2588//3123
f 2276//3213 3271//3213 3272//3213
f 1520//3214 4678//3214 4679//3214
f 2672//3124 3147//3124 2589//3124
f 730//3152 3265//3152 3268//3152
f 1112//3023 3957//3023 1115//3023
f 1832//3215 4679//3215 4680//3215
f 2170//3153 3268//3153 3163//3153
f 1115//3723 3958//3723 1809//3723
f 3600//2147 3713//2147 3703//2147
f 2592//2671 3702//2671 2593//2671
f 2780//3105 4540//3105 5047//3105
f 735//3216 3273//3216 3275//3216
f 1112//3022 3960//3022 3955//3022
f 2594//2675 3702//2675 3706//2675
f 2101//3104 4535//3104 4540//3104
f 1792//3217 3275//3217 3172//3217
f 2718//3218 3706//3218 5132//3218
f 2103//3099 4535//3099 2102//3099
f 1116//3020 3851//3020 3960//3020
f 2595//2841 5113//2841 3018//2841
f 2789//3102 4538//3102 2103//3102
f 736//3219 3273//3219 733//3219
f 1117//3736 3963//3736 1118//3736
f 2596//2838 3018//2838 3016//2838
f 1118//3136 3964//3136 2041//3136
f 1522//3220 4678//3220 1519//3220
f 2596//2845 3020//2845 2597//2845
f 2219//3221 3277//3221 736//3221
f 1750//3222 4686//3222 1522//3222
f 2597//2849 5064//2849 2660//2849
f 1119//3223 3966//3223 3965//3223
f 737//3224 3280//3224 3282//3224
f 2220//3225 3282//3225 3283//3225
f 1121//3131 3967//3131 3966//3131
f 2600//3744 2887//3744 2601//3744
f 1117//3146 3968//3146 3962//3146
f 2601//2436 5038//2436 2649//2436
f 2800//3227 4784//3227 5127//3227
f 738//3228 3280//3228 734//3228
f 1120//3148 3857//3148 3968//3148
f 2110//3229 4779//3229 4784//3229
f 2112//3230 4779//3230 2111//3230
f 1793//3231 3285//3231 738//3231
f 1122//3139 3965//3139 3969//3139
f 2809//3232 4782//3232 2112//3232
f 739//3233 3288//3233 740//3233
f 1122//3143 3860//3143 1860//3143
f 1701//3234 3288//3234 3289//3234
f 2701//2491 3607//2491 5147//2491
f 1124//3235 3972//3235 3971//3235
f 2606//2486 3602//2486 3607//2486
f 2755//2393 4249//2393 5005//2393
f 1525//3236 4693//3236 4689//3236
f 2608//2479 3602//2479 2607//2479
f 2115//2392 4244//2392 4249//2392
f 1127//3237 3870//3237 3972//3237
f 1527//3238 4694//3238 4693//3238
f 3591//3239 3599//3239 5107//3239
f 2117//3240 4244//3240 2116//3240
f 1125//3241 3970//3241 1123//3241
f 2609//2755 5145//2755 4486//2755
f 2764//2391 4247//2391 2117//2391
f 1125//3745 3975//3745 3974//3745
f 2610//3746 4486//3746 4484//3746
f 2118//2305 5079//2305 4837//2305
f 2610//2758 4488//2758 2611//2758
f 2119//2302 4837//2302 4835//2302
f 742//3243 3287//3243 739//3243
f 1124//3244 3976//3244 1128//3244
f 2611//2760 5099//2760 2784//2760
f 2119//2309 4839//2309 2120//2309
f 1841//3245 3295//3245 742//3245
f 1128//3747 3977//3747 2377//3747
f 1525//3247 4692//3247 1528//3247
f 2120//2315 5095//2315 2813//2315
f 1123//3248 3973//3248 1126//3248
f 1528//3249 4587//3249 1925//3249
f 1126//3250 3868//3250 2216//3250
f 2761//2672 4316//2672 2614//2672
f 1531//3251 4699//3251 1533//3251
f 2614//2670 4314//2670 2615//2670
f 1129//2292 3980//2292 1131//2292
f 1533//3252 4596//3252 2104//3252
f 2616//2674 4314//2674 4318//2674
f 1131//2290 3877//2290 2627//2290
f 2770//2676 4318//2676 5126//2676
f 1531//3253 4701//3253 4697//3253
f 2617//3254 5022//3254 3416//3254
f 1129//2293 3982//2293 3978//2293
f 2618//3255 3416//3255 3414//3255
f 1534//3256 4703//3256 4701//3256
f 2618//3257 3418//3257 2619//3257
f 1132//2295 3984//2295 3982//2295
f 2619//3258 5141//3258 2694//3258
f 1532//2800 4706//2800 1535//2800
f 2130//2556 5024//2556 3553//2556
f 745//3259 3302//3259 3298//3259
f 1130//3112 3987//3112 1133//3112
f 1535//2802 4707//2802 2212//2802
f 2131//2554 3553//2554 3551//2554
f 747//3260 3303//3260 3302//3260
f 1133//3115 3988//3115 2315//3115
f 2131//2560 3555//2560 2132//2560
f 1532//2799 4709//2799 4704//2799
f 892//3106 2020//3106 893//3106
f 1130//3110 3990//3110 3985//3110
f 2782//2965 4570//2965 5130//2965
f 1536//2797 4600//2797 4709//2797
f 2624//2963 4565//2963 4570//2963
f 1134//3108 3881//3108 3990//3108
f 1537//3174 4712//3174 1538//3174
f 2626//2958 4565//2958 2625//2958
f 745//3262 3301//3262 748//3262
f 1538//3175 4713//3175 2498//3175
f 2791//2960 4568//2960 2626//2960
f 748//3264 3196//3264 2122//3264
f 1137//3265 3992//3265 3994//3265
f 1991//3266 3994//3266 3891//3266
f 1539//3169 4715//3169 4714//3169
f 751//2848 3308//2848 753//2848
f 2674//3172 3286//3172 5020//3172
f 753//2846 3205//2846 1964//2846
f 1138//3267 3992//3267 1135//3267
f 1541//3171 4716//3171 4715//3171
f 2139//3167 3281//3167 3286//3167
f 1537//3748 4717//3748 4711//3748
f 2141//3162 3281//3162 2140//3162
f 751//2851 3310//2851 3306//2851
f 2128//3269 3996//3269 1138//3269
f 1540//3183 4606//3183 4717//3183
f 2683//3270 3284//3270 2141//3270
f 2142//3168 5122//3168 2724//3168
f 754//2852 3312//2852 3310//2852
f 1139//3211 3999//3211 4001//3211
f 1539//3749 4718//3749 1542//3749
f 2143//3165 3884//3165 2142//3165
f 2129//3212 4001//3212 4002//3212
f 1542//3178 4609//3178 1834//3178
f 2143//3160 3882//3160 3879//3160
f 752//3061 3315//3061 755//3061
f 2144//3161 4983//3161 3882//3161
f 755//3062 3316//3062 2545//3062
f 1140//3209 3999//3209 1136//3209
f 1544//3272 4721//3272 4720//3272
f 752//3058 3318//3058 3313//3058
f 1992//3208 4004//3208 1140//3208
f 1547//3273 4619//3273 4721//3273
f 2149//3217 5065//3217 3232//3217
f 1142//3274 4006//3274 4007//3274
f 1543//3275 4723//3275 4719//3275
f 2150//3216 3232//3216 3230//3216
f 756//3057 3209//3057 3318//3057
f 2561//3323 4007//3323 4008//3323
f 1545//3750 4724//3750 4723//3750
f 2150//3219 3234//3219 2151//3219
f 757//3194 3321//3194 758//3194
f 2151//3221 5086//3221 2678//3221
f 758//3198 3322//3198 2459//3198
f 1145//3278 4009//3278 1143//3278
f 1544//3279 4725//3279 1548//3279
f 1548//3310 4726//3310 2089//3310
f 2154//3751 2837//3751 2834//3751
f 759//3189 3324//3189 3323//3189
f 2562//3752 4010//3752 1145//3752
f 1543//3283 4722//3283 1546//3283
f 2155//2482 5031//2482 2837//2482
f 1144//3284 4006//3284 1141//3284
f 1546//3285 4617//3285 2003//3285
f 761//3191 3325//3191 3324//3191
f 1935//3286 4012//3286 1144//3286
f 2788//3252 4637//3252 2158//3252
f 757//3204 3326//3204 3320//3204
f 1549//2300 4729//2300 1551//2300
f 2158//3251 4635//3251 2159//3251
f 760//3205 3215//3205 3326//3205
f 1146//3288 4009//3288 4013//3288
f 1551//2297 4626//2297 2167//2297
f 2160//3253 4635//3253 4639//3253
f 1936//3289 4013//3289 3904//3289
f 2797//3256 4639//3256 5017//3256
f 759//3201 3327//3201 762//3201
f 1549//2303 4731//2303 4727//2303
f 2161//3266 5032//3266 4058//3266
f 762//3203 3218//3203 2633//3203
f 1151//3248 4015//3248 1148//3248
f 2162//3265 4058//3265 4056//3265
f 1552//2306 4733//2306 4731//2306
f 2162//3267 4060//3267 2163//3267
f 764//3753 3330//3753 3329//3753
f 2529//3291 4016//3291 1151//3291
f 2163//3269 5059//3269 2748//3269
f 1149//3244 4014//3244 1147//3244
f 1550//3230 4736//3230 1553//3230
f 2645//2721 2935//2721 5094//2721
f 767//3292 3228//3292 3330//3292
f 2254//3246 4018//3246 1149//3246
f 1553//3232 4737//3232 1913//3232
f 2164//2715 2930//2715 2935//2715
f 763//3293 3332//3293 3328//3293
f 2166//2709 2930//2709 2165//2709
f 765//3294 3333//3294 3332//3294
f 1152//3241 4015//3241 4020//3241
f 1550//3754 4739//3754 4734//3754
f 2654//2710 2933//2710 2166//2710
f 2253//3745 4020//3745 4021//3745
f 764//3295 3334//3295 768//3295
f 1150//3235 4014//3235 4017//3235
f 1554//3227 4630//3227 4739//3227
f 768//3296 3335//3296 2357//3296
f 2530//3237 4017//3237 3912//3237
f 763//3297 3331//3297 766//3297
f 1557//3047 4741//3047 4743//3047
f 766//3298 3226//3298 2065//3298
f 1155//2694 4022//2694 4024//2694
f 2201//3046 4743//3046 4640//3046
f 1748//2692 4024//2692 3921//2692
f 2653//2916 3032//2916 2173//2916
f 769//2807 3338//2807 771//2807
f 1558//3049 4741//3049 1555//3049
f 2173//2915 3030//2915 2174//2915
f 771//2805 3235//2805 2330//2805
f 1156//2696 4022//2696 1153//2696
f 2175//2919 3030//2919 3034//2919
f 2319//3051 4745//3051 1558//3051
f 2662//2924 3034//2924 5026//2924
f 769//2809 3340//2809 3336//2809
f 1968//2699 4026//2699 1156//2699
f 1559//3144 4748//3144 4750//3144
f 772//2812 3342//2812 3340//2812
f 1157//2599 4029//2599 4031//2599
f 2320//3145 4750//3145 4751//3145
f 1969//2601 4031//2601 4032//2601
f 2180//3301 5093//3301 2704//3301
f 770//2212 3345//2212 773//2212
f 1556//3142 4753//3142 4748//3142
f 2181//2505 3640//2505 2180//2505
f 773//2215 3346//2215 2556//2215
f 1158//2598 4029//2598 1154//2598
f 2181//2503 3638//2503 3635//2503
f 2202//3138 4753//3138 1560//3138
f 3548//3302 3646//3302 3645//3302
f 770//2209 3348//2209 3343//2209
f 1749//2596 4034//2596 1158//2596
f 1562//2149 4755//2149 4756//2149
f 2707//3303 3674//3303 2183//3303
f 1159//3304 4037//3304 1160//3304
f 2152//2155 4756//2155 4757//2155
f 2183//2822 3672//2822 2184//2822
f 774//2207 3239//2207 3348//2207
f 1910//3306 4037//3306 4038//3306
f 2185//2829 3672//2829 3676//2829
f 1563//2142 4759//2142 4758//2142
f 2716//2832 3676//2832 4981//2832
f 777//3255 3350//3255 3352//3255
f 2186//2785 5039//2785 3095//2785
f 1940//3254 3352//3254 3249//3254
f 2153//2144 4759//2144 1565//2144
f 2187//2784 3095//2784 3093//2784
f 1564//2166 4755//2166 1561//2166
f 2187//3755 3097//3755 2188//3755
f 778//3257 3350//3257 775//3257
f 2365//2169 4761//2169 1564//2169
f 2188//2790 4987//2790 2667//2790
f 2106//3258 3354//3258 778//3258
f 1162//3307 4036//3307 1159//3307
f 1566//2157 4758//2157 4762//2157
f 2191//2408 5138//2408 2751//2408
f 2631//3308 4044//3308 1162//3308
f 2366//2161 4762//2161 4653//2161
f 2192//2404 4205//2404 2191//2404
f 779//3200 3357//3200 3359//3200
f 2192//2399 4203//2399 4200//2399
f 2107//3202 3359//3202 3360//3202
f 1571//3283 4764//3283 1568//3283
f 2193//2401 5096//2401 4203//2401
f 780//3197 3357//3197 776//3197
f 2563//3285 4765//3285 1571//3285
f 1569//3279 4763//3279 1567//3279
f 2198//2340 5087//2340 3446//2340
f 1941//3195 3362//3195 780//3195
f 2630//3310 4767//3310 1569//3310
f 2199//2337 3446//2337 3444//2337
f 782//2191 3364//2191 3365//2191
f 2199//2342 3448//2342 2200//2342
f 2286//2198 3365//2198 3366//2198
f 1572//3275 4764//3275 4769//3275
f 2200//2345 5024//2345 2696//2345
f 2629//3277 4769//3277 4770//3277
f 785//2184 3367//2184 783//2184
f 1570//3272 4763//3272 4766//3272
f 1165//3311 4051//3311 4047//3311
f 2564//3273 4766//3273 4661//3273
f 2287//2186 3368//2186 785//2186
f 1167//3312 4052//3312 4051//3312
f 784//2210 3364//2210 781//2210
f 1575//3066 4771//3066 4773//3066
f 2205//3231 5083//3231 2670//3231
f 2099//2213 3370//2213 784//2213
f 2495//3064 4773//3064 4670//3064
f 2206//3228 3242//3228 2205//3228
f 2206//3224 3240//3224 3237//3224
f 786//2201 3367//2201 3371//2201
f 1576//3069 4771//3069 1573//3069
f 2207//3756 5105//3756 3240//3756
f 2100//2204 3371//2204 3262//2204
f 1165//3314 4050//3314 1168//3314
f 2762//2688 4326//2688 5077//2688
f 1168//3315 3945//3315 2085//3315
f 1741//3072 4775//3072 1576//3072
f 2208//2685 4321//2685 4326//2685
f 791//3297 3373//3297 788//3297
f 2210//2678 4321//2678 2209//2678
f 1171//2773 4057//2773 1173//2773
f 1577//2842 4778//2842 4780//2842
f 2771//2681 4324//2681 2210//2681
f 2276//3298 3374//3298 791//3298
f 1173//2771 3954//2771 1808//2771
f 1742//2844 4780//2844 4781//2844
f 789//3295 3372//3295 787//3295
f 2008//3296 3376//3296 789//3296
f 1171//2777 4059//2777 4055//2777
f 1578//2840 4778//2840 1574//2840
f 792//3293 3373//3293 3378//3293
f 1174//2780 4061//2780 4059//2780
f 2496//2837 4783//2837 1578//2837
f 2217//3757 2831//3757 2218//3757
f 2007//3294 3378//3294 3379//3294
f 1580//3318 4785//3318 4786//3318
f 2218//2475 5030//2475 2642//2475
f 790//3290 3372//3290 3375//3290
f 1172//3096 4064//3096 1175//3096
f 2525//3319 4786//3319 4787//3319
f 2277//3292 3375//3292 3270//3292
f 1175//3097 4065//3097 2507//3097
f 2221//2603 5116//2603 2650//2603
f 795//3002 3380//3002 3382//3002
f 1172//3094 4067//3094 4062//3094
f 2221//2600 2993//2600 2998//2600
f 2219//3000 3382//3000 3279//3000
f 2222//2595 2996//2595 2993//2595
f 1176//3093 3958//3093 4067//3093
f 2223//2597 5110//2597 2996//2597
f 796//3004 3380//3004 793//3004
f 1177//3278 4070//3278 1178//3278
f 2224//2242 5098//2242 4914//2242
f 1178//3282 4071//3282 2239//3282
f 1582//3321 4785//3321 1579//3321
f 2225//2239 4914//2239 4912//2239
f 1948//3005 3384//3005 796//3005
f 1832//3322 4793//3322 1582//3322
f 2225//2245 4916//2245 2226//2245
f 1179//3274 4073//3274 4072//3274
f 2226//2248 5072//2248 2820//2248
f 797//3081 3387//3081 3389//3081
f 1949//3084 3389//3084 3390//3084
f 1181//3323 4074//3323 4073//3323
f 1177//3288 4075//3288 4069//3288
f 798//3080 3387//3080 794//3080
f 1180//3289 3964//3289 4075//3289
f 2220//3078 3392//3078 798//3078
f 1179//3284 4076//3284 1182//3284
f 800//3324 3394//3324 3395//3324
f 1182//3758 3967//3758 2040//3758
f 1886//3325 3395//3325 3396//3325
f 1184//2232 4079//2232 4078//2232
f 2816//2531 4947//2531 5120//2531
f 1585//3326 4800//3326 4796//3326
f 2234//3759 4945//3759 4947//3759
f 1187//2236 3977//2236 4079//2236
f 1587//3328 4801//3328 4800//3328
f 1183//2226 4081//2226 4077//2226
f 1185//2229 4082//2229 4081//2229
f 2719//2907 3821//2907 5085//2907
f 2240//2901 3816//2901 3821//2901
f 802//3329 3394//3329 799//3329
f 1184//2219 4083//2219 1188//2219
f 2242//2895 3816//2895 2241//2895
f 1701//3330 3402//3330 802//3330
f 1188//2222 4084//2222 1782//2222
f 1585//3331 4799//3331 1588//3331
f 2728//2898 3819//2898 2242//2898
f 1183//2214 4080//2214 1186//2214
f 1588//3332 4694//3332 2613//3332
f 1186//2218 3975//2218 2378//2218
f 1591//2703 4806//2703 1593//2703
f 1189//3150 4087//3150 1191//3150
f 1593//2700 4703//2700 2211//2700
f 1191//3149 3984//3149 2314//3149
f 1591//2704 4808//2704 4804//2704
f 1189//3151 4089//3151 4085//3151
f 1594//2707 4810//2707 4808//2707
f 3574//3333 3568//3333 3573//3333
f 3673//3334 3574//3334 3683//3334
f 3580//3760 3575//3760 3579//3760
f 3580//3761 3684//3761 5070//3761
f 3583//2825 3695//2825 3692//2825
f 971//2125 5200//2125 5202//2125
f 905//2430 5198//2430 5197//2430
f 5157//3762 4941//3762 2021//3762
f 5150//3763 4944//3763 4943//3763
f 4938//2125 5169//2125 4936//2125
f 5172//3764 4945//3764 2235//3764
f 5172//3765 1672//3765 5168//3765
f 4941//3766 5149//3766 4940//3766
f 5158//3767 4944//3767 5159//3767
f 2022//3768 5155//3768 5153//3768
f 2021//2430 5153//2430 5157//2430
f 4942//3769 5156//3769 5152//3769
f 4940//2125 5151//2125 4939//2125
f 5158//3345 5156//3345 5154//3345
f 5159//3345 5152//3345 5156//3345
f 5155//3346 5157//3346 5153//3346
f 5160//3346 5151//3346 5149//3346
f 1667//3770 5171//3770 5167//3770
f 4936//3771 5171//3771 1963//3771
f 5162//2125 4945//2125 5170//2125
f 5172//3345 5162//3345 5170//3345
f 5161//3772 4937//3772 5163//3772
f 5164//3345 5168//3345 5166//3345
f 1669//2430 5167//2430 5165//2430
f 5167//3346 5163//3346 5165//3346
f 4946//3773 5166//3773 1674//3773
f 5171//3346 5161//3346 5163//3346
f 5176//3774 4949//3774 4950//3774
f 5178//3775 4949//3775 5174//3775
f 5176//2125 4948//2125 5180//2125
f 5182//3776 4948//3776 1676//3776
f 5182//3777 1675//3777 5184//3777
f 5178//2430 1675//2430 1677//2430
f 1693//2125 5192//2125 1691//2125
f 5194//2430 4968//2430 4966//2430
f 5196//3778 4966//3778 1692//3778
f 5196//3779 1691//3779 5192//3779
f 1665//2430 5183//2430 5177//2430
f 1663//3780 5181//3780 5183//3780
f 4933//3781 5181//3781 1664//3781
f 5175//3346 5181//3346 5179//3346
f 4934//2125 5179//2125 4933//2125
f 5183//3782 5173//3782 5177//3782
f 4935//3783 5177//3783 5173//3783
f 5182//3784 5176//3784 5180//3784
f 5175//3785 4935//3785 5173//3785
f 5174//3784 5184//3784 5178//3784
f 1679//3786 5195//3786 5191//3786
f 4951//3787 5195//3787 1680//3787
f 4951//2430 5187//2430 5193//2430
f 5185//2125 1679//2125 5191//2125
f 5187//3788 4953//3788 5189//3788
f 5190//3782 5192//3782 5186//3782
f 5186//3789 4967//3789 5190//3789
f 5196//3346 5188//3346 5194//3346
f 5195//3345 5187//3345 5189//3345
f 5191//3365 5189//3365 5185//3365
f 4965//2515 4955//2515 4964//2515
f 4955//2515 1690//2515 4964//2515
f 1685//2125 1688//2125 1690//2125
f 1683//3366 1779//3366 1688//3366
f 1872//3790 4963//3790 1779//3790
f 4965//2430 4954//2430 4956//2430
f 2416//3366 1684//3366 1687//3366
f 4957//3791 1687//3791 1684//3791
f 4957//2430 4961//2430 4960//2430
f 3609//3369 5084//3369 3605//3369
f 3723//3370 5084//3370 3610//3370
f 920//2476 3605//2476 2608//2476
f 982//2504 3714//2504 3723//2504
f 982//3371 2710//3371 1937//3371
f 2710//3372 920//3372 2608//3372
f 3633//2500 3636//2500 3637//2500
f 3633//2693 3746//2693 3736//2693
f 2504//3333 935//3333 934//3333
f 2504//3334 996//3334 2505//3334
f 996//2504 3736//2504 3746//2504
f 3631//2476 935//2476 3636//2476
f 3624//3373 3632//3373 5034//3373
f 3737//3374 3624//3374 5034//3374
f 3737//2504 988//2504 3729//2504
f 3632//2476 927//2476 2018//2476
f 2446//3375 1810//3375 2712//3375
f 2446//3376 2018//3376 927//3376
f 5200//2858 5201//2858 5202//2858
f 5197//3302 5200//3302 5199//3302
f 912//3346 5197//3346 5199//3346
f 912//2125 5200//2125 2309//2125
f 966//2430 5198//2430 1785//2430
f 966//3345 5202//3345 5201//3345
f 5204//3490 5203//3490 5206//3490
f 5204//13 5207//13 5208//13
f 5455//15 5208//15 5209//15
f 5456//1 5209//1 5210//1
f 5457//3 5210//3 5211//3
f 5205//5 5211//5 5212//5
f 5458//7 5212//7 5213//7
f 5213//25 5212//25 5220//25
f 5206//29 5214//29 5215//29
f 5207//31 5215//31 5216//31
f 5209//17 5208//17 5216//17
f 5209//19 5217//19 5218//19
f 5211//21 5210//21 5218//21
f 5211//23 5219//23 5220//23
f 5216//41 5224//41 5225//41
f 5218//43 5217//43 5225//43
f 5218//45 5226//45 5227//45
f 5219//47 5227//47 5228//47
f 5220//33 5228//33 5229//33
f 5214//3496 5222//3496 5223//3496
f 5215//39 5223//39 5224//39
f 5228//56 5236//56 5237//56
f 5222//60 5230//60 5231//60
f 5223//62 5231//62 5232//62
f 5225//64 5224//64 5232//64
f 5226//50 5225//50 5233//50
f 5226//52 5234//52 5235//52
f 5228//3383 5227//3383 5235//3383
f 5233//74 5241//74 5242//74
f 5234//76 5242//76 5243//76
f 5235//3385 5243//3385 5244//3385
f 5236//3506 5244//3506 5245//3506
f 5230//68 5238//68 5239//68
f 5231//70 5239//70 5240//70
f 5233//72 5232//72 5240//72
f 5239//3509 5238//3509 5246//3509
f 5239//93 5247//93 5248//93
f 5241//95 5240//95 5248//95
f 5241//81 5249//81 5250//81
f 5243//83 5242//83 5250//83
f 5243//85 5251//85 5252//85
f 5245//3792 5244//3792 5252//3792
f 5249//105 5257//105 5258//105
f 5251//107 5250//107 5258//107
f 5251//3389 5259//3389 5260//3389
f 5252//3390 5260//3390 5261//3390
f 5247//3512 5246//3512 5254//3512
f 5247//101 5255//101 5256//101
f 5249//103 5248//103 5256//103
f 5255//3793 5254//3793 5262//3793
f 5255//124 5263//124 5264//124
f 5257//126 5256//126 5264//126
f 5257//128 5265//128 5266//128
f 5259//114 5258//114 5266//114
f 5259//116 5267//116 5268//116
f 5260//118 5268//118 5269//118
f 5267//137 5266//137 5274//137
f 5267//139 5275//139 5276//139
f 5268//141 5276//141 5277//141
f 5263//3794 5262//3794 5270//3794
f 5263//131 5271//131 5272//131
f 5265//133 5264//133 5272//133
f 5265//135 5273//135 5274//135
f 5271//155 5279//155 5280//155
f 5273//157 5272//157 5280//157
f 5273//159 5281//159 5282//159
f 5274//145 5282//145 5283//145
f 5276//3395 5275//3395 5283//3395
f 5277//3396 5276//3396 5284//3396
f 5271//153 5270//153 5278//153
f 5283//3397 5291//3397 5292//3397
f 5285//3398 5284//3398 5292//3398
f 5278//3524 5286//3524 5287//3524
f 5279//161 5287//161 5288//161
f 5280//163 5288//163 5289//163
f 5281//165 5289//165 5290//165
f 5283//167 5282//167 5290//167
f 5287//185 5295//185 5296//185
f 5289//187 5288//187 5296//187
f 5289//189 5297//189 5298//189
f 5291//191 5290//191 5298//191
f 5292//177 5291//177 5299//177
f 5292//3526 5300//3526 5301//3526
f 5286//183 5294//183 5295//183
f 5300//200 5299//200 5307//200
f 5300//202 5308//202 5309//202
f 5294//206 5302//206 5303//206
f 5295//208 5303//208 5304//208
f 5297//194 5296//194 5304//194
f 5297//196 5305//196 5306//196
f 5299//198 5298//198 5306//198
f 5305//218 5304//218 5313//218
f 5306//3402 5305//3402 5314//3402
f 5307//222 5306//222 5315//222
f 5307//224 5316//224 5317//224
f 5309//3795 5308//3795 5317//3795
f 5302//3536 5311//3536 5312//3536
f 5303//216 5312//216 5313//216
f 5318//233 5317//233 5325//233
f 5311//237 5319//237 5320//237
f 5312//239 5320//239 5321//239
f 5314//225 5313//225 5321//225
f 5314//227 5322//227 5323//227
f 5315//229 5323//229 5324//229
f 5316//231 5324//231 5325//231
f 5322//249 5321//249 5329//249
f 5323//251 5322//251 5330//251
f 5324//3405 5323//3405 5331//3405
f 5325//255 5324//255 5332//255
f 5326//241 5325//241 5333//241
f 5319//3796 5327//3796 5328//3796
f 5320//247 5328//247 5329//247
f 5334//264 5333//264 5341//264
f 5327//3547 5335//3547 5336//3547
f 5328//270 5336//270 5337//270
f 5330//272 5329//272 5337//272
f 5330//258 5338//258 5339//258
f 5332//3408 5331//3408 5339//3408
f 5333//262 5332//262 5340//262
f 5338//282 5346//282 5347//282
f 5340//284 5339//284 5347//284
f 5341//286 5340//286 5348//286
f 5341//3797 5349//3797 5350//3797
f 5335//276 5343//276 5344//276
f 5336//278 5344//278 5345//278
f 5338//3798 5337//3798 5345//3798
f 5343//3551 5351//3551 5352//3551
f 5344//301 5352//301 5353//301
f 5346//303 5345//303 5353//303
f 5346//289 5354//289 5355//289
f 5347//291 5355//291 5356//291
f 5349//293 5348//293 5356//293
f 5350//3410 5349//3410 5357//3410
f 5356//314 5355//314 5363//314
f 5357//316 5356//316 5364//316
f 5357//3799 5365//3799 5366//3799
f 5351//306 5359//306 5360//306
f 5352//308 5360//308 5361//308
f 5354//310 5353//310 5361//310
f 5355//312 5354//312 5362//312
f 5359//329 5367//329 5368//329
f 5360//331 5368//331 5369//331
f 5362//333 5361//333 5369//333
f 5362//335 5370//335 5371//335
f 5364//321 5363//321 5371//321
f 5365//323 5364//323 5372//323
f 5365//3411 5373//3411 5374//3411
f 5371//344 5379//344 5380//344
f 5373//346 5372//346 5380//346
f 5373//3561 5381//3561 5382//3561
f 5367//3800 5375//3800 5376//3800
f 5368//338 5376//338 5377//338
f 5370//340 5369//340 5377//340
f 5370//342 5378//342 5379//342
f 5376//362 5384//362 5385//362
f 5378//364 5377//364 5385//364
f 5378//366 5386//366 5387//366
f 5379//368 5387//368 5388//368
f 5381//354 5380//354 5388//354
f 5381//3801 5389//3801 5390//3801
f 5376//360 5375//360 5383//360
f 5389//377 5388//377 5396//377
f 5389//3802 5397//3802 5398//3802
f 5384//383 5383//383 5391//383
f 5384//369 5392//369 5393//369
f 5386//371 5385//371 5393//371
f 5386//373 5394//373 5395//373
f 5388//375 5387//375 5395//375
f 5392//393 5400//393 5401//393
f 5394//395 5393//395 5401//395
f 5395//397 5394//397 5402//397
f 5395//399 5403//399 5404//399
f 5396//385 5404//385 5405//385
f 5397//387 5405//387 5406//387
f 5391//391 5399//391 5400//391
f 5404//3803 5412//3803 5413//3803
f 5405//3419 5413//3419 5414//3419
f 5399//414 5407//414 5408//414
f 5400//416 5408//416 5409//416
f 5402//402 5401//402 5409//402
f 5403//404 5402//404 5410//404
f 5403//406 5411//406 5412//406
f 5410//426 5409//426 5417//426
f 5410//428 5418//428 5419//428
f 5411//430 5419//430 5420//430
f 5413//432 5412//432 5420//432
f 5413//3571 5421//3571 5422//3571
f 5407//3804 5415//3804 5416//3804
f 5408//424 5416//424 5417//424
f 5421//441 5429//441 5430//441
f 5415//445 5423//445 5424//445
f 5416//447 5424//447 5425//447
f 5418//433 5417//433 5425//433
f 5418//435 5426//435 5427//435
f 5419//437 5427//437 5428//437
f 5421//439 5420//439 5428//439
f 5426//459 5434//459 5435//459
f 5428//461 5427//461 5435//461
f 5428//463 5436//463 5437//463
f 5429//449 5437//449 5438//449
f 5423//453 5431//453 5432//453
f 5424//455 5432//455 5433//455
f 5426//457 5425//457 5433//457
f 5431//3581 5439//3581 5440//3581
f 5432//477 5440//477 5441//477
f 5434//479 5433//479 5441//479
f 5434//465 5442//465 5443//465
f 5435//467 5443//467 5444//467
f 5437//469 5436//469 5444//469
f 5437//471 5445//471 5446//471
f 5442//489 5450//489 5451//489
f 5443//491 5451//491 5452//491
f 5444//493 5452//493 5453//493
f 5445//3805 5453//3805 5454//3805
f 5439//483 5447//483 5448//483
f 5440//485 5448//485 5449//485
f 5442//487 5441//487 5449//487
f 5447//3590 5203//3590 5204//3590
f 5448//508 5204//508 5455//508
f 5450//510 5449//510 5455//510
f 5450//512 5456//512 5457//512
f 5451//3587 5457//3587 5205//3587
f 5452//500 5205//500 5458//500
f 5454//3588 5453//3588 5458//3588
f 5254//2430 5467//2430 5468//2430
f 5486//3425 5518//3425 5519//3425
f 5447//2430 5439//2430 5490//2430
f 5391//2430 5383//2430 5483//2430
f 5302//2430 5473//2430 5474//2430
f 5254//2430 5246//2430 5466//2430
f 5327//2430 5476//2430 5477//2430
f 5383//2430 5375//2430 5482//2430
f 5270//2430 5262//2430 5468//2430
f 5214//2430 5206//2430 5460//2430
f 5407//2430 5399//2430 5485//2430
f 5319//2430 5475//2430 5476//2430
f 5343//2430 5478//2430 5479//2430
f 5206//2430 5203//2430 5461//2430
f 5278//2430 5470//2430 5471//2430
f 5423//2430 5415//2430 5487//2430
f 5399//2430 5391//2430 5484//2430
f 5335//2430 5477//2430 5478//2430
f 5230//2430 5222//2430 5463//2430
f 5439//2430 5431//2430 5489//2430
f 5359//2430 5480//2430 5481//2430
f 5270//2430 5469//2430 5470//2430
f 5238//2430 5465//2430 5466//2430
f 5415//2430 5407//2430 5486//2430
f 5351//2430 5479//2430 5480//2430
f 5222//2430 5214//2430 5462//2430
f 5294//2430 5472//2430 5473//2430
f 5431//2430 5423//2430 5488//2430
f 5447//2430 5491//2430 5461//2430
f 5286//2430 5471//2430 5472//2430
f 5238//2430 5230//2430 5464//2430
f 5375//2430 5367//2430 5481//2430
f 5319//2430 5311//2430 5474//2430
f 5494//3806 5492//3806 5493//3806
f 5493//3807 5523//3807 5494//3807
f 5523//2430 5522//2430 5494//2430
f 5522//3808 5521//3808 5520//3808
f 5520//2430 5519//2430 5522//2430
f 5519//2430 5518//2430 5522//2430
f 5518//2430 5517//2430 5516//2430
f 5516//2430 5515//2430 5518//2430
f 5515//2430 5514//2430 5518//2430
f 5514//3808 5513//3808 5512//3808
f 5512//2430 5511//2430 5510//2430
f 5510//2430 5509//2430 5508//2430
f 5508//2430 5507//2430 5510//2430
f 5507//2430 5506//2430 5510//2430
f 5506//2430 5505//2430 5504//2430
f 5504//2430 5503//2430 5502//2430
f 5502//2430 5501//2430 5500//2430
f 5500//2430 5499//2430 5498//2430
f 5498//3808 5497//3808 5496//3808
f 5496//2430 5495//2430 5498//2430
f 5495//2430 5494//2430 5498//2430
f 5514//2430 5512//2430 5518//2430
f 5512//2430 5510//2430 5518//2430
f 5506//2430 5504//2430 5510//2430
f 5504//2430 5502//2430 5510//2430
f 5502//2430 5500//2430 5494//2430
f 5500//2430 5498//2430 5494//2430
f 5494//2430 5522//2430 5518//2430
f 5494//2430 5518//2430 5502//2430
f 5473//3426 5505//3426 5506//3426
f 5461//3427 5493//3427 5492//3427
f 5487//3428 5519//3428 5520//3428
f 5474//3429 5506//3429 5507//3429
f 5462//3430 5460//3430 5492//3430
f 5488//3431 5520//3431 5521//3431
f 5475//3432 5507//3432 5508//3432
f 5462//3433 5494//3433 5495//3433
f 5490//3434 5489//3434 5521//3434
f 5476//3435 5508//3435 5509//3435
f 5463//3436 5495//3436 5496//3436
f 5490//3437 5522//3437 5523//3437
f 5477//3438 5509//3438 5510//3438
f 5464//3439 5496//3439 5497//3439
f 5491//3440 5523//3440 5493//3440
f 5478//3441 5510//3441 5511//3441
f 5465//3442 5497//3442 5498//3442
f 5479//3443 5511//3443 5512//3443
f 5466//3444 5498//3444 5499//3444
f 5480//3445 5512//3445 5513//3445
f 5467//3446 5499//3446 5500//3446
f 5481//3447 5513//3447 5514//3447
f 5468//3448 5500//3448 5501//3448
f 5483//3449 5482//3449 5514//3449
f 5469//3450 5501//3450 5502//3450
f 5484//3451 5483//3451 5515//3451
f 5470//3452 5502//3452 5503//3452
f 5485//3453 5484//3453 5516//3453
f 5471//3454 5503//3454 5504//3454
f 5485//3455 5517//3455 5518//3455
f 5472//3456 5504//3456 5505//3456
f 5525//3457 5527//3457 5526//3457
f 5527//3458 5529//3458 5528//3458
f 5529//3459 5531//3459 5530//3459
f 5531//3460 5533//3460 5532//3460
f 5533//3461 5535//3461 5534//3461
f 5535//3462 5537//3462 5536//3462
f 5537//3463 5539//3463 5538//3463
f 5539//3464 5541//3464 5540//3464
f 5541//3465 5543//3465 5542//3465
f 5543//3466 5545//3466 5544//3466
f 5545//3467 5547//3467 5546//3467
f 5547//3468 5549//3468 5548//3468
f 5549//3469 5551//3469 5550//3469
f 5551//3470 5553//3470 5552//3470
f 5553//3471 5555//3471 5554//3471
f 5555//3472 5557//3472 5556//3472
f 5557//3473 5559//3473 5558//3473
f 5559//3474 5561//3474 5560//3474
f 5561//3475 5563//3475 5562//3475
f 5563//3476 5565//3476 5564//3476
f 5565//3477 5567//3477 5566//3477
f 5567//3478 5569//3478 5568//3478
f 5569//3479 5571//3479 5570//3479
f 5571//3480 5573//3480 5572//3480
f 5573//3481 5575//3481 5574//3481
f 5575//3482 5577//3482 5576//3482
f 5577//3483 5579//3483 5578//3483
f 5579//3484 5581//3484 5580//3484
f 5581//3485 5583//3485 5582//3485
f 5583//3486 5585//3486 5584//3486
f 5529//2430 5527//2430 5525//2430
f 5525//3807 5587//3807 5529//3807
f 5587//3808 5585//3808 5529//3808
f 5585//3807 5583//3807 5581//3807
f 5581//2430 5579//2430 5577//2430
f 5577//2430 5575//2430 5569//2430
f 5575//2430 5573//2430 5569//2430
f 5573//2430 5571//2430 5569//2430
f 5569//2430 5567//2430 5565//2430
f 5565//2430 5563//2430 5569//2430
f 5563//2430 5561//2430 5569//2430
f 5561//3808 5559//3808 5557//3808
f 5557//3807 5555//3807 5561//3807
f 5555//2430 5553//2430 5561//2430
f 5553//2430 5551//2430 5545//2430
f 5551//2430 5549//2430 5545//2430
f 5549//2430 5547//2430 5545//2430
f 5545//2430 5543//2430 5541//2430
f 5541//2430 5539//2430 5537//2430
f 5537//2430 5535//2430 5533//2430
f 5533//3808 5531//3808 5529//3808
f 5585//2430 5581//2430 5529//2430
f 5581//2430 5577//2430 5529//2430
f 5545//2430 5541//2430 5537//2430
f 5537//2430 5533//2430 5529//2430
f 5577//2430 5569//2430 5561//2430
f 5561//2430 5553//2430 5545//2430
f 5545//2430 5537//2430 5529//2430
f 5529//2430 5577//2430 5561//2430
f 5585//3487 5587//3487 5586//3487
f 5587//3488 5525//3488 5524//3488
f 5586//2125 5524//2125 5526//2125
f 5526//2125 5528//2125 5586//2125
f 5528//2125 5530//2125 5586//2125
f 5530//2125 5532//2125 5534//2125
f 5534//2125 5536//2125 5530//2125
f 5536//2125 5538//2125 5530//2125
f 5538//2125 5540//2125 5542//2125
f 5542//2125 5544//2125 5546//2125
f 5546//2125 5548//2125 5550//2125
f 5550//2125 5552//2125 5554//2125
f 5554//2125 5556//2125 5558//2125
f 5558//2125 5560//2125 5562//2125
f 5562//2125 5564//2125 5566//2125
f 5566//2125 5568//2125 5570//2125
f 5570//2125 5572//2125 5574//2125
f 5574//2125 5576//2125 5570//2125
f 5576//2125 5578//2125 5570//2125
f 5578//2125 5580//2125 5586//2125
f 5580//2125 5582//2125 5586//2125
f 5582//2125 5584//2125 5586//2125
f 5538//2125 5542//2125 5554//2125
f 5542//2125 5546//2125 5554//2125
f 5546//2125 5550//2125 5554//2125
f 5554//2125 5558//2125 5562//2125
f 5562//2125 5566//2125 5554//2125
f 5566//2125 5570//2125 5554//2125
f 5586//2125 5530//2125 5538//2125
f 5570//2125 5578//2125 5554//2125
f 5578//2125 5586//2125 5554//2125
