# Blender v2.79 (sub 0) OBJ File: 'FirstRoom.blend'
# www.blender.org
v 0.000000 2.515240 -0.026427
v 0.000000 2.507531 -0.051837
v 0.000000 2.495014 -0.075256
v 0.000000 2.478168 -0.095783
v 0.000000 2.457641 -0.112629
v 0.000000 2.434222 -0.125147
v 0.000000 2.408811 -0.132855
v 0.000000 2.382385 -0.135458
v 0.000000 2.355958 -0.132855
v 0.000000 2.269755 -0.075256
v 0.005156 2.515240 -0.025919
v 0.010113 2.507531 -0.050841
v 0.014682 2.495014 -0.073810
v 0.018686 2.478168 -0.093943
v 0.021973 2.457641 -0.110465
v 0.024415 2.434222 -0.122742
v 0.025919 2.408811 -0.130302
v 0.026427 2.382385 -0.132855
v 0.025919 2.355958 -0.130302
v 0.024415 2.330547 -0.122742
v 0.021973 2.307128 -0.110465
v 0.018686 2.286601 -0.093943
v 0.014682 2.269755 -0.073810
v 0.010113 2.257238 -0.050841
v 0.005156 2.249529 -0.025919
v 0.010113 2.515240 -0.024415
v 0.019837 2.507531 -0.047892
v 0.028799 2.495014 -0.069528
v 0.036655 2.478168 -0.088492
v 0.043101 2.457641 -0.104056
v 0.047892 2.434222 -0.115621
v 0.050841 2.408811 -0.122742
v 0.051838 2.382385 -0.125147
v 0.050841 2.355958 -0.122742
v 0.047892 2.330547 -0.115621
v 0.043101 2.307128 -0.104056
v 0.036655 2.286601 -0.088492
v 0.028799 2.269755 -0.069528
v 0.019837 2.257238 -0.047892
v 0.010113 2.249529 -0.024415
v 0.014682 2.515240 -0.021973
v 0.028799 2.507531 -0.043101
v 0.041810 2.495014 -0.062573
v 0.053214 2.478168 -0.079641
v 0.062573 2.457641 -0.093648
v 0.069528 2.434222 -0.104056
v 0.073810 2.408811 -0.110465
v 0.075256 2.382385 -0.112629
v 0.073810 2.355958 -0.110465
v 0.069528 2.330547 -0.104056
v 0.062573 2.307128 -0.093648
v 0.053214 2.286601 -0.079641
v 0.041810 2.269755 -0.062573
v 0.028799 2.257238 -0.043101
v 0.014682 2.249529 -0.021973
v 0.018686 2.515240 -0.018686
v 0.036655 2.507531 -0.036655
v 0.053214 2.495014 -0.053214
v 0.067729 2.478168 -0.067729
v 0.079641 2.457641 -0.079641
v 0.088492 2.434222 -0.088492
v 0.093943 2.408811 -0.093943
v 0.095783 2.382385 -0.095783
v 0.093943 2.355958 -0.093943
v 0.088492 2.330547 -0.088492
v 0.079641 2.307128 -0.079641
v 0.067729 2.286601 -0.067729
v 0.053214 2.269755 -0.053214
v 0.036655 2.257238 -0.036655
v 0.018686 2.249529 -0.018686
v 0.021973 2.515240 -0.014682
v 0.043101 2.507531 -0.028799
v 0.062573 2.495014 -0.041810
v 0.079641 2.478168 -0.053214
v 0.093648 2.457641 -0.062573
v 0.104056 2.434222 -0.069528
v 0.110465 2.408811 -0.073810
v 0.112629 2.382385 -0.075256
v 0.110465 2.355958 -0.073810
v 0.104056 2.330547 -0.069528
v 0.093648 2.307128 -0.062573
v 0.079641 2.286601 -0.053214
v 0.062573 2.269755 -0.041810
v 0.043101 2.257238 -0.028799
v 0.021973 2.249529 -0.014682
v 0.024415 2.515240 -0.010113
v 0.047892 2.507531 -0.019837
v 0.069528 2.495014 -0.028799
v 0.088492 2.478168 -0.036655
v 0.104056 2.457641 -0.043101
v 0.115621 2.434222 -0.047892
v 0.122742 2.408811 -0.050841
v 0.125147 2.382385 -0.051837
v 0.122742 2.355958 -0.050841
v 0.115621 2.330547 -0.047892
v 0.104056 2.307128 -0.043101
v 0.088492 2.286601 -0.036655
v 0.069528 2.269755 -0.028799
v 0.047892 2.257238 -0.019837
v 0.024415 2.249529 -0.010113
v 0.025919 2.515240 -0.005156
v 0.050841 2.507531 -0.010113
v 0.073810 2.495014 -0.014682
v 0.093943 2.478168 -0.018686
v 0.110465 2.457641 -0.021973
v 0.122742 2.434222 -0.024415
v 0.130302 2.408811 -0.025919
v 0.132855 2.382385 -0.026426
v 0.130302 2.355958 -0.025919
v 0.122742 2.330547 -0.024415
v 0.110465 2.307128 -0.021973
v 0.093943 2.286601 -0.018686
v 0.073810 2.269755 -0.014682
v 0.050841 2.257238 -0.010113
v 0.025919 2.249529 -0.005156
v 0.026427 2.515240 0.000000
v 0.051838 2.507531 0.000000
v 0.075256 2.495014 0.000000
v 0.095783 2.478168 0.000000
v 0.112629 2.457641 0.000000
v 0.125147 2.434222 0.000000
v 0.132855 2.408811 0.000000
v 0.135458 2.382385 0.000000
v 0.132855 2.355958 0.000000
v 0.125147 2.330547 0.000000
v 0.112629 2.307128 0.000000
v 0.095783 2.286601 0.000000
v 0.075256 2.269755 0.000000
v 0.051838 2.257238 0.000000
v 0.026427 2.249529 0.000000
v 0.025919 2.515240 0.005156
v 0.050841 2.507531 0.010113
v 0.073810 2.495014 0.014682
v 0.093943 2.478168 0.018686
v 0.110465 2.457641 0.021973
v 0.122742 2.434222 0.024415
v 0.130302 2.408811 0.025919
v 0.132855 2.382385 0.026427
v 0.130302 2.355958 0.025919
v 0.122742 2.330547 0.024415
v 0.110465 2.307128 0.021973
v 0.093943 2.286601 0.018686
v 0.073810 2.269755 0.014682
v 0.050841 2.257238 0.010113
v 0.025919 2.249529 0.005156
v 0.024415 2.515240 0.010113
v 0.047892 2.507531 0.019837
v 0.069528 2.495014 0.028799
v 0.088492 2.478168 0.036655
v 0.104056 2.457641 0.043101
v 0.115621 2.434222 0.047892
v 0.122742 2.408811 0.050841
v 0.125147 2.382385 0.051838
v 0.122742 2.355958 0.050841
v 0.115621 2.330547 0.047892
v 0.104056 2.307128 0.043101
v 0.088492 2.286601 0.036655
v 0.069528 2.269755 0.028799
v 0.047892 2.257238 0.019837
v 0.024415 2.249529 0.010113
v 0.021973 2.515240 0.014682
v 0.043101 2.507531 0.028799
v 0.062573 2.495014 0.041810
v 0.079641 2.478168 0.053214
v 0.093648 2.457641 0.062573
v 0.104056 2.434222 0.069528
v 0.110465 2.408811 0.073810
v 0.112629 2.382385 0.075256
v 0.110465 2.355958 0.073810
v 0.104056 2.330547 0.069528
v 0.093648 2.307128 0.062573
v 0.079641 2.286601 0.053214
v 0.062573 2.269755 0.041810
v 0.043101 2.257238 0.028799
v 0.021973 2.249529 0.014682
v 0.018686 2.515240 0.018686
v 0.036655 2.507531 0.036655
v 0.053214 2.495014 0.053214
v 0.067729 2.478168 0.067729
v 0.079641 2.457641 0.079641
v 0.088492 2.434222 0.088492
v 0.093943 2.408811 0.093943
v 0.095783 2.382385 0.095783
v 0.093943 2.355958 0.093943
v 0.088492 2.330547 0.088492
v 0.079641 2.307128 0.079641
v 0.067729 2.286601 0.067729
v 0.053214 2.269755 0.053214
v 0.036655 2.257238 0.036655
v 0.018686 2.249529 0.018686
v 0.014682 2.515240 0.021973
v 0.028799 2.507531 0.043101
v 0.041810 2.495014 0.062573
v 0.053214 2.478168 0.079641
v 0.062573 2.457641 0.093648
v 0.069528 2.434222 0.104056
v 0.073810 2.408811 0.110465
v 0.075256 2.382385 0.112629
v 0.073810 2.355958 0.110465
v 0.069528 2.330547 0.104056
v 0.062573 2.307128 0.093648
v 0.053214 2.286601 0.079641
v 0.041810 2.269755 0.062573
v 0.028799 2.257238 0.043101
v 0.014682 2.249529 0.021973
v 0.000000 2.246927 0.000000
v 0.010113 2.515240 0.024415
v 0.019837 2.507531 0.047892
v 0.028799 2.495014 0.069528
v 0.036655 2.478168 0.088492
v 0.043101 2.457641 0.104056
v 0.047892 2.434222 0.115621
v 0.050841 2.408811 0.122742
v 0.051837 2.382385 0.125147
v 0.050841 2.355958 0.122742
v 0.047892 2.330547 0.115621
v 0.043101 2.307128 0.104056
v 0.036655 2.286601 0.088492
v 0.028799 2.269755 0.069528
v 0.019837 2.257238 0.047892
v 0.010113 2.249529 0.024415
v 0.005156 2.515240 0.025919
v 0.010113 2.507531 0.050842
v 0.014682 2.495014 0.073810
v 0.018686 2.478168 0.093943
v 0.021973 2.457641 0.110465
v 0.024415 2.434222 0.122742
v 0.025919 2.408811 0.130302
v 0.026427 2.382385 0.132855
v 0.025919 2.355958 0.130302
v 0.024415 2.330547 0.122742
v 0.021973 2.307128 0.110465
v 0.018686 2.286601 0.093943
v 0.014682 2.269755 0.073810
v 0.010113 2.257238 0.050841
v 0.005156 2.249529 0.025919
v -0.000000 2.515240 0.026427
v 0.000000 2.507531 0.051838
v 0.000000 2.495014 0.075256
v -0.000000 2.478168 0.095783
v -0.000000 2.457641 0.112629
v 0.000000 2.434222 0.125147
v -0.000000 2.408811 0.132855
v -0.000000 2.382385 0.135458
v -0.000000 2.355958 0.132855
v 0.000000 2.330547 0.125147
v -0.000000 2.307128 0.112629
v -0.000000 2.286601 0.095783
v -0.000000 2.269755 0.075256
v 0.000000 2.257238 0.051838
v 0.000000 2.249529 0.026427
v -0.005156 2.515240 0.025919
v -0.010113 2.507531 0.050841
v -0.014682 2.495014 0.073810
v -0.018686 2.478168 0.093943
v -0.021973 2.457641 0.110465
v -0.024415 2.434222 0.122742
v -0.025919 2.408811 0.130302
v -0.026427 2.382385 0.132855
v -0.025919 2.355958 0.130302
v -0.024415 2.330547 0.122742
v -0.021973 2.307128 0.110465
v -0.018686 2.286601 0.093943
v -0.014682 2.269755 0.073810
v -0.010113 2.257238 0.050841
v -0.005156 2.249529 0.025919
v -0.010113 2.515240 0.024415
v -0.019837 2.507531 0.047892
v -0.028799 2.495014 0.069528
v -0.036655 2.478168 0.088492
v -0.043101 2.457641 0.104056
v -0.047892 2.434222 0.115621
v -0.050841 2.408811 0.122742
v -0.051838 2.382385 0.125147
v -0.050841 2.355958 0.122742
v -0.047892 2.330547 0.115621
v -0.043101 2.307128 0.104056
v -0.036655 2.286601 0.088492
v -0.028799 2.269755 0.069528
v -0.019837 2.257238 0.047892
v -0.010113 2.249529 0.024415
v -0.014682 2.515240 0.021973
v -0.028799 2.507531 0.043101
v -0.041810 2.495014 0.062573
v -0.053214 2.478168 0.079641
v -0.062573 2.457641 0.093648
v -0.069528 2.434222 0.104056
v -0.073810 2.408811 0.110465
v -0.075256 2.382385 0.112629
v -0.073810 2.355958 0.110465
v -0.069528 2.330547 0.104056
v -0.062573 2.307128 0.093648
v -0.053214 2.286601 0.079641
v -0.041810 2.269755 0.062573
v -0.028799 2.257238 0.043101
v -0.014682 2.249529 0.021973
v -0.000000 2.517843 0.000000
v -0.018686 2.515240 0.018686
v -0.036655 2.507531 0.036655
v -0.053214 2.495014 0.053214
v -0.067729 2.478168 0.067729
v -0.079641 2.457641 0.079641
v -0.088492 2.434222 0.088492
v -0.093943 2.408811 0.093943
v -0.095783 2.382385 0.095783
v -0.093943 2.355958 0.093943
v -0.088492 2.330547 0.088492
v -0.079641 2.307128 0.079641
v -0.067729 2.286601 0.067729
v -0.053214 2.269755 0.053214
v -0.036655 2.257238 0.036655
v -0.018686 2.249529 0.018686
v -0.021973 2.515240 0.014682
v -0.043101 2.507531 0.028799
v -0.062573 2.495014 0.041810
v -0.079641 2.478168 0.053214
v -0.093648 2.457641 0.062573
v -0.104056 2.434222 0.069528
v -0.110465 2.408811 0.073810
v -0.112629 2.382385 0.075256
v -0.110465 2.355958 0.073810
v -0.104056 2.330547 0.069528
v -0.093648 2.307128 0.062573
v -0.079641 2.286601 0.053214
v -0.062573 2.269755 0.041810
v -0.043101 2.257238 0.028799
v -0.021973 2.249529 0.014682
v -0.024415 2.515240 0.010113
v -0.047892 2.507531 0.019837
v -0.069528 2.495014 0.028799
v -0.088492 2.478168 0.036655
v -0.104056 2.457641 0.043101
v -0.115621 2.434222 0.047892
v -0.122742 2.408811 0.050841
v -0.125147 2.382385 0.051838
v -0.122742 2.355958 0.050841
v -0.115621 2.330547 0.047892
v -0.104056 2.307128 0.043101
v -0.088492 2.286601 0.036655
v -0.069528 2.269755 0.028799
v -0.047892 2.257238 0.019837
v -0.024415 2.249529 0.010113
v -0.025919 2.515240 0.005156
v -0.050841 2.507531 0.010113
v -0.073810 2.495014 0.014682
v -0.093943 2.478168 0.018686
v -0.110465 2.457641 0.021973
v -0.122742 2.434222 0.024415
v -0.130302 2.408811 0.025919
v -0.132855 2.382385 0.026427
v -0.130302 2.355958 0.025919
v -0.122742 2.330547 0.024415
v -0.110465 2.307128 0.021973
v -0.093943 2.286601 0.018686
v -0.073810 2.269755 0.014682
v -0.050841 2.257238 0.010113
v -0.025919 2.249529 0.005156
v -0.026427 2.515240 0.000000
v -0.051837 2.507531 0.000000
v -0.075256 2.495014 0.000000
v -0.095783 2.478168 0.000000
v -0.112629 2.457641 0.000000
v -0.125147 2.434222 0.000000
v -0.132855 2.408811 0.000000
v -0.135458 2.382385 0.000000
v -0.132855 2.355958 0.000000
v -0.125147 2.330547 0.000000
v -0.112629 2.307128 0.000000
v -0.095783 2.286601 0.000000
v -0.075256 2.269755 0.000000
v -0.051837 2.257238 0.000000
v -0.026427 2.249529 0.000000
v -0.025919 2.515240 -0.005156
v -0.050841 2.507531 -0.010113
v -0.073810 2.495014 -0.014682
v -0.093943 2.478168 -0.018686
v -0.110465 2.457641 -0.021973
v -0.122742 2.434222 -0.024415
v -0.130302 2.408811 -0.025919
v -0.132855 2.382385 -0.026427
v -0.130302 2.355958 -0.025919
v -0.122742 2.330547 -0.024415
v -0.110465 2.307128 -0.021973
v -0.093943 2.286601 -0.018686
v -0.073810 2.269755 -0.014682
v -0.050841 2.257238 -0.010113
v -0.025919 2.249529 -0.005156
v -0.024415 2.515240 -0.010113
v -0.047892 2.507531 -0.019837
v -0.069528 2.495014 -0.028799
v -0.088492 2.478168 -0.036655
v -0.104056 2.457641 -0.043101
v -0.115621 2.434222 -0.047892
v -0.122742 2.408811 -0.050841
v -0.125147 2.382385 -0.051837
v -0.122742 2.355958 -0.050841
v -0.115621 2.330547 -0.047892
v -0.104056 2.307128 -0.043101
v -0.088492 2.286601 -0.036655
v -0.069528 2.269755 -0.028799
v -0.047892 2.257238 -0.019837
v -0.024415 2.249529 -0.010113
v -0.021973 2.515240 -0.014682
v -0.043101 2.507531 -0.028799
v -0.062573 2.495014 -0.041810
v -0.079641 2.478168 -0.053214
v -0.093648 2.457641 -0.062573
v -0.104056 2.434222 -0.069528
v -0.110465 2.408811 -0.073810
v -0.112629 2.382385 -0.075256
v -0.110465 2.355958 -0.073810
v -0.104056 2.330547 -0.069528
v -0.093648 2.307128 -0.062573
v -0.079641 2.286601 -0.053214
v -0.062573 2.269755 -0.041810
v -0.043101 2.257238 -0.028799
v -0.021973 2.249529 -0.014682
v -0.018686 2.515240 -0.018686
v -0.036655 2.507531 -0.036655
v -0.053214 2.495014 -0.053214
v -0.067729 2.478168 -0.067729
v -0.079641 2.457641 -0.079641
v -0.088492 2.434222 -0.088492
v -0.093943 2.408811 -0.093943
v -0.095783 2.382385 -0.095783
v -0.093943 2.355958 -0.093943
v -0.088492 2.330547 -0.088492
v -0.079641 2.307128 -0.079641
v -0.067729 2.286601 -0.067729
v -0.053214 2.269755 -0.053214
v -0.036655 2.257238 -0.036655
v -0.018686 2.249529 -0.018686
v -0.014682 2.515240 -0.021973
v -0.028799 2.507531 -0.043101
v -0.041810 2.495014 -0.062573
v -0.053214 2.478168 -0.079641
v -0.062573 2.457641 -0.093648
v -0.069528 2.434222 -0.104056
v -0.073810 2.408811 -0.110465
v -0.075256 2.382385 -0.112629
v -0.073810 2.355958 -0.110465
v -0.069528 2.330547 -0.104056
v -0.062573 2.307128 -0.093648
v -0.053214 2.286601 -0.079641
v -0.041810 2.269755 -0.062573
v -0.028799 2.257238 -0.043101
v -0.014682 2.249529 -0.021973
v -0.010113 2.515240 -0.024415
v -0.019837 2.507531 -0.047892
v -0.028799 2.495014 -0.069528
v -0.036655 2.478168 -0.088492
v -0.043101 2.457641 -0.104056
v -0.047892 2.434222 -0.115620
v -0.050841 2.408811 -0.122742
v -0.051837 2.382385 -0.125147
v -0.050841 2.355958 -0.122742
v -0.047892 2.330547 -0.115620
v -0.043101 2.307128 -0.104056
v -0.036655 2.286601 -0.088492
v -0.028799 2.269755 -0.069528
v -0.019837 2.257238 -0.047892
v -0.010113 2.249529 -0.024415
v -0.005156 2.515240 -0.025919
v -0.010113 2.507531 -0.050841
v -0.014682 2.495014 -0.073810
v -0.018686 2.478168 -0.093943
v -0.021973 2.457641 -0.110465
v -0.024415 2.434222 -0.122742
v -0.025919 2.408811 -0.130302
v -0.026426 2.382385 -0.132855
v -0.025919 2.355958 -0.130302
v -0.024415 2.330547 -0.122742
v -0.021973 2.307128 -0.110465
v -0.018686 2.286601 -0.093943
v -0.014682 2.269755 -0.073810
v -0.010113 2.257238 -0.050841
v -0.005156 2.249529 -0.025919
v 0.000000 2.330547 -0.125147
v 0.000000 2.307128 -0.112629
v 0.000000 2.286601 -0.095783
v 0.000000 2.257238 -0.051837
v 0.000000 2.249529 -0.026426
v 1.241341 1.806513 1.857798
v 1.247532 1.750606 1.867061
v 1.301463 1.806513 1.816188
v 1.307953 1.750606 1.825245
v 1.199709 1.958998 1.795490
v 1.155127 2.039458 1.728769
v 1.257814 1.958998 1.755276
v 1.211073 2.039458 1.690049
v 0.861183 2.039458 1.288851
v 0.816602 1.958998 1.222130
v 0.902892 2.039458 1.259984
v 0.856152 1.958998 1.194758
v 0.774969 1.806513 1.159822
v 0.812503 1.806513 1.133845
v 0.768779 1.750606 1.150558
v 0.806013 1.750606 1.124789
v 0.774969 1.580980 1.159822
v 0.768779 1.636887 1.150558
v 0.812503 1.580980 1.133845
v 0.806013 1.636887 1.124789
v 0.816602 1.428494 1.222130
v 0.861183 1.348035 1.288851
v 0.856152 1.428494 1.194758
v 0.902892 1.348035 1.259984
v 0.945673 1.272897 1.415299
v 0.991475 1.272897 1.383600
v 0.976650 1.261725 1.461660
v 1.023952 1.261725 1.428922
v 1.070637 1.272897 1.602321
v 1.039660 1.261725 1.555960
v 1.122491 1.272897 1.566433
v 1.090014 1.261725 1.521111
v 1.155127 1.348035 1.728769
v 1.199709 1.428494 1.795490
v 1.211073 1.348035 1.690049
v 1.257814 1.428494 1.755276
v 1.241341 1.580980 1.857798
v 1.301463 1.580980 1.816188
v 1.247532 1.636887 1.867061
v 1.307953 1.636887 1.825245
v 1.473213 1.806513 1.679876
v 1.480559 1.750606 1.688253
v 1.527389 1.806513 1.630775
v 1.417461 1.806513 1.727180
v 1.424529 1.750606 1.735792
v 1.535006 1.750606 1.638907
v 1.423804 1.958998 1.623535
v 1.370895 2.039458 1.563205
v 1.369921 1.958998 1.669253
v 1.476163 1.958998 1.576081
v 1.421308 2.039458 1.517514
v 1.319015 2.039458 1.607223
v 1.022044 2.039458 1.165417
v 0.969136 1.958998 1.105087
v 0.983366 2.039458 1.198234
v 1.059629 2.039458 1.131353
v 1.004775 1.958998 1.072786
v 0.932460 1.958998 1.136205
v 0.919726 1.806513 1.048746
v 0.953548 1.806513 1.018092
v 0.912380 1.750606 1.040369
v 0.884920 1.806513 1.078277
v 0.945932 1.750606 1.009960
v 0.877852 1.750606 1.069665
v 0.919726 1.580980 1.048746
v 0.912380 1.636887 1.040369
v 0.953548 1.580980 1.018092
v 0.884920 1.580980 1.078277
v 0.877852 1.636887 1.069665
v 0.945932 1.636887 1.009960
v 0.969136 1.428494 1.105087
v 1.022044 1.348035 1.165417
v 0.932460 1.428494 1.136205
v 1.004775 1.428494 1.072786
v 1.059629 1.348035 1.131353
v 0.983366 1.348035 1.198234
v 1.122316 1.272897 1.279755
v 1.163589 1.272897 1.242350
v 1.159080 1.261725 1.321676
v 1.079844 1.272897 1.315792
v 1.201704 1.261725 1.283045
v 1.115216 1.261725 1.358893
v 1.270623 1.272897 1.448866
v 1.233859 1.261725 1.406946
v 1.317349 1.272897 1.406518
v 1.222537 1.272897 1.489665
v 1.187165 1.261725 1.446564
v 1.279233 1.261725 1.365822
v 1.370895 1.348035 1.563205
v 1.423804 1.428494 1.623535
v 1.319015 1.348035 1.607223
v 1.421309 1.348035 1.517514
v 1.476163 1.428494 1.576081
v 1.369921 1.428494 1.669253
v 1.473213 1.580980 1.679876
v 1.527389 1.580980 1.630775
v 1.480559 1.636887 1.688253
v 1.417461 1.580980 1.727180
v 1.535006 1.636887 1.638907
v 1.424529 1.636887 1.735792
v 1.679878 1.806513 1.473212
v 1.688254 1.750606 1.480558
v 1.727181 1.806513 1.417460
v 1.630777 1.806513 1.527388
v 1.638909 1.750606 1.535004
v 1.735794 1.750606 1.424528
v 1.623537 1.958998 1.423802
v 1.563206 2.039458 1.370894
v 1.576083 1.958998 1.476161
v 1.669254 1.958998 1.369920
v 1.607224 2.039458 1.319013
v 1.517515 2.039458 1.421307
v 1.165418 2.039458 1.022043
v 1.105087 1.958998 0.969135
v 1.131355 2.039458 1.059628
v 1.198235 2.039458 0.983365
v 1.136205 1.958998 0.932459
v 1.072787 1.958998 1.004774
v 1.048747 1.806513 0.919725
v 1.078278 1.806513 0.884919
v 1.040370 1.750606 0.912379
v 1.018093 1.806513 0.953547
v 1.069666 1.750606 0.877851
v 1.009961 1.750606 0.945931
v 1.048747 1.580980 0.919725
v 1.040370 1.636887 0.912379
v 1.078278 1.580980 0.884919
v 1.018093 1.580980 0.953547
v 1.009961 1.636887 0.945931
v 1.069666 1.636887 0.877851
v 1.105087 1.428494 0.969135
v 1.165418 1.348035 1.022043
v 1.072787 1.428494 1.004774
v 1.136205 1.428494 0.932459
v 1.198235 1.348035 0.983365
v 1.131355 1.348035 1.059628
v 1.279757 1.272897 1.122316
v 1.315793 1.272897 1.079843
v 1.321677 1.261725 1.159079
v 1.242351 1.272897 1.163588
v 1.358894 1.261725 1.115215
v 1.283046 1.261725 1.201703
v 1.448868 1.272897 1.270622
v 1.406947 1.261725 1.233858
v 1.489666 1.272897 1.222536
v 1.406519 1.272897 1.317347
v 1.365823 1.261725 1.279232
v 1.446565 1.261725 1.187164
v 1.563206 1.348035 1.370893
v 1.623537 1.428494 1.423802
v 1.517515 1.348035 1.421307
v 1.607224 1.348035 1.319013
v 1.669254 1.428494 1.369920
v 1.576083 1.428494 1.476161
v 1.679878 1.580980 1.473212
v 1.727181 1.580980 1.417460
v 1.688254 1.636887 1.480558
v 1.630777 1.580980 1.527388
v 1.735793 1.636887 1.424528
v 1.638909 1.636887 1.535004
v 1.857798 1.806513 1.241341
v 1.867062 1.750606 1.247530
v 1.897420 1.806513 1.179891
v 1.816189 1.806513 1.301462
v 1.825245 1.750606 1.307952
v 1.906881 1.750606 1.185775
v 1.795490 1.958998 1.199708
v 1.728770 2.039458 1.155127
v 1.755277 1.958998 1.257813
v 1.833783 1.958998 1.140319
v 1.765640 2.039458 1.097945
v 1.690050 2.039458 1.211072
v 1.288851 2.039458 0.861182
v 1.222130 1.958998 0.816601
v 1.259985 2.039458 0.902892
v 1.316339 2.039458 0.818552
v 1.248195 1.958998 0.776177
v 1.194758 1.958998 0.856151
v 1.159822 1.806513 0.774968
v 1.184558 1.806513 0.736605
v 1.150559 1.750606 0.768778
v 1.133846 1.806513 0.812502
v 1.175097 1.750606 0.730722
v 1.124789 1.750606 0.806012
v 1.159822 1.580980 0.774968
v 1.150559 1.636887 0.768778
v 1.184558 1.580980 0.736605
v 1.133846 1.580980 0.812502
v 1.124789 1.636887 0.806012
v 1.175097 1.636887 0.730722
v 1.222130 1.428494 0.816601
v 1.288851 1.348035 0.861182
v 1.194758 1.428494 0.856151
v 1.248195 1.428494 0.776177
v 1.316339 1.348035 0.818552
v 1.259985 1.348035 0.902892
v 1.415299 1.272897 0.945672
v 1.445484 1.272897 0.898859
v 1.461660 1.261725 0.976650
v 1.383601 1.272897 0.991474
v 1.492833 1.261725 0.928303
v 1.428923 1.261725 1.023951
v 1.602321 1.272897 1.070637
v 1.555961 1.261725 1.039659
v 1.636494 1.272897 1.017637
v 1.566434 1.272897 1.122490
v 1.521112 1.261725 1.090013
v 1.589145 1.261725 0.988193
v 1.728770 1.348035 1.155127
v 1.795490 1.428494 1.199708
v 1.690050 1.348035 1.211072
v 1.765640 1.348035 1.097945
v 1.833783 1.428494 1.140319
v 1.755277 1.428494 1.257813
v 1.857798 1.580980 1.241341
v 1.897420 1.580980 1.179891
v 1.867062 1.636887 1.247531
v 1.816189 1.580980 1.301462
v 1.906881 1.636887 1.185775
v 1.825245 1.636887 1.307952
v 2.003932 1.806513 0.988230
v 2.013925 1.750606 0.993157
v 2.035194 1.806513 0.922134
v 1.970526 1.806513 1.053268
v 1.980352 1.750606 1.058520
v 2.045342 1.750606 0.926732
v 1.936723 1.958998 0.955086
v 1.864754 2.039458 0.919595
v 1.904437 1.958998 1.017943
v 1.966936 1.958998 0.891207
v 1.893845 2.039458 0.858089
v 1.833668 2.039458 0.980116
v 1.390232 2.039458 0.685586
v 1.318263 1.958998 0.650095
v 1.367056 2.039458 0.730707
v 1.411920 2.039458 0.639732
v 1.338828 1.958998 0.606615
v 1.296287 1.958998 0.692880
v 1.251054 1.806513 0.616951
v 1.270571 1.806513 0.575688
v 1.241061 1.750606 0.612023
v 1.230198 1.806513 0.657555
v 1.260422 1.750606 0.571089
v 1.220372 1.750606 0.652302
v 1.251054 1.580980 0.616951
v 1.241061 1.636887 0.612023
v 1.270570 1.580980 0.575688
v 1.230198 1.580980 0.657555
v 1.220372 1.636887 0.652302
v 1.260422 1.636887 0.571090
v 1.318263 1.428494 0.650095
v 1.390232 1.348035 0.685586
v 1.296287 1.428494 0.692880
v 1.338828 1.428494 0.606615
v 1.411920 1.348035 0.639732
v 1.367056 1.348035 0.730707
v 1.526626 1.272897 0.752848
v 1.550442 1.272897 0.702496
v 1.576634 1.261725 0.777509
v 1.501177 1.272897 0.802396
v 1.601230 1.261725 0.725507
v 1.550351 1.261725 0.828680
v 1.728359 1.272897 0.852332
v 1.678352 1.261725 0.827671
v 1.755322 1.272897 0.795326
v 1.699547 1.272897 0.908427
v 1.650373 1.261725 0.882143
v 1.704535 1.261725 0.772314
v 1.864754 1.348035 0.919595
v 1.936723 1.428494 0.955086
v 1.833668 1.348035 0.980116
v 1.893845 1.348035 0.858089
v 1.966936 1.428494 0.891207
v 1.904437 1.428494 1.017943
v 2.003932 1.580980 0.988230
v 2.035194 1.580980 0.922134
v 2.013925 1.636887 0.993157
v 1.970526 1.580980 1.053268
v 2.045342 1.636887 0.926732
v 1.980352 1.636887 1.058520
v 2.115778 1.806513 0.718209
v 2.126328 1.750606 0.721790
v 2.138146 1.806513 0.648598
v 2.091147 1.806513 0.787051
v 2.101574 1.750606 0.790976
v 2.148807 1.750606 0.651833
v 2.044818 1.958998 0.694121
v 1.968832 2.039458 0.668328
v 2.021013 1.958998 0.760655
v 2.066435 1.958998 0.626845
v 1.989646 2.039458 0.603552
v 1.945912 2.039458 0.732389
v 1.467825 2.039458 0.498259
v 1.391839 1.958998 0.472465
v 1.450737 2.039458 0.546018
v 1.483342 2.039458 0.449966
v 1.406553 1.958998 0.426673
v 1.375636 1.958998 0.517752
v 1.320879 1.806513 0.448378
v 1.334843 1.806513 0.404920
v 1.310329 1.750606 0.444796
v 1.305502 1.806513 0.491356
v 1.324181 1.750606 0.401685
v 1.295074 1.750606 0.487431
v 1.320879 1.580980 0.448378
v 1.310329 1.636887 0.444796
v 1.334843 1.580980 0.404920
v 1.305502 1.580980 0.491356
v 1.295074 1.636887 0.487431
v 1.324181 1.636887 0.401685
v 1.391839 1.428494 0.472465
v 1.467825 1.348035 0.498259
v 1.375636 1.428494 0.517752
v 1.406553 1.428494 0.426673
v 1.483342 1.348035 0.449966
v 1.450737 1.348035 0.546018
v 1.611832 1.272897 0.547143
v 1.628872 1.272897 0.494112
v 1.664631 1.261725 0.565065
v 1.593068 1.272897 0.599588
v 1.682229 1.261725 0.510298
v 1.645252 1.261725 0.619228
v 1.824825 1.272897 0.619444
v 1.772026 1.261725 0.601521
v 1.844116 1.272897 0.559406
v 1.803581 1.272897 0.678819
v 1.751397 1.261725 0.659179
v 1.790760 1.261725 0.543220
v 1.968832 1.348035 0.668328
v 2.044818 1.428494 0.694121
v 1.945912 1.348035 0.732389
v 1.989646 1.348035 0.603552
v 2.066435 1.428494 0.626845
v 2.021013 1.428494 0.760655
v 2.115778 1.580980 0.718209
v 2.138145 1.580980 0.648598
v 2.126328 1.636887 0.721790
v 2.091147 1.580980 0.787051
v 2.148807 1.636887 0.651833
v 2.101574 1.636887 0.790976
v 2.191423 1.806513 0.435900
v 2.202350 1.750606 0.438074
v 2.204513 1.806513 0.363966
v 2.175988 1.806513 0.507368
v 2.186838 1.750606 0.509898
v 2.215505 1.750606 0.365781
v 2.117925 1.958998 0.421281
v 2.039223 2.039458 0.405626
v 2.103008 1.958998 0.490352
v 2.130576 1.958998 0.351759
v 2.051404 2.039458 0.338687
v 2.024860 2.039458 0.472131
v 1.520303 2.039458 0.302407
v 1.441601 1.958998 0.286752
v 1.509596 2.039458 0.351988
v 1.529385 2.039458 0.252502
v 1.450212 1.958998 0.239431
v 1.431448 1.958998 0.333766
v 1.368104 1.806513 0.272132
v 1.376276 1.806513 0.227224
v 1.357177 1.750606 0.269959
v 1.358468 1.806513 0.316750
v 1.365283 1.750606 0.225409
v 1.347618 1.750606 0.314220
v 1.368104 1.580980 0.272132
v 1.357177 1.636887 0.269959
v 1.376276 1.580980 0.227224
v 1.358468 1.580980 0.316750
v 1.347618 1.636887 0.314220
v 1.365283 1.636887 0.225409
v 1.441601 1.428494 0.286752
v 1.520304 1.348035 0.302407
v 1.431448 1.428494 0.333766
v 1.450212 1.428494 0.239431
v 1.529385 1.348035 0.252502
v 1.509596 1.348035 0.351988
v 1.669460 1.272897 0.332076
v 1.679432 1.272897 0.277275
v 1.724146 1.261725 0.342953
v 1.657701 1.272897 0.386521
v 1.734444 1.261725 0.286357
v 1.712002 1.261725 0.399182
v 1.890067 1.272897 0.375957
v 1.835381 1.261725 0.365079
v 1.901357 1.272897 0.313915
v 1.876755 1.272897 0.437597
v 1.822454 1.261725 0.424936
v 1.846344 1.261725 0.304832
v 2.039223 1.348035 0.405626
v 2.117925 1.428494 0.421281
v 2.024860 1.348035 0.472131
v 2.051404 1.348035 0.338687
v 2.130576 1.428494 0.351759
v 2.103009 1.428494 0.490352
v 2.191423 1.580980 0.435900
v 2.204513 1.580980 0.363966
v 2.202350 1.636887 0.438074
v 2.175988 1.580980 0.507368
v 2.215505 1.636887 0.365781
v 2.186839 1.636887 0.509898
v 2.229571 1.806513 0.146133
v 2.240688 1.750606 0.146862
v 2.233159 1.806513 0.073105
v 2.223597 1.806513 0.219005
v 2.234685 1.750606 0.220097
v 2.244295 1.750606 0.073470
v 2.154794 1.958998 0.141232
v 2.074722 2.039458 0.135984
v 2.149020 1.958998 0.211660
v 2.158262 1.958998 0.070654
v 2.078061 2.039458 0.068028
v 2.069163 2.039458 0.203794
v 1.546769 2.039458 0.101380
v 1.466697 1.958998 0.096132
v 1.542625 2.039458 0.151935
v 1.549259 2.039458 0.050717
v 1.469057 1.958998 0.048092
v 1.462767 1.958998 0.144070
v 1.391920 1.806513 0.091231
v 1.394160 1.806513 0.045640
v 1.380802 1.750606 0.090502
v 1.388190 1.806513 0.136725
v 1.383025 1.750606 0.045275
v 1.377102 1.750606 0.135633
v 1.391920 1.580980 0.091231
v 1.380802 1.636887 0.090502
v 1.394160 1.580980 0.045640
v 1.388190 1.580980 0.136725
v 1.377102 1.636887 0.135633
v 1.383025 1.636887 0.045275
v 1.466697 1.428494 0.096132
v 1.546769 1.348035 0.101380
v 1.462767 1.428494 0.144070
v 1.469057 1.428494 0.048092
v 1.549259 1.348035 0.050717
v 1.542625 1.348035 0.151935
v 1.698521 1.272897 0.111327
v 1.701255 1.272897 0.055693
v 1.754159 1.261725 0.114973
v 1.693970 1.272897 0.166841
v 1.756983 1.261725 0.057517
v 1.749459 1.261725 0.172306
v 1.922969 1.272897 0.126038
v 1.867331 1.261725 0.122391
v 1.926064 1.272897 0.063052
v 1.917817 1.272897 0.188888
v 1.862328 1.261725 0.183423
v 1.870337 1.261725 0.061228
v 2.074722 1.348035 0.135984
v 2.154794 1.428494 0.141232
v 2.069163 1.348035 0.203794
v 2.078061 1.348035 0.068028
v 2.158262 1.428494 0.070654
v 2.149020 1.428494 0.211660
v 2.229571 1.580980 0.146133
v 2.233159 1.580980 0.073105
v 2.240688 1.636887 0.146862
v 2.223597 1.580980 0.219005
v 2.244295 1.636887 0.073470
v 2.234685 1.636887 0.220097
v 2.229571 1.806513 -0.146135
v 2.240688 1.750606 -0.146863
v 2.223597 1.806513 -0.219006
v 2.233159 1.806513 -0.073107
v 2.244295 1.750606 -0.073471
v 2.234685 1.750606 -0.220098
v 2.154794 1.958998 -0.141233
v 2.074722 2.039458 -0.135985
v 2.158262 1.958998 -0.070655
v 2.149020 1.958998 -0.211661
v 2.069162 2.039458 -0.203796
v 2.078061 2.039458 -0.068029
v 1.546769 2.039458 -0.101381
v 1.466697 1.958998 -0.096133
v 1.549259 2.039458 -0.050718
v 1.542624 2.039458 -0.151936
v 1.462767 1.958998 -0.144071
v 1.469057 1.958998 -0.048092
v 1.391920 1.806513 -0.091232
v 1.388190 1.806513 -0.136725
v 1.380802 1.750606 -0.090503
v 1.394160 1.806513 -0.045640
v 1.377102 1.750606 -0.135633
v 1.383025 1.750606 -0.045276
v 1.391920 1.580980 -0.091232
v 1.380802 1.636887 -0.090503
v 1.388190 1.580980 -0.136725
v 1.394160 1.580980 -0.045640
v 1.383025 1.636887 -0.045276
v 1.377102 1.636887 -0.135633
v 1.466697 1.428494 -0.096133
v 1.546769 1.348035 -0.101381
v 1.469057 1.428494 -0.048092
v 1.462767 1.428494 -0.144071
v 1.542624 1.348035 -0.151936
v 1.549259 1.348035 -0.050718
v 1.698521 1.272897 -0.111328
v 1.693970 1.272897 -0.166842
v 1.754160 1.261725 -0.114974
v 1.701255 1.272897 -0.055694
v 1.749459 1.261725 -0.172307
v 1.756983 1.261725 -0.057518
v 1.922969 1.272897 -0.126039
v 1.867331 1.261725 -0.122392
v 1.917817 1.272897 -0.188889
v 1.926064 1.272897 -0.063053
v 1.870337 1.261725 -0.061229
v 1.862328 1.261725 -0.183424
v 2.074722 1.348035 -0.135985
v 2.154794 1.428494 -0.141233
v 2.078061 1.348035 -0.068029
v 2.069162 1.348035 -0.203796
v 2.149020 1.428494 -0.211661
v 2.158262 1.428494 -0.070655
v 2.229571 1.580980 -0.146135
v 2.223597 1.580980 -0.219006
v 2.240688 1.636887 -0.146863
v 2.233159 1.580980 -0.073107
v 2.234684 1.636887 -0.220098
v 2.244295 1.636887 -0.073471
v 2.191422 1.806513 -0.435902
v 2.202350 1.750606 -0.438075
v 2.175987 1.806513 -0.507370
v 2.204513 1.806513 -0.363967
v 2.215505 1.750606 -0.365782
v 2.186838 1.750606 -0.509900
v 2.117925 1.958998 -0.421282
v 2.039222 2.039458 -0.405627
v 2.130576 1.958998 -0.351760
v 2.103008 1.958998 -0.490353
v 2.024860 2.039458 -0.472132
v 2.051403 2.039458 -0.338689
v 1.520303 2.039458 -0.302408
v 1.441601 1.958998 -0.286753
v 1.529384 2.039458 -0.252503
v 1.509596 2.039458 -0.351989
v 1.431447 1.958998 -0.333767
v 1.450212 1.958998 -0.239431
v 1.368104 1.806513 -0.272133
v 1.358468 1.806513 -0.316751
v 1.357176 1.750606 -0.269960
v 1.376276 1.806513 -0.227224
v 1.347617 1.750606 -0.314221
v 1.365283 1.750606 -0.225410
v 1.368104 1.580980 -0.272133
v 1.357176 1.636887 -0.269960
v 1.358468 1.580980 -0.316751
v 1.376276 1.580980 -0.227224
v 1.365283 1.636887 -0.225410
v 1.347617 1.636887 -0.314221
v 1.441601 1.428494 -0.286753
v 1.520303 1.348035 -0.302408
v 1.450212 1.428494 -0.239431
v 1.431447 1.428494 -0.333767
v 1.509596 1.348035 -0.351989
v 1.529384 1.348035 -0.252503
v 1.669459 1.272897 -0.332077
v 1.657701 1.272897 -0.386522
v 1.724145 1.261725 -0.342954
v 1.679431 1.272897 -0.277276
v 1.712002 1.261725 -0.399183
v 1.734444 1.261725 -0.286358
v 1.890067 1.272897 -0.375958
v 1.835381 1.261725 -0.365081
v 1.876755 1.272897 -0.437598
v 1.901356 1.272897 -0.313916
v 1.846344 1.261725 -0.304833
v 1.822454 1.261725 -0.424937
v 2.039222 1.348035 -0.405627
v 2.117925 1.428494 -0.421282
v 2.051403 1.348035 -0.338689
v 2.024860 1.348035 -0.472132
v 2.103008 1.428494 -0.490353
v 2.130576 1.428494 -0.351760
v 2.191422 1.580980 -0.435902
v 2.175987 1.580980 -0.507370
v 2.202350 1.636887 -0.438075
v 2.204513 1.580980 -0.363967
v 2.186838 1.636887 -0.509900
v 2.215505 1.636887 -0.365782
v 2.115778 1.806513 -0.718210
v 2.126328 1.750606 -0.721791
v 2.091147 1.806513 -0.787052
v 2.138145 1.806513 -0.648599
v 2.148807 1.750606 -0.651834
v 2.101574 1.750606 -0.790977
v 2.044818 1.958998 -0.694122
v 1.968832 2.039458 -0.668328
v 2.066435 1.958998 -0.626846
v 2.021013 1.958998 -0.760655
v 1.945912 2.039458 -0.732389
v 1.989646 2.039458 -0.603553
v 1.467825 2.039458 -0.498260
v 1.391839 1.958998 -0.472466
v 1.483342 2.039458 -0.449967
v 1.450737 2.039458 -0.546019
v 1.375636 1.958998 -0.517753
v 1.406553 1.958998 -0.426673
v 1.320879 1.806513 -0.448378
v 1.305502 1.806513 -0.491356
v 1.310329 1.750606 -0.444797
v 1.334843 1.806513 -0.404920
v 1.295074 1.750606 -0.487432
v 1.324181 1.750606 -0.401686
v 1.320879 1.580980 -0.448378
v 1.310329 1.636887 -0.444797
v 1.305502 1.580980 -0.491356
v 1.334843 1.580980 -0.404920
v 1.324181 1.636887 -0.401686
v 1.295074 1.636887 -0.487432
v 1.391839 1.428494 -0.472466
v 1.467825 1.348035 -0.498260
v 1.406553 1.428494 -0.426673
v 1.375636 1.428494 -0.517753
v 1.450737 1.348035 -0.546019
v 1.483342 1.348035 -0.449967
v 1.611832 1.272897 -0.547143
v 1.593068 1.272897 -0.599588
v 1.664631 1.261725 -0.565066
v 1.628872 1.272897 -0.494113
v 1.645252 1.261725 -0.619229
v 1.682229 1.261725 -0.510299
v 1.824825 1.272897 -0.619445
v 1.772026 1.261725 -0.601522
v 1.803581 1.272897 -0.678820
v 1.844116 1.272897 -0.559407
v 1.790759 1.261725 -0.543221
v 1.751397 1.261725 -0.659179
v 1.968832 1.348035 -0.668328
v 2.044817 1.428494 -0.694122
v 1.989646 1.348035 -0.603553
v 1.945912 1.348035 -0.732389
v 2.021013 1.428494 -0.760655
v 2.066435 1.428494 -0.626846
v 2.115778 1.580980 -0.718210
v 2.091147 1.580980 -0.787052
v 2.126328 1.636887 -0.721791
v 2.138145 1.580980 -0.648599
v 2.101574 1.636887 -0.790977
v 2.148807 1.636887 -0.651834
v 2.003932 1.806513 -0.988230
v 2.013924 1.750606 -0.993158
v 1.970526 1.806513 -1.053268
v 2.035194 1.806513 -0.922134
v 2.045342 1.750606 -0.926732
v 1.980352 1.750606 -1.058520
v 1.936723 1.958998 -0.955086
v 1.864754 2.039458 -0.919595
v 1.966936 1.958998 -0.891207
v 1.904437 1.958998 -1.017943
v 1.833668 2.039458 -0.980116
v 1.893845 2.039458 -0.858090
v 1.390231 2.039458 -0.685586
v 1.318263 1.958998 -0.650095
v 1.411920 2.039458 -0.639732
v 1.367056 2.039458 -0.730707
v 1.296287 1.958998 -0.692880
v 1.338828 1.958998 -0.606615
v 1.251054 1.806513 -0.616951
v 1.230198 1.806513 -0.657555
v 1.241061 1.750606 -0.612024
v 1.270571 1.806513 -0.575688
v 1.220372 1.750606 -0.652303
v 1.260422 1.750606 -0.571090
v 1.251054 1.580980 -0.616951
v 1.241061 1.636887 -0.612024
v 1.230198 1.580980 -0.657555
v 1.270571 1.580980 -0.575688
v 1.260422 1.636887 -0.571090
v 1.220372 1.636887 -0.652303
v 1.318263 1.428494 -0.650095
v 1.390231 1.348035 -0.685586
v 1.338828 1.428494 -0.606615
v 1.296287 1.428494 -0.692880
v 1.367056 1.348035 -0.730707
v 1.411920 1.348035 -0.639732
v 1.526626 1.272897 -0.752849
v 1.501177 1.272897 -0.802396
v 1.576633 1.261725 -0.777510
v 1.550442 1.272897 -0.702496
v 1.550351 1.261725 -0.828680
v 1.601230 1.261725 -0.725508
v 1.728359 1.272897 -0.852333
v 1.678352 1.261725 -0.827672
v 1.699547 1.272897 -0.908427
v 1.755322 1.272897 -0.795326
v 1.704535 1.261725 -0.772315
v 1.650373 1.261725 -0.882143
v 1.864754 1.348035 -0.919595
v 1.936723 1.428494 -0.955086
v 1.893845 1.348035 -0.858090
v 1.833668 1.348035 -0.980116
v 1.904437 1.428494 -1.017943
v 1.966936 1.428494 -0.891207
v 2.003932 1.580980 -0.988230
v 1.970526 1.580980 -1.053268
v 2.013924 1.636887 -0.993158
v 2.035194 1.580980 -0.922134
v 1.980352 1.636887 -1.058520
v 2.045342 1.636887 -0.926732
v 1.857798 1.806513 -1.241341
v 1.867061 1.750606 -1.247531
v 1.816188 1.806513 -1.301463
v 1.897420 1.806513 -1.179892
v 1.906881 1.750606 -1.185775
v 1.825245 1.750606 -1.307953
v 1.795490 1.958998 -1.199709
v 1.728769 2.039458 -1.155127
v 1.833783 1.958998 -1.140320
v 1.755276 1.958998 -1.257814
v 1.690049 2.039458 -1.211073
v 1.765639 2.039458 -1.097945
v 1.288851 2.039458 -0.861183
v 1.222130 1.958998 -0.816602
v 1.316338 2.039458 -0.818552
v 1.259984 2.039458 -0.902892
v 1.194758 1.958998 -0.856152
v 1.248195 1.958998 -0.776178
v 1.159822 1.806513 -0.774969
v 1.133845 1.806513 -0.812503
v 1.150558 1.750606 -0.768779
v 1.184558 1.806513 -0.736606
v 1.124789 1.750606 -0.806013
v 1.175097 1.750606 -0.730722
v 1.159822 1.580980 -0.774969
v 1.150558 1.636887 -0.768779
v 1.133845 1.580980 -0.812503
v 1.184558 1.580980 -0.736606
v 1.175097 1.636887 -0.730722
v 1.124789 1.636887 -0.806013
v 1.222130 1.428494 -0.816602
v 1.288851 1.348035 -0.861183
v 1.248195 1.428494 -0.776178
v 1.194758 1.428494 -0.856152
v 1.259984 1.348035 -0.902892
v 1.316338 1.348035 -0.818552
v 1.415299 1.272897 -0.945673
v 1.383600 1.272897 -0.991474
v 1.461660 1.261725 -0.976650
v 1.445483 1.272897 -0.898860
v 1.428923 1.261725 -1.023952
v 1.492833 1.261725 -0.928303
v 1.602321 1.272897 -1.070637
v 1.555960 1.261725 -1.039660
v 1.566433 1.272897 -1.122491
v 1.636494 1.272897 -1.017638
v 1.589145 1.261725 -0.988194
v 1.521111 1.261725 -1.090014
v 1.728769 1.348035 -1.155127
v 1.795490 1.428494 -1.199709
v 1.765639 1.348035 -1.097945
v 1.690050 1.348035 -1.211073
v 1.755276 1.428494 -1.257814
v 1.833783 1.428494 -1.140320
v 1.857798 1.580980 -1.241341
v 1.816188 1.580980 -1.301463
v 1.867061 1.636887 -1.247532
v 1.897420 1.580980 -1.179892
v 1.825245 1.636887 -1.307953
v 1.906881 1.636887 -1.185775
v 1.679877 1.806513 -1.473213
v 1.688253 1.750606 -1.480559
v 1.630776 1.806513 -1.527389
v 1.727180 1.806513 -1.417461
v 1.735793 1.750606 -1.424529
v 1.638908 1.750606 -1.535005
v 1.623536 1.958998 -1.423803
v 1.563205 2.039458 -1.370895
v 1.669253 1.958998 -1.369921
v 1.576082 1.958998 -1.476162
v 1.517514 2.039458 -1.421308
v 1.607223 2.039458 -1.319015
v 1.165417 2.039458 -1.022044
v 1.105087 1.958998 -0.969135
v 1.198234 2.039458 -0.983366
v 1.131354 2.039458 -1.059629
v 1.072786 1.958998 -1.004774
v 1.136205 1.958998 -0.932460
v 1.048746 1.806513 -0.919726
v 1.018092 1.806513 -0.953548
v 1.040369 1.750606 -0.912380
v 1.078278 1.806513 -0.884920
v 1.009961 1.750606 -0.945932
v 1.069665 1.750606 -0.877852
v 1.048746 1.580980 -0.919726
v 1.040369 1.636887 -0.912380
v 1.018092 1.580980 -0.953548
v 1.078278 1.580980 -0.884920
v 1.069665 1.636887 -0.877852
v 1.009961 1.636887 -0.945932
v 1.105087 1.428494 -0.969135
v 1.165417 1.348035 -1.022044
v 1.136205 1.428494 -0.932460
v 1.072786 1.428494 -1.004774
v 1.131354 1.348035 -1.059629
v 1.198234 1.348035 -0.983366
v 1.279756 1.272897 -1.122316
v 1.242350 1.272897 -1.163588
v 1.321677 1.261725 -1.159080
v 1.315792 1.272897 -1.079843
v 1.283046 1.261725 -1.201704
v 1.358894 1.261725 -1.115216
v 1.448867 1.272897 -1.270623
v 1.406946 1.261725 -1.233859
v 1.406518 1.272897 -1.317348
v 1.489665 1.272897 -1.222537
v 1.446564 1.261725 -1.187165
v 1.365823 1.261725 -1.279233
v 1.563205 1.348035 -1.370895
v 1.623536 1.428494 -1.423803
v 1.607223 1.348035 -1.319015
v 1.517514 1.348035 -1.421308
v 1.576082 1.428494 -1.476162
v 1.669253 1.428494 -1.369921
v 1.679877 1.580980 -1.473213
v 1.630776 1.580980 -1.527389
v 1.688253 1.636887 -1.480559
v 1.727180 1.580980 -1.417461
v 1.638907 1.636887 -1.535005
v 1.735793 1.636887 -1.424529
v 1.473213 1.806513 -1.679877
v 1.480559 1.750606 -1.688253
v 1.417461 1.806513 -1.727180
v 1.527389 1.806513 -1.630776
v 1.535005 1.750606 -1.638908
v 1.424528 1.750606 -1.735793
v 1.423803 1.958998 -1.623536
v 1.370894 2.039458 -1.563205
v 1.476162 1.958998 -1.576082
v 1.369921 1.958998 -1.669253
v 1.319014 2.039458 -1.607223
v 1.421308 2.039458 -1.517515
v 1.022044 2.039458 -1.165418
v 0.969135 1.958998 -1.105087
v 1.059629 2.039458 -1.131354
v 0.983366 2.039458 -1.198234
v 0.932459 1.958998 -1.136205
v 1.004774 1.958998 -1.072786
v 0.919726 1.806513 -1.048746
v 0.884920 1.806513 -1.078278
v 0.912380 1.750606 -1.040370
v 0.953548 1.806513 -1.018093
v 0.877852 1.750606 -1.069665
v 0.945931 1.750606 -1.009961
v 0.919726 1.580980 -1.048746
v 0.912380 1.636887 -1.040370
v 0.884920 1.580980 -1.078278
v 0.953548 1.580980 -1.018093
v 0.945931 1.636887 -1.009961
v 0.877852 1.636887 -1.069665
v 0.969135 1.428494 -1.105087
v 1.022044 1.348035 -1.165418
v 1.004774 1.428494 -1.072786
v 0.932459 1.428494 -1.136205
v 0.983366 1.348035 -1.198235
v 1.059629 1.348035 -1.131354
v 1.122316 1.272897 -1.279756
v 1.079843 1.272897 -1.315793
v 1.159080 1.261725 -1.321677
v 1.163588 1.272897 -1.242350
v 1.115215 1.261725 -1.358894
v 1.201704 1.261725 -1.283046
v 1.270622 1.272897 -1.448867
v 1.233859 1.261725 -1.406946
v 1.222537 1.272897 -1.489666
v 1.317348 1.272897 -1.406518
v 1.279233 1.261725 -1.365823
v 1.187165 1.261725 -1.446564
v 1.370894 1.348035 -1.563205
v 1.423803 1.428494 -1.623536
v 1.421308 1.348035 -1.517515
v 1.319014 1.348035 -1.607223
v 1.369921 1.428494 -1.669253
v 1.476162 1.428494 -1.576082
v 1.473213 1.580980 -1.679877
v 1.417461 1.580980 -1.727180
v 1.480559 1.636887 -1.688253
v 1.527389 1.580980 -1.630776
v 1.424528 1.636887 -1.735793
v 1.535005 1.636887 -1.638908
v 1.241341 1.806513 -1.857798
v 1.247531 1.750606 -1.867062
v 1.179891 1.806513 -1.897420
v 1.301462 1.806513 -1.816189
v 1.307952 1.750606 -1.825245
v 1.185774 1.750606 -1.906882
v 1.199708 1.958998 -1.795490
v 1.155127 2.039458 -1.728770
v 1.257813 1.958998 -1.755276
v 1.140319 1.958998 -1.833783
v 1.097944 2.039458 -1.765640
v 1.211073 2.039458 -1.690050
v 0.861182 2.039458 -1.288851
v 0.816601 1.958998 -1.222130
v 0.902892 2.039458 -1.259984
v 0.818552 2.039458 -1.316339
v 0.776177 1.958998 -1.248195
v 0.856152 1.958998 -1.194758
v 0.774968 1.806513 -1.159822
v 0.736605 1.806513 -1.184558
v 0.768778 1.750606 -1.150559
v 0.812502 1.806513 -1.133846
v 0.730722 1.750606 -1.175097
v 0.806013 1.750606 -1.124789
v 0.774968 1.580980 -1.159822
v 0.768778 1.636887 -1.150559
v 0.736605 1.580980 -1.184558
v 0.812502 1.580980 -1.133845
v 0.806013 1.636887 -1.124789
v 0.730722 1.636887 -1.175097
v 0.816601 1.428494 -1.222130
v 0.861183 1.348035 -1.288851
v 0.856152 1.428494 -1.194758
v 0.776177 1.428494 -1.248195
v 0.818552 1.348035 -1.316339
v 0.902892 1.348035 -1.259984
v 0.945673 1.272897 -1.415299
v 0.898859 1.272897 -1.445484
v 0.976650 1.261725 -1.461660
v 0.991474 1.272897 -1.383601
v 0.928303 1.261725 -1.492833
v 1.023952 1.261725 -1.428923
v 1.070637 1.272897 -1.602321
v 1.039659 1.261725 -1.555961
v 1.017637 1.272897 -1.636495
v 1.122491 1.272897 -1.566434
v 1.090013 1.261725 -1.521111
v 0.988193 1.261725 -1.589145
v 1.155127 1.348035 -1.728770
v 1.199708 1.428494 -1.795490
v 1.211073 1.348035 -1.690050
v 1.097944 1.348035 -1.765640
v 1.140319 1.428494 -1.833783
v 1.257813 1.428494 -1.755276
v 1.241341 1.580980 -1.857798
v 1.179891 1.580980 -1.897420
v 1.247531 1.636887 -1.867062
v 1.301462 1.580980 -1.816189
v 1.185774 1.636887 -1.906882
v 1.307952 1.636887 -1.825245
v 0.988229 1.806513 -2.003932
v 0.993157 1.750606 -2.013925
v 0.922134 1.806513 -2.035194
v 1.053267 1.806513 -1.970526
v 1.058519 1.750606 -1.980352
v 0.926732 1.750606 -2.045343
v 0.955085 1.958998 -1.936723
v 0.919594 2.039458 -1.864754
v 1.017942 1.958998 -1.904438
v 0.891207 1.958998 -1.966937
v 0.858089 2.039458 -1.893845
v 0.980115 2.039458 -1.833668
v 0.685586 2.039458 -1.390232
v 0.650095 1.958998 -1.318263
v 0.730706 2.039458 -1.367056
v 0.639732 2.039458 -1.411920
v 0.606615 1.958998 -1.338828
v 0.692879 1.958998 -1.296287
v 0.616951 1.806513 -1.251054
v 0.575688 1.806513 -1.270571
v 0.612023 1.750606 -1.241061
v 0.657554 1.806513 -1.230199
v 0.571089 1.750606 -1.260422
v 0.652302 1.750606 -1.220373
v 0.616951 1.580980 -1.251054
v 0.612023 1.636887 -1.241061
v 0.575688 1.580980 -1.270571
v 0.657554 1.580980 -1.230199
v 0.652302 1.636887 -1.220373
v 0.571089 1.636887 -1.260422
v 0.650095 1.428494 -1.318263
v 0.685586 1.348035 -1.390232
v 0.692879 1.428494 -1.296287
v 0.606615 1.428494 -1.338828
v 0.639732 1.348035 -1.411920
v 0.730706 1.348035 -1.367056
v 0.752848 1.272897 -1.526626
v 0.702496 1.272897 -1.550442
v 0.777509 1.261725 -1.576634
v 0.802395 1.272897 -1.501177
v 0.725507 1.261725 -1.601230
v 0.828679 1.261725 -1.550351
v 0.852332 1.272897 -1.728360
v 0.827671 1.261725 -1.678352
v 0.795326 1.272897 -1.755322
v 0.908426 1.272897 -1.699548
v 0.882142 1.261725 -1.650374
v 0.772314 1.261725 -1.704535
v 0.919594 1.348035 -1.864754
v 0.955085 1.428494 -1.936723
v 0.980115 1.348035 -1.833668
v 0.858089 1.348035 -1.893845
v 0.891207 1.428494 -1.966936
v 1.017942 1.428494 -1.904438
v 0.988229 1.580980 -2.003932
v 0.922134 1.580980 -2.035194
v 0.993157 1.636887 -2.013925
v 1.053267 1.580980 -1.970526
v 0.926732 1.636887 -2.045343
v 1.058519 1.636887 -1.980352
v 0.718210 1.806513 -2.115778
v 0.721791 1.750606 -2.126328
v 0.648599 1.806513 -2.138145
v 0.787052 1.806513 -2.091147
v 0.790976 1.750606 -2.101574
v 0.651833 1.750606 -2.148807
v 0.694122 1.958998 -2.044818
v 0.668328 2.039458 -1.968832
v 0.760655 1.958998 -2.021013
v 0.626846 1.958998 -2.066435
v 0.603552 2.039458 -1.989646
v 0.732389 2.039458 -1.945912
v 0.498259 2.039458 -1.467825
v 0.472466 1.958998 -1.391839
v 0.546019 2.039458 -1.450737
v 0.449967 2.039458 -1.483342
v 0.426673 1.958998 -1.406553
v 0.517753 1.958998 -1.375636
v 0.448378 1.806513 -1.320879
v 0.404920 1.806513 -1.334843
v 0.444797 1.750606 -1.310329
v 0.491356 1.806513 -1.305502
v 0.401686 1.750606 -1.324181
v 0.487431 1.750606 -1.295074
v 0.448378 1.580980 -1.320879
v 0.444797 1.636887 -1.310329
v 0.404920 1.580980 -1.334843
v 0.491356 1.580980 -1.305502
v 0.487431 1.636887 -1.295074
v 0.401686 1.636887 -1.324181
v 0.472466 1.428494 -1.391839
v 0.498259 1.348035 -1.467825
v 0.517753 1.428494 -1.375636
v 0.426673 1.428494 -1.406553
v 0.449967 1.348035 -1.483342
v 0.546019 1.348035 -1.450737
v 0.547143 1.272897 -1.611832
v 0.494113 1.272897 -1.628872
v 0.565066 1.261725 -1.664631
v 0.599588 1.272897 -1.593068
v 0.510298 1.261725 -1.682229
v 0.619229 1.261725 -1.645252
v 0.619444 1.272897 -1.824825
v 0.601522 1.261725 -1.772026
v 0.559406 1.272897 -1.844116
v 0.678819 1.272897 -1.803581
v 0.659179 1.261725 -1.751397
v 0.543221 1.261725 -1.790760
v 0.668328 1.348035 -1.968832
v 0.694122 1.428494 -2.044818
v 0.732389 1.348035 -1.945912
v 0.603552 1.348035 -1.989646
v 0.626846 1.428494 -2.066435
v 0.760655 1.428494 -2.021013
v 0.718210 1.580980 -2.115778
v 0.648599 1.580980 -2.138145
v 0.721791 1.636887 -2.126328
v 0.787052 1.580980 -2.091147
v 0.651833 1.636887 -2.148807
v 0.790976 1.636887 -2.101574
v 0.435901 1.806513 -2.191422
v 0.438075 1.750606 -2.202350
v 0.363967 1.806513 -2.204512
v 0.507369 1.806513 -2.175988
v 0.509899 1.750606 -2.186838
v 0.365782 1.750606 -2.215505
v 0.421282 1.958998 -2.117925
v 0.405627 2.039458 -2.039223
v 0.490353 1.958998 -2.103008
v 0.351760 1.958998 -2.130576
v 0.338688 2.039458 -2.051404
v 0.472131 2.039458 -2.024860
v 0.302407 2.039458 -1.520303
v 0.286752 1.958998 -1.441601
v 0.351989 2.039458 -1.509595
v 0.252503 2.039458 -1.529385
v 0.239431 1.958998 -1.450212
v 0.333767 1.958998 -1.431448
v 0.272133 1.806513 -1.368104
v 0.227224 1.806513 -1.376276
v 0.269959 1.750606 -1.357176
v 0.316750 1.806513 -1.358468
v 0.225409 1.750606 -1.365283
v 0.314220 1.750606 -1.347618
v 0.272133 1.580980 -1.368104
v 0.269959 1.636887 -1.357176
v 0.227224 1.580980 -1.376276
v 0.316750 1.580980 -1.358468
v 0.314220 1.636887 -1.347617
v 0.225409 1.636887 -1.365283
v 0.286752 1.428494 -1.441601
v 0.302407 1.348035 -1.520303
v 0.333767 1.428494 -1.431448
v 0.239431 1.428494 -1.450212
v 0.252503 1.348035 -1.529385
v 0.351989 1.348035 -1.509596
v 0.332076 1.272897 -1.669459
v 0.277275 1.272897 -1.679431
v 0.342954 1.261725 -1.724145
v 0.386522 1.272897 -1.657701
v 0.286358 1.261725 -1.734444
v 0.399183 1.261725 -1.712002
v 0.375958 1.272897 -1.890067
v 0.365080 1.261725 -1.835381
v 0.313915 1.272897 -1.901357
v 0.437598 1.272897 -1.876755
v 0.424937 1.261725 -1.822454
v 0.304833 1.261725 -1.846344
v 0.405627 1.348035 -2.039223
v 0.421282 1.428494 -2.117925
v 0.472131 1.348035 -2.024860
v 0.338688 1.348035 -2.051404
v 0.351760 1.428494 -2.130576
v 0.490353 1.428494 -2.103008
v 0.435901 1.580980 -2.191422
v 0.363967 1.580980 -2.204512
v 0.438075 1.636887 -2.202350
v 0.507369 1.580980 -2.175988
v 0.365782 1.636887 -2.215505
v 0.509899 1.636887 -2.186838
v 0.146134 1.806513 -2.229571
v 0.146862 1.750606 -2.240688
v 0.073106 1.806513 -2.233159
v 0.219005 1.806513 -2.223597
v 0.220097 1.750606 -2.234685
v 0.073470 1.750606 -2.244295
v 0.141233 1.958998 -2.154794
v 0.135984 2.039458 -2.074722
v 0.211660 1.958998 -2.149020
v 0.070654 1.958998 -2.158262
v 0.068028 2.039458 -2.078061
v 0.203795 2.039458 -2.069163
v 0.101381 2.039458 -1.546769
v 0.096132 1.958998 -1.466696
v 0.151935 2.039458 -1.542624
v 0.050717 2.039458 -1.549259
v 0.048092 1.958998 -1.469057
v 0.144070 1.958998 -1.462766
v 0.091231 1.806513 -1.391920
v 0.045640 1.806513 -1.394160
v 0.090502 1.750606 -1.380802
v 0.136725 1.806513 -1.388190
v 0.045275 1.750606 -1.383025
v 0.135633 1.750606 -1.377102
v 0.091231 1.580980 -1.391920
v 0.090502 1.636887 -1.380802
v 0.045640 1.580980 -1.394160
v 0.136725 1.580980 -1.388190
v 0.135633 1.636887 -1.377102
v 0.045275 1.636887 -1.383025
v 0.096132 1.428494 -1.466696
v 0.101381 1.348035 -1.546769
v 0.144070 1.428494 -1.462766
v 0.048092 1.428494 -1.469057
v 0.050717 1.348035 -1.549259
v 0.151935 1.348035 -1.542624
v 0.111327 1.272897 -1.698521
v 0.055693 1.272897 -1.701255
v 0.114974 1.261725 -1.754159
v 0.166842 1.272897 -1.693970
v 0.057517 1.261725 -1.756983
v 0.172307 1.261725 -1.749459
v 0.126038 1.272897 -1.922969
v 0.122391 1.261725 -1.867331
v 0.063052 1.272897 -1.926064
v 0.188889 1.272897 -1.917817
v 0.183423 1.261725 -1.862328
v 0.061228 1.261725 -1.870337
v 0.135984 1.348035 -2.074722
v 0.141233 1.428494 -2.154794
v 0.203795 1.348035 -2.069163
v 0.068028 1.348035 -2.078061
v 0.070654 1.428494 -2.158262
v 0.211660 1.428494 -2.149020
v 0.146134 1.580980 -2.229571
v 0.073106 1.580980 -2.233159
v 0.146862 1.636887 -2.240688
v 0.219005 1.580980 -2.223597
v 0.073470 1.636887 -2.244295
v 0.220097 1.636887 -2.234684
v -0.146134 1.806513 -2.229571
v -0.146863 1.750606 -2.240688
v -0.073107 1.806513 -2.233159
v -0.073471 1.750606 -2.244295
v -0.141233 1.958998 -2.154794
v -0.135985 2.039458 -2.074722
v -0.070655 1.958998 -2.158262
v -0.068029 2.039458 -2.078061
v -0.101381 2.039458 -1.546769
v -0.096133 1.958998 -1.466697
v -0.050718 2.039458 -1.549259
v -0.048092 1.958998 -1.469057
v -0.091232 1.806513 -1.391920
v -0.090503 1.750606 -1.380802
v -0.045640 1.806513 -1.394160
v -0.045276 1.750606 -1.383025
v -0.091232 1.580980 -1.391920
v -0.090503 1.636887 -1.380802
v -0.045640 1.580980 -1.394160
v -0.045276 1.636887 -1.383025
v -0.096133 1.428494 -1.466697
v -0.101381 1.348035 -1.546769
v -0.048092 1.428494 -1.469057
v -0.050718 1.348035 -1.549259
v -0.135985 1.348035 -2.074722
v -0.141233 1.428494 -2.154794
v -0.068029 1.348035 -2.078061
v -0.070655 1.428494 -2.158262
v -0.146134 1.580980 -2.229571
v -0.146863 1.636887 -2.240688
v -0.073107 1.580980 -2.233159
v -0.073471 1.636887 -2.244295
v 1.402729 1.257916 -1.151190
v 1.364311 1.257916 -1.196469
v 1.324434 1.257916 -1.240468
v 0.199167 2.071186 -2.022179
v 0.132897 2.071186 -2.027612
v 0.066484 2.071186 -2.030876
v 1.572598 1.272897 0.651391
v 1.624112 1.261725 0.672729
v 2.245499 1.750606 -0.000001
v 2.234358 1.806513 -0.000001
v 0.837720 1.475831 -1.169037
v 0.799021 1.475831 -1.195820
v 0.759467 1.475831 -1.221324
v 0.533808 1.806513 -1.288727
v 0.529544 1.750606 -1.278434
v 1.221323 1.911661 -0.759468
v 1.195820 1.911661 -0.799021
v 1.169037 1.911661 -0.837720
v 1.008155 1.257916 1.508810
v 1.056983 1.257916 1.475017
v 1.484634 1.261725 -1.139200
v 1.528869 1.272897 -1.173143
v 1.767228 1.257916 0.412059
v 1.779763 1.257916 0.354016
v 1.790394 1.257916 0.295595
v 1.536828 2.039458 -0.202328
v 1.457271 1.958998 -0.191854
v 1.850842 2.071186 -0.838606
v 1.822412 2.071186 -0.898714
v 1.792032 2.071186 -0.957861
v 0.715759 1.316306 -1.901727
v 0.653153 1.316306 -1.924127
v 0.589848 1.316306 -1.944468
v 1.649521 1.348035 1.265721
v 1.713184 1.428494 1.314571
v 1.600362 1.257916 0.855411
v 1.627493 1.257916 0.802590
v 1.652882 1.257916 0.748911
v 0.326581 1.911661 -1.400631
v 0.280579 1.911661 -1.410566
v 0.234277 1.911661 -1.418991
v 1.336616 1.636887 -0.358145
v 1.347378 1.580980 -0.361029
v 2.161797 1.475831 -0.356915
v 2.148960 1.475831 -0.427455
v 2.133825 1.475831 -0.497539
v 0.191854 1.428494 -1.457270
v 0.202328 1.348035 -1.536829
v 0.677963 1.475831 -1.268380
v 0.636099 1.475831 -1.289883
v 0.593555 1.475831 -1.310005
v 0.842384 1.636887 1.097816
v 0.849167 1.580980 1.106655
v 1.357960 1.428494 -0.562485
v 1.432096 1.348035 -0.593194
v 0.651391 1.272897 -1.572598
v 0.672729 1.261725 -1.624112
v 1.813660 1.257916 -0.059374
v 1.810745 1.257916 -0.118683
v 1.805893 1.257916 -0.177866
v 1.371928 1.636887 0.180617
v 1.382974 1.580980 0.182072
v 1.570729 1.316306 -1.289064
v 1.527710 1.316306 -1.339766
v 1.483057 1.316306 -1.389035
v 1.356430 1.316306 -0.843483
v 1.328105 1.316306 -0.887412
v 1.298359 1.316306 -0.930391
v 1.079709 1.958998 -1.870113
v 1.039587 2.039458 -1.800619
v 1.855330 1.261725 -0.244260
v 1.910611 1.272897 -0.251537
v 1.555573 2.071186 0.362708
v 1.566607 2.071186 0.311617
v 1.575965 2.071186 0.260192
v 1.346021 1.911661 0.506606
v 1.361875 1.911661 0.462294
v 1.376273 1.911661 0.417487
v 1.013316 1.316306 1.234728
v 1.053173 1.316306 1.200912
v 1.091902 1.316306 1.165811
v 1.366973 1.636887 -1.781474
v 1.360191 1.580980 -1.772635
v -0.071690 1.475831 -2.189889
v -0.143303 1.475831 -2.186370
v 0.842384 1.636887 -1.097816
v 0.849166 1.580980 -1.106655
v 1.781474 1.750606 -1.366973
v 1.772635 1.806513 -1.360191
v 1.394908 1.806513 -0.000000
v 1.383767 1.750606 -0.000000
v 1.995759 1.911661 -0.904267
v 1.965103 1.911661 -0.969082
v 1.932344 1.911661 -1.032860
v 0.362709 2.071186 -1.555573
v 0.311618 2.071186 -1.566607
v 0.260193 2.071186 -1.575965
v 1.272923 1.428494 0.734922
v 1.342417 1.348035 0.775045
v 1.792032 1.316306 0.957861
v 1.822412 1.316306 0.898714
v 1.850843 1.316306 0.838605
v 1.780998 1.475831 1.276244
v 1.821801 1.475831 1.217288
v 1.860655 1.475831 1.157029
v 2.140946 1.958998 0.281860
v 2.061388 2.039458 0.271386
v 1.229769 2.039458 0.943634
v 1.166107 1.958998 0.894785
v 1.419761 1.428494 -0.380424
v 1.497272 1.348035 -0.401193
v 1.314572 1.958998 1.713183
v 1.265723 2.039458 1.649521
v 1.920908 1.348035 -0.795666
v 1.995044 1.428494 -0.826374
v 2.030876 1.316306 -0.066485
v 2.027612 1.316306 -0.132897
v 2.022179 1.316306 -0.199168
v 1.276245 1.911661 -1.780997
v 1.217288 1.911661 -1.821801
v 1.157029 1.911661 -1.860655
v 0.887412 2.071186 1.328105
v 0.930392 2.071186 1.298359
v 1.289065 1.316306 1.570728
v 1.339767 1.316306 1.527710
v 1.389036 1.316306 1.483056
v 1.111744 1.475831 -0.912385
v 1.081296 1.475831 -0.948272
v 1.049691 1.475831 -0.983143
v 1.454922 2.071186 -0.659217
v 1.432573 2.071186 -0.706467
v 1.408692 2.071186 -0.752962
v 1.049692 1.475831 0.983143
v 1.081296 1.475831 0.948271
v 1.111745 1.475831 0.912384
v 0.775044 2.039458 -1.342417
v 0.734922 1.958998 -1.272924
v 0.440554 1.272897 -1.644168
v 0.454985 1.261725 -1.698026
v 0.859315 1.636887 -2.074571
v 0.855051 1.580980 -2.064277
v 0.799022 1.475831 1.195819
v 0.837720 1.475831 1.169037
v 0.506606 1.911661 -1.346021
v 0.462294 1.911661 -1.361875
v 0.417488 1.911661 -1.376273
v 1.474121 1.272897 0.851084
v 1.522408 1.261725 0.878963
v 1.620628 1.261725 -0.935670
v 1.668915 1.272897 -0.963549
v -0.000001 1.750606 -2.245499
v -0.000001 1.806513 -2.234358
v 1.497272 2.039458 -0.401193
v 1.419761 1.958998 -0.380424
v 2.096716 1.911661 -0.636032
v 2.074782 1.911661 -0.704294
v 2.050628 1.911661 -0.771802
v 0.156563 1.316306 -1.589608
v 0.104468 1.316306 -1.593879
v 0.052262 1.316306 -1.596444
v 1.183573 2.071186 -1.651675
v 1.128898 2.071186 -1.689516
v 1.073014 2.071186 -1.725548
v 1.096079 2.039458 1.096078
v 1.039338 1.958998 1.039337
v 2.168985 1.636887 -0.581178
v 2.158224 1.580980 -0.578295
v 1.725548 1.316306 -1.073015
v 1.689515 1.316306 -1.128898
v 1.651675 1.316306 -1.183574
v 1.408692 2.071186 0.752962
v 1.432574 2.071186 0.706467
v 1.454922 2.071186 0.659216
v 2.189889 1.475831 -0.071690
v 2.186370 1.475831 -0.143303
v 2.180511 1.475831 -0.214763
v -0.047057 1.475831 -1.437431
v -0.094063 1.475831 -1.435121
v 1.780998 1.911661 1.276244
v 1.821801 1.911661 1.217288
v 1.860655 1.911661 1.157029
v 1.728893 1.261725 0.716130
v 1.780406 1.272897 0.737468
v 1.366974 1.750606 1.781474
v 1.360191 1.806513 1.772634
v 1.497793 1.475831 -1.599177
v 1.444667 1.475831 -1.647327
v 1.389995 1.475831 -1.693714
v 1.151191 1.257916 1.402729
v 1.196470 1.257916 1.364311
v 1.240469 1.257916 1.324434
v 1.644168 1.272897 0.440553
v 1.698026 1.261725 0.454984
v 0.986349 1.806513 0.986348
v 0.978471 1.750606 0.978470
v 1.431276 1.911661 0.140968
v 1.435121 1.911661 0.094062
v 1.437431 1.911661 0.047056
v -0.000000 1.806513 -1.394908
v -0.000000 1.750606 -1.383767
v 1.032859 1.911661 -1.932345
v 0.969081 1.911661 -1.965103
v 0.904266 1.911661 -1.995759
v -0.000001 1.348035 -2.079176
v -0.000001 1.428494 -2.159420
v 1.484634 1.261725 1.139199
v 1.528870 1.272897 1.173142
v 0.771801 1.475831 -2.050628
v 0.704293 1.475831 -2.074782
v 0.636031 1.475831 -2.096716
v 1.096079 2.039458 -1.096079
v 1.039337 1.958998 -1.039338
v 1.978883 2.071186 0.461410
v 1.992919 2.071186 0.396416
v 2.004823 2.071186 0.330997
v 1.474120 1.272897 -0.851084
v 1.522408 1.261725 -0.878963
v 0.281861 1.958998 -2.140946
v 0.271387 2.039458 -2.061388
v 1.781474 1.636887 1.366973
v 1.772635 1.580980 1.360190
v 1.097816 1.636887 0.842383
v 1.106655 1.580980 0.849166
v 2.096715 1.475831 -0.636032
v 2.074781 1.475831 -0.704294
v 2.050628 1.475831 -0.771802
v 1.497793 1.911661 -1.599177
v 1.444667 1.911661 -1.647327
v 1.389995 1.911661 -1.693714
v 0.716130 1.261725 -1.728893
v 0.737468 1.272897 -1.780406
v 1.540989 1.257916 -0.958249
v 1.508810 1.257916 -1.008155
v 1.475017 1.257916 -1.056983
v 2.004823 1.316306 -0.330998
v 1.992919 1.316306 -0.396417
v 1.978882 1.316306 -0.461411
v 1.651675 2.071186 1.183573
v 1.689516 2.071186 1.128898
v 1.725548 2.071186 1.073014
v 1.288727 1.806513 -0.533808
v 1.278434 1.750606 -0.529545
v 1.596444 1.316306 -0.052263
v 1.593879 1.316306 -0.104469
v 1.589608 1.316306 -0.156563
v 1.432096 2.039458 0.593193
v 1.357960 1.958998 0.562485
v 2.050628 1.911661 0.771801
v 2.074782 1.911661 0.704293
v 2.096716 1.911661 0.636031
v 0.412060 1.257916 -1.767228
v 0.354017 1.257916 -1.779763
v 0.295595 1.257916 -1.790394
v 1.419762 1.428494 0.380423
v 1.497272 1.348035 0.401192
v 0.849166 1.806513 -1.106655
v 0.842384 1.750606 -1.097816
v 1.400631 1.911661 0.326581
v 1.410566 1.911661 0.280579
v 1.418991 1.911661 0.234276
v 1.589608 2.071186 0.156562
v 1.593879 2.071186 0.104468
v 1.596444 2.071186 0.052262
v 2.061388 1.348035 0.271386
v 2.140946 1.428494 0.281860
v 0.799022 1.911661 1.195820
v 0.837720 1.911661 1.169037
v -0.071690 1.911661 -2.189889
v -0.143303 1.911661 -2.186370
v 1.800619 1.348035 1.039588
v 1.870113 1.428494 1.079710
v 1.526940 1.958998 -1.526941
v 1.470199 2.039458 -1.470199
v 1.272923 1.428494 -0.734923
v 1.342417 1.348035 -0.775045
v -0.000001 1.636887 -2.245499
v -0.000001 1.580980 -2.234357
v 0.461411 1.316306 -1.978883
v 0.396417 1.316306 -1.992919
v 0.330998 1.316306 -2.004823
v 1.039587 1.348035 -1.800619
v 1.079709 1.428494 -1.870113
v -0.000000 1.636887 -1.383767
v -0.000000 1.580980 -1.394908
v 2.226288 1.750606 -0.293097
v 2.215242 1.806513 -0.291643
v 1.166107 1.428494 0.894785
v 1.229769 1.348035 0.943634
v 2.168986 1.636887 0.581177
v 2.158224 1.580980 0.578293
v 1.389035 2.071186 -1.483057
v 1.339766 2.071186 -1.527710
v 1.289064 2.071186 -1.570729
v 1.268380 1.911661 0.677963
v 1.289883 1.911661 0.636099
v 1.310005 1.911661 0.593555
v 1.432096 2.039458 -0.593194
v 1.357960 1.958998 -0.562485
v 0.506606 1.475831 -1.346021
v 0.462294 1.475831 -1.361875
v 0.417488 1.475831 -1.376273
v 1.901727 2.071186 0.715759
v 1.924127 2.071186 0.653152
v 1.944468 2.071186 0.589847
v 1.437431 1.911661 -0.047057
v 1.435121 1.911661 -0.094063
v 1.431276 1.911661 -0.140969
v 0.581178 1.750606 -2.168985
v 0.578294 1.806513 -2.158224
v 1.310005 1.911661 -0.593556
v 1.289883 1.911661 -0.636100
v 1.268380 1.911661 -0.677963
v 1.336616 1.636887 0.358145
v 1.347378 1.580980 0.361028
v 0.887412 1.316306 1.328105
v 0.930392 1.316306 1.298359
v 0.697454 1.806513 -1.208026
v 0.691883 1.750606 -1.198377
v 1.431276 1.475831 0.140968
v 1.435121 1.475831 0.094062
v 1.437431 1.475831 0.047056
v 2.022179 1.316306 0.199167
v 2.027612 1.316306 0.132896
v 2.030876 1.316306 0.066483
v 2.159420 1.958998 -0.000001
v 2.079176 2.039458 -0.000001
v -0.066484 2.071186 -2.030876
v -0.132897 2.071186 -2.027612
v 0.978471 1.636887 -0.978471
v 0.986349 1.580980 -0.986349
v 1.599178 1.475831 1.497792
v 1.647328 1.475831 1.444666
v 1.693714 1.475831 1.389994
v -0.000000 1.428494 -1.469845
v -0.000000 1.348035 -1.550090
v 0.837720 1.911661 -1.169037
v 0.799021 1.911661 -1.195820
v 0.759467 1.911661 -1.221324
v 0.497538 1.475831 -2.133825
v 0.427455 1.475831 -2.148960
v 0.356914 1.475831 -2.161797
v 1.382974 1.806513 -0.182073
v 1.371928 1.750606 -0.180618
v 1.350421 1.272897 1.036214
v 1.394656 1.261725 1.070157
v 2.074571 1.636887 -0.859315
v 2.064277 1.580980 -0.855052
v 1.298360 2.071186 0.930391
v 1.328105 2.071186 0.887411
v 1.356430 2.071186 0.843482
v 1.526941 1.958998 1.526940
v 1.470200 2.039458 1.470198
v 1.807576 1.261725 0.484338
v 1.861433 1.272897 0.498769
v 0.978471 1.636887 0.978470
v 0.986349 1.580980 0.986348
v 0.957861 2.071186 -1.792032
v 0.898714 2.071186 -1.822412
v 0.838605 2.071186 -1.850843
v 1.400631 1.475831 0.326581
v 1.410566 1.475831 0.280579
v 1.418991 1.475831 0.234276
v 1.687606 1.272897 0.222177
v 1.742886 1.261725 0.229455
v 1.217289 1.475831 1.821800
v 1.276245 1.475831 1.780997
v 1.356430 2.071186 -0.843483
v 1.328105 2.071186 -0.887412
v 1.298359 2.071186 -0.930391
v 2.074571 1.750606 0.859315
v 2.064277 1.806513 0.855051
v 0.851083 1.272897 -1.474121
v 0.878962 1.261725 -1.522408
v -0.000000 2.039458 -1.550090
v -0.000000 1.958998 -1.469845
v 2.004823 2.071186 -0.330998
v 1.992919 2.071186 -0.396417
v 1.978883 2.071186 -0.461411
v 1.371928 1.636887 -0.180618
v 1.382974 1.580980 -0.182073
v 1.106655 1.806513 0.849166
v 1.097816 1.750606 0.842383
v 2.008330 1.348035 -0.538131
v 2.085840 1.428494 -0.558900
v 1.376272 1.475831 -0.417488
v 1.361875 1.475831 -0.462294
v 1.346021 1.475831 -0.506606
v 0.943635 2.039458 1.229769
v 0.894786 1.958998 1.166106
v 1.728893 1.261725 -0.716131
v 1.780406 1.272897 -0.737468
v 0.983143 1.475831 -1.049691
v 0.948272 1.475831 -1.081296
v 0.912385 1.475831 -1.111744
v 0.293097 1.750606 -2.226288
v 0.291642 1.806513 -2.215242
v 1.995759 1.475831 -0.904267
v 1.965103 1.475831 -0.969082
v 1.932344 1.475831 -1.032860
v 1.790394 1.257916 -0.295596
v 1.779763 1.257916 -0.354017
v 1.767228 1.257916 -0.412060
v 1.587808 1.636887 1.587807
v 1.579930 1.580980 1.579929
v 1.288727 1.806513 0.533808
v 1.278434 1.750606 0.529544
v 0.677963 1.911661 -1.268380
v 0.636099 1.911661 -1.289883
v 0.593555 1.911661 -1.310005
v 0.795666 1.348035 -1.920908
v 0.826374 1.428494 -1.995044
v 1.497272 2.039458 0.401192
v 1.419762 1.958998 0.380423
v 0.943635 2.039458 -1.229769
v 0.894785 1.958998 -1.166107
v 0.362709 1.316306 -1.555573
v 0.311618 1.316306 -1.566607
v 0.260193 1.316306 -1.575965
v 0.894785 1.428494 -1.166107
v 0.943635 1.348035 -1.229769
v 1.234729 1.316306 -1.013316
v 1.200912 1.316306 -1.053172
v 1.165811 1.316306 -1.091902
v 0.214762 1.911661 -2.180511
v 0.143302 1.911661 -2.186370
v 0.071689 1.911661 -2.189889
v 1.620628 1.261725 0.935670
v 1.668916 1.272897 0.963549
v 1.587807 1.750606 -1.587808
v 1.579929 1.806513 -1.579929
v 1.324435 1.257916 1.240468
v 1.364312 1.257916 1.196469
v 1.402730 1.257916 1.151189
v 1.342417 2.039458 -0.775045
v 1.272923 1.958998 -0.734923
v 2.180511 1.911661 0.214761
v 2.186370 1.911661 0.143302
v 2.189889 1.911661 0.071689
v 0.734922 1.428494 -1.272923
v 0.775044 1.348035 -1.342417
v -0.000000 1.261725 -1.871340
v -0.000000 1.272897 -1.927098
v 1.457271 1.428494 -0.191854
v 1.536828 1.348035 -0.202328
v 1.408692 1.316306 0.752962
v 1.432574 1.316306 0.706467
v 1.454922 1.316306 0.659216
v 1.944468 2.071186 -0.589848
v 1.924127 2.071186 -0.653153
v 1.901727 2.071186 -0.715759
v 1.347378 1.806513 -0.361029
v 1.336616 1.750606 -0.358145
v 0.293097 1.636887 -2.226288
v 0.291642 1.580980 -2.215242
v 1.932344 1.911661 1.032859
v 1.965103 1.911661 0.969081
v 1.995759 1.911661 0.904266
v 0.182072 1.806513 -1.382974
v 0.180618 1.750606 -1.371928
v 1.128898 2.071186 1.689515
v 1.183574 2.071186 1.651674
v 1.122749 1.636887 -1.944660
v 1.117178 1.580980 -1.935011
v 0.562649 2.071186 -1.494922
v 0.513435 2.071186 -1.512530
v 0.463671 2.071186 -1.528520
v 1.850842 1.316306 -0.838606
v 1.822412 1.316306 -0.898714
v 1.792032 1.316306 -0.957861
v 0.912385 1.911661 1.111744
v 0.948272 1.911661 1.081296
v 0.983144 1.911661 1.049691
v 0.558899 1.958998 -2.085840
v 0.538130 2.039458 -2.008330
v 1.198377 1.636887 0.691883
v 1.208026 1.580980 0.697454
v 1.713183 1.958998 -1.314572
v 1.649521 2.039458 -1.265722
v 1.165812 2.071186 1.091901
v 1.200913 2.071186 1.053172
v 1.234730 2.071186 1.013315
v 1.036214 1.272897 -1.350421
v 1.070157 1.261725 -1.394656
v 2.168985 1.750606 -0.581178
v 2.158224 1.806513 -0.578295
v 2.180511 1.475831 0.214761
v 2.186370 1.475831 0.143302
v 2.189889 1.475831 0.071689
v 1.596444 2.071186 -0.052263
v 1.593879 2.071186 -0.104469
v 1.589608 2.071186 -0.156563
v 1.483058 1.316306 1.389034
v 1.527711 1.316306 1.339766
v 1.570730 1.316306 1.289063
v 0.986349 1.806513 -0.986349
v 0.978471 1.750606 -0.978471
v 1.570729 2.071186 -1.289064
v 1.527710 2.071186 -1.339767
v 1.483057 2.071186 -1.389035
v 1.366974 1.636887 1.781474
v 1.360191 1.580980 1.772634
v 0.691883 1.636887 -1.198377
v 0.697454 1.580980 -1.208026
v 2.133825 1.911661 0.497537
v 2.148961 1.911661 0.427454
v 2.161797 1.911661 0.356913
v 0.401193 2.039458 -1.497272
v 0.380424 1.958998 -1.419762
v 1.702168 1.272897 -0.000000
v 1.757925 1.261725 -0.000000
v 1.792032 2.071186 0.957861
v 1.822412 2.071186 0.898714
v 1.850843 2.071186 0.838605
v 0.983143 1.911661 -1.049691
v 0.948271 1.911661 -1.081296
v 0.912385 1.911661 -1.111744
v 0.538130 1.348035 -2.008330
v 0.558899 1.428494 -2.085840
v 2.226288 1.636887 0.293096
v 2.215242 1.580980 0.291642
v 2.074571 1.750606 -0.859315
v 2.064277 1.806513 -0.855052
v 1.217289 1.911661 1.821800
v 1.276245 1.911661 1.780997
v 1.357960 1.428494 0.562485
v 1.432096 1.348035 0.593193
v 1.389995 1.475831 1.693713
v 1.444668 1.475831 1.647326
v 1.497794 1.475831 1.599177
v 0.199167 1.316306 -2.022179
v 0.132897 1.316306 -2.027612
v 0.066484 1.316306 -2.030876
v 1.652882 1.257916 -0.748911
v 1.627493 1.257916 -0.802591
v 1.600362 1.257916 -0.855411
v 2.008330 1.348035 0.538130
v 2.085840 1.428494 0.558898
v 1.039338 1.428494 1.039337
v 1.096079 1.348035 1.096078
v -0.047057 1.911661 -1.437431
v -0.094063 1.911661 -1.435121
v 1.097816 1.636887 -0.842384
v 1.106655 1.580980 -0.849167
v 1.944659 1.636887 -1.122750
v 1.935010 1.580980 -1.117179
v 1.575964 1.316306 -0.260193
v 1.566607 1.316306 -0.311618
v 1.555573 1.316306 -0.362709
v 1.855331 1.261725 0.244258
v 1.910611 1.272897 0.251536
v 1.781474 1.636887 -1.366973
v 1.772635 1.580980 -1.360191
v 0.859315 1.750606 -2.074571
v 0.855051 1.806513 -2.064277
v 1.470199 1.348035 -1.470199
v 1.526940 1.428494 -1.526941
v 1.139200 1.261725 1.484633
v 1.173143 1.272897 1.528869
v 1.198377 1.636887 -0.691883
v 1.208026 1.580980 -0.697454
v 0.935669 1.261725 -1.620628
v 0.963548 1.272897 -1.668916
v 1.693713 1.911661 -1.389995
v 1.647327 1.911661 -1.444667
v 1.599177 1.911661 -1.497793
v 2.140946 1.958998 -0.281862
v 2.061388 2.039458 -0.271388
v 2.189889 1.911661 -0.071690
v 2.186370 1.911661 -0.143303
v 2.180511 1.911661 -0.214763
v 0.715759 2.071186 -1.901727
v 0.653153 2.071186 -1.924127
v 0.589848 2.071186 -1.944468
v 2.245499 1.636887 -0.000001
v 2.234357 1.580980 -0.000001
v 0.639204 1.257916 -1.698325
v 0.583294 1.257916 -1.718329
v 0.526760 1.257916 -1.736494
v 1.418991 1.911661 -0.234277
v 1.410566 1.911661 -0.280579
v 1.400631 1.911661 -0.326582
v 1.278434 1.636887 0.529544
v 1.288727 1.580980 0.533808
v 1.298360 1.316306 0.930391
v 1.328105 1.316306 0.887411
v 1.356430 1.316306 0.843482
v 1.494922 1.316306 0.562648
v 1.512530 1.316306 0.513434
v 1.528520 1.316306 0.463671
v 0.562485 1.428494 -1.357960
v 0.593193 1.348035 -1.432096
v 1.347378 1.806513 0.361028
v 1.336616 1.750606 0.358145
v 1.203615 1.272897 1.203614
v 1.243042 1.261725 1.243040
v 0.214762 1.475831 -2.180511
v 0.143302 1.475831 -2.186370
v 0.071689 1.475831 -2.189889
v 1.265722 1.348035 -1.649521
v 1.314572 1.428494 -1.713183
v 2.061388 1.348035 -0.271388
v 2.140946 1.428494 -0.281862
v 1.944659 1.750606 1.122749
v 1.935010 1.806513 1.117178
v 1.166106 1.428494 -0.894785
v 1.229769 1.348035 -0.943635
v 2.133825 1.475831 0.497537
v 2.148961 1.475831 0.427454
v 2.161797 1.475831 0.356913
v -0.000000 1.272897 -1.702168
v -0.000000 1.261725 -1.757925
v 2.030876 2.071186 -0.066485
v 2.027612 2.071186 -0.132897
v 2.022179 2.071186 -0.199168
v 1.383767 1.636887 -0.000000
v 1.394908 1.580980 -0.000000
v 0.855411 1.257916 -1.600362
v 0.802590 1.257916 -1.627493
v 0.748911 1.257916 -1.652882
v 1.870113 1.958998 -1.079710
v 1.800619 2.039458 -1.039588
v 1.268380 1.475831 0.677963
v 1.289883 1.475831 0.636099
v 1.310005 1.475831 0.593555
v 0.202328 2.039458 -1.536829
v 0.191854 1.958998 -1.457270
v 1.310005 1.475831 -0.593556
v 1.289883 1.475831 -0.636100
v 1.268380 1.475831 -0.677963
v 0.326581 1.475831 -1.400631
v 0.280579 1.475831 -1.410566
v 0.234277 1.475831 -1.418991
v 1.528520 1.316306 -0.463672
v 1.512530 1.316306 -0.513435
v 1.494922 1.316306 -0.562649
v 1.995044 1.958998 0.826374
v 1.920908 2.039458 0.795666
v 1.289065 2.071186 1.570729
v 1.339767 2.071186 1.527710
v 1.389036 2.071186 1.483056
v 1.036215 1.272897 1.350420
v 1.070158 1.261725 1.394655
v 0.140968 1.911661 -1.431275
v 0.094063 1.911661 -1.435121
v 0.047056 1.911661 -1.437431
v 0.529544 1.636887 -1.278434
v 0.533808 1.580980 -1.288727
v 1.536829 2.039458 0.202327
v 1.457271 1.958998 0.191853
v 1.208026 1.806513 0.697454
v 1.198377 1.750606 0.691883
v 1.366973 1.750606 -1.781474
v 1.360191 1.806513 -1.772635
v 1.860655 1.475831 -1.157030
v 1.821800 1.475831 -1.217289
v 1.780997 1.475831 -1.276245
v 1.346021 1.475831 0.506606
v 1.361875 1.475831 0.462294
v 1.376273 1.475831 0.417487
v 1.978883 1.316306 0.461410
v 1.992919 1.316306 0.396416
v 2.004823 1.316306 0.330997
v 2.168986 1.750606 0.581177
v 2.158224 1.806513 0.578293
v 1.713184 1.958998 1.314571
v 1.649521 2.039458 1.265721
v 1.350420 1.272897 -1.036215
v 1.394656 1.261725 -1.070158
v -0.052263 2.071186 -1.596444
v -0.104469 2.071186 -1.593879
v 0.361029 1.806513 -1.347378
v 0.358145 1.750606 -1.336616
v 1.234729 2.071186 -1.013316
v 1.200912 2.071186 -1.053172
v 1.165811 2.071186 -1.091902
v 0.461411 2.071186 -1.978883
v 0.396417 2.071186 -1.992919
v 0.330998 2.071186 -2.004823
v 1.469845 1.428494 -0.000000
v 1.550090 1.348035 -0.000000
v 1.807576 1.261725 -0.484339
v 1.861433 1.272897 -0.498770
v 1.944659 1.750606 -1.122750
v 1.935010 1.806513 -1.117179
v 1.528520 2.071186 -0.463672
v 1.512530 2.071186 -0.513435
v 1.494922 2.071186 -0.562649
v 1.475017 1.257916 1.056982
v 1.508811 1.257916 1.008155
v 1.540989 1.257916 0.958248
v 1.587807 1.636887 -1.587808
v 1.579929 1.580980 -1.579929
v 0.244259 1.261725 -1.855331
v 0.251537 1.272897 -1.910611
v 1.091901 1.316306 -1.165811
v 1.053172 1.316306 -1.200913
v 1.013316 1.316306 -1.234729
v 1.418991 1.475831 -0.234277
v 1.410566 1.475831 -0.280579
v 1.400631 1.475831 -0.326582
v -0.052263 1.316306 -1.596444
v -0.104469 1.316306 -1.593879
v 1.725548 2.071186 -1.073015
v 1.689515 2.071186 -1.128898
v 1.651675 2.071186 -1.183574
v 0.894786 1.428494 1.166106
v 0.943635 1.348035 1.229769
v 0.562649 1.316306 -1.494922
v 0.513435 1.316306 -1.512530
v 0.463671 1.316306 -1.528520
v 1.389996 1.911661 1.693713
v 1.444668 1.911661 1.647326
v 1.497794 1.911661 1.599177
v 1.106655 1.806513 -0.849167
v 1.097816 1.750606 -0.842384
v 1.687606 1.272897 -0.222178
v 1.742886 1.261725 -0.229456
v 0.752961 2.071186 -1.408692
v 0.706467 2.071186 -1.432574
v 0.659216 2.071186 -1.454922
v -0.066484 1.316306 -2.030876
v -0.132897 1.316306 -2.027612
v 0.826374 1.958998 -1.995044
v 0.795666 2.039458 -1.920908
v 1.470200 1.348035 1.470198
v 1.526941 1.428494 1.526940
v 1.323237 1.261725 -1.323237
v 1.362664 1.272897 -1.362664
v 1.032859 1.475831 -1.932345
v 0.969081 1.475831 -1.965103
v 0.904266 1.475831 -1.995759
v 1.111744 1.911661 -0.912385
v 1.081296 1.911661 -0.948272
v 1.049691 1.911661 -0.983143
v 1.049692 1.911661 0.983143
v 1.081297 1.911661 0.948271
v 1.111745 1.911661 0.912385
v 1.276245 1.475831 -1.780997
v 1.217288 1.475831 -1.821801
v 1.157029 1.475831 -1.860655
v 1.550090 2.039458 -0.000000
v 1.469845 1.958998 -0.000000
v 0.930391 2.071186 -1.298359
v 0.887411 2.071186 -1.328105
v 0.843482 2.071186 -1.356430
v 1.644168 1.272897 -0.440554
v 1.698025 1.261725 -0.454985
v 1.651675 1.316306 1.183573
v 1.689516 1.316306 1.128898
v 1.725548 1.316306 1.073014
v 1.871340 1.261725 -0.000000
v 1.927098 1.272897 -0.000001
v 1.240468 1.257916 -1.324434
v 1.196469 1.257916 -1.364311
v 1.151190 1.257916 -1.402729
v 1.698325 1.257916 0.639204
v 1.718329 1.257916 0.583293
v 1.736494 1.257916 0.526759
v 0.271387 1.348035 -2.061388
v 0.281861 1.428494 -2.140946
v 1.944468 1.316306 -0.589848
v 1.924127 1.316306 -0.653153
v 1.901727 1.316306 -0.715759
v 2.074571 1.636887 0.859315
v 2.064277 1.580980 0.855051
v 1.376272 1.911661 -0.417488
v 1.361875 1.911661 -0.462294
v 1.346021 1.911661 -0.506606
v 1.575964 2.071186 -0.260193
v 1.566607 2.071186 -0.311618
v 1.555573 2.071186 -0.362709
v 1.169037 1.475831 0.837720
v 1.195820 1.475831 0.799021
v 1.221323 1.475831 0.759467
v 1.265723 1.348035 1.649521
v 1.314572 1.428494 1.713183
v 1.860655 1.911661 -1.157030
v 1.821800 1.911661 -1.217289
v 1.780997 1.911661 -1.276245
v 1.139200 1.261725 -1.484634
v 1.173143 1.272897 -1.528869
v 0.593193 2.039458 -1.432096
v 0.562485 1.958998 -1.357960
v 0.930391 1.316306 -1.298359
v 0.887411 1.316306 -1.328105
v 0.843482 1.316306 -1.356430
v 1.013316 2.071186 1.234728
v 1.053173 2.071186 1.200912
v 1.091902 2.071186 1.165811
v 0.957861 1.316306 -1.792032
v 0.898714 1.316306 -1.822412
v 0.838605 1.316306 -1.850843
v 1.649521 1.348035 -1.265722
v 1.713183 1.428494 -1.314572
v 0.497538 1.911661 -2.133825
v 0.427455 1.911661 -2.148960
v 0.356914 1.911661 -2.161797
v 1.555573 1.316306 0.362708
v 1.566607 1.316306 0.311617
v 1.575965 1.316306 0.260192
v 0.380424 1.428494 -1.419762
v 0.401193 1.348035 -1.497272
v 0.581178 1.636887 -2.168985
v 0.578294 1.580980 -2.158224
v 2.085840 1.958998 -0.558900
v 2.008330 2.039458 -0.538131
v 1.389035 1.316306 -1.483057
v 1.339766 1.316306 -1.527710
v 1.289064 1.316306 -1.570729
v 2.079176 1.348035 -0.000001
v 2.159420 1.428494 -0.000001
v 1.800619 1.348035 -1.039588
v 1.870113 1.428494 -1.079710
v 2.226288 1.636887 -0.293097
v 2.215242 1.580980 -0.291643
v 0.140968 1.475831 -1.431275
v 0.094063 1.475831 -1.435121
v 0.047056 1.475831 -1.437431
v 1.454922 1.316306 -0.659216
v 1.432573 1.316306 -0.706467
v 1.408692 1.316306 -0.752962
v 1.736494 1.257916 -0.526760
v 1.718328 1.257916 -0.583294
v 1.698324 1.257916 -0.639204
v 2.161797 1.911661 -0.356915
v 2.148960 1.911661 -0.427456
v 2.133825 1.911661 -0.497539
v 1.693714 1.475831 -1.389995
v 1.647327 1.475831 -1.444667
v 1.599177 1.475831 -1.497793
v 0.222178 1.272897 -1.687606
v 0.229456 1.261725 -1.742886
v 0.849167 1.806513 1.106655
v 0.842384 1.750606 1.097816
v 1.278434 1.636887 -0.529545
v 1.288727 1.580980 -0.533808
v 1.483058 2.071186 1.389034
v 1.527711 2.071186 1.339766
v 1.570730 2.071186 1.289063
v 1.221323 1.475831 -0.759468
v 1.195819 1.475831 -0.799021
v 1.169037 1.475831 -0.837720
v 0.156563 2.071186 -1.589608
v 0.104468 2.071186 -1.593879
v 0.052262 2.071186 -1.596444
v 1.382974 1.806513 0.182072
v 1.371928 1.750606 0.180617
v 1.122749 1.750606 -1.944660
v 1.117178 1.806513 -1.935011
v 1.920908 1.348035 0.795666
v 1.995044 1.428494 0.826374
v 0.912385 1.475831 1.111744
v 0.948272 1.475831 1.081296
v 0.983144 1.475831 1.049691
v 1.494922 2.071186 0.562648
v 1.512530 2.071186 0.513434
v 1.528520 2.071186 0.463671
v 2.022179 2.071186 0.199167
v 2.027612 2.071186 0.132896
v 2.030876 2.071186 0.066483
v 2.085840 1.958998 0.558898
v 2.008330 2.039458 0.538130
v 1.781474 1.750606 1.366973
v 1.772635 1.806513 1.360190
v 1.039337 1.428494 -1.039338
v 1.096079 1.348035 -1.096079
v 1.208026 1.806513 -0.697454
v 1.198377 1.750606 -0.691883
v 0.358145 1.636887 -1.336616
v 0.361029 1.580980 -1.347378
v 1.056982 1.257916 -1.475017
v 1.008155 1.257916 -1.508811
v 0.958248 1.257916 -1.540989
v 1.805893 1.257916 0.177865
v 1.810745 1.257916 0.118682
v 1.813660 1.257916 0.059373
v 1.342417 2.039458 0.775045
v 1.272923 1.958998 0.734922
v 0.771802 1.911661 -2.050628
v 0.704293 1.911661 -2.074782
v 0.636032 1.911661 -2.096716
v 2.050628 1.475831 0.771801
v 2.074782 1.475831 0.704293
v 2.096716 1.475831 0.636031
v 1.932344 1.475831 1.032859
v 1.965103 1.475831 0.969081
v 1.995759 1.475831 0.904266
v 1.165812 1.316306 1.091901
v 1.200913 1.316306 1.053172
v 1.234730 1.316306 1.013315
v 2.226288 1.750606 0.293096
v 2.215242 1.806513 0.291642
v 1.169037 1.911661 0.837720
v 1.195820 1.911661 0.799021
v 1.221323 1.911661 0.759467
v 1.587808 1.750606 1.587807
v 1.579930 1.806513 1.579929
v 1.437431 1.475831 -0.047057
v 1.435121 1.475831 -0.094063
v 1.431276 1.475831 -0.140969
v 1.599178 1.911661 1.497792
v 1.647328 1.911661 1.444666
v 1.693714 1.911661 1.389994
v 1.229769 2.039458 -0.943635
v 1.166106 1.958998 -0.894785
v 1.128898 1.316306 1.689515
v 1.183574 1.316306 1.651674
v 1.323238 1.261725 1.323236
v 1.362664 1.272897 1.362663
v 1.203614 1.272897 -1.203615
v 1.243041 1.261725 -1.243041
v 1.589608 1.316306 0.156562
v 1.593879 1.316306 0.104468
v 1.596444 1.316306 0.052262
v 1.183573 1.316306 -1.651675
v 1.128898 1.316306 -1.689516
v 1.073014 1.316306 -1.725548
v 0.484338 1.261725 -1.807576
v 0.498770 1.272897 -1.861433
v 1.091901 2.071186 -1.165811
v 1.053172 2.071186 -1.200912
v 1.013316 2.071186 -1.234729
v 1.901727 1.316306 0.715759
v 1.924127 1.316306 0.653152
v 1.944468 1.316306 0.589847
v 1.870113 1.958998 1.079710
v 1.800619 2.039458 1.039588
v -0.000001 1.958998 -2.159420
v -0.000001 2.039458 -2.079176
v 0.752961 1.316306 -1.408692
v 0.706467 1.316306 -1.432574
v 0.659216 1.316306 -1.454922
v 1.995044 1.958998 -0.826374
v 1.920908 2.039458 -0.795666
v 0.180618 1.636887 -1.371928
v 0.182072 1.580980 -1.382974
v 1.572598 1.272897 -0.651391
v 1.624111 1.261725 -0.672729
v 1.944659 1.636887 1.122749
v 1.935010 1.580980 1.117178
v 1.457271 1.428494 0.191853
v 1.536829 1.348035 0.202327
v 0.177865 1.257916 -1.805893
v 0.118682 1.257916 -1.810745
v 0.059373 1.257916 -1.813660
v 1.314572 1.958998 -1.713183
v 1.265722 2.039458 -1.649521
v 1.333836 1.911661 1.738287
v 1.236982 2.071186 1.612066
v 0.972375 2.071186 1.267223
v 0.875522 1.911661 1.141002
v 0.875522 1.475831 1.141002
v 0.972375 1.316306 1.267223
v 1.104679 1.257916 1.439645
v 1.236983 1.316306 1.612066
v 1.333836 1.475831 1.738287
v 1.549317 1.911661 1.549315
v 1.436817 2.071186 1.436816
v 1.129462 2.071186 1.129461
v 1.016963 1.911661 1.016962
v 1.016963 1.475831 1.016962
v 1.129462 1.316306 1.129461
v 1.283140 1.257916 1.283139
v 1.436817 1.316306 1.436816
v 1.549317 1.475831 1.549315
v 1.738288 1.911661 1.333835
v 1.612067 2.071186 1.236982
v 1.267224 2.071186 0.972374
v 1.141003 1.911661 0.875521
v 1.141003 1.475831 0.875521
v 1.267224 1.316306 0.972374
v 1.439645 1.257916 1.104678
v 1.612067 1.316306 1.236981
v 1.738288 1.475831 1.333835
v 1.897517 1.911661 1.095531
v 1.759734 2.071186 1.015982
v 1.383303 2.071186 0.798650
v 1.245520 1.911661 0.719101
v 1.245520 1.475831 0.719101
v 1.383303 1.316306 0.798650
v 1.571518 1.257916 0.907316
v 1.759734 1.316306 1.015982
v 1.897517 1.475831 1.095531
v 2.024279 1.911661 0.838483
v 1.877291 2.071186 0.777599
v 1.475713 2.071186 0.611260
v 1.328725 1.911661 0.550376
v 1.328725 1.475831 0.550376
v 1.475713 1.316306 0.611260
v 1.676502 1.257916 0.694429
v 1.877291 1.316306 0.777599
v 2.024279 1.475831 0.838483
v 2.116405 1.911661 0.567088
v 1.962728 2.071186 0.525911
v 1.542874 2.071186 0.413411
v 1.389197 1.911661 0.372234
v 1.389197 1.475831 0.372234
v 1.542874 1.316306 0.413411
v 1.752801 1.257916 0.469661
v 1.962728 1.316306 0.525911
v 2.116405 1.475831 0.567088
v 2.172319 1.911661 0.285991
v 2.014581 2.071186 0.265224
v 1.583635 2.071186 0.208489
v 1.425898 1.911661 0.187723
v 1.425898 1.475831 0.187723
v 1.583635 1.316306 0.208489
v 1.799108 1.257916 0.236857
v 2.014581 1.316306 0.265224
v 2.172319 1.475831 0.285991
v 2.191064 1.911661 -0.000001
v 2.031965 2.071186 -0.000001
v 1.597300 2.071186 -0.000000
v 1.438202 1.911661 -0.000000
v 1.438202 1.475831 -0.000000
v 1.597300 1.316306 -0.000000
v 1.814633 1.257916 -0.000000
v 2.031965 1.316306 -0.000001
v 2.191064 1.475831 -0.000001
v 2.172319 1.911661 -0.285992
v 2.014581 2.071186 -0.265225
v 1.583635 2.071186 -0.208490
v 1.425898 1.911661 -0.187724
v 1.425898 1.475831 -0.187724
v 1.583635 1.316306 -0.208490
v 1.799108 1.257916 -0.236858
v 2.014581 1.316306 -0.265225
v 2.172319 1.475831 -0.285992
v 2.116405 1.911661 -0.567089
v 1.962728 2.071186 -0.525912
v 1.542874 2.071186 -0.413412
v 1.389196 1.911661 -0.372234
v 1.389196 1.475831 -0.372234
v 1.542874 1.316306 -0.413412
v 1.752801 1.257916 -0.469662
v 1.962728 1.316306 -0.525912
v 2.116405 1.475831 -0.567089
v 2.024279 1.911661 -0.838484
v 1.877291 2.071186 -0.777599
v 1.475713 2.071186 -0.611260
v 1.328725 1.911661 -0.550376
v 1.328725 1.475831 -0.550376
v 1.475713 1.316306 -0.611260
v 1.676502 1.257916 -0.694430
v 1.877291 1.316306 -0.777599
v 2.024279 1.475831 -0.838484
v 1.897516 1.911661 -1.095532
v 1.759733 2.071186 -1.015983
v 1.383303 2.071186 -0.798650
v 1.245519 1.911661 -0.719101
v 1.245519 1.475831 -0.719101
v 1.383302 1.316306 -0.798650
v 1.571518 1.257916 -0.907317
v 1.759733 1.316306 -1.015983
v 1.897517 1.475831 -1.095532
v 1.738287 1.911661 -1.333835
v 1.612066 2.071186 -1.236982
v 1.267223 2.071186 -0.972375
v 1.141002 1.911661 -0.875522
v 1.141002 1.475831 -0.875522
v 1.267223 1.316306 -0.972375
v 1.439645 1.257916 -1.104679
v 1.612066 1.316306 -1.236982
v 1.738287 1.475831 -1.333835
v 1.549316 1.911661 -1.549316
v 1.436816 2.071186 -1.436816
v 1.129462 2.071186 -1.129462
v 1.016962 1.911661 -1.016962
v 1.016962 1.475831 -1.016962
v 1.129462 1.316306 -1.129462
v 1.283139 1.257916 -1.283139
v 1.436816 1.316306 -1.436816
v 1.549316 1.475831 -1.549316
v 1.333835 1.911661 -1.738287
v 1.236982 2.071186 -1.612066
v 0.972375 2.071186 -1.267223
v 0.875522 1.911661 -1.141002
v 0.875522 1.475831 -1.141002
v 0.972375 1.316306 -1.267223
v 1.104678 1.257916 -1.439645
v 1.236982 1.316306 -1.612066
v 1.333835 1.475831 -1.738287
v 1.095531 1.911661 -1.897517
v 1.015982 2.071186 -1.759734
v 0.798650 2.071186 -1.383303
v 0.719100 1.911661 -1.245520
v 0.719101 1.475831 -1.245520
v 0.798650 1.316306 -1.383303
v 0.907316 1.257916 -1.571518
v 1.015982 1.316306 -1.759734
v 1.095531 1.475831 -1.897517
v 0.838483 1.911661 -2.024279
v 0.777599 2.071186 -1.877292
v 0.611260 2.071186 -1.475713
v 0.550376 1.911661 -1.328725
v 0.550376 1.475831 -1.328725
v 0.611260 1.316306 -1.475713
v 0.694429 1.257916 -1.676502
v 0.777599 1.316306 -1.877291
v 0.838483 1.475831 -2.024279
v 0.567089 1.911661 -2.116405
v 0.525911 2.071186 -1.962728
v 0.413412 2.071186 -1.542874
v 0.372234 1.911661 -1.389197
v 0.372234 1.475831 -1.389196
v 0.413412 1.316306 -1.542874
v 0.469662 1.257916 -1.752801
v 0.525911 1.316306 -1.962728
v 0.567089 1.475831 -2.116405
v 0.285991 1.911661 -2.172318
v 0.265225 2.071186 -2.014581
v 0.208490 2.071186 -1.583635
v 0.187723 1.911661 -1.425898
v 0.187723 1.475831 -1.425898
v 0.208490 1.316306 -1.583635
v 0.236857 1.257916 -1.799108
v 0.265225 1.316306 -2.014581
v 0.285991 1.475831 -2.172318
v -0.000001 1.911661 -2.191064
v -0.000001 2.071186 -2.031965
v -0.000000 2.071186 -1.597300
v -0.000000 1.911661 -1.438202
v -0.000000 1.475831 -1.438202
v -0.000000 1.316306 -1.597300
v -0.000000 1.257916 -1.814633
v -0.000001 1.316306 -2.031965
v -0.000001 1.475831 -2.191064
v 1.216051 1.797657 1.821256
v 1.222241 1.741750 1.830520
v 1.275579 1.797656 1.780065
v 1.333138 1.797656 1.737378
v 1.282068 1.741749 1.789122
v 1.339921 1.741749 1.746217
v 1.178269 1.933819 1.764512
v 1.195850 1.886481 1.790823
v 1.235871 1.933816 1.724654
v 1.254303 1.886479 1.750376
v 1.291639 1.933816 1.683296
v 1.140742 2.001850 1.707984
v 1.114513 2.033579 1.668730
v 1.196351 2.001849 1.669504
v 1.250336 2.001849 1.629468
v 1.168852 2.033577 1.631129
v 0.875568 2.001850 1.309636
v 0.901797 2.033579 1.348890
v 0.917614 2.001849 1.280529
v 0.945114 2.033577 1.318904
v 0.959022 2.001849 1.249821
v 0.838041 1.933819 1.253108
v 0.820461 1.886481 1.226797
v 0.878094 1.933816 1.225379
v 0.917719 1.933816 1.195993
v 0.859663 1.886479 1.199658
v 0.800259 1.797657 1.196364
v 0.838387 1.797656 1.169968
v 0.876220 1.797656 1.141911
v 0.794069 1.741750 1.187100
v 0.831897 1.741749 1.160912
v 0.869437 1.741749 1.133072
v 0.800259 1.589835 1.196364
v 0.794069 1.645742 1.187100
v 0.838387 1.589836 1.169968
v 0.876220 1.589836 1.141911
v 0.831897 1.645743 1.160912
v 0.869437 1.645743 1.133072
v 0.838041 1.453674 1.253108
v 0.820461 1.501011 1.226797
v 0.878094 1.453676 1.225379
v 0.859663 1.501014 1.199658
v 0.917719 1.453676 1.195993
v 0.875568 1.385642 1.309636
v 0.901797 1.353914 1.348890
v 0.917614 1.385644 1.280529
v 0.959022 1.385644 1.249821
v 0.945114 1.353915 1.318904
v 0.950740 1.317326 1.422620
v 0.996660 1.317327 1.390836
v 1.041634 1.317327 1.357483
v 0.980038 1.306646 1.466554
v 1.008137 1.303230 1.508784
v 1.027419 1.306646 1.433760
v 1.073781 1.306646 1.399377
v 1.056964 1.303230 1.474991
v 1.065571 1.317326 1.595000
v 1.036238 1.306638 1.551016
v 1.117306 1.317327 1.559197
v 1.167724 1.317327 1.521806
v 1.086512 1.306638 1.516224
v 1.135540 1.306638 1.479864
v 1.140742 1.385642 1.707984
v 1.114513 1.353914 1.668730
v 1.196351 1.385644 1.669504
v 1.168852 1.353916 1.631129
v 1.250336 1.385644 1.629468
v 1.178269 1.453674 1.764512
v 1.195849 1.501011 1.790823
v 1.235871 1.453676 1.724654
v 1.291639 1.453676 1.683296
v 1.254303 1.501014 1.750376
v 1.216051 1.589835 1.821256
v 1.275579 1.589836 1.780065
v 1.333138 1.589836 1.737378
v 1.222241 1.645742 1.830520
v 1.282068 1.645743 1.789122
v 1.339921 1.645743 1.746217
v 1.443912 1.797656 1.646465
v 1.451258 1.741749 1.654841
v 1.396336 1.741749 1.701441
v 1.389268 1.797656 1.692828
v 1.497011 1.797657 1.598340
v 1.548507 1.797657 1.548505
v 1.504628 1.741749 1.606472
v 1.556385 1.741749 1.556383
v 1.398965 1.933816 1.595212
v 1.419829 1.886479 1.619003
v 1.346022 1.933816 1.640132
v 1.366096 1.886479 1.664593
v 1.450411 1.933816 1.548586
v 1.472042 1.886479 1.571681
v 1.500304 1.933816 1.500302
v 1.354230 2.001849 1.544201
v 1.323102 2.033577 1.508707
v 1.404030 2.001849 1.499066
v 1.452328 2.001849 1.452326
v 1.371758 2.033577 1.464609
v 1.302980 2.001849 1.587685
v 1.273030 2.033577 1.551191
v 1.038710 2.001849 1.184420
v 1.069838 2.033577 1.219915
v 0.999401 2.001849 1.217772
v 1.029351 2.033577 1.254267
v 1.076907 2.001849 1.149801
v 1.109180 2.033577 1.184259
v 1.113952 2.001849 1.113951
v 0.993974 1.933816 1.133409
v 0.973110 1.886479 1.109619
v 1.030526 1.933816 1.100281
v 1.065976 1.933816 1.065975
v 1.008895 1.886479 1.077186
v 0.956359 1.933816 1.165325
v 0.936284 1.886479 1.140864
v 0.949027 1.797656 1.082157
v 0.983926 1.797656 1.050527
v 1.017773 1.797656 1.017772
v 0.941681 1.741749 1.073780
v 0.976310 1.741749 1.042395
v 1.009894 1.741749 1.009894
v 0.913113 1.797656 1.112629
v 0.906045 1.741749 1.104017
v 0.949027 1.589836 1.082157
v 0.941681 1.645743 1.073780
v 0.906045 1.645743 1.104017
v 0.913113 1.589836 1.112629
v 0.983926 1.589836 1.050527
v 1.017773 1.589836 1.017772
v 0.976310 1.645743 1.042395
v 1.009894 1.645743 1.009894
v 0.993974 1.453676 1.133409
v 0.973110 1.501014 1.109619
v 0.956359 1.453676 1.165325
v 0.936284 1.501014 1.140864
v 1.030526 1.453676 1.100281
v 1.008895 1.501014 1.077186
v 1.065976 1.453676 1.065975
v 1.038710 1.385644 1.184420
v 1.069838 1.353915 1.219915
v 1.076907 1.385644 1.149801
v 1.113952 1.385644 1.113951
v 1.109180 1.353915 1.184259
v 0.999401 1.385644 1.217772
v 1.029351 1.353915 1.254267
v 1.128186 1.317327 1.286448
v 1.169674 1.317327 1.248847
v 1.209910 1.317327 1.209908
v 1.163004 1.306646 1.326151
v 1.196449 1.303230 1.364287
v 1.205773 1.306646 1.287389
v 1.247250 1.306646 1.247249
v 1.240447 1.303230 1.324411
v 1.085491 1.317327 1.322673
v 1.118992 1.306646 1.363494
v 1.151170 1.303230 1.402704
v 1.264754 1.317327 1.442174
v 1.229895 1.306638 1.402425
v 1.183351 1.306638 1.441916
v 1.216890 1.317327 1.482784
v 1.311264 1.317327 1.400020
v 1.356370 1.317327 1.356368
v 1.275123 1.306638 1.361434
v 1.318986 1.306638 1.318985
v 1.354230 1.385644 1.544201
v 1.323102 1.353915 1.508707
v 1.302980 1.385644 1.587685
v 1.273030 1.353916 1.551191
v 1.404031 1.385644 1.499066
v 1.371758 1.353915 1.464609
v 1.452328 1.385644 1.452326
v 1.398965 1.453676 1.595212
v 1.419829 1.501014 1.619003
v 1.450411 1.453676 1.548586
v 1.500304 1.453676 1.500302
v 1.472042 1.501014 1.571681
v 1.346022 1.453676 1.640132
v 1.366096 1.501014 1.664593
v 1.443912 1.589836 1.646465
v 1.497011 1.589836 1.598340
v 1.548507 1.589836 1.548505
v 1.451258 1.645743 1.654841
v 1.504628 1.645743 1.606472
v 1.556385 1.645743 1.556383
v 1.389268 1.589836 1.692828
v 1.396336 1.645743 1.701441
v 1.646466 1.797657 1.443911
v 1.654843 1.741749 1.451257
v 1.606473 1.741749 1.504626
v 1.598341 1.797657 1.497010
v 1.692830 1.797656 1.389267
v 1.737379 1.797656 1.333137
v 1.701442 1.741749 1.396335
v 1.746218 1.741749 1.339920
v 1.595214 1.933816 1.398964
v 1.619004 1.886479 1.419827
v 1.548587 1.933816 1.450410
v 1.571683 1.886479 1.472041
v 1.640134 1.933816 1.346021
v 1.664594 1.886479 1.366095
v 1.683297 1.933816 1.291638
v 1.544203 2.001849 1.354228
v 1.508708 2.033577 1.323100
v 1.587686 2.001849 1.302979
v 1.629469 2.001849 1.250335
v 1.551192 2.033577 1.273028
v 1.499067 2.001849 1.404029
v 1.464610 2.033577 1.371756
v 1.184421 2.001849 1.038709
v 1.219916 2.033577 1.069837
v 1.149802 2.001849 1.076906
v 1.184260 2.033577 1.109179
v 1.217773 2.001849 0.999400
v 1.254267 2.033577 1.029350
v 1.249821 2.001849 0.959021
v 1.133410 1.933816 0.993973
v 1.109619 1.886479 0.973109
v 1.165325 1.933816 0.956358
v 1.195994 1.933816 0.917718
v 1.140865 1.886479 0.936284
v 1.100282 1.933816 1.030525
v 1.077187 1.886479 1.008894
v 1.082158 1.797656 0.949026
v 1.112630 1.797656 0.913112
v 1.141911 1.797656 0.876219
v 1.073781 1.741749 0.941680
v 1.104017 1.741749 0.906044
v 1.133072 1.741749 0.869436
v 1.050528 1.797656 0.983925
v 1.042396 1.741749 0.976309
v 1.082158 1.589836 0.949026
v 1.073781 1.645743 0.941680
v 1.042396 1.645743 0.976309
v 1.050528 1.589836 0.983925
v 1.112630 1.589836 0.913112
v 1.141911 1.589836 0.876219
v 1.104017 1.645743 0.906044
v 1.133072 1.645743 0.869436
v 1.133410 1.453676 0.993973
v 1.109619 1.501014 0.973109
v 1.100283 1.453676 1.030525
v 1.077187 1.501014 1.008894
v 1.165325 1.453676 0.956358
v 1.140865 1.501014 0.936284
v 1.195994 1.453676 0.917718
v 1.184421 1.385644 1.038709
v 1.219916 1.353915 1.069837
v 1.217773 1.385644 0.999400
v 1.249821 1.385644 0.959021
v 1.254267 1.353915 1.029350
v 1.149802 1.385644 1.076906
v 1.184260 1.353916 1.109179
v 1.286449 1.317327 1.128185
v 1.322674 1.317327 1.085490
v 1.357483 1.317327 1.041633
v 1.326152 1.306646 1.163003
v 1.364288 1.303230 1.196448
v 1.363495 1.306646 1.118991
v 1.399378 1.306646 1.073780
v 1.402705 1.303229 1.151169
v 1.248848 1.317327 1.169673
v 1.287390 1.306646 1.205772
v 1.324412 1.303230 1.240446
v 1.442175 1.317327 1.264752
v 1.402427 1.306638 1.229894
v 1.361435 1.306638 1.275122
v 1.400022 1.317327 1.311262
v 1.482785 1.317327 1.216889
v 1.521807 1.317327 1.167723
v 1.441917 1.306638 1.183350
v 1.479864 1.306638 1.135539
v 1.544203 1.385644 1.354228
v 1.508708 1.353915 1.323100
v 1.499067 1.385644 1.404029
v 1.464610 1.353915 1.371756
v 1.587686 1.385644 1.302979
v 1.551192 1.353915 1.273028
v 1.629469 1.385644 1.250335
v 1.595214 1.453676 1.398964
v 1.619005 1.501014 1.419828
v 1.640134 1.453676 1.346021
v 1.683297 1.453676 1.291638
v 1.664594 1.501014 1.366095
v 1.548587 1.453676 1.450410
v 1.571683 1.501014 1.472041
v 1.646466 1.589836 1.443911
v 1.692829 1.589836 1.389267
v 1.737379 1.589836 1.333137
v 1.654843 1.645743 1.451257
v 1.701442 1.645743 1.396335
v 1.746218 1.645743 1.339920
v 1.598341 1.589836 1.497010
v 1.606473 1.645743 1.504626
v 1.820848 1.797656 1.216651
v 1.830112 1.741749 1.222841
v 1.789122 1.741749 1.282067
v 1.780066 1.797656 1.275578
v 1.859682 1.797657 1.156423
v 1.896525 1.797657 1.094959
v 1.869144 1.741750 1.162307
v 1.906174 1.741750 1.100529
v 1.764168 1.933816 1.178779
v 1.790478 1.886479 1.196359
v 1.724655 1.933816 1.235870
v 1.750376 1.886479 1.254302
v 1.801793 1.933816 1.120425
v 1.828664 1.886479 1.137135
v 1.837488 1.933816 1.060874
v 1.707754 2.001849 1.141084
v 1.668500 2.033577 1.114856
v 1.744176 2.001849 1.084597
v 1.778730 2.001849 1.026950
v 1.704085 2.033577 1.059667
v 1.669505 2.001849 1.196350
v 1.631130 2.033577 1.168851
v 1.309867 2.001849 0.875225
v 1.349121 2.033577 0.901454
v 1.280530 2.001849 0.917614
v 1.318905 2.033577 0.945113
v 1.337803 2.001849 0.831899
v 1.377894 2.033577 0.856830
v 1.364306 2.001849 0.787682
v 1.253453 1.933816 0.837530
v 1.227143 1.886479 0.819950
v 1.280186 1.933816 0.796071
v 1.305548 1.933816 0.753758
v 1.253314 1.886479 0.779361
v 1.225380 1.933816 0.878094
v 1.199659 1.886479 0.859662
v 1.196772 1.797656 0.799658
v 1.222296 1.797656 0.760073
v 1.246511 1.797656 0.719674
v 1.187509 1.741749 0.793468
v 1.212834 1.741749 0.754190
v 1.236863 1.741749 0.714103
v 1.169968 1.797656 0.838386
v 1.160912 1.741749 0.831897
v 1.196772 1.589836 0.799658
v 1.187509 1.645743 0.793468
v 1.160912 1.645743 0.831897
v 1.169968 1.589836 0.838386
v 1.222296 1.589836 0.760073
v 1.246511 1.589836 0.719674
v 1.212834 1.645743 0.754189
v 1.236863 1.645743 0.714103
v 1.253453 1.453676 0.837530
v 1.227143 1.501014 0.819950
v 1.225380 1.453676 0.878093
v 1.199659 1.501014 0.859662
v 1.280186 1.453676 0.796071
v 1.253314 1.501014 0.779361
v 1.305548 1.453676 0.753758
v 1.309867 1.385644 0.875225
v 1.349121 1.353915 0.901453
v 1.337803 1.385644 0.831899
v 1.364306 1.385644 0.787682
v 1.377894 1.353915 0.856830
v 1.280530 1.385644 0.917614
v 1.318905 1.353915 0.945113
v 1.422701 1.317327 0.950618
v 1.453043 1.317327 0.903560
v 1.481830 1.317327 0.855535
v 1.466609 1.306646 0.979956
v 1.508784 1.303230 1.008137
v 1.497887 1.306646 0.931446
v 1.527562 1.306646 0.881938
v 1.540962 1.303230 0.958231
v 1.390837 1.317327 0.996659
v 1.433761 1.306646 1.027418
v 1.474992 1.303229 1.056964
v 1.594920 1.317327 1.065691
v 1.550962 1.306638 1.036319
v 1.516224 1.306638 1.086511
v 1.559198 1.317327 1.117305
v 1.628935 1.317327 1.012936
v 1.661206 1.317327 0.959098
v 1.584039 1.306638 0.985018
v 1.615421 1.306638 0.932664
v 1.707754 1.385644 1.141084
v 1.668500 1.353916 1.114855
v 1.669505 1.385644 1.196350
v 1.631130 1.353916 1.168851
v 1.744176 1.385644 1.084597
v 1.704085 1.353915 1.059667
v 1.778730 1.385644 1.026950
v 1.764168 1.453676 1.178779
v 1.790478 1.501013 1.196359
v 1.801793 1.453676 1.120425
v 1.837488 1.453676 1.060874
v 1.828664 1.501014 1.137136
v 1.724655 1.453676 1.235871
v 1.750376 1.501013 1.254302
v 1.820848 1.589836 1.216651
v 1.859682 1.589836 1.156423
v 1.896525 1.589836 1.094959
v 1.830112 1.645743 1.222842
v 1.869144 1.645743 1.162307
v 1.906174 1.645743 1.100530
v 1.780066 1.589836 1.275578
v 1.789122 1.645743 1.282067
v 1.964076 1.797656 0.968574
v 1.974068 1.741749 0.973502
v 1.941159 1.741749 1.037572
v 1.931334 1.797657 1.032320
v 1.994716 1.797656 0.903793
v 2.023221 1.797656 0.838045
v 2.004865 1.741749 0.908391
v 2.033514 1.741749 0.842308
v 1.902936 1.933816 0.938424
v 1.931316 1.886479 0.952419
v 1.871214 1.933816 1.000185
v 1.899121 1.886479 1.015101
v 1.932623 1.933816 0.875659
v 1.961446 1.886479 0.888718
v 1.960240 1.933816 0.811957
v 1.842085 2.001849 0.908416
v 1.799743 2.033577 0.887535
v 1.870822 2.001849 0.847658
v 1.897557 2.001849 0.785993
v 1.827820 2.033577 0.828173
v 1.811377 2.001849 0.968201
v 1.769741 2.033577 0.945947
v 1.412901 2.001849 0.696765
v 1.455242 2.033577 0.717646
v 1.389347 2.001849 0.742621
v 1.430983 2.033577 0.764876
v 1.434942 2.001849 0.650164
v 1.477944 2.033577 0.669648
v 1.455448 2.001849 0.602866
v 1.352050 1.933816 0.666757
v 1.323670 1.886479 0.652761
v 1.373142 1.933816 0.622163
v 1.392764 1.933816 0.576901
v 1.344319 1.886479 0.609103
v 1.329511 1.933816 0.710637
v 1.301604 1.886479 0.695721
v 1.290910 1.797656 0.636606
v 1.311048 1.797656 0.594029
v 1.329784 1.797656 0.550814
v 1.280918 1.741749 0.631678
v 1.300900 1.741749 0.589431
v 1.319490 1.741749 0.546550
v 1.269391 1.797656 0.678502
v 1.259565 1.741749 0.673250
v 1.290910 1.589836 0.636606
v 1.280918 1.645743 0.631679
v 1.259565 1.645743 0.673250
v 1.269391 1.589836 0.678502
v 1.311048 1.589836 0.594029
v 1.329784 1.589836 0.550814
v 1.300900 1.645743 0.589431
v 1.319490 1.645743 0.546550
v 1.352049 1.453676 0.666757
v 1.323669 1.501014 0.652761
v 1.329511 1.453676 0.710637
v 1.301604 1.501014 0.695721
v 1.373141 1.453676 0.622163
v 1.344319 1.501014 0.609103
v 1.392764 1.453676 0.576901
v 1.412900 1.385644 0.696765
v 1.455242 1.353916 0.717646
v 1.434942 1.385644 0.650164
v 1.455448 1.385644 0.602866
v 1.477944 1.353916 0.669648
v 1.389347 1.385644 0.742621
v 1.430983 1.353915 0.764876
v 1.534610 1.317327 0.756786
v 1.558551 1.317327 0.706170
v 1.580822 1.317327 0.654798
v 1.581972 1.306646 0.780142
v 1.627465 1.303230 0.802576
v 1.606651 1.306646 0.727964
v 1.629610 1.306646 0.675006
v 1.652853 1.303230 0.748898
v 1.509028 1.317327 0.806592
v 1.555600 1.306646 0.831485
v 1.600334 1.303230 0.855396
v 1.720376 1.317327 0.848395
v 1.672960 1.306638 0.825012
v 1.645071 1.306638 0.879309
v 1.691696 1.317327 0.904230
v 1.747214 1.317327 0.791652
v 1.772182 1.317327 0.734061
v 1.699058 1.306638 0.769833
v 1.723338 1.306638 0.713829
v 1.842085 1.385644 0.908416
v 1.799743 1.353915 0.887535
v 1.811377 1.385644 0.968201
v 1.769741 1.353915 0.945947
v 1.870823 1.385644 0.847658
v 1.827820 1.353915 0.828173
v 1.897557 1.385644 0.785993
v 1.902936 1.453676 0.938424
v 1.931316 1.501013 0.952419
v 1.932623 1.453676 0.875659
v 1.960240 1.453676 0.811957
v 1.961446 1.501013 0.888718
v 1.871214 1.453676 1.000185
v 1.899121 1.501014 1.015102
v 1.964076 1.589836 0.968574
v 1.994716 1.589836 0.903793
v 2.023221 1.589836 0.838045
v 1.974068 1.645743 0.973502
v 2.004865 1.645743 0.908391
v 2.033514 1.645743 0.842308
v 1.931333 1.589836 1.032320
v 1.941159 1.645743 1.037572
v 2.073697 1.797656 0.703924
v 2.084248 1.741749 0.707506
v 2.059983 1.741749 0.775323
v 2.049556 1.797656 0.771398
v 2.095620 1.797657 0.635697
v 2.115299 1.797656 0.566792
v 2.106282 1.741750 0.638932
v 2.126060 1.741749 0.569675
v 2.009145 1.933816 0.682012
v 2.039110 1.886479 0.692184
v 1.985756 1.933816 0.747386
v 2.015371 1.886479 0.758532
v 2.030386 1.933816 0.615909
v 2.060667 1.886479 0.625095
v 2.049452 1.933816 0.549148
v 1.944898 2.001849 0.660203
v 1.900193 2.033577 0.645028
v 1.965459 2.001849 0.596214
v 1.983916 2.001849 0.531588
v 1.920281 2.033577 0.582510
v 1.922256 2.001849 0.723486
v 1.878072 2.033577 0.706856
v 1.491759 2.001849 0.506383
v 1.536464 2.033577 0.521559
v 1.474393 2.001849 0.554921
v 1.518577 2.033577 0.571551
v 1.507529 2.001849 0.457304
v 1.552707 2.033577 0.471008
v 1.521686 2.001849 0.407734
v 1.427512 1.933816 0.484574
v 1.397548 1.886479 0.474403
v 1.442603 1.933816 0.437609
v 1.456150 1.933816 0.390174
v 1.412322 1.886479 0.428423
v 1.410893 1.933816 0.531022
v 1.381278 1.886479 0.519875
v 1.362960 1.797657 0.462662
v 1.377369 1.797656 0.417820
v 1.390303 1.797656 0.372530
v 1.352410 1.741750 0.459081
v 1.366707 1.741749 0.414586
v 1.379541 1.741749 0.369646
v 1.347093 1.797657 0.507009
v 1.336666 1.741749 0.503084
v 1.362960 1.589836 0.462662
v 1.352410 1.645743 0.459081
v 1.336666 1.645743 0.503084
v 1.347093 1.589836 0.507009
v 1.377369 1.589836 0.417820
v 1.390303 1.589836 0.372530
v 1.366707 1.645743 0.414586
v 1.379541 1.645743 0.369646
v 1.427512 1.453676 0.484574
v 1.397547 1.501014 0.474403
v 1.410893 1.453676 0.531022
v 1.381278 1.501014 0.519875
v 1.442603 1.453676 0.437609
v 1.412322 1.501014 0.428423
v 1.456150 1.453676 0.390173
v 1.491759 1.385644 0.506383
v 1.536464 1.353915 0.521559
v 1.507529 1.385644 0.457304
v 1.521686 1.385644 0.407734
v 1.552707 1.353916 0.471008
v 1.474393 1.385644 0.554921
v 1.518577 1.353916 0.571551
v 1.620262 1.317327 0.550004
v 1.637391 1.317327 0.496696
v 1.652767 1.317327 0.442857
v 1.670267 1.306646 0.566979
v 1.718299 1.303230 0.583283
v 1.687924 1.306646 0.512026
v 1.703775 1.306646 0.456524
v 1.736464 1.303230 0.526750
v 1.601399 1.317327 0.602723
v 1.650822 1.306646 0.621325
v 1.698295 1.303230 0.639192
v 1.816395 1.317327 0.616582
v 1.766333 1.306638 0.599589
v 1.745770 1.306638 0.657061
v 1.795250 1.317327 0.675684
v 1.835598 1.317327 0.556822
v 1.852835 1.317327 0.496465
v 1.785006 1.306638 0.541475
v 1.801768 1.306638 0.482782
v 1.944898 1.385644 0.660203
v 1.900193 1.353915 0.645028
v 1.922256 1.385644 0.723486
v 1.878072 1.353915 0.706856
v 1.965459 1.385644 0.596214
v 1.920281 1.353915 0.582510
v 1.983916 1.385644 0.531588
v 2.009145 1.453676 0.682012
v 2.039110 1.501013 0.692184
v 2.030386 1.453676 0.615909
v 2.049452 1.453676 0.549148
v 2.060667 1.501013 0.625095
v 1.985756 1.453676 0.747386
v 2.015371 1.501013 0.758532
v 2.073697 1.589836 0.703925
v 2.095620 1.589836 0.635698
v 2.115299 1.589836 0.566792
v 2.084248 1.645743 0.707506
v 2.106282 1.645743 0.638932
v 2.126060 1.645743 0.569675
v 2.049556 1.589836 0.771398
v 2.059983 1.645743 0.775323
v 2.147837 1.797656 0.427231
v 2.158764 1.741749 0.429404
v 2.143560 1.741749 0.499808
v 2.132709 1.797656 0.497278
v 2.160667 1.797657 0.356726
v 2.171183 1.797656 0.285841
v 2.171659 1.741749 0.358541
v 2.182229 1.741749 0.287295
v 2.080977 1.933816 0.413931
v 2.112013 1.886479 0.420105
v 2.066321 1.933816 0.481798
v 2.097138 1.886479 0.488984
v 2.093408 1.933816 0.345622
v 2.124629 1.886479 0.350776
v 2.103597 1.933816 0.276943
v 2.014433 2.001849 0.400695
v 1.968129 2.033577 0.391485
v 2.026466 2.001849 0.334570
v 2.036329 2.001849 0.268087
v 1.979886 2.033577 0.326879
v 2.000245 2.001849 0.466391
v 1.954268 2.033577 0.455671
v 1.545093 2.001849 0.307338
v 1.591397 2.033577 0.316548
v 1.534211 2.001849 0.357727
v 1.580188 2.033577 0.368447
v 1.554322 2.001849 0.256620
v 1.600903 2.033577 0.264310
v 1.561888 2.001849 0.205626
v 1.478549 1.933816 0.294101
v 1.447514 1.886479 0.287928
v 1.487380 1.933816 0.245568
v 1.494620 1.933816 0.196770
v 1.456160 1.886479 0.240413
v 1.468135 1.933816 0.342320
v 1.437318 1.886479 0.335135
v 1.411689 1.797656 0.280802
v 1.420122 1.797656 0.234463
v 1.427034 1.797656 0.187872
v 1.400762 1.741749 0.278628
v 1.409129 1.741749 0.232648
v 1.415987 1.741749 0.186418
v 1.401747 1.797656 0.326840
v 1.390896 1.741749 0.324310
v 1.411689 1.589836 0.280802
v 1.400762 1.645743 0.278628
v 1.390896 1.645743 0.324310
v 1.401747 1.589836 0.326840
v 1.420122 1.589836 0.234463
v 1.427034 1.589836 0.187872
v 1.409129 1.645743 0.232648
v 1.415987 1.645743 0.186418
v 1.478549 1.453676 0.294101
v 1.447514 1.501013 0.287928
v 1.468135 1.453676 0.342320
v 1.437318 1.501013 0.335135
v 1.487380 1.453676 0.245568
v 1.456160 1.501014 0.240413
v 1.494620 1.453676 0.196770
v 1.545093 1.385644 0.307338
v 1.591397 1.353915 0.316548
v 1.554322 1.385644 0.256620
v 1.561888 1.385644 0.205626
v 1.600902 1.353915 0.264310
v 1.534211 1.385644 0.357727
v 1.580189 1.353915 0.368447
v 1.678190 1.317327 0.333812
v 1.688214 1.317327 0.278725
v 1.696432 1.317327 0.223339
v 1.729983 1.306646 0.344114
v 1.779732 1.303230 0.354010
v 1.740317 1.306646 0.287327
v 1.748787 1.306646 0.230232
v 1.790363 1.303230 0.295590
v 1.666371 1.317327 0.388542
v 1.717798 1.306646 0.400534
v 1.767197 1.303230 0.412052
v 1.881336 1.317327 0.374220
v 1.829484 1.306638 0.363906
v 1.816599 1.306638 0.423571
v 1.868086 1.317327 0.435576
v 1.892574 1.317327 0.312464
v 1.901785 1.317327 0.250374
v 1.840412 1.306638 0.303852
v 1.849370 1.306638 0.243474
v 2.014433 1.385644 0.400695
v 1.968130 1.353915 0.391485
v 2.000245 1.385644 0.466391
v 1.954268 1.353915 0.455671
v 2.026466 1.385644 0.334570
v 1.979886 1.353915 0.326879
v 2.036329 1.385644 0.268087
v 2.080977 1.453676 0.413931
v 2.112013 1.501014 0.420105
v 2.093408 1.453676 0.345622
v 2.103597 1.453676 0.276943
v 2.124629 1.501014 0.350776
v 2.066321 1.453676 0.481798
v 2.097137 1.501014 0.488984
v 2.147837 1.589836 0.427231
v 2.160667 1.589836 0.356726
v 2.171183 1.589836 0.285841
v 2.158764 1.645743 0.429404
v 2.171659 1.645743 0.358541
v 2.182229 1.645743 0.287295
v 2.132709 1.589836 0.497278
v 2.143560 1.645743 0.499808
v 2.185226 1.797657 0.143227
v 2.196344 1.741749 0.143956
v 2.190459 1.741749 0.215742
v 2.179371 1.797656 0.214650
v 2.188744 1.797656 0.071651
v 2.189918 1.797656 -0.000001
v 2.199879 1.741749 0.072015
v 2.201059 1.741749 -0.000001
v 2.117203 1.933816 0.138768
v 2.148779 1.886479 0.140838
v 2.111530 1.933816 0.207968
v 2.143021 1.886479 0.211069
v 2.120611 1.933816 0.069420
v 2.152237 1.886479 0.070456
v 2.121749 1.933816 -0.000001
v 2.049500 2.001849 0.134331
v 2.002391 2.033577 0.131243
v 2.052799 2.001849 0.067201
v 2.053900 2.001849 -0.000001
v 2.005614 2.033577 0.065656
v 2.044009 2.001849 0.201317
v 1.997025 2.033577 0.196690
v 1.571990 2.001849 0.103033
v 1.619100 2.033577 0.106121
v 1.567778 2.001849 0.154412
v 1.614761 2.033577 0.159039
v 1.574521 2.001849 0.051544
v 1.621706 2.033577 0.053089
v 1.575365 2.001849 -0.000000
v 1.504287 1.933816 0.098596
v 1.472712 1.886479 0.096526
v 1.506709 1.933816 0.049325
v 1.507517 1.933816 -0.000000
v 1.475082 1.886479 0.048289
v 1.500257 1.933816 0.147761
v 1.468766 1.886479 0.144660
v 1.436264 1.797656 0.094137
v 1.438576 1.797656 0.047094
v 1.439348 1.797656 -0.000000
v 1.425146 1.741749 0.093409
v 1.427440 1.741749 0.046730
v 1.428206 1.741749 -0.000000
v 1.432416 1.797656 0.141080
v 1.421328 1.741749 0.139987
v 1.436264 1.589836 0.094137
v 1.425146 1.645743 0.093409
v 1.421328 1.645743 0.139987
v 1.432416 1.589836 0.141080
v 1.438576 1.589836 0.047094
v 1.439348 1.589836 -0.000000
v 1.427440 1.645743 0.046730
v 1.428206 1.645743 -0.000000
v 1.504288 1.453676 0.098596
v 1.472712 1.501014 0.096526
v 1.500257 1.453676 0.147762
v 1.468766 1.501014 0.144660
v 1.506709 1.453676 0.049325
v 1.475082 1.501014 0.048289
v 1.507517 1.453676 -0.000000
v 1.571990 1.385644 0.103033
v 1.619100 1.353915 0.106121
v 1.574521 1.385644 0.051544
v 1.575365 1.385644 -0.000000
v 1.621706 1.353915 0.053089
v 1.567778 1.385644 0.154412
v 1.614761 1.353915 0.159039
v 1.707404 1.317327 0.111909
v 1.710153 1.317327 0.055984
v 1.711070 1.317327 -0.000000
v 1.760099 1.306646 0.115363
v 1.810714 1.303230 0.118680
v 1.762931 1.306646 0.057712
v 1.763877 1.306646 -0.000000
v 1.813628 1.303230 0.059372
v 1.702829 1.317327 0.167714
v 1.755382 1.306646 0.172890
v 1.805862 1.303230 0.177862
v 1.914086 1.317327 0.125455
v 1.861332 1.306638 0.121998
v 1.856344 1.306638 0.182834
v 1.908957 1.317327 0.188016
v 1.917167 1.317327 0.062761
v 1.918196 1.317327 -0.000001
v 1.864328 1.306638 0.061031
v 1.865328 1.306638 -0.000000
v 2.049500 1.385644 0.134331
v 2.002391 1.353915 0.131243
v 2.044009 1.385644 0.201317
v 1.997025 1.353915 0.196690
v 2.052799 1.385644 0.067201
v 2.005614 1.353915 0.065656
v 2.053900 1.385644 -0.000001
v 2.117203 1.453676 0.138768
v 2.148779 1.501014 0.140838
v 2.120611 1.453676 0.069420
v 2.121749 1.453676 -0.000001
v 2.152238 1.501014 0.070456
v 2.111530 1.453676 0.207968
v 2.143021 1.501013 0.211069
v 2.185226 1.589836 0.143227
v 2.188744 1.589836 0.071651
v 2.189918 1.589836 -0.000001
v 2.196344 1.645743 0.143956
v 2.199879 1.645743 0.072015
v 2.201059 1.645743 -0.000001
v 2.179371 1.589836 0.214650
v 2.190459 1.645743 0.215742
v 2.185226 1.797657 -0.143228
v 2.196344 1.741749 -0.143957
v 2.199879 1.741749 -0.072016
v 2.188744 1.797656 -0.071652
v 2.179371 1.797656 -0.214651
v 2.171183 1.797656 -0.285843
v 2.190459 1.741749 -0.215743
v 2.182229 1.741749 -0.287297
v 2.117203 1.933816 -0.138770
v 2.148779 1.886479 -0.140839
v 2.120611 1.933816 -0.069422
v 2.152237 1.886479 -0.070457
v 2.111530 1.933816 -0.207969
v 2.143021 1.886479 -0.211071
v 2.103597 1.933816 -0.276945
v 2.049500 2.001849 -0.134332
v 2.002391 2.033577 -0.131244
v 2.044008 2.001849 -0.201319
v 2.036329 2.001849 -0.268089
v 1.997025 2.033577 -0.196691
v 2.052799 2.001849 -0.067202
v 2.005614 2.033577 -0.065657
v 1.571990 2.001849 -0.103034
v 1.619100 2.033577 -0.106122
v 1.574521 2.001849 -0.051545
v 1.621706 2.033577 -0.053090
v 1.567778 2.001849 -0.154413
v 1.614761 2.033577 -0.159040
v 1.561887 2.001849 -0.205627
v 1.504287 1.933816 -0.098597
v 1.472712 1.886479 -0.096527
v 1.500257 1.933816 -0.147762
v 1.494620 1.933816 -0.196771
v 1.468766 1.886479 -0.144661
v 1.506709 1.933816 -0.049326
v 1.475082 1.886479 -0.048290
v 1.436264 1.797657 -0.094138
v 1.432416 1.797657 -0.141080
v 1.427034 1.797656 -0.187873
v 1.425146 1.741749 -0.093410
v 1.421328 1.741749 -0.139988
v 1.415987 1.741749 -0.186419
v 1.438576 1.797656 -0.047095
v 1.427440 1.741749 -0.046731
v 1.436264 1.589836 -0.094138
v 1.425146 1.645743 -0.093410
v 1.427440 1.645743 -0.046731
v 1.438576 1.589836 -0.047095
v 1.432416 1.589836 -0.141080
v 1.427034 1.589836 -0.187873
v 1.421328 1.645743 -0.139988
v 1.415987 1.645743 -0.186419
v 1.504288 1.453676 -0.098597
v 1.472712 1.501014 -0.096527
v 1.506709 1.453676 -0.049326
v 1.475082 1.501014 -0.048290
v 1.500257 1.453676 -0.147762
v 1.468766 1.501014 -0.144661
v 1.494620 1.453676 -0.196771
v 1.571990 1.385644 -0.103034
v 1.619100 1.353915 -0.106122
v 1.567778 1.385644 -0.154413
v 1.561888 1.385644 -0.205627
v 1.614761 1.353915 -0.159040
v 1.574521 1.385644 -0.051545
v 1.621706 1.353915 -0.053090
v 1.707404 1.317327 -0.111910
v 1.702829 1.317327 -0.167715
v 1.696431 1.317327 -0.223340
v 1.760099 1.306646 -0.115364
v 1.810714 1.303230 -0.118681
v 1.755382 1.306646 -0.172891
v 1.748787 1.306646 -0.230233
v 1.805862 1.303230 -0.177863
v 1.710153 1.317327 -0.055985
v 1.762932 1.306646 -0.057713
v 1.813628 1.303229 -0.059373
v 1.914086 1.317327 -0.125456
v 1.861332 1.306638 -0.121999
v 1.864328 1.306638 -0.061032
v 1.917167 1.317327 -0.062762
v 1.908957 1.317327 -0.188017
v 1.901785 1.317327 -0.250375
v 1.856344 1.306638 -0.182835
v 1.849369 1.306638 -0.243475
v 2.049501 1.385644 -0.134332
v 2.002391 1.353916 -0.131244
v 2.052799 1.385644 -0.067202
v 2.005614 1.353916 -0.065657
v 2.044008 1.385644 -0.201319
v 1.997025 1.353916 -0.196691
v 2.036329 1.385644 -0.268089
v 2.117203 1.453676 -0.138770
v 2.148779 1.501013 -0.140839
v 2.111530 1.453676 -0.207969
v 2.103597 1.453676 -0.276945
v 2.143021 1.501013 -0.211071
v 2.120611 1.453676 -0.069422
v 2.152238 1.501013 -0.070457
v 2.185226 1.589836 -0.143228
v 2.179371 1.589836 -0.214651
v 2.171183 1.589836 -0.285843
v 2.196344 1.645743 -0.143957
v 2.190459 1.645743 -0.215743
v 2.182229 1.645743 -0.287297
v 2.188744 1.589836 -0.071652
v 2.199879 1.645743 -0.072016
v 2.147837 1.797656 -0.427232
v 2.158764 1.741749 -0.429406
v 2.171659 1.741749 -0.358542
v 2.160666 1.797657 -0.356727
v 2.132709 1.797656 -0.497279
v 2.115299 1.797656 -0.566793
v 2.143559 1.741749 -0.499809
v 2.126060 1.741749 -0.569677
v 2.080977 1.933816 -0.413933
v 2.112013 1.886479 -0.420106
v 2.093408 1.933816 -0.345623
v 2.124628 1.886479 -0.350778
v 2.066321 1.933816 -0.481800
v 2.097137 1.886479 -0.488985
v 2.049452 1.933816 -0.549149
v 2.014433 2.001849 -0.400696
v 1.968129 2.033577 -0.391486
v 2.000245 2.001849 -0.466393
v 1.983915 2.001849 -0.531589
v 1.954268 2.033577 -0.455672
v 2.026466 2.001849 -0.334571
v 1.979885 2.033577 -0.326881
v 1.545093 2.001849 -0.307339
v 1.591397 2.033577 -0.316549
v 1.554322 2.001849 -0.256621
v 1.600902 2.033577 -0.264311
v 1.534211 2.001849 -0.357728
v 1.580188 2.033577 -0.368448
v 1.521686 2.001849 -0.407735
v 1.478549 1.933816 -0.294102
v 1.447513 1.886479 -0.287929
v 1.468135 1.933816 -0.342321
v 1.456149 1.933816 -0.390174
v 1.437318 1.886479 -0.335135
v 1.487380 1.933816 -0.245569
v 1.456160 1.886479 -0.240414
v 1.411689 1.797656 -0.280803
v 1.401746 1.797656 -0.326841
v 1.390303 1.797656 -0.372531
v 1.400762 1.741749 -0.278629
v 1.390896 1.741749 -0.324311
v 1.379541 1.741749 -0.369647
v 1.420121 1.797656 -0.234464
v 1.409129 1.741749 -0.232649
v 1.411689 1.589836 -0.280803
v 1.400762 1.645743 -0.278629
v 1.409129 1.645743 -0.232649
v 1.420121 1.589836 -0.234464
v 1.401747 1.589836 -0.326841
v 1.390303 1.589836 -0.372531
v 1.390896 1.645743 -0.324311
v 1.379541 1.645743 -0.369647
v 1.478549 1.453676 -0.294102
v 1.447513 1.501013 -0.287929
v 1.487380 1.453676 -0.245569
v 1.456159 1.501014 -0.240414
v 1.468135 1.453676 -0.342321
v 1.437318 1.501013 -0.335135
v 1.456149 1.453676 -0.390174
v 1.545093 1.385644 -0.307339
v 1.591397 1.353915 -0.316549
v 1.534211 1.385644 -0.357728
v 1.521686 1.385644 -0.407735
v 1.580188 1.353916 -0.368448
v 1.554322 1.385644 -0.256621
v 1.600902 1.353916 -0.264311
v 1.678190 1.317327 -0.333813
v 1.666370 1.317327 -0.388543
v 1.652766 1.317327 -0.442858
v 1.729983 1.306646 -0.344115
v 1.779732 1.303229 -0.354011
v 1.717798 1.306646 -0.400535
v 1.703774 1.306646 -0.456525
v 1.767197 1.303230 -0.412053
v 1.688214 1.317327 -0.278726
v 1.740316 1.306646 -0.287328
v 1.790363 1.303230 -0.295591
v 1.881336 1.317327 -0.374222
v 1.829484 1.306638 -0.363908
v 1.840412 1.306638 -0.303854
v 1.892574 1.317327 -0.312466
v 1.868085 1.317327 -0.435577
v 1.852835 1.317327 -0.496466
v 1.816598 1.306638 -0.423572
v 1.801768 1.306638 -0.482783
v 2.014433 1.385644 -0.400696
v 1.968129 1.353915 -0.391486
v 2.026465 1.385644 -0.334571
v 1.979885 1.353915 -0.326881
v 2.000245 1.385644 -0.466393
v 1.954267 1.353915 -0.455672
v 1.983915 1.385644 -0.531589
v 2.080977 1.453676 -0.413933
v 2.112013 1.501014 -0.420106
v 2.066321 1.453676 -0.481800
v 2.049452 1.453676 -0.549149
v 2.097137 1.501014 -0.488985
v 2.093408 1.453676 -0.345623
v 2.124628 1.501014 -0.350778
v 2.147837 1.589836 -0.427232
v 2.132709 1.589836 -0.497279
v 2.115299 1.589836 -0.566793
v 2.158764 1.645743 -0.429406
v 2.143559 1.645743 -0.499809
v 2.126060 1.645743 -0.569677
v 2.160666 1.589836 -0.356727
v 2.171659 1.645743 -0.358542
v 2.073697 1.797656 -0.703925
v 2.084247 1.741749 -0.707507
v 2.106282 1.741749 -0.638933
v 2.095620 1.797656 -0.635699
v 2.049556 1.797657 -0.771399
v 2.023221 1.797656 -0.838045
v 2.059983 1.741749 -0.775324
v 2.033514 1.741749 -0.842309
v 2.009145 1.933816 -0.682013
v 2.039109 1.886479 -0.692184
v 2.030386 1.933816 -0.615910
v 2.060667 1.886479 -0.625096
v 1.985756 1.933816 -0.747386
v 2.015371 1.886479 -0.758533
v 1.960240 1.933816 -0.811958
v 1.944898 2.001849 -0.660204
v 1.900193 2.033577 -0.645029
v 1.922256 2.001849 -0.723486
v 1.897556 2.001849 -0.785994
v 1.878071 2.033577 -0.706856
v 1.965459 2.001849 -0.596215
v 1.920281 2.033577 -0.582511
v 1.491759 2.001849 -0.506384
v 1.536464 2.033577 -0.521559
v 1.507529 2.001849 -0.457305
v 1.552707 2.033577 -0.471009
v 1.474393 2.001849 -0.554922
v 1.518577 2.033577 -0.571552
v 1.455447 2.001849 -0.602866
v 1.427512 1.933816 -0.484575
v 1.397548 1.886479 -0.474404
v 1.410893 1.933816 -0.531022
v 1.392764 1.933816 -0.576902
v 1.381278 1.886479 -0.519876
v 1.442603 1.933816 -0.437609
v 1.412322 1.886479 -0.428424
v 1.362960 1.797656 -0.462663
v 1.347093 1.797656 -0.507009
v 1.329784 1.797657 -0.550814
v 1.352409 1.741749 -0.459081
v 1.336666 1.741749 -0.503085
v 1.319490 1.741749 -0.546551
v 1.377369 1.797656 -0.417821
v 1.366706 1.741749 -0.414587
v 1.362960 1.589836 -0.462663
v 1.352410 1.645743 -0.459081
v 1.366707 1.645743 -0.414587
v 1.377369 1.589836 -0.417821
v 1.347093 1.589836 -0.507009
v 1.329784 1.589836 -0.550814
v 1.336666 1.645743 -0.503085
v 1.319490 1.645743 -0.546551
v 1.427512 1.453676 -0.484575
v 1.397548 1.501014 -0.474404
v 1.442603 1.453676 -0.437610
v 1.412322 1.501013 -0.428424
v 1.410893 1.453676 -0.531022
v 1.381278 1.501014 -0.519876
v 1.392764 1.453676 -0.576902
v 1.491759 1.385644 -0.506384
v 1.536464 1.353915 -0.521559
v 1.474393 1.385644 -0.554922
v 1.455447 1.385644 -0.602866
v 1.518577 1.353915 -0.571552
v 1.507529 1.385644 -0.457305
v 1.552707 1.353915 -0.471009
v 1.620262 1.317327 -0.550005
v 1.601399 1.317327 -0.602724
v 1.580822 1.317327 -0.654798
v 1.670267 1.306646 -0.566979
v 1.718298 1.303230 -0.583284
v 1.650822 1.306646 -0.621325
v 1.629610 1.306646 -0.675007
v 1.698295 1.303230 -0.639193
v 1.637391 1.317327 -0.496697
v 1.687924 1.306646 -0.512026
v 1.736464 1.303230 -0.526751
v 1.816395 1.317327 -0.616583
v 1.766333 1.306638 -0.599589
v 1.785006 1.306638 -0.541476
v 1.835598 1.317327 -0.556822
v 1.795249 1.317327 -0.675684
v 1.772182 1.317327 -0.734062
v 1.745770 1.306638 -0.657062
v 1.723338 1.306638 -0.713830
v 1.944898 1.385644 -0.660204
v 1.900193 1.353915 -0.645029
v 1.965459 1.385644 -0.596215
v 1.920281 1.353916 -0.582511
v 1.922256 1.385644 -0.723486
v 1.878071 1.353916 -0.706857
v 1.897557 1.385644 -0.785994
v 2.009145 1.453676 -0.682013
v 2.039109 1.501013 -0.692184
v 1.985755 1.453676 -0.747386
v 1.960240 1.453676 -0.811958
v 2.015371 1.501013 -0.758533
v 2.030385 1.453676 -0.615910
v 2.060666 1.501013 -0.625096
v 2.073697 1.589836 -0.703925
v 2.049556 1.589836 -0.771399
v 2.023221 1.589836 -0.838045
v 2.084248 1.645743 -0.707507
v 2.059983 1.645743 -0.775324
v 2.033514 1.645743 -0.842309
v 2.095620 1.589836 -0.635699
v 2.106281 1.645743 -0.638933
v 1.964076 1.797657 -0.968575
v 1.974068 1.741750 -0.973503
v 2.004864 1.741750 -0.908391
v 1.994716 1.797657 -0.903793
v 1.931333 1.797657 -1.032320
v 1.896524 1.797657 -1.094959
v 1.941159 1.741749 -1.037572
v 1.906173 1.741749 -1.100530
v 1.902936 1.933816 -0.938424
v 1.931316 1.886479 -0.952420
v 1.932623 1.933816 -0.875659
v 1.961446 1.886479 -0.888719
v 1.871213 1.933816 -1.000185
v 1.899120 1.886479 -1.015102
v 1.837488 1.933816 -1.060874
v 1.842085 2.001849 -0.908416
v 1.799743 2.033577 -0.887535
v 1.811377 2.001849 -0.968202
v 1.778730 2.001849 -1.026950
v 1.769741 2.033577 -0.945947
v 1.870822 2.001849 -0.847658
v 1.827820 2.033577 -0.828174
v 1.412900 2.001849 -0.696765
v 1.455242 2.033577 -0.717646
v 1.434942 2.001849 -0.650164
v 1.477944 2.033577 -0.669648
v 1.389347 2.001849 -0.742621
v 1.430983 2.033577 -0.764876
v 1.364306 2.001849 -0.787683
v 1.352049 1.933816 -0.666757
v 1.323669 1.886479 -0.652762
v 1.329511 1.933816 -0.710638
v 1.305548 1.933816 -0.753759
v 1.301603 1.886479 -0.695721
v 1.373141 1.933816 -0.622163
v 1.344319 1.886479 -0.609104
v 1.290910 1.797657 -0.636606
v 1.269390 1.797657 -0.678503
v 1.246511 1.797656 -0.719674
v 1.280918 1.741749 -0.631679
v 1.259565 1.741749 -0.673251
v 1.236862 1.741749 -0.714103
v 1.311048 1.797657 -0.594029
v 1.300900 1.741749 -0.589431
v 1.290910 1.589836 -0.636607
v 1.280918 1.645743 -0.631679
v 1.300900 1.645743 -0.589431
v 1.311048 1.589836 -0.594029
v 1.269390 1.589836 -0.678503
v 1.246511 1.589836 -0.719674
v 1.259565 1.645743 -0.673251
v 1.236862 1.645743 -0.714103
v 1.352049 1.453676 -0.666757
v 1.323669 1.501013 -0.652761
v 1.373141 1.453676 -0.622163
v 1.344318 1.501013 -0.609104
v 1.329510 1.453676 -0.710638
v 1.301603 1.501014 -0.695721
v 1.305548 1.453676 -0.753759
v 1.412900 1.385644 -0.696765
v 1.455242 1.353915 -0.717646
v 1.389347 1.385644 -0.742621
v 1.364306 1.385644 -0.787683
v 1.430983 1.353915 -0.764876
v 1.434942 1.385644 -0.650164
v 1.477944 1.353915 -0.669648
v 1.534610 1.317327 -0.756786
v 1.509028 1.317327 -0.806592
v 1.481830 1.317327 -0.855535
v 1.581972 1.306646 -0.780142
v 1.627464 1.303230 -0.802577
v 1.555600 1.306646 -0.831486
v 1.527562 1.306646 -0.881939
v 1.600334 1.303230 -0.855397
v 1.558550 1.317327 -0.706170
v 1.606651 1.306646 -0.727964
v 1.652853 1.303230 -0.748898
v 1.720376 1.317327 -0.848395
v 1.672959 1.306638 -0.825012
v 1.699058 1.306638 -0.769833
v 1.747214 1.317327 -0.791652
v 1.691696 1.317327 -0.904231
v 1.661206 1.317327 -0.959098
v 1.645071 1.306638 -0.879309
v 1.615421 1.306638 -0.932664
v 1.842085 1.385644 -0.908416
v 1.799743 1.353915 -0.887535
v 1.870822 1.385644 -0.847658
v 1.827820 1.353915 -0.828174
v 1.811377 1.385644 -0.968202
v 1.769741 1.353915 -0.945947
v 1.778730 1.385644 -1.026950
v 1.902936 1.453676 -0.938424
v 1.931316 1.501014 -0.952420
v 1.871213 1.453676 -1.000185
v 1.837488 1.453676 -1.060874
v 1.899120 1.501014 -1.015102
v 1.932623 1.453676 -0.875659
v 1.961446 1.501014 -0.888719
v 1.964076 1.589836 -0.968575
v 1.931333 1.589836 -1.032320
v 1.896524 1.589836 -1.094959
v 1.974068 1.645743 -0.973502
v 1.941159 1.645743 -1.037572
v 1.906173 1.645743 -1.100530
v 1.994716 1.589836 -0.903793
v 2.004864 1.645743 -0.908391
v 1.820848 1.797657 -1.216652
v 1.830112 1.741749 -1.222842
v 1.869143 1.741750 -1.162308
v 1.859682 1.797657 -1.156424
v 1.780065 1.797657 -1.275579
v 1.737378 1.797656 -1.333138
v 1.789122 1.741749 -1.282068
v 1.746218 1.741749 -1.339921
v 1.764167 1.933816 -1.178779
v 1.790478 1.886479 -1.196360
v 1.801792 1.933816 -1.120426
v 1.828664 1.886479 -1.137136
v 1.724654 1.933816 -1.235871
v 1.750376 1.886479 -1.254303
v 1.683296 1.933816 -1.291639
v 1.707753 2.001849 -1.141085
v 1.668499 2.033577 -1.114856
v 1.669504 2.001849 -1.196351
v 1.629468 2.001849 -1.250336
v 1.631129 2.033577 -1.168852
v 1.744175 2.001849 -1.084598
v 1.704084 2.033577 -1.059667
v 1.309867 2.001849 -0.875225
v 1.349121 2.033577 -0.901454
v 1.337802 2.001849 -0.831900
v 1.377894 2.033577 -0.856830
v 1.280529 2.001849 -0.917614
v 1.318904 2.033577 -0.945113
v 1.249821 2.001849 -0.959022
v 1.253453 1.933816 -0.837531
v 1.227142 1.886479 -0.819951
v 1.225379 1.933816 -0.878094
v 1.195993 1.933816 -0.917718
v 1.199658 1.886479 -0.859663
v 1.280185 1.933816 -0.796071
v 1.253314 1.886479 -0.779362
v 1.196772 1.797656 -0.799658
v 1.169968 1.797656 -0.838387
v 1.141911 1.797656 -0.876220
v 1.187508 1.741749 -0.793468
v 1.160912 1.741749 -0.831897
v 1.133072 1.741749 -0.869437
v 1.222296 1.797656 -0.760073
v 1.212834 1.741749 -0.754190
v 1.196772 1.589836 -0.799658
v 1.187508 1.645743 -0.793468
v 1.212834 1.645743 -0.754190
v 1.222296 1.589836 -0.760073
v 1.169968 1.589836 -0.838387
v 1.141911 1.589836 -0.876219
v 1.160912 1.645743 -0.831897
v 1.133072 1.645743 -0.869437
v 1.253453 1.453676 -0.837531
v 1.227142 1.501014 -0.819951
v 1.280185 1.453676 -0.796071
v 1.253313 1.501014 -0.779361
v 1.225379 1.453676 -0.878094
v 1.199658 1.501014 -0.859663
v 1.195993 1.453676 -0.917718
v 1.309867 1.385644 -0.875225
v 1.349121 1.353915 -0.901454
v 1.280529 1.385644 -0.917614
v 1.249821 1.385644 -0.959022
v 1.318904 1.353915 -0.945113
v 1.337802 1.385644 -0.831900
v 1.377894 1.353915 -0.856830
v 1.422701 1.317327 -0.950619
v 1.390836 1.317327 -0.996660
v 1.357483 1.317327 -1.041634
v 1.466608 1.306646 -0.979957
v 1.508784 1.303230 -1.008138
v 1.433761 1.306646 -1.027419
v 1.399378 1.306646 -1.073781
v 1.474991 1.303229 -1.056964
v 1.453043 1.317327 -0.903561
v 1.497887 1.306646 -0.931446
v 1.540962 1.303230 -0.958232
v 1.594919 1.317327 -1.065691
v 1.550961 1.306638 -1.036320
v 1.584039 1.306638 -0.985019
v 1.628935 1.317327 -1.012937
v 1.559197 1.317327 -1.117306
v 1.521807 1.317327 -1.167724
v 1.516224 1.306638 -1.086512
v 1.479864 1.306638 -1.135540
v 1.707753 1.385644 -1.141085
v 1.668499 1.353915 -1.114856
v 1.744175 1.385644 -1.084598
v 1.704084 1.353916 -1.059667
v 1.669504 1.385644 -1.196351
v 1.631129 1.353916 -1.168852
v 1.629468 1.385644 -1.250336
v 1.764167 1.453676 -1.178779
v 1.790478 1.501014 -1.196360
v 1.724654 1.453676 -1.235871
v 1.683296 1.453676 -1.291639
v 1.750376 1.501014 -1.254303
v 1.801793 1.453676 -1.120426
v 1.828664 1.501014 -1.137136
v 1.820848 1.589836 -1.216652
v 1.780065 1.589836 -1.275579
v 1.737378 1.589836 -1.333138
v 1.830112 1.645743 -1.222842
v 1.789122 1.645743 -1.282068
v 1.746218 1.645743 -1.339921
v 1.859682 1.589836 -1.156424
v 1.869143 1.645743 -1.162308
v 1.646465 1.797656 -1.443912
v 1.654842 1.741749 -1.451258
v 1.701441 1.741749 -1.396336
v 1.692828 1.797656 -1.389268
v 1.598341 1.797656 -1.497011
v 1.548506 1.797657 -1.548506
v 1.606472 1.741749 -1.504627
v 1.556384 1.741749 -1.556384
v 1.595213 1.933816 -1.398965
v 1.619004 1.886479 -1.419829
v 1.640133 1.933816 -1.346022
v 1.664593 1.886479 -1.366096
v 1.548586 1.933816 -1.450411
v 1.571681 1.886479 -1.472042
v 1.500303 1.933816 -1.500303
v 1.544202 2.001849 -1.354229
v 1.508707 2.033577 -1.323101
v 1.499066 2.001849 -1.404030
v 1.452327 2.001849 -1.452327
v 1.464609 2.033577 -1.371757
v 1.587685 2.001849 -1.302980
v 1.551191 2.033577 -1.273029
v 1.184421 2.001849 -1.038709
v 1.219916 2.033577 -1.069838
v 1.217772 2.001849 -0.999401
v 1.254267 2.033577 -1.029351
v 1.149802 2.001849 -1.076907
v 1.184259 2.033577 -1.109179
v 1.113951 2.001849 -1.113952
v 1.133410 1.933816 -0.993974
v 1.109619 1.886479 -0.973110
v 1.100282 1.933816 -1.030526
v 1.065975 1.933816 -1.065975
v 1.077187 1.886479 -1.008895
v 1.165325 1.933816 -0.956359
v 1.140864 1.886479 -0.936284
v 1.082157 1.797656 -0.949027
v 1.050528 1.797656 -0.983926
v 1.017772 1.797656 -1.017772
v 1.073781 1.741749 -0.941681
v 1.042396 1.741749 -0.976309
v 1.009894 1.741749 -1.009894
v 1.112629 1.797656 -0.913113
v 1.104017 1.741749 -0.906044
v 1.082157 1.589836 -0.949027
v 1.073781 1.645743 -0.941681
v 1.104017 1.645743 -0.906044
v 1.112629 1.589836 -0.913113
v 1.050528 1.589836 -0.983926
v 1.017772 1.589836 -1.017773
v 1.042396 1.645743 -0.976309
v 1.009894 1.645743 -1.009894
v 1.133410 1.453676 -0.993974
v 1.109619 1.501014 -0.973110
v 1.165325 1.453676 -0.956359
v 1.140864 1.501014 -0.936284
v 1.100282 1.453676 -1.030526
v 1.077187 1.501014 -1.008895
v 1.065975 1.453676 -1.065975
v 1.184421 1.385644 -1.038709
v 1.219916 1.353916 -1.069838
v 1.149802 1.385644 -1.076907
v 1.113951 1.385644 -1.113951
v 1.184259 1.353916 -1.109179
v 1.217772 1.385644 -0.999401
v 1.254267 1.353916 -1.029351
v 1.286449 1.317327 -1.128186
v 1.248847 1.317327 -1.169673
v 1.209909 1.317327 -1.209909
v 1.326151 1.306646 -1.163004
v 1.364287 1.303230 -1.196449
v 1.287390 1.306646 -1.205772
v 1.247249 1.306646 -1.247250
v 1.324411 1.303230 -1.240447
v 1.322674 1.317327 -1.085491
v 1.363494 1.306646 -1.118991
v 1.402704 1.303230 -1.151170
v 1.442174 1.317327 -1.264753
v 1.402426 1.306638 -1.229895
v 1.441916 1.306638 -1.183351
v 1.482784 1.317327 -1.216890
v 1.400021 1.317327 -1.311263
v 1.356369 1.317327 -1.356369
v 1.361434 1.306638 -1.275123
v 1.318986 1.306638 -1.318986
v 1.544202 1.385644 -1.354229
v 1.508707 1.353915 -1.323101
v 1.587685 1.385644 -1.302980
v 1.551191 1.353916 -1.273029
v 1.499066 1.385644 -1.404030
v 1.464609 1.353915 -1.371757
v 1.452327 1.385644 -1.452327
v 1.595213 1.453676 -1.398965
v 1.619004 1.501014 -1.419829
v 1.548586 1.453676 -1.450411
v 1.500303 1.453676 -1.500303
v 1.571681 1.501014 -1.472042
v 1.640133 1.453676 -1.346022
v 1.664594 1.501014 -1.366096
v 1.646465 1.589836 -1.443912
v 1.598341 1.589836 -1.497011
v 1.548506 1.589836 -1.548506
v 1.654842 1.645743 -1.451258
v 1.606472 1.645743 -1.504627
v 1.556384 1.645743 -1.556384
v 1.692828 1.589836 -1.389268
v 1.701441 1.645743 -1.396336
v 1.443912 1.797657 -1.646466
v 1.451258 1.741750 -1.654842
v 1.504627 1.741750 -1.606472
v 1.497011 1.797657 -1.598341
v 1.389268 1.797657 -1.692829
v 1.333138 1.797656 -1.737379
v 1.396336 1.741749 -1.701441
v 1.339920 1.741749 -1.746218
v 1.398965 1.933816 -1.595213
v 1.419828 1.886479 -1.619004
v 1.450410 1.933816 -1.548586
v 1.472042 1.886479 -1.571682
v 1.346022 1.933816 -1.640133
v 1.366096 1.886479 -1.664594
v 1.291639 1.933816 -1.683296
v 1.354229 2.001849 -1.544202
v 1.323101 2.033577 -1.508707
v 1.302979 2.001849 -1.587685
v 1.250335 2.001849 -1.629469
v 1.273029 2.033577 -1.551191
v 1.404030 2.001849 -1.499067
v 1.371757 2.033577 -1.464609
v 1.038709 2.001849 -1.184421
v 1.069837 2.033577 -1.219916
v 1.076906 2.001849 -1.149802
v 1.109179 2.033577 -1.184259
v 0.999401 2.001849 -1.217772
v 1.029351 2.033577 -1.254267
v 0.959022 2.001849 -1.249821
v 0.993974 1.933816 -1.133410
v 0.973110 1.886479 -1.109619
v 0.956358 1.933816 -1.165325
v 0.917718 1.933816 -1.195993
v 0.936284 1.886479 -1.140864
v 1.030526 1.933816 -1.100282
v 1.008895 1.886479 -1.077187
v 0.949027 1.797656 -1.082157
v 0.913112 1.797656 -1.112629
v 0.876219 1.797656 -1.141911
v 0.941681 1.741749 -1.073781
v 0.906044 1.741749 -1.104017
v 0.869437 1.741749 -1.133072
v 0.983926 1.797656 -1.050528
v 0.976309 1.741749 -1.042396
v 0.949027 1.589836 -1.082157
v 0.941681 1.645743 -1.073781
v 0.976309 1.645743 -1.042396
v 0.983926 1.589836 -1.050528
v 0.913112 1.589836 -1.112629
v 0.876219 1.589836 -1.141911
v 0.906044 1.645743 -1.104017
v 0.869437 1.645743 -1.133072
v 0.993974 1.453676 -1.133410
v 0.973110 1.501013 -1.109619
v 1.030526 1.453676 -1.100282
v 1.008895 1.501013 -1.077187
v 0.956359 1.453676 -1.165325
v 0.936284 1.501014 -1.140864
v 0.917718 1.453676 -1.195993
v 1.038709 1.385644 -1.184421
v 1.069837 1.353916 -1.219916
v 0.999401 1.385644 -1.217773
v 0.959022 1.385644 -1.249821
v 1.029351 1.353916 -1.254267
v 1.076906 1.385644 -1.149802
v 1.109179 1.353915 -1.184259
v 1.128186 1.317327 -1.286449
v 1.085491 1.317327 -1.322674
v 1.041633 1.317327 -1.357483
v 1.163004 1.306646 -1.326152
v 1.196449 1.303229 -1.364288
v 1.118991 1.306646 -1.363494
v 1.073781 1.306646 -1.399378
v 1.151170 1.303230 -1.402705
v 1.169673 1.317327 -1.248848
v 1.205772 1.306646 -1.287390
v 1.240447 1.303230 -1.324411
v 1.264753 1.317327 -1.442174
v 1.229895 1.306638 -1.402426
v 1.275123 1.306638 -1.361435
v 1.311263 1.317327 -1.400021
v 1.216890 1.317327 -1.482784
v 1.167724 1.317327 -1.521807
v 1.183350 1.306638 -1.441917
v 1.135540 1.306638 -1.479864
v 1.354229 1.385644 -1.544202
v 1.323101 1.353915 -1.508707
v 1.404030 1.385644 -1.499067
v 1.371757 1.353915 -1.464609
v 1.302979 1.385644 -1.587686
v 1.273029 1.353915 -1.551191
v 1.250335 1.385644 -1.629469
v 1.398965 1.453676 -1.595213
v 1.419828 1.501014 -1.619004
v 1.346022 1.453676 -1.640133
v 1.291639 1.453676 -1.683296
v 1.366096 1.501014 -1.664594
v 1.450410 1.453676 -1.548586
v 1.472042 1.501014 -1.571682
v 1.443912 1.589836 -1.646466
v 1.389268 1.589836 -1.692829
v 1.333138 1.589836 -1.737379
v 1.451258 1.645743 -1.654842
v 1.396336 1.645743 -1.701441
v 1.339920 1.645743 -1.746218
v 1.497011 1.589836 -1.598341
v 1.504627 1.645743 -1.606473
v 1.216652 1.797656 -1.820848
v 1.222841 1.741749 -1.830112
v 1.282068 1.741749 -1.789122
v 1.275578 1.797656 -1.780066
v 1.156423 1.797656 -1.859683
v 1.094958 1.797656 -1.896525
v 1.162307 1.741749 -1.869144
v 1.100529 1.741749 -1.906174
v 1.178779 1.933816 -1.764168
v 1.196359 1.886479 -1.790478
v 1.235871 1.933816 -1.724655
v 1.254303 1.886479 -1.750376
v 1.120425 1.933816 -1.801793
v 1.137135 1.886479 -1.828664
v 1.060874 1.933816 -1.837489
v 1.141084 2.001849 -1.707754
v 1.114856 2.033577 -1.668500
v 1.084597 2.001849 -1.744176
v 1.026950 2.001849 -1.778730
v 1.059667 2.033577 -1.704085
v 1.196351 2.001849 -1.669505
v 1.168851 2.033577 -1.631130
v 0.875225 2.001849 -1.309867
v 0.901454 2.033577 -1.349121
v 0.917614 2.001849 -1.280530
v 0.945113 2.033577 -1.318905
v 0.831899 2.001849 -1.337803
v 0.856830 2.033577 -1.377894
v 0.787682 2.001849 -1.364306
v 0.837530 1.933816 -1.253453
v 0.819950 1.886479 -1.227143
v 0.796071 1.933816 -1.280186
v 0.753758 1.933816 -1.305548
v 0.779361 1.886479 -1.253314
v 0.878094 1.933816 -1.225379
v 0.859662 1.886479 -1.199659
v 0.799658 1.797656 -1.196772
v 0.760073 1.797656 -1.222296
v 0.719673 1.797656 -1.246512
v 0.793468 1.741749 -1.187508
v 0.754189 1.741749 -1.212835
v 0.714102 1.741749 -1.236863
v 0.838387 1.797656 -1.169968
v 0.831897 1.741749 -1.160912
v 0.799658 1.589836 -1.196772
v 0.793468 1.645743 -1.187508
v 0.831897 1.645743 -1.160912
v 0.838387 1.589836 -1.169968
v 0.760073 1.589836 -1.222296
v 0.719673 1.589836 -1.246512
v 0.754189 1.645743 -1.212835
v 0.714102 1.645743 -1.236863
v 0.837530 1.453676 -1.253453
v 0.819950 1.501014 -1.227143
v 0.878094 1.453676 -1.225379
v 0.859662 1.501014 -1.199658
v 0.796071 1.453676 -1.280186
v 0.779361 1.501013 -1.253314
v 0.753758 1.453676 -1.305548
v 0.875225 1.385644 -1.309867
v 0.901454 1.353915 -1.349121
v 0.831899 1.385644 -1.337803
v 0.787682 1.385644 -1.364306
v 0.856830 1.353915 -1.377894
v 0.917614 1.385644 -1.280529
v 0.945113 1.353915 -1.318904
v 0.950618 1.317327 -1.422701
v 0.903560 1.317327 -1.453043
v 0.855534 1.317327 -1.481830
v 0.979956 1.306646 -1.466609
v 1.008137 1.303230 -1.508784
v 0.931446 1.306646 -1.497887
v 0.881938 1.306646 -1.527563
v 0.958231 1.303229 -1.540962
v 0.996659 1.317327 -1.390837
v 1.027418 1.306646 -1.433761
v 1.056964 1.303230 -1.474991
v 1.065691 1.317327 -1.594920
v 1.036319 1.306638 -1.550962
v 1.086511 1.306638 -1.516224
v 1.117306 1.317327 -1.559198
v 1.012936 1.317327 -1.628935
v 0.959097 1.317327 -1.661207
v 0.985018 1.306638 -1.584039
v 0.932663 1.306638 -1.615421
v 1.141084 1.385644 -1.707754
v 1.114856 1.353915 -1.668500
v 1.196351 1.385644 -1.669505
v 1.168851 1.353915 -1.631130
v 1.084597 1.385644 -1.744176
v 1.059667 1.353915 -1.704085
v 1.026949 1.385644 -1.778730
v 1.178779 1.453676 -1.764168
v 1.196359 1.501014 -1.790478
v 1.120425 1.453676 -1.801793
v 1.060874 1.453676 -1.837489
v 1.137135 1.501014 -1.828664
v 1.235871 1.453676 -1.724655
v 1.254303 1.501014 -1.750376
v 1.216651 1.589836 -1.820848
v 1.156423 1.589836 -1.859683
v 1.094958 1.589836 -1.896525
v 1.222841 1.645743 -1.830112
v 1.162307 1.645743 -1.869144
v 1.100529 1.645743 -1.906174
v 1.275578 1.589836 -1.780066
v 1.282068 1.645743 -1.789122
v 0.968574 1.797656 -1.964076
v 0.973502 1.741749 -1.974068
v 1.037572 1.741749 -1.941160
v 1.032320 1.797656 -1.931334
v 0.903792 1.797656 -1.994716
v 0.838045 1.797656 -2.023221
v 0.908391 1.741749 -2.004865
v 0.842309 1.741749 -2.033514
v 0.938424 1.933816 -1.902937
v 0.952419 1.886479 -1.931316
v 1.000185 1.933816 -1.871214
v 1.015101 1.886479 -1.899121
v 0.875659 1.933816 -1.932623
v 0.888718 1.886479 -1.961446
v 0.811958 1.933816 -1.960240
v 0.908415 2.001849 -1.842085
v 0.887534 2.033577 -1.799744
v 0.847657 2.001849 -1.870823
v 0.785993 2.001849 -1.897557
v 0.828173 2.033577 -1.827820
v 0.968201 2.001849 -1.811377
v 0.945946 2.033577 -1.769741
v 0.696765 2.001849 -1.412901
v 0.717646 2.033577 -1.455242
v 0.742621 2.001849 -1.389348
v 0.764876 2.033577 -1.430983
v 0.650164 2.001849 -1.434942
v 0.669648 2.033577 -1.477944
v 0.602866 2.001849 -1.455448
v 0.666756 1.933816 -1.352050
v 0.652761 1.886479 -1.323670
v 0.622163 1.933816 -1.373142
v 0.576901 1.933816 -1.392764
v 0.609103 1.886479 -1.344319
v 0.710637 1.933816 -1.329511
v 0.695720 1.886479 -1.301604
v 0.636606 1.797657 -1.290910
v 0.594029 1.797657 -1.311049
v 0.550814 1.797656 -1.329784
v 0.631678 1.741749 -1.280918
v 0.589430 1.741749 -1.300900
v 0.546550 1.741749 -1.319490
v 0.678502 1.797656 -1.269391
v 0.673250 1.741749 -1.259565
v 0.636606 1.589836 -1.290910
v 0.631678 1.645743 -1.280918
v 0.673250 1.645743 -1.259565
v 0.678502 1.589836 -1.269391
v 0.594029 1.589836 -1.311048
v 0.550814 1.589836 -1.329784
v 0.589431 1.645743 -1.300900
v 0.546550 1.645743 -1.319490
v 0.666757 1.453676 -1.352050
v 0.652761 1.501013 -1.323670
v 0.710637 1.453676 -1.329511
v 0.695720 1.501013 -1.301604
v 0.622163 1.453676 -1.373142
v 0.609103 1.501013 -1.344319
v 0.576901 1.453676 -1.392764
v 0.696765 1.385644 -1.412901
v 0.717646 1.353916 -1.455243
v 0.650164 1.385644 -1.434942
v 0.602866 1.385644 -1.455448
v 0.669648 1.353915 -1.477945
v 0.742621 1.385644 -1.389347
v 0.764876 1.353916 -1.430983
v 0.756785 1.317327 -1.534611
v 0.706170 1.317327 -1.558551
v 0.654798 1.317327 -1.580822
v 0.780142 1.306646 -1.581972
v 0.802576 1.303230 -1.627465
v 0.727964 1.306646 -1.606651
v 0.675006 1.306646 -1.629610
v 0.748897 1.303230 -1.652854
v 0.806592 1.317327 -1.509028
v 0.831485 1.306646 -1.555600
v 0.855396 1.303229 -1.600335
v 0.848395 1.317327 -1.720376
v 0.825012 1.306638 -1.672960
v 0.879308 1.306638 -1.645071
v 0.904230 1.317327 -1.691697
v 0.791652 1.317327 -1.747214
v 0.734061 1.317327 -1.772182
v 0.769833 1.306638 -1.699059
v 0.713830 1.306638 -1.723338
v 0.908415 1.385644 -1.842085
v 0.887534 1.353915 -1.799744
v 0.968201 1.385644 -1.811377
v 0.945946 1.353915 -1.769741
v 0.847657 1.385644 -1.870823
v 0.828173 1.353915 -1.827820
v 0.785993 1.385644 -1.897557
v 0.938424 1.453676 -1.902936
v 0.952419 1.501014 -1.931316
v 0.875659 1.453676 -1.932623
v 0.811958 1.453676 -1.960240
v 0.888718 1.501014 -1.961446
v 1.000185 1.453676 -1.871214
v 1.015101 1.501014 -1.899121
v 0.968574 1.589836 -1.964076
v 0.903792 1.589836 -1.994716
v 0.838045 1.589836 -2.023221
v 0.973502 1.645743 -1.974068
v 0.908391 1.645743 -2.004865
v 0.842308 1.645743 -2.033514
v 1.032320 1.589836 -1.931334
v 1.037572 1.645743 -1.941160
v 0.703925 1.797656 -2.073697
v 0.707506 1.741749 -2.084247
v 0.775323 1.741749 -2.059983
v 0.771399 1.797656 -2.049556
v 0.635698 1.797656 -2.095620
v 0.566792 1.797657 -2.115299
v 0.638932 1.741749 -2.106282
v 0.569676 1.741749 -2.126060
v 0.682013 1.933816 -2.009145
v 0.692184 1.886479 -2.039110
v 0.747386 1.933816 -1.985756
v 0.758532 1.886479 -2.015371
v 0.615910 1.933816 -2.030386
v 0.625096 1.886479 -2.060667
v 0.549149 1.933816 -2.049452
v 0.660204 2.001849 -1.944898
v 0.645028 2.033577 -1.900193
v 0.596215 2.001849 -1.965459
v 0.531589 2.001849 -1.983916
v 0.582510 2.033577 -1.920281
v 0.723486 2.001849 -1.922256
v 0.706856 2.033577 -1.878072
v 0.506384 2.001849 -1.491759
v 0.521559 2.033577 -1.536464
v 0.554922 2.001849 -1.474393
v 0.571551 2.033577 -1.518577
v 0.457304 2.001849 -1.507529
v 0.471009 2.033577 -1.552707
v 0.407735 2.001849 -1.521686
v 0.484575 1.933816 -1.427512
v 0.474403 1.886479 -1.397547
v 0.437609 1.933816 -1.442603
v 0.390174 1.933816 -1.456150
v 0.428424 1.886479 -1.412322
v 0.531022 1.933816 -1.410893
v 0.519875 1.886479 -1.381278
v 0.462662 1.797656 -1.362960
v 0.417821 1.797656 -1.377369
v 0.372531 1.797656 -1.390303
v 0.459081 1.741749 -1.352410
v 0.414587 1.741749 -1.366707
v 0.369647 1.741749 -1.379541
v 0.507009 1.797656 -1.347093
v 0.503084 1.741749 -1.336666
v 0.462662 1.589836 -1.362960
v 0.459081 1.645743 -1.352410
v 0.503084 1.645743 -1.336666
v 0.507009 1.589836 -1.347093
v 0.417821 1.589836 -1.377368
v 0.372531 1.589836 -1.390303
v 0.414587 1.645743 -1.366707
v 0.369647 1.645743 -1.379541
v 0.484575 1.453676 -1.427512
v 0.474403 1.501013 -1.397547
v 0.531022 1.453676 -1.410893
v 0.519875 1.501014 -1.381278
v 0.437609 1.453676 -1.442602
v 0.428424 1.501013 -1.412322
v 0.390174 1.453676 -1.456150
v 0.506384 1.385644 -1.491759
v 0.521559 1.353915 -1.536464
v 0.457304 1.385644 -1.507529
v 0.407735 1.385644 -1.521686
v 0.471009 1.353915 -1.552707
v 0.554922 1.385644 -1.474393
v 0.571551 1.353915 -1.518577
v 0.550005 1.317327 -1.620262
v 0.496697 1.317327 -1.637391
v 0.442857 1.317327 -1.652767
v 0.566979 1.306646 -1.670267
v 0.583284 1.303230 -1.718299
v 0.512026 1.306646 -1.687924
v 0.456525 1.306646 -1.703775
v 0.526750 1.303229 -1.736464
v 0.602724 1.317327 -1.601399
v 0.621325 1.306646 -1.650822
v 0.639193 1.303230 -1.698295
v 0.616583 1.317327 -1.816395
v 0.599589 1.306638 -1.766333
v 0.657061 1.306638 -1.745770
v 0.675684 1.317327 -1.795250
v 0.556822 1.317327 -1.835598
v 0.496466 1.317327 -1.852835
v 0.541475 1.306638 -1.785006
v 0.482782 1.306638 -1.801768
v 0.660204 1.385644 -1.944898
v 0.645028 1.353916 -1.900193
v 0.723486 1.385644 -1.922256
v 0.706856 1.353915 -1.878072
v 0.596215 1.385644 -1.965459
v 0.582510 1.353915 -1.920281
v 0.531589 1.385644 -1.983916
v 0.682013 1.453676 -2.009145
v 0.692184 1.501014 -2.039110
v 0.615910 1.453676 -2.030386
v 0.549149 1.453676 -2.049452
v 0.625095 1.501014 -2.060667
v 0.747386 1.453676 -1.985756
v 0.758532 1.501014 -2.015371
v 0.703925 1.589836 -2.073697
v 0.635698 1.589836 -2.095620
v 0.566792 1.589836 -2.115299
v 0.707506 1.645743 -2.084248
v 0.638932 1.645743 -2.106282
v 0.569676 1.645743 -2.126060
v 0.771399 1.589836 -2.049556
v 0.775323 1.645743 -2.059983
v 0.427232 1.797656 -2.147836
v 0.429405 1.741749 -2.158764
v 0.499809 1.741749 -2.143559
v 0.497279 1.797656 -2.132709
v 0.356727 1.797656 -2.160666
v 0.285842 1.797656 -2.171183
v 0.358542 1.741749 -2.171659
v 0.287296 1.741749 -2.182229
v 0.413932 1.933816 -2.080977
v 0.420106 1.886479 -2.112012
v 0.481799 1.933816 -2.066320
v 0.488985 1.886479 -2.097137
v 0.345623 1.933816 -2.093408
v 0.350777 1.886479 -2.124628
v 0.276944 1.933816 -2.103597
v 0.400696 2.001849 -2.014433
v 0.391486 2.033577 -1.968129
v 0.334571 2.001849 -2.026466
v 0.268088 2.001849 -2.036329
v 0.326880 2.033577 -1.979886
v 0.466392 2.001849 -2.000245
v 0.455672 2.033577 -1.954267
v 0.307338 2.001849 -1.545093
v 0.316549 2.033577 -1.591397
v 0.357728 2.001849 -1.534211
v 0.368448 2.033577 -1.580188
v 0.256620 2.001849 -1.554322
v 0.264311 2.033577 -1.600902
v 0.205627 2.001849 -1.561888
v 0.294102 1.933816 -1.478549
v 0.287928 1.886479 -1.447514
v 0.245568 1.933816 -1.487380
v 0.196771 1.933816 -1.494620
v 0.240414 1.886479 -1.456160
v 0.342321 1.933816 -1.468135
v 0.335135 1.886479 -1.437318
v 0.280803 1.797656 -1.411689
v 0.234464 1.797656 -1.420121
v 0.187873 1.797656 -1.427034
v 0.278629 1.741749 -1.400762
v 0.232649 1.741749 -1.409129
v 0.186419 1.741749 -1.415987
v 0.326841 1.797656 -1.401747
v 0.324311 1.741749 -1.390896
v 0.280803 1.589836 -1.411689
v 0.278629 1.645743 -1.400762
v 0.324311 1.645743 -1.390896
v 0.326841 1.589836 -1.401747
v 0.234464 1.589836 -1.420121
v 0.187873 1.589836 -1.427034
v 0.232649 1.645743 -1.409129
v 0.186418 1.645743 -1.415987
v 0.294102 1.453676 -1.478549
v 0.287928 1.501014 -1.447513
v 0.342321 1.453676 -1.468135
v 0.335135 1.501014 -1.437318
v 0.245568 1.453676 -1.487380
v 0.240414 1.501014 -1.456159
v 0.196771 1.453676 -1.494620
v 0.307338 1.385644 -1.545093
v 0.316549 1.353915 -1.591397
v 0.256620 1.385644 -1.554322
v 0.205627 1.385644 -1.561888
v 0.264311 1.353915 -1.600902
v 0.357728 1.385644 -1.534211
v 0.368448 1.353915 -1.580188
v 0.333813 1.317327 -1.678190
v 0.278726 1.317327 -1.688214
v 0.223340 1.317327 -1.696432
v 0.344115 1.306646 -1.729983
v 0.354011 1.303229 -1.779732
v 0.287328 1.306646 -1.740316
v 0.230232 1.306646 -1.748787
v 0.295590 1.303230 -1.790363
v 0.388543 1.317327 -1.666370
v 0.400534 1.306646 -1.717798
v 0.412053 1.303229 -1.767197
v 0.374221 1.317327 -1.881336
v 0.363907 1.306638 -1.829484
v 0.423572 1.306638 -1.816599
v 0.435577 1.317327 -1.868086
v 0.312465 1.317327 -1.892574
v 0.250375 1.317327 -1.901785
v 0.303853 1.306638 -1.840412
v 0.243474 1.306638 -1.849370
v 0.400696 1.385644 -2.014433
v 0.391486 1.353915 -1.968129
v 0.466392 1.385644 -2.000245
v 0.455672 1.353915 -1.954267
v 0.334571 1.385644 -2.026466
v 0.326880 1.353915 -1.979886
v 0.268088 1.385644 -2.036329
v 0.413932 1.453676 -2.080977
v 0.420106 1.501013 -2.112012
v 0.345623 1.453676 -2.093408
v 0.276944 1.453676 -2.103597
v 0.350777 1.501013 -2.124628
v 0.481799 1.453676 -2.066320
v 0.488985 1.501013 -2.097137
v 0.427232 1.589836 -2.147836
v 0.356727 1.589836 -2.160666
v 0.285842 1.589836 -2.171183
v 0.429405 1.645743 -2.158764
v 0.358542 1.645743 -2.171659
v 0.287296 1.645743 -2.182229
v 0.497279 1.589836 -2.132709
v 0.499809 1.645743 -2.143559
v 0.143227 1.797657 -2.185226
v 0.143956 1.741749 -2.196344
v 0.215742 1.741749 -2.190459
v 0.214650 1.797656 -2.179371
v 0.071651 1.797656 -2.188744
v -0.000001 1.797656 -2.189918
v 0.072015 1.741749 -2.199879
v -0.000001 1.741749 -2.201059
v 0.138769 1.933816 -2.117203
v 0.140838 1.886479 -2.148779
v 0.207968 1.933816 -2.111530
v 0.211070 1.886479 -2.143021
v 0.069421 1.933816 -2.120611
v 0.070456 1.886479 -2.152237
v -0.000001 1.933816 -2.121749
v 0.134331 2.001849 -2.049500
v 0.131244 2.033577 -2.002391
v 0.067201 2.001849 -2.052799
v -0.000001 2.001849 -2.053900
v 0.065656 2.033577 -2.005614
v 0.201318 2.001849 -2.044009
v 0.196690 2.033577 -1.997025
v 0.103034 2.001849 -1.571990
v 0.106121 2.033577 -1.619100
v 0.154412 2.001849 -1.567778
v 0.159040 2.033577 -1.614761
v 0.051545 2.001849 -1.574520
v 0.053089 2.033577 -1.621706
v -0.000000 2.001849 -1.575365
v 0.098596 1.933816 -1.504287
v 0.096527 1.886479 -1.472712
v 0.049325 1.933816 -1.506709
v -0.000000 1.933816 -1.507517
v 0.048290 1.886479 -1.475082
v 0.147762 1.933816 -1.500257
v 0.144660 1.886479 -1.468766
v 0.094138 1.797656 -1.436264
v 0.047095 1.797656 -1.438576
v -0.000000 1.797656 -1.439348
v 0.093409 1.741749 -1.425146
v 0.046730 1.741749 -1.427440
v -0.000000 1.741749 -1.428206
v 0.141080 1.797656 -1.432416
v 0.139988 1.741749 -1.421328
v 0.094138 1.589836 -1.436264
v 0.093409 1.645743 -1.425146
v 0.139988 1.645743 -1.421328
v 0.141080 1.589836 -1.432416
v 0.047095 1.589836 -1.438576
v -0.000000 1.589836 -1.439348
v 0.046730 1.645743 -1.427440
v -0.000000 1.645743 -1.428206
v 0.098596 1.453676 -1.504287
v 0.096527 1.501013 -1.472712
v 0.147762 1.453676 -1.500257
v 0.144660 1.501013 -1.468766
v 0.049325 1.453676 -1.506709
v 0.048290 1.501014 -1.475082
v -0.000000 1.453676 -1.507517
v 0.103034 1.385644 -1.571990
v 0.106121 1.353915 -1.619100
v 0.051545 1.385644 -1.574521
v -0.000000 1.385644 -1.575365
v 0.053089 1.353915 -1.621706
v 0.154412 1.385644 -1.567778
v 0.159040 1.353915 -1.614761
v 0.111909 1.317327 -1.707404
v 0.055984 1.317327 -1.710153
v -0.000000 1.317327 -1.711070
v 0.115363 1.306646 -1.760099
v 0.118680 1.303229 -1.810714
v 0.057712 1.306646 -1.762931
v -0.000000 1.306646 -1.763877
v 0.059372 1.303230 -1.813628
v 0.167714 1.317327 -1.702829
v 0.172890 1.306646 -1.755382
v 0.177862 1.303230 -1.805862
v 0.125456 1.317327 -1.914086
v 0.121998 1.306638 -1.861332
v 0.182834 1.306638 -1.856344
v 0.188016 1.317327 -1.908957
v 0.062761 1.317327 -1.917167
v -0.000000 1.317327 -1.918196
v 0.061031 1.306638 -1.864328
v -0.000000 1.306638 -1.865328
v 0.134331 1.385644 -2.049501
v 0.131243 1.353916 -2.002391
v 0.201318 1.385644 -2.044009
v 0.196690 1.353916 -1.997025
v 0.067201 1.385644 -2.052799
v 0.065656 1.353916 -2.005614
v -0.000001 1.385644 -2.053900
v 0.138769 1.453676 -2.117203
v 0.140838 1.501013 -2.148779
v 0.069420 1.453676 -2.120611
v -0.000001 1.453676 -2.121749
v 0.070456 1.501014 -2.152238
v 0.207968 1.453676 -2.111530
v 0.211070 1.501013 -2.143021
v 0.143227 1.589836 -2.185226
v 0.071651 1.589836 -2.188744
v -0.000001 1.589836 -2.189918
v 0.143956 1.645743 -2.196344
v 0.072015 1.645743 -2.199879
v -0.000001 1.645743 -2.201059
v 0.214650 1.589836 -2.179371
v 0.215742 1.645743 -2.190459
v -0.144682 1.741750 -2.196302
v -0.072016 1.741749 -2.199879
v -0.071652 1.797656 -2.188744
v -0.141454 1.886481 -2.148742
v -0.069421 1.933816 -2.120611
v -0.070457 1.886479 -2.152237
v -0.134744 2.001850 -2.049474
v -0.067202 2.001849 -2.052799
v -0.065657 2.033577 -2.005614
v -0.102622 2.001850 -1.572016
v -0.051545 2.001849 -1.574521
v -0.053090 2.033577 -1.621706
v -0.095912 1.886481 -1.472749
v -0.049326 1.933816 -1.506709
v -0.048290 1.886479 -1.475082
v -0.092684 1.741750 -1.425188
v -0.047095 1.797656 -1.438576
v -0.046731 1.741749 -1.427440
v -0.092684 1.645742 -1.425188
v -0.046731 1.645743 -1.427440
v -0.047095 1.589836 -1.438576
v -0.095912 1.501011 -1.472749
v -0.049326 1.453676 -1.506709
v -0.048290 1.501014 -1.475082
v -0.102622 1.385642 -1.572016
v -0.051545 1.385644 -1.574521
v -0.053090 1.353915 -1.621706
v -0.134744 1.385642 -2.049475
v -0.067202 1.385644 -2.052799
v -0.065657 1.353915 -2.005614
v -0.141454 1.501011 -2.148742
v -0.069422 1.453676 -2.120611
v -0.070457 1.501014 -2.152238
v -0.144682 1.645742 -2.196302
v -0.071652 1.589836 -2.188744
v -0.072016 1.645743 -2.199879
v 1.439619 1.303230 -1.104660
v 1.283117 1.303230 -1.283117
v 0.261926 2.033577 -1.989522
v -0.000001 2.033577 -2.006690
v 1.676473 1.303229 0.694417
v 0.898455 1.501014 -1.170889
v 0.737936 1.501013 -1.278144
v 1.278144 1.886479 -0.737937
v 1.170889 1.886479 -0.898455
v 1.104660 1.303230 1.439619
v 1.752770 1.303230 0.469653
v 1.799077 1.303230 0.236853
v 1.608694 2.033577 -0.211789
v 1.463247 1.886479 -0.192641
v 1.853939 2.033577 -0.767927
v 1.737844 2.033577 -1.003345
v 0.767926 1.353915 -1.853940
v 0.519370 1.353915 -1.938314
v 1.592014 1.353916 1.221595
v 1.708401 1.501014 1.310901
v 1.571491 1.303230 0.907300
v 0.381984 1.886479 -1.425584
v 0.192640 1.886479 -1.463247
v 2.134969 1.501013 -0.281075
v 2.080017 1.501014 -0.557339
v 0.192640 1.501013 -1.463247
v 0.211789 1.353915 -1.608694
v 0.564792 1.501014 -1.363529
v 1.363529 1.501014 -0.564792
v 1.499064 1.353915 -0.620933
v 0.694417 1.303230 -1.676473
v 1.814601 1.303230 -0.000000
v 1.799077 1.303230 -0.236854
v 1.592014 1.353916 -1.221596
v 1.418944 1.353916 -1.418944
v 1.405192 1.353915 -0.811288
v 1.287276 1.353916 -0.987762
v 1.076695 1.886479 -1.864893
v 1.003344 2.033577 -1.737845
v 1.567288 2.033577 0.419953
v 1.608695 2.033577 0.211788
v 1.363529 1.886479 0.564792
v 1.425585 1.886479 0.381984
v 0.987762 1.353916 1.287276
v 1.147335 1.353916 1.147334
v -0.000001 1.501014 -2.153392
v 1.989475 1.886479 -0.824067
v 1.864892 1.886479 -1.076696
v 0.419954 2.033577 -1.567288
v 0.211789 2.033577 -1.608694
v 1.278144 1.501014 0.737937
v 1.405192 1.353915 0.811288
v 1.737844 1.353915 1.003345
v 1.853940 1.353915 0.767926
v 1.864892 1.501014 1.076696
v 2.134969 1.886479 0.281074
v 1.989522 2.033577 0.261925
v 1.287276 2.033577 0.987761
v 1.170889 1.886479 0.898454
v 1.425584 1.501013 -0.381984
v 1.567288 1.353916 -0.419954
v 1.310902 1.886479 1.708400
v 1.221596 2.033577 1.592013
v 1.853940 1.353916 -0.767927
v 1.989475 1.501014 -0.824067
v 2.006690 1.353916 -0.000001
v 1.989522 1.353916 -0.261926
v 1.310902 1.886479 -1.708400
v 0.987762 2.033577 1.287276
v 1.221596 1.353916 1.592013
v 1.418945 1.353916 1.418943
v 1.170889 1.501014 -0.898455
v 1.043600 1.501013 -1.043600
v 1.499064 2.033577 -0.620933
v 1.405192 2.033577 -0.811288
v 1.043601 1.501014 1.043600
v 1.170889 1.501014 0.898454
v 0.811287 2.033577 -1.405192
v 0.737936 1.886479 -1.278144
v 0.469653 1.303230 -1.752770
v 0.898455 1.501014 1.170889
v 0.564792 1.886479 -1.363529
v 1.571491 1.303230 -0.907301
v 1.567288 2.033577 -0.419954
v 1.425584 1.886479 -0.381984
v 2.080017 1.886479 -0.557339
v -0.000000 1.353916 -1.622576
v 1.221595 2.033577 -1.592014
v 1.147335 2.033577 1.147334
v 1.043601 1.886479 1.043600
v 1.737844 1.353916 -1.003345
v 1.405192 2.033577 0.811288
v 1.499065 2.033577 0.620932
v 2.153392 1.501014 -0.000001
v -0.000000 1.501014 -1.475874
v 1.708401 1.886479 1.310901
v 1.864892 1.886479 1.076696
v 1.522678 1.501014 -1.522678
v 1.310902 1.501014 -1.708400
v 1.283117 1.303230 1.283116
v 1.463247 1.886479 0.192640
v 1.475874 1.886479 -0.000000
v 0.824067 1.886479 -1.989475
v -0.000000 1.353916 -2.006690
v 1.439620 1.303230 1.104659
v 0.824067 1.501013 -1.989475
v 0.557339 1.501013 -2.080017
v 1.147334 2.033577 -1.147334
v 1.043600 1.886479 -1.043600
v 1.938314 2.033577 0.519369
v 0.281074 1.886479 -2.134969
v 1.522678 1.886479 -1.522678
v 1.938313 1.353916 -0.519370
v 1.592014 2.033577 1.221595
v 1.737844 2.033577 1.003345
v 1.622576 1.353916 -0.000000
v 1.608694 1.353916 -0.211789
v 1.989475 1.886479 0.824067
v 2.080017 1.886479 0.557338
v 0.236853 1.303230 -1.799077
v 1.425585 1.501014 0.381984
v 1.567288 1.353916 0.419953
v 1.622576 2.033577 -0.000000
v 1.989522 1.353916 0.261925
v 2.134969 1.501013 0.281074
v 0.898455 1.886479 1.170889
v -0.000001 1.886479 -2.153392
v 1.418944 2.033577 -1.418944
v 1.278144 1.501014 -0.737937
v 0.261926 1.353916 -1.989522
v 1.003344 1.353915 -1.737845
v 1.076695 1.501014 -1.864893
v 1.287276 1.353916 0.987761
v 1.278144 1.886479 0.737937
v 1.363529 1.886479 -0.564792
v 0.381984 1.501014 -1.425584
v 1.853940 2.033577 0.767926
v 1.463247 1.501014 0.192640
v 1.475874 1.501014 -0.000000
v 2.153392 1.886479 -0.000001
v 2.006690 2.033577 -0.000001
v 1.522679 1.501014 1.522677
v 0.898455 1.886479 -1.170889
v 0.281074 1.501013 -2.134969
v 1.522679 1.886479 1.522677
v 1.418945 2.033577 1.418943
v 0.767926 2.033577 -1.853940
v 1.310902 1.501014 1.708400
v 1.287276 2.033577 -0.987762
v 0.907300 1.303230 -1.571491
v -0.000000 2.033577 -1.622576
v -0.000000 1.886479 -1.475874
v 1.989522 2.033577 -0.261926
v 1.938313 2.033577 -0.519370
v 1.676473 1.303230 -0.694418
v 1.864892 1.501014 -1.076696
v 1.752770 1.303230 -0.469654
v 0.987762 2.033577 -1.287276
v 0.419954 1.353915 -1.567288
v 0.987762 1.353916 -1.287276
v 1.147334 1.353916 -1.147334
v 0.811287 1.353916 -1.405192
v -0.000000 1.303230 -1.814601
v 1.463247 1.501014 -0.192641
v 1.499065 1.353916 0.620932
v 0.620933 2.033577 -1.499065
v 0.557339 1.886479 -2.080017
v 0.519370 2.033577 -1.938314
v 1.708400 1.886479 -1.310902
v 1.592014 2.033577 -1.221596
v 1.104659 1.303230 -1.439620
v 1.363529 1.501014 0.564792
v 1.938314 1.353915 0.519369
v 2.080017 1.501014 0.557338
v 2.134969 1.886479 -0.281075
v 0.620933 1.353915 -1.499065
v 1.221596 1.353916 -1.592014
v 1.708400 1.501014 -1.310902
v 1.608694 1.353915 0.211788
v 1.989475 1.501013 0.824067
v -0.061983 2.001849 -1.924013
v -0.056764 2.001849 -1.677022
v -0.124037 2.001850 -1.924013
v -0.113329 2.001850 -1.677023
v -0.123421 2.071186 -1.924014
v -0.113945 2.071186 -1.677023
v -0.124450 2.039458 -1.924013
v -0.112916 2.039458 -1.677023
v -0.061744 2.071186 -1.924014
v -0.057003 2.071186 -1.677023
v -0.057279 2.033577 -1.677022
v -0.061468 2.033577 -1.924013
v -0.063068 1.886479 -1.924014
v -0.055679 1.886479 -1.677023
v -0.062723 1.933816 -1.924013
v -0.056024 1.933816 -1.677023
v -0.063134 1.958998 -1.924014
v -0.055613 1.958998 -1.677023
v -0.126200 1.958998 -1.924013
v -0.111166 1.958998 -1.677022
v -0.126273 1.886481 -1.924013
v -0.111093 1.886481 -1.677023
v -0.126890 1.911661 -1.924013
v -0.110476 1.911661 -1.677023
v -0.063466 1.797656 -1.924015
v -0.055281 1.797656 -1.677023
v -0.063588 1.741749 -1.924015
v -0.055159 1.741749 -1.677024
v -0.063951 1.806513 -1.924014
v -0.054796 1.806513 -1.677022
v -0.127349 1.741750 -1.924015
v -0.110017 1.741750 -1.677023
v -0.128076 1.750606 -1.924015
v -0.109290 1.750606 -1.677022
v -0.127833 1.806513 -1.924015
v -0.109533 1.806513 -1.677023
v -0.054796 1.580980 -1.677022
v -0.063951 1.580980 -1.924016
v -0.055159 1.645743 -1.677024
v -0.063588 1.645743 -1.924015
v -0.055281 1.589836 -1.677023
v -0.063466 1.589836 -1.924015
v -0.109533 1.580980 -1.677023
v -0.127833 1.580980 -1.924015
v -0.110017 1.645742 -1.677023
v -0.127349 1.645742 -1.924015
v -0.109290 1.636887 -1.677022
v -0.128076 1.636887 -1.924015
v 0.058736 1.750606 0.045276
v 0.059478 1.750606 0.000000
v 0.058737 1.636887 0.045276
v 0.059478 1.636887 0.000000
v 0.058737 1.750606 -0.045275
v 0.058736 1.636887 -0.045275
v 0.000000 2.366555 -0.182044
v 0.000000 2.331040 -0.178546
v 0.000000 2.215191 -0.101138
v 0.035515 2.366555 -0.178546
v 0.034833 2.331040 -0.175115
v 0.032812 2.296890 -0.164955
v 0.029530 2.265417 -0.148456
v 0.025113 2.237830 -0.126251
v 0.019731 2.215191 -0.099195
v 0.013591 2.198368 -0.068327
v 0.006929 2.188009 -0.034833
v 0.069665 2.366555 -0.168187
v 0.068327 2.331040 -0.164955
v 0.064362 2.296890 -0.155384
v 0.057925 2.265417 -0.139842
v 0.049261 2.237830 -0.118926
v 0.038704 2.215191 -0.093440
v 0.026660 2.198368 -0.064362
v 0.013591 2.188009 -0.032812
v 0.101138 2.366555 -0.151364
v 0.099195 2.331040 -0.148456
v 0.093440 2.296890 -0.139842
v 0.084093 2.265417 -0.125855
v 0.071516 2.237830 -0.107031
v 0.056189 2.215191 -0.084093
v 0.038704 2.198368 -0.057925
v 0.019731 2.188009 -0.029530
v 0.128725 2.366555 -0.128725
v 0.126251 2.331040 -0.126251
v 0.118926 2.296890 -0.118926
v 0.107031 2.265417 -0.107031
v 0.091022 2.237830 -0.091022
v 0.071516 2.215191 -0.071516
v 0.049261 2.198368 -0.049261
v 0.025113 2.188009 -0.025113
v 0.151364 2.366555 -0.101138
v 0.148456 2.331040 -0.099195
v 0.139842 2.296890 -0.093440
v 0.125855 2.265417 -0.084093
v 0.107031 2.237830 -0.071516
v 0.084093 2.215191 -0.056189
v 0.057925 2.198368 -0.038704
v 0.029530 2.188009 -0.019731
v 0.168187 2.366555 -0.069665
v 0.164955 2.331040 -0.068327
v 0.155384 2.296890 -0.064362
v 0.139842 2.265417 -0.057925
v 0.118926 2.237830 -0.049261
v 0.093440 2.215191 -0.038704
v 0.064362 2.198368 -0.026660
v 0.032812 2.188009 -0.013591
v 0.178546 2.366555 -0.035515
v 0.175115 2.331040 -0.034833
v 0.164955 2.296890 -0.032812
v 0.148456 2.265417 -0.029530
v 0.126251 2.237830 -0.025113
v 0.099195 2.215191 -0.019731
v 0.068327 2.198368 -0.013591
v 0.034833 2.188009 -0.006929
v 0.182044 2.366555 0.000000
v 0.178546 2.331040 0.000000
v 0.168187 2.296890 0.000000
v 0.151364 2.265417 0.000000
v 0.128725 2.237830 0.000000
v 0.101138 2.215191 0.000000
v 0.069665 2.198368 0.000000
v 0.035515 2.188009 0.000000
v 0.178546 2.366555 0.035515
v 0.175115 2.331040 0.034833
v 0.164955 2.296890 0.032812
v 0.148456 2.265417 0.029530
v 0.126251 2.237830 0.025113
v 0.099195 2.215191 0.019731
v 0.068327 2.198368 0.013591
v 0.034833 2.188009 0.006929
v 0.168187 2.366555 0.069665
v 0.164955 2.331040 0.068327
v 0.155384 2.296890 0.064362
v 0.139842 2.265417 0.057925
v 0.118926 2.237830 0.049261
v 0.093440 2.215191 0.038704
v 0.064362 2.198368 0.026660
v 0.032812 2.188009 0.013591
v 0.151364 2.366555 0.101138
v 0.148456 2.331040 0.099195
v 0.139842 2.296890 0.093440
v 0.125855 2.265417 0.084093
v 0.107031 2.237830 0.071516
v 0.084093 2.215191 0.056189
v 0.057925 2.198368 0.038704
v 0.029530 2.188009 0.019731
v 0.128725 2.366555 0.128725
v 0.126251 2.331040 0.126251
v 0.118926 2.296890 0.118926
v 0.107031 2.265417 0.107031
v 0.091022 2.237830 0.091022
v 0.071516 2.215191 0.071516
v 0.049261 2.198368 0.049261
v 0.025113 2.188009 0.025113
v 0.101138 2.366555 0.151364
v 0.099195 2.331040 0.148456
v 0.093440 2.296890 0.139842
v 0.084093 2.265417 0.125855
v 0.071516 2.237830 0.107031
v 0.056189 2.215191 0.084093
v 0.038704 2.198368 0.057925
v 0.019731 2.188009 0.029530
v 0.000000 2.184511 0.000000
v 0.069665 2.366555 0.168187
v 0.068327 2.331040 0.164955
v 0.064362 2.296890 0.155384
v 0.057925 2.265417 0.139842
v 0.049261 2.237830 0.118926
v 0.038704 2.215191 0.093440
v 0.026660 2.198368 0.064362
v 0.013591 2.188009 0.032812
v 0.035515 2.366555 0.178546
v 0.034833 2.331040 0.175116
v 0.032812 2.296890 0.164955
v 0.029530 2.265417 0.148456
v 0.025113 2.237830 0.126251
v 0.019731 2.215191 0.099195
v 0.013591 2.198368 0.068327
v 0.006929 2.188009 0.034833
v -0.000000 2.366555 0.182044
v -0.000000 2.331040 0.178546
v 0.000000 2.296890 0.168187
v -0.000000 2.265417 0.151364
v -0.000000 2.237830 0.128725
v -0.000000 2.215191 0.101138
v 0.000000 2.198368 0.069665
v 0.000000 2.188009 0.035515
v -0.035515 2.366555 0.178546
v -0.034833 2.331040 0.175115
v -0.032812 2.296890 0.164955
v -0.029530 2.265417 0.148456
v -0.025113 2.237830 0.126251
v -0.019731 2.215191 0.099195
v -0.013591 2.198368 0.068327
v -0.006929 2.188009 0.034833
v -0.069665 2.366555 0.168187
v -0.068327 2.331040 0.164955
v -0.064362 2.296890 0.155384
v -0.057925 2.265417 0.139842
v -0.049261 2.237830 0.118926
v -0.038704 2.215191 0.093440
v -0.026660 2.198368 0.064362
v -0.013591 2.188009 0.032812
v -0.101138 2.366555 0.151364
v -0.099195 2.331040 0.148456
v -0.093440 2.296890 0.139842
v -0.084093 2.265417 0.125855
v -0.071516 2.237830 0.107031
v -0.056189 2.215191 0.084093
v -0.038704 2.198368 0.057925
v -0.019731 2.188009 0.029530
v -0.128725 2.366555 0.128725
v -0.126251 2.331040 0.126251
v -0.118926 2.296890 0.118926
v -0.107031 2.265417 0.107031
v -0.091022 2.237830 0.091022
v -0.071516 2.215191 0.071516
v -0.049261 2.198368 0.049261
v -0.025113 2.188009 0.025113
v -0.151364 2.366555 0.101138
v -0.148456 2.331040 0.099195
v -0.139842 2.296890 0.093440
v -0.125855 2.265417 0.084093
v -0.107031 2.237830 0.071516
v -0.084093 2.215191 0.056189
v -0.057925 2.198368 0.038704
v -0.029530 2.188009 0.019731
v -0.168187 2.366555 0.069665
v -0.164955 2.331040 0.068327
v -0.155384 2.296890 0.064362
v -0.139842 2.265417 0.057925
v -0.118926 2.237830 0.049261
v -0.093440 2.215191 0.038704
v -0.064362 2.198368 0.026660
v -0.032812 2.188009 0.013591
v -0.178546 2.366555 0.035515
v -0.175115 2.331040 0.034833
v -0.164955 2.296890 0.032812
v -0.148456 2.265417 0.029530
v -0.126251 2.237830 0.025113
v -0.099195 2.215191 0.019731
v -0.068327 2.198368 0.013591
v -0.034833 2.188009 0.006929
v -0.182044 2.366555 0.000000
v -0.178546 2.331040 0.000000
v -0.168187 2.296890 0.000000
v -0.151364 2.265417 0.000000
v -0.128725 2.237830 0.000000
v -0.101138 2.215191 0.000000
v -0.069665 2.198368 0.000000
v -0.035515 2.188009 0.000000
v -0.178546 2.366555 -0.035515
v -0.175115 2.331040 -0.034833
v -0.164955 2.296890 -0.032812
v -0.148456 2.265417 -0.029530
v -0.126251 2.237830 -0.025113
v -0.099195 2.215191 -0.019731
v -0.068327 2.198368 -0.013591
v -0.034833 2.188009 -0.006929
v -0.168187 2.366555 -0.069665
v -0.164955 2.331040 -0.068327
v -0.155384 2.296890 -0.064362
v -0.139842 2.265417 -0.057925
v -0.118926 2.237830 -0.049261
v -0.093440 2.215191 -0.038704
v -0.064362 2.198368 -0.026660
v -0.032812 2.188009 -0.013591
v -0.151364 2.366555 -0.101138
v -0.148456 2.331040 -0.099195
v -0.139842 2.296890 -0.093440
v -0.125855 2.265417 -0.084093
v -0.107031 2.237830 -0.071516
v -0.084093 2.215191 -0.056189
v -0.057925 2.198368 -0.038704
v -0.029530 2.188009 -0.019731
v -0.128725 2.366555 -0.128725
v -0.126251 2.331040 -0.126251
v -0.118926 2.296890 -0.118926
v -0.107031 2.265417 -0.107031
v -0.091022 2.237830 -0.091022
v -0.071516 2.215191 -0.071516
v -0.049261 2.198368 -0.049261
v -0.025113 2.188009 -0.025113
v -0.101138 2.366555 -0.151364
v -0.099195 2.331040 -0.148456
v -0.093440 2.296890 -0.139842
v -0.084093 2.265417 -0.125855
v -0.071516 2.237830 -0.107031
v -0.056189 2.215191 -0.084093
v -0.038704 2.198368 -0.057924
v -0.019731 2.188009 -0.029530
v -0.069665 2.366555 -0.168187
v -0.068327 2.331040 -0.164955
v -0.064362 2.296890 -0.155384
v -0.057924 2.265417 -0.139842
v -0.049261 2.237830 -0.118926
v -0.038704 2.215191 -0.093440
v -0.026660 2.198368 -0.064362
v -0.013591 2.188009 -0.032812
v -0.035515 2.366555 -0.178546
v -0.034833 2.331040 -0.175115
v -0.032812 2.296890 -0.164955
v -0.029530 2.265417 -0.148456
v -0.025113 2.237830 -0.126251
v -0.019731 2.215191 -0.099195
v -0.013591 2.198368 -0.068327
v -0.006929 2.188009 -0.034833
v 0.000000 2.296890 -0.168187
v 0.000000 2.265417 -0.151364
v 0.000000 2.237830 -0.128725
v 0.000000 2.198368 -0.069665
v 0.000000 2.188009 -0.035515
v 0.029334 2.366555 -0.147472
v 0.000000 2.366555 -0.150361
v 0.057541 2.366555 -0.138916
v 0.083536 2.366555 -0.125021
v 0.106321 2.366555 -0.106321
v 0.125021 2.366555 -0.083536
v 0.138916 2.366555 -0.057541
v 0.147472 2.366555 -0.029334
v 0.150361 2.366555 0.000000
v 0.147472 2.366555 0.029334
v 0.138916 2.366555 0.057541
v 0.125021 2.366555 0.083536
v 0.106321 2.366555 0.106321
v 0.083536 2.366555 0.125021
v 0.057541 2.366555 0.138916
v 0.029334 2.366555 0.147472
v -0.000000 2.366555 0.150361
v -0.029334 2.366555 0.147472
v -0.057541 2.366555 0.138916
v -0.083536 2.366555 0.125021
v -0.106321 2.366555 0.106321
v -0.125021 2.366555 0.083536
v -0.138916 2.366555 0.057541
v -0.147472 2.366555 0.029334
v -0.150361 2.366555 0.000000
v -0.147472 2.366555 -0.029334
v -0.138916 2.366555 -0.057541
v -0.125021 2.366555 -0.083536
v -0.106321 2.366555 -0.106321
v -0.083536 2.366555 -0.125021
v -0.057541 2.366555 -0.138915
v -0.029334 2.366555 -0.147472
v 0.015573 2.232996 -0.078293
v 0.000000 2.232996 -0.079827
v 0.030548 2.232996 -0.073750
v 0.044349 2.232996 -0.066374
v 0.056446 2.232996 -0.056446
v 0.066374 2.232996 -0.044349
v 0.073750 2.232996 -0.030548
v 0.078293 2.232996 -0.015573
v 0.079827 2.232996 0.000000
v 0.078293 2.232996 0.015573
v 0.073750 2.232996 0.030548
v 0.066374 2.232996 0.044349
v 0.056446 2.232996 0.056446
v 0.044349 2.232996 0.066374
v 0.030548 2.232996 0.073750
v 0.015573 2.232996 0.078293
v 0.000000 2.232996 0.079827
v -0.015573 2.232996 0.078293
v -0.030548 2.232996 0.073750
v -0.044349 2.232996 0.066374
v -0.056446 2.232996 0.056446
v -0.066374 2.232996 0.044349
v -0.073750 2.232996 0.030548
v -0.078293 2.232996 0.015573
v -0.079827 2.232996 0.000000
v -0.078293 2.232996 -0.015573
v -0.073750 2.232996 -0.030548
v -0.066374 2.232996 -0.044349
v -0.056446 2.232996 -0.056446
v -0.044349 2.232996 -0.066374
v -0.030548 2.232996 -0.073750
v -0.015573 2.232996 -0.078293
v 0.000000 -0.819519 -0.113633
v 0.000000 2.232996 -0.113633
v 0.022169 -0.819519 -0.111450
v 0.022169 2.232996 -0.111450
v 0.043486 -0.819519 -0.104983
v 0.043486 2.232996 -0.104983
v 0.063131 -0.819519 -0.094483
v 0.063131 2.232996 -0.094483
v 0.080351 -0.819519 -0.080351
v 0.080351 2.232996 -0.080351
v 0.094483 -0.819519 -0.063131
v 0.094483 2.232996 -0.063131
v 0.104983 -0.819519 -0.043486
v 0.104983 2.232996 -0.043486
v 0.111450 -0.819519 -0.022169
v 0.111450 2.232996 -0.022169
v 0.113633 -0.819519 -0.000000
v 0.113633 2.232996 -0.000000
v 0.111450 -0.819519 0.022169
v 0.111450 2.232996 0.022169
v 0.104983 -0.819519 0.043486
v 0.104983 2.232996 0.043486
v 0.094483 -0.819519 0.063131
v 0.094483 2.232996 0.063131
v 0.080351 -0.819519 0.080351
v 0.080351 2.232996 0.080351
v 0.063131 -0.819519 0.094483
v 0.063131 2.232996 0.094483
v 0.043486 -0.819519 0.104983
v 0.043486 2.232996 0.104983
v 0.022169 -0.819519 0.111450
v 0.022169 2.232996 0.111450
v -0.000000 -0.819519 0.113633
v -0.000000 2.232996 0.113633
v -0.022169 -0.819519 0.111450
v -0.022169 2.232996 0.111450
v -0.043486 -0.819519 0.104983
v -0.043486 2.232996 0.104983
v -0.063131 -0.819519 0.094483
v -0.063131 2.232996 0.094483
v -0.080351 -0.819519 0.080351
v -0.080351 2.232996 0.080351
v -0.094483 -0.819519 0.063131
v -0.094483 2.232996 0.063131
v -0.104983 -0.819519 0.043485
v -0.104983 2.232996 0.043485
v -0.111450 -0.819519 0.022169
v -0.111450 2.232996 0.022169
v -0.113633 -0.819519 -0.000000
v -0.113633 2.232996 -0.000000
v -0.111450 -0.819519 -0.022169
v -0.111450 2.232996 -0.022169
v -0.104983 -0.819519 -0.043486
v -0.104983 2.232996 -0.043486
v -0.094482 -0.819519 -0.063131
v -0.094482 2.232996 -0.063131
v -0.080351 -0.819519 -0.080351
v -0.080351 2.232996 -0.080351
v -0.063131 -0.819519 -0.094483
v -0.063131 2.232996 -0.094483
v -0.043485 -0.819519 -0.104983
v -0.043485 2.232996 -0.104983
v -0.022169 -0.819519 -0.111450
v -0.022169 2.232996 -0.111450
s off
f 479 22 480
f 4 15 5
f 480 23 10
f 5 16 6
f 10 24 481
f 6 17 7
f 481 25 482
f 7 18 8
f 1 297 11
f 206 482 25
f 8 19 9
f 1 12 2
f 9 20 478
f 3 12 13
f 478 21 479
f 3 14 4
f 20 36 21
f 13 29 14
f 22 36 37
f 14 30 15
f 22 38 23
f 15 31 16
f 23 39 24
f 16 32 17
f 24 40 25
f 17 33 18
f 11 297 26
f 206 25 40
f 19 33 34
f 11 27 12
f 20 34 35
f 12 28 13
f 39 55 40
f 32 48 33
f 26 297 41
f 206 40 55
f 33 49 34
f 26 42 27
f 34 50 35
f 27 43 28
f 36 50 51
f 28 44 29
f 37 51 52
f 29 45 30
f 37 53 38
f 30 46 31
f 38 54 39
f 32 46 47
f 43 59 44
f 51 67 52
f 44 60 45
f 52 68 53
f 45 61 46
f 53 69 54
f 46 62 47
f 54 70 55
f 48 62 63
f 41 297 56
f 206 55 70
f 48 64 49
f 41 57 42
f 49 65 50
f 42 58 43
f 51 65 66
f 63 77 78
f 56 297 71
f 206 70 85
f 63 79 64
f 56 72 57
f 64 80 65
f 57 73 58
f 66 80 81
f 58 74 59
f 66 82 67
f 60 74 75
f 68 82 83
f 60 76 61
f 69 83 84
f 61 77 62
f 69 85 70
f 82 96 97
f 75 89 90
f 82 98 83
f 75 91 76
f 84 98 99
f 77 91 92
f 84 100 85
f 77 93 78
f 71 297 86
f 206 85 100
f 78 94 79
f 71 87 72
f 79 95 80
f 72 88 73
f 81 95 96
f 73 89 74
f 86 297 101
f 206 100 115
f 93 109 94
f 86 102 87
f 94 110 95
f 87 103 88
f 96 110 111
f 89 103 104
f 97 111 112
f 89 105 90
f 97 113 98
f 90 106 91
f 98 114 99
f 92 106 107
f 100 114 115
f 92 108 93
f 104 120 105
f 113 127 128
f 105 121 106
f 114 128 129
f 107 121 122
f 115 129 130
f 107 123 108
f 101 297 116
f 206 115 130
f 109 123 124
f 101 117 102
f 109 125 110
f 102 118 103
f 111 125 126
f 103 119 104
f 111 127 112
f 123 139 124
f 117 131 132
f 124 140 125
f 117 133 118
f 126 140 141
f 118 134 119
f 126 142 127
f 120 134 135
f 128 142 143
f 120 136 121
f 128 144 129
f 122 136 137
f 130 144 145
f 122 138 123
f 116 297 131
f 206 130 145
f 142 158 143
f 135 151 136
f 144 158 159
f 137 151 152
f 144 160 145
f 137 153 138
f 131 297 146
f 206 145 160
f 138 154 139
f 131 147 132
f 139 155 140
f 133 147 148
f 141 155 156
f 133 149 134
f 141 157 142
f 134 150 135
f 154 170 155
f 147 163 148
f 156 170 171
f 148 164 149
f 156 172 157
f 150 164 165
f 158 172 173
f 150 166 151
f 158 174 159
f 152 166 167
f 159 175 160
f 152 168 153
f 146 297 161
f 206 160 175
f 154 168 169
f 146 162 147
f 173 189 174
f 167 181 182
f 175 189 190
f 167 183 168
f 161 297 176
f 206 175 190
f 168 184 169
f 161 177 162
f 169 185 170
f 162 178 163
f 170 186 171
f 163 179 164
f 171 187 172
f 164 180 165
f 173 187 188
f 165 181 166
f 177 193 178
f 186 200 201
f 179 193 194
f 186 202 187
f 180 194 195
f 188 202 203
f 180 196 181
f 188 204 189
f 182 196 197
f 190 204 205
f 182 198 183
f 176 297 191
f 206 190 205
f 184 198 199
f 176 192 177
f 184 200 185
f 197 212 213
f 204 221 205
f 197 214 198
f 191 297 207
f 206 205 221
f 198 215 199
f 191 208 192
f 199 216 200
f 193 208 209
f 201 216 217
f 193 210 194
f 201 218 202
f 194 211 195
f 203 218 219
f 195 212 196
f 203 220 204
f 217 231 232
f 209 225 210
f 217 233 218
f 210 226 211
f 218 234 219
f 211 227 212
f 219 235 220
f 213 227 228
f 221 235 236
f 213 229 214
f 207 297 222
f 206 221 236
f 214 230 215
f 207 223 208
f 215 231 216
f 208 224 209
f 236 250 251
f 228 244 229
f 222 297 237
f 206 236 251
f 229 245 230
f 222 238 223
f 230 246 231
f 224 238 239
f 232 246 247
f 225 239 240
f 232 248 233
f 225 241 226
f 234 248 249
f 226 242 227
f 234 250 235
f 228 242 243
f 240 254 255
f 247 263 248
f 241 255 256
f 248 264 249
f 241 257 242
f 249 265 250
f 243 257 258
f 250 266 251
f 243 259 244
f 237 297 252
f 206 251 266
f 244 260 245
f 237 253 238
f 245 261 246
f 238 254 239
f 247 261 262
f 258 274 259
f 252 297 267
f 206 266 281
f 260 274 275
f 252 268 253
f 260 276 261
f 253 269 254
f 262 276 277
f 255 269 270
f 262 278 263
f 256 270 271
f 263 279 264
f 256 272 257
f 265 279 280
f 258 272 273
f 266 280 281
f 277 293 278
f 271 285 286
f 279 293 294
f 271 287 272
f 279 295 280
f 273 287 288
f 281 295 296
f 273 289 274
f 267 297 282
f 206 281 296
f 274 290 275
f 267 283 268
f 275 291 276
f 268 284 269
f 277 291 292
f 269 285 270
f 206 296 312
f 289 306 290
f 282 299 283
f 290 307 291
f 283 300 284
f 292 307 308
f 285 300 301
f 292 309 293
f 286 301 302
f 293 310 294
f 286 303 287
f 294 311 295
f 288 303 304
f 295 312 296
f 289 304 305
f 282 297 298
f 309 325 310
f 302 318 303
f 311 325 326
f 304 318 319
f 311 327 312
f 304 320 305
f 298 297 313
f 206 312 327
f 305 321 306
f 298 314 299
f 306 322 307
f 299 315 300
f 308 322 323
f 301 315 316
f 308 324 309
f 302 316 317
f 313 329 314
f 321 337 322
f 314 330 315
f 323 337 338
f 316 330 331
f 324 338 339
f 317 331 332
f 324 340 325
f 317 333 318
f 326 340 341
f 319 333 334
f 327 341 342
f 319 335 320
f 313 297 328
f 206 327 342
f 320 336 321
f 332 348 333
f 341 355 356
f 334 348 349
f 341 357 342
f 334 350 335
f 328 297 343
f 206 342 357
f 335 351 336
f 329 343 344
f 336 352 337
f 329 345 330
f 338 352 353
f 331 345 346
f 338 354 339
f 332 346 347
f 339 355 340
f 351 367 352
f 344 360 345
f 353 367 368
f 346 360 361
f 353 369 354
f 346 362 347
f 355 369 370
f 347 363 348
f 356 370 371
f 349 363 364
f 356 372 357
f 349 365 350
f 343 297 358
f 206 357 372
f 351 365 366
f 344 358 359
f 371 385 386
f 364 378 379
f 371 387 372
f 364 380 365
f 358 297 373
f 206 372 387
f 366 380 381
f 359 373 374
f 366 382 367
f 359 375 360
f 368 382 383
f 361 375 376
f 368 384 369
f 362 376 377
f 369 385 370
f 362 378 363
f 374 390 375
f 383 397 398
f 376 390 391
f 383 399 384
f 376 392 377
f 384 400 385
f 377 393 378
f 386 400 401
f 379 393 394
f 386 402 387
f 379 395 380
f 373 297 388
f 206 387 402
f 380 396 381
f 373 389 374
f 381 397 382
f 394 408 409
f 401 417 402
f 394 410 395
f 388 297 403
f 206 402 417
f 396 410 411
f 388 404 389
f 396 412 397
f 390 404 405
f 398 412 413
f 391 405 406
f 398 414 399
f 392 406 407
f 399 415 400
f 392 408 393
f 401 415 416
f 413 427 428
f 405 421 406
f 413 429 414
f 407 421 422
f 414 430 415
f 407 423 408
f 415 431 416
f 409 423 424
f 416 432 417
f 409 425 410
f 403 297 418
f 206 417 432
f 411 425 426
f 403 419 404
f 411 427 412
f 404 420 405
f 431 447 432
f 425 439 440
f 418 297 433
f 206 432 447
f 425 441 426
f 418 434 419
f 426 442 427
f 419 435 420
f 428 442 443
f 420 436 421
f 428 444 429
f 422 436 437
f 430 444 445
f 422 438 423
f 430 446 431
f 424 438 439
f 443 459 444
f 437 451 452
f 444 460 445
f 437 453 438
f 445 461 446
f 439 453 454
f 446 462 447
f 439 455 440
f 433 297 448
f 206 447 462
f 440 456 441
f 434 448 449
f 441 457 442
f 435 449 450
f 443 457 458
f 436 450 451
f 448 297 463
f 206 462 477
f 455 471 456
f 448 464 449
f 456 472 457
f 449 465 450
f 458 472 473
f 450 466 451
f 458 474 459
f 452 466 467
f 459 475 460
f 452 468 453
f 460 476 461
f 454 468 469
f 462 476 477
f 454 470 455
f 467 4 5
f 474 10 475
f 468 5 6
f 475 481 476
f 469 6 7
f 476 482 477
f 470 7 8
f 463 297 1
f 206 477 482
f 470 9 471
f 464 1 2
f 471 478 472
f 465 2 3
f 473 478 479
f 466 3 4
f 473 480 474
f 485 483 484
f 1879 485 486
f 489 487 2217
f 1806 489 2218
f 488 490 2155
f 490 1807 2643
f 493 491 1816
f 2082 493 1817
f 492 494 1961
f 494 2083 2645
f 495 496 498
f 496 2527 2528
f 499 500 502
f 501 502 1746
f 503 1836 1837
f 505 1837 2646
f 2009 504 506
f 2010 506 2401
f 509 507 508
f 1713 509 510
f 510 508 2335
f 1714 510 2336
f 511 512 514
f 513 514 2251
f 512 1713 1714
f 514 1714 2648
f 515 2600 2601
f 517 2601 2649
f 2059 516 518
f 2060 518 2470
f 521 519 520
f 522 520 2195
f 524 523 526
f 527 526 1879
f 525 523 524
f 2591 525 528
f 2406 529 531
f 2405 531 1806
f 532 529 2406
f 2045 532 2407
f 530 533 2334
f 533 2046 2652
f 530 2333 2332
f 534 2332 2643
f 2482 535 537
f 2481 537 2082
f 538 535 2482
f 1858 538 2483
f 536 539 2166
f 539 1859 2654
f 536 2165 2164
f 540 2164 2645
f 541 542 545
f 542 1888 1889
f 541 543 546
f 544 546 2528
f 547 550 551
f 550 1747 1746
f 547 548 552
f 549 552 2049
f 553 555 2546
f 555 2400 2646
f 553 2547 2548
f 556 2548 2655
f 1774 554 557
f 1775 557 2233
f 558 554 1774
f 2401 558 1773
f 561 559 560
f 1884 561 563
f 563 560 2288
f 1885 563 2289
f 562 559 561
f 2335 562 564
f 564 561 1884
f 2336 564 1883
f 565 568 569
f 566 569 1883
f 568 2252 2251
f 569 2251 2648
f 565 566 570
f 567 570 2602
f 566 1884 1885
f 570 1885 2657
f 571 573 1818
f 573 2469 2649
f 571 1819 1820
f 574 1820 2658
f 2222 572 575
f 2223 575 2420
f 576 572 2222
f 2470 576 2221
f 579 577 578
f 581 578 2098
f 580 577 579
f 2195 580 582
f 584 583 586
f 587 586 2591
f 585 583 584
f 2558 585 588
f 2596 589 591
f 2595 591 2045
f 592 589 2596
f 2359 592 2597
f 590 593 2533
f 593 2360 2661
f 590 2532 2531
f 594 2531 2652
f 2174 595 597
f 2173 597 1858
f 598 595 2174
f 1802 598 2175
f 596 599 2431
f 599 1803 2663
f 596 2430 2429
f 600 2429 2654
f 601 602 605
f 602 2075 2076
f 601 603 606
f 604 606 1889
f 607 610 611
f 610 2050 2049
f 607 608 612
f 609 612 1916
f 613 615 1827
f 615 2232 2655
f 613 1828 1829
f 616 1829 2664
f 2583 614 617
f 2584 617 1982
f 618 614 2583
f 2233 618 2582
f 621 619 620
f 2126 621 623
f 623 620 2038
f 2127 623 2039
f 622 619 621
f 2288 622 624
f 624 621 2126
f 2289 624 2125
f 625 628 629
f 626 629 2125
f 628 2603 2602
f 629 2602 2657
f 625 626 630
f 627 630 1900
f 626 2126 2127
f 630 2127 2666
f 631 633 2186
f 633 2419 2658
f 631 2187 2188
f 634 2188 2667
f 2026 632 635
f 2027 635 1729
f 636 632 2026
f 2420 636 2025
f 639 637 638
f 641 638 1915
f 640 637 639
f 2098 640 642
f 644 643 646
f 647 646 2558
f 645 643 644
f 2298 645 648
f 1874 649 651
f 1873 651 2359
f 652 649 1874
f 2620 652 1875
f 650 653 1934
f 653 2621 2670
f 650 1933 1932
f 654 1932 2661
f 2043 655 657
f 2042 657 1802
f 658 655 2043
f 2571 658 2044
f 656 659 2589
f 659 2572 2672
f 656 2588 2587
f 660 2587 2663
f 661 662 665
f 662 2344 2345
f 661 663 666
f 664 666 2076
f 667 670 671
f 670 1917 1916
f 667 668 672
f 669 672 2169
f 673 675 2466
f 675 1981 2664
f 673 2467 2468
f 676 2468 2673
f 2279 674 677
f 2280 677 1793
f 678 674 2279
f 1982 678 2278
f 681 679 680
f 2383 681 683
f 683 680 1841
f 2384 683 1842
f 682 679 681
f 2038 682 684
f 684 681 2383
f 2039 684 2382
f 685 688 689
f 686 689 2382
f 688 1901 1900
f 689 1900 2666
f 685 686 690
f 687 690 2121
f 686 2383 2384
f 690 2384 2675
f 691 693 2442
f 693 1728 2667
f 691 2443 2444
f 694 2444 2676
f 1798 692 695
f 1799 695 1965
f 696 692 1798
f 1729 696 1797
f 699 697 698
f 701 698 2634
f 700 697 699
f 1915 700 702
f 704 703 706
f 707 706 2298
f 705 703 704
f 2065 705 708
f 2150 709 711
f 2149 711 2620
f 712 709 2150
f 2330 712 2151
f 710 713 2207
f 713 2331 2679
f 710 2206 2205
f 714 2205 2670
f 1866 715 717
f 1865 717 2571
f 718 715 1866
f 1940 718 1867
f 716 719 1990
f 719 1941 2681
f 716 1989 1988
f 720 1988 2672
f 721 722 725
f 722 2099 2100
f 721 723 726
f 724 726 2345
f 727 730 731
f 730 2170 2169
f 727 728 732
f 729 732 2276
f 733 735 2316
f 735 1792 2673
f 733 2317 2318
f 736 2318 2682
f 2140 734 737
f 2141 737 2220
f 738 734 2140
f 1793 738 2139
f 741 739 740
f 1731 741 743
f 743 740 1701
f 1732 743 1702
f 742 739 741
f 1841 742 744
f 744 741 1731
f 1842 744 1730
f 745 748 749
f 746 749 1730
f 748 2122 2121
f 749 2121 2675
f 745 746 750
f 747 750 1876
f 746 1731 1732
f 750 1732 2684
f 751 753 1794
f 753 1964 2676
f 751 1795 1796
f 754 1796 2685
f 2580 752 755
f 2581 755 2545
f 756 752 2580
f 1965 756 2579
f 759 757 758
f 761 758 2459
f 760 757 759
f 2634 760 762
f 764 763 766
f 767 766 2065
f 765 763 764
f 2358 765 768
f 1943 769 771
f 1942 771 2330
f 772 769 1943
f 2555 772 1944
f 770 773 1998
f 773 2556 2688
f 770 1997 1996
f 774 1996 2679
f 2550 775 777
f 2549 777 1940
f 778 775 2550
f 2106 778 2551
f 776 779 1772
f 779 2107 2690
f 776 1771 1770
f 780 1770 2681
f 781 782 785
f 782 2286 2287
f 781 783 786
f 784 786 2100
f 787 790 791
f 790 2277 2276
f 787 788 792
f 789 792 2007
f 793 795 2351
f 795 2219 2682
f 793 2352 2353
f 796 2353 2691
f 2282 794 797
f 2283 797 1949
f 798 794 2282
f 2220 798 2281
f 801 799 800
f 2451 801 803
f 803 800 1886
f 2452 803 1887
f 802 799 801
f 1701 802 804
f 804 801 2451
f 1702 804 2450
f 805 808 809
f 806 809 2450
f 808 1877 1876
f 809 1876 2684
f 805 806 810
f 807 810 2047
f 806 2451 2452
f 810 2452 2693
f 811 813 2617
f 813 2544 2685
f 811 2618 2619
f 814 2619 2694
f 2577 812 815
f 2578 815 2231
f 816 812 2577
f 2545 816 2576
f 819 817 818
f 821 818 1984
f 820 817 819
f 2459 820 822
f 824 823 826
f 827 826 2358
f 825 823 824
f 2586 825 828
f 2199 829 831
f 2198 831 2555
f 832 829 2199
f 1800 832 2200
f 830 833 1909
f 833 1801 2697
f 830 1908 1907
f 834 1907 2688
f 1768 835 837
f 1767 837 2106
f 838 835 1768
f 2342 838 1769
f 836 839 1954
f 839 2343 2699
f 836 1953 1952
f 840 1952 2690
f 841 842 845
f 842 2540 2541
f 841 843 846
f 844 846 2287
f 847 850 851
f 850 2008 2007
f 847 848 852
f 849 852 1755
f 853 855 2054
f 855 1948 2691
f 853 2055 2056
f 856 2056 2700
f 2493 854 857
f 2494 857 2636
f 858 854 2493
f 1949 858 2492
f 861 859 860
f 1718 861 863
f 863 860 2057
f 1719 863 2058
f 862 859 861
f 1886 862 864
f 864 861 1718
f 1887 864 1717
f 865 868 869
f 866 869 1717
f 868 2048 2047
f 869 2047 2693
f 865 866 870
f 867 870 2243
f 866 1718 1719
f 870 1719 2702
f 871 873 2354
f 873 2230 2694
f 871 2355 2356
f 874 2356 2703
f 2302 872 875
f 2303 875 1959
f 876 872 2302
f 2231 876 2301
f 879 877 878
f 881 878 2214
f 880 877 879
f 1984 880 882
f 884 883 886
f 887 886 2586
f 885 883 884
f 1704 885 888
f 2131 889 891
f 2130 891 1800
f 892 889 2131
f 2019 892 2132
f 890 893 2554
f 893 2020 2706
f 890 2553 2552
f 894 2552 2697
f 1956 895 897
f 1955 897 2342
f 898 895 1956
f 2435 898 1957
f 896 899 1892
f 899 2436 2708
f 896 1891 1890
f 900 1890 2699
f 901 902 905
f 902 1784 1785
f 901 903 906
f 904 906 2541
f 907 910 911
f 910 1756 1755
f 907 908 912
f 909 912 2309
f 913 915 2013
f 915 2635 2700
f 913 2014 2015
f 916 2015 2709
f 2607 914 917
f 2608 917 2374
f 918 914 2607
f 2636 918 2606
f 921 919 920
f 2569 921 923
f 923 920 2203
f 2570 923 2204
f 922 919 921
f 2057 922 924
f 924 921 2569
f 2058 924 2568
f 925 928 929
f 926 929 2568
f 928 2244 2243
f 929 2243 2702
f 925 926 930
f 927 930 2445
f 926 2569 2570
f 930 2570 2711
f 931 933 2016
f 933 1958 2703
f 931 2017 2018
f 934 2018 2712
f 2181 932 935
f 2182 935 2505
f 936 932 2181
f 1959 936 2180
f 939 937 938
f 941 938 2269
f 940 937 939
f 2214 940 942
f 944 943 946
f 947 946 1704
f 945 943 944
f 1980 945 948
f 2263 949 951
f 2262 951 2019
f 952 949 2263
f 2260 952 2264
f 950 953 2308
f 953 2261 2715
f 950 2307 2306
f 954 2306 2706
f 2184 955 957
f 2183 957 2435
f 958 955 2184
f 1720 958 2185
f 956 959 2001
f 959 1721 2717
f 956 2000 1999
f 960 1999 2708
f 961 962 965
f 962 2036 2037
f 961 963 966
f 964 966 1785
f 967 970 971
f 970 2310 2309
f 967 968 972
f 969 972 2073
f 973 975 2592
f 975 2373 2709
f 973 2593 2594
f 976 2594 2718
f 1938 974 977
f 1939 977 2138
f 978 974 1938
f 2374 978 1937
f 981 979 980
f 1753 981 983
f 983 980 2410
f 1754 983 2411
f 982 979 981
f 2203 982 984
f 984 981 1753
f 2204 984 1752
f 985 988 989
f 986 989 1752
f 988 2446 2445
f 989 2445 2711
f 985 986 990
f 987 990 1765
f 986 1753 1754
f 990 1754 2720
f 991 993 1810
f 993 2504 2712
f 991 1811 1812
f 994 1812 2721
f 1869 992 995
f 1870 995 2296
f 996 992 1869
f 2505 996 1868
f 999 997 998
f 1001 998 2509
f 1000 997 999
f 2269 1000 1002
f 1004 1003 1006
f 1007 1006 1980
f 1005 1003 1004
f 2179 1005 1008
f 2520 1009 1011
f 2519 1011 2260
f 1012 1009 2520
f 2499 1012 2521
f 1010 1013 2072
f 1013 2500 2724
f 1010 2071 2070
f 1014 2070 2715
f 2464 1015 1017
f 2463 1017 1720
f 1018 1015 2464
f 1847 1018 2465
f 1016 1019 2275
f 1019 1848 2726
f 1016 2274 2273
f 1020 2273 2717
f 1021 1022 1025
f 1022 2145 2146
f 1021 1023 1026
f 1024 1026 2037
f 1027 1030 1031
f 1030 2074 2073
f 1027 1028 1032
f 1029 1032 1736
f 1033 1035 2392
f 1035 2137 2718
f 1033 2393 2394
f 1036 2394 2727
f 2241 1034 1037
f 2242 1037 1805
f 1038 1034 2241
f 2138 1038 2240
f 1041 1039 1040
f 2095 1041 1043
f 1043 1040 2440
f 2096 1043 2441
f 1042 1039 1041
f 2410 1042 1044
f 1044 1041 2095
f 2411 1044 2094
f 1045 1048 1049
f 1046 1049 2094
f 1048 1766 1765
f 1049 1765 2720
f 1045 1046 1050
f 1047 1050 2375
f 1046 2095 2096
f 1050 2096 2729
f 1051 1053 1929
f 1053 2295 2721
f 1051 1930 1931
f 1054 1931 2730
f 1739 1052 1055
f 1740 1055 2078
f 1056 1052 1739
f 2296 1056 1738
f 1059 1057 1058
f 1061 1058 1861
f 1060 1057 1059
f 2509 1060 1062
f 1064 1063 1066
f 1067 1066 2179
f 1065 1063 1064
f 2216 1065 1068
f 1850 1069 1071
f 1849 1071 2499
f 1072 1069 1850
f 2627 1072 1851
f 1070 1073 2144
f 1073 2628 2733
f 1070 2143 2142
f 1074 2142 2724
f 2380 1075 1077
f 2379 1077 1847
f 1078 1075 2380
f 1991 1078 2381
f 1076 1079 2462
f 1079 1992 2735
f 1076 2461 2460
f 1080 2460 2726
f 1081 1082 1085
f 1082 1935 1936
f 1081 1083 1086
f 1084 1086 2146
f 1087 1090 1091
f 1090 1737 1736
f 1087 1088 1092
f 1089 1092 2529
f 1093 1095 2079
f 1095 1804 2727
f 1093 2080 2081
f 1096 2081 2736
f 2328 1094 1097
f 2329 1097 1749
f 1098 1094 2328
f 1805 1098 2327
f 1101 1099 1100
f 2517 1101 1103
f 1103 1100 2631
f 2518 1103 2632
f 1102 1099 1101
f 2440 1102 1104
f 1104 1101 2517
f 2441 1104 2516
f 1105 1108 1109
f 1106 1109 2516
f 1108 2376 2375
f 1109 2375 2729
f 1105 1106 1110
f 1107 1110 2084
f 1106 2517 2518
f 1110 2518 2738
f 1111 1113 2455
f 1113 2077 2730
f 1111 2456 2457
f 1114 2457 2739
f 1919 1112 1115
f 1920 1115 1809
f 1116 1112 1919
f 2078 1116 1918
f 1119 1117 1118
f 1121 1118 2041
f 1120 1117 1119
f 1861 1120 1122
f 1124 1123 1126
f 1127 1126 2216
f 1125 1123 1124
f 2378 1125 1128
f 1787 1129 1131
f 1786 1131 2627
f 1132 1129 1787
f 2314 1132 1788
f 1130 1133 1724
f 1133 2315 2742
f 1130 1723 1722
f 1134 1722 2733
f 1825 1135 1137
f 1824 1137 1991
f 1138 1135 1825
f 2128 1138 1826
f 1136 1139 2006
f 1139 2129 2744
f 1136 2005 2004
f 1140 2004 2735
f 1141 1142 1145
f 1142 2561 2562
f 1141 1143 1146
f 1144 1146 1936
f 1147 1150 1151
f 1150 2530 2529
f 1147 1148 1152
f 1149 1152 2253
f 1153 1155 2321
f 1155 1748 2736
f 1153 2322 2323
f 1156 2323 2745
f 2514 1154 1157
f 2515 1157 1969
f 1158 1154 2514
f 1749 1158 2513
f 1161 1159 1160
f 2228 1161 1163
f 1163 1160 1910
f 2229 1163 1911
f 1162 1159 1161
f 2631 1162 1164
f 1164 1161 2228
f 2632 1164 2227
f 1165 1168 1169
f 1166 1169 2227
f 1168 2085 2084
f 1169 2084 2738
f 1165 1166 1170
f 1167 1170 1843
f 1166 2228 2229
f 1170 2229 2747
f 1171 1173 2161
f 1173 1808 2739
f 1171 2162 2163
f 1174 2163 2748
f 2092 1172 1175
f 2093 1175 2507
f 1176 1172 2092
f 1809 1176 2091
f 1179 1177 1178
f 1181 1178 2239
f 1180 1177 1179
f 2041 1180 1182
f 1184 1183 1186
f 1187 1186 2378
f 1185 1183 1184
f 1783 1185 1188
f 2472 1189 1191
f 2471 1191 2314
f 1192 1189 2472
f 2171 1192 2473
f 1190 1193 2399
f 1193 2172 2751
f 1190 2398 2397
f 1194 2397 2742
f 2062 1195 1197
f 2061 1197 2128
f 1198 1195 2062
f 2598 1198 2063
f 1196 1199 1712
f 1199 2599 2753
f 1196 1711 1710
f 1200 1710 2744
f 1201 1202 1205
f 1202 2408 2409
f 1201 1203 1206
f 1204 1206 2562
f 1207 1210 1211
f 1210 2254 2253
f 1207 1208 1212
f 1209 1212 2236
f 1213 1215 2534
f 1215 1968 2745
f 1213 2535 2536
f 1216 2536 2754
f 1761 1214 1217
f 1762 1217 2300
f 1218 1214 1761
f 1969 1218 1760
f 1221 1219 1220
f 1927 1221 1223
f 1223 1220 2361
f 1928 1223 2362
f 1222 1219 1221
f 1910 1222 1224
f 1224 1221 1927
f 1911 1224 1926
f 1225 1228 1229
f 1226 1229 1926
f 1228 1844 1843
f 1229 1843 2747
f 1225 1226 1230
f 1227 1230 1715
f 1226 1927 1928
f 1230 1928 2756
f 1231 1233 1862
f 1233 2506 2748
f 1231 1863 1864
f 1234 1864 2757
f 2349 1232 1235
f 2350 1235 2488
f 1236 1232 2349
f 2507 1236 2348
f 1239 1237 1238
f 1241 1238 2246
f 1237 1239 1242
f 2239 1240 1242
f 1244 1243 1246
f 1247 1246 1783
f 1245 1243 1244
f 2124 1245 1248
f 2258 1249 1251
f 2257 1251 2171
f 1252 1249 2258
f 1966 1252 2259
f 1250 1253 2193
f 1253 1967 2760
f 1250 2192 2191
f 1254 2191 2751
f 2368 1255 1257
f 2367 1257 2598
f 1258 1255 2368
f 1905 1258 2369
f 1256 1259 2428
f 1259 1906 2762
f 1256 2427 2426
f 1260 2426 2753
f 1261 1262 1265
f 1262 2189 2190
f 1261 1263 1266
f 1264 1266 2409
f 1267 1270 1271
f 1270 2237 2236
f 1267 1268 1272
f 1269 1272 2023
f 1273 1275 1821
f 1275 2299 2754
f 1273 1822 1823
f 1276 1823 2763
f 2116 1274 1277
f 2117 1277 2560
f 1278 1274 2116
f 2300 1278 2115
f 1281 1279 1280
f 1696 1281 1283
f 1283 1280 2604
f 1697 1283 2605
f 1282 1279 1281
f 2361 1282 1284
f 1284 1281 1696
f 2362 1284 1695
f 1285 1288 1289
f 1286 1289 1695
f 1288 1716 1715
f 1289 1715 2756
f 1285 1286 1290
f 1287 1290 2421
f 1286 1696 1697
f 1290 1697 2765
f 1291 1293 1757
f 1293 2487 2757
f 1291 1758 1759
f 1294 1759 2766
f 2523 1292 1295
f 2524 1295 2250
f 1296 1292 2523
f 2488 1296 2522
f 1299 1297 1298
f 1301 1298 2386
f 1300 1297 1299
f 2246 1300 1302
f 1304 1303 1306
f 1307 1306 2124
f 1305 1303 1304
f 2347 1305 1308
f 1922 1309 1311
f 1921 1311 1966
f 1312 1309 1922
f 2640 1312 1923
f 1310 1313 1987
f 1313 2641 2769
f 1310 1986 1985
f 1314 1985 2760
f 2615 1315 1317
f 2614 1317 1905
f 1318 1315 2615
f 2108 1318 2616
f 1316 1319 2210
f 1319 2109 2771
f 1316 2209 2208
f 1320 2208 2762
f 1321 1322 1325
f 1322 1950 1951
f 1321 1323 1326
f 1324 1326 2190
f 1327 1330 1331
f 1330 2024 2023
f 1327 1328 1332
f 1329 1332 1780
f 1333 1335 2086
f 1335 2559 2763
f 1333 2087 2088
f 1336 2088 2772
f 2390 1334 1337
f 2391 1337 2114
f 1338 1334 2390
f 2560 1338 2389
f 1341 1339 1340
f 2448 1341 1343
f 1343 1340 2176
f 2449 1343 2177
f 1342 1339 1341
f 2604 1342 1344
f 1344 1341 2448
f 2605 1344 2447
f 1345 1348 1349
f 1346 1349 2447
f 1348 2422 2421
f 1349 2421 2765
f 1345 1346 1350
f 1347 1350 2474
f 1346 2448 2449
f 1350 2449 2774
f 1351 1353 2501
f 1353 2249 2766
f 1351 2502 2503
f 1354 2503 2775
f 1881 1352 1355
f 1882 1355 2294
f 1356 1352 1881
f 2250 1356 1880
f 1359 1357 1358
f 1361 1358 1777
f 1360 1357 1359
f 2386 1360 1362
f 1364 1363 1366
f 1367 1366 2347
f 1365 1363 1364
f 2543 1365 1368
f 1814 1369 1371
f 1813 1371 2640
f 1372 1369 1814
f 1763 1372 1815
f 1370 1373 1857
f 1373 1764 2778
f 1370 1856 1855
f 1374 1855 2769
f 2438 1375 1377
f 2437 1377 2108
f 1378 1375 2438
f 1830 1378 2439
f 1376 1379 2032
f 1379 1831 2780
f 1376 2031 2030
f 1380 2030 2771
f 1381 1382 1385
f 1382 2011 2012
f 1381 1383 1386
f 1384 1386 1951
f 1387 1390 1391
f 1390 1781 1780
f 1387 1388 1392
f 1389 1392 2196
f 1393 1395 1705
f 1395 2113 2772
f 1393 1706 1707
f 1396 1707 2781
f 2479 1394 1397
f 2480 1397 2134
f 1398 1394 2479
f 2114 1398 2478
f 1401 1399 1400
f 2566 1401 1403
f 1403 1400 2066
f 2567 1403 2067
f 1402 1399 1401
f 2176 1402 1404
f 1404 1401 2566
f 2177 1404 2565
f 1405 1408 1409
f 1406 1409 2565
f 1408 2475 2474
f 1409 2474 2774
f 1405 1406 1410
f 1407 1410 2255
f 1406 2566 2567
f 1410 2567 2783
f 1411 1413 2609
f 1413 2293 2775
f 1411 2610 2611
f 1414 2611 2784
f 2433 1412 1415
f 2434 1415 1976
f 1416 1412 2433
f 2294 1416 2432
f 1419 1417 1418
f 1421 1418 2157
f 1420 1417 1419
f 1777 1420 1422
f 1424 1423 1426
f 1427 1426 2543
f 1425 1423 1424
f 2248 1425 1428
f 1896 1429 1431
f 1895 1431 1763
f 1432 1429 1896
f 2417 1432 1897
f 1430 1433 2053
f 1433 2418 2787
f 1430 2052 2051
f 1434 2051 2778
f 2413 1435 1437
f 2412 1437 1830
f 1438 1435 2413
f 2476 1438 2414
f 1436 1439 2103
f 1439 2477 2789
f 1436 2102 2101
f 1440 2101 2780
f 1441 1442 1445
f 1442 1708 1709
f 1441 1443 1446
f 1444 1446 2012
f 1447 1450 1451
f 1450 2197 2196
f 1447 1448 1452
f 1449 1452 2340
f 1453 1455 1743
f 1455 2133 2781
f 1453 1744 1745
f 1456 1745 2790
f 2625 1454 1457
f 2626 1457 2285
f 1458 1454 2625
f 2134 1458 2624
f 1461 1459 1460
f 2312 1461 1463
f 1463 1460 1750
f 2313 1463 1751
f 1462 1459 1461
f 2066 1462 1464
f 1464 1461 2312
f 2067 1464 2311
f 1465 1468 1469
f 1466 1469 2311
f 1468 2256 2255
f 1469 2255 2783
f 1465 1466 1470
f 1467 1470 1924
f 1466 2312 2313
f 1470 2313 2792
f 1471 1473 2484
f 1473 1975 2784
f 1471 2485 2486
f 1474 2486 2793
f 2424 1472 1475
f 2425 1475 2105
f 1476 1472 2424
f 1976 1476 2423
f 1479 1477 1478
f 1481 1478 1835
f 1480 1477 1479
f 2157 1480 1482
f 1484 1483 1486
f 1487 1486 2248
f 1485 1483 1484
f 2003 1485 1488
f 2574 1489 1491
f 2573 1491 2417
f 1492 1489 2574
f 2167 1492 2575
f 1490 1493 2267
f 1493 2168 2796
f 1490 2266 2265
f 1494 2265 2787
f 2159 1495 1497
f 2158 1497 2476
f 1498 1495 2159
f 2201 1498 2160
f 1496 1499 1840
f 1499 2202 2798
f 1496 1839 1838
f 1500 1838 2789
f 1501 1502 1505
f 1502 2365 2366
f 1501 1503 1506
f 1504 1506 1709
f 1507 1510 1511
f 1510 2341 2340
f 1507 1508 1512
f 1509 1512 2563
f 1513 1515 1993
f 1515 2284 2790
f 1513 1994 1995
f 1516 1995 2799
f 2403 1514 1517
f 2404 1517 2496
f 1518 1514 2403
f 2285 1518 2402
f 1521 1519 1520
f 2271 1521 1523
f 1523 1520 1832
f 2272 1523 1833
f 1522 1519 1521
f 1750 1522 1524
f 1524 1521 2271
f 1751 1524 2270
f 1525 1528 1529
f 1526 1529 2270
f 1528 1925 1924
f 1529 1924 2792
f 1525 1526 1530
f 1527 1530 2612
f 1526 2271 2272
f 1530 2272 2801
f 1531 1533 1725
f 1533 2104 2793
f 1531 1726 1727
f 1534 1727 2802
f 1903 1532 1535
f 1904 1535 2212
f 1536 1532 1903
f 2105 1536 1902
f 1539 1537 1538
f 1541 1538 2498
f 1540 1537 1539
f 1835 1540 1542
f 1544 1543 1546
f 1547 1546 2003
f 1545 1543 1544
f 2090 1545 1548
f 2490 1549 1551
f 2489 1551 2167
f 1552 1549 2490
f 1912 1552 2491
f 1550 1553 2372
f 1553 1913 2805
f 1550 2371 2370
f 1554 2370 2796
f 1790 1555 1557
f 1789 1557 2201
f 1558 1555 1790
f 2319 1558 1791
f 1556 1559 1735
f 1559 2320 2807
f 1556 1734 1733
f 1560 1733 2798
f 1561 1562 1565
f 1562 2152 2153
f 1561 1563 1566
f 1564 1566 2366
f 1567 1570 1571
f 1570 2564 2563
f 1567 1568 1572
f 1569 1572 2629
f 1573 1575 2324
f 1575 2495 2799
f 1573 2325 2326
f 1576 2326 2808
f 2111 1574 1577
f 2112 1577 1742
f 1578 1574 2111
f 2496 1578 2110
f 1581 1579 1580
f 1946 1581 1583
f 1583 1580 2525
f 1947 1583 2526
f 1582 1579 1581
f 1832 1582 1584
f 1584 1581 1946
f 1833 1584 1945
f 1585 1588 1589
f 1586 1589 1945
f 1588 2613 2612
f 1589 2612 2801
f 1585 1586 1590
f 1587 1590 2387
f 1586 1946 1947
f 1590 1947 2810
f 1591 1593 1972
f 1593 2211 2802
f 1591 1973 1974
f 1594 1974 2811
f 2034 1592 1595
f 2035 1595 2454
f 1596 1592 2034
f 2212 1596 2033
f 1599 1597 1598
f 1601 1598 2148
f 1600 1597 1599
f 2498 1600 1602
f 1604 1603 1606
f 1607 1606 2090
f 1605 1603 1604
f 1846 1605 1608
f 2119 1609 1611
f 2118 1611 1912
f 1612 1609 2119
f 2622 1612 2120
f 1610 1613 1700
f 1613 2623 2814
f 1610 1699 1698
f 1614 1698 2805
f 2538 1615 1617
f 2537 1617 2319
f 1618 1615 2538
f 2068 1618 2539
f 1616 1619 2339
f 1619 2069 2816
f 1616 2338 2337
f 1620 2337 2807
f 1621 1622 1625
f 1622 1893 1894
f 1621 1623 1626
f 1624 1626 2153
f 1627 1630 1631
f 1630 2630 2629
f 1627 1628 1632
f 1629 1632 1977
f 1633 1635 2510
f 1635 1741 2808
f 1633 2511 2512
f 1636 2512 2817
f 1853 1634 1637
f 1854 1637 2029
f 1638 1634 1853
f 1742 1638 1852
f 1641 1639 1640
f 2638 1641 1643
f 1643 1640 2304
f 2639 1643 2305
f 1642 1639 1641
f 2525 1642 1644
f 1644 1641 2638
f 2526 1644 2637
f 1645 1648 1649
f 1646 1649 2637
f 1648 2388 2387
f 1649 2387 2810
f 1645 1646 1650
f 1647 1650 2135
f 1646 2638 2639
f 1650 2639 2819
f 1651 1653 2224
f 1653 2453 2811
f 1651 2225 2226
f 1654 2226 2820
f 2291 1652 1655
f 2292 1655 1899
f 1656 1652 2291
f 2454 1656 2290
f 1659 1657 1658
f 1661 1658 1971
f 1660 1657 1659
f 2148 1660 1662
f 1664 1663 1665
f 1666 1665 1846
f 1963 1667 1669
f 1962 1669 2622
f 1668 2022 2021
f 1670 2021 2814
f 2364 1671 1673
f 2363 1673 2068
f 1672 2235 2234
f 1674 2234 2816
f 1675 1676 1678
f 1677 1678 1894
f 1679 1681 1682
f 1681 1978 1977
f 1683 1685 1871
f 1685 2028 2817
f 1686 1684 2396
f 2029 1686 2395
f 1687 1689 2415
f 1689 1898 2820
f 1690 1688 1779
f 1899 1690 1778
f 1693 1691 1692
f 1971 1693 1694
f 2823 2822 2824
f 2826 2824 2825
f 2829 2828 2830
f 2831 2830 2832
f 2833 2834 2837
f 2835 2837 5031
f 2838 2840 2841
f 2841 2840 2842
f 2845 2843 2844
f 2845 2847 5094
f 2849 2848 2851
f 2849 2852 2853
f 2855 2854 2856
f 2856 2857 2859
f 2861 2860 2862
f 2862 2864 5049
f 2865 2866 2869
f 2868 2867 2869
f 2870 2873 2875
f 2873 2874 2877
f 2872 2871 2875
f 2876 2875 2877
f 2879 2878 2880
f 2880 2881 2883
f 2874 2879 2882
f 2882 2883 4978
f 2884 2886 2887
f 2886 2888 5038
f 2891 2889 2890
f 2892 2891 2893
f 2895 2894 2897
f 2896 2895 2898
f 2903 2900 2901
f 2825 2903 2902
f 2901 2900 2904
f 2906 2904 2905
f 2910 2908 2909
f 2832 2910 2911
f 2909 2908 2912
f 2913 2912 2914
f 2915 2916 2919
f 2917 2919 5114
f 2915 2920 2921
f 2920 2836 5031
f 2924 2922 2923
f 2842 2924 2925
f 2923 2922 2926
f 2927 2926 2928
f 2929 2930 2933
f 2931 2933 5058
f 2929 2934 2935
f 2934 2846 5094
f 2936 2939 2940
f 2937 2940 2941
f 2936 2942 2943
f 2942 2850 2853
f 2944 2945 2946
f 2947 2946 2859
f 2944 2948 2950
f 2948 2949 2951
f 2952 2953 2955
f 2954 2955 5049
f 2952 2956 2957
f 2956 2958 5044
f 2961 2959 2960
f 2962 2961 2963
f 2960 2959 2964
f 2965 2964 2868
f 2967 2966 2969
f 2971 2969 2970
f 2968 2967 2971
f 2972 2971 2973
f 2969 2966 2974
f 2975 2974 2872
f 2970 2969 2975
f 2976 2975 2876
f 2977 2978 2979
f 2978 2970 2976
f 2980 2979 2883
f 2979 2976 4978
f 2977 2981 2983
f 2981 2982 2984
f 2978 2983 2973
f 2983 2984 5068
f 2985 2986 2988
f 2987 2988 5038
f 2985 2989 2990
f 2989 2991 5039
f 2994 2992 2993
f 2995 2994 2996
f 2993 2992 2997
f 2998 2997 2892
f 3000 2999 3002
f 3001 3000 3003
f 3002 2999 3005
f 3006 3005 2896
f 3010 3007 3008
f 2905 3010 3009
f 3008 3007 3011
f 3013 3011 3012
f 3017 3015 3016
f 2914 3017 3018
f 3016 3015 3019
f 3020 3019 3021
f 3022 3023 3026
f 3024 3026 5082
f 3022 3027 3028
f 3027 2918 5114
f 3031 3029 3030
f 2928 3031 3032
f 3030 3029 3033
f 3034 3033 3035
f 3036 3037 3040
f 3038 3040 5027
f 3036 3041 3042
f 3041 2932 5058
f 3043 3046 3047
f 3044 3047 3048
f 3043 3049 3050
f 3049 2938 2941
f 3051 3052 3053
f 3054 3053 2951
f 3051 3055 3057
f 3055 3056 3058
f 3059 3060 3062
f 3061 3062 5044
f 3059 3063 3064
f 3063 3065 5045
f 3068 3066 3067
f 3069 3068 3070
f 3067 3066 3071
f 3072 3071 2962
f 3074 3073 3076
f 3078 3076 3077
f 3075 3074 3078
f 3079 3078 3080
f 3076 3073 3081
f 3082 3081 2968
f 3077 3076 3082
f 3083 3082 2972
f 3084 3085 3086
f 3085 3077 3083
f 3087 3086 2984
f 3086 3083 5068
f 3084 3088 3090
f 3088 3089 3091
f 3085 3090 3080
f 3090 3091 5073
f 3092 3093 3095
f 3094 3095 5039
f 3092 3096 3097
f 3096 3098 4987
f 3101 3099 3100
f 3102 3101 3103
f 3100 3099 3104
f 3105 3104 2995
f 3107 3106 3109
f 3108 3107 3110
f 3109 3106 3112
f 3113 3112 3001
f 3117 3114 3115
f 3012 3117 3116
f 3115 3114 3118
f 3120 3118 3119
f 3124 3122 3123
f 3021 3124 3125
f 3123 3122 3126
f 3127 3126 3128
f 3129 3130 3133
f 3131 3133 5083
f 3129 3134 3135
f 3134 3025 5082
f 3138 3136 3137
f 3035 3138 3139
f 3137 3136 3140
f 3141 3140 3142
f 3143 3144 3147
f 3145 3147 5102
f 3143 3148 3149
f 3148 3039 5027
f 3150 3153 3154
f 3151 3154 3155
f 3150 3156 3157
f 3156 3045 3048
f 3158 3159 3160
f 3161 3160 3058
f 3158 3162 3164
f 3162 3163 3165
f 3166 3167 3169
f 3168 3169 5045
f 3166 3170 3171
f 3170 3172 5019
f 3175 3173 3174
f 3176 3175 3177
f 3174 3173 3178
f 3179 3178 3069
f 3181 3180 3183
f 3185 3183 3184
f 3182 3181 3185
f 3186 3185 3187
f 3183 3180 3188
f 3189 3188 3075
f 3184 3183 3189
f 3190 3189 3079
f 3191 3192 3193
f 3192 3184 3190
f 3194 3193 3091
f 3193 3190 5073
f 3191 3195 3197
f 3195 3196 3198
f 3192 3197 3187
f 3197 3198 4989
f 3199 3200 3202
f 3201 3202 4987
f 3199 3203 3204
f 3203 3205 5021
f 3208 3206 3207
f 3209 3208 3210
f 3207 3206 3211
f 3212 3211 3102
f 3214 3213 3216
f 3215 3214 3217
f 3216 3213 3219
f 3220 3219 3108
f 3224 3221 3222
f 3119 3224 3223
f 3222 3221 3225
f 3227 3225 3226
f 3231 3229 3230
f 3128 3231 3232
f 3230 3229 3233
f 3234 3233 3235
f 3236 3237 3240
f 3238 3240 5105
f 3236 3241 3242
f 3241 3132 5083
f 3245 3243 3244
f 3142 3245 3246
f 3244 3243 3247
f 3248 3247 3249
f 3250 3251 3254
f 3252 3254 5010
f 3250 3255 3256
f 3255 3146 5102
f 3257 3260 3261
f 3258 3261 3262
f 3257 3263 3264
f 3263 3152 3155
f 3265 3266 3267
f 3268 3267 3165
f 3265 3269 3271
f 3269 3270 3272
f 3273 3274 3276
f 3275 3276 5019
f 3273 3277 3278
f 3277 3279 5140
f 3282 3280 3281
f 3283 3282 3284
f 3281 3280 3285
f 3286 3285 3176
f 3288 3287 3290
f 3292 3290 3291
f 3289 3288 3292
f 3293 3292 3294
f 3290 3287 3295
f 3296 3295 3182
f 3291 3290 3296
f 3297 3296 3186
f 3298 3299 3300
f 3299 3291 3297
f 3301 3300 3198
f 3300 3297 4989
f 3298 3302 3304
f 3302 3303 3305
f 3299 3304 3294
f 3304 3305 4973
f 3306 3307 3309
f 3308 3309 5021
f 3306 3310 3311
f 3310 3312 5022
f 3315 3313 3314
f 3316 3315 3317
f 3314 3313 3318
f 3319 3318 3209
f 3321 3320 3323
f 3322 3321 3324
f 3323 3320 3326
f 3327 3326 3215
f 3331 3328 3329
f 3226 3331 3330
f 3329 3328 3332
f 3334 3332 3333
f 3338 3336 3337
f 3235 3338 3339
f 3337 3336 3340
f 3341 3340 3342
f 3343 3344 3347
f 3345 3347 5078
f 3343 3348 3349
f 3348 3239 5105
f 3352 3350 3351
f 3249 3352 3353
f 3351 3350 3354
f 3355 3354 3356
f 3357 3358 3361
f 3359 3361 5011
f 3357 3362 3363
f 3362 3253 5010
f 3364 3367 3368
f 3365 3368 3369
f 3364 3370 3371
f 3370 3259 3262
f 3372 3373 3374
f 3375 3374 3272
f 3372 3376 3378
f 3376 3377 3379
f 3380 3381 3383
f 3382 3383 5140
f 3380 3384 3385
f 3384 3386 5089
f 3389 3387 3388
f 3390 3389 3391
f 3388 3387 3392
f 3393 3392 3283
f 3395 3394 3397
f 3399 3397 3398
f 3396 3395 3399
f 3400 3399 3401
f 3397 3394 3402
f 3403 3402 3289
f 3398 3397 3403
f 3404 3403 3293
f 3405 3406 3407
f 3406 3398 3404
f 3408 3407 3305
f 3407 3404 4973
f 3405 3409 3411
f 3409 3410 3412
f 3406 3411 3401
f 3411 3412 4979
f 3413 3414 3416
f 3415 3416 5022
f 3413 3417 3418
f 3417 3419 5141
f 3422 3420 3421
f 3423 3422 3424
f 3421 3420 3425
f 3426 3425 3316
f 3428 3427 3430
f 3429 3428 3431
f 3430 3427 3433
f 3434 3433 3322
f 3438 3435 3436
f 3333 3438 3437
f 3436 3435 3439
f 3441 3439 3440
f 3445 3443 3444
f 3342 3445 3446
f 3444 3443 3447
f 3448 3447 3449
f 3450 3451 3454
f 3452 3454 5025
f 3450 3455 3456
f 3455 3346 5078
f 3459 3457 3458
f 3356 3459 3460
f 3458 3457 3461
f 3462 3461 3463
f 3464 3465 3468
f 3466 3468 5069
f 3464 3469 3470
f 3469 3360 5011
f 3471 3474 3475
f 3472 3475 3476
f 3471 3477 3478
f 3477 3366 3369
f 3479 3480 3481
f 3482 3481 3379
f 3479 3483 3485
f 3483 3484 3486
f 3487 3488 3490
f 3489 3490 5089
f 3487 3491 3492
f 3491 3493 5106
f 3496 3494 3495
f 3497 3496 3498
f 3495 3494 3499
f 3500 3499 3390
f 3502 3501 3504
f 3506 3504 3505
f 3503 3502 3506
f 3507 3506 3508
f 3504 3501 3509
f 3510 3509 3396
f 3505 3504 3510
f 3511 3510 3400
f 3512 3513 3514
f 3513 3505 3511
f 3515 3514 3412
f 3514 3511 4979
f 3512 3516 3518
f 3516 3517 3519
f 3513 3518 3508
f 3518 3519 4980
f 3520 3521 3523
f 3522 3523 5141
f 3520 3524 3525
f 3524 3526 5092
f 3529 3527 3528
f 3530 3529 3531
f 3528 3527 3532
f 3533 3532 3423
f 3535 3534 3537
f 3536 3535 3538
f 3537 3534 3540
f 3541 3540 3429
f 3545 3542 3543
f 3440 3545 3544
f 3543 3542 3546
f 3548 3546 3547
f 3552 3550 3551
f 3449 3552 3553
f 3551 3550 3554
f 3555 3554 3556
f 3557 3558 3561
f 3559 3561 5109
f 3557 3562 3563
f 3562 3453 5025
f 3566 3564 3565
f 3463 3566 3567
f 3565 3564 3568
f 3569 3568 3570
f 3571 3572 3575
f 3573 3575 5070
f 3571 3576 3577
f 3576 3467 5069
f 3578 3581 3582
f 3579 3582 3583
f 3578 3584 3585
f 3584 3473 3476
f 3586 3587 3588
f 3589 3588 3486
f 3586 3590 3592
f 3590 3591 3593
f 3594 3595 3597
f 3596 3597 5106
f 3594 3598 3599
f 3598 3600 5107
f 3603 3601 3602
f 3604 3603 3605
f 3602 3601 3606
f 3607 3606 3497
f 3609 3608 3611
f 3613 3611 3612
f 3610 3609 3613
f 3614 3613 3615
f 3611 3608 3616
f 3617 3616 3503
f 3612 3611 3617
f 3618 3617 3507
f 3619 3620 3621
f 3620 3612 3618
f 3622 3621 3519
f 3621 3618 4980
f 3619 3623 3625
f 3623 3624 3626
f 3620 3625 3615
f 3625 3626 5000
f 3627 3628 3630
f 3629 3630 5092
f 3627 3631 3632
f 3631 3633 5034
f 3636 3634 3635
f 3637 3636 3638
f 3635 3634 3639
f 3640 3639 3530
f 3642 3641 3644
f 3643 3642 3645
f 3644 3641 3647
f 3648 3647 3536
f 3652 3649 3650
f 3547 3652 3651
f 3650 3649 3653
f 3655 3653 3654
f 3659 3657 3658
f 3556 3659 3660
f 3658 3657 3661
f 3662 3661 3663
f 3664 3665 3668
f 3666 3668 5121
f 3664 3669 3670
f 3669 3560 5109
f 3673 3671 3672
f 3570 3673 3674
f 3672 3671 3675
f 3676 3675 3677
f 3678 3679 3682
f 3680 3682 4982
f 3678 3683 3684
f 3683 3574 5070
f 3685 3688 3689
f 3686 3689 3690
f 3685 3691 3692
f 3691 3580 3583
f 3693 3694 3695
f 3696 3695 3593
f 3693 3697 3699
f 3697 3698 3700
f 3701 3702 3704
f 3703 3704 5107
f 3701 3705 3706
f 3705 3707 5132
f 3710 3708 3709
f 3711 3710 3712
f 3709 3708 3713
f 3714 3713 3604
f 3716 3715 3718
f 3720 3718 3719
f 3717 3716 3720
f 3721 3720 3722
f 3718 3715 3723
f 3724 3723 3610
f 3719 3718 3724
f 3725 3724 3614
f 3726 3727 3728
f 3727 3719 3725
f 3729 3728 3626
f 3728 3725 5000
f 3726 3730 3732
f 3730 3731 3733
f 3727 3732 3722
f 3732 3733 5001
f 3734 3735 3737
f 3736 3737 5034
f 3734 3738 3739
f 3738 3740 5035
f 3743 3741 3742
f 3744 3743 3745
f 3742 3741 3746
f 3747 3746 3637
f 3749 3748 3751
f 3750 3749 3752
f 3751 3748 3754
f 3755 3754 3643
f 3759 3756 3757
f 3654 3759 3758
f 3757 3756 3760
f 3762 3760 3761
f 3766 3764 3765
f 3663 3766 3767
f 3765 3764 3768
f 3769 3768 3770
f 3771 3772 3775
f 3773 3775 5122
f 3771 3776 3777
f 3776 3667 5121
f 3780 3778 3779
f 3677 3780 3781
f 3779 3778 3782
f 3783 3782 3784
f 3785 3786 3789
f 3787 3789 5053
f 3785 3790 3791
f 3790 3681 4982
f 3792 3795 3796
f 3793 3796 3797
f 3792 3798 3799
f 3798 3687 3690
f 3800 3801 3802
f 3803 3802 3700
f 3800 3804 3806
f 3804 3805 3807
f 3808 3809 3811
f 3810 3811 5132
f 3808 3812 3813
f 3812 3814 5028
f 3817 3815 3816
f 3818 3817 3819
f 3816 3815 3820
f 3821 3820 3711
f 3823 3822 3825
f 3827 3825 3826
f 3824 3823 3827
f 3828 3827 3829
f 3825 3822 3830
f 3831 3830 3717
f 3826 3825 3831
f 3832 3831 3721
f 3833 3834 3835
f 3834 3826 3832
f 3836 3835 3733
f 3835 3832 5001
f 3833 3837 3839
f 3837 3838 3840
f 3834 3839 3829
f 3839 3840 5125
f 3841 3842 3844
f 3843 3844 5035
f 3841 3845 3846
f 3845 3847 5081
f 3850 3848 3849
f 3851 3850 3852
f 3849 3848 3853
f 3854 3853 3744
f 3856 3855 3858
f 3857 3856 3859
f 3858 3855 3861
f 3862 3861 3750
f 3866 3863 3864
f 3761 3866 3865
f 3864 3863 3867
f 3869 3867 3868
f 3873 3871 3872
f 3770 3873 3874
f 3872 3871 3875
f 3876 3875 3877
f 3878 3879 3882
f 3880 3882 4983
f 3878 3883 3884
f 3883 3774 5122
f 3887 3885 3886
f 3784 3887 3888
f 3886 3885 3889
f 3890 3889 3891
f 3892 3893 3896
f 3894 3896 5103
f 3892 3897 3898
f 3897 3788 5053
f 3899 3902 3903
f 3900 3903 3904
f 3899 3905 3906
f 3905 3794 3797
f 3907 3908 3909
f 3910 3909 3807
f 3907 3911 3913
f 3911 3912 3914
f 3915 3916 3918
f 3917 3918 5028
f 3915 3919 3920
f 3919 3921 4997
f 3924 3922 3923
f 3925 3924 3926
f 3923 3922 3927
f 3928 3927 3818
f 3930 3929 3932
f 3934 3932 3933
f 3931 3930 3934
f 3935 3934 3936
f 3932 3929 3937
f 3938 3937 3824
f 3933 3932 3938
f 3939 3938 3828
f 3940 3941 3942
f 3941 3933 3939
f 3943 3942 3840
f 3942 3939 5125
f 3940 3944 3946
f 3944 3945 3947
f 3941 3946 3936
f 3946 3947 5123
f 3948 3949 3951
f 3950 3951 5081
f 3948 3952 3953
f 3952 3954 5032
f 3957 3955 3956
f 3958 3957 3959
f 3956 3955 3960
f 3961 3960 3851
f 3963 3962 3965
f 3964 3963 3966
f 3962 3968 3969
f 3969 3968 3857
f 3973 3970 3971
f 3868 3973 3972
f 3971 3970 3974
f 3976 3974 3975
f 3980 3978 3979
f 3877 3980 3981
f 3979 3978 3982
f 3983 3982 3984
f 3985 3986 3989
f 3987 3989 4984
f 3985 3990 3991
f 3990 3881 4983
f 3994 3992 3993
f 3891 3994 3995
f 3993 3992 3996
f 3997 3996 3998
f 3999 4000 4003
f 4001 4003 4976
f 3999 4004 4005
f 4004 3895 5103
f 4006 4009 4010
f 4007 4010 4011
f 4006 4012 4013
f 4012 3901 3904
f 4014 4015 4016
f 4017 4016 3914
f 4014 4018 4020
f 4018 4019 4021
f 4022 4023 4025
f 4024 4025 4997
f 4022 4026 4027
f 4026 4028 5097
f 4031 4029 4030
f 4032 4031 4033
f 4030 4029 4034
f 4035 4034 3925
f 4037 4036 4039
f 4041 4039 4040
f 4038 4037 4041
f 4042 4041 4043
f 4039 4036 4044
f 4045 4044 3931
f 4040 4039 4045
f 4046 4045 3935
f 4047 4048 4049
f 4048 4040 4046
f 4050 4049 3947
f 4049 4046 5123
f 4047 4051 4053
f 4051 4052 4054
f 4048 4053 4043
f 4053 4054 5051
f 4055 4056 4058
f 4057 4058 5032
f 4055 4059 4060
f 4059 4061 5059
f 4064 4062 4063
f 4065 4064 4066
f 4063 4062 4067
f 4068 4067 3958
f 4070 4069 4072
f 4071 4070 4073
f 4072 4069 4075
f 4076 4075 3964
f 4080 4077 4078
f 3975 4080 4079
f 4078 4077 4081
f 4083 4081 4082
f 4087 4085 4086
f 3984 4087 4088
f 4086 4085 4089
f 4090 4089 4091
f 4092 4093 4096
f 4094 4096 5138
f 4092 4097 4098
f 4097 3988 4984
f 4101 4099 4100
f 3998 4101 4102
f 4100 4099 4103
f 4104 4103 4105
f 4106 4107 4110
f 4108 4110 4977
f 4106 4111 4112
f 4111 4002 4976
f 4113 4116 4117
f 4114 4117 4118
f 4113 4119 4120
f 4119 4008 4011
f 4121 4122 4123
f 4124 4123 4021
f 4121 4125 4127
f 4125 4126 4128
f 4129 4130 4132
f 4131 4132 5097
f 4129 4133 4134
f 4133 4135 5040
f 4138 4136 4137
f 4139 4138 4140
f 4137 4136 4141
f 4142 4141 4032
f 4144 4143 4146
f 4148 4146 4147
f 4145 4144 4148
f 4149 4148 4150
f 4146 4143 4151
f 4152 4151 4038
f 4147 4146 4152
f 4153 4152 4042
f 4154 4155 4156
f 4155 4147 4153
f 4157 4156 4054
f 4156 4153 5051
f 4154 4158 4160
f 4158 4159 4161
f 4155 4160 4150
f 4160 4161 4969
f 4162 4163 4165
f 4164 4165 5059
f 4162 4166 4167
f 4166 4168 5002
f 4171 4169 4170
f 4172 4171 4173
f 4170 4169 4174
f 4175 4174 4065
f 4177 4176 4179
f 4178 4177 4180
f 4179 4176 4182
f 4183 4182 4071
f 4187 4184 4185
f 4082 4187 4186
f 4185 4184 4188
f 4190 4188 4189
f 4194 4192 4193
f 4091 4194 4195
f 4193 4192 4196
f 4197 4196 4198
f 4199 4200 4203
f 4201 4203 5096
f 4199 4204 4205
f 4204 4095 5138
f 4208 4206 4207
f 4105 4208 4209
f 4207 4206 4210
f 4211 4210 4212
f 4213 4214 4217
f 4215 4217 5077
f 4213 4218 4219
f 4218 4109 4977
f 4220 4223 4224
f 4221 4224 4225
f 4220 4226 4227
f 4226 4115 4118
f 4228 4229 4230
f 4231 4230 4128
f 4228 4232 4234
f 4232 4233 4235
f 4236 4237 4239
f 4238 4239 5040
f 4236 4240 4241
f 4240 4242 5041
f 4245 4243 4244
f 4246 4245 4247
f 4244 4243 4248
f 4249 4248 4139
f 4251 4250 4253
f 4255 4253 4254
f 4252 4251 4255
f 4256 4255 4257
f 4253 4250 4258
f 4259 4258 4145
f 4254 4253 4259
f 4260 4259 4149
f 4261 4262 4263
f 4262 4254 4260
f 4264 4263 4161
f 4263 4260 4969
f 4261 4265 4267
f 4265 4266 4268
f 4262 4267 4257
f 4267 4268 4970
f 4269 4270 4272
f 4271 4272 5002
f 4269 4273 4274
f 4273 4275 5003
f 4278 4276 4277
f 4279 4278 4280
f 4277 4276 4281
f 4282 4281 4172
f 4284 4283 4286
f 4285 4284 4287
f 4286 4283 4289
f 4290 4289 4178
f 4294 4291 4292
f 4189 4294 4293
f 4292 4291 4295
f 4297 4295 4296
f 4301 4299 4300
f 4198 4301 4302
f 4300 4299 4303
f 4304 4303 4305
f 4306 4307 4310
f 4308 4310 5056
f 4306 4311 4312
f 4311 4202 5096
f 4315 4313 4314
f 4212 4315 4316
f 4314 4313 4317
f 4318 4317 4319
f 4320 4321 4324
f 4322 4324 5111
f 4320 4325 4326
f 4325 4216 5077
f 4327 4330 4331
f 4328 4331 4332
f 4327 4333 4334
f 4333 4222 4225
f 4335 4336 4337
f 4338 4337 4235
f 4335 4339 4341
f 4339 4340 4342
f 4343 4344 4346
f 4345 4346 5041
f 4343 4347 4348
f 4347 4349 4974
f 4352 4350 4351
f 4353 4352 4354
f 4351 4350 4355
f 4356 4355 4246
f 4358 4357 4360
f 4362 4360 4361
f 4359 4358 4362
f 4363 4362 4364
f 4360 4357 4365
f 4366 4365 4252
f 4361 4360 4366
f 4367 4366 4256
f 4368 4369 4370
f 4369 4361 4367
f 4371 4370 4268
f 4370 4367 4970
f 4368 4372 4374
f 4372 4373 4375
f 4369 4374 4364
f 4374 4375 5139
f 4376 4377 4379
f 4378 4379 5003
f 4376 4380 4381
f 4380 4382 5145
f 4385 4383 4384
f 4386 4385 4387
f 4384 4383 4388
f 4389 4388 4279
f 4391 4390 4393
f 4392 4391 4394
f 4393 4390 4396
f 4397 4396 4285
f 4401 4398 4399
f 4296 4401 4400
f 4399 4398 4402
f 4404 4402 4403
f 4408 4406 4407
f 4305 4408 4409
f 4407 4406 4410
f 4411 4410 4412
f 4413 4414 4417
f 4415 4417 5007
f 4413 4418 4419
f 4418 4309 5056
f 4422 4420 4421
f 4319 4422 4423
f 4421 4420 4424
f 4425 4424 4426
f 4427 4428 4431
f 4429 4431 5047
f 4427 4432 4433
f 4432 4323 5111
f 4434 4437 4438
f 4435 4438 4439
f 4434 4440 4441
f 4440 4329 4332
f 4442 4443 4444
f 4445 4444 4342
f 4442 4446 4448
f 4446 4447 4449
f 4450 4451 4453
f 4452 4453 4974
f 4450 4454 4455
f 4454 4456 4975
f 4459 4457 4458
f 4460 4459 4461
f 4458 4457 4462
f 4463 4462 4353
f 4465 4464 4467
f 4469 4467 4468
f 4466 4465 4469
f 4470 4469 4471
f 4467 4464 4472
f 4473 4472 4359
f 4468 4467 4473
f 4474 4473 4363
f 4475 4476 4477
f 4476 4468 4474
f 4478 4477 4375
f 4477 4474 5139
f 4475 4479 4481
f 4479 4480 4482
f 4476 4481 4471
f 4481 4482 5118
f 4483 4484 4486
f 4485 4486 5145
f 4483 4487 4488
f 4487 4489 5099
f 4492 4490 4491
f 4493 4492 4494
f 4491 4490 4495
f 4496 4495 4386
f 4498 4497 4500
f 4499 4498 4501
f 4500 4497 4503
f 4504 4503 4392
f 4508 4505 4506
f 4403 4508 4507
f 4506 4505 4509
f 4511 4509 4510
f 4515 4513 4514
f 4412 4515 4516
f 4514 4513 4517
f 4518 4517 4519
f 4520 4521 4524
f 4522 4524 5115
f 4520 4525 4526
f 4525 4416 5007
f 4529 4527 4528
f 4426 4529 4530
f 4528 4527 4531
f 4532 4531 4533
f 4534 4535 4538
f 4536 4538 5050
f 4534 4539 4540
f 4539 4430 5047
f 4541 4544 4545
f 4542 4545 4546
f 4541 4547 4548
f 4547 4436 4439
f 4549 4550 4551
f 4552 4551 4449
f 4549 4553 4555
f 4553 4554 4556
f 4557 4558 4560
f 4559 4560 4975
f 4557 4561 4562
f 4561 4563 4996
f 4566 4564 4565
f 4567 4566 4568
f 4565 4564 4569
f 4570 4569 4460
f 4572 4571 4574
f 4576 4574 4575
f 4573 4572 4576
f 4577 4576 4578
f 4574 4571 4579
f 4580 4579 4466
f 4575 4574 4580
f 4581 4580 4470
f 4582 4583 4584
f 4583 4575 4581
f 4585 4584 4482
f 4584 4581 5118
f 4582 4586 4588
f 4586 4587 4589
f 4583 4588 4578
f 4588 4589 4999
f 4590 4591 4593
f 4592 4593 5099
f 4590 4594 4595
f 4594 4596 4985
f 4599 4597 4598
f 4600 4599 4601
f 4598 4597 4602
f 4603 4602 4493
f 4605 4604 4607
f 4606 4605 4608
f 4607 4604 4610
f 4611 4610 4499
f 4615 4612 4613
f 4510 4615 4614
f 4613 4612 4616
f 4618 4616 4617
f 4622 4620 4621
f 4519 4622 4623
f 4621 4620 4624
f 4625 4624 4626
f 4627 4628 4631
f 4629 4631 5136
f 4627 4632 4633
f 4632 4523 5115
f 4636 4634 4635
f 4533 4636 4637
f 4635 4634 4638
f 4639 4638 4640
f 4641 4642 4645
f 4643 4645 4990
f 4641 4646 4647
f 4646 4537 5050
f 4648 4651 4652
f 4649 4652 4653
f 4648 4654 4655
f 4654 4543 4546
f 4656 4657 4658
f 4659 4658 4556
f 4656 4660 4662
f 4660 4661 4663
f 4664 4665 4667
f 4666 4667 4996
f 4664 4668 4669
f 4668 4670 5104
f 4673 4671 4672
f 4674 4673 4675
f 4672 4671 4676
f 4677 4676 4567
f 4679 4678 4681
f 4683 4681 4682
f 4680 4679 4683
f 4684 4683 4685
f 4681 4678 4686
f 4687 4686 4573
f 4682 4681 4687
f 4688 4687 4577
f 4689 4690 4691
f 4690 4682 4688
f 4692 4691 4589
f 4691 4688 4999
f 4689 4693 4695
f 4693 4694 4696
f 4690 4695 4685
f 4695 4696 5048
f 4697 4698 4700
f 4699 4700 4985
f 4697 4701 4702
f 4701 4703 4986
f 4706 4704 4705
f 4707 4706 4708
f 4705 4704 4709
f 4710 4709 4600
f 4712 4711 4714
f 4713 4712 4715
f 4711 4717 4718
f 4718 4717 4606
f 4722 4719 4720
f 4617 4722 4721
f 4720 4719 4723
f 4725 4723 4724
f 4729 4727 4728
f 4626 4729 4730
f 4728 4727 4731
f 4732 4731 4733
f 4734 4735 4738
f 4736 4738 4971
f 4734 4739 4740
f 4739 4630 5136
f 4743 4741 4742
f 4640 4743 4744
f 4742 4741 4745
f 4746 4745 4747
f 4748 4749 4752
f 4750 4752 4991
f 4748 4753 4754
f 4753 4644 4990
f 4755 4758 4759
f 4756 4759 4760
f 4755 4761 4762
f 4761 4650 4653
f 4763 4764 4765
f 4766 4765 4663
f 4763 4767 4769
f 4767 4768 4770
f 4771 4772 4774
f 4773 4774 5104
f 4771 4775 4776
f 4775 4777 4994
f 4780 4778 4779
f 4781 4780 4782
f 4779 4778 4783
f 4784 4783 4674
f 4786 4785 4788
f 4790 4788 4789
f 4787 4786 4790
f 4791 4790 4792
f 4788 4785 4793
f 4794 4793 4680
f 4789 4788 4794
f 4795 4794 4684
f 4796 4797 4798
f 4797 4789 4795
f 4799 4798 4696
f 4798 4795 5048
f 4796 4800 4802
f 4800 4801 4803
f 4797 4802 4792
f 4802 4803 5088
f 4804 4805 4807
f 4806 4807 4986
f 4804 4808 4809
f 4808 4810 5098
f 4813 4811 4812
f 4814 4813 4815
f 4812 4811 4816
f 4817 4816 4707
f 4819 4818 4821
f 4820 4819 4822
f 4821 4818 4824
f 4825 4824 4713
f 4829 4826 4827
f 4724 4829 4828
f 4827 4826 4830
f 4832 4830 4831
f 4836 4834 4835
f 4733 4836 4837
f 4835 4834 4838
f 4839 4838 4840
f 4841 4842 4845
f 4843 4845 4972
f 4841 4846 4847
f 4846 4737 4971
f 4850 4848 4849
f 4747 4850 4851
f 4849 4848 4852
f 4853 4852 4854
f 4855 4856 4859
f 4857 4859 5120
f 4855 4860 4861
f 4860 4751 4991
f 4862 4865 4866
f 4863 4866 4867
f 4862 4868 4869
f 4868 4757 4760
f 4870 4871 4872
f 4873 4872 4770
f 4870 4874 4876
f 4874 4875 4877
f 4878 4879 4881
f 4880 4881 4994
f 4878 4882 4883
f 4882 4884 5063
f 4887 4885 4886
f 4888 4887 4889
f 4886 4885 4890
f 4891 4890 4781
f 4893 4892 4895
f 4897 4895 4896
f 4894 4893 4897
f 4898 4897 4899
f 4895 4892 4900
f 4901 4900 4787
f 4896 4895 4901
f 4902 4901 4791
f 4903 4904 4905
f 4904 4896 4902
f 4906 4905 4803
f 4905 4902 5088
f 4903 4907 4909
f 4907 4908 4910
f 4904 4909 4899
f 4909 4910 5131
f 4911 4912 4914
f 4913 4914 5098
f 4911 4915 4916
f 4915 4917 5072
f 4920 4918 4919
f 4921 4920 4922
f 4919 4918 4923
f 4924 4923 4814
f 4926 4925 4928
f 4927 4926 4929
f 4928 4925 4931
f 4932 4931 4820
f 4831 4935 4934
f 4840 4937 4938
f 5150 4943 4942
f 4940 4844 4972
f 5165 5163 4937
f 4854 4943 4944
f 4946 4858 5120
f 4949 4864 4867
f 4953 4952 4877
f 4955 4956 5063
f 4959 4958 4888
f 2395 2396 2416
f 4961 4962 5072
f 4965 4964 4921
f 4968 4967 4927
f 1192 2171 4091
f 1592 4811 4813
f 805 807 3409
f 1190 4092 4094
f 1595 4813 4814
f 807 2048 3410
f 1193 4094 4095
f 2257 2750 5137
f 1592 1596 4816
f 2258 2257 4195
f 1190 1194 4097
f 2258 4193 4197
f 1596 2212 4707
f 2259 4197 5080
f 1194 2315 3988
f 1597 4818 4819
f 805 3405 3408
f 1598 4819 4820
f 808 3408 3303
f 1197 1195 4099
f 2020 2019 951
f 2128 1197 4101
f 1599 1601 4822
f 2263 2262 3660
f 811 3413 3415
f 2263 3658 3662
f 813 3415 3312
f 1198 4103 4099
f 1601 2147 4823
f 2264 3662 5143
f 1597 1600 4824
f 2265 4633 5115
f 811 814 3417
f 2598 4105 4103
f 1600 2498 4713
f 2266 4628 4633
f 2266 2267 4631
f 814 2230 3419
f 1199 1196 4106
f 1599 4821 4825
f 2267 2796 5136
f 2599 1199 4108
f 1602 4825 4716
f 812 3420 3422
f 815 3422 3423
f 1200 4111 4106
f 1604 1607 4828
f 812 816 3425
f 2129 4002 4111
f 1607 2089 4726
f 1202 1201 4113
f 1603 1605 4830
f 2717 2273 3791
f 816 2545 3316
f 2408 1202 4114
f 1605 1846 4831
f 2273 2274 3786
f 817 3427 3428
f 2275 3789 3786
f 818 3428 3429
f 1205 4117 4116
f 1604 4827 4832
f 2726 5053 3789
f 1608 4832 4833
f 819 821 3431
f 2409 4118 4117
f 1603 4826 4829
f 2665 2278 3179
f 1204 4119 4113
f 1606 4829 4724
f 2278 2279 3174
f 821 1983 3432
f 2561 4008 4119
f 2280 3177 3174
f 820 3433 3427
f 1609 4834 4836
f 2674 5020 3177
f 820 2459 3322
f 1206 1203 4116
f 1611 4836 4733
f 2683 2281 3393
f 2562 1206 4120
f 2281 2282 3388
f 819 3430 3434
f 1609 1612 4838
f 2283 3391 3388
f 822 3434 3325
f 1211 4123 4122
f 2692 5090 3391
f 1612 2622 4840
f 824 827 3437
f 2253 4021 4123
f 1209 4125 4121
f 1610 4841 4843
f 827 2357 3335
f 2237 4126 4125
f 1613 4843 4844
f 823 825 3439
f 825 2586 3440
f 1212 1208 4122
f 1610 1614 4846
f 2290 4924 5112
f 2236 1212 4127
f 2291 4919 4924
f 824 3436 3441
f 1210 1207 4121
f 1614 1913 4737
f 2291 2292 4922
f 828 3441 3442
f 2254 1210 4124
f 2292 2821 5014
f 823 3435 3438
f 1617 1615 4848
f 826 3438 3333
f 1215 1213 4129
f 2319 1617 4850
f 1968 1215 4131
f 829 3443 3445
f 1618 4852 4848
f 831 3445 3342
f 1216 4133 4129
f 2068 4854 4852
f 829 832 3447
f 2299 4135 4133
f 1619 1616 4855
f 2301 3533 5142
f 832 1800 3449
f 1217 1214 4136
f 2069 1619 4857
f 2302 3528 3533
f 2300 1217 4138
f 2302 2303 3531
f 830 3450 3452
f 1620 4860 4855
f 2303 2704 5093
f 833 3452 3453
f 1218 4141 4136
f 2320 4751 4860
f 830 834 3455
f 1969 4032 4141
f 1622 1621 4862
f 2306 3670 5109
f 1219 4143 4144
f 1893 1622 4863
f 2307 3665 3670
f 834 2556 3346
f 2361 1220 4144
f 2307 2308 3668
f 1625 4866 4865
f 2308 2715 5121
f 837 835 3457
f 2106 837 3459
f 1894 4867 4866
f 1624 4868 4862
f 838 3461 3457
f 2152 4757 4868
f 2342 3463 3461
f 1219 1222 4151
f 1626 1623 4865
f 1910 4038 4151
f 2153 1626 4869
f 839 836 3464
f 2673 5019 3276
f 2343 839 3466
f 1631 4872 4871
f 2316 3276 3274
f 2318 2317 3274
f 840 3469 3464
f 2629 4770 4872
f 2682 2318 3278
f 1629 4874 4870
f 2107 3360 3469
f 1978 4875 4874
f 842 841 3471
f 2736 4997 4025
f 2540 842 3472
f 1632 1628 4871
f 2321 4025 4023
f 1977 1632 4876
f 2323 2322 4023
f 845 3475 3474
f 1630 1627 4870
f 2745 2323 4027
f 1225 1227 4158
f 2630 1630 4873
f 2799 5104 4774
f 2541 3476 3475
f 1227 1716 4159
f 2324 4774 4772
f 844 3477 3471
f 1635 1633 4878
f 2326 2325 4772
f 2286 3366 3477
f 1741 1635 4880
f 2808 2326 4776
f 2728 2327 3928
f 846 843 3474
f 1636 4882 4878
f 2327 2328 3923
f 2287 846 3478
f 1225 4154 4157
f 2329 3926 3923
f 1228 4157 4052
f 2028 4884 4882
f 2737 4998 3926
f 848 851 3481
f 1231 4162 4164
f 1637 1634 4885
f 2007 3379 3481
f 1233 4164 4061
f 2029 1637 4887
f 2332 2921 5031
f 849 3483 3479
f 2333 2916 2921
f 1756 3484 3483
f 1231 1234 4166
f 1638 4890 4885
f 2333 2334 2919
f 2334 2652 5114
f 852 848 3480
f 1234 2487 4168
f 1742 4781 4890
f 1755 852 3485
f 1640 1639 4892
f 850 847 3479
f 1232 4169 4171
f 2304 1640 4893
f 2807 2337 4861
f 2008 850 3482
f 1235 4171 4172
f 2337 2338 4856
f 2339 4859 4856
f 855 853 3487
f 1232 1236 4174
f 2816 5120 4859
f 1948 855 3489
f 1236 2507 4065
f 856 3491 3487
f 1237 4176 4177
f 1905 4212 4210
f 1238 4177 4178
f 1642 4900 4892
f 2635 3493 3491
f 2525 4787 4900
f 1259 1256 4213
f 1239 1241 4180
f 857 854 3494
f 1906 1259 4215
f 2636 857 3496
f 1241 2245 4181
f 1260 4218 4213
f 1237 1240 4182
f 858 3499 3494
f 1240 2239 4071
f 2599 4109 4218
f 1949 3390 3499
f 1262 1261 4220
f 1242 1239 4179
f 860 859 3501
f 2189 1262 4221
f 1242 4183 4074
f 2057 860 3502
f 1265 4224 4223
f 1244 1247 4186
f 1645 1647 4907
f 2190 4225 4224
f 1247 1782 4084
f 1647 2136 4908
f 1264 4226 4220
f 1243 1245 4188
f 2408 4115 4226
f 1245 2124 4189
f 862 3509 3501
f 1266 1263 4223
f 1244 4185 4190
f 1886 3396 3509
f 2409 1266 4227
f 1248 4190 4191
f 1645 4903 4906
f 1243 4184 4187
f 1648 4906 4801
f 1271 4230 4229
f 1246 4187 4082
f 1651 4911 4913
f 2236 4128 4230
f 1249 4192 4194
f 1653 4913 4810
f 1269 4232 4228
f 1251 4194 4091
f 2024 4233 4232
f 1651 1654 4915
f 1249 1252 4196
f 1272 1268 4229
f 1654 1898 4917
f 2023 1272 4234
f 1252 1966 4198
f 1270 1267 4228
f 1652 4918 4920
f 865 867 3516
f 2237 1270 4231
f 1250 4199 4201
f 1655 4920 4921
f 867 2244 3517
f 1253 4201 4202
f 1275 1273 4236
f 1652 1656 4923
f 2299 1275 4238
f 1250 1254 4204
f 1656 2454 4814
f 1276 4240 4236
f 1254 2172 4095
f 1657 4925 4926
f 865 3512 3515
f 1658 4926 4927
f 868 3515 3410
f 2559 4242 4240
f 1257 1255 4206
f 2598 1257 4208
f 1659 1661 4929
f 871 3520 3522
f 1277 1274 4243
f 873 3522 3419
f 2560 1277 4245
f 1258 4210 4206
f 1661 1970 4930
f 1657 1660 4931
f 871 874 3524
f 1278 4248 4243
f 1660 2148 4820
f 484 483 2822
f 483 485 2824
f 874 1958 3526
f 2300 4139 4248
f 1659 4928 4932
f 485 1879 2825
f 1279 4250 4251
f 1662 4932 4823
f 872 3527 3529
f 2604 1280 4251
f 484 2823 2826
f 875 3529 3530
f 1664 1666 4934
f 486 2826 2827
f 2217 487 2828
f 872 876 3532
f 1666 1845 4833
f 487 489 2830
f 876 2231 3423
f 1665 4935 4831
f 489 1806 2832
f 877 3534 3535
f 488 2154 2834
f 878 3535 3536
f 1282 4258 4250
f 488 2833 2835
f 2361 4145 4258
f 1669 4937 4840
f 490 2835 2836
f 879 881 3538
f 5166 5168 1672
f 491 2838 2839
f 881 2213 3539
f 1668 1670 4940
f 493 2840 2838
f 877 880 3540
f 880 1984 3429
f 1670 2623 4844
f 2082 2842 2840
f 4939 5151 5155
f 1960 2844 2843
f 879 3537 3541
f 1673 1671 4942
f 494 492 2843
f 882 3541 3432
f 2068 1673 4943
f 2083 494 2845
f 884 887 3544
f 496 495 2848
f 1285 1287 4265
f 5162 5164 4946
f 2527 496 2849
f 887 2585 3442
f 1287 2422 4266
f 497 2851 2848
f 883 885 3546
f 2069 4858 4946
f 498 2852 2851
f 5108 3547 3546
f 2528 2853 2852
f 884 3543 3548
f 1893 4864 4949
f 499 2854 2855
f 885 1704 2705
f 1288 1285 4261
f 501 2856 2854
f 883 3542 3545
f 1288 4264 4159
f 1678 1676 4948
f 1747 2857 2856
f 886 3545 3440
f 1894 1678 4950
f 1291 4269 4271
f 502 500 2855
f 889 3550 3552
f 1293 4271 4168
f 1682 4952 4951
f 1746 502 2858
f 891 3552 3449
f 503 2860 2861
f 1291 1294 4273
f 1977 4877 4952
f 505 2862 2860
f 889 892 3554
f 1294 2249 4275
f 1978 1681 4953
f 2400 2864 2862
f 3559 3554 892
f 504 2009 2866
f 1292 4276 4278
f 506 504 2865
f 890 3557 3559
f 1295 4278 4279
f 2028 1685 4955
f 2401 506 2867
f 3560 3556 3554
f 1292 1296 4281
f 508 507 2870
f 890 894 3562
f 1686 4958 4957
f 2335 508 2871
f 1296 2488 4172
f 507 509 2873
f 894 1801 3453
f 1297 4283 4284
f 2029 4888 4958
f 509 1713 2874
f 1298 4284 4285
f 2136 2135 4910
f 897 895 3564
f 2135 2819 5131
f 2342 897 3566
f 1299 1301 4287
f 898 3568 3564
f 1301 2385 4288
f 511 2878 2879
f 1297 1300 4289
f 512 2879 2874
f 898 2435 2436
f 1300 2246 4178
f 511 513 2880
f 513 2252 2881
f 899 896 3571
f 1299 4286 4290
f 5131 2819 2305
f 960 957 3673
f 1302 4290 4181
f 4898 2305 2304
f 900 3576 3571
f 1304 1307 4293
f 515 2884 2885
f 2343 3467 3576
f 1307 2123 4191
f 515 517 2886
f 902 901 3578
f 1303 1305 4295
f 1999 964 1784
f 1305 2347 4296
f 517 2469 2888
f 2395 2415 4962
f 516 2059 2890
f 905 3582 3581
f 1304 4292 4297
f 1687 4960 4961
f 516 2889 2891
f 1308 4297 4298
f 1689 4961 4917
f 518 2891 2892
f 1303 4291 4294
f 904 3584 3578
f 1306 4294 4189
f 519 2894 2895
f 2540 3473 3584
f 520 2895 2896
f 1309 4299 4301
f 521 2897 2894
f 906 903 3581
f 1311 4301 4198
f 1690 1899 4921
f 521 522 2898
f 2541 906 3585
f 5185 5189 4953
f 1309 1312 4303
f 5188 5190 4967
f 522 2194 2899
f 911 3588 3587
f 1693 1971 4927
f 1312 2640 4305
f 524 527 2902
f 1755 3486 3588
f 1692 4966 4968
f 909 3590 3586
f 1310 4306 4308
f 1694 4968 4930
f 527 1878 2827
f 2373 975 978
f 1313 4308 4309
f 523 525 2904
f 525 2591 2905
f 912 908 3587
f 1310 1314 4311
f 3583 3582 3592
f 524 2901 2906
f 910 907 3586
f 1314 1967 4202
f 1698 4847 4971
f 528 2906 2907
f 1756 910 3589
f 1699 4842 4847
f 523 2900 2903
f 1317 1315 4313
f 1699 1700 4845
f 526 2903 2825
f 915 913 3594
f 1905 1317 4315
f 1700 2814 4972
f 2635 915 3596
f 529 2908 2910
f 1318 4317 4313
f 531 2910 2832
f 916 3598 3594
f 2108 4319 4317
f 2772 4974 4453
f 529 532 2912
f 975 3703 3713
f 1705 4453 4451
f 1319 1316 4320
f 1707 1706 4451
f 532 2045 2914
f 917 914 3601
f 2109 1319 4322
f 2781 1707 4455
f 3603 3598 916
f 533 530 2915
f 1320 4325 4320
f 2744 1710 4112
f 533 2917 2918
f 918 3606 3601
f 1710 1711 4107
f 1906 4216 4325
f 1712 4110 4107
f 530 534 2920
f 2636 3497 3606
f 1322 1321 4327
f 2753 4977 4110
f 920 919 3608
f 1950 1322 4328
f 534 1807 2836
f 2310 970 2592
f 1325 4331 4330
f 537 535 2922
f 2082 537 2924
f 1951 4332 4331
f 1324 4333 4327
f 538 2926 2922
f 2189 4222 4333
f 1858 2928 2926
f 922 3616 3608
f 1326 1323 4330
f 2057 3503 3616
f 2190 1326 4334
f 539 536 2929
f 1722 3991 4983
f 1859 539 2931
f 1331 4337 4336
f 1723 3986 3991
f 1723 1724 3989
f 540 2934 2929
f 2023 4235 4337
f 1724 2742 4984
f 1329 4339 4335
f 1725 2793 4985
f 2083 2846 2934
f 1781 4340 4339
f 1726 1725 4700
f 542 541 2936
f 1726 4698 4702
f 1888 542 2937
f 1332 1328 4336
f 1727 4702 4986
f 1780 1332 4341
f 545 2940 2939
f 1330 1327 4335
f 925 927 3623
f 2024 1330 4338
f 1889 2941 2940
f 2713 2269 938
f 544 2942 2936
f 1333 4343 4345
f 2527 2850 2942
f 2559 1335 4345
f 2798 1733 4754
f 546 543 2939
f 1336 4347 4343
f 1733 1734 4749
f 2528 546 2943
f 925 3619 3622
f 1735 4752 4749
f 928 3622 3517
f 2113 4349 4347
f 2807 4991 4752
f 551 2946 2945
f 931 3627 3629
f 1337 1334 4350
f 1738 3854 4992
f 1746 2859 2946
f 933 3629 3526
f 2114 1337 4352
f 1739 3849 3854
f 549 2948 2944
f 1739 1740 3852
f 2050 2949 2948
f 931 934 3631
f 1338 4355 4350
f 1740 2731 4993
f 552 548 2945
f 3642 3643 5062
f 2560 4246 4355
f 2049 552 2950
f 1339 4357 4358
f 2781 4975 4560
f 550 547 2944
f 932 3634 3636
f 2176 1340 4358
f 1743 4560 4558
f 1747 550 2947
f 3754 3747 5062
f 1745 1744 4558
f 2790 1745 4562
f 555 553 2952
f 932 936 3639
f 2400 555 2954
f 936 1959 3530
f 556 2956 2952
f 937 3641 3642
f 941 888 3548
f 1342 4365 4357
f 2232 2958 2956
f 2604 4252 4365
f 939 941 3645
f 557 554 2959
f 2233 557 2961
f 946 2262 2705
f 937 940 3647
f 558 2964 2959
f 940 2214 3536
f 1757 2757 5002
f 1758 1757 4272
f 2401 2868 2964
f 939 3644 3648
f 1758 4270 4274
f 560 559 2966
f 942 3648 3539
f 1759 4274 5003
f 2288 560 2967
f 2746 1760 4142
f 944 947 3651
f 1760 1761 4137
f 1345 1347 4372
f 1762 4140 4137
f 3660 2262 946
f 1347 2475 4373
f 2755 5005 4140
f 943 945 3653
f 945 1980 3654
f 559 562 2974
f 944 3650 3655
f 2335 2872 2974
f 948 3655 3656
f 1345 4368 4371
f 2689 5008 3460
f 943 3649 3652
f 1348 4371 4266
f 1767 3460 3458
f 3652 3547 5108
f 1769 1768 3458
f 1351 4376 4378
f 2698 1769 3462
f 949 3657 3659
f 1353 4378 4275
f 2681 1770 3363
f 3659 3556 3560
f 1770 1771 3358
f 1351 1354 4380
f 1772 3361 3358
f 949 952 3661
f 2690 5011 3361
f 1354 2293 4382
f 2647 1773 2965
f 952 2260 3663
f 1773 1774 2960
f 1352 4383 4385
f 1775 2963 2960
f 567 2981 2977
f 950 3664 3666
f 1355 4385 4386
f 2656 5013 2963
f 567 2603 2982
f 953 3666 3667
f 1352 1356 4388
f 1778 4965 5014
f 950 954 3669
f 1779 4963 4965
f 1356 2250 4279
f 3669 954 951
f 1357 4390 4391
f 565 2977 2980
f 1358 4391 4392
f 568 2980 2881
f 957 955 3671
f 1786 2732 5015
f 2436 2435 957
f 1359 1361 4394
f 1787 1786 3981
f 571 2985 2987
f 1787 3979 3983
f 573 2987 2888
f 958 3675 3671
f 1361 1776 4395
f 1788 3983 5016
f 1357 1360 4396
f 2797 5017 4744
f 571 574 2989
f 1720 3677 3675
f 1360 2386 4285
f 1789 4744 4742
f 1791 1790 4742
f 574 2419 2991
f 959 956 3678
f 1359 4393 4397
f 2806 1791 4746
f 1721 959 3680
f 1362 4397 4288
f 572 2992 2994
f 575 2994 2995
f 960 3683 3678
f 1364 1367 4400
f 1794 2676 5021
f 1795 1794 3309
f 572 576 2997
f 3568 898 899
f 1367 2346 4298
f 1795 3307 3311
f 962 961 3685
f 1363 1365 4402
f 1796 3311 5022
f 576 2470 2892
f 2036 962 3686
f 1365 2543 4403
f 1797 3212 4988
f 577 2999 3000
f 1798 3207 3212
f 578 3000 3001
f 965 3689 3688
f 1364 4399 4404
f 1798 1799 3210
f 1368 4404 4405
f 1799 2677 5023
f 579 581 3003
f 2037 3690 3689
f 1366 1363 4398
f 964 3691 3685
f 1366 4401 4296
f 581 2097 3004
f 1784 902 1892
f 577 580 3005
f 1369 4406 4408
f 580 2195 2896
f 966 963 3688
f 1371 4408 4305
f 3582 905 912
f 579 3002 3006
f 1369 1372 4410
f 582 3006 2899
f 971 3695 3694
f 1372 1763 4412
f 584 587 3009
f 3695 971 966
f 969 3697 3693
f 1370 4413 4415
f 1000 2269 2713
f 587 2590 2907
f 2074 3698 3697
f 1373 4415 4416
f 1811 1810 3737
f 583 585 3011
f 1812 1811 3735
f 585 2558 3012
f 972 968 3694
f 1370 1374 4418
f 1812 3739 5035
f 2073 972 3699
f 1813 2768 5036
f 584 3008 3013
f 970 967 3693
f 1374 2641 4309
f 1814 1813 4409
f 588 3013 3014
f 2373 2374 917
f 1814 4407 4411
f 583 3007 3010
f 1377 1375 4420
f 1815 4411 5006
f 586 3010 2905
f 975 973 3701
f 2108 1377 4422
f 1817 1816 2839
f 3599 3590 909
f 2644 1817 2841
f 589 3015 3017
f 1378 4424 4420
f 1818 2649 5038
f 591 3017 2914
f 976 3705 3701
f 1819 1818 2988
f 1830 4426 4424
f 1819 2986 2990
f 589 592 3019
f 2137 3707 3705
f 1820 2990 5039
f 1379 1376 4427
f 2754 5040 4239
f 592 2359 3021
f 977 974 3708
f 1831 1379 4429
f 1821 4239 4237
f 2138 977 3710
f 1823 1822 4237
f 590 3022 3024
f 1380 4432 4427
f 2763 1823 4241
f 593 3024 3025
f 978 3713 3708
f 2734 5042 3995
f 2109 4323 4432
f 1824 3995 3993
f 590 594 3027
f 2310 2709 2015
f 1382 1381 4434
f 1826 1825 3993
f 980 979 3715
f 2011 1382 4435
f 2743 1826 3997
f 594 2046 2918
f 2410 980 3716
f 2655 5044 3062
f 1385 4438 4437
f 1828 1827 3062
f 597 595 3029
f 1829 1828 3060
f 1858 597 3031
f 2012 4439 4438
f 2664 1829 3064
f 1384 4440 4434
f 598 3033 3029
f 1950 4329 4440
f 1802 3035 3033
f 982 3723 3715
f 1386 1383 4437
f 3704 2592 970
f 1951 1386 4441
f 599 596 3036
f 1837 1836 2861
f 1803 599 3038
f 1391 4444 4443
f 2646 1837 2863
f 2789 1838 4647
f 600 3041 3036
f 1780 4342 4444
f 1838 1839 4642
f 1389 4446 4442
f 2348 4175 5124
f 1840 4645 4642
f 1859 2932 3041
f 2197 4447 4446
f 2349 4170 4175
f 2798 4990 4645
f 602 601 3043
f 2349 2350 4173
f 2075 602 3044
f 1392 1388 4443
f 2350 2758 5146
f 2196 1392 4448
f 2682 5140 3383
f 605 3047 3046
f 1390 1387 4442
f 2351 3383 3381
f 985 987 3730
f 1781 1390 4445
f 2353 2352 3381
f 2076 3048 3047
f 987 1766 3731
f 2691 2353 3385
f 604 3049 3043
f 1395 1393 4450
f 2354 2694 5141
f 1888 2938 3049
f 2113 1395 4452
f 2355 2354 3523
f 1849 2723 5054
f 2355 3521 3525
f 1850 1849 3874
f 606 603 3046
f 1396 4454 4450
f 2356 3525 5092
f 1850 3872 3876
f 1889 606 3050
f 985 3726 3729
f 1851 3876 5015
f 1000 1868 3747
f 2133 4456 4454
f 2809 1852 4891
f 611 3053 3052
f 1852 1853 4886
f 991 3734 3736
f 1397 1394 4457
f 1854 4889 4886
f 2049 2951 3053
f 947 1703 2268
f 2134 1397 4459
f 2818 5055 4889
f 609 3055 3051
f 2815 5119 4944
f 1855 4419 5056
f 1917 3056 3055
f 991 994 3738
f 1398 4462 4457
f 5158 5154 2364
f 1856 4414 4419
f 1856 1857 4417
f 608 3052 3057
f 994 2295 3740
f 2114 4353 4462
f 2752 5117 4209
f 1857 2778 5007
f 1916 612 3057
f 1400 1399 4464
f 2367 4209 4207
f 610 607 3051
f 995 992 3741
f 2066 1400 4465
f 2369 2368 4207
f 2050 610 3054
f 995 3743 3744
f 2761 2369 4211
f 2370 4740 5136
f 1862 2748 5059
f 615 613 3059
f 996 3746 3741
f 2371 4735 4740
f 1863 1862 4165
f 2232 615 3061
f 2371 2372 4738
f 1863 4163 4167
f 2268 1703 888
f 2372 2805 4971
f 1864 4167 5002
f 616 3063 3059
f 997 3748 3749
f 2671 5060 3246
f 998 3749 3750
f 1402 4472 4464
f 1865 3246 3244
f 1981 3065 3063
f 2176 4359 4472
f 1867 1866 3244
f 999 1001 3752
f 2680 1867 3248
f 617 614 3066
f 3755 3651 947
f 1982 617 3068
f 1001 2508 3753
f 2725 5052 3888
f 1869 3742 3747
f 997 1000 3754
f 2379 3888 3886
f 1869 1870 3745
f 618 3071 3066
f 3646 3549 3651
f 2381 2380 3886
f 1870 2722 4992
f 2734 2381 3890
f 2817 5063 4956
f 2233 2962 3071
f 999 3751 3755
f 1871 4956 4954
f 619 3073 3074
f 3555 3546 885
f 1873 2660 5064
f 2038 620 3074
f 1874 1873 3125
f 1004 1007 3758
f 1874 3123 3127
f 1407 4479 4475
f 1875 3127 5065
f 1007 1979 3656
f 1407 2256 4480
f 1003 1005 3760
f 1005 2179 3761
f 2764 2389 4356
f 2389 2390 4351
f 1880 4389 5066
f 622 3081 3073
f 1004 3757 3762
f 2391 4354 4351
f 1881 4384 4389
f 2288 2968 3081
f 1008 3762 3763
f 1405 4475 4478
f 2773 5128 4354
f 1881 1882 4387
f 1003 3756 3759
f 1408 4478 4373
f 2718 5132 3811
f 1882 2776 5067
f 1006 3759 3654
f 2392 3811 3809
f 1411 4483 4485
f 2394 2393 3809
f 1009 3764 3766
f 1413 4485 4382
f 2727 2394 3813
f 1011 3766 3663
f 2818 2395 4959
f 1411 1414 4487
f 1009 1012 3768
f 2397 4098 4984
f 1414 1975 4489
f 2398 4093 4098
f 1012 2499 3770
f 2398 2399 4096
f 2699 1890 3577
f 1412 4490 4492
f 2399 2751 5138
f 1890 1891 3572
f 627 3088 3084
f 1010 3771 3773
f 1415 4492 4493
f 1892 3575 3572
f 627 1901 3089
f 1013 3773 3774
f 902 3579 3575
f 1412 1416 4495
f 2791 2402 4677
f 1010 1014 3776
f 2402 2403 4672
f 1895 2777 5006
f 1416 2294 4386
f 2404 4675 4672
f 1896 1895 4516
f 1014 2261 3667
f 1417 4497 4498
f 2800 5127 4675
f 1896 4514 4518
f 625 3084 3087
f 1418 4498 4499
f 2405 2642 5030
f 1897 4518 5071
f 628 3087 2982
f 1015 3778 3780
f 2406 2405 2911
f 1720 1017 3780
f 1419 1421 4501
f 2406 2909 2913
f 631 3092 3094
f 2407 2913 5113
f 633 3094 2991
f 1018 3782 3778
f 1421 2156 4502
f 1420 4503 4497
f 1902 4710 5074
f 631 634 3096
f 1847 3784 3782
f 1420 1777 4392
f 1903 4705 4710
f 2779 5046 4530
f 1903 1904 4708
f 634 1728 3098
f 1016 3785 3787
f 1419 4500 4504
f 2412 4530 4528
f 1904 2803 5075
f 1848 1019 3787
f 1422 4504 4395
f 2414 2413 4528
f 632 3099 3101
f 2788 2414 4532
f 635 3101 3102
f 1020 3790 3785
f 1424 1427 4507
f 2415 2820 5072
f 1907 3456 5078
f 4958 4959 4962
f 1908 3451 3456
f 632 636 3104
f 1721 3681 3790
f 1427 2542 4405
f 1908 1909 3454
f 1022 1021 3792
f 1423 1425 4509
f 1909 2697 5025
f 636 2420 2995
f 2145 1022 3793
f 1425 2248 4510
f 637 3106 3107
f 638 3107 3108
f 1025 3796 3795
f 1424 4506 4511
f 1428 4511 4512
f 639 641 3110
f 2146 3797 3796
f 1423 4505 4508
f 2423 4603 5100
f 1024 3798 3792
f 1426 4508 4403
f 2424 4598 4603
f 641 1914 3111
f 2036 3687 3798
f 2424 2425 4601
f 1918 3961 4993
f 637 640 3112
f 1429 4513 4515
f 2425 2794 5074
f 1919 3956 3961
f 640 2098 3001
f 1026 1023 3795
f 1431 4515 4412
f 2753 2426 4219
f 1919 1920 3959
f 2037 1026 3799
f 2426 2427 4214
f 1920 2740 5033
f 639 3109 3113
f 1429 1432 4517
f 2428 4217 4214
f 1921 2759 5080
f 642 3113 3004
f 1031 3802 3801
f 2762 5077 4217
f 1922 1921 4302
f 1432 2417 4519
f 2654 2429 3042
f 1922 4300 4304
f 644 647 3116
f 2073 3700 3802
f 2429 2430 3037
f 1923 4304 5036
f 1029 3804 3800
f 1430 4520 4522
f 2431 3040 3037
f 647 2557 3014
f 1737 3805 3804
f 1433 4522 4523
f 2663 5027 3040
f 643 645 3118
f 2432 4496 5067
f 645 2298 3119
f 1032 1028 3801
f 1430 1434 4525
f 2433 4491 4496
f 1736 1032 3806
f 2433 2434 4494
f 644 3115 3120
f 1030 1027 3800
f 1434 1764 4416
f 2434 2785 5100
f 648 3120 3121
f 2074 1030 3803
f 1929 2721 5035
f 643 3114 3117
f 1437 1435 4527
f 1930 1929 3844
f 646 3117 3012
f 1035 1033 3808
f 1830 1437 4529
f 2770 5126 4423
f 1930 3842 3846
f 2137 1035 3810
f 2437 4423 4421
f 1931 3846 5081
f 649 3122 3124
f 1438 4531 4527
f 2439 2438 4421
f 1932 3135 5082
f 651 3124 3021
f 1036 3812 3808
f 2779 2439 4425
f 1933 3130 3135
f 2476 4533 4531
f 1933 1934 3133
f 649 652 3126
f 1804 3814 3812
f 1934 2670 5083
f 1439 1436 4534
f 2442 2667 4987
f 652 2620 3128
f 1037 1034 3815
f 2477 1439 4536
f 2443 2442 3202
f 3704 3696 3591
f 1805 1037 3817
f 2443 3200 3204
f 1937 1938 3709
f 653 650 3129
f 1440 4539 4534
f 2444 3204 5021
f 1939 3712 3709
f 653 3131 3132
f 1038 3820 3815
f 2719 5085 3712
f 1831 4430 4539
f 650 654 3134
f 2138 3711 3820
f 1442 1441 4541
f 1040 1039 3822
f 1708 1442 4542
f 1942 2678 5086
f 654 2360 3025
f 2440 1040 3823
f 1943 1942 3339
f 1445 4545 4544
f 1943 3337 3341
f 657 655 3136
f 1944 3341 5087
f 1802 657 3138
f 1709 4546 4545
f 1444 4547 4541
f 658 3140 3136
f 2011 4436 4547
f 2571 3142 3140
f 1039 1042 3830
f 1446 1443 4544
f 2410 3717 3830
f 2012 1446 4548
f 2455 2730 5081
f 659 656 3143
f 2456 2455 3951
f 2572 659 3145
f 1451 4551 4550
f 2457 2456 3949
f 2690 1952 3470
f 2457 3953 5032
f 1952 1953 3465
f 660 3148 3143
f 2196 4449 4551
f 1954 3468 3465
f 1449 4553 4549
f 2699 5069 3468
f 1803 3039 3148
f 2341 4554 4553
f 2698 5009 3567
f 662 661 3150
f 2726 2460 3898
f 1955 3567 3565
f 2344 662 3151
f 1452 1448 4550
f 2460 2461 3893
f 1957 1956 3565
f 2340 1452 4555
f 2462 3896 3893
f 2707 1957 3569
f 665 3154 3153
f 1450 1447 4549
f 2735 5103 3896
f 1045 1047 3837
f 2197 1450 4552
f 2716 4981 3781
f 2345 3155 3154
f 1047 2376 3838
f 2463 3781 3779
f 1961 2847 2844
f 664 3156 3150
f 1455 1453 4557
f 2465 2464 3779
f 2645 5094 2847
f 2075 3045 3156
f 2133 1455 4559
f 2725 2465 3783
f 1962 2813 5095
f 2664 5045 3169
f 1963 1962 4938
f 666 663 3153
f 1456 4561 4557
f 2466 3169 3167
f 2076 666 3157
f 1045 3833 3836
f 2468 2467 3167
f 1048 3836 3731
f 2284 4563 4561
f 2673 2468 3171
f 671 3160 3159
f 1051 3841 3843
f 1457 1454 4564
f 1916 3058 3160
f 1053 3843 3740
f 2285 1457 4566
f 2471 2741 5016
f 669 3162 3158
f 2472 2471 4088
f 2170 3163 3162
f 1051 1054 3845
f 1458 4569 4564
f 2472 4086 4090
f 1972 2802 4986
f 2473 4090 5137
f 1973 1972 4807
f 672 668 3159
f 1054 2077 3847
f 2134 4460 4569
f 1973 4805 4809
f 2169 672 3164
f 1459 4571 4572
f 1974 4809 5098
f 670 667 3158
f 1052 3848 3850
f 1750 1460 4572
f 1917 670 3161
f 1055 3850 3851
f 2773 2478 4463
f 675 673 3166
f 1052 1056 3853
f 2478 2479 4458
f 1981 675 3168
f 2480 4461 4458
f 1056 2296 3744
f 2782 5130 4461
f 676 3170 3166
f 1057 3855 3856
f 2644 5037 2925
f 1058 3856 3857
f 1462 4579 4571
f 2481 2925 2923
f 1985 4312 5096
f 1792 3172 3170
f 2066 4466 4579
f 2483 2482 2923
f 1986 4307 4312
f 1059 1061 3859
f 2653 2483 2927
f 1986 1987 4310
f 677 674 3173
f 2484 2784 5099
f 1987 2769 5056
f 1793 677 3175
f 1061 1860 3860
f 2485 2484 4593
f 2672 1988 3256
f 1057 1060 3861
f 2485 4591 4595
f 1988 1989 3251
f 678 3178 3173
f 1060 2509 3750
f 2486 4595 4985
f 1990 3254 3251
f 2681 5010 3254
f 1982 3069 3178
f 1059 3858 3862
f 680 679 3180
f 1062 3862 3753
f 2489 2795 5135
f 1841 680 3181
f 2490 2489 4730
f 2790 4996 4667
f 1064 1067 3865
f 2490 4728 4732
f 1993 4667 4665
f 1465 1467 4586
f 2491 4732 5079
f 1995 1994 4665
f 1067 2178 3763
f 1467 1925 4587
f 2692 2492 3500
f 2799 1995 4669
f 1063 1065 3867
f 2492 2493 3495
f 1996 3349 5105
f 1065 2216 3868
f 2494 3498 3495
f 1997 3344 3349
f 2701 5147 3498
f 1997 1998 3347
f 679 682 3188
f 1064 3864 3869
f 1998 2688 5078
f 2038 3075 3188
f 1068 3869 3870
f 1465 4582 4585
f 964 1999 3684
f 1063 3863 3866
f 1468 4585 4480
f 1999 2000 3679
f 1066 3866 3761
f 2001 3682 3679
f 1471 4590 4592
f 2717 4982 3682
f 1069 3871 3873
f 1473 4592 4489
f 2501 2766 5003
f 1071 3873 3770
f 2502 2501 4379
f 2735 2004 4005
f 1471 1474 4594
f 2502 4377 4381
f 2004 2005 4000
f 1069 1072 3875
f 2503 4381 5145
f 2006 4003 4000
f 1474 2104 4596
f 2744 4976 4003
f 1072 2627 3877
f 1472 4597 4599
f 2010 2869 2866
f 687 3195 3191
f 1070 3878 3880
f 1475 4599 4600
f 2647 5012 2869
f 687 2122 3196
f 1073 3880 3881
f 1472 1476 4602
f 2808 4994 4881
f 2700 5106 3597
f 1070 1074 3883
f 2511 2510 4881
f 2013 3597 3595
f 1476 1976 4493
f 2512 2511 4879
f 2015 2014 3595
f 1074 2500 3774
f 1477 4604 4605
f 2817 2512 4883
f 3600 3598 3603
f 685 3191 3194
f 1478 4605 4606
f 2737 2513 4035
f 2016 2703 5092
f 688 3194 3089
f 1077 1075 3885
f 2513 2514 4030
f 2017 2016 3630
f 1847 1077 3887
f 1479 1481 4608
f 2515 4033 4030
f 2017 3628 3632
f 691 3199 3201
f 2746 5004 4033
f 938 3642 3638
f 693 3201 3098
f 1078 3889 3885
f 1481 1834 4609
f 1477 1480 4610
f 691 694 3203
f 1991 3891 3889
f 1480 2157 4499
f 2021 4941 4972
f 2364 5154 5156
f 694 1964 3205
f 1079 1076 3892
f 1479 4607 4611
f 2519 2714 5143
f 1992 1079 3894
f 1482 4611 4502
f 2520 2519 3767
f 2025 3105 5110
f 692 3206 3208
f 2520 3765 3769
f 2026 3100 3105
f 695 3208 3209
f 1080 3897 3892
f 1484 1487 4614
f 2521 3769 5054
f 2026 2027 3103
f 2522 4282 5146
f 2027 2668 4988
f 696 3211 3206
f 1848 3788 3897
f 1487 2247 4512
f 2523 4277 4282
f 1082 1081 3899
f 1483 1485 4616
f 2523 2524 4280
f 696 1729 3102
f 1935 1082 3900
f 1485 2003 4617
f 2524 2767 5066
f 2771 2030 4433
f 697 3213 3214
f 2030 2031 4428
f 698 3214 3215
f 1085 3903 3902
f 1484 4613 4618
f 2032 4431 4428
f 1488 4618 4619
f 2780 5047 4431
f 699 701 3217
f 1936 3904 3903
f 1483 4612 4615
f 2033 4817 5075
f 1084 3905 3899
f 1486 4615 4510
f 2531 3028 5114
f 2034 4812 4817
f 701 2633 3218
f 2145 3794 3905
f 2531 2532 3023
f 2034 2035 4815
f 697 700 3219
f 1489 4620 4622
f 2532 2533 3026
f 2035 2812 5112
f 700 1915 3108
f 1086 1083 3902
f 1491 4622 4519
f 2533 2661 5082
f 2146 1086 3906
f 2745 5097 4132
f 699 3216 3220
f 1489 1492 4624
f 2534 4132 4130
f 702 3220 3111
f 1091 3909 3908
f 2536 2535 4130
f 1492 2167 4626
f 2754 2536 4134
f 2662 5026 3139
f 704 707 3223
f 1736 3807 3909
f 2806 5018 4851
f 2042 3139 3137
f 1089 3911 3907
f 1490 4627 4629
f 2537 4851 4849
f 2044 2043 3137
f 707 2297 3121
f 2530 3912 3911
f 1493 4629 4630
f 2539 2538 4849
f 2671 2044 3141
f 703 705 3225
f 2815 2539 4853
f 705 2065 3226
f 1092 1088 3908
f 1490 1494 4632
f 2529 1092 3913
f 704 3222 3227
f 1090 1087 3907
f 1494 2418 4523
f 708 3227 3228
f 1737 1090 3910
f 703 3221 3224
f 1497 1495 4634
f 2646 5049 2955
f 2051 4526 5007
f 706 3224 3119
f 1095 1093 3915
f 2476 1497 4636
f 2546 2955 2953
f 2052 4521 4526
f 1804 1095 3917
f 2548 2547 2953
f 2052 2053 4524
f 709 3229 3231
f 1498 4638 4634
f 2655 2548 2957
f 2053 2787 5115
f 711 3231 3128
f 1096 3919 3915
f 2680 5061 3353
f 2691 5089 3490
f 2201 4640 4638
f 2549 3353 3351
f 2054 3490 3488
f 709 712 3233
f 1748 3921 3919
f 2551 2550 3351
f 2056 2055 3488
f 1499 1496 4641
f 2689 2551 3355
f 2700 2056 3492
f 712 2330 3235
f 1097 1094 3922
f 2202 1499 4643
f 2552 3563 5025
f 1749 1097 3924
f 2553 3558 3563
f 710 3236 3238
f 1500 4646 4641
f 2553 2554 3561
f 2059 2060 2893
f 713 3238 3239
f 1098 3927 3922
f 2554 2706 5109
f 2060 2650 5116
f 2477 4537 4646
f 2743 5043 4102
f 710 714 3241
f 1805 3818 3927
f 1502 1501 4648
f 2061 4102 4100
f 1099 3929 3930
f 2365 1502 4649
f 2063 2062 4100
f 714 2621 3132
f 2631 1100 3930
f 2752 2063 4104
f 1505 4652 4651
f 717 715 3243
f 2571 717 3245
f 2366 4653 4652
f 1504 4654 4648
f 718 3247 3243
f 1708 4543 4654
f 2070 3777 5121
f 1940 3249 3247
f 1102 3937 3929
f 1506 1503 4651
f 2071 3772 3777
f 2440 3824 3937
f 1709 1506 4655
f 2071 2072 3775
f 719 716 3250
f 2072 2724 5122
f 1941 719 3252
f 1511 4658 4657
f 720 3255 3250
f 2340 4556 4658
f 1509 4660 4656
f 2572 3146 3255
f 2564 4661 4660
f 2573 2786 5071
f 2727 5028 3918
f 722 721 3257
f 2574 2573 4623
f 2079 3918 3916
f 2099 722 3258
f 1512 1508 4657
f 2574 4621 4625
f 2081 2080 3916
f 2563 1512 4662
f 2575 4625 5135
f 2736 2081 3920
f 723 725 3261
f 1510 1507 4656
f 2576 3426 5148
f 1105 1107 3944
f 2341 1510 4659
f 2577 3421 3426
f 2100 3262 3261
f 1107 2085 3945
f 2577 2578 3424
f 721 724 3263
f 1515 1513 4664
f 2578 2695 5142
f 2344 3152 3263
f 2284 1515 4666
f 2579 3319 5023
f 2763 5041 4346
f 2580 3314 3319
f 2086 4346 4344
f 726 723 3260
f 1516 4668 4664
f 2580 2581 3317
f 2088 2087 4344
f 2345 726 3264
f 1105 3940 3943
f 2581 2686 5148
f 2772 2088 4348
f 1108 3943 3838
f 2495 4670 4668
f 2656 2582 3072
f 731 3267 3266
f 2582 2583 3067
f 2091 4068 5033
f 1111 3948 3950
f 1517 1514 4671
f 2584 3070 3067
f 2092 4063 4068
f 2169 3165 3267
f 1113 3950 3847
f 2496 1517 4673
f 2665 5101 3070
f 2092 2093 4066
f 729 3269 3265
f 2093 2749 5124
f 2277 3270 3269
f 1111 1114 3952
f 1518 4676 4671
f 2663 2587 3149
f 2587 2588 3144
f 732 728 3266
f 1114 1808 3954
f 2285 4567 4676
f 2589 3147 3144
f 2276 732 3271
f 1520 1519 4678
f 2672 5102 3147
f 730 727 3265
f 1112 3955 3957
f 1832 1520 4679
f 2170 730 3268
f 1115 3957 3958
f 3600 3604 3713
f 2592 3704 3702
f 2780 2101 4540
f 735 733 3273
f 1112 1116 3960
f 2594 2593 3702
f 2101 2102 4535
f 1792 735 3275
f 2718 2594 3706
f 2103 4538 4535
f 1116 2078 3851
f 2595 2651 5113
f 2789 5050 4538
f 736 3277 3273
f 1117 3962 3963
f 2596 2595 3018
f 1118 3963 3964
f 1522 4686 4678
f 2596 3016 3020
f 2219 3279 3277
f 1750 4573 4686
f 2597 3020 5064
f 1119 1121 3966
f 737 734 3280
f 2220 737 3282
f 1121 2040 3967
f 2600 2885 2887
f 1117 1120 3968
f 2601 2887 5038
f 2800 2110 4784
f 738 3285 3280
f 1120 1861 3857
f 2110 2111 4779
f 2112 4782 4779
f 1793 3176 3285
f 1122 1119 3965
f 2809 4995 4782
f 739 3287 3288
f 1122 3969 3860
f 1701 740 3288
f 2701 2606 3607
f 1124 1127 3972
f 2606 2607 3602
f 2755 2115 4249
f 1525 1527 4693
f 2608 3605 3602
f 2115 2116 4244
f 1127 2215 3870
f 1527 2613 4694
f 3591 3590 3599
f 2117 4247 4244
f 1125 3974 3970
f 2609 2775 5145
f 2764 5129 4247
f 1125 2378 3975
f 2610 2609 4486
f 2118 2804 5079
f 2610 4484 4488
f 2119 2118 4837
f 742 3295 3287
f 1124 3971 3976
f 2611 4488 5099
f 2119 4835 4839
f 1841 3182 3295
f 1128 3976 3977
f 1525 4689 4692
f 2120 4839 5095
f 1123 3970 3973
f 1528 4692 4587
f 1126 3973 3868
f 2761 5076 4316
f 1531 4697 4699
f 2614 4316 4314
f 1129 3978 3980
f 1533 4699 4596
f 2616 2615 4314
f 1131 3980 3877
f 2770 2616 4318
f 1531 1534 4701
f 2617 2685 5022
f 1129 1132 3982
f 2618 2617 3416
f 1534 2211 4703
f 2618 3414 3418
f 1132 2314 3984
f 2619 3418 5141
f 1532 4704 4706
f 2130 2696 5024
f 745 747 3302
f 1130 3985 3987
f 1535 4706 4707
f 2131 2130 3553
f 747 1877 3303
f 1133 3987 3988
f 2131 3551 3555
f 1532 1536 4709
f 892 2019 2020
f 1130 1134 3990
f 2782 2624 4570
f 1536 2105 4600
f 2624 2625 4565
f 1134 2628 3881
f 1537 4711 4712
f 2626 4568 4565
f 745 3298 3301
f 1538 4712 4713
f 2791 5144 4568
f 748 3301 3196
f 1137 1135 3992
f 1991 1137 3994
f 1539 1541 4715
f 751 3306 3308
f 2674 2139 3286
f 753 3308 3205
f 1138 3996 3992
f 1541 2497 4716
f 2139 2140 3281
f 1537 1540 4717
f 2141 3284 3281
f 751 754 3310
f 2128 3998 3996
f 1540 1835 4606
f 2683 5133 3284
f 2142 3884 5122
f 754 2544 3312
f 1139 1136 3999
f 1539 4714 4718
f 2143 3879 3884
f 2129 1139 4001
f 1542 4718 4609
f 2143 2144 3882
f 752 3313 3315
f 2144 2733 4983
f 755 3315 3316
f 1140 4004 3999
f 1544 1547 4721
f 752 756 3318
f 1992 3895 4004
f 1547 2002 4619
f 2149 2669 5065
f 1142 1141 4006
f 1543 1545 4723
f 2150 2149 3232
f 756 1965 3209
f 2561 1142 4007
f 1545 2090 4724
f 2150 3230 3234
f 757 3320 3321
f 2151 3234 5086
f 758 3321 3322
f 1145 4010 4009
f 1544 4720 4725
f 1548 4725 4726
f 2154 2155 2837
f 759 761 3324
f 2562 4011 4010
f 1543 4719 4722
f 2155 2643 5031
f 1144 4012 4006
f 1546 4722 4617
f 761 2458 3325
f 1935 3901 4012
f 2788 5134 4637
f 757 760 3326
f 1549 4727 4729
f 2158 4637 4635
f 760 2634 3215
f 1146 1143 4009
f 1551 4729 4626
f 2160 2159 4635
f 1936 1146 4013
f 2797 2160 4639
f 759 3323 3327
f 1549 1552 4731
f 2161 2739 5032
f 762 3327 3218
f 1151 4016 4015
f 2162 2161 4058
f 1552 1912 4733
f 2162 4056 4060
f 764 767 3330
f 2529 3914 4016
f 2163 4060 5059
f 1149 4018 4014
f 1550 4734 4736
f 2645 2164 2935
f 767 2064 3228
f 2254 4019 4018
f 1553 4736 4737
f 2164 2165 2930
f 763 765 3332
f 2166 2933 2930
f 765 2358 3333
f 1152 1148 4015
f 1550 1554 4739
f 2654 5058 2933
f 2253 1152 4020
f 764 3329 3334
f 1150 1147 4014
f 1554 2168 4630
f 768 3334 3335
f 2530 1150 4017
f 763 3328 3331
f 1557 1555 4741
f 766 3331 3226
f 1155 1153 4022
f 2201 1557 4743
f 1748 1155 4024
f 2653 5057 3032
f 769 3336 3338
f 1558 4745 4741
f 2173 3032 3030
f 771 3338 3235
f 1156 4026 4022
f 2175 2174 3030
f 2319 4747 4745
f 2662 2175 3034
f 769 772 3340
f 1968 4028 4026
f 1559 1556 4748
f 772 2555 3342
f 1157 1154 4029
f 2320 1559 4750
f 1969 1157 4031
f 2180 3640 5093
f 770 3343 3345
f 1556 1560 4753
f 2181 3635 3640
f 773 3345 3346
f 1158 4034 4029
f 2181 2182 3638
f 2202 4644 4753
f 3548 3549 3646
f 770 774 3348
f 1749 3925 4034
f 1562 1561 4755
f 2707 5091 3674
f 1159 4036 4037
f 2152 1562 4756
f 2183 3674 3672
f 774 2331 3239
f 1910 1160 4037
f 2185 2184 3672
f 1563 1565 4759
f 2716 2185 3676
f 777 775 3350
f 2186 2658 5039
f 1940 777 3352
f 2153 4760 4759
f 2187 2186 3095
f 1564 4761 4755
f 2187 3093 3097
f 778 3354 3350
f 2365 4650 4761
f 2188 3097 4987
f 2106 3356 3354
f 1162 4044 4036
f 1566 1563 4758
f 2191 4205 5138
f 2631 3931 4044
f 2366 1566 4762
f 2192 4200 4205
f 779 776 3357
f 2192 2193 4203
f 2107 779 3359
f 1571 4765 4764
f 2193 2760 5096
f 780 3362 3357
f 2563 4663 4765
f 1569 4767 4763
f 2198 2687 5087
f 1941 3253 3362
f 2630 4768 4767
f 2199 2198 3446
f 782 781 3364
f 2199 3444 3448
f 2286 782 3365
f 1572 1568 4764
f 2200 3448 5024
f 2629 1572 4769
f 785 3368 3367
f 1570 1567 4763
f 1165 1167 4051
f 2564 1570 4766
f 2287 3369 3368
f 1167 1844 4052
f 784 3370 3364
f 1575 1573 4771
f 2205 3242 5083
f 2099 3259 3370
f 2495 1575 4773
f 2206 3237 3242
f 2206 2207 3240
f 786 783 3367
f 1576 4775 4771
f 2207 2679 5105
f 2100 786 3371
f 1165 4047 4050
f 2762 2208 4326
f 1168 4050 3945
f 1741 4777 4775
f 2208 2209 4321
f 791 3374 3373
f 2210 4324 4321
f 1171 4055 4057
f 1577 1574 4778
f 2771 5111 4324
f 2276 3272 3374
f 1173 4057 3954
f 1742 1577 4780
f 789 3376 3372
f 2008 3377 3376
f 1171 1174 4059
f 1578 4783 4778
f 792 788 3373
f 1174 2506 4061
f 2496 4674 4783
f 2217 2829 2831
f 2007 792 3378
f 1580 1579 4785
f 2218 2831 5030
f 790 787 3372
f 1172 4062 4064
f 2525 1580 4786
f 2277 790 3375
f 1175 4064 4065
f 2221 2998 5116
f 795 793 3380
f 1172 1176 4067
f 2221 2222 2993
f 2219 795 3382
f 2222 2223 2996
f 1176 1809 3958
f 2223 2659 5110
f 796 3384 3380
f 1177 4069 4070
f 2224 2811 5098
f 1178 4070 4071
f 1582 4793 4785
f 2225 2224 4914
f 1948 3386 3384
f 1832 4680 4793
f 2225 4912 4916
f 1179 1181 4073
f 2226 4916 5072
f 797 794 3387
f 1949 797 3389
f 1181 2238 4074
f 1177 1180 4075
f 798 3392 3387
f 1180 2041 3964
f 2220 3283 3392
f 1179 4072 4076
f 800 799 3394
f 1182 4076 3967
f 1886 800 3395
f 1184 1187 4079
f 2816 2234 4947
f 1585 1587 4800
f 2234 2235 4945
f 1187 2377 3977
f 1587 2388 4801
f 1183 1185 4081
f 1185 1783 4082
f 2719 2240 3821
f 2240 2241 3816
f 802 3402 3394
f 1184 4078 4083
f 2242 3819 3816
f 1701 3289 3402
f 1188 4083 4084
f 1585 4796 4799
f 2728 5029 3819
f 1183 4077 4080
f 1588 4799 4694
f 1186 4080 3975
f 1591 4804 4806
f 1189 4085 4087
f 1593 4806 4703
f 1191 4087 3984
f 1591 1594 4808
f 1189 1192 4089
f 1594 2453 4810
f 3574 3570 3568
f 3673 3570 3574
f 3580 5070 3575
f 3580 3691 3684
f 3583 3593 3695
f 971 2309 5200
f 905 1785 5198
f 5157 5160 4941
f 5150 5159 4944
f 4938 5161 5169
f 5172 5170 4945
f 5172 2235 1672
f 4941 5160 5149
f 5158 2363 4944
f 2022 1668 5155
f 2021 2022 5153
f 4942 1671 5156
f 4940 5149 5151
f 5158 5159 5156
f 5159 5150 5152
f 5155 5160 5157
f 5160 5155 5151
f 1667 1963 5171
f 4936 5169 5171
f 5162 4947 4945
f 5172 5164 5162
f 5161 4938 4937
f 5164 5172 5168
f 1669 1667 5167
f 5167 5171 5163
f 4946 5164 5166
f 5171 5169 5161
f 5176 5174 4949
f 5178 1677 4949
f 5176 4950 4948
f 5182 5180 4948
f 5182 1676 1675
f 5178 5184 1675
f 1693 5186 5192
f 5194 5188 4968
f 5196 5194 4966
f 5196 1692 1691
f 1665 1663 5183
f 1663 1664 5181
f 4933 5179 5181
f 5175 5173 5181
f 4934 5175 5179
f 5183 5181 5173
f 4935 1665 5177
f 5182 5174 5176
f 5175 4934 4935
f 5174 5182 5184
f 1679 1680 5195
f 4951 5193 5195
f 4951 4952 5187
f 5185 1681 1679
f 5187 4952 4953
f 5190 5196 5192
f 5186 1693 4967
f 5196 5190 5188
f 5195 5193 5187
f 5191 5195 5189
f 4965 4956 4955
f 4955 1685 1690
f 1685 1683 1688
f 1683 1872 1779
f 1872 4954 4963
f 4965 4963 4954
f 2416 2396 1684
f 4957 4960 1687
f 4957 4958 4961
f 3609 3610 5084
f 3723 3714 5084
f 920 3609 3605
f 982 1937 3714
f 982 2203 2710
f 2710 2203 920
f 3633 3631 3636
f 3633 3637 3746
f 2504 2505 935
f 2504 993 996
f 996 993 3736
f 3631 934 935
f 3624 3623 3632
f 3737 3729 3624
f 3737 1810 988
f 3632 3623 927
f 2446 988 1810
f 2446 2712 2018
f 5200 5198 5201
f 5197 5198 5200
f 912 905 5197
f 912 5199 5200
f 966 5201 5198
f 966 971 5202
f 5310 5459 5213
f 5204 5206 5207
f 5204 5208 5455
f 5455 5209 5456
f 5456 5210 5457
f 5457 5211 5205
f 5205 5212 5458
f 5458 5213 5459
f 5213 5220 5221
f 5310 5213 5221
f 5206 5215 5207
f 5207 5216 5208
f 5209 5216 5217
f 5209 5218 5210
f 5211 5218 5219
f 5211 5220 5212
f 5216 5225 5217
f 5218 5225 5226
f 5218 5227 5219
f 5219 5228 5220
f 5220 5229 5221
f 5310 5221 5229
f 5214 5223 5215
f 5215 5224 5216
f 5228 5237 5229
f 5310 5229 5237
f 5222 5231 5223
f 5223 5232 5224
f 5225 5232 5233
f 5226 5233 5234
f 5226 5235 5227
f 5228 5235 5236
f 5233 5242 5234
f 5234 5243 5235
f 5235 5244 5236
f 5236 5245 5237
f 5310 5237 5245
f 5230 5239 5231
f 5231 5240 5232
f 5233 5240 5241
f 5310 5245 5253
f 5239 5246 5247
f 5239 5248 5240
f 5241 5248 5249
f 5241 5250 5242
f 5243 5250 5251
f 5243 5252 5244
f 5245 5252 5253
f 5249 5258 5250
f 5251 5258 5259
f 5251 5260 5252
f 5252 5261 5253
f 5310 5253 5261
f 5247 5254 5255
f 5247 5256 5248
f 5249 5256 5257
f 5310 5261 5269
f 5255 5262 5263
f 5255 5264 5256
f 5257 5264 5265
f 5257 5266 5258
f 5259 5266 5267
f 5259 5268 5260
f 5260 5269 5261
f 5267 5274 5275
f 5267 5276 5268
f 5268 5277 5269
f 5310 5269 5277
f 5263 5270 5271
f 5263 5272 5264
f 5265 5272 5273
f 5265 5274 5266
f 5271 5280 5272
f 5273 5280 5281
f 5273 5282 5274
f 5274 5283 5275
f 5276 5283 5284
f 5277 5284 5285
f 5310 5277 5285
f 5271 5278 5279
f 5283 5292 5284
f 5285 5292 5293
f 5310 5285 5293
f 5278 5287 5279
f 5279 5288 5280
f 5280 5289 5281
f 5281 5290 5282
f 5283 5290 5291
f 5287 5296 5288
f 5289 5296 5297
f 5289 5298 5290
f 5291 5298 5299
f 5292 5299 5300
f 5292 5301 5293
f 5310 5293 5301
f 5286 5295 5287
f 5300 5307 5308
f 5300 5309 5301
f 5310 5301 5309
f 5294 5303 5295
f 5295 5304 5296
f 5297 5304 5305
f 5297 5306 5298
f 5299 5306 5307
f 5305 5313 5314
f 5306 5314 5315
f 5307 5315 5316
f 5307 5317 5308
f 5309 5317 5318
f 5310 5309 5318
f 5302 5312 5303
f 5303 5313 5304
f 5318 5325 5326
f 5310 5318 5326
f 5311 5320 5312
f 5312 5321 5313
f 5314 5321 5322
f 5314 5323 5315
f 5315 5324 5316
f 5316 5325 5317
f 5322 5329 5330
f 5323 5330 5331
f 5324 5331 5332
f 5325 5332 5333
f 5326 5333 5334
f 5310 5326 5334
f 5319 5328 5320
f 5320 5329 5321
f 5334 5341 5342
f 5310 5334 5342
f 5327 5336 5328
f 5328 5337 5329
f 5330 5337 5338
f 5330 5339 5331
f 5332 5339 5340
f 5333 5340 5341
f 5338 5347 5339
f 5340 5347 5348
f 5341 5348 5349
f 5341 5350 5342
f 5310 5342 5350
f 5335 5344 5336
f 5336 5345 5337
f 5338 5345 5346
f 5310 5350 5358
f 5343 5352 5344
f 5344 5353 5345
f 5346 5353 5354
f 5346 5355 5347
f 5347 5356 5348
f 5349 5356 5357
f 5350 5357 5358
f 5356 5363 5364
f 5357 5364 5365
f 5357 5366 5358
f 5310 5358 5366
f 5351 5360 5352
f 5352 5361 5353
f 5354 5361 5362
f 5355 5362 5363
f 5359 5368 5360
f 5360 5369 5361
f 5362 5369 5370
f 5362 5371 5363
f 5364 5371 5372
f 5365 5372 5373
f 5365 5374 5366
f 5310 5366 5374
f 5371 5380 5372
f 5373 5380 5381
f 5373 5382 5374
f 5310 5374 5382
f 5367 5376 5368
f 5368 5377 5369
f 5370 5377 5378
f 5370 5379 5371
f 5376 5385 5377
f 5378 5385 5386
f 5378 5387 5379
f 5379 5388 5380
f 5381 5388 5389
f 5381 5390 5382
f 5310 5382 5390
f 5376 5383 5384
f 5389 5396 5397
f 5389 5398 5390
f 5310 5390 5398
f 5384 5391 5392
f 5384 5393 5385
f 5386 5393 5394
f 5386 5395 5387
f 5388 5395 5396
f 5392 5401 5393
f 5394 5401 5402
f 5395 5402 5403
f 5395 5404 5396
f 5396 5405 5397
f 5397 5406 5398
f 5310 5398 5406
f 5391 5400 5392
f 5404 5413 5405
f 5405 5414 5406
f 5310 5406 5414
f 5399 5408 5400
f 5400 5409 5401
f 5402 5409 5410
f 5403 5410 5411
f 5403 5412 5404
f 5410 5417 5418
f 5410 5419 5411
f 5411 5420 5412
f 5413 5420 5421
f 5413 5422 5414
f 5310 5414 5422
f 5407 5416 5408
f 5408 5417 5409
f 5421 5430 5422
f 5310 5422 5430
f 5415 5424 5416
f 5416 5425 5417
f 5418 5425 5426
f 5418 5427 5419
f 5419 5428 5420
f 5421 5428 5429
f 5426 5435 5427
f 5428 5435 5436
f 5428 5437 5429
f 5429 5438 5430
f 5310 5430 5438
f 5423 5432 5424
f 5424 5433 5425
f 5426 5433 5434
f 5310 5438 5446
f 5431 5440 5432
f 5432 5441 5433
f 5434 5441 5442
f 5434 5443 5435
f 5435 5444 5436
f 5437 5444 5445
f 5437 5446 5438
f 5442 5451 5443
f 5443 5452 5444
f 5444 5453 5445
f 5445 5454 5446
f 5310 5446 5454
f 5439 5448 5440
f 5440 5449 5441
f 5442 5449 5450
f 5310 5454 5459
f 5447 5204 5448
f 5448 5455 5449
f 5450 5455 5456
f 5450 5457 5451
f 5451 5205 5452
f 5452 5458 5453
f 5454 5458 5459
f 5254 5468 5262
f 5486 5519 5487
f 5447 5490 5491
f 5391 5483 5484
f 5302 5474 5311
f 5254 5466 5467
f 5327 5477 5335
f 5383 5482 5483
f 5270 5468 5469
f 5214 5460 5462
f 5407 5485 5486
f 5319 5476 5327
f 5343 5479 5351
f 5206 5461 5460
f 5278 5471 5286
f 5423 5487 5488
f 5399 5484 5485
f 5335 5478 5343
f 5230 5463 5464
f 5439 5489 5490
f 5359 5481 5367
f 5270 5470 5278
f 5238 5466 5246
f 5415 5486 5487
f 5351 5480 5359
f 5222 5462 5463
f 5294 5473 5302
f 5431 5488 5489
f 5447 5461 5203
f 5286 5472 5294
f 5238 5464 5465
f 5375 5481 5482
f 5319 5474 5475
f 5518 5510 5502
f 5473 5506 5474
f 5461 5492 5460
f 5487 5520 5488
f 5474 5507 5475
f 5462 5492 5494
f 5488 5521 5489
f 5475 5508 5476
f 5462 5495 5463
f 5490 5521 5522
f 5476 5509 5477
f 5463 5496 5464
f 5490 5523 5491
f 5477 5510 5478
f 5464 5497 5465
f 5491 5493 5461
f 5478 5511 5479
f 5465 5498 5466
f 5479 5512 5480
f 5466 5499 5467
f 5480 5513 5481
f 5467 5500 5468
f 5481 5514 5482
f 5468 5501 5469
f 5483 5514 5515
f 5469 5502 5470
f 5484 5515 5516
f 5470 5503 5471
f 5485 5516 5517
f 5471 5504 5472
f 5485 5518 5486
f 5472 5505 5473
f 5525 5526 5524
f 5527 5528 5526
f 5529 5530 5528
f 5531 5532 5530
f 5533 5534 5532
f 5535 5536 5534
f 5537 5538 5536
f 5539 5540 5538
f 5541 5542 5540
f 5543 5544 5542
f 5545 5546 5544
f 5547 5548 5546
f 5549 5550 5548
f 5551 5552 5550
f 5553 5554 5552
f 5555 5556 5554
f 5557 5558 5556
f 5559 5560 5558
f 5561 5562 5560
f 5563 5564 5562
f 5565 5566 5564
f 5567 5568 5566
f 5569 5570 5568
f 5571 5572 5570
f 5573 5574 5572
f 5575 5576 5574
f 5577 5578 5576
f 5579 5580 5578
f 5581 5582 5580
f 5583 5584 5582
f 5561 5545 5529
f 5585 5586 5584
f 5587 5524 5586
f 5586 5538 5554
f 479 21 22
f 4 14 15
f 480 22 23
f 5 15 16
f 10 23 24
f 6 16 17
f 481 24 25
f 7 17 18
f 8 18 19
f 1 11 12
f 9 19 20
f 3 2 12
f 478 20 21
f 3 13 14
f 20 35 36
f 13 28 29
f 22 21 36
f 14 29 30
f 22 37 38
f 15 30 31
f 23 38 39
f 16 31 32
f 24 39 40
f 17 32 33
f 19 18 33
f 11 26 27
f 20 19 34
f 12 27 28
f 39 54 55
f 32 47 48
f 33 48 49
f 26 41 42
f 34 49 50
f 27 42 43
f 36 35 50
f 28 43 44
f 37 36 51
f 29 44 45
f 37 52 53
f 30 45 46
f 38 53 54
f 32 31 46
f 43 58 59
f 51 66 67
f 44 59 60
f 52 67 68
f 45 60 61
f 53 68 69
f 46 61 62
f 54 69 70
f 48 47 62
f 48 63 64
f 41 56 57
f 49 64 65
f 42 57 58
f 51 50 65
f 63 62 77
f 63 78 79
f 56 71 72
f 64 79 80
f 57 72 73
f 66 65 80
f 58 73 74
f 66 81 82
f 60 59 74
f 68 67 82
f 60 75 76
f 69 68 83
f 61 76 77
f 69 84 85
f 82 81 96
f 75 74 89
f 82 97 98
f 75 90 91
f 84 83 98
f 77 76 91
f 84 99 100
f 77 92 93
f 78 93 94
f 71 86 87
f 79 94 95
f 72 87 88
f 81 80 95
f 73 88 89
f 93 108 109
f 86 101 102
f 94 109 110
f 87 102 103
f 96 95 110
f 89 88 103
f 97 96 111
f 89 104 105
f 97 112 113
f 90 105 106
f 98 113 114
f 92 91 106
f 100 99 114
f 92 107 108
f 104 119 120
f 113 112 127
f 105 120 121
f 114 113 128
f 107 106 121
f 115 114 129
f 107 122 123
f 109 108 123
f 101 116 117
f 109 124 125
f 102 117 118
f 111 110 125
f 103 118 119
f 111 126 127
f 123 138 139
f 117 116 131
f 124 139 140
f 117 132 133
f 126 125 140
f 118 133 134
f 126 141 142
f 120 119 134
f 128 127 142
f 120 135 136
f 128 143 144
f 122 121 136
f 130 129 144
f 122 137 138
f 142 157 158
f 135 150 151
f 144 143 158
f 137 136 151
f 144 159 160
f 137 152 153
f 138 153 154
f 131 146 147
f 139 154 155
f 133 132 147
f 141 140 155
f 133 148 149
f 141 156 157
f 134 149 150
f 154 169 170
f 147 162 163
f 156 155 170
f 148 163 164
f 156 171 172
f 150 149 164
f 158 157 172
f 150 165 166
f 158 173 174
f 152 151 166
f 159 174 175
f 152 167 168
f 154 153 168
f 146 161 162
f 173 188 189
f 167 166 181
f 175 174 189
f 167 182 183
f 168 183 184
f 161 176 177
f 169 184 185
f 162 177 178
f 170 185 186
f 163 178 179
f 171 186 187
f 164 179 180
f 173 172 187
f 165 180 181
f 177 192 193
f 186 185 200
f 179 178 193
f 186 201 202
f 180 179 194
f 188 187 202
f 180 195 196
f 188 203 204
f 182 181 196
f 190 189 204
f 182 197 198
f 184 183 198
f 176 191 192
f 184 199 200
f 197 196 212
f 204 220 221
f 197 213 214
f 198 214 215
f 191 207 208
f 199 215 216
f 193 192 208
f 201 200 216
f 193 209 210
f 201 217 218
f 194 210 211
f 203 202 218
f 195 211 212
f 203 219 220
f 217 216 231
f 209 224 225
f 217 232 233
f 210 225 226
f 218 233 234
f 211 226 227
f 219 234 235
f 213 212 227
f 221 220 235
f 213 228 229
f 214 229 230
f 207 222 223
f 215 230 231
f 208 223 224
f 236 235 250
f 228 243 244
f 229 244 245
f 222 237 238
f 230 245 246
f 224 223 238
f 232 231 246
f 225 224 239
f 232 247 248
f 225 240 241
f 234 233 248
f 226 241 242
f 234 249 250
f 228 227 242
f 240 239 254
f 247 262 263
f 241 240 255
f 248 263 264
f 241 256 257
f 249 264 265
f 243 242 257
f 250 265 266
f 243 258 259
f 244 259 260
f 237 252 253
f 245 260 261
f 238 253 254
f 247 246 261
f 258 273 274
f 260 259 274
f 252 267 268
f 260 275 276
f 253 268 269
f 262 261 276
f 255 254 269
f 262 277 278
f 256 255 270
f 263 278 279
f 256 271 272
f 265 264 279
f 258 257 272
f 266 265 280
f 277 292 293
f 271 270 285
f 279 278 293
f 271 286 287
f 279 294 295
f 273 272 287
f 281 280 295
f 273 288 289
f 274 289 290
f 267 282 283
f 275 290 291
f 268 283 284
f 277 276 291
f 269 284 285
f 289 305 306
f 282 298 299
f 290 306 307
f 283 299 300
f 292 291 307
f 285 284 300
f 292 308 309
f 286 285 301
f 293 309 310
f 286 302 303
f 294 310 311
f 288 287 303
f 295 311 312
f 289 288 304
f 309 324 325
f 302 317 318
f 311 310 325
f 304 303 318
f 311 326 327
f 304 319 320
f 305 320 321
f 298 313 314
f 306 321 322
f 299 314 315
f 308 307 322
f 301 300 315
f 308 323 324
f 302 301 316
f 313 328 329
f 321 336 337
f 314 329 330
f 323 322 337
f 316 315 330
f 324 323 338
f 317 316 331
f 324 339 340
f 317 332 333
f 326 325 340
f 319 318 333
f 327 326 341
f 319 334 335
f 320 335 336
f 332 347 348
f 341 340 355
f 334 333 348
f 341 356 357
f 334 349 350
f 335 350 351
f 329 328 343
f 336 351 352
f 329 344 345
f 338 337 352
f 331 330 345
f 338 353 354
f 332 331 346
f 339 354 355
f 351 366 367
f 344 359 360
f 353 352 367
f 346 345 360
f 353 368 369
f 346 361 362
f 355 354 369
f 347 362 363
f 356 355 370
f 349 348 363
f 356 371 372
f 349 364 365
f 351 350 365
f 344 343 358
f 371 370 385
f 364 363 378
f 371 386 387
f 364 379 380
f 366 365 380
f 359 358 373
f 366 381 382
f 359 374 375
f 368 367 382
f 361 360 375
f 368 383 384
f 362 361 376
f 369 384 385
f 362 377 378
f 374 389 390
f 383 382 397
f 376 375 390
f 383 398 399
f 376 391 392
f 384 399 400
f 377 392 393
f 386 385 400
f 379 378 393
f 386 401 402
f 379 394 395
f 380 395 396
f 373 388 389
f 381 396 397
f 394 393 408
f 401 416 417
f 394 409 410
f 396 395 410
f 388 403 404
f 396 411 412
f 390 389 404
f 398 397 412
f 391 390 405
f 398 413 414
f 392 391 406
f 399 414 415
f 392 407 408
f 401 400 415
f 413 412 427
f 405 420 421
f 413 428 429
f 407 406 421
f 414 429 430
f 407 422 423
f 415 430 431
f 409 408 423
f 416 431 432
f 409 424 425
f 411 410 425
f 403 418 419
f 411 426 427
f 404 419 420
f 431 446 447
f 425 424 439
f 425 440 441
f 418 433 434
f 426 441 442
f 419 434 435
f 428 427 442
f 420 435 436
f 428 443 444
f 422 421 436
f 430 429 444
f 422 437 438
f 430 445 446
f 424 423 438
f 443 458 459
f 437 436 451
f 444 459 460
f 437 452 453
f 445 460 461
f 439 438 453
f 446 461 462
f 439 454 455
f 440 455 456
f 434 433 448
f 441 456 457
f 435 434 449
f 443 442 457
f 436 435 450
f 455 470 471
f 448 463 464
f 456 471 472
f 449 464 465
f 458 457 472
f 450 465 466
f 458 473 474
f 452 451 466
f 459 474 475
f 452 467 468
f 460 475 476
f 454 453 468
f 462 461 476
f 454 469 470
f 467 466 4
f 474 480 10
f 468 467 5
f 475 10 481
f 469 468 6
f 476 481 482
f 470 469 7
f 470 8 9
f 464 463 1
f 471 9 478
f 465 464 2
f 473 472 478
f 466 465 3
f 473 479 480
f 485 484 486
f 1879 486 1878
f 489 2217 2218
f 1806 2218 2642
f 488 2155 2154
f 490 2643 2155
f 493 1816 1817
f 2082 1817 2644
f 492 1961 1960
f 494 2645 1961
f 495 498 497
f 496 2528 498
f 499 502 501
f 501 1746 1747
f 503 1837 505
f 505 2646 2400
f 2009 506 2010
f 2010 2401 2647
f 509 508 510
f 1713 510 1714
f 510 2335 2336
f 1714 2336 2648
f 511 514 513
f 513 2251 2252
f 512 1714 514
f 514 2648 2251
f 515 2601 517
f 517 2649 2469
f 2059 518 2060
f 2060 2470 2650
f 521 520 522
f 522 2195 2194
f 524 526 527
f 527 1879 1878
f 525 524 528
f 2591 528 2590
f 2406 531 2405
f 2405 1806 2642
f 532 2406 2407
f 2045 2407 2651
f 530 2334 2333
f 533 2652 2334
f 530 2332 534
f 534 2643 1807
f 2482 537 2481
f 2481 2082 2644
f 538 2482 2483
f 1858 2483 2653
f 536 2166 2165
f 539 2654 2166
f 536 2164 540
f 540 2645 2083
f 541 545 543
f 542 1889 545
f 541 546 544
f 544 2528 2527
f 547 551 548
f 550 1746 551
f 547 552 549
f 549 2049 2050
f 553 2546 2547
f 555 2646 2546
f 553 2548 556
f 556 2655 2232
f 1774 557 1775
f 1775 2233 2656
f 558 1774 1773
f 2401 1773 2647
f 561 560 563
f 1884 563 1885
f 563 2288 2289
f 1885 2289 2657
f 562 561 564
f 2335 564 2336
f 564 1884 1883
f 2336 1883 2648
f 565 569 566
f 566 1883 1884
f 568 2251 569
f 569 2648 1883
f 565 570 567
f 567 2602 2603
f 566 1885 570
f 570 2657 2602
f 571 1818 1819
f 573 2649 1818
f 571 1820 574
f 574 2658 2419
f 2222 575 2223
f 2223 2420 2659
f 576 2222 2221
f 2470 2221 2650
f 579 578 581
f 581 2098 2097
f 580 579 582
f 2195 582 2194
f 584 586 587
f 587 2591 2590
f 585 584 588
f 2558 588 2557
f 2596 591 2595
f 2595 2045 2651
f 592 2596 2597
f 2359 2597 2660
f 590 2533 2532
f 593 2661 2533
f 590 2531 594
f 594 2652 2046
f 2174 597 2173
f 2173 1858 2653
f 598 2174 2175
f 1802 2175 2662
f 596 2431 2430
f 599 2663 2431
f 596 2429 600
f 600 2654 1859
f 601 605 603
f 602 2076 605
f 601 606 604
f 604 1889 1888
f 607 611 608
f 610 2049 611
f 607 612 609
f 609 1916 1917
f 613 1827 1828
f 615 2655 1827
f 613 1829 616
f 616 2664 1981
f 2583 617 2584
f 2584 1982 2665
f 618 2583 2582
f 2233 2582 2656
f 621 620 623
f 2126 623 2127
f 623 2038 2039
f 2127 2039 2666
f 622 621 624
f 2288 624 2289
f 624 2126 2125
f 2289 2125 2657
f 625 629 626
f 626 2125 2126
f 628 2602 629
f 629 2657 2125
f 625 630 627
f 627 1900 1901
f 626 2127 630
f 630 2666 1900
f 631 2186 2187
f 633 2658 2186
f 631 2188 634
f 634 2667 1728
f 2026 635 2027
f 2027 1729 2668
f 636 2026 2025
f 2420 2025 2659
f 639 638 641
f 641 1915 1914
f 640 639 642
f 2098 642 2097
f 644 646 647
f 647 2558 2557
f 645 644 648
f 2298 648 2297
f 1874 651 1873
f 1873 2359 2660
f 652 1874 1875
f 2620 1875 2669
f 650 1934 1933
f 653 2670 1934
f 650 1932 654
f 654 2661 2360
f 2043 657 2042
f 2042 1802 2662
f 658 2043 2044
f 2571 2044 2671
f 656 2589 2588
f 659 2672 2589
f 656 2587 660
f 660 2663 1803
f 661 665 663
f 662 2345 665
f 661 666 664
f 664 2076 2075
f 667 671 668
f 670 1916 671
f 667 672 669
f 669 2169 2170
f 673 2466 2467
f 675 2664 2466
f 673 2468 676
f 676 2673 1792
f 2279 677 2280
f 2280 1793 2674
f 678 2279 2278
f 1982 2278 2665
f 681 680 683
f 2383 683 2384
f 683 1841 1842
f 2384 1842 2675
f 682 681 684
f 2038 684 2039
f 684 2383 2382
f 2039 2382 2666
f 685 689 686
f 686 2382 2383
f 688 1900 689
f 689 2666 2382
f 685 690 687
f 687 2121 2122
f 686 2384 690
f 690 2675 2121
f 691 2442 2443
f 693 2667 2442
f 691 2444 694
f 694 2676 1964
f 1798 695 1799
f 1799 1965 2677
f 696 1798 1797
f 1729 1797 2668
f 699 698 701
f 701 2634 2633
f 700 699 702
f 1915 702 1914
f 704 706 707
f 707 2298 2297
f 705 704 708
f 2065 708 2064
f 2150 711 2149
f 2149 2620 2669
f 712 2150 2151
f 2330 2151 2678
f 710 2207 2206
f 713 2679 2207
f 710 2205 714
f 714 2670 2621
f 1866 717 1865
f 1865 2571 2671
f 718 1866 1867
f 1940 1867 2680
f 716 1990 1989
f 719 2681 1990
f 716 1988 720
f 720 2672 2572
f 721 725 723
f 722 2100 725
f 721 726 724
f 724 2345 2344
f 727 731 728
f 730 2169 731
f 727 732 729
f 729 2276 2277
f 733 2316 2317
f 735 2673 2316
f 733 2318 736
f 736 2682 2219
f 2140 737 2141
f 2141 2220 2683
f 738 2140 2139
f 1793 2139 2674
f 741 740 743
f 1731 743 1732
f 743 1701 1702
f 1732 1702 2684
f 742 741 744
f 1841 744 1842
f 744 1731 1730
f 1842 1730 2675
f 745 749 746
f 746 1730 1731
f 748 2121 749
f 749 2675 1730
f 745 750 747
f 747 1876 1877
f 746 1732 750
f 750 2684 1876
f 751 1794 1795
f 753 2676 1794
f 751 1796 754
f 754 2685 2544
f 2580 755 2581
f 2581 2545 2686
f 756 2580 2579
f 1965 2579 2677
f 759 758 761
f 761 2459 2458
f 760 759 762
f 2634 762 2633
f 764 766 767
f 767 2065 2064
f 765 764 768
f 2358 768 2357
f 1943 771 1942
f 1942 2330 2678
f 772 1943 1944
f 2555 1944 2687
f 770 1998 1997
f 773 2688 1998
f 770 1996 774
f 774 2679 2331
f 2550 777 2549
f 2549 1940 2680
f 778 2550 2551
f 2106 2551 2689
f 776 1772 1771
f 779 2690 1772
f 776 1770 780
f 780 2681 1941
f 781 785 783
f 782 2287 785
f 781 786 784
f 784 2100 2099
f 787 791 788
f 790 2276 791
f 787 792 789
f 789 2007 2008
f 793 2351 2352
f 795 2682 2351
f 793 2353 796
f 796 2691 1948
f 2282 797 2283
f 2283 1949 2692
f 798 2282 2281
f 2220 2281 2683
f 801 800 803
f 2451 803 2452
f 803 1886 1887
f 2452 1887 2693
f 802 801 804
f 1701 804 1702
f 804 2451 2450
f 1702 2450 2684
f 805 809 806
f 806 2450 2451
f 808 1876 809
f 809 2684 2450
f 805 810 807
f 807 2047 2048
f 806 2452 810
f 810 2693 2047
f 811 2617 2618
f 813 2685 2617
f 811 2619 814
f 814 2694 2230
f 2577 815 2578
f 2578 2231 2695
f 816 2577 2576
f 2545 2576 2686
f 819 818 821
f 821 1984 1983
f 820 819 822
f 2459 822 2458
f 824 826 827
f 827 2358 2357
f 825 824 828
f 2586 828 2585
f 2199 831 2198
f 2198 2555 2687
f 832 2199 2200
f 1800 2200 2696
f 830 1909 1908
f 833 2697 1909
f 830 1907 834
f 834 2688 2556
f 1768 837 1767
f 1767 2106 2689
f 838 1768 1769
f 2342 1769 2698
f 836 1954 1953
f 839 2699 1954
f 836 1952 840
f 840 2690 2107
f 841 845 843
f 842 2541 845
f 841 846 844
f 844 2287 2286
f 847 851 848
f 850 2007 851
f 847 852 849
f 849 1755 1756
f 853 2054 2055
f 855 2691 2054
f 853 2056 856
f 856 2700 2635
f 2493 857 2494
f 2494 2636 2701
f 858 2493 2492
f 1949 2492 2692
f 861 860 863
f 1718 863 1719
f 863 2057 2058
f 1719 2058 2702
f 862 861 864
f 1886 864 1887
f 864 1718 1717
f 1887 1717 2693
f 865 869 866
f 866 1717 1718
f 868 2047 869
f 869 2693 1717
f 865 870 867
f 867 2243 2244
f 866 1719 870
f 870 2702 2243
f 871 2354 2355
f 873 2694 2354
f 871 2356 874
f 874 2703 1958
f 2302 875 2303
f 2303 1959 2704
f 876 2302 2301
f 2231 2301 2695
f 879 878 881
f 881 2214 2213
f 880 879 882
f 1984 882 1983
f 884 886 887
f 887 2586 2585
f 885 884 888
f 1704 888 1703
f 2131 891 2130
f 2130 1800 2696
f 892 2131 2132
f 2019 2132 2705
f 890 2554 2553
f 893 2706 2554
f 890 2552 894
f 894 2697 1801
f 1956 897 1955
f 1955 2342 2698
f 898 1956 1957
f 2435 1957 2707
f 896 1892 1891
f 899 2708 1892
f 896 1890 900
f 900 2699 2343
f 901 905 903
f 902 1785 905
f 901 906 904
f 904 2541 2540
f 907 911 908
f 910 1755 911
f 907 912 909
f 909 2309 2310
f 913 2013 2014
f 915 2700 2013
f 913 2015 916
f 916 2709 2373
f 2607 917 2608
f 2608 2374 2710
f 918 2607 2606
f 2636 2606 2701
f 921 920 923
f 2569 923 2570
f 923 2203 2204
f 2570 2204 2711
f 922 921 924
f 2057 924 2058
f 924 2569 2568
f 2058 2568 2702
f 925 929 926
f 926 2568 2569
f 928 2243 929
f 929 2702 2568
f 925 930 927
f 927 2445 2446
f 926 2570 930
f 930 2711 2445
f 931 2016 2017
f 933 2703 2016
f 931 2018 934
f 934 2712 2504
f 2181 935 2182
f 2182 2505 2713
f 936 2181 2180
f 1959 2180 2704
f 939 938 941
f 941 2269 2268
f 940 939 942
f 2214 942 2213
f 944 946 947
f 947 1704 1703
f 945 944 948
f 1980 948 1979
f 2263 951 2262
f 2262 2019 2705
f 952 2263 2264
f 2260 2264 2714
f 950 2308 2307
f 953 2715 2308
f 950 2306 954
f 954 2706 2020
f 2184 957 2183
f 2183 2435 2707
f 958 2184 2185
f 1720 2185 2716
f 956 2001 2000
f 959 2717 2001
f 956 1999 960
f 960 2708 2436
f 961 965 963
f 962 2037 965
f 961 966 964
f 964 1785 1784
f 967 971 968
f 970 2309 971
f 967 972 969
f 969 2073 2074
f 973 2592 2593
f 975 2709 2592
f 973 2594 976
f 976 2718 2137
f 1938 977 1939
f 1939 2138 2719
f 978 1938 1937
f 2374 1937 2710
f 981 980 983
f 1753 983 1754
f 983 2410 2411
f 1754 2411 2720
f 982 981 984
f 2203 984 2204
f 984 1753 1752
f 2204 1752 2711
f 985 989 986
f 986 1752 1753
f 988 2445 989
f 989 2711 1752
f 985 990 987
f 987 1765 1766
f 986 1754 990
f 990 2720 1765
f 991 1810 1811
f 993 2712 1810
f 991 1812 994
f 994 2721 2295
f 1869 995 1870
f 1870 2296 2722
f 996 1869 1868
f 2505 1868 2713
f 999 998 1001
f 1001 2509 2508
f 1000 999 1002
f 2269 1002 2268
f 1004 1006 1007
f 1007 1980 1979
f 1005 1004 1008
f 2179 1008 2178
f 2520 1011 2519
f 2519 2260 2714
f 1012 2520 2521
f 2499 2521 2723
f 1010 2072 2071
f 1013 2724 2072
f 1010 2070 1014
f 1014 2715 2261
f 2464 1017 2463
f 2463 1720 2716
f 1018 2464 2465
f 1847 2465 2725
f 1016 2275 2274
f 1019 2726 2275
f 1016 2273 1020
f 1020 2717 1721
f 1021 1025 1023
f 1022 2146 1025
f 1021 1026 1024
f 1024 2037 2036
f 1027 1031 1028
f 1030 2073 1031
f 1027 1032 1029
f 1029 1736 1737
f 1033 2392 2393
f 1035 2718 2392
f 1033 2394 1036
f 1036 2727 1804
f 2241 1037 2242
f 2242 1805 2728
f 1038 2241 2240
f 2138 2240 2719
f 1041 1040 1043
f 2095 1043 2096
f 1043 2440 2441
f 2096 2441 2729
f 1042 1041 1044
f 2410 1044 2411
f 1044 2095 2094
f 2411 2094 2720
f 1045 1049 1046
f 1046 2094 2095
f 1048 1765 1049
f 1049 2720 2094
f 1045 1050 1047
f 1047 2375 2376
f 1046 2096 1050
f 1050 2729 2375
f 1051 1929 1930
f 1053 2721 1929
f 1051 1931 1054
f 1054 2730 2077
f 1739 1055 1740
f 1740 2078 2731
f 1056 1739 1738
f 2296 1738 2722
f 1059 1058 1061
f 1061 1861 1860
f 1060 1059 1062
f 2509 1062 2508
f 1064 1066 1067
f 1067 2179 2178
f 1065 1064 1068
f 2216 1068 2215
f 1850 1071 1849
f 1849 2499 2723
f 1072 1850 1851
f 2627 1851 2732
f 1070 2144 2143
f 1073 2733 2144
f 1070 2142 1074
f 1074 2724 2500
f 2380 1077 2379
f 2379 1847 2725
f 1078 2380 2381
f 1991 2381 2734
f 1076 2462 2461
f 1079 2735 2462
f 1076 2460 1080
f 1080 2726 1848
f 1081 1085 1083
f 1082 1936 1085
f 1081 1086 1084
f 1084 2146 2145
f 1087 1091 1088
f 1090 1736 1091
f 1087 1092 1089
f 1089 2529 2530
f 1093 2079 2080
f 1095 2727 2079
f 1093 2081 1096
f 1096 2736 1748
f 2328 1097 2329
f 2329 1749 2737
f 1098 2328 2327
f 1805 2327 2728
f 1101 1100 1103
f 2517 1103 2518
f 1103 2631 2632
f 2518 2632 2738
f 1102 1101 1104
f 2440 1104 2441
f 1104 2517 2516
f 2441 2516 2729
f 1105 1109 1106
f 1106 2516 2517
f 1108 2375 1109
f 1109 2729 2516
f 1105 1110 1107
f 1107 2084 2085
f 1106 2518 1110
f 1110 2738 2084
f 1111 2455 2456
f 1113 2730 2455
f 1111 2457 1114
f 1114 2739 1808
f 1919 1115 1920
f 1920 1809 2740
f 1116 1919 1918
f 2078 1918 2731
f 1119 1118 1121
f 1121 2041 2040
f 1120 1119 1122
f 1861 1122 1860
f 1124 1126 1127
f 1127 2216 2215
f 1125 1124 1128
f 2378 1128 2377
f 1787 1131 1786
f 1786 2627 2732
f 1132 1787 1788
f 2314 1788 2741
f 1130 1724 1723
f 1133 2742 1724
f 1130 1722 1134
f 1134 2733 2628
f 1825 1137 1824
f 1824 1991 2734
f 1138 1825 1826
f 2128 1826 2743
f 1136 2006 2005
f 1139 2744 2006
f 1136 2004 1140
f 1140 2735 1992
f 1141 1145 1143
f 1142 2562 1145
f 1141 1146 1144
f 1144 1936 1935
f 1147 1151 1148
f 1150 2529 1151
f 1147 1152 1149
f 1149 2253 2254
f 1153 2321 2322
f 1155 2736 2321
f 1153 2323 1156
f 1156 2745 1968
f 2514 1157 2515
f 2515 1969 2746
f 1158 2514 2513
f 1749 2513 2737
f 1161 1160 1163
f 2228 1163 2229
f 1163 1910 1911
f 2229 1911 2747
f 1162 1161 1164
f 2631 1164 2632
f 1164 2228 2227
f 2632 2227 2738
f 1165 1169 1166
f 1166 2227 2228
f 1168 2084 1169
f 1169 2738 2227
f 1165 1170 1167
f 1167 1843 1844
f 1166 2229 1170
f 1170 2747 1843
f 1171 2161 2162
f 1173 2739 2161
f 1171 2163 1174
f 1174 2748 2506
f 2092 1175 2093
f 2093 2507 2749
f 1176 2092 2091
f 1809 2091 2740
f 1179 1178 1181
f 1181 2239 2238
f 1180 1179 1182
f 2041 1182 2040
f 1184 1186 1187
f 1187 2378 2377
f 1185 1184 1188
f 1783 1188 1782
f 2472 1191 2471
f 2471 2314 2741
f 1192 2472 2473
f 2171 2473 2750
f 1190 2399 2398
f 1193 2751 2399
f 1190 2397 1194
f 1194 2742 2315
f 2062 1197 2061
f 2061 2128 2743
f 1198 2062 2063
f 2598 2063 2752
f 1196 1712 1711
f 1199 2753 1712
f 1196 1710 1200
f 1200 2744 2129
f 1201 1205 1203
f 1202 2409 1205
f 1201 1206 1204
f 1204 2562 2561
f 1207 1211 1208
f 1210 2253 1211
f 1207 1212 1209
f 1209 2236 2237
f 1213 2534 2535
f 1215 2745 2534
f 1213 2536 1216
f 1216 2754 2299
f 1761 1217 1762
f 1762 2300 2755
f 1218 1761 1760
f 1969 1760 2746
f 1221 1220 1223
f 1927 1223 1928
f 1223 2361 2362
f 1928 2362 2756
f 1222 1221 1224
f 1910 1224 1911
f 1224 1927 1926
f 1911 1926 2747
f 1225 1229 1226
f 1226 1926 1927
f 1228 1843 1229
f 1229 2747 1926
f 1225 1230 1227
f 1227 1715 1716
f 1226 1928 1230
f 1230 2756 1715
f 1231 1862 1863
f 1233 2748 1862
f 1231 1864 1234
f 1234 2757 2487
f 2349 1235 2350
f 2350 2488 2758
f 1236 2349 2348
f 2507 2348 2749
f 1239 1238 1241
f 1241 2246 2245
f 1237 1242 1240
f 2239 1242 2238
f 1244 1246 1247
f 1247 1783 1782
f 1245 1244 1248
f 2124 1248 2123
f 2258 1251 2257
f 2257 2171 2750
f 1252 2258 2259
f 1966 2259 2759
f 1250 2193 2192
f 1253 2760 2193
f 1250 2191 1254
f 1254 2751 2172
f 2368 1257 2367
f 2367 2598 2752
f 1258 2368 2369
f 1905 2369 2761
f 1256 2428 2427
f 1259 2762 2428
f 1256 2426 1260
f 1260 2753 2599
f 1261 1265 1263
f 1262 2190 1265
f 1261 1266 1264
f 1264 2409 2408
f 1267 1271 1268
f 1270 2236 1271
f 1267 1272 1269
f 1269 2023 2024
f 1273 1821 1822
f 1275 2754 1821
f 1273 1823 1276
f 1276 2763 2559
f 2116 1277 2117
f 2117 2560 2764
f 1278 2116 2115
f 2300 2115 2755
f 1281 1280 1283
f 1696 1283 1697
f 1283 2604 2605
f 1697 2605 2765
f 1282 1281 1284
f 2361 1284 2362
f 1284 1696 1695
f 2362 1695 2756
f 1285 1289 1286
f 1286 1695 1696
f 1288 1715 1289
f 1289 2756 1695
f 1285 1290 1287
f 1287 2421 2422
f 1286 1697 1290
f 1290 2765 2421
f 1291 1757 1758
f 1293 2757 1757
f 1291 1759 1294
f 1294 2766 2249
f 2523 1295 2524
f 2524 2250 2767
f 1296 2523 2522
f 2488 2522 2758
f 1299 1298 1301
f 1301 2386 2385
f 1300 1299 1302
f 2246 1302 2245
f 1304 1306 1307
f 1307 2124 2123
f 1305 1304 1308
f 2347 1308 2346
f 1922 1311 1921
f 1921 1966 2759
f 1312 1922 1923
f 2640 1923 2768
f 1310 1987 1986
f 1313 2769 1987
f 1310 1985 1314
f 1314 2760 1967
f 2615 1317 2614
f 2614 1905 2761
f 1318 2615 2616
f 2108 2616 2770
f 1316 2210 2209
f 1319 2771 2210
f 1316 2208 1320
f 1320 2762 1906
f 1321 1325 1323
f 1322 1951 1325
f 1321 1326 1324
f 1324 2190 2189
f 1327 1331 1328
f 1330 2023 1331
f 1327 1332 1329
f 1329 1780 1781
f 1333 2086 2087
f 1335 2763 2086
f 1333 2088 1336
f 1336 2772 2113
f 2390 1337 2391
f 2391 2114 2773
f 1338 2390 2389
f 2560 2389 2764
f 1341 1340 1343
f 2448 1343 2449
f 1343 2176 2177
f 2449 2177 2774
f 1342 1341 1344
f 2604 1344 2605
f 1344 2448 2447
f 2605 2447 2765
f 1345 1349 1346
f 1346 2447 2448
f 1348 2421 1349
f 1349 2765 2447
f 1345 1350 1347
f 1347 2474 2475
f 1346 2449 1350
f 1350 2774 2474
f 1351 2501 2502
f 1353 2766 2501
f 1351 2503 1354
f 1354 2775 2293
f 1881 1355 1882
f 1882 2294 2776
f 1356 1881 1880
f 2250 1880 2767
f 1359 1358 1361
f 1361 1777 1776
f 1360 1359 1362
f 2386 1362 2385
f 1364 1366 1367
f 1367 2347 2346
f 1365 1364 1368
f 2543 1368 2542
f 1814 1371 1813
f 1813 2640 2768
f 1372 1814 1815
f 1763 1815 2777
f 1370 1857 1856
f 1373 2778 1857
f 1370 1855 1374
f 1374 2769 2641
f 2438 1377 2437
f 2437 2108 2770
f 1378 2438 2439
f 1830 2439 2779
f 1376 2032 2031
f 1379 2780 2032
f 1376 2030 1380
f 1380 2771 2109
f 1381 1385 1383
f 1382 2012 1385
f 1381 1386 1384
f 1384 1951 1950
f 1387 1391 1388
f 1390 1780 1391
f 1387 1392 1389
f 1389 2196 2197
f 1393 1705 1706
f 1395 2772 1705
f 1393 1707 1396
f 1396 2781 2133
f 2479 1397 2480
f 2480 2134 2782
f 1398 2479 2478
f 2114 2478 2773
f 1401 1400 1403
f 2566 1403 2567
f 1403 2066 2067
f 2567 2067 2783
f 1402 1401 1404
f 2176 1404 2177
f 1404 2566 2565
f 2177 2565 2774
f 1405 1409 1406
f 1406 2565 2566
f 1408 2474 1409
f 1409 2774 2565
f 1405 1410 1407
f 1407 2255 2256
f 1406 2567 1410
f 1410 2783 2255
f 1411 2609 2610
f 1413 2775 2609
f 1411 2611 1414
f 1414 2784 1975
f 2433 1415 2434
f 2434 1976 2785
f 1416 2433 2432
f 2294 2432 2776
f 1419 1418 1421
f 1421 2157 2156
f 1420 1419 1422
f 1777 1422 1776
f 1424 1426 1427
f 1427 2543 2542
f 1425 1424 1428
f 2248 1428 2247
f 1896 1431 1895
f 1895 1763 2777
f 1432 1896 1897
f 2417 1897 2786
f 1430 2053 2052
f 1433 2787 2053
f 1430 2051 1434
f 1434 2778 1764
f 2413 1437 2412
f 2412 1830 2779
f 1438 2413 2414
f 2476 2414 2788
f 1436 2103 2102
f 1439 2789 2103
f 1436 2101 1440
f 1440 2780 1831
f 1441 1445 1443
f 1442 1709 1445
f 1441 1446 1444
f 1444 2012 2011
f 1447 1451 1448
f 1450 2196 1451
f 1447 1452 1449
f 1449 2340 2341
f 1453 1743 1744
f 1455 2781 1743
f 1453 1745 1456
f 1456 2790 2284
f 2625 1457 2626
f 2626 2285 2791
f 1458 2625 2624
f 2134 2624 2782
f 1461 1460 1463
f 2312 1463 2313
f 1463 1750 1751
f 2313 1751 2792
f 1462 1461 1464
f 2066 1464 2067
f 1464 2312 2311
f 2067 2311 2783
f 1465 1469 1466
f 1466 2311 2312
f 1468 2255 1469
f 1469 2783 2311
f 1465 1470 1467
f 1467 1924 1925
f 1466 2313 1470
f 1470 2792 1924
f 1471 2484 2485
f 1473 2784 2484
f 1471 2486 1474
f 1474 2793 2104
f 2424 1475 2425
f 2425 2105 2794
f 1476 2424 2423
f 1976 2423 2785
f 1479 1478 1481
f 1481 1835 1834
f 1480 1479 1482
f 2157 1482 2156
f 1484 1486 1487
f 1487 2248 2247
f 1485 1484 1488
f 2003 1488 2002
f 2574 1491 2573
f 2573 2417 2786
f 1492 2574 2575
f 2167 2575 2795
f 1490 2267 2266
f 1493 2796 2267
f 1490 2265 1494
f 1494 2787 2418
f 2159 1497 2158
f 2158 2476 2788
f 1498 2159 2160
f 2201 2160 2797
f 1496 1840 1839
f 1499 2798 1840
f 1496 1838 1500
f 1500 2789 2477
f 1501 1505 1503
f 1502 2366 1505
f 1501 1506 1504
f 1504 1709 1708
f 1507 1511 1508
f 1510 2340 1511
f 1507 1512 1509
f 1509 2563 2564
f 1513 1993 1994
f 1515 2790 1993
f 1513 1995 1516
f 1516 2799 2495
f 2403 1517 2404
f 2404 2496 2800
f 1518 2403 2402
f 2285 2402 2791
f 1521 1520 1523
f 2271 1523 2272
f 1523 1832 1833
f 2272 1833 2801
f 1522 1521 1524
f 1750 1524 1751
f 1524 2271 2270
f 1751 2270 2792
f 1525 1529 1526
f 1526 2270 2271
f 1528 1924 1529
f 1529 2792 2270
f 1525 1530 1527
f 1527 2612 2613
f 1526 2272 1530
f 1530 2801 2612
f 1531 1725 1726
f 1533 2793 1725
f 1531 1727 1534
f 1534 2802 2211
f 1903 1535 1904
f 1904 2212 2803
f 1536 1903 1902
f 2105 1902 2794
f 1539 1538 1541
f 1541 2498 2497
f 1540 1539 1542
f 1835 1542 1834
f 1544 1546 1547
f 1547 2003 2002
f 1545 1544 1548
f 2090 1548 2089
f 2490 1551 2489
f 2489 2167 2795
f 1552 2490 2491
f 1912 2491 2804
f 1550 2372 2371
f 1553 2805 2372
f 1550 2370 1554
f 1554 2796 2168
f 1790 1557 1789
f 1789 2201 2797
f 1558 1790 1791
f 2319 1791 2806
f 1556 1735 1734
f 1559 2807 1735
f 1556 1733 1560
f 1560 2798 2202
f 1561 1565 1563
f 1562 2153 1565
f 1561 1566 1564
f 1564 2366 2365
f 1567 1571 1568
f 1570 2563 1571
f 1567 1572 1569
f 1569 2629 2630
f 1573 2324 2325
f 1575 2799 2324
f 1573 2326 1576
f 1576 2808 1741
f 2111 1577 2112
f 2112 1742 2809
f 1578 2111 2110
f 2496 2110 2800
f 1581 1580 1583
f 1946 1583 1947
f 1583 2525 2526
f 1947 2526 2810
f 1582 1581 1584
f 1832 1584 1833
f 1584 1946 1945
f 1833 1945 2801
f 1585 1589 1586
f 1586 1945 1946
f 1588 2612 1589
f 1589 2801 1945
f 1585 1590 1587
f 1587 2387 2388
f 1586 1947 1590
f 1590 2810 2387
f 1591 1972 1973
f 1593 2802 1972
f 1591 1974 1594
f 1594 2811 2453
f 2034 1595 2035
f 2035 2454 2812
f 1596 2034 2033
f 2212 2033 2803
f 1599 1598 1601
f 1601 2148 2147
f 1600 1599 1602
f 2498 1602 2497
f 1604 1606 1607
f 1607 2090 2089
f 1605 1604 1608
f 1846 1608 1845
f 2119 1611 2118
f 2118 1912 2804
f 1612 2119 2120
f 2622 2120 2813
f 1610 1700 1699
f 1613 2814 1700
f 1610 1698 1614
f 1614 2805 1913
f 2538 1617 2537
f 2537 2319 2806
f 1618 2538 2539
f 2068 2539 2815
f 1616 2339 2338
f 1619 2816 2339
f 1616 2337 1620
f 1620 2807 2320
f 1621 1625 1623
f 1622 1894 1625
f 1621 1626 1624
f 1624 2153 2152
f 1627 1631 1628
f 1630 2629 1631
f 1627 1632 1629
f 1629 1977 1978
f 1633 2510 2511
f 1635 2808 2510
f 1633 2512 1636
f 1636 2817 2028
f 1853 1637 1854
f 1854 2029 2818
f 1638 1853 1852
f 1742 1852 2809
f 1641 1640 1643
f 2638 1643 2639
f 1643 2304 2305
f 2639 2305 2819
f 1642 1641 1644
f 2525 1644 2526
f 1644 2638 2637
f 2526 2637 2810
f 1645 1649 1646
f 1646 2637 2638
f 1648 2387 1649
f 1649 2810 2637
f 1645 1650 1647
f 1647 2135 2136
f 1646 2639 1650
f 1650 2819 2135
f 1651 2224 2225
f 1653 2811 2224
f 1651 2226 1654
f 1654 2820 1898
f 2291 1655 2292
f 2292 1899 2821
f 1656 2291 2290
f 2454 2290 2812
f 1659 1658 1661
f 1661 1971 1970
f 1660 1659 1662
f 2148 1662 2147
f 1664 1665 1666
f 1666 1846 1845
f 1963 1669 1962
f 1962 2622 2813
f 1668 2021 1670
f 1670 2814 2623
f 2364 1673 2363
f 2363 2068 2815
f 1672 2234 1674
f 1674 2816 2069
f 1675 1678 1677
f 1677 1894 1893
f 1679 1682 1680
f 1681 1977 1682
f 1683 1871 1872
f 1685 2817 1871
f 1686 2396 2395
f 2029 2395 2818
f 1687 2415 2416
f 1689 2820 2415
f 1690 1779 1778
f 1899 1778 2821
f 1693 1692 1694
f 1971 1694 1970
f 2823 2824 2826
f 2826 2825 2827
f 2829 2830 2831
f 2831 2832 5030
f 2833 2837 2835
f 2835 5031 2836
f 2838 2841 2839
f 2841 2842 5037
f 2845 2844 2847
f 2845 5094 2846
f 2849 2851 2852
f 2849 2853 2850
f 2855 2856 2858
f 2856 2859 2858
f 2861 2862 2863
f 2862 5049 2863
f 2865 2869 2867
f 2868 2869 5012
f 2870 2875 2871
f 2873 2877 2875
f 2872 2875 2876
f 2876 2877 4978
f 2879 2880 2882
f 2880 2883 2882
f 2874 2882 2877
f 2882 4978 2877
f 2884 2887 2885
f 2886 5038 2887
f 2891 2890 2893
f 2892 2893 5116
f 2895 2897 2898
f 2896 2898 2899
f 2903 2901 2902
f 2825 2902 2827
f 2901 2904 2906
f 2906 2905 2907
f 2910 2909 2911
f 2832 2911 5030
f 2909 2912 2913
f 2913 2914 5113
f 2915 2919 2917
f 2917 5114 2918
f 2915 2921 2916
f 2920 5031 2921
f 2924 2923 2925
f 2842 2925 5037
f 2923 2926 2927
f 2927 2928 5057
f 2929 2933 2931
f 2931 5058 2932
f 2929 2935 2930
f 2934 5094 2935
f 2936 2940 2937
f 2937 2941 2938
f 2936 2943 2939
f 2942 2853 2943
f 2944 2946 2947
f 2947 2859 2857
f 2944 2950 2945
f 2948 2951 2950
f 2952 2955 2954
f 2954 5049 2864
f 2952 2957 2953
f 2956 5044 2957
f 2961 2960 2963
f 2962 2963 5013
f 2960 2964 2965
f 2965 2868 5012
f 2967 2969 2971
f 2971 2970 2973
f 2968 2971 2972
f 2972 2973 5068
f 2969 2974 2975
f 2975 2872 2876
f 2970 2975 2976
f 2976 2876 4978
f 2977 2979 2980
f 2978 2976 2979
f 2980 2883 2881
f 2979 4978 2883
f 2977 2983 2978
f 2981 2984 2983
f 2978 2973 2970
f 2983 5068 2973
f 2985 2988 2987
f 2987 5038 2888
f 2985 2990 2986
f 2989 5039 2990
f 2994 2993 2996
f 2995 2996 5110
f 2993 2997 2998
f 2998 2892 5116
f 3000 3002 3003
f 3001 3003 3004
f 3002 3005 3006
f 3006 2896 2899
f 3010 3008 3009
f 2905 3009 2907
f 3008 3011 3013
f 3013 3012 3014
f 3017 3016 3018
f 2914 3018 5113
f 3016 3019 3020
f 3020 3021 5064
f 3022 3026 3024
f 3024 5082 3025
f 3022 3028 3023
f 3027 5114 3028
f 3031 3030 3032
f 2928 3032 5057
f 3030 3033 3034
f 3034 3035 5026
f 3036 3040 3038
f 3038 5027 3039
f 3036 3042 3037
f 3041 5058 3042
f 3043 3047 3044
f 3044 3048 3045
f 3043 3050 3046
f 3049 2941 3050
f 3051 3053 3054
f 3054 2951 2949
f 3051 3057 3052
f 3055 3058 3057
f 3059 3062 3061
f 3061 5044 2958
f 3059 3064 3060
f 3063 5045 3064
f 3068 3067 3070
f 3069 3070 5101
f 3067 3071 3072
f 3072 2962 5013
f 3074 3076 3078
f 3078 3077 3080
f 3075 3078 3079
f 3079 3080 5073
f 3076 3081 3082
f 3082 2968 2972
f 3077 3082 3083
f 3083 2972 5068
f 3084 3086 3087
f 3085 3083 3086
f 3087 2984 2982
f 3086 5068 2984
f 3084 3090 3085
f 3088 3091 3090
f 3085 3080 3077
f 3090 5073 3080
f 3092 3095 3094
f 3094 5039 2991
f 3092 3097 3093
f 3096 4987 3097
f 3101 3100 3103
f 3102 3103 4988
f 3100 3104 3105
f 3105 2995 5110
f 3107 3109 3110
f 3108 3110 3111
f 3109 3112 3113
f 3113 3001 3004
f 3117 3115 3116
f 3012 3116 3014
f 3115 3118 3120
f 3120 3119 3121
f 3124 3123 3125
f 3021 3125 5064
f 3123 3126 3127
f 3127 3128 5065
f 3129 3133 3131
f 3131 5083 3132
f 3129 3135 3130
f 3134 5082 3135
f 3138 3137 3139
f 3035 3139 5026
f 3137 3140 3141
f 3141 3142 5060
f 3143 3147 3145
f 3145 5102 3146
f 3143 3149 3144
f 3148 5027 3149
f 3150 3154 3151
f 3151 3155 3152
f 3150 3157 3153
f 3156 3048 3157
f 3158 3160 3161
f 3161 3058 3056
f 3158 3164 3159
f 3162 3165 3164
f 3166 3169 3168
f 3168 5045 3065
f 3166 3171 3167
f 3170 5019 3171
f 3175 3174 3177
f 3176 3177 5020
f 3174 3178 3179
f 3179 3069 5101
f 3181 3183 3185
f 3185 3184 3187
f 3182 3185 3186
f 3186 3187 4989
f 3183 3188 3189
f 3189 3075 3079
f 3184 3189 3190
f 3190 3079 5073
f 3191 3193 3194
f 3192 3190 3193
f 3194 3091 3089
f 3193 5073 3091
f 3191 3197 3192
f 3195 3198 3197
f 3192 3187 3184
f 3197 4989 3187
f 3199 3202 3201
f 3201 4987 3098
f 3199 3204 3200
f 3203 5021 3204
f 3208 3207 3210
f 3209 3210 5023
f 3207 3211 3212
f 3212 3102 4988
f 3214 3216 3217
f 3215 3217 3218
f 3216 3219 3220
f 3220 3108 3111
f 3224 3222 3223
f 3119 3223 3121
f 3222 3225 3227
f 3227 3226 3228
f 3231 3230 3232
f 3128 3232 5065
f 3230 3233 3234
f 3234 3235 5086
f 3236 3240 3238
f 3238 5105 3239
f 3236 3242 3237
f 3241 5083 3242
f 3245 3244 3246
f 3142 3246 5060
f 3244 3247 3248
f 3248 3249 5061
f 3250 3254 3252
f 3252 5010 3253
f 3250 3256 3251
f 3255 5102 3256
f 3257 3261 3258
f 3258 3262 3259
f 3257 3264 3260
f 3263 3155 3264
f 3265 3267 3268
f 3268 3165 3163
f 3265 3271 3266
f 3269 3272 3271
f 3273 3276 3275
f 3275 5019 3172
f 3273 3278 3274
f 3277 5140 3278
f 3282 3281 3284
f 3283 3284 5133
f 3281 3285 3286
f 3286 3176 5020
f 3288 3290 3292
f 3292 3291 3294
f 3289 3292 3293
f 3293 3294 4973
f 3290 3295 3296
f 3296 3182 3186
f 3291 3296 3297
f 3297 3186 4989
f 3298 3300 3301
f 3299 3297 3300
f 3301 3198 3196
f 3300 4989 3198
f 3298 3304 3299
f 3302 3305 3304
f 3299 3294 3291
f 3304 4973 3294
f 3306 3309 3308
f 3308 5021 3205
f 3306 3311 3307
f 3310 5022 3311
f 3315 3314 3317
f 3316 3317 5148
f 3314 3318 3319
f 3319 3209 5023
f 3321 3323 3324
f 3322 3324 3325
f 3323 3326 3327
f 3327 3215 3218
f 3331 3329 3330
f 3226 3330 3228
f 3329 3332 3334
f 3334 3333 3335
f 3338 3337 3339
f 3235 3339 5086
f 3337 3340 3341
f 3341 3342 5087
f 3343 3347 3345
f 3345 5078 3346
f 3343 3349 3344
f 3348 5105 3349
f 3352 3351 3353
f 3249 3353 5061
f 3351 3354 3355
f 3355 3356 5008
f 3357 3361 3359
f 3359 5011 3360
f 3357 3363 3358
f 3362 5010 3363
f 3364 3368 3365
f 3365 3369 3366
f 3364 3371 3367
f 3370 3262 3371
f 3372 3374 3375
f 3375 3272 3270
f 3372 3378 3373
f 3376 3379 3378
f 3380 3383 3382
f 3382 5140 3279
f 3380 3385 3381
f 3384 5089 3385
f 3389 3388 3391
f 3390 3391 5090
f 3388 3392 3393
f 3393 3283 5133
f 3395 3397 3399
f 3399 3398 3401
f 3396 3399 3400
f 3400 3401 4979
f 3397 3402 3403
f 3403 3289 3293
f 3398 3403 3404
f 3404 3293 4973
f 3405 3407 3408
f 3406 3404 3407
f 3408 3305 3303
f 3407 4973 3305
f 3405 3411 3406
f 3409 3412 3411
f 3406 3401 3398
f 3411 4979 3401
f 3413 3416 3415
f 3415 5022 3312
f 3413 3418 3414
f 3417 5141 3418
f 3422 3421 3424
f 3423 3424 5142
f 3421 3425 3426
f 3426 3316 5148
f 3428 3430 3431
f 3429 3431 3432
f 3430 3433 3434
f 3434 3322 3325
f 3438 3436 3437
f 3333 3437 3335
f 3436 3439 3441
f 3441 3440 3442
f 3445 3444 3446
f 3342 3446 5087
f 3444 3447 3448
f 3448 3449 5024
f 3450 3454 3452
f 3452 5025 3453
f 3450 3456 3451
f 3455 5078 3456
f 3459 3458 3460
f 3356 3460 5008
f 3458 3461 3462
f 3462 3463 5009
f 3464 3468 3466
f 3466 5069 3467
f 3464 3470 3465
f 3469 5011 3470
f 3471 3475 3472
f 3472 3476 3473
f 3471 3478 3474
f 3477 3369 3478
f 3479 3481 3482
f 3482 3379 3377
f 3479 3485 3480
f 3483 3486 3485
f 3487 3490 3489
f 3489 5089 3386
f 3487 3492 3488
f 3491 5106 3492
f 3496 3495 3498
f 3497 3498 5147
f 3495 3499 3500
f 3500 3390 5090
f 3502 3504 3506
f 3506 3505 3508
f 3503 3506 3507
f 3507 3508 4980
f 3504 3509 3510
f 3510 3396 3400
f 3505 3510 3511
f 3511 3400 4979
f 3512 3514 3515
f 3513 3511 3514
f 3515 3412 3410
f 3514 4979 3412
f 3512 3518 3513
f 3516 3519 3518
f 3513 3508 3505
f 3518 4980 3508
f 3520 3523 3522
f 3522 5141 3419
f 3520 3525 3521
f 3524 5092 3525
f 3529 3528 3531
f 3530 3531 5093
f 3528 3532 3533
f 3533 3423 5142
f 3535 3537 3538
f 3536 3538 3539
f 3537 3540 3541
f 3541 3429 3432
f 3545 3543 3544
f 3440 3544 3442
f 3543 3546 3548
f 3548 3547 3549
f 3552 3551 3553
f 3449 3553 5024
f 3551 3554 3555
f 3555 3556 5108
f 3557 3561 3559
f 3559 5109 3560
f 3557 3563 3558
f 3562 5025 3563
f 3566 3565 3567
f 3463 3567 5009
f 3565 3568 3569
f 3569 3570 5091
f 3571 3575 3573
f 3573 5070 3574
f 3571 3577 3572
f 3576 5069 3577
f 3578 3582 3579
f 3579 3583 3580
f 3578 3585 3581
f 3584 3476 3585
f 3586 3588 3589
f 3589 3486 3484
f 3586 3592 3587
f 3590 3593 3592
f 3594 3597 3596
f 3596 5106 3493
f 3594 3599 3595
f 3598 5107 3599
f 3603 3602 3605
f 3604 3605 5084
f 3602 3606 3607
f 3607 3497 5147
f 3609 3611 3613
f 3613 3612 3615
f 3610 3613 3614
f 3614 3615 5000
f 3611 3616 3617
f 3617 3503 3507
f 3612 3617 3618
f 3618 3507 4980
f 3619 3621 3622
f 3620 3618 3621
f 3622 3519 3517
f 3621 4980 3519
f 3619 3625 3620
f 3623 3626 3625
f 3620 3615 3612
f 3625 5000 3615
f 3627 3630 3629
f 3629 5092 3526
f 3627 3632 3628
f 3631 5034 3632
f 3636 3635 3638
f 3637 3638 5062
f 3635 3639 3640
f 3640 3530 5093
f 3642 3644 3645
f 3643 3645 3646
f 3644 3647 3648
f 3648 3536 3539
f 3652 3650 3651
f 3547 3651 3549
f 3650 3653 3655
f 3655 3654 3656
f 3659 3658 3660
f 3556 3660 5108
f 3658 3661 3662
f 3662 3663 5143
f 3664 3668 3666
f 3666 5121 3667
f 3664 3670 3665
f 3669 5109 3670
f 3673 3672 3674
f 3570 3674 5091
f 3672 3675 3676
f 3676 3677 4981
f 3678 3682 3680
f 3680 4982 3681
f 3678 3684 3679
f 3683 5070 3684
f 3685 3689 3686
f 3686 3690 3687
f 3685 3692 3688
f 3691 3583 3692
f 3693 3695 3696
f 3696 3593 3591
f 3693 3699 3694
f 3697 3700 3699
f 3701 3704 3703
f 3703 5107 3600
f 3701 3706 3702
f 3705 5132 3706
f 3710 3709 3712
f 3711 3712 5085
f 3709 3713 3714
f 3714 3604 5084
f 3716 3718 3720
f 3720 3719 3722
f 3717 3720 3721
f 3721 3722 5001
f 3718 3723 3724
f 3724 3610 3614
f 3719 3724 3725
f 3725 3614 5000
f 3726 3728 3729
f 3727 3725 3728
f 3729 3626 3624
f 3728 5000 3626
f 3726 3732 3727
f 3730 3733 3732
f 3727 3722 3719
f 3732 5001 3722
f 3734 3737 3736
f 3736 5034 3633
f 3734 3739 3735
f 3738 5035 3739
f 3743 3742 3745
f 3744 3745 4992
f 3742 3746 3747
f 3747 3637 5062
f 3749 3751 3752
f 3750 3752 3753
f 3751 3754 3755
f 3755 3643 3646
f 3759 3757 3758
f 3654 3758 3656
f 3757 3760 3762
f 3762 3761 3763
f 3766 3765 3767
f 3663 3767 5143
f 3765 3768 3769
f 3769 3770 5054
f 3771 3775 3773
f 3773 5122 3774
f 3771 3777 3772
f 3776 5121 3777
f 3780 3779 3781
f 3677 3781 4981
f 3779 3782 3783
f 3783 3784 5052
f 3785 3789 3787
f 3787 5053 3788
f 3785 3791 3786
f 3790 4982 3791
f 3792 3796 3793
f 3793 3797 3794
f 3792 3799 3795
f 3798 3690 3799
f 3800 3802 3803
f 3803 3700 3698
f 3800 3806 3801
f 3804 3807 3806
f 3808 3811 3810
f 3810 5132 3707
f 3808 3813 3809
f 3812 5028 3813
f 3817 3816 3819
f 3818 3819 5029
f 3816 3820 3821
f 3821 3711 5085
f 3823 3825 3827
f 3827 3826 3829
f 3824 3827 3828
f 3828 3829 5125
f 3825 3830 3831
f 3831 3717 3721
f 3826 3831 3832
f 3832 3721 5001
f 3833 3835 3836
f 3834 3832 3835
f 3836 3733 3731
f 3835 5001 3733
f 3833 3839 3834
f 3837 3840 3839
f 3834 3829 3826
f 3839 5125 3829
f 3841 3844 3843
f 3843 5035 3740
f 3841 3846 3842
f 3845 5081 3846
f 3850 3849 3852
f 3851 3852 4993
f 3849 3853 3854
f 3854 3744 4992
f 3856 3858 3859
f 3857 3859 3860
f 3858 3861 3862
f 3862 3750 3753
f 3866 3864 3865
f 3761 3865 3763
f 3864 3867 3869
f 3869 3868 3870
f 3873 3872 3874
f 3770 3874 5054
f 3872 3875 3876
f 3876 3877 5015
f 3878 3882 3880
f 3880 4983 3881
f 3878 3884 3879
f 3883 5122 3884
f 3887 3886 3888
f 3784 3888 5052
f 3886 3889 3890
f 3890 3891 5042
f 3892 3896 3894
f 3894 5103 3895
f 3892 3898 3893
f 3897 5053 3898
f 3899 3903 3900
f 3900 3904 3901
f 3899 3906 3902
f 3905 3797 3906
f 3907 3909 3910
f 3910 3807 3805
f 3907 3913 3908
f 3911 3914 3913
f 3915 3918 3917
f 3917 5028 3814
f 3915 3920 3916
f 3919 4997 3920
f 3924 3923 3926
f 3925 3926 4998
f 3923 3927 3928
f 3928 3818 5029
f 3930 3932 3934
f 3934 3933 3936
f 3931 3934 3935
f 3935 3936 5123
f 3932 3937 3938
f 3938 3824 3828
f 3933 3938 3939
f 3939 3828 5125
f 3940 3942 3943
f 3941 3939 3942
f 3943 3840 3838
f 3942 5125 3840
f 3940 3946 3941
f 3944 3947 3946
f 3941 3936 3933
f 3946 5123 3936
f 3948 3951 3950
f 3950 5081 3847
f 3948 3953 3949
f 3952 5032 3953
f 3957 3956 3959
f 3958 3959 5033
f 3956 3960 3961
f 3961 3851 4993
f 3963 3965 3966
f 3964 3966 3967
f 3962 3969 3965
f 3969 3857 3860
f 3973 3971 3972
f 3868 3972 3870
f 3971 3974 3976
f 3976 3975 3977
f 3980 3979 3981
f 3877 3981 5015
f 3979 3982 3983
f 3983 3984 5016
f 3985 3989 3987
f 3987 4984 3988
f 3985 3991 3986
f 3990 4983 3991
f 3994 3993 3995
f 3891 3995 5042
f 3993 3996 3997
f 3997 3998 5043
f 3999 4003 4001
f 4001 4976 4002
f 3999 4005 4000
f 4004 5103 4005
f 4006 4010 4007
f 4007 4011 4008
f 4006 4013 4009
f 4012 3904 4013
f 4014 4016 4017
f 4017 3914 3912
f 4014 4020 4015
f 4018 4021 4020
f 4022 4025 4024
f 4024 4997 3921
f 4022 4027 4023
f 4026 5097 4027
f 4031 4030 4033
f 4032 4033 5004
f 4030 4034 4035
f 4035 3925 4998
f 4037 4039 4041
f 4041 4040 4043
f 4038 4041 4042
f 4042 4043 5051
f 4039 4044 4045
f 4045 3931 3935
f 4040 4045 4046
f 4046 3935 5123
f 4047 4049 4050
f 4048 4046 4049
f 4050 3947 3945
f 4049 5123 3947
f 4047 4053 4048
f 4051 4054 4053
f 4048 4043 4040
f 4053 5051 4043
f 4055 4058 4057
f 4057 5032 3954
f 4055 4060 4056
f 4059 5059 4060
f 4064 4063 4066
f 4065 4066 5124
f 4063 4067 4068
f 4068 3958 5033
f 4070 4072 4073
f 4071 4073 4074
f 4072 4075 4076
f 4076 3964 3967
f 4080 4078 4079
f 3975 4079 3977
f 4078 4081 4083
f 4083 4082 4084
f 4087 4086 4088
f 3984 4088 5016
f 4086 4089 4090
f 4090 4091 5137
f 4092 4096 4094
f 4094 5138 4095
f 4092 4098 4093
f 4097 4984 4098
f 4101 4100 4102
f 3998 4102 5043
f 4100 4103 4104
f 4104 4105 5117
f 4106 4110 4108
f 4108 4977 4109
f 4106 4112 4107
f 4111 4976 4112
f 4113 4117 4114
f 4114 4118 4115
f 4113 4120 4116
f 4119 4011 4120
f 4121 4123 4124
f 4124 4021 4019
f 4121 4127 4122
f 4125 4128 4127
f 4129 4132 4131
f 4131 5097 4028
f 4129 4134 4130
f 4133 5040 4134
f 4138 4137 4140
f 4139 4140 5005
f 4137 4141 4142
f 4142 4032 5004
f 4144 4146 4148
f 4148 4147 4150
f 4145 4148 4149
f 4149 4150 4969
f 4146 4151 4152
f 4152 4038 4042
f 4147 4152 4153
f 4153 4042 5051
f 4154 4156 4157
f 4155 4153 4156
f 4157 4054 4052
f 4156 5051 4054
f 4154 4160 4155
f 4158 4161 4160
f 4155 4150 4147
f 4160 4969 4150
f 4162 4165 4164
f 4164 5059 4061
f 4162 4167 4163
f 4166 5002 4167
f 4171 4170 4173
f 4172 4173 5146
f 4170 4174 4175
f 4175 4065 5124
f 4177 4179 4180
f 4178 4180 4181
f 4179 4182 4183
f 4183 4071 4074
f 4187 4185 4186
f 4082 4186 4084
f 4185 4188 4190
f 4190 4189 4191
f 4194 4193 4195
f 4091 4195 5137
f 4193 4196 4197
f 4197 4198 5080
f 4199 4203 4201
f 4201 5096 4202
f 4199 4205 4200
f 4204 5138 4205
f 4208 4207 4209
f 4105 4209 5117
f 4207 4210 4211
f 4211 4212 5076
f 4213 4217 4215
f 4215 5077 4216
f 4213 4219 4214
f 4218 4977 4219
f 4220 4224 4221
f 4221 4225 4222
f 4220 4227 4223
f 4226 4118 4227
f 4228 4230 4231
f 4231 4128 4126
f 4228 4234 4229
f 4232 4235 4234
f 4236 4239 4238
f 4238 5040 4135
f 4236 4241 4237
f 4240 5041 4241
f 4245 4244 4247
f 4246 4247 5129
f 4244 4248 4249
f 4249 4139 5005
f 4251 4253 4255
f 4255 4254 4257
f 4252 4255 4256
f 4256 4257 4970
f 4253 4258 4259
f 4259 4145 4149
f 4254 4259 4260
f 4260 4149 4969
f 4261 4263 4264
f 4262 4260 4263
f 4264 4161 4159
f 4263 4969 4161
f 4261 4267 4262
f 4265 4268 4267
f 4262 4257 4254
f 4267 4970 4257
f 4269 4272 4271
f 4271 5002 4168
f 4269 4274 4270
f 4273 5003 4274
f 4278 4277 4280
f 4279 4280 5066
f 4277 4281 4282
f 4282 4172 5146
f 4284 4286 4287
f 4285 4287 4288
f 4286 4289 4290
f 4290 4178 4181
f 4294 4292 4293
f 4189 4293 4191
f 4292 4295 4297
f 4297 4296 4298
f 4301 4300 4302
f 4198 4302 5080
f 4300 4303 4304
f 4304 4305 5036
f 4306 4310 4308
f 4308 5056 4309
f 4306 4312 4307
f 4311 5096 4312
f 4315 4314 4316
f 4212 4316 5076
f 4314 4317 4318
f 4318 4319 5126
f 4320 4324 4322
f 4322 5111 4323
f 4320 4326 4321
f 4325 5077 4326
f 4327 4331 4328
f 4328 4332 4329
f 4327 4334 4330
f 4333 4225 4334
f 4335 4337 4338
f 4338 4235 4233
f 4335 4341 4336
f 4339 4342 4341
f 4343 4346 4345
f 4345 5041 4242
f 4343 4348 4344
f 4347 4974 4348
f 4352 4351 4354
f 4353 4354 5128
f 4351 4355 4356
f 4356 4246 5129
f 4358 4360 4362
f 4362 4361 4364
f 4359 4362 4363
f 4363 4364 5139
f 4360 4365 4366
f 4366 4252 4256
f 4361 4366 4367
f 4367 4256 4970
f 4368 4370 4371
f 4369 4367 4370
f 4371 4268 4266
f 4370 4970 4268
f 4368 4374 4369
f 4372 4375 4374
f 4369 4364 4361
f 4374 5139 4364
f 4376 4379 4378
f 4378 5003 4275
f 4376 4381 4377
f 4380 5145 4381
f 4385 4384 4387
f 4386 4387 5067
f 4384 4388 4389
f 4389 4279 5066
f 4391 4393 4394
f 4392 4394 4395
f 4393 4396 4397
f 4397 4285 4288
f 4401 4399 4400
f 4296 4400 4298
f 4399 4402 4404
f 4404 4403 4405
f 4408 4407 4409
f 4305 4409 5036
f 4407 4410 4411
f 4411 4412 5006
f 4413 4417 4415
f 4415 5007 4416
f 4413 4419 4414
f 4418 5056 4419
f 4422 4421 4423
f 4319 4423 5126
f 4421 4424 4425
f 4425 4426 5046
f 4427 4431 4429
f 4429 5047 4430
f 4427 4433 4428
f 4432 5111 4433
f 4434 4438 4435
f 4435 4439 4436
f 4434 4441 4437
f 4440 4332 4441
f 4442 4444 4445
f 4445 4342 4340
f 4442 4448 4443
f 4446 4449 4448
f 4450 4453 4452
f 4452 4974 4349
f 4450 4455 4451
f 4454 4975 4455
f 4459 4458 4461
f 4460 4461 5130
f 4458 4462 4463
f 4463 4353 5128
f 4465 4467 4469
f 4469 4468 4471
f 4466 4469 4470
f 4470 4471 5118
f 4467 4472 4473
f 4473 4359 4363
f 4468 4473 4474
f 4474 4363 5139
f 4475 4477 4478
f 4476 4474 4477
f 4478 4375 4373
f 4477 5139 4375
f 4475 4481 4476
f 4479 4482 4481
f 4476 4471 4468
f 4481 5118 4471
f 4483 4486 4485
f 4485 5145 4382
f 4483 4488 4484
f 4487 5099 4488
f 4492 4491 4494
f 4493 4494 5100
f 4491 4495 4496
f 4496 4386 5067
f 4498 4500 4501
f 4499 4501 4502
f 4500 4503 4504
f 4504 4392 4395
f 4508 4506 4507
f 4403 4507 4405
f 4506 4509 4511
f 4511 4510 4512
f 4515 4514 4516
f 4412 4516 5006
f 4514 4517 4518
f 4518 4519 5071
f 4520 4524 4522
f 4522 5115 4523
f 4520 4526 4521
f 4525 5007 4526
f 4529 4528 4530
f 4426 4530 5046
f 4528 4531 4532
f 4532 4533 5134
f 4534 4538 4536
f 4536 5050 4537
f 4534 4540 4535
f 4539 5047 4540
f 4541 4545 4542
f 4542 4546 4543
f 4541 4548 4544
f 4547 4439 4548
f 4549 4551 4552
f 4552 4449 4447
f 4549 4555 4550
f 4553 4556 4555
f 4557 4560 4559
f 4559 4975 4456
f 4557 4562 4558
f 4561 4996 4562
f 4566 4565 4568
f 4567 4568 5144
f 4565 4569 4570
f 4570 4460 5130
f 4572 4574 4576
f 4576 4575 4578
f 4573 4576 4577
f 4577 4578 4999
f 4574 4579 4580
f 4580 4466 4470
f 4575 4580 4581
f 4581 4470 5118
f 4582 4584 4585
f 4583 4581 4584
f 4585 4482 4480
f 4584 5118 4482
f 4582 4588 4583
f 4586 4589 4588
f 4583 4578 4575
f 4588 4999 4578
f 4590 4593 4592
f 4592 5099 4489
f 4590 4595 4591
f 4594 4985 4595
f 4599 4598 4601
f 4600 4601 5074
f 4598 4602 4603
f 4603 4493 5100
f 4605 4607 4608
f 4606 4608 4609
f 4607 4610 4611
f 4611 4499 4502
f 4615 4613 4614
f 4510 4614 4512
f 4613 4616 4618
f 4618 4617 4619
f 4622 4621 4623
f 4519 4623 5071
f 4621 4624 4625
f 4625 4626 5135
f 4627 4631 4629
f 4629 5136 4630
f 4627 4633 4628
f 4632 5115 4633
f 4636 4635 4637
f 4533 4637 5134
f 4635 4638 4639
f 4639 4640 5017
f 4641 4645 4643
f 4643 4990 4644
f 4641 4647 4642
f 4646 5050 4647
f 4648 4652 4649
f 4649 4653 4650
f 4648 4655 4651
f 4654 4546 4655
f 4656 4658 4659
f 4659 4556 4554
f 4656 4662 4657
f 4660 4663 4662
f 4664 4667 4666
f 4666 4996 4563
f 4664 4669 4665
f 4668 5104 4669
f 4673 4672 4675
f 4674 4675 5127
f 4672 4676 4677
f 4677 4567 5144
f 4679 4681 4683
f 4683 4682 4685
f 4680 4683 4684
f 4684 4685 5048
f 4681 4686 4687
f 4687 4573 4577
f 4682 4687 4688
f 4688 4577 4999
f 4689 4691 4692
f 4690 4688 4691
f 4692 4589 4587
f 4691 4999 4589
f 4689 4695 4690
f 4693 4696 4695
f 4690 4685 4682
f 4695 5048 4685
f 4697 4700 4699
f 4699 4985 4596
f 4697 4702 4698
f 4701 4986 4702
f 4706 4705 4708
f 4707 4708 5075
f 4705 4709 4710
f 4710 4600 5074
f 4712 4714 4715
f 4713 4715 4716
f 4711 4718 4714
f 4718 4606 4609
f 4722 4720 4721
f 4617 4721 4619
f 4720 4723 4725
f 4725 4724 4726
f 4729 4728 4730
f 4626 4730 5135
f 4728 4731 4732
f 4732 4733 5079
f 4734 4738 4736
f 4736 4971 4737
f 4734 4740 4735
f 4739 5136 4740
f 4743 4742 4744
f 4640 4744 5017
f 4742 4745 4746
f 4746 4747 5018
f 4748 4752 4750
f 4750 4991 4751
f 4748 4754 4749
f 4753 4990 4754
f 4755 4759 4756
f 4756 4760 4757
f 4755 4762 4758
f 4761 4653 4762
f 4763 4765 4766
f 4766 4663 4661
f 4763 4769 4764
f 4767 4770 4769
f 4771 4774 4773
f 4773 5104 4670
f 4771 4776 4772
f 4775 4994 4776
f 4780 4779 4782
f 4781 4782 4995
f 4779 4783 4784
f 4784 4674 5127
f 4786 4788 4790
f 4790 4789 4792
f 4787 4790 4791
f 4791 4792 5088
f 4788 4793 4794
f 4794 4680 4684
f 4789 4794 4795
f 4795 4684 5048
f 4796 4798 4799
f 4797 4795 4798
f 4799 4696 4694
f 4798 5048 4696
f 4796 4802 4797
f 4800 4803 4802
f 4797 4792 4789
f 4802 5088 4792
f 4804 4807 4806
f 4806 4986 4703
f 4804 4809 4805
f 4808 5098 4809
f 4813 4812 4815
f 4814 4815 5112
f 4812 4816 4817
f 4817 4707 5075
f 4819 4821 4822
f 4820 4822 4823
f 4821 4824 4825
f 4825 4713 4716
f 4829 4827 4828
f 4724 4828 4726
f 4827 4830 4832
f 4832 4831 4833
f 4836 4835 4837
f 4733 4837 5079
f 4835 4838 4839
f 4839 4840 5095
f 4841 4845 4843
f 4843 4972 4844
f 4841 4847 4842
f 4846 4971 4847
f 4850 4849 4851
f 4747 4851 5018
f 4849 4852 4853
f 4853 4854 5119
f 4855 4859 4857
f 4857 5120 4858
f 4855 4861 4856
f 4860 4991 4861
f 4862 4866 4863
f 4863 4867 4864
f 4862 4869 4865
f 4868 4760 4869
f 4870 4872 4873
f 4873 4770 4768
f 4870 4876 4871
f 4874 4877 4876
f 4878 4881 4880
f 4880 4994 4777
f 4878 4883 4879
f 4882 5063 4883
f 4887 4886 4889
f 4888 4889 5055
f 4886 4890 4891
f 4891 4781 4995
f 4893 4895 4897
f 4897 4896 4899
f 4894 4897 4898
f 4898 4899 5131
f 4895 4900 4901
f 4901 4787 4791
f 4896 4901 4902
f 4902 4791 5088
f 4903 4905 4906
f 4904 4902 4905
f 4906 4803 4801
f 4905 5088 4803
f 4903 4909 4904
f 4907 4910 4909
f 4904 4899 4896
f 4909 5131 4899
f 4911 4914 4913
f 4913 5098 4810
f 4911 4916 4912
f 4915 5072 4916
f 4920 4919 4922
f 4921 4922 5014
f 4919 4923 4924
f 4924 4814 5112
f 4926 4928 4929
f 4927 4929 4930
f 4928 4931 4932
f 4932 4820 4823
f 4831 4934 4833
f 4840 4938 5095
f 5150 4942 5152
f 4940 4972 4941
f 5165 4937 1669
f 4854 4944 5119
f 4946 5120 4947
f 4949 4867 4950
f 4953 4877 4875
f 4955 5063 4884
f 4959 4888 5055
f 2395 2416 2415
f 4961 5072 4917
f 4965 4921 5014
f 4968 4927 4930
f 1192 4091 4089
f 1592 4813 1595
f 805 3409 3405
f 1190 4094 1193
f 1595 4814 2454
f 807 3410 3409
f 1193 4095 2172
f 2257 5137 4195
f 1592 4816 4811
f 2258 4195 4193
f 1190 4097 4092
f 2258 4197 2259
f 1596 4707 4816
f 2259 5080 2759
f 1194 3988 4097
f 1597 4819 1598
f 805 3408 808
f 1598 4820 2148
f 808 3303 1877
f 1197 4099 4101
f 2020 951 954
f 2128 4101 3998
f 1599 4822 4821
f 2263 3660 3658
f 811 3415 813
f 2263 3662 2264
f 813 3312 2544
f 1198 4099 1195
f 1601 4823 4822
f 2264 5143 2714
f 1597 4824 4818
f 2265 5115 2787
f 811 3417 3413
f 2598 4103 1198
f 1600 4713 4824
f 2266 4633 2265
f 2266 4631 4628
f 814 3419 3417
f 1199 4106 4108
f 1599 4825 1602
f 2267 5136 4631
f 2599 4108 4109
f 1602 4716 2497
f 812 3422 815
f 815 3423 2231
f 1200 4106 1196
f 1604 4828 4827
f 812 3425 3420
f 2129 4111 1200
f 1607 4726 4828
f 1202 4113 4114
f 1603 4830 4826
f 2717 3791 4982
f 816 3316 3425
f 2408 4114 4115
f 1605 4831 4830
f 2273 3786 3791
f 817 3428 818
f 2275 3786 2274
f 818 3429 1984
f 1205 4116 1203
f 1604 4832 1608
f 2726 3789 2275
f 1608 4833 1845
f 819 3431 3430
f 2409 4117 1205
f 1603 4829 1606
f 2665 3179 5101
f 1204 4113 1201
f 1606 4724 2090
f 2278 3174 3179
f 821 3432 3431
f 2561 4119 1204
f 2280 3174 2279
f 820 3427 817
f 1609 4836 1611
f 2674 3177 2280
f 820 3322 3433
f 1206 4116 4120
f 1611 4733 1912
f 2683 3393 5133
f 2562 4120 4011
f 2281 3388 3393
f 819 3434 822
f 1609 4838 4834
f 2283 3388 2282
f 822 3325 2458
f 1211 4122 1208
f 2692 3391 2283
f 1612 4840 4838
f 824 3437 3436
f 2253 4123 1211
f 1209 4121 1207
f 1610 4843 1613
f 827 3335 3437
f 2237 4125 1209
f 1613 4844 2623
f 823 3439 3435
f 825 3440 3439
f 1212 4122 4127
f 1610 4846 4841
f 2290 5112 2812
f 2236 4127 4128
f 2291 4924 2290
f 824 3441 828
f 1210 4121 4124
f 1614 4737 4846
f 2291 4922 4919
f 828 3442 2585
f 2254 4124 4019
f 2292 5014 4922
f 823 3438 826
f 1617 4848 4850
f 826 3333 2358
f 1215 4129 4131
f 2319 4850 4747
f 1968 4131 4028
f 829 3445 831
f 1618 4848 1615
f 831 3342 2555
f 1216 4129 1213
f 2068 4852 1618
f 829 3447 3443
f 2299 4133 1216
f 1619 4855 4857
f 2301 5142 2695
f 832 3449 3447
f 1217 4136 4138
f 2069 4857 4858
f 2302 3533 2301
f 2300 4138 4139
f 2302 3531 3528
f 830 3452 833
f 1620 4855 1616
f 2303 5093 3531
f 833 3453 1801
f 1218 4136 1214
f 2320 4860 1620
f 830 3455 3450
f 1969 4141 1218
f 1622 4862 4863
f 2306 5109 2706
f 1219 4144 1220
f 1893 4863 4864
f 2307 3670 2306
f 834 3346 3455
f 2361 4144 4145
f 2307 3668 3665
f 1625 4865 1623
f 2308 5121 3668
f 837 3457 3459
f 2106 3459 3356
f 1894 4866 1625
f 1624 4862 1621
f 838 3457 835
f 2152 4868 1624
f 2342 3461 838
f 1219 4151 4143
f 1626 4865 4869
f 1910 4151 1222
f 2153 4869 4760
f 839 3464 3466
f 2673 3276 2316
f 2343 3466 3467
f 1631 4871 1628
f 2316 3274 2317
f 2318 3274 3278
f 840 3464 836
f 2629 4872 1631
f 2682 3278 5140
f 1629 4870 1627
f 2107 3469 840
f 1978 4874 1629
f 842 3471 3472
f 2736 4025 2321
f 2540 3472 3473
f 1632 4871 4876
f 2321 4023 2322
f 1977 4876 4877
f 2323 4023 4027
f 845 3474 843
f 1630 4870 4873
f 2745 4027 5097
f 1225 4158 4154
f 2630 4873 4768
f 2799 4774 2324
f 2541 3475 845
f 1227 4159 4158
f 2324 4772 2325
f 844 3471 841
f 1635 4878 4880
f 2326 4772 4776
f 2286 3477 844
f 1741 4880 4777
f 2808 4776 4994
f 2728 3928 5029
f 846 3474 3478
f 1636 4878 1633
f 2327 3923 3928
f 2287 3478 3369
f 1225 4157 1228
f 2329 3923 2328
f 1228 4052 1844
f 2028 4882 1636
f 2737 3926 2329
f 848 3481 3480
f 1231 4164 1233
f 1637 4885 4887
f 2007 3481 851
f 1233 4061 2506
f 2029 4887 4888
f 2332 5031 2643
f 849 3479 847
f 2333 2921 2332
f 1756 3483 849
f 1231 4166 4162
f 1638 4885 1634
f 2333 2919 2916
f 2334 5114 2919
f 852 3480 3485
f 1234 4168 4166
f 1742 4890 1638
f 1755 3485 3486
f 1640 4892 4893
f 850 3479 3482
f 1232 4171 1235
f 2304 4893 4894
f 2807 4861 4991
f 2008 3482 3377
f 1235 4172 2488
f 2337 4856 4861
f 2339 4856 2338
f 855 3487 3489
f 1232 4174 4169
f 2816 4859 2339
f 1948 3489 3386
f 1236 4065 4174
f 856 3487 853
f 1237 4177 1238
f 1905 4210 1258
f 1238 4178 2246
f 1642 4892 1639
f 2635 3491 856
f 2525 4900 1642
f 1259 4213 4215
f 1239 4180 4179
f 857 3494 3496
f 1906 4215 4216
f 2636 3496 3497
f 1241 4181 4180
f 1260 4213 1256
f 1237 4182 4176
f 858 3494 854
f 1240 4071 4182
f 2599 4218 1260
f 1949 3499 858
f 1262 4220 4221
f 1242 4179 4183
f 860 3501 3502
f 2189 4221 4222
f 1242 4074 2238
f 2057 3502 3503
f 1265 4223 1263
f 1244 4186 4185
f 1645 4907 4903
f 2190 4224 1265
f 1247 4084 4186
f 1647 4908 4907
f 1264 4220 1261
f 1243 4188 4184
f 2408 4226 1264
f 1245 4189 4188
f 862 3501 859
f 1266 4223 4227
f 1244 4190 1248
f 1886 3509 862
f 2409 4227 4118
f 1248 4191 2123
f 1645 4906 1648
f 1243 4187 1246
f 1648 4801 2388
f 1271 4229 1268
f 1246 4082 1783
f 1651 4913 1653
f 2236 4230 1271
f 1249 4194 1251
f 1653 4810 2453
f 1269 4228 1267
f 1251 4091 2171
f 2024 4232 1269
f 1651 4915 4911
f 1249 4196 4192
f 1272 4229 4234
f 1654 4917 4915
f 2023 4234 4235
f 1252 4198 4196
f 1270 4228 4231
f 1652 4920 1655
f 865 3516 3512
f 2237 4231 4126
f 1250 4201 1253
f 1655 4921 1899
f 867 3517 3516
f 1253 4202 1967
f 1275 4236 4238
f 1652 4923 4918
f 2299 4238 4135
f 1250 4204 4199
f 1656 4814 4923
f 1276 4236 1273
f 1254 4095 4204
f 1657 4926 1658
f 865 3515 868
f 1658 4927 1971
f 868 3410 2048
f 2559 4240 1276
f 1257 4206 4208
f 2598 4208 4105
f 1659 4929 4928
f 871 3522 873
f 1277 4243 4245
f 873 3419 2230
f 2560 4245 4246
f 1258 4206 1255
f 1661 4930 4929
f 1657 4931 4925
f 871 3524 3520
f 1278 4243 1274
f 1660 4820 4931
f 484 2822 2823
f 483 2824 2822
f 874 3526 3524
f 2300 4248 1278
f 1659 4932 1662
f 485 2825 2824
f 1279 4251 1280
f 1662 4823 2147
f 872 3529 875
f 2604 4251 4252
f 484 2826 486
f 875 3530 1959
f 1664 4934 4933
f 486 2827 1878
f 2217 2828 2829
f 872 3532 3527
f 1666 4833 4934
f 487 2830 2828
f 876 3423 3532
f 1665 4831 1846
f 489 2832 2830
f 877 3535 878
f 488 2834 2833
f 878 3536 2214
f 1282 4250 1279
f 488 2835 490
f 2361 4258 1282
f 1669 4840 2622
f 490 2836 1807
f 879 3538 3537
f 5166 1672 1674
f 491 2839 1816
f 881 3539 3538
f 1668 4940 4939
f 493 2838 491
f 877 3540 3534
f 880 3429 3540
f 1670 4844 4940
f 2082 2840 493
f 4939 5155 1668
f 1960 2843 492
f 879 3541 882
f 1673 4942 4943
f 494 2843 2845
f 882 3432 1983
f 2068 4943 4854
f 2083 2845 2846
f 884 3544 3543
f 496 2848 2849
f 1285 4265 4261
f 5162 4946 4947
f 2527 2849 2850
f 887 3442 3544
f 1287 4266 4265
f 497 2848 495
f 883 3546 3542
f 2069 4946 1674
f 498 2851 497
f 5108 3546 3555
f 2528 2852 498
f 884 3548 888
f 1893 4949 1677
f 499 2855 500
f 885 2705 2132
f 1288 4261 4264
f 501 2854 499
f 883 3545 886
f 1288 4159 1716
f 1678 4948 4950
f 1747 2856 501
f 886 3440 2586
f 1894 4950 4867
f 1291 4271 1293
f 502 2855 2858
f 889 3552 891
f 1293 4168 2487
f 1682 4951 1680
f 1746 2858 2859
f 891 3449 1800
f 503 2861 1836
f 1291 4273 4269
f 1977 4952 1682
f 505 2860 503
f 889 3554 3550
f 1294 4275 4273
f 1978 4953 4875
f 2400 2862 505
f 3559 892 893
f 504 2866 2865
f 1292 4278 1295
f 506 2865 2867
f 890 3559 893
f 1295 4279 2250
f 2028 4955 4884
f 2401 2867 2868
f 3560 3554 3559
f 1292 4281 4276
f 508 2870 2871
f 890 3562 3557
f 1686 4957 1684
f 2335 2871 2872
f 1296 4172 4281
f 507 2873 2870
f 894 3453 3562
f 1297 4284 1298
f 2029 4958 1686
f 509 2874 2873
f 1298 4285 2386
f 2136 4910 4908
f 897 3564 3566
f 2135 5131 4910
f 2342 3566 3463
f 1299 4287 4286
f 898 3564 895
f 1301 4288 4287
f 511 2879 512
f 1297 4289 4283
f 512 2874 1713
f 898 2436 899
f 1300 4178 4289
f 511 2880 2878
f 513 2881 2880
f 899 3571 3573
f 1299 4290 1302
f 5131 2305 4898
f 960 3673 3683
f 1302 4181 2245
f 4898 2304 4894
f 900 3571 896
f 1304 4293 4292
f 515 2885 2600
f 2343 3576 900
f 1307 4191 4293
f 515 2886 2884
f 902 3578 3579
f 1303 4295 4291
f 1999 1784 2708
f 1305 4296 4295
f 517 2888 2886
f 2395 4962 4959
f 516 2890 2889
f 905 3581 903
f 1304 4297 1308
f 1687 4961 1689
f 516 2891 518
f 1308 4298 2346
f 1689 4917 1898
f 518 2892 2470
f 1303 4294 1306
f 904 3578 901
f 1306 4189 2124
f 519 2895 520
f 2540 3584 904
f 520 2896 2195
f 1309 4301 1311
f 521 2894 519
f 906 3581 3585
f 1311 4198 1966
f 1690 4921 4964
f 521 2898 2897
f 2541 3585 3476
f 5185 4953 1681
f 1309 4303 4299
f 5188 4967 4968
f 522 2899 2898
f 911 3587 908
f 1693 4927 4967
f 1312 4305 4303
f 524 2902 2901
f 1755 3588 911
f 1692 4968 1694
f 909 3586 907
f 1310 4308 1313
f 1694 4930 1970
f 527 2827 2902
f 2373 978 2374
f 1313 4309 2641
f 523 2904 2900
f 525 2905 2904
f 912 3587 3592
f 1310 4311 4306
f 3583 3592 3593
f 524 2906 528
f 910 3586 3589
f 1314 4202 4311
f 1698 4971 2805
f 528 2907 2590
f 1756 3589 3484
f 1699 4847 1698
f 523 2903 526
f 1317 4313 4315
f 1699 4845 4842
f 526 2825 1879
f 915 3594 3596
f 1905 4315 4212
f 1700 4972 4845
f 2635 3596 3493
f 529 2910 531
f 1318 4313 1315
f 531 2832 1806
f 916 3594 913
f 2108 4317 1318
f 2772 4453 1705
f 529 2912 2908
f 975 3713 978
f 1705 4451 1706
f 1319 4320 4322
f 1707 4451 4455
f 532 2914 2912
f 917 3601 3603
f 2109 4322 4323
f 2781 4455 4975
f 3603 916 917
f 533 2915 2917
f 1320 4320 1316
f 2744 4112 4976
f 533 2918 2046
f 918 3601 914
f 1710 4107 4112
f 1906 4325 1320
f 1712 4107 1711
f 530 2920 2915
f 2636 3606 918
f 1322 4327 4328
f 2753 4110 1712
f 920 3608 3609
f 1950 4328 4329
f 534 2836 2920
f 2310 2592 2709
f 1325 4330 1323
f 537 2922 2924
f 2082 2924 2842
f 1951 4331 1325
f 1324 4327 1321
f 538 2922 535
f 2189 4333 1324
f 1858 2926 538
f 922 3608 919
f 1326 4330 4334
f 2057 3616 922
f 2190 4334 4225
f 539 2929 2931
f 1722 4983 2733
f 1859 2931 2932
f 1331 4336 1328
f 1723 3991 1722
f 1723 3989 3986
f 540 2929 536
f 2023 4337 1331
f 1724 4984 3989
f 1329 4335 1327
f 1725 4985 4700
f 2083 2934 540
f 1781 4339 1329
f 1726 4700 4698
f 542 2936 2937
f 1726 4702 1727
f 1888 2937 2938
f 1332 4336 4341
f 1727 4986 2802
f 1780 4341 4342
f 545 2939 543
f 1330 4335 4338
f 925 3623 3619
f 2024 4338 4233
f 1889 2940 545
f 2713 938 2182
f 544 2936 541
f 1333 4345 1335
f 2527 2942 544
f 2559 4345 4242
f 2798 4754 4990
f 546 2939 2943
f 1336 4343 1333
f 1733 4749 4754
f 2528 2943 2853
f 925 3622 928
f 1735 4749 1734
f 928 3517 2244
f 2113 4347 1336
f 2807 4752 1735
f 551 2945 548
f 931 3629 933
f 1337 4350 4352
f 1738 4992 2722
f 1746 2946 551
f 933 3526 1958
f 2114 4352 4353
f 1739 3854 1738
f 549 2944 547
f 1739 3852 3849
f 2050 2948 549
f 931 3631 3627
f 1338 4350 1334
f 1740 4993 3852
f 552 2945 2950
f 3642 5062 3638
f 2560 4355 1338
f 2049 2950 2951
f 1339 4358 1340
f 2781 4560 1743
f 550 2944 2947
f 932 3636 935
f 2176 4358 4359
f 1743 4558 1744
f 1747 2947 2857
f 3754 5062 3643
f 1745 4558 4562
f 2790 4562 4996
f 555 2952 2954
f 932 3639 3634
f 2400 2954 2864
f 936 3530 3639
f 556 2952 553
f 937 3642 938
f 941 3548 3645
f 1342 4357 1339
f 2232 2956 556
f 2604 4365 1342
f 939 3645 3644
f 557 2959 2961
f 2233 2961 2962
f 946 2705 1704
f 937 3647 3641
f 558 2959 554
f 940 3536 3647
f 1757 5002 4272
f 1758 4272 4270
f 2401 2964 558
f 939 3648 942
f 1758 4274 1759
f 560 2966 2967
f 942 3539 2213
f 1759 5003 2766
f 2288 2967 2968
f 2746 4142 5004
f 944 3651 3650
f 1760 4137 4142
f 1345 4372 4368
f 1762 4137 1761
f 3660 946 3652
f 1347 4373 4372
f 2755 4140 1762
f 943 3653 3649
f 945 3654 3653
f 559 2974 2966
f 944 3655 948
f 2335 2974 562
f 948 3656 1979
f 1345 4371 1348
f 2689 3460 1767
f 943 3652 946
f 1348 4266 2422
f 1767 3458 1768
f 3652 5108 3660
f 1769 3458 3462
f 1351 4378 1353
f 2698 3462 5009
f 949 3659 951
f 1353 4275 2249
f 2681 3363 5010
f 3659 3560 3669
f 1770 3358 3363
f 1351 4380 4376
f 1772 3358 1771
f 949 3661 3657
f 2690 3361 1772
f 1354 4382 4380
f 2647 2965 5012
f 952 3663 3661
f 1773 2960 2965
f 1352 4385 1355
f 1775 2960 1774
f 567 2977 565
f 950 3666 953
f 1355 4386 2294
f 2656 2963 1775
f 567 2982 2981
f 953 3667 2261
f 1352 4388 4383
f 1778 5014 2821
f 950 3669 3664
f 1779 4965 1778
f 1356 4279 4388
f 3669 951 3659
f 1357 4391 1358
f 565 2980 568
f 1358 4392 1777
f 568 2881 2252
f 957 3671 3673
f 1786 5015 3981
f 2436 957 960
f 1359 4394 4393
f 1787 3981 3979
f 571 2987 573
f 1787 3983 1788
f 573 2888 2469
f 958 3671 955
f 1361 4395 4394
f 1788 5016 2741
f 1357 4396 4390
f 2797 4744 1789
f 571 2989 2985
f 1720 3675 958
f 1360 4285 4396
f 1789 4742 1790
f 1791 4742 4746
f 574 2991 2989
f 959 3678 3680
f 1359 4397 1362
f 2806 4746 5018
f 1721 3680 3681
f 1362 4288 2385
f 572 2994 575
f 575 2995 2420
f 960 3678 956
f 1364 4400 4399
f 1794 5021 3309
f 1795 3309 3307
f 572 2997 2992
f 3568 899 3573
f 1367 4298 4400
f 1795 3311 1796
f 962 3685 3686
f 1363 4402 4398
f 1796 5022 2685
f 576 2892 2997
f 2036 3686 3687
f 1365 4403 4402
f 1797 4988 2668
f 577 3000 578
f 1798 3212 1797
f 578 3001 2098
f 965 3688 963
f 1364 4404 1368
f 1798 3210 3207
f 1368 4405 2542
f 1799 5023 3210
f 579 3003 3002
f 2037 3689 965
f 1366 4398 4401
f 964 3685 961
f 1366 4296 2347
f 581 3004 3003
f 1784 1892 2708
f 577 3005 2999
f 1369 4408 1371
f 580 2896 3005
f 966 3688 3692
f 1371 4305 2640
f 3582 912 3592
f 579 3006 582
f 1369 4410 4406
f 582 2899 2194
f 971 3694 968
f 1372 4412 4410
f 584 3009 3008
f 3695 966 3692
f 969 3693 967
f 1370 4415 1373
f 1000 2713 1868
f 587 2907 3009
f 2074 3697 969
f 1373 4416 1764
f 1811 3737 3735
f 583 3011 3007
f 1812 3735 3739
f 585 3012 3011
f 972 3694 3699
f 1370 4418 4413
f 1812 5035 2721
f 2073 3699 3700
f 1813 5036 4409
f 584 3013 588
f 970 3693 3696
f 1374 4309 4418
f 1814 4409 4407
f 588 3014 2557
f 2373 917 916
f 1814 4411 1815
f 583 3010 586
f 1377 4420 4422
f 1815 5006 2777
f 586 2905 2591
f 975 3701 3703
f 2108 4422 4319
f 1817 2839 2841
f 3599 909 2015
f 2644 2841 5037
f 589 3017 591
f 1378 4420 1375
f 1818 5038 2988
f 591 2914 2045
f 976 3701 973
f 1819 2988 2986
f 1830 4424 1378
f 1819 2990 1820
f 589 3019 3015
f 2137 3705 976
f 1820 5039 2658
f 1379 4427 4429
f 2754 4239 1821
f 592 3021 3019
f 977 3708 3710
f 1831 4429 4430
f 1821 4237 1822
f 2138 3710 3711
f 1823 4237 4241
f 590 3024 593
f 1380 4427 1376
f 2763 4241 5041
f 593 3025 2360
f 978 3708 974
f 2734 3995 1824
f 2109 4432 1380
f 1824 3993 1825
f 590 3027 3022
f 2310 2015 909
f 1382 4434 4435
f 1826 3993 3997
f 980 3715 3716
f 2011 4435 4436
f 2743 3997 5043
f 594 2918 3027
f 2410 3716 3717
f 2655 3062 1827
f 1385 4437 1383
f 1828 3062 3060
f 597 3029 3031
f 1829 3060 3064
f 1858 3031 2928
f 2012 4438 1385
f 2664 3064 5045
f 1384 4434 1381
f 598 3029 595
f 1950 4440 1384
f 1802 3033 598
f 982 3715 979
f 1386 4437 4441
f 3704 970 3696
f 1951 4441 4332
f 599 3036 3038
f 1837 2861 2863
f 1803 3038 3039
f 1391 4443 1388
f 2646 2863 5049
f 2789 4647 5050
f 600 3036 596
f 1780 4444 1391
f 1838 4642 4647
f 1389 4442 1387
f 2348 5124 2749
f 1840 4642 1839
f 1859 3041 600
f 2197 4446 1389
f 2349 4175 2348
f 2798 4645 1840
f 602 3043 3044
f 2349 4173 4170
f 2075 3044 3045
f 1392 4443 4448
f 2350 5146 4173
f 2196 4448 4449
f 2682 3383 2351
f 605 3046 603
f 1390 4442 4445
f 2351 3381 2352
f 985 3730 3726
f 1781 4445 4340
f 2353 3381 3385
f 2076 3047 605
f 987 3731 3730
f 2691 3385 5089
f 604 3043 601
f 1395 4450 4452
f 2354 5141 3523
f 1888 3049 604
f 2113 4452 4349
f 2355 3523 3521
f 1849 5054 3874
f 2355 3525 2356
f 1850 3874 3872
f 606 3046 3050
f 1396 4450 1393
f 2356 5092 2703
f 1850 3876 1851
f 1889 3050 2941
f 985 3729 988
f 1851 5015 2732
f 1000 3747 3754
f 2133 4454 1396
f 2809 4891 4995
f 611 3052 608
f 1852 4886 4891
f 991 3736 993
f 1397 4457 4459
f 1854 4886 1853
f 2049 3053 611
f 947 2268 1002
f 2134 4459 4460
f 2818 4889 1854
f 609 3051 607
f 2815 4944 2363
f 1855 5056 2769
f 1917 3055 609
f 991 3738 3734
f 1398 4457 1394
f 5158 2364 2363
f 1856 4419 1855
f 1856 4417 4414
f 608 3057 612
f 994 3740 3738
f 2114 4462 1398
f 2752 4209 2367
f 1857 5007 4417
f 1916 3057 3058
f 1400 4464 4465
f 2367 4207 2368
f 610 3051 3054
f 995 3741 3743
f 2066 4465 4466
f 2369 4207 4211
f 2050 3054 2949
f 995 3744 2296
f 2761 4211 5076
f 2370 5136 2796
f 1862 5059 4165
f 615 3059 3061
f 996 3741 992
f 2371 4740 2370
f 1863 4165 4163
f 2232 3061 2958
f 2371 4738 4735
f 1863 4167 1864
f 2268 888 941
f 2372 4971 4738
f 1864 5002 2757
f 616 3059 613
f 997 3749 998
f 2671 3246 1865
f 998 3750 2509
f 1402 4464 1399
f 1865 3244 1866
f 1981 3063 616
f 2176 4472 1402
f 1867 3244 3248
f 999 3752 3751
f 2680 3248 5061
f 617 3066 3068
f 3755 947 1002
f 1982 3068 3069
f 1001 3753 3752
f 2725 3888 2379
f 1869 3747 1868
f 997 3754 3748
f 2379 3886 2380
f 1869 3745 3742
f 618 3066 614
f 3646 3651 3755
f 2381 3886 3890
f 1870 4992 3745
f 2734 3890 5042
f 2817 4956 1871
f 2233 3071 618
f 999 3755 1002
f 1871 4954 1872
f 619 3074 620
f 3555 885 2132
f 1873 5064 3125
f 2038 3074 3075
f 1874 3125 3123
f 1004 3758 3757
f 1874 3127 1875
f 1407 4475 1405
f 1875 5065 2669
f 1007 3656 3758
f 1407 4480 4479
f 1003 3760 3756
f 1005 3761 3760
f 2764 4356 5129
f 2389 4351 4356
f 1880 5066 2767
f 622 3073 619
f 1004 3762 1008
f 2391 4351 2390
f 1881 4389 1880
f 2288 3081 622
f 1008 3763 2178
f 1405 4478 1408
f 2773 4354 2391
f 1881 4387 4384
f 1003 3759 1006
f 1408 4373 2475
f 2718 3811 2392
f 1882 5067 4387
f 1006 3654 1980
f 2392 3809 2393
f 1411 4485 1413
f 2394 3809 3813
f 1009 3766 1011
f 1413 4382 2293
f 2727 3813 5028
f 1011 3663 2260
f 2818 4959 5055
f 1411 4487 4483
f 1009 3768 3764
f 2397 4984 2742
f 1414 4489 4487
f 2398 4098 2397
f 1012 3770 3768
f 2398 4096 4093
f 2699 3577 5069
f 1412 4492 1415
f 2399 5138 4096
f 1890 3572 3577
f 627 3084 625
f 1010 3773 1013
f 1415 4493 1976
f 1892 3572 1891
f 627 3089 3088
f 1013 3774 2500
f 902 3575 1892
f 1412 4495 4490
f 2791 4677 5144
f 1010 3776 3771
f 2402 4672 4677
f 1895 5006 4516
f 1416 4386 4495
f 2404 4672 2403
f 1896 4516 4514
f 1014 3667 3776
f 1417 4498 1418
f 2800 4675 2404
f 1896 4518 1897
f 625 3087 628
f 1418 4499 2157
f 2405 5030 2911
f 1897 5071 2786
f 628 2982 2603
f 1015 3780 1017
f 2406 2911 2909
f 1720 3780 3677
f 1419 4501 4500
f 2406 2913 2407
f 631 3094 633
f 2407 5113 2651
f 633 2991 2419
f 1018 3778 1015
f 1421 4502 4501
f 1420 4497 1417
f 1902 5074 2794
f 631 3096 3092
f 1847 3782 1018
f 1420 4392 4503
f 1903 4710 1902
f 2779 4530 2412
f 1903 4708 4705
f 634 3098 3096
f 1016 3787 1019
f 1419 4504 1422
f 2412 4528 2413
f 1904 5075 4708
f 1848 3787 3788
f 1422 4395 1776
f 2414 4528 4532
f 632 3101 635
f 2788 4532 5134
f 635 3102 1729
f 1020 3785 1016
f 1424 4507 4506
f 2415 5072 4962
f 1907 5078 2688
f 4958 4962 4961
f 1908 3456 1907
f 632 3104 3099
f 1721 3790 1020
f 1427 4405 4507
f 1908 3454 3451
f 1022 3792 3793
f 1423 4509 4505
f 1909 5025 3454
f 636 2995 3104
f 2145 3793 3794
f 1425 4510 4509
f 637 3107 638
f 638 3108 1915
f 1025 3795 1023
f 1424 4511 1428
f 1428 4512 2247
f 639 3110 3109
f 2146 3796 1025
f 1423 4508 1426
f 2423 5100 2785
f 1024 3792 1021
f 1426 4403 2543
f 2424 4603 2423
f 641 3111 3110
f 2036 3798 1024
f 2424 4601 4598
f 1918 4993 2731
f 637 3112 3106
f 1429 4515 1431
f 2425 5074 4601
f 1919 3961 1918
f 640 3001 3112
f 1026 3795 3799
f 1431 4412 1763
f 2753 4219 4977
f 1919 3959 3956
f 2037 3799 3690
f 2426 4214 4219
f 1920 5033 3959
f 639 3113 642
f 1429 4517 4513
f 2428 4214 2427
f 1921 5080 4302
f 642 3004 2097
f 1031 3801 1028
f 2762 4217 2428
f 1922 4302 4300
f 1432 4519 4517
f 2654 3042 5058
f 1922 4304 1923
f 644 3116 3115
f 2073 3802 1031
f 2429 3037 3042
f 1923 5036 2768
f 1029 3800 1027
f 1430 4522 1433
f 2431 3037 2430
f 647 3014 3116
f 1737 3804 1029
f 1433 4523 2418
f 2663 3040 2431
f 643 3118 3114
f 2432 5067 2776
f 645 3119 3118
f 1032 3801 3806
f 1430 4525 4520
f 2433 4496 2432
f 1736 3806 3807
f 2433 4494 4491
f 644 3120 648
f 1030 3800 3803
f 1434 4416 4525
f 2434 5100 4494
f 648 3121 2297
f 2074 3803 3698
f 1929 5035 3844
f 643 3117 646
f 1437 4527 4529
f 1930 3844 3842
f 646 3012 2558
f 1035 3808 3810
f 1830 4529 4426
f 2770 4423 2437
f 1930 3846 1931
f 2137 3810 3707
f 2437 4421 2438
f 1931 5081 2730
f 649 3124 651
f 1438 4527 1435
f 2439 4421 4425
f 1932 5082 2661
f 651 3021 2359
f 1036 3808 1033
f 2779 4425 5046
f 1933 3135 1932
f 2476 4531 1438
f 1933 3133 3130
f 649 3126 3122
f 1804 3812 1036
f 1934 5083 3133
f 1439 4534 4536
f 2442 4987 3202
f 652 3128 3126
f 1037 3815 3817
f 2477 4536 4537
f 2443 3202 3200
f 3704 3591 5107
f 1805 3817 3818
f 2443 3204 2444
f 1937 3709 3714
f 653 3129 3131
f 1440 4534 1436
f 2444 5021 2676
f 1939 3709 1938
f 653 3132 2621
f 1038 3815 1034
f 2719 3712 1939
f 1831 4539 1440
f 650 3134 3129
f 2138 3820 1038
f 1442 4541 4542
f 1040 3822 3823
f 1708 4542 4543
f 1942 5086 3339
f 654 3025 3134
f 2440 3823 3824
f 1943 3339 3337
f 1445 4544 1443
f 1943 3341 1944
f 657 3136 3138
f 1944 5087 2687
f 1802 3138 3035
f 1709 4545 1445
f 1444 4541 1441
f 658 3136 655
f 2011 4547 1444
f 2571 3140 658
f 1039 3830 3822
f 1446 4544 4548
f 2410 3830 1042
f 2012 4548 4439
f 2455 5081 3951
f 659 3143 3145
f 2456 3951 3949
f 2572 3145 3146
f 1451 4550 1448
f 2457 3949 3953
f 2690 3470 5011
f 2457 5032 2739
f 1952 3465 3470
f 660 3143 656
f 2196 4551 1451
f 1954 3465 1953
f 1449 4549 1447
f 2699 3468 1954
f 1803 3148 660
f 2341 4553 1449
f 2698 3567 1955
f 662 3150 3151
f 2726 3898 5053
f 1955 3565 1956
f 2344 3151 3152
f 1452 4550 4555
f 2460 3893 3898
f 1957 3565 3569
f 2340 4555 4556
f 2462 3893 2461
f 2707 3569 5091
f 665 3153 663
f 1450 4549 4552
f 2735 3896 2462
f 1045 3837 3833
f 2197 4552 4447
f 2716 3781 2463
f 2345 3154 665
f 1047 3838 3837
f 2463 3779 2464
f 1961 2844 1960
f 664 3150 661
f 1455 4557 4559
f 2465 3779 3783
f 2645 2847 1961
f 2075 3156 664
f 2133 4559 4456
f 2725 3783 5052
f 1962 5095 4938
f 2664 3169 2466
f 1963 4938 4936
f 666 3153 3157
f 1456 4557 1453
f 2466 3167 2467
f 2076 3157 3048
f 1045 3836 1048
f 2468 3167 3171
f 1048 3731 1766
f 2284 4561 1456
f 2673 3171 5019
f 671 3159 668
f 1051 3843 1053
f 1457 4564 4566
f 1916 3160 671
f 1053 3740 2295
f 2285 4566 4567
f 2471 5016 4088
f 669 3158 667
f 2472 4088 4086
f 2170 3162 669
f 1051 3845 3841
f 1458 4564 1454
f 2472 4090 2473
f 1972 4986 4807
f 2473 5137 2750
f 1973 4807 4805
f 672 3159 3164
f 1054 3847 3845
f 2134 4569 1458
f 1973 4809 1974
f 2169 3164 3165
f 1459 4572 1460
f 1974 5098 2811
f 670 3158 3161
f 1052 3850 1055
f 1750 4572 4573
f 1917 3161 3056
f 1055 3851 2078
f 2773 4463 5128
f 675 3166 3168
f 1052 3853 3848
f 2478 4458 4463
f 1981 3168 3065
f 2480 4458 2479
f 1056 3744 3853
f 2782 4461 2480
f 676 3166 673
f 1057 3856 1058
f 2644 2925 2481
f 1058 3857 1861
f 1462 4571 1459
f 2481 2923 2482
f 1985 5096 2760
f 1792 3170 676
f 2066 4579 1462
f 2483 2923 2927
f 1986 4312 1985
f 1059 3859 3858
f 2653 2927 5057
f 1986 4310 4307
f 677 3173 3175
f 2484 5099 4593
f 1987 5056 4310
f 1793 3175 3176
f 1061 3860 3859
f 2485 4593 4591
f 2672 3256 5102
f 1057 3861 3855
f 2485 4595 2486
f 1988 3251 3256
f 678 3173 674
f 1060 3750 3861
f 2486 4985 2793
f 1990 3251 1989
f 2681 3254 1990
f 1982 3178 678
f 1059 3862 1062
f 680 3180 3181
f 1062 3753 2508
f 2489 5135 4730
f 1841 3181 3182
f 2490 4730 4728
f 2790 4667 1993
f 1064 3865 3864
f 2490 4732 2491
f 1993 4665 1994
f 1465 4586 4582
f 2491 5079 2804
f 1995 4665 4669
f 1067 3763 3865
f 1467 4587 4586
f 2692 3500 5090
f 2799 4669 5104
f 1063 3867 3863
f 2492 3495 3500
f 1996 5105 2679
f 1065 3868 3867
f 2494 3495 2493
f 1997 3349 1996
f 2701 3498 2494
f 1997 3347 3344
f 679 3188 3180
f 1064 3869 1068
f 1998 5078 3347
f 2038 3188 682
f 1068 3870 2215
f 1465 4585 1468
f 964 3684 3691
f 1063 3866 1066
f 1468 4480 2256
f 1999 3679 3684
f 1066 3761 2179
f 2001 3679 2000
f 1471 4592 1473
f 2717 3682 2001
f 1069 3873 1071
f 1473 4489 1975
f 2501 5003 4379
f 1071 3770 2499
f 2502 4379 4377
f 2735 4005 5103
f 1471 4594 4590
f 2502 4381 2503
f 2004 4000 4005
f 1069 3875 3871
f 2503 5145 2775
f 2006 4000 2005
f 1474 4596 4594
f 2744 4003 2006
f 1072 3877 3875
f 1472 4599 1475
f 2010 2866 2009
f 687 3191 685
f 1070 3880 1073
f 1475 4600 2105
f 2647 2869 2010
f 687 3196 3195
f 1073 3881 2628
f 1472 4602 4597
f 2808 4881 2510
f 2700 3597 2013
f 1070 3883 3878
f 2511 4881 4879
f 2013 3595 2014
f 1476 4493 4602
f 2512 4879 4883
f 2015 3595 3599
f 1074 3774 3883
f 1477 4605 1478
f 2817 4883 5063
f 3600 3603 3604
f 685 3194 688
f 1478 4606 1835
f 2737 4035 4998
f 2016 5092 3630
f 688 3089 1901
f 1077 3885 3887
f 2513 4030 4035
f 2017 3630 3628
f 1847 3887 3784
f 1479 4608 4607
f 2515 4030 2514
f 2017 3632 2018
f 691 3201 693
f 2746 4033 2515
f 938 3638 2182
f 693 3098 1728
f 1078 3885 1075
f 1481 4609 4608
f 1477 4610 4604
f 691 3203 3199
f 1991 3889 1078
f 1480 4499 4610
f 2021 4972 2814
f 2364 5156 1671
f 694 3205 3203
f 1079 3892 3894
f 1479 4611 1482
f 2519 5143 3767
f 1992 3894 3895
f 1482 4502 2156
f 2520 3767 3765
f 2025 5110 2659
f 692 3208 695
f 2520 3769 2521
f 2026 3105 2025
f 695 3209 1965
f 1080 3892 1076
f 1484 4614 4613
f 2521 5054 2723
f 2026 3103 3100
f 2522 5146 2758
f 2027 4988 3103
f 696 3206 692
f 1848 3897 1080
f 1487 4512 4614
f 2523 4282 2522
f 1082 3899 3900
f 1483 4616 4612
f 2523 4280 4277
f 696 3102 3211
f 1935 3900 3901
f 1485 4617 4616
f 2524 5066 4280
f 2771 4433 5111
f 697 3214 698
f 2030 4428 4433
f 698 3215 2634
f 1085 3902 1083
f 1484 4618 1488
f 2032 4428 2031
f 1488 4619 2002
f 2780 4431 2032
f 699 3217 3216
f 1936 3903 1085
f 1483 4615 1486
f 2033 5075 2803
f 1084 3899 1081
f 1486 4510 2248
f 2531 5114 2652
f 2034 4817 2033
f 701 3218 3217
f 2145 3905 1084
f 2531 3023 3028
f 2034 4815 4812
f 697 3219 3213
f 1489 4622 1491
f 2532 3026 3023
f 2035 5112 4815
f 700 3108 3219
f 1086 3902 3906
f 1491 4519 2417
f 2533 5082 3026
f 2146 3906 3797
f 2745 4132 2534
f 699 3220 702
f 1489 4624 4620
f 2534 4130 2535
f 702 3111 1914
f 1091 3908 1088
f 2536 4130 4134
f 1492 4626 4624
f 2754 4134 5040
f 2662 3139 2042
f 704 3223 3222
f 1736 3909 1091
f 2806 4851 2537
f 2042 3137 2043
f 1089 3907 1087
f 1490 4629 1493
f 2537 4849 2538
f 2044 3137 3141
f 707 3121 3223
f 2530 3911 1089
f 1493 4630 2168
f 2539 4849 4853
f 2671 3141 5060
f 703 3225 3221
f 2815 4853 5119
f 705 3226 3225
f 1092 3908 3913
f 1490 4632 4627
f 2529 3913 3914
f 704 3227 708
f 1090 3907 3910
f 1494 4523 4632
f 708 3228 2064
f 1737 3910 3805
f 703 3224 706
f 1497 4634 4636
f 2646 2955 2546
f 2051 5007 2778
f 706 3119 2298
f 1095 3915 3917
f 2476 4636 4533
f 2546 2953 2547
f 2052 4526 2051
f 1804 3917 3814
f 2548 2953 2957
f 2052 4524 4521
f 709 3231 711
f 1498 4634 1495
f 2655 2957 5044
f 2053 5115 4524
f 711 3128 2620
f 1096 3915 1093
f 2680 3353 2549
f 2691 3490 2054
f 2201 4638 1498
f 2549 3351 2550
f 2054 3488 2055
f 709 3233 3229
f 1748 3919 1096
f 2551 3351 3355
f 2056 3488 3492
f 1499 4641 4643
f 2689 3355 5008
f 2700 3492 5106
f 712 3235 3233
f 1097 3922 3924
f 2202 4643 4644
f 2552 5025 2697
f 1749 3924 3925
f 2553 3563 2552
f 710 3238 713
f 1500 4641 1496
f 2553 3561 3558
f 2059 2893 2890
f 713 3239 2331
f 1098 3922 1094
f 2554 5109 3561
f 2060 5116 2893
f 2477 4646 1500
f 2743 4102 2061
f 710 3241 3236
f 1805 3927 1098
f 1502 4648 4649
f 2061 4100 2062
f 1099 3930 1100
f 2365 4649 4650
f 2063 4100 4104
f 714 3132 3241
f 2631 3930 3931
f 2752 4104 5117
f 1505 4651 1503
f 717 3243 3245
f 2571 3245 3142
f 2366 4652 1505
f 1504 4648 1501
f 718 3243 715
f 1708 4654 1504
f 2070 5121 2715
f 1940 3247 718
f 1102 3929 1099
f 1506 4651 4655
f 2071 3777 2070
f 2440 3937 1102
f 1709 4655 4546
f 2071 3775 3772
f 719 3250 3252
f 2072 5122 3775
f 1941 3252 3253
f 1511 4657 1508
f 720 3250 716
f 2340 4658 1511
f 1509 4656 1507
f 2572 3255 720
f 2564 4660 1509
f 2573 5071 4623
f 2727 3918 2079
f 722 3257 3258
f 2574 4623 4621
f 2079 3916 2080
f 2099 3258 3259
f 1512 4657 4662
f 2574 4625 2575
f 2081 3916 3920
f 2563 4662 4663
f 2575 5135 2795
f 2736 3920 4997
f 723 3261 3260
f 1510 4656 4659
f 2576 5148 2686
f 1105 3944 3940
f 2341 4659 4554
f 2577 3426 2576
f 2100 3261 725
f 1107 3945 3944
f 2577 3424 3421
f 721 3263 3257
f 1515 4664 4666
f 2578 5142 3424
f 2344 3263 724
f 2284 4666 4563
f 2579 5023 2677
f 2763 4346 2086
f 2580 3319 2579
f 2086 4344 2087
f 726 3260 3264
f 1516 4664 1513
f 2580 3317 3314
f 2088 4344 4348
f 2345 3264 3155
f 1105 3943 1108
f 2581 5148 3317
f 2772 4348 4974
f 1108 3838 2376
f 2495 4668 1516
f 2656 3072 5013
f 731 3266 728
f 2582 3067 3072
f 2091 5033 2740
f 1111 3950 1113
f 1517 4671 4673
f 2584 3067 2583
f 2092 4068 2091
f 2169 3267 731
f 1113 3847 2077
f 2496 4673 4674
f 2665 3070 2584
f 2092 4066 4063
f 729 3265 727
f 2093 5124 4066
f 2277 3269 729
f 1111 3952 3948
f 1518 4671 1514
f 2663 3149 5027
f 2587 3144 3149
f 732 3266 3271
f 1114 3954 3952
f 2285 4676 1518
f 2589 3144 2588
f 2276 3271 3272
f 1520 4678 4679
f 2672 3147 2589
f 730 3265 3268
f 1112 3957 1115
f 1832 4679 4680
f 2170 3268 3163
f 1115 3958 1809
f 3600 3713 3703
f 2592 3702 2593
f 2780 4540 5047
f 735 3273 3275
f 1112 3960 3955
f 2594 3702 3706
f 2101 4535 4540
f 1792 3275 3172
f 2718 3706 5132
f 2103 4535 2102
f 1116 3851 3960
f 2595 5113 3018
f 2789 4538 2103
f 736 3273 733
f 1117 3963 1118
f 2596 3018 3016
f 1118 3964 2041
f 1522 4678 1519
f 2596 3020 2597
f 2219 3277 736
f 1750 4686 1522
f 2597 5064 2660
f 1119 3966 3965
f 737 3280 3282
f 2220 3282 3283
f 1121 3967 3966
f 2600 2887 2601
f 1117 3968 3962
f 2601 5038 2649
f 2800 4784 5127
f 738 3280 734
f 1120 3857 3968
f 2110 4779 4784
f 2112 4779 2111
f 1793 3285 738
f 1122 3965 3969
f 2809 4782 2112
f 739 3288 740
f 1122 3860 1860
f 1701 3288 3289
f 2701 3607 5147
f 1124 3972 3971
f 2606 3602 3607
f 2755 4249 5005
f 1525 4693 4689
f 2608 3602 2607
f 2115 4244 4249
f 1127 3870 3972
f 1527 4694 4693
f 3591 3599 5107
f 2117 4244 2116
f 1125 3970 1123
f 2609 5145 4486
f 2764 4247 2117
f 1125 3975 3974
f 2610 4486 4484
f 2118 5079 4837
f 2610 4488 2611
f 2119 4837 4835
f 742 3287 739
f 1124 3976 1128
f 2611 5099 2784
f 2119 4839 2120
f 1841 3295 742
f 1128 3977 2377
f 1525 4692 1528
f 2120 5095 2813
f 1123 3973 1126
f 1528 4587 1925
f 1126 3868 2216
f 2761 4316 2614
f 1531 4699 1533
f 2614 4314 2615
f 1129 3980 1131
f 1533 4596 2104
f 2616 4314 4318
f 1131 3877 2627
f 2770 4318 5126
f 1531 4701 4697
f 2617 5022 3416
f 1129 3982 3978
f 2618 3416 3414
f 1534 4703 4701
f 2618 3418 2619
f 1132 3984 3982
f 2619 5141 2694
f 1532 4706 1535
f 2130 5024 3553
f 745 3302 3298
f 1130 3987 1133
f 1535 4707 2212
f 2131 3553 3551
f 747 3303 3302
f 1133 3988 2315
f 2131 3555 2132
f 1532 4709 4704
f 892 2020 893
f 1130 3990 3985
f 2782 4570 5130
f 1536 4600 4709
f 2624 4565 4570
f 1134 3881 3990
f 1537 4712 1538
f 2626 4565 2625
f 745 3301 748
f 1538 4713 2498
f 2791 4568 2626
f 748 3196 2122
f 1137 3992 3994
f 1991 3994 3891
f 1539 4715 4714
f 751 3308 753
f 2674 3286 5020
f 753 3205 1964
f 1138 3992 1135
f 1541 4716 4715
f 2139 3281 3286
f 1537 4717 4711
f 2141 3281 2140
f 751 3310 3306
f 2128 3996 1138
f 1540 4606 4717
f 2683 3284 2141
f 2142 5122 2724
f 754 3312 3310
f 1139 3999 4001
f 1539 4718 1542
f 2143 3884 2142
f 2129 4001 4002
f 1542 4609 1834
f 2143 3882 3879
f 752 3315 755
f 2144 4983 3882
f 755 3316 2545
f 1140 3999 1136
f 1544 4721 4720
f 752 3318 3313
f 1992 4004 1140
f 1547 4619 4721
f 2149 5065 3232
f 1142 4006 4007
f 1543 4723 4719
f 2150 3232 3230
f 756 3209 3318
f 2561 4007 4008
f 1545 4724 4723
f 2150 3234 2151
f 757 3321 758
f 2151 5086 2678
f 758 3322 2459
f 1145 4009 1143
f 1544 4725 1548
f 1548 4726 2089
f 2154 2837 2834
f 759 3324 3323
f 2562 4010 1145
f 1543 4722 1546
f 2155 5031 2837
f 1144 4006 1141
f 1546 4617 2003
f 761 3325 3324
f 1935 4012 1144
f 2788 4637 2158
f 757 3326 3320
f 1549 4729 1551
f 2158 4635 2159
f 760 3215 3326
f 1146 4009 4013
f 1551 4626 2167
f 2160 4635 4639
f 1936 4013 3904
f 2797 4639 5017
f 759 3327 762
f 1549 4731 4727
f 2161 5032 4058
f 762 3218 2633
f 1151 4015 1148
f 2162 4058 4056
f 1552 4733 4731
f 2162 4060 2163
f 764 3330 3329
f 2529 4016 1151
f 2163 5059 2748
f 1149 4014 1147
f 1550 4736 1553
f 2645 2935 5094
f 767 3228 3330
f 2254 4018 1149
f 1553 4737 1913
f 2164 2930 2935
f 763 3332 3328
f 2166 2930 2165
f 765 3333 3332
f 1152 4015 4020
f 1550 4739 4734
f 2654 2933 2166
f 2253 4020 4021
f 764 3334 768
f 1150 4014 4017
f 1554 4630 4739
f 768 3335 2357
f 2530 4017 3912
f 763 3331 766
f 1557 4741 4743
f 766 3226 2065
f 1155 4022 4024
f 2201 4743 4640
f 1748 4024 3921
f 2653 3032 2173
f 769 3338 771
f 1558 4741 1555
f 2173 3030 2174
f 771 3235 2330
f 1156 4022 1153
f 2175 3030 3034
f 2319 4745 1558
f 2662 3034 5026
f 769 3340 3336
f 1968 4026 1156
f 1559 4748 4750
f 772 3342 3340
f 1157 4029 4031
f 2320 4750 4751
f 1969 4031 4032
f 2180 5093 2704
f 770 3345 773
f 1556 4753 4748
f 2181 3640 2180
f 773 3346 2556
f 1158 4029 1154
f 2181 3638 3635
f 2202 4753 1560
f 3548 3646 3645
f 770 3348 3343
f 1749 4034 1158
f 1562 4755 4756
f 2707 3674 2183
f 1159 4037 1160
f 2152 4756 4757
f 2183 3672 2184
f 774 3239 3348
f 1910 4037 4038
f 2185 3672 3676
f 1563 4759 4758
f 2716 3676 4981
f 777 3350 3352
f 2186 5039 3095
f 1940 3352 3249
f 2153 4759 1565
f 2187 3095 3093
f 1564 4755 1561
f 2187 3097 2188
f 778 3350 775
f 2365 4761 1564
f 2188 4987 2667
f 2106 3354 778
f 1162 4036 1159
f 1566 4758 4762
f 2191 5138 2751
f 2631 4044 1162
f 2366 4762 4653
f 2192 4205 2191
f 779 3357 3359
f 2192 4203 4200
f 2107 3359 3360
f 1571 4764 1568
f 2193 5096 4203
f 780 3357 776
f 2563 4765 1571
f 1569 4763 1567
f 2198 5087 3446
f 1941 3362 780
f 2630 4767 1569
f 2199 3446 3444
f 782 3364 3365
f 2199 3448 2200
f 2286 3365 3366
f 1572 4764 4769
f 2200 5024 2696
f 2629 4769 4770
f 785 3367 783
f 1570 4763 4766
f 1165 4051 4047
f 2564 4766 4661
f 2287 3368 785
f 1167 4052 4051
f 784 3364 781
f 1575 4771 4773
f 2205 5083 2670
f 2099 3370 784
f 2495 4773 4670
f 2206 3242 2205
f 2206 3240 3237
f 786 3367 3371
f 1576 4771 1573
f 2207 5105 3240
f 2100 3371 3262
f 1165 4050 1168
f 2762 4326 5077
f 1168 3945 2085
f 1741 4775 1576
f 2208 4321 4326
f 791 3373 788
f 2210 4321 2209
f 1171 4057 1173
f 1577 4778 4780
f 2771 4324 2210
f 2276 3374 791
f 1173 3954 1808
f 1742 4780 4781
f 789 3372 787
f 2008 3376 789
f 1171 4059 4055
f 1578 4778 1574
f 792 3373 3378
f 1174 4061 4059
f 2496 4783 1578
f 2217 2831 2218
f 2007 3378 3379
f 1580 4785 4786
f 2218 5030 2642
f 790 3372 3375
f 1172 4064 1175
f 2525 4786 4787
f 2277 3375 3270
f 1175 4065 2507
f 2221 5116 2650
f 795 3380 3382
f 1172 4067 4062
f 2221 2993 2998
f 2219 3382 3279
f 2222 2996 2993
f 1176 3958 4067
f 2223 5110 2996
f 796 3380 793
f 1177 4070 1178
f 2224 5098 4914
f 1178 4071 2239
f 1582 4785 1579
f 2225 4914 4912
f 1948 3384 796
f 1832 4793 1582
f 2225 4916 2226
f 1179 4073 4072
f 2226 5072 2820
f 797 3387 3389
f 1949 3389 3390
f 1181 4074 4073
f 1177 4075 4069
f 798 3387 794
f 1180 3964 4075
f 2220 3392 798
f 1179 4076 1182
f 800 3394 3395
f 1182 3967 2040
f 1886 3395 3396
f 1184 4079 4078
f 2816 4947 5120
f 1585 4800 4796
f 2234 4945 4947
f 1187 3977 4079
f 1587 4801 4800
f 1183 4081 4077
f 1185 4082 4081
f 2719 3821 5085
f 2240 3816 3821
f 802 3394 799
f 1184 4083 1188
f 2242 3816 2241
f 1701 3402 802
f 1188 4084 1782
f 1585 4799 1588
f 2728 3819 2242
f 1183 4080 1186
f 1588 4694 2613
f 1186 3975 2378
f 1591 4806 1593
f 1189 4087 1191
f 1593 4703 2211
f 1191 3984 2314
f 1591 4808 4804
f 1189 4089 4085
f 1594 4810 4808
f 3574 3568 3573
f 3673 3574 3683
f 3580 3575 3579
f 3580 3684 5070
f 3583 3695 3692
f 971 5200 5202
f 905 5198 5197
f 5157 4941 2021
f 5150 4944 4943
f 4938 5169 4936
f 5172 4945 2235
f 5172 1672 5168
f 4941 5149 4940
f 5158 4944 5159
f 2022 5155 5153
f 2021 5153 5157
f 4942 5156 5152
f 4940 5151 4939
f 5158 5156 5154
f 5159 5152 5156
f 5155 5157 5153
f 5160 5151 5149
f 1667 5171 5167
f 4936 5171 1963
f 5162 4945 5170
f 5172 5162 5170
f 5161 4937 5163
f 5164 5168 5166
f 1669 5167 5165
f 5167 5163 5165
f 4946 5166 1674
f 5171 5161 5163
f 5176 4949 4950
f 5178 4949 5174
f 5176 4948 5180
f 5182 4948 1676
f 5182 1675 5184
f 5178 1675 1677
f 1693 5192 1691
f 5194 4968 4966
f 5196 4966 1692
f 5196 1691 5192
f 1665 5183 5177
f 1663 5181 5183
f 4933 5181 1664
f 5175 5181 5179
f 4934 5179 4933
f 5183 5173 5177
f 4935 5177 5173
f 5182 5176 5180
f 5175 4935 5173
f 5174 5184 5178
f 1679 5195 5191
f 4951 5195 1680
f 4951 5187 5193
f 5185 1679 5191
f 5187 4953 5189
f 5190 5192 5186
f 5186 4967 5190
f 5196 5188 5194
f 5195 5187 5189
f 5191 5189 5185
f 4965 4955 4964
f 4955 1690 4964
f 1685 1688 1690
f 1683 1779 1688
f 1872 4963 1779
f 4965 4954 4956
f 2416 1684 1687
f 4957 1687 1684
f 4957 4961 4960
f 3609 5084 3605
f 3723 5084 3610
f 920 3605 2608
f 982 3714 3723
f 982 2710 1937
f 2710 920 2608
f 3633 3636 3637
f 3633 3746 3736
f 2504 935 934
f 2504 996 2505
f 996 3736 3746
f 3631 935 3636
f 3624 3632 5034
f 3737 3624 5034
f 3737 988 3729
f 3632 927 2018
f 2446 1810 2712
f 2446 2018 927
f 5200 5201 5202
f 5197 5200 5199
f 912 5197 5199
f 912 5200 2309
f 966 5198 1785
f 966 5202 5201
f 5204 5203 5206
f 5204 5207 5208
f 5455 5208 5209
f 5456 5209 5210
f 5457 5210 5211
f 5205 5211 5212
f 5458 5212 5213
f 5213 5212 5220
f 5206 5214 5215
f 5207 5215 5216
f 5209 5208 5216
f 5209 5217 5218
f 5211 5210 5218
f 5211 5219 5220
f 5216 5224 5225
f 5218 5217 5225
f 5218 5226 5227
f 5219 5227 5228
f 5220 5228 5229
f 5214 5222 5223
f 5215 5223 5224
f 5228 5236 5237
f 5222 5230 5231
f 5223 5231 5232
f 5225 5224 5232
f 5226 5225 5233
f 5226 5234 5235
f 5228 5227 5235
f 5233 5241 5242
f 5234 5242 5243
f 5235 5243 5244
f 5236 5244 5245
f 5230 5238 5239
f 5231 5239 5240
f 5233 5232 5240
f 5239 5238 5246
f 5239 5247 5248
f 5241 5240 5248
f 5241 5249 5250
f 5243 5242 5250
f 5243 5251 5252
f 5245 5244 5252
f 5249 5257 5258
f 5251 5250 5258
f 5251 5259 5260
f 5252 5260 5261
f 5247 5246 5254
f 5247 5255 5256
f 5249 5248 5256
f 5255 5254 5262
f 5255 5263 5264
f 5257 5256 5264
f 5257 5265 5266
f 5259 5258 5266
f 5259 5267 5268
f 5260 5268 5269
f 5267 5266 5274
f 5267 5275 5276
f 5268 5276 5277
f 5263 5262 5270
f 5263 5271 5272
f 5265 5264 5272
f 5265 5273 5274
f 5271 5279 5280
f 5273 5272 5280
f 5273 5281 5282
f 5274 5282 5283
f 5276 5275 5283
f 5277 5276 5284
f 5271 5270 5278
f 5283 5291 5292
f 5285 5284 5292
f 5278 5286 5287
f 5279 5287 5288
f 5280 5288 5289
f 5281 5289 5290
f 5283 5282 5290
f 5287 5295 5296
f 5289 5288 5296
f 5289 5297 5298
f 5291 5290 5298
f 5292 5291 5299
f 5292 5300 5301
f 5286 5294 5295
f 5300 5299 5307
f 5300 5308 5309
f 5294 5302 5303
f 5295 5303 5304
f 5297 5296 5304
f 5297 5305 5306
f 5299 5298 5306
f 5305 5304 5313
f 5306 5305 5314
f 5307 5306 5315
f 5307 5316 5317
f 5309 5308 5317
f 5302 5311 5312
f 5303 5312 5313
f 5318 5317 5325
f 5311 5319 5320
f 5312 5320 5321
f 5314 5313 5321
f 5314 5322 5323
f 5315 5323 5324
f 5316 5324 5325
f 5322 5321 5329
f 5323 5322 5330
f 5324 5323 5331
f 5325 5324 5332
f 5326 5325 5333
f 5319 5327 5328
f 5320 5328 5329
f 5334 5333 5341
f 5327 5335 5336
f 5328 5336 5337
f 5330 5329 5337
f 5330 5338 5339
f 5332 5331 5339
f 5333 5332 5340
f 5338 5346 5347
f 5340 5339 5347
f 5341 5340 5348
f 5341 5349 5350
f 5335 5343 5344
f 5336 5344 5345
f 5338 5337 5345
f 5343 5351 5352
f 5344 5352 5353
f 5346 5345 5353
f 5346 5354 5355
f 5347 5355 5356
f 5349 5348 5356
f 5350 5349 5357
f 5356 5355 5363
f 5357 5356 5364
f 5357 5365 5366
f 5351 5359 5360
f 5352 5360 5361
f 5354 5353 5361
f 5355 5354 5362
f 5359 5367 5368
f 5360 5368 5369
f 5362 5361 5369
f 5362 5370 5371
f 5364 5363 5371
f 5365 5364 5372
f 5365 5373 5374
f 5371 5379 5380
f 5373 5372 5380
f 5373 5381 5382
f 5367 5375 5376
f 5368 5376 5377
f 5370 5369 5377
f 5370 5378 5379
f 5376 5384 5385
f 5378 5377 5385
f 5378 5386 5387
f 5379 5387 5388
f 5381 5380 5388
f 5381 5389 5390
f 5376 5375 5383
f 5389 5388 5396
f 5389 5397 5398
f 5384 5383 5391
f 5384 5392 5393
f 5386 5385 5393
f 5386 5394 5395
f 5388 5387 5395
f 5392 5400 5401
f 5394 5393 5401
f 5395 5394 5402
f 5395 5403 5404
f 5396 5404 5405
f 5397 5405 5406
f 5391 5399 5400
f 5404 5412 5413
f 5405 5413 5414
f 5399 5407 5408
f 5400 5408 5409
f 5402 5401 5409
f 5403 5402 5410
f 5403 5411 5412
f 5410 5409 5417
f 5410 5418 5419
f 5411 5419 5420
f 5413 5412 5420
f 5413 5421 5422
f 5407 5415 5416
f 5408 5416 5417
f 5421 5429 5430
f 5415 5423 5424
f 5416 5424 5425
f 5418 5417 5425
f 5418 5426 5427
f 5419 5427 5428
f 5421 5420 5428
f 5426 5434 5435
f 5428 5427 5435
f 5428 5436 5437
f 5429 5437 5438
f 5423 5431 5432
f 5424 5432 5433
f 5426 5425 5433
f 5431 5439 5440
f 5432 5440 5441
f 5434 5433 5441
f 5434 5442 5443
f 5435 5443 5444
f 5437 5436 5444
f 5437 5445 5446
f 5442 5450 5451
f 5443 5451 5452
f 5444 5452 5453
f 5445 5453 5454
f 5439 5447 5448
f 5440 5448 5449
f 5442 5441 5449
f 5447 5203 5204
f 5448 5204 5455
f 5450 5449 5455
f 5450 5456 5457
f 5451 5457 5205
f 5452 5205 5458
f 5454 5453 5458
f 5254 5467 5468
f 5486 5518 5519
f 5447 5439 5490
f 5391 5383 5483
f 5302 5473 5474
f 5254 5246 5466
f 5327 5476 5477
f 5383 5375 5482
f 5270 5262 5468
f 5214 5206 5460
f 5407 5399 5485
f 5319 5475 5476
f 5343 5478 5479
f 5206 5203 5461
f 5278 5470 5471
f 5423 5415 5487
f 5399 5391 5484
f 5335 5477 5478
f 5230 5222 5463
f 5439 5431 5489
f 5359 5480 5481
f 5270 5469 5470
f 5238 5465 5466
f 5415 5407 5486
f 5351 5479 5480
f 5222 5214 5462
f 5294 5472 5473
f 5431 5423 5488
f 5447 5491 5461
f 5286 5471 5472
f 5238 5230 5464
f 5375 5367 5481
f 5319 5311 5474
f 5494 5492 5493
f 5493 5523 5494
f 5523 5522 5494
f 5522 5521 5520
f 5520 5519 5522
f 5519 5518 5522
f 5518 5517 5516
f 5516 5515 5518
f 5515 5514 5518
f 5514 5513 5512
f 5512 5511 5510
f 5510 5509 5508
f 5508 5507 5510
f 5507 5506 5510
f 5506 5505 5504
f 5504 5503 5502
f 5502 5501 5500
f 5500 5499 5498
f 5498 5497 5496
f 5496 5495 5498
f 5495 5494 5498
f 5514 5512 5518
f 5512 5510 5518
f 5506 5504 5510
f 5504 5502 5510
f 5502 5500 5494
f 5500 5498 5494
f 5494 5522 5518
f 5494 5518 5502
f 5473 5505 5506
f 5461 5493 5492
f 5487 5519 5520
f 5474 5506 5507
f 5462 5460 5492
f 5488 5520 5521
f 5475 5507 5508
f 5462 5494 5495
f 5490 5489 5521
f 5476 5508 5509
f 5463 5495 5496
f 5490 5522 5523
f 5477 5509 5510
f 5464 5496 5497
f 5491 5523 5493
f 5478 5510 5511
f 5465 5497 5498
f 5479 5511 5512
f 5466 5498 5499
f 5480 5512 5513
f 5467 5499 5500
f 5481 5513 5514
f 5468 5500 5501
f 5483 5482 5514
f 5469 5501 5502
f 5484 5483 5515
f 5470 5502 5503
f 5485 5484 5516
f 5471 5503 5504
f 5485 5517 5518
f 5472 5504 5505
f 5525 5527 5526
f 5527 5529 5528
f 5529 5531 5530
f 5531 5533 5532
f 5533 5535 5534
f 5535 5537 5536
f 5537 5539 5538
f 5539 5541 5540
f 5541 5543 5542
f 5543 5545 5544
f 5545 5547 5546
f 5547 5549 5548
f 5549 5551 5550
f 5551 5553 5552
f 5553 5555 5554
f 5555 5557 5556
f 5557 5559 5558
f 5559 5561 5560
f 5561 5563 5562
f 5563 5565 5564
f 5565 5567 5566
f 5567 5569 5568
f 5569 5571 5570
f 5571 5573 5572
f 5573 5575 5574
f 5575 5577 5576
f 5577 5579 5578
f 5579 5581 5580
f 5581 5583 5582
f 5583 5585 5584
f 5529 5527 5525
f 5525 5587 5529
f 5587 5585 5529
f 5585 5583 5581
f 5581 5579 5577
f 5577 5575 5569
f 5575 5573 5569
f 5573 5571 5569
f 5569 5567 5565
f 5565 5563 5569
f 5563 5561 5569
f 5561 5559 5557
f 5557 5555 5561
f 5555 5553 5561
f 5553 5551 5545
f 5551 5549 5545
f 5549 5547 5545
f 5545 5543 5541
f 5541 5539 5537
f 5537 5535 5533
f 5533 5531 5529
f 5585 5581 5529
f 5581 5577 5529
f 5545 5541 5537
f 5537 5533 5529
f 5577 5569 5561
f 5561 5553 5545
f 5545 5537 5529
f 5529 5577 5561
f 5585 5587 5586
f 5587 5525 5524
f 5586 5524 5526
f 5526 5528 5586
f 5528 5530 5586
f 5530 5532 5534
f 5534 5536 5530
f 5536 5538 5530
f 5538 5540 5542
f 5542 5544 5546
f 5546 5548 5550
f 5550 5552 5554
f 5554 5556 5558
f 5558 5560 5562
f 5562 5564 5566
f 5566 5568 5570
f 5570 5572 5574
f 5574 5576 5570
f 5576 5578 5570
f 5578 5580 5586
f 5580 5582 5586
f 5582 5584 5586
f 5538 5542 5554
f 5542 5546 5554
f 5546 5550 5554
f 5554 5558 5562
f 5562 5566 5554
f 5566 5570 5554
f 5586 5530 5538
f 5570 5578 5554
f 5578 5586 5554
