ply
format ascii 1.0
comment Created by Blender 2.79 (sub 0) - www.blender.org, source file: 'FirstRoom.blend'
element vertex 2878
property float x
property float y
property float z
property float nx
property float ny
property float nz
property uchar red
property uchar green
property uchar blue
element face 1610
property list uchar uint vertex_indices
end_header
1.000000 1.800000 0.500000 -0.000000 -0.000000 1.000000 255 255 255
-1.000000 -0.000000 0.500000 -0.000000 -0.000000 1.000000 255 255 255
1.000000 0.000000 0.500000 -0.000000 -0.000000 1.000000 255 255 255
-1.000000 1.800000 0.500000 -1.000000 -0.000000 -0.000000 255 255 255
-1.000000 -0.000000 -0.500000 -1.000000 -0.000000 -0.000000 255 255 255
-1.000000 -0.000000 0.500000 -1.000000 -0.000000 -0.000000 255 255 255
1.000000 1.800000 -0.500000 0.000000 0.000000 -1.000000 255 255 255
-0.916630 1.724967 -0.500000 0.000000 0.000000 -1.000000 255 255 255
-1.000000 1.800000 -0.500000 0.000000 0.000000 -1.000000 255 255 255
1.000000 1.800000 -0.500000 1.000000 0.000000 0.000000 255 255 255
1.000000 0.000000 0.500000 1.000000 0.000000 0.000000 255 255 255
1.000000 0.000000 -0.500000 1.000000 0.000000 0.000000 255 255 255
-1.000000 1.800000 0.500000 0.000000 1.000000 -0.000000 255 255 255
1.000000 1.800000 -0.500000 0.000000 1.000000 -0.000000 255 255 255
-1.000000 1.800000 -0.500000 0.000000 1.000000 -0.000000 255 255 255
0.916630 0.075033 -0.500000 -1.000000 -0.000000 -0.000000 255 255 255
0.916630 1.724967 -0.370341 -1.000000 -0.000000 -0.000000 255 255 255
0.916630 1.724967 -0.500000 -1.000000 -0.000000 -0.000000 255 255 255
-0.916630 0.075033 -0.500000 0.000000 0.000000 -1.000000 255 255 255
-1.000000 -0.000000 -0.500000 0.000000 0.000000 -1.000000 255 255 255
1.000000 0.000000 -0.500000 0.000000 0.000000 -1.000000 255 255 255
0.916630 1.724967 -0.500000 0.000000 0.000000 -1.000000 255 255 255
0.916630 0.075033 -0.500000 0.000000 -0.000000 -1.000000 255 255 255
-0.916630 1.724967 -0.370341 0.000000 0.000000 -1.000000 255 255 255
0.916630 0.075033 -0.370341 0.000000 0.000000 -1.000000 255 255 255
-0.916630 0.075033 -0.370341 0.000000 0.000000 -1.000000 255 255 255
-0.916630 0.075033 -0.500000 -0.000000 1.000000 -0.000000 255 255 255
0.916630 0.075033 -0.370341 -0.000000 1.000000 -0.000000 255 255 255
0.916630 0.075033 -0.500000 -0.000000 1.000000 -0.000000 255 255 255
0.916630 1.724967 -0.500000 0.000000 -1.000000 0.000000 255 255 255
-0.916630 1.724967 -0.370341 0.000000 -1.000000 0.000000 255 255 255
-0.916630 1.724967 -0.500000 0.000000 -1.000000 0.000000 255 255 255
-0.916630 1.724967 -0.500000 1.000000 0.000000 0.000000 255 255 255
-0.916630 0.075033 -0.370341 1.000000 0.000000 0.000000 255 255 255
-0.916630 0.075033 -0.500000 1.000000 0.000000 0.000000 255 255 255
0.600002 0.482555 -0.370341 0.098018 0.995185 0.000000 64 64 64
0.617715 0.480811 -0.409157 0.098018 0.995185 0.000000 64 64 64
0.600002 0.482555 -0.409157 0.098018 0.995185 0.000000 64 64 64
0.617714 0.480811 -0.370341 0.290283 0.956941 0.000000 64 64 64
0.634746 0.475644 -0.409157 0.290283 0.956941 0.000000 64 64 64
0.617715 0.480811 -0.409157 0.290283 0.956941 0.000000 64 64 64
0.634746 0.475644 -0.370341 0.471398 0.881921 0.000001 64 64 64
0.650442 0.467254 -0.409157 0.471398 0.881921 0.000001 64 64 64
0.634746 0.475644 -0.409157 0.471398 0.881921 0.000001 64 64 64
0.650442 0.467254 -0.370341 0.634393 0.773011 0.000001 64 64 64
0.664200 0.455964 -0.409157 0.634393 0.773011 0.000001 64 64 64
0.650442 0.467254 -0.409157 0.634393 0.773011 0.000001 64 64 64
0.664200 0.455964 -0.370341 0.773012 0.634392 0.000001 64 64 64
0.675491 0.442206 -0.409157 0.773012 0.634392 0.000001 64 64 64
0.664200 0.455964 -0.409157 0.773012 0.634392 0.000001 64 64 64
0.675491 0.442206 -0.370341 0.881920 0.471398 0.000001 64 64 64
0.683881 0.426509 -0.409157 0.881920 0.471398 0.000001 64 64 64
0.675491 0.442206 -0.409157 0.881920 0.471398 0.000001 64 64 64
0.683881 0.426509 -0.370341 0.956941 0.290283 0.000001 64 64 64
0.689047 0.409478 -0.409157 0.956941 0.290283 0.000001 64 64 64
0.683881 0.426509 -0.409157 0.956941 0.290283 0.000001 64 64 64
0.689047 0.409478 -0.370341 0.995185 0.098018 0.000002 64 64 64
0.690792 0.391766 -0.409157 0.995185 0.098018 0.000002 64 64 64
0.689047 0.409478 -0.409157 0.995185 0.098018 0.000002 64 64 64
0.690792 0.391766 -0.370341 0.995185 -0.098018 0.000002 64 64 64
0.689047 0.374054 -0.409157 0.995185 -0.098018 0.000002 64 64 64
0.690792 0.391766 -0.409157 0.995185 -0.098018 0.000002 64 64 64
0.689047 0.374054 -0.370341 0.956941 -0.290283 0.000001 64 64 64
0.683881 0.357022 -0.409157 0.956941 -0.290283 0.000001 64 64 64
0.689047 0.374054 -0.409157 0.956941 -0.290283 0.000001 64 64 64
0.683881 0.357022 -0.370341 0.881921 -0.471398 0.000001 64 64 64
0.675491 0.341326 -0.409157 0.881921 -0.471398 0.000001 64 64 64
0.683881 0.357022 -0.409157 0.881921 -0.471398 0.000001 64 64 64
0.675491 0.341326 -0.370341 0.773012 -0.634391 0.000001 64 64 64
0.664200 0.327568 -0.409157 0.773012 -0.634391 0.000001 64 64 64
0.675491 0.341326 -0.409157 0.773012 -0.634391 0.000001 64 64 64
0.664200 0.327568 -0.370341 0.634391 -0.773012 0.000001 64 64 64
0.650442 0.316277 -0.409157 0.634391 -0.773012 0.000001 64 64 64
0.664200 0.327568 -0.409157 0.634391 -0.773012 0.000001 64 64 64
0.650442 0.316277 -0.370341 0.471398 -0.881921 0.000001 64 64 64
0.634746 0.307887 -0.409157 0.471398 -0.881921 0.000001 64 64 64
0.650442 0.316277 -0.409157 0.471398 -0.881921 0.000001 64 64 64
0.634746 0.307887 -0.370341 0.290283 -0.956941 0.000000 64 64 64
0.617714 0.302721 -0.409157 0.290283 -0.956941 0.000000 64 64 64
0.634746 0.307887 -0.409157 0.290283 -0.956941 0.000000 64 64 64
0.617714 0.302721 -0.370341 0.098018 -0.995185 0.000000 64 64 64
0.600002 0.300976 -0.409157 0.098018 -0.995185 0.000000 64 64 64
0.617714 0.302721 -0.409157 0.098018 -0.995185 0.000000 64 64 64
0.600002 0.300976 -0.370341 -0.098018 -0.995185 -0.000000 64 64 64
0.582290 0.302721 -0.409157 -0.098018 -0.995185 -0.000000 64 64 64
0.600002 0.300976 -0.409157 -0.098018 -0.995185 -0.000000 64 64 64
0.582290 0.302721 -0.370341 -0.290286 -0.956940 -0.000000 64 64 64
0.565259 0.307887 -0.409157 -0.290286 -0.956940 -0.000000 64 64 64
0.582290 0.302721 -0.409157 -0.290286 -0.956940 -0.000000 64 64 64
0.565259 0.307887 -0.370341 -0.471395 -0.881922 -0.000001 64 64 64
0.549562 0.316277 -0.409157 -0.471395 -0.881922 -0.000001 64 64 64
0.565259 0.307887 -0.409157 -0.471395 -0.881922 -0.000001 64 64 64
0.549562 0.316277 -0.370341 -0.634395 -0.773009 -0.000001 64 64 64
0.535804 0.327568 -0.409157 -0.634395 -0.773009 -0.000001 64 64 64
0.549562 0.316277 -0.409157 -0.634395 -0.773009 -0.000001 64 64 64
0.535804 0.327568 -0.370341 -0.773011 -0.634393 -0.000001 64 64 64
0.524514 0.341326 -0.409157 -0.773011 -0.634393 -0.000001 64 64 64
0.535804 0.327568 -0.409157 -0.773011 -0.634393 -0.000001 64 64 64
0.524514 0.341326 -0.370341 -0.881922 -0.471395 -0.000001 64 64 64
0.516124 0.357022 -0.409157 -0.881922 -0.471395 -0.000001 64 64 64
0.524514 0.341326 -0.409157 -0.881922 -0.471395 -0.000001 64 64 64
0.516124 0.357022 -0.370341 -0.956940 -0.290286 -0.000001 64 64 64
0.510957 0.374054 -0.409157 -0.956940 -0.290286 -0.000001 64 64 64
0.516124 0.357022 -0.409157 -0.956940 -0.290286 -0.000001 64 64 64
0.510957 0.374054 -0.370341 -0.995185 -0.098015 -0.000002 64 64 64
0.509213 0.391766 -0.409157 -0.995185 -0.098015 -0.000002 64 64 64
0.510957 0.374054 -0.409157 -0.995185 -0.098015 -0.000002 64 64 64
0.509213 0.391766 -0.370341 -0.995185 0.098018 -0.000002 64 64 64
0.510957 0.409478 -0.409157 -0.995185 0.098018 -0.000002 64 64 64
0.509213 0.391766 -0.409157 -0.995185 0.098018 -0.000002 64 64 64
0.510957 0.409478 -0.370341 -0.956940 0.290286 -0.000001 64 64 64
0.516124 0.426509 -0.409157 -0.956940 0.290286 -0.000001 64 64 64
0.510957 0.409478 -0.409157 -0.956940 0.290286 -0.000001 64 64 64
0.516124 0.426509 -0.370341 -0.881920 0.471398 -0.000001 64 64 64
0.524514 0.442206 -0.409157 -0.881920 0.471398 -0.000001 64 64 64
0.516124 0.426509 -0.409157 -0.881920 0.471398 -0.000001 64 64 64
0.524514 0.442206 -0.370341 -0.773010 0.634394 -0.000001 64 64 64
0.535805 0.455964 -0.409157 -0.773010 0.634394 -0.000001 64 64 64
0.524514 0.442206 -0.409157 -0.773010 0.634394 -0.000001 64 64 64
0.535805 0.455964 -0.370341 -0.634392 0.773011 -0.000001 64 64 64
0.549563 0.467255 -0.409157 -0.634392 0.773011 -0.000001 64 64 64
0.535805 0.455964 -0.409157 -0.634392 0.773011 -0.000001 64 64 64
0.549562 0.467255 -0.370341 -0.471396 0.881922 -0.000001 64 64 64
0.565259 0.475644 -0.409157 -0.471396 0.881922 -0.000001 64 64 64
0.549563 0.467255 -0.409157 -0.471396 0.881922 -0.000001 64 64 64
0.565259 0.475644 -0.370341 -0.290284 0.956941 -0.000000 64 64 64
0.582290 0.480811 -0.409157 -0.290284 0.956941 -0.000000 64 64 64
0.565259 0.475644 -0.409157 -0.290284 0.956941 -0.000000 64 64 64
0.582290 0.480811 -0.370341 -0.098015 0.995185 -0.000000 64 64 64
0.600002 0.482555 -0.409157 -0.098015 0.995185 -0.000000 64 64 64
0.582290 0.480811 -0.409157 -0.098015 0.995185 -0.000000 64 64 64
0.650442 0.467254 -0.409157 0.000000 -0.000000 -1.000000 64 64 64
0.625635 0.453649 -0.409157 0.000000 -0.000000 -1.000000 64 64 64
0.634746 0.475644 -0.409157 0.000000 -0.000000 -1.000000 64 64 64
0.655696 0.428979 -0.409157 -0.773011 -0.634393 -0.000002 64 64 64
0.647366 0.439129 -0.381354 -0.773011 -0.634393 -0.000002 64 64 64
0.647366 0.439129 -0.409157 -0.773011 -0.634393 -0.000002 64 64 64
0.675491 0.341326 -0.409157 0.000000 -0.000000 -1.000000 64 64 64
0.647366 0.344402 -0.409157 0.000000 -0.000000 -1.000000 64 64 64
0.655696 0.354552 -0.409157 0.000000 -0.000000 -1.000000 64 64 64
0.524514 0.341326 -0.409157 -0.000000 0.000000 -1.000000 64 64 64
0.552639 0.344402 -0.409157 -0.000000 0.000000 -1.000000 64 64 64
0.535804 0.327568 -0.409157 -0.000000 0.000000 -1.000000 64 64 64
0.549563 0.467255 -0.409157 0.000000 0.000000 -1.000000 64 64 64
0.574369 0.453649 -0.409157 0.000000 0.000000 -1.000000 64 64 64
0.562789 0.447460 -0.409157 0.000000 0.000000 -1.000000 64 64 64
0.689047 0.409478 -0.409157 0.000000 0.000000 -1.000000 64 64 64
0.666985 0.391766 -0.409157 0.000000 0.000000 -1.000000 64 64 64
0.665698 0.404833 -0.409157 0.000000 0.000000 -1.000000 64 64 64
0.582290 0.302721 -0.409157 0.000002 0.000000 -1.000000 64 64 64
0.600002 0.324783 -0.409157 0.000002 0.000000 -1.000000 64 64 64
0.600002 0.300976 -0.409157 0.000002 0.000000 -1.000000 64 64 64
0.516124 0.426509 -0.409157 0.000000 0.000000 -1.000000 64 64 64
0.534307 0.404833 -0.409157 0.000000 0.000000 -1.000000 64 64 64
0.510957 0.409478 -0.409157 0.000000 0.000000 -1.000000 64 64 64
0.664200 0.455964 -0.409157 0.000000 -0.000000 -1.000000 64 64 64
0.637216 0.447460 -0.409157 0.000000 -0.000000 -1.000000 64 64 64
0.650442 0.316277 -0.409157 -0.000000 -0.000000 -1.000000 64 64 64
0.664200 0.327568 -0.409157 -0.000000 -0.000000 -1.000000 64 64 64
0.516124 0.357022 -0.409157 0.000000 0.000000 -1.000000 64 64 64
0.544308 0.354552 -0.409157 0.000000 0.000000 -1.000000 64 64 64
0.582290 0.480811 -0.409157 0.000000 0.000000 -1.000000 64 64 64
0.565259 0.475644 -0.409157 0.000000 0.000000 -1.000000 64 64 64
0.689047 0.374054 -0.409157 -0.000000 -0.000000 -1.000000 64 64 64
0.690792 0.391766 -0.409157 -0.000000 -0.000000 -1.000000 64 64 64
0.565259 0.307887 -0.409157 -0.000000 0.000000 -1.000000 64 64 64
0.586935 0.326070 -0.409157 -0.000000 0.000000 -1.000000 64 64 64
0.582290 0.302721 -0.409157 -0.000000 0.000000 -1.000000 64 64 64
0.524514 0.442206 -0.409157 0.000000 0.000000 -1.000000 64 64 64
0.538119 0.417399 -0.409157 0.000000 0.000000 -1.000000 64 64 64
0.675491 0.442206 -0.409157 0.000000 -0.000000 -1.000000 64 64 64
0.647366 0.439129 -0.409157 0.000000 -0.000000 -1.000000 64 64 64
0.625635 0.329882 -0.409157 0.000000 -0.000000 -1.000000 64 64 64
0.637216 0.336072 -0.409157 0.000000 -0.000000 -1.000000 64 64 64
0.534307 0.378698 -0.409157 -0.000000 0.000000 -1.000000 64 64 64
0.538119 0.366133 -0.409157 -0.000000 0.000000 -1.000000 64 64 64
0.600002 0.482555 -0.409157 0.000000 0.000000 -1.000000 64 64 64
0.613070 0.457461 -0.409157 0.000000 0.000000 -1.000000 64 64 64
0.600002 0.458748 -0.409157 0.000000 0.000000 -1.000000 64 64 64
0.582290 0.480811 -0.409157 0.000002 0.000000 -1.000000 64 64 64
0.600002 0.458748 -0.409157 0.000002 0.000000 -1.000000 64 64 64
0.586935 0.457461 -0.409157 0.000002 0.000000 -1.000000 64 64 64
0.683881 0.357022 -0.409157 -0.000000 -0.000000 -1.000000 64 64 64
0.665698 0.378698 -0.409157 -0.000000 -0.000000 -1.000000 64 64 64
0.562789 0.336072 -0.409157 -0.000000 -0.000000 -1.000000 64 64 64
0.574369 0.329882 -0.409157 -0.000000 -0.000000 -1.000000 64 64 64
0.552639 0.439130 -0.409157 0.000000 0.000000 -1.000000 64 64 64
0.544309 0.428979 -0.409157 0.000000 0.000000 -1.000000 64 64 64
0.683881 0.426509 -0.409157 0.000000 -0.000000 -1.000000 64 64 64
0.655696 0.428979 -0.409157 0.000000 -0.000000 -1.000000 64 64 64
0.634746 0.307887 -0.409157 0.000000 -0.000000 -1.000000 64 64 64
0.613070 0.326070 -0.409157 0.000000 -0.000000 -1.000000 64 64 64
0.509213 0.391766 -0.409157 0.000000 0.000000 -1.000000 64 64 64
0.510957 0.374054 -0.409157 0.000000 0.000000 -1.000000 64 64 64
0.617715 0.480811 -0.409157 0.000000 0.000000 -1.000000 64 64 64
0.661886 0.366133 -0.409157 -0.000000 -0.000000 -1.000000 64 64 64
0.549562 0.316277 -0.409157 -0.000000 0.000000 -1.000000 64 64 64
0.535805 0.455964 -0.409157 0.000000 0.000000 -1.000000 64 64 64
0.661886 0.417399 -0.409157 0.000000 0.000000 -1.000000 64 64 64
0.617714 0.302721 -0.409157 0.000000 -0.000000 -1.000000 64 64 64
0.600002 0.324783 -0.409157 0.000000 -0.000000 -1.000000 64 64 64
0.533020 0.391766 -0.409157 -0.000000 0.000000 -1.000000 64 64 64
0.544309 0.428979 -0.381354 0.000000 -0.000000 -1.000000 64 64 64
0.586935 0.457461 -0.381354 0.000000 -0.000000 -1.000000 64 64 64
0.613070 0.326070 -0.381354 0.000000 -0.000000 -1.000000 64 64 64
0.586935 0.457461 -0.409157 0.098017 -0.995185 0.000000 64 64 64
0.600002 0.458748 -0.381354 0.098017 -0.995185 0.000000 64 64 64
0.586935 0.457461 -0.381354 0.098017 -0.995185 0.000000 64 64 64
0.562789 0.336072 -0.409157 0.471397 0.881921 0.000001 64 64 64
0.574369 0.329882 -0.381354 0.471397 0.881921 0.000001 64 64 64
0.574369 0.329882 -0.409157 0.471397 0.881921 0.000001 64 64 64
0.661886 0.417399 -0.409157 -0.881922 -0.471396 -0.000002 64 64 64
0.655696 0.428979 -0.381354 -0.881922 -0.471396 -0.000002 64 64 64
0.655696 0.428979 -0.409157 -0.881922 -0.471396 -0.000002 64 64 64
0.552639 0.344402 -0.409157 0.634394 0.773010 0.000001 64 64 64
0.562789 0.336072 -0.381354 0.634394 0.773010 0.000001 64 64 64
0.562789 0.336072 -0.409157 0.634394 0.773010 0.000001 64 64 64
0.665698 0.404833 -0.409157 -0.956940 -0.290287 -0.000002 64 64 64
0.661886 0.417399 -0.381354 -0.956940 -0.290287 -0.000002 64 64 64
0.661886 0.417399 -0.409157 -0.956940 -0.290287 -0.000002 64 64 64
0.544308 0.354552 -0.409157 0.773010 0.634394 0.000002 64 64 64
0.552639 0.344402 -0.381354 0.773010 0.634394 0.000002 64 64 64
0.552639 0.344402 -0.409157 0.773010 0.634394 0.000002 64 64 64
0.666985 0.391766 -0.409157 -0.995185 -0.098017 -0.000002 64 64 64
0.665698 0.404833 -0.381354 -0.995185 -0.098017 -0.000002 64 64 64
0.665698 0.404833 -0.409157 -0.995185 -0.098017 -0.000002 64 64 64
0.538119 0.366133 -0.409157 0.881922 0.471395 0.000002 64 64 64
0.544308 0.354552 -0.381354 0.881922 0.471395 0.000002 64 64 64
0.544308 0.354552 -0.409157 0.881922 0.471395 0.000002 64 64 64
0.665698 0.378698 -0.409157 -0.995185 0.098017 -0.000002 64 64 64
0.666985 0.391766 -0.381354 -0.995185 0.098017 -0.000002 64 64 64
0.666985 0.391766 -0.409157 -0.995185 0.098017 -0.000002 64 64 64
0.534307 0.378698 -0.409157 0.956941 0.290283 0.000002 64 64 64
0.538119 0.366133 -0.381354 0.956941 0.290283 0.000002 64 64 64
0.538119 0.366133 -0.409157 0.956941 0.290283 0.000002 64 64 64
0.661886 0.366133 -0.409157 -0.956940 0.290287 -0.000002 64 64 64
0.665698 0.378698 -0.381354 -0.956940 0.290287 -0.000002 64 64 64
0.665698 0.378698 -0.409157 -0.956940 0.290287 -0.000002 64 64 64
0.533020 0.391766 -0.409157 0.995185 0.098017 0.000002 64 64 64
0.534307 0.378698 -0.381354 0.995185 0.098017 0.000002 64 64 64
0.534307 0.378698 -0.409157 0.995185 0.098017 0.000002 64 64 64
0.661886 0.366133 -0.409157 -0.881921 0.471397 -0.000002 64 64 64
0.655696 0.354552 -0.381354 -0.881921 0.471397 -0.000002 64 64 64
0.661886 0.366133 -0.381354 -0.881921 0.471397 -0.000002 64 64 64
0.534307 0.404833 -0.409157 0.995185 -0.098017 0.000002 64 64 64
0.533020 0.391766 -0.381354 0.995185 -0.098017 0.000002 64 64 64
0.533020 0.391766 -0.409157 0.995185 -0.098017 0.000002 64 64 64
0.655696 0.354552 -0.409157 -0.773012 0.634391 -0.000003 64 64 64
0.647366 0.344402 -0.381354 -0.773012 0.634391 -0.000003 64 64 64
0.655696 0.354552 -0.381354 -0.773012 0.634391 -0.000003 64 64 64
0.538119 0.417399 -0.409157 0.956940 -0.290287 0.000002 64 64 64
0.534307 0.404833 -0.381354 0.956940 -0.290287 0.000002 64 64 64
0.534307 0.404833 -0.409157 0.956940 -0.290287 0.000002 64 64 64
0.637216 0.336072 -0.409157 -0.634394 0.773010 -0.000001 64 64 64
0.647366 0.344402 -0.381354 -0.634394 0.773010 -0.000001 64 64 64
0.647366 0.344402 -0.409157 -0.634394 0.773010 -0.000001 64 64 64
0.544309 0.428979 -0.409157 0.881919 -0.471400 0.000002 64 64 64
0.538119 0.417399 -0.381354 0.881919 -0.471400 0.000002 64 64 64
0.538119 0.417399 -0.409157 0.881919 -0.471400 0.000002 64 64 64
0.625635 0.329882 -0.409157 -0.471395 0.881922 -0.000001 64 64 64
0.637216 0.336072 -0.381354 -0.471395 0.881922 -0.000001 64 64 64
0.637216 0.336072 -0.409157 -0.471395 0.881922 -0.000001 64 64 64
0.613070 0.457461 -0.409157 -0.098017 -0.995185 -0.000000 64 64 64
0.600002 0.458748 -0.381354 -0.098017 -0.995185 -0.000000 64 64 64
0.600002 0.458748 -0.409157 -0.098017 -0.995185 -0.000000 64 64 64
0.552639 0.439130 -0.409157 0.773011 -0.634393 0.000002 64 64 64
0.544309 0.428979 -0.381354 0.773011 -0.634393 0.000002 64 64 64
0.544309 0.428979 -0.409157 0.773011 -0.634393 0.000002 64 64 64
0.613070 0.326070 -0.409157 -0.290287 0.956940 -0.000001 64 64 64
0.625635 0.329882 -0.381354 -0.290287 0.956940 -0.000001 64 64 64
0.625635 0.329882 -0.409157 -0.290287 0.956940 -0.000001 64 64 64
0.625635 0.453649 -0.409157 -0.290285 -0.956940 -0.000001 64 64 64
0.613070 0.457461 -0.381354 -0.290285 -0.956940 -0.000001 64 64 64
0.613070 0.457461 -0.409157 -0.290285 -0.956940 -0.000001 64 64 64
0.562789 0.447460 -0.409157 0.634391 -0.773012 0.000001 64 64 64
0.552639 0.439130 -0.381354 0.634391 -0.773012 0.000001 64 64 64
0.552639 0.439130 -0.409157 0.634391 -0.773012 0.000001 64 64 64
0.600002 0.324783 -0.409157 -0.098017 0.995185 -0.000000 64 64 64
0.613070 0.326070 -0.381354 -0.098017 0.995185 -0.000000 64 64 64
0.613070 0.326070 -0.409157 -0.098017 0.995185 -0.000000 64 64 64
0.637216 0.447460 -0.409157 -0.471397 -0.881921 -0.000001 64 64 64
0.625635 0.453649 -0.381354 -0.471397 -0.881921 -0.000001 64 64 64
0.625635 0.453649 -0.409157 -0.471397 -0.881921 -0.000001 64 64 64
0.574369 0.453649 -0.409157 0.471397 -0.881921 0.000001 64 64 64
0.562789 0.447460 -0.381354 0.471397 -0.881921 0.000001 64 64 64
0.562789 0.447460 -0.409157 0.471397 -0.881921 0.000001 64 64 64
0.586935 0.326070 -0.409157 0.098016 0.995185 0.000000 64 64 64
0.600002 0.324783 -0.381354 0.098016 0.995185 0.000000 64 64 64
0.600002 0.324783 -0.409157 0.098016 0.995185 0.000000 64 64 64
0.647366 0.439129 -0.409157 -0.634394 -0.773010 -0.000001 64 64 64
0.637216 0.447460 -0.381354 -0.634394 -0.773010 -0.000001 64 64 64
0.637216 0.447460 -0.409157 -0.634394 -0.773010 -0.000001 64 64 64
0.574369 0.453649 -0.409157 0.290283 -0.956941 0.000001 64 64 64
0.586935 0.457461 -0.381354 0.290283 -0.956941 0.000001 64 64 64
0.574369 0.453649 -0.381354 0.290283 -0.956941 0.000001 64 64 64
0.574369 0.329882 -0.409157 0.290287 0.956940 0.000001 64 64 64
0.586935 0.326070 -0.381354 0.290287 0.956940 0.000001 64 64 64
0.586935 0.326070 -0.409157 0.290287 0.956940 0.000001 64 64 64
0.300003 0.482555 -0.370342 0.098018 0.995185 0.000000 64 64 64
0.317715 0.480811 -0.409157 0.098018 0.995185 0.000000 64 64 64
0.300003 0.482555 -0.409157 0.098018 0.995185 0.000000 64 64 64
0.317715 0.480811 -0.370342 0.290283 0.956941 0.000000 64 64 64
0.334747 0.475644 -0.409157 0.290283 0.956941 0.000000 64 64 64
0.317715 0.480811 -0.409157 0.290283 0.956941 0.000000 64 64 64
0.334747 0.475644 -0.370342 0.471396 0.881922 0.000000 64 64 64
0.350443 0.467254 -0.409157 0.471396 0.881922 0.000000 64 64 64
0.334747 0.475644 -0.409157 0.471396 0.881922 0.000000 64 64 64
0.350443 0.467254 -0.370342 0.634394 0.773010 0.000000 64 64 64
0.364201 0.455964 -0.409157 0.634394 0.773010 0.000000 64 64 64
0.350443 0.467254 -0.409157 0.634394 0.773010 0.000000 64 64 64
0.364201 0.455964 -0.370342 0.773010 0.634394 0.000000 64 64 64
0.375492 0.442206 -0.409157 0.773010 0.634394 0.000000 64 64 64
0.364201 0.455964 -0.409157 0.773010 0.634394 0.000000 64 64 64
0.375492 0.442206 -0.370342 0.881922 0.471396 0.000000 64 64 64
0.383882 0.426509 -0.409157 0.881922 0.471396 0.000000 64 64 64
0.375492 0.442206 -0.409157 0.881922 0.471396 0.000000 64 64 64
0.383882 0.426509 -0.370342 0.956940 0.290286 0.000000 64 64 64
0.389048 0.409478 -0.409157 0.956940 0.290286 0.000000 64 64 64
0.383882 0.426509 -0.409157 0.956940 0.290286 0.000000 64 64 64
0.389048 0.409478 -0.370342 0.995185 0.098016 0.000000 64 64 64
0.390793 0.391766 -0.409157 0.995185 0.098016 0.000000 64 64 64
0.389048 0.409478 -0.409157 0.995185 0.098016 0.000000 64 64 64
0.390793 0.391766 -0.370342 0.995185 -0.098016 0.000000 64 64 64
0.389048 0.374054 -0.409157 0.995185 -0.098016 0.000000 64 64 64
0.390793 0.391766 -0.409157 0.995185 -0.098016 0.000000 64 64 64
0.389048 0.374054 -0.370342 0.956940 -0.290284 0.000000 64 64 64
0.383882 0.357022 -0.409157 0.956940 -0.290284 0.000000 64 64 64
0.389048 0.374054 -0.409157 0.956940 -0.290284 0.000000 64 64 64
0.383882 0.357022 -0.370342 0.881922 -0.471396 0.000000 64 64 64
0.375492 0.341326 -0.409157 0.881922 -0.471396 0.000000 64 64 64
0.383882 0.357022 -0.409157 0.881922 -0.471396 0.000000 64 64 64
0.375492 0.341326 -0.370342 0.773011 -0.634392 0.000000 64 64 64
0.364201 0.327568 -0.409157 0.773011 -0.634392 0.000000 64 64 64
0.375492 0.341326 -0.409157 0.773011 -0.634392 0.000000 64 64 64
0.364201 0.327568 -0.370342 0.634392 -0.773012 0.000000 64 64 64
0.350443 0.316277 -0.409157 0.634392 -0.773012 0.000000 64 64 64
0.364201 0.327568 -0.409157 0.634392 -0.773012 0.000000 64 64 64
0.350443 0.316277 -0.370342 0.471400 -0.881920 0.000000 64 64 64
0.334747 0.307887 -0.409157 0.471400 -0.881920 0.000000 64 64 64
0.350443 0.316277 -0.409157 0.471400 -0.881920 0.000000 64 64 64
0.334747 0.307887 -0.370342 0.290283 -0.956941 0.000000 64 64 64
0.317715 0.302721 -0.409157 0.290283 -0.956941 0.000000 64 64 64
0.334747 0.307887 -0.409157 0.290283 -0.956941 0.000000 64 64 64
0.317715 0.302721 -0.370342 0.098018 -0.995185 0.000000 64 64 64
0.300003 0.300976 -0.409157 0.098018 -0.995185 0.000000 64 64 64
0.317715 0.302721 -0.409157 0.098018 -0.995185 0.000000 64 64 64
0.300003 0.300976 -0.370342 -0.098018 -0.995185 0.000000 64 64 64
0.282291 0.302721 -0.409157 -0.098018 -0.995185 0.000000 64 64 64
0.300003 0.300976 -0.409157 -0.098018 -0.995185 0.000000 64 64 64
0.282291 0.302721 -0.370342 -0.290286 -0.956940 0.000000 64 64 64
0.265259 0.307887 -0.409157 -0.290286 -0.956940 0.000000 64 64 64
0.282291 0.302721 -0.409157 -0.290286 -0.956940 0.000000 64 64 64
0.265259 0.307887 -0.370342 -0.471395 -0.881922 0.000000 64 64 64
0.249563 0.316277 -0.409157 -0.471395 -0.881922 0.000000 64 64 64
0.265259 0.307887 -0.409157 -0.471395 -0.881922 0.000000 64 64 64
0.249563 0.316277 -0.370342 -0.634394 -0.773010 0.000000 64 64 64
0.235805 0.327568 -0.409157 -0.634394 -0.773010 0.000000 64 64 64
0.249563 0.316277 -0.409157 -0.634394 -0.773010 0.000000 64 64 64
0.235805 0.327568 -0.370342 -0.773011 -0.634393 0.000000 64 64 64
0.224514 0.341326 -0.409157 -0.773011 -0.634393 0.000000 64 64 64
0.235805 0.327568 -0.409157 -0.773011 -0.634393 0.000000 64 64 64
0.224514 0.341326 -0.370342 -0.881922 -0.471396 0.000000 64 64 64
0.216125 0.357022 -0.409157 -0.881922 -0.471396 0.000000 64 64 64
0.224514 0.341326 -0.409157 -0.881922 -0.471396 0.000000 64 64 64
0.216125 0.357022 -0.370342 -0.956941 -0.290284 0.000000 64 64 64
0.210958 0.374054 -0.409157 -0.956941 -0.290284 0.000000 64 64 64
0.216125 0.357022 -0.409157 -0.956941 -0.290284 0.000000 64 64 64
0.210958 0.374054 -0.370342 -0.995185 -0.098016 0.000000 64 64 64
0.209214 0.391766 -0.409157 -0.995185 -0.098016 0.000000 64 64 64
0.210958 0.374054 -0.409157 -0.995185 -0.098016 0.000000 64 64 64
0.209214 0.391766 -0.370342 -0.995185 0.098018 0.000000 64 64 64
0.210958 0.409478 -0.409157 -0.995185 0.098018 0.000000 64 64 64
0.209214 0.391766 -0.409157 -0.995185 0.098018 0.000000 64 64 64
0.210958 0.409478 -0.370342 -0.956940 0.290286 0.000000 64 64 64
0.216125 0.426509 -0.409157 -0.956940 0.290286 0.000000 64 64 64
0.210958 0.409478 -0.409157 -0.956940 0.290286 0.000000 64 64 64
0.216125 0.426509 -0.370342 -0.881921 0.471397 0.000000 64 64 64
0.224514 0.442206 -0.409157 -0.881921 0.471397 0.000000 64 64 64
0.216125 0.426509 -0.409157 -0.881921 0.471397 0.000000 64 64 64
0.224514 0.442206 -0.370342 -0.773010 0.634394 0.000000 64 64 64
0.235805 0.455964 -0.409157 -0.773010 0.634394 0.000000 64 64 64
0.224514 0.442206 -0.409157 -0.773010 0.634394 0.000000 64 64 64
0.235805 0.455964 -0.370342 -0.634392 0.773011 0.000000 64 64 64
0.249563 0.467254 -0.409157 -0.634392 0.773011 0.000000 64 64 64
0.235805 0.455964 -0.409157 -0.634392 0.773011 0.000000 64 64 64
0.249563 0.467254 -0.370342 -0.471396 0.881922 0.000000 64 64 64
0.265260 0.475644 -0.409157 -0.471396 0.881922 0.000000 64 64 64
0.249563 0.467254 -0.409157 -0.471396 0.881922 0.000000 64 64 64
0.265260 0.475644 -0.370342 -0.290284 0.956940 0.000000 64 64 64
0.282291 0.480811 -0.409157 -0.290284 0.956940 0.000000 64 64 64
0.265260 0.475644 -0.409157 -0.290284 0.956940 0.000000 64 64 64
0.282291 0.480811 -0.370342 -0.098015 0.995185 0.000000 64 64 64
0.300003 0.482555 -0.409157 -0.098015 0.995185 0.000000 64 64 64
0.282291 0.480811 -0.409157 -0.098015 0.995185 0.000000 64 64 64
0.350443 0.467254 -0.409157 0.000000 -0.000000 -1.000000 64 64 64
0.325636 0.453649 -0.409157 0.000000 -0.000000 -1.000000 64 64 64
0.334747 0.475644 -0.409157 0.000000 -0.000000 -1.000000 64 64 64
0.355697 0.428979 -0.409157 -0.773010 -0.634394 0.000000 64 64 64
0.347367 0.439129 -0.381354 -0.773010 -0.634394 0.000000 64 64 64
0.347367 0.439129 -0.409157 -0.773010 -0.634394 0.000000 64 64 64
0.364201 0.327568 -0.409157 -0.000000 -0.000000 -1.000000 64 64 64
0.355697 0.354552 -0.409157 -0.000000 -0.000000 -1.000000 64 64 64
0.375492 0.341326 -0.409157 -0.000000 -0.000000 -1.000000 64 64 64
0.224514 0.341326 -0.409157 -0.000000 0.000000 -1.000000 64 64 64
0.252639 0.344402 -0.409157 -0.000000 0.000000 -1.000000 64 64 64
0.235805 0.327568 -0.409157 -0.000000 0.000000 -1.000000 64 64 64
0.265260 0.475644 -0.409157 0.000000 0.000000 -1.000000 64 64 64
0.262790 0.447460 -0.409157 0.000000 0.000000 -1.000000 64 64 64
0.249563 0.467254 -0.409157 0.000000 0.000000 -1.000000 64 64 64
0.389048 0.409478 -0.409157 0.000000 0.000000 -1.000000 64 64 64
0.366985 0.391766 -0.409157 0.000000 0.000000 -1.000000 64 64 64
0.365698 0.404833 -0.409157 0.000000 0.000000 -1.000000 64 64 64
0.300003 0.300976 -0.409157 -0.000000 -0.000000 -1.000000 64 64 64
0.286935 0.326070 -0.409157 -0.000000 -0.000000 -1.000000 64 64 64
0.300003 0.324783 -0.409157 -0.000000 -0.000000 -1.000000 64 64 64
0.216125 0.426509 -0.409157 0.000000 0.000000 -1.000000 64 64 64
0.234308 0.404833 -0.409157 0.000000 0.000000 -1.000000 64 64 64
0.210958 0.409478 -0.409157 0.000000 0.000000 -1.000000 64 64 64
0.364201 0.455964 -0.409157 0.000000 -0.000000 -1.000000 64 64 64
0.337216 0.447460 -0.409157 0.000000 -0.000000 -1.000000 64 64 64
0.350443 0.316277 -0.409157 -0.000000 -0.000000 -1.000000 64 64 64
0.347367 0.344402 -0.409157 -0.000000 -0.000000 -1.000000 64 64 64
0.216125 0.357022 -0.409157 0.000000 0.000000 -1.000000 64 64 64
0.244309 0.354552 -0.409157 0.000000 0.000000 -1.000000 64 64 64
0.286936 0.457461 -0.409157 0.000000 0.000000 -1.000000 64 64 64
0.274370 0.453649 -0.409157 0.000000 0.000000 -1.000000 64 64 64
0.389048 0.374054 -0.409157 -0.000000 -0.000000 -1.000000 64 64 64
0.390793 0.391766 -0.409157 -0.000000 -0.000000 -1.000000 64 64 64
0.265259 0.307887 -0.409157 -0.000000 0.000000 -1.000000 64 64 64
0.282291 0.302721 -0.409157 -0.000000 0.000000 -1.000000 64 64 64
0.224514 0.442206 -0.409157 0.000000 0.000000 -1.000000 64 64 64
0.238119 0.417399 -0.409157 0.000000 0.000000 -1.000000 64 64 64
0.375492 0.442206 -0.409157 0.000000 -0.000000 -1.000000 64 64 64
0.347367 0.439129 -0.409157 0.000000 -0.000000 -1.000000 64 64 64
0.334747 0.307887 -0.409157 -0.000000 0.000000 -1.000000 64 64 64
0.337217 0.336072 -0.409157 -0.000000 0.000000 -1.000000 64 64 64
0.210958 0.374054 -0.409157 0.000000 0.000000 -1.000000 64 64 64
0.238119 0.366133 -0.409157 0.000000 0.000000 -1.000000 64 64 64
0.317715 0.480811 -0.409157 0.000000 0.000000 -1.000000 64 64 64
0.300003 0.458748 -0.409157 0.000000 0.000000 -1.000000 64 64 64
0.300003 0.482555 -0.409157 0.000000 0.000000 -1.000000 64 64 64
0.282291 0.480811 -0.409157 0.000000 0.000000 -1.000000 64 64 64
0.383882 0.357022 -0.409157 -0.000000 -0.000000 -1.000000 64 64 64
0.365698 0.378698 -0.409157 -0.000000 -0.000000 -1.000000 64 64 64
0.262790 0.336072 -0.409157 -0.000000 -0.000000 -1.000000 64 64 64
0.274370 0.329882 -0.409157 -0.000000 -0.000000 -1.000000 64 64 64
0.235805 0.455964 -0.409157 0.000000 0.000000 -1.000000 64 64 64
0.244309 0.428979 -0.409157 0.000000 0.000000 -1.000000 64 64 64
0.383882 0.426509 -0.409157 0.000000 -0.000000 -1.000000 64 64 64
0.355697 0.428979 -0.409157 0.000000 -0.000000 -1.000000 64 64 64
0.313071 0.326070 -0.409157 0.000000 -0.000000 -1.000000 64 64 64
0.325636 0.329882 -0.409157 0.000000 -0.000000 -1.000000 64 64 64
0.209214 0.391766 -0.409157 0.000000 0.000000 -1.000000 64 64 64
0.234308 0.378698 -0.409157 0.000000 0.000000 -1.000000 64 64 64
0.313071 0.457461 -0.409157 0.000000 0.000000 -1.000000 64 64 64
0.361887 0.366133 -0.409157 0.000000 -0.000000 -1.000000 64 64 64
0.249563 0.316277 -0.409157 -0.000000 0.000000 -1.000000 64 64 64
0.252639 0.439129 -0.409157 0.000000 0.000000 -1.000000 64 64 64
0.361887 0.417399 -0.409157 0.000000 -0.000000 -1.000000 64 64 64
0.317715 0.302721 -0.409157 -0.000000 0.000000 -1.000000 64 64 64
0.233021 0.391766 -0.409157 0.000000 0.000000 -1.000000 64 64 64
0.365698 0.404833 -0.381354 0.000000 0.000000 -1.000000 64 64 64
0.313071 0.326070 -0.381354 0.000000 0.000000 -1.000000 64 64 64
0.234308 0.378698 -0.381354 0.000000 0.000000 -1.000000 64 64 64
0.300003 0.458748 -0.409157 0.098018 -0.995185 0.000000 64 64 64
0.286936 0.457461 -0.381354 0.098018 -0.995185 0.000000 64 64 64
0.286936 0.457461 -0.409157 0.098018 -0.995185 0.000000 64 64 64
0.262790 0.336072 -0.409157 0.471396 0.881922 -0.000000 64 64 64
0.274370 0.329882 -0.381354 0.471396 0.881922 -0.000000 64 64 64
0.274370 0.329882 -0.409157 0.471396 0.881922 -0.000000 64 64 64
0.361887 0.417399 -0.409157 -0.881922 -0.471396 0.000000 64 64 64
0.355697 0.428979 -0.381354 -0.881922 -0.471396 0.000000 64 64 64
0.355697 0.428979 -0.409157 -0.881922 -0.471396 0.000000 64 64 64
0.252639 0.344402 -0.409157 0.634394 0.773010 -0.000000 64 64 64
0.262790 0.336072 -0.381354 0.634394 0.773010 -0.000000 64 64 64
0.262790 0.336072 -0.409157 0.634394 0.773010 -0.000000 64 64 64
0.365698 0.404833 -0.409157 -0.956941 -0.290283 0.000000 64 64 64
0.361887 0.417399 -0.381354 -0.956941 -0.290283 0.000000 64 64 64
0.361887 0.417399 -0.409157 -0.956941 -0.290283 0.000000 64 64 64
0.244309 0.354552 -0.409157 0.773011 0.634393 -0.000000 64 64 64
0.252639 0.344402 -0.381354 0.773011 0.634393 -0.000000 64 64 64
0.252639 0.344402 -0.409157 0.773011 0.634393 -0.000000 64 64 64
0.366985 0.391766 -0.409157 -0.995184 -0.098019 0.000000 64 64 64
0.365698 0.404833 -0.381354 -0.995184 -0.098019 0.000000 64 64 64
0.365698 0.404833 -0.409157 -0.995184 -0.098019 0.000000 64 64 64
0.238119 0.366133 -0.409157 0.881922 0.471396 -0.000000 64 64 64
0.244309 0.354552 -0.381354 0.881922 0.471396 -0.000000 64 64 64
0.244309 0.354552 -0.409157 0.881922 0.471396 -0.000000 64 64 64
0.365698 0.378698 -0.409157 -0.995185 0.098017 0.000000 64 64 64
0.366985 0.391766 -0.381354 -0.995185 0.098017 0.000000 64 64 64
0.366985 0.391766 -0.409157 -0.995185 0.098017 0.000000 64 64 64
0.234308 0.378698 -0.409157 0.956941 0.290284 -0.000000 64 64 64
0.238119 0.366133 -0.381354 0.956941 0.290284 -0.000000 64 64 64
0.238119 0.366133 -0.409157 0.956941 0.290284 -0.000000 64 64 64
0.361887 0.366133 -0.409157 -0.956940 0.290285 0.000000 64 64 64
0.365698 0.378698 -0.381354 -0.956940 0.290285 0.000000 64 64 64
0.365698 0.378698 -0.409157 -0.956940 0.290285 0.000000 64 64 64
0.233021 0.391766 -0.409157 0.995185 0.098017 -0.000000 64 64 64
0.234308 0.378698 -0.381354 0.995185 0.098017 -0.000000 64 64 64
0.234308 0.378698 -0.409157 0.995185 0.098017 -0.000000 64 64 64
0.355697 0.354552 -0.409157 -0.881922 0.471395 0.000000 64 64 64
0.361887 0.366133 -0.381354 -0.881922 0.471395 0.000000 64 64 64
0.361887 0.366133 -0.409157 -0.881922 0.471395 0.000000 64 64 64
0.234308 0.404833 -0.409157 0.995185 -0.098019 0.000000 64 64 64
0.233021 0.391766 -0.381354 0.995185 -0.098019 0.000000 64 64 64
0.233021 0.391766 -0.409157 0.995185 -0.098019 0.000000 64 64 64
0.347367 0.344402 -0.409157 -0.773009 0.634395 -0.000001 64 64 64
0.355697 0.354552 -0.381354 -0.773009 0.634395 -0.000001 64 64 64
0.355697 0.354552 -0.409157 -0.773009 0.634395 -0.000001 64 64 64
0.238119 0.417399 -0.409157 0.956940 -0.290285 0.000000 64 64 64
0.234308 0.404833 -0.381354 0.956940 -0.290285 0.000000 64 64 64
0.234308 0.404833 -0.409157 0.956940 -0.290285 0.000000 64 64 64
0.337217 0.336072 -0.409157 -0.634395 0.773009 0.000000 64 64 64
0.347367 0.344402 -0.381354 -0.634395 0.773009 0.000000 64 64 64
0.347367 0.344402 -0.409157 -0.634395 0.773009 0.000000 64 64 64
0.244309 0.428979 -0.409157 0.881920 -0.471398 0.000000 64 64 64
0.238119 0.417399 -0.381354 0.881920 -0.471398 0.000000 64 64 64
0.238119 0.417399 -0.409157 0.881920 -0.471398 0.000000 64 64 64
0.325636 0.329882 -0.409157 -0.471396 0.881922 0.000000 64 64 64
0.337217 0.336072 -0.381354 -0.471396 0.881922 0.000000 64 64 64
0.337217 0.336072 -0.409157 -0.471396 0.881922 0.000000 64 64 64
0.313071 0.457461 -0.409157 -0.098017 -0.995185 0.000000 64 64 64
0.300003 0.458748 -0.381354 -0.098017 -0.995185 0.000000 64 64 64
0.300003 0.458748 -0.409157 -0.098017 -0.995185 0.000000 64 64 64
0.252639 0.439129 -0.409157 0.773010 -0.634393 0.000001 64 64 64
0.244309 0.428979 -0.381354 0.773010 -0.634393 0.000001 64 64 64
0.244309 0.428979 -0.409157 0.773010 -0.634393 0.000001 64 64 64
0.313071 0.326070 -0.409157 -0.290287 0.956940 0.000000 64 64 64
0.325636 0.329882 -0.381354 -0.290287 0.956940 0.000000 64 64 64
0.325636 0.329882 -0.409157 -0.290287 0.956940 0.000000 64 64 64
0.325636 0.453649 -0.409157 -0.290285 -0.956940 0.000000 64 64 64
0.313071 0.457461 -0.381354 -0.290285 -0.956940 0.000000 64 64 64
0.313071 0.457461 -0.409157 -0.290285 -0.956940 0.000000 64 64 64
0.262790 0.447460 -0.409157 0.634393 -0.773011 0.000000 64 64 64
0.252639 0.439129 -0.381354 0.634393 -0.773011 0.000000 64 64 64
0.252639 0.439129 -0.409157 0.634393 -0.773011 0.000000 64 64 64
0.300003 0.324783 -0.409157 -0.098017 0.995185 0.000000 64 64 64
0.313071 0.326070 -0.381354 -0.098017 0.995185 0.000000 64 64 64
0.313071 0.326070 -0.409157 -0.098017 0.995185 0.000000 64 64 64
0.337216 0.447460 -0.409157 -0.471397 -0.881921 0.000000 64 64 64
0.325636 0.453649 -0.381354 -0.471397 -0.881921 0.000000 64 64 64
0.325636 0.453649 -0.409157 -0.471397 -0.881921 0.000000 64 64 64
0.274370 0.453649 -0.409157 0.471395 -0.881922 0.000000 64 64 64
0.262790 0.447460 -0.381354 0.471395 -0.881922 0.000000 64 64 64
0.262790 0.447460 -0.409157 0.471395 -0.881922 0.000000 64 64 64
0.286935 0.326070 -0.409157 0.098017 0.995185 -0.000000 64 64 64
0.300003 0.324783 -0.381354 0.098017 0.995185 -0.000000 64 64 64
0.300003 0.324783 -0.409157 0.098017 0.995185 -0.000000 64 64 64
0.347367 0.439129 -0.409157 -0.634391 -0.773012 0.000000 64 64 64
0.337216 0.447460 -0.381354 -0.634391 -0.773012 0.000000 64 64 64
0.337216 0.447460 -0.409157 -0.634391 -0.773012 0.000000 64 64 64
0.286936 0.457461 -0.409157 0.290283 -0.956941 0.000000 64 64 64
0.274370 0.453649 -0.381354 0.290283 -0.956941 0.000000 64 64 64
0.274370 0.453649 -0.409157 0.290283 -0.956941 0.000000 64 64 64
0.274370 0.329882 -0.409157 0.290287 0.956940 -0.000000 64 64 64
0.286935 0.326070 -0.381354 0.290287 0.956940 -0.000000 64 64 64
0.286935 0.326070 -0.409157 0.290287 0.956940 -0.000000 64 64 64
0.000004 0.482555 -0.370342 0.098018 0.995185 0.000000 64 64 64
0.017716 0.480811 -0.409157 0.098018 0.995185 0.000000 64 64 64
0.000004 0.482555 -0.409157 0.098018 0.995185 0.000000 64 64 64
0.017716 0.480811 -0.370342 0.290283 0.956941 0.000000 64 64 64
0.034747 0.475644 -0.409157 0.290283 0.956941 0.000000 64 64 64
0.017716 0.480811 -0.409157 0.290283 0.956941 0.000000 64 64 64
0.034747 0.475644 -0.370342 0.471397 0.881921 0.000000 64 64 64
0.050444 0.467254 -0.409157 0.471397 0.881921 0.000000 64 64 64
0.034747 0.475644 -0.409157 0.471397 0.881921 0.000000 64 64 64
0.050444 0.467254 -0.370342 0.634394 0.773010 0.000000 64 64 64
0.064202 0.455964 -0.409157 0.634394 0.773010 0.000000 64 64 64
0.050444 0.467254 -0.409157 0.634394 0.773010 0.000000 64 64 64
0.064202 0.455964 -0.370342 0.773010 0.634394 0.000000 64 64 64
0.075493 0.442206 -0.409157 0.773010 0.634394 0.000000 64 64 64
0.064202 0.455964 -0.409157 0.773010 0.634394 0.000000 64 64 64
0.075493 0.442206 -0.370342 0.881922 0.471396 0.000000 64 64 64
0.083882 0.426509 -0.409157 0.881922 0.471396 0.000000 64 64 64
0.075493 0.442206 -0.409157 0.881922 0.471396 0.000000 64 64 64
0.083882 0.426509 -0.370342 0.956940 0.290285 0.000000 64 64 64
0.089049 0.409478 -0.409157 0.956940 0.290285 0.000000 64 64 64
0.083882 0.426509 -0.409157 0.956940 0.290285 0.000000 64 64 64
0.089049 0.409478 -0.370342 0.995185 0.098018 0.000000 64 64 64
0.090793 0.391766 -0.409157 0.995185 0.098018 0.000000 64 64 64
0.089049 0.409478 -0.409157 0.995185 0.098018 0.000000 64 64 64
0.090793 0.391766 -0.370342 0.995185 -0.098017 0.000000 64 64 64
0.089049 0.374054 -0.409157 0.995185 -0.098017 0.000000 64 64 64
0.090793 0.391766 -0.409157 0.995185 -0.098017 0.000000 64 64 64
0.089049 0.374054 -0.370342 0.956940 -0.290284 0.000000 64 64 64
0.083882 0.357022 -0.409157 0.956940 -0.290284 0.000000 64 64 64
0.089049 0.374054 -0.409157 0.956940 -0.290284 0.000000 64 64 64
0.083882 0.357022 -0.370342 0.881922 -0.471396 0.000000 64 64 64
0.075493 0.341326 -0.409157 0.881922 -0.471396 0.000000 64 64 64
0.083882 0.357022 -0.409157 0.881922 -0.471396 0.000000 64 64 64
0.075493 0.341326 -0.370342 0.773011 -0.634393 0.000000 64 64 64
0.064202 0.327568 -0.409157 0.773011 -0.634393 0.000000 64 64 64
0.075493 0.341326 -0.409157 0.773011 -0.634393 0.000000 64 64 64
0.064202 0.327568 -0.370342 0.634392 -0.773012 0.000000 64 64 64
0.050444 0.316277 -0.409157 0.634392 -0.773012 0.000000 64 64 64
0.064202 0.327568 -0.409157 0.634392 -0.773012 0.000000 64 64 64
0.050444 0.316277 -0.370342 0.471398 -0.881920 0.000000 64 64 64
0.034747 0.307887 -0.409157 0.471398 -0.881920 0.000000 64 64 64
0.050444 0.316277 -0.409157 0.471398 -0.881920 0.000000 64 64 64
0.034747 0.307887 -0.370342 0.290283 -0.956941 0.000000 64 64 64
0.017716 0.302721 -0.409157 0.290283 -0.956941 0.000000 64 64 64
0.034747 0.307887 -0.409157 0.290283 -0.956941 0.000000 64 64 64
0.017716 0.302721 -0.370342 0.098018 -0.995185 0.000000 64 64 64
0.000004 0.300976 -0.409157 0.098018 -0.995185 0.000000 64 64 64
0.017716 0.302721 -0.409157 0.098018 -0.995185 0.000000 64 64 64
0.000004 0.300976 -0.370342 -0.098018 -0.995185 -0.000000 64 64 64
-0.017708 0.302721 -0.409157 -0.098018 -0.995185 -0.000000 64 64 64
0.000004 0.300976 -0.409157 -0.098018 -0.995185 -0.000000 64 64 64
-0.017708 0.302721 -0.370342 -0.290286 -0.956940 -0.000000 64 64 64
-0.034740 0.307887 -0.409157 -0.290286 -0.956940 -0.000000 64 64 64
-0.017708 0.302721 -0.409157 -0.290286 -0.956940 -0.000000 64 64 64
-0.034740 0.307887 -0.370342 -0.471396 -0.881922 0.000000 64 64 64
-0.050436 0.316277 -0.409157 -0.471396 -0.881922 0.000000 64 64 64
-0.034740 0.307887 -0.409157 -0.471396 -0.881922 0.000000 64 64 64
-0.050436 0.316277 -0.370342 -0.634394 -0.773010 0.000000 64 64 64
-0.064194 0.327568 -0.409157 -0.634394 -0.773010 0.000000 64 64 64
-0.050436 0.316277 -0.409157 -0.634394 -0.773010 0.000000 64 64 64
-0.064194 0.327568 -0.370342 -0.773011 -0.634393 0.000000 64 64 64
-0.075485 0.341326 -0.409157 -0.773011 -0.634393 0.000000 64 64 64
-0.064194 0.327568 -0.409157 -0.773011 -0.634393 0.000000 64 64 64
-0.075485 0.341326 -0.370342 -0.881922 -0.471395 0.000000 64 64 64
-0.083875 0.357022 -0.409157 -0.881922 -0.471395 0.000000 64 64 64
-0.075485 0.341326 -0.409157 -0.881922 -0.471395 0.000000 64 64 64
-0.083875 0.357022 -0.370342 -0.956941 -0.290284 0.000000 64 64 64
-0.089041 0.374054 -0.409157 -0.956941 -0.290284 0.000000 64 64 64
-0.083875 0.357022 -0.409157 -0.956941 -0.290284 0.000000 64 64 64
-0.089041 0.374054 -0.370342 -0.995185 -0.098016 0.000000 64 64 64
-0.090786 0.391766 -0.409157 -0.995185 -0.098016 0.000000 64 64 64
-0.089041 0.374054 -0.409157 -0.995185 -0.098016 0.000000 64 64 64
-0.090786 0.391766 -0.370342 -0.995185 0.098018 0.000000 64 64 64
-0.089041 0.409478 -0.409157 -0.995185 0.098018 0.000000 64 64 64
-0.090786 0.391766 -0.409157 -0.995185 0.098018 0.000000 64 64 64
-0.089041 0.409478 -0.370342 -0.956940 0.290285 0.000000 64 64 64
-0.083875 0.426509 -0.409157 -0.956940 0.290285 0.000000 64 64 64
-0.089041 0.409478 -0.409157 -0.956940 0.290285 0.000000 64 64 64
-0.083875 0.426509 -0.370342 -0.881921 0.471398 0.000000 64 64 64
-0.075485 0.442206 -0.409157 -0.881921 0.471398 0.000000 64 64 64
-0.083875 0.426509 -0.409157 -0.881921 0.471398 0.000000 64 64 64
-0.075485 0.442206 -0.370342 -0.773010 0.634394 0.000000 64 64 64
-0.064194 0.455964 -0.409157 -0.773010 0.634394 0.000000 64 64 64
-0.075485 0.442206 -0.409157 -0.773010 0.634394 0.000000 64 64 64
-0.064194 0.455964 -0.370342 -0.634392 0.773012 0.000000 64 64 64
-0.050436 0.467254 -0.409157 -0.634392 0.773012 0.000000 64 64 64
-0.064194 0.455964 -0.409157 -0.634392 0.773012 0.000000 64 64 64
-0.050436 0.467254 -0.370342 -0.471395 0.881922 0.000000 64 64 64
-0.034740 0.475644 -0.409157 -0.471395 0.881922 0.000000 64 64 64
-0.050436 0.467254 -0.409157 -0.471395 0.881922 0.000000 64 64 64
-0.034740 0.475644 -0.370342 -0.290284 0.956941 0.000000 64 64 64
-0.017708 0.480811 -0.409157 -0.290284 0.956941 0.000000 64 64 64
-0.034740 0.475644 -0.409157 -0.290284 0.956941 0.000000 64 64 64
-0.017708 0.480811 -0.370342 -0.098015 0.995185 -0.000000 64 64 64
0.000004 0.482555 -0.409157 -0.098015 0.995185 -0.000000 64 64 64
-0.017708 0.480811 -0.409157 -0.098015 0.995185 -0.000000 64 64 64
0.050444 0.467254 -0.409157 0.000000 -0.000000 -1.000000 64 64 64
0.025637 0.453649 -0.409157 0.000000 -0.000000 -1.000000 64 64 64
0.034747 0.475644 -0.409157 0.000000 -0.000000 -1.000000 64 64 64
0.055698 0.428979 -0.409157 -0.773010 -0.634393 0.000000 64 64 64
0.047368 0.439129 -0.381354 -0.773010 -0.634393 0.000000 64 64 64
0.047368 0.439129 -0.409157 -0.773010 -0.634393 0.000000 64 64 64
0.064202 0.327568 -0.409157 -0.000000 -0.000000 -1.000000 64 64 64
0.055698 0.354552 -0.409157 -0.000000 -0.000000 -1.000000 64 64 64
0.075493 0.341326 -0.409157 -0.000000 -0.000000 -1.000000 64 64 64
-0.064194 0.327568 -0.409157 -0.000000 0.000000 -1.000000 64 64 64
-0.055690 0.354552 -0.409157 -0.000000 0.000000 -1.000000 64 64 64
-0.047360 0.344402 -0.409157 -0.000000 0.000000 -1.000000 64 64 64
-0.034740 0.475644 -0.409157 0.000000 0.000000 -1.000000 64 64 64
-0.037209 0.447460 -0.409157 0.000000 0.000000 -1.000000 64 64 64
-0.050436 0.467254 -0.409157 0.000000 0.000000 -1.000000 64 64 64
0.090793 0.391766 -0.409157 0.000000 -0.000000 -1.000000 64 64 64
0.065699 0.404833 -0.409157 0.000000 -0.000000 -1.000000 64 64 64
0.089049 0.409478 -0.409157 0.000000 -0.000000 -1.000000 64 64 64
0.000004 0.300976 -0.409157 -0.000000 -0.000000 -1.000000 64 64 64
-0.013064 0.326070 -0.409157 -0.000000 -0.000000 -1.000000 64 64 64
0.000004 0.324783 -0.409157 -0.000000 -0.000000 -1.000000 64 64 64
-0.083875 0.426509 -0.409157 0.000000 0.000000 -1.000000 64 64 64
-0.065691 0.404833 -0.409157 0.000000 0.000000 -1.000000 64 64 64
-0.089041 0.409478 -0.409157 0.000000 0.000000 -1.000000 64 64 64
0.064202 0.455964 -0.409157 0.000000 -0.000000 -1.000000 64 64 64
0.037217 0.447460 -0.409157 0.000000 -0.000000 -1.000000 64 64 64
0.050444 0.316277 -0.409157 -0.000000 -0.000000 -1.000000 64 64 64
0.047368 0.344402 -0.409157 -0.000000 -0.000000 -1.000000 64 64 64
-0.083875 0.357022 -0.409157 0.000000 0.000000 -1.000000 64 64 64
-0.075485 0.341326 -0.409157 0.000000 0.000000 -1.000000 64 64 64
-0.017708 0.480811 -0.409157 0.000000 0.000000 -1.000000 64 64 64
-0.025629 0.453649 -0.409157 0.000000 0.000000 -1.000000 64 64 64
0.089049 0.374054 -0.409157 -0.000000 -0.000000 -1.000000 64 64 64
0.066986 0.391766 -0.409157 -0.000000 -0.000000 -1.000000 64 64 64
-0.034740 0.307887 -0.409157 -0.000000 0.000000 -1.000000 64 64 64
-0.017708 0.302721 -0.409157 -0.000000 0.000000 -1.000000 64 64 64
-0.075485 0.442206 -0.409157 0.000000 0.000000 -1.000000 64 64 64
-0.061880 0.417399 -0.409157 0.000000 0.000000 -1.000000 64 64 64
0.055698 0.428979 -0.409157 0.000000 0.000000 -1.000000 64 64 64
0.047368 0.439129 -0.409157 0.000000 0.000000 -1.000000 64 64 64
0.025637 0.329882 -0.409157 0.000000 -0.000000 -1.000000 64 64 64
0.037217 0.336072 -0.409157 0.000000 -0.000000 -1.000000 64 64 64
-0.065692 0.378698 -0.409157 -0.000000 0.000000 -1.000000 64 64 64
-0.061880 0.366133 -0.409157 -0.000000 0.000000 -1.000000 64 64 64
0.017716 0.480811 -0.409157 0.000000 0.000000 -1.000000 64 64 64
0.000004 0.458748 -0.409157 0.000000 0.000000 -1.000000 64 64 64
0.000004 0.482555 -0.409157 0.000000 0.000000 -1.000000 64 64 64
-0.013064 0.457461 -0.409157 0.000000 0.000000 -1.000000 64 64 64
0.083882 0.357022 -0.409157 -0.000000 -0.000000 -1.000000 64 64 64
0.065699 0.378698 -0.409157 -0.000000 -0.000000 -1.000000 64 64 64
-0.037210 0.336072 -0.409157 -0.000000 -0.000000 -1.000000 64 64 64
-0.025629 0.329882 -0.409157 -0.000000 -0.000000 -1.000000 64 64 64
-0.047360 0.439129 -0.409157 0.000000 0.000000 -1.000000 64 64 64
-0.055690 0.428979 -0.409157 0.000000 0.000000 -1.000000 64 64 64
0.083882 0.426509 -0.409157 0.000000 -0.000000 -1.000000 64 64 64
0.075493 0.442206 -0.409157 0.000000 -0.000000 -1.000000 64 64 64
0.034747 0.307887 -0.409157 0.000000 -0.000000 -1.000000 64 64 64
0.013071 0.326070 -0.409157 0.000000 -0.000000 -1.000000 64 64 64
-0.090786 0.391766 -0.409157 0.000000 0.000000 -1.000000 64 64 64
-0.089041 0.374054 -0.409157 0.000000 0.000000 -1.000000 64 64 64
0.013071 0.457461 -0.409157 0.000000 0.000000 -1.000000 64 64 64
0.061887 0.366133 -0.409157 0.000000 -0.000000 -1.000000 64 64 64
-0.050436 0.316277 -0.409157 -0.000000 0.000000 -1.000000 64 64 64
-0.064194 0.455964 -0.409157 0.000000 0.000000 -1.000000 64 64 64
0.061887 0.417399 -0.409157 0.000000 -0.000000 -1.000000 64 64 64
0.017716 0.302721 -0.409157 0.000000 -0.000000 -1.000000 64 64 64
-0.066979 0.391766 -0.409157 0.000000 0.000000 -1.000000 64 64 64
0.013071 0.326070 -0.381354 0.000000 -0.000000 -1.000000 64 64 64
-0.065692 0.378698 -0.381354 0.000000 -0.000000 -1.000000 64 64 64
-0.013064 0.457461 -0.381354 0.000000 -0.000000 -1.000000 64 64 64
0.000004 0.458748 -0.409157 0.098018 -0.995185 0.000000 64 64 64
-0.013064 0.457461 -0.381354 0.098018 -0.995185 0.000000 64 64 64
-0.013064 0.457461 -0.409157 0.098018 -0.995185 0.000000 64 64 64
-0.037210 0.336072 -0.409157 0.471396 0.881922 0.000000 64 64 64
-0.025629 0.329882 -0.381354 0.471396 0.881922 0.000000 64 64 64
-0.025629 0.329882 -0.409157 0.471396 0.881922 0.000000 64 64 64
0.061887 0.417399 -0.409157 -0.881922 -0.471396 0.000000 64 64 64
0.055698 0.428979 -0.381354 -0.881922 -0.471396 0.000000 64 64 64
0.055698 0.428979 -0.409157 -0.881922 -0.471396 0.000000 64 64 64
-0.047360 0.344402 -0.409157 0.634395 0.773009 -0.000000 64 64 64
-0.037210 0.336072 -0.381354 0.634395 0.773009 -0.000000 64 64 64
-0.037210 0.336072 -0.409157 0.634395 0.773009 -0.000000 64 64 64
0.065699 0.404833 -0.409157 -0.956940 -0.290284 0.000000 64 64 64
0.061887 0.417399 -0.381354 -0.956940 -0.290284 0.000000 64 64 64
0.061887 0.417399 -0.409157 -0.956940 -0.290284 0.000000 64 64 64
-0.055690 0.354552 -0.409157 0.773010 0.634394 -0.000000 64 64 64
-0.047360 0.344402 -0.381354 0.773010 0.634394 -0.000000 64 64 64
-0.047360 0.344402 -0.409157 0.773010 0.634394 -0.000000 64 64 64
0.066986 0.391766 -0.409157 -0.995185 -0.098017 0.000000 64 64 64
0.065699 0.404833 -0.381354 -0.995185 -0.098017 0.000000 64 64 64
0.065699 0.404833 -0.409157 -0.995185 -0.098017 0.000000 64 64 64
-0.061880 0.366133 -0.409157 0.881922 0.471395 -0.000000 64 64 64
-0.055690 0.354552 -0.381354 0.881922 0.471395 -0.000000 64 64 64
-0.055690 0.354552 -0.409157 0.881922 0.471395 -0.000000 64 64 64
0.065699 0.378698 -0.409157 -0.995185 0.098017 0.000000 64 64 64
0.066986 0.391766 -0.381354 -0.995185 0.098017 0.000000 64 64 64
0.066986 0.391766 -0.409157 -0.995185 0.098017 0.000000 64 64 64
-0.065692 0.378698 -0.409157 0.956940 0.290284 -0.000000 64 64 64
-0.061880 0.366133 -0.381354 0.956940 0.290284 -0.000000 64 64 64
-0.061880 0.366133 -0.409157 0.956940 0.290284 -0.000000 64 64 64
0.061887 0.366133 -0.409157 -0.956940 0.290285 0.000000 64 64 64
0.065699 0.378698 -0.381354 -0.956940 0.290285 0.000000 64 64 64
0.065699 0.378698 -0.409157 -0.956940 0.290285 0.000000 64 64 64
-0.066979 0.391766 -0.409157 0.995185 0.098016 -0.000000 64 64 64
-0.065692 0.378698 -0.381354 0.995185 0.098016 -0.000000 64 64 64
-0.065692 0.378698 -0.409157 0.995185 0.098016 -0.000000 64 64 64
0.061887 0.366133 -0.409157 -0.881921 0.471397 0.000000 64 64 64
0.055698 0.354552 -0.381354 -0.881921 0.471397 0.000000 64 64 64
0.061887 0.366133 -0.381354 -0.881921 0.471397 0.000000 64 64 64
-0.065691 0.404833 -0.409157 0.995185 -0.098018 0.000000 64 64 64
-0.066979 0.391766 -0.381354 0.995185 -0.098018 0.000000 64 64 64
-0.066979 0.391766 -0.409157 0.995185 -0.098018 0.000000 64 64 64
0.055698 0.354552 -0.409157 -0.773011 0.634392 -0.000001 64 64 64
0.047368 0.344402 -0.381354 -0.773011 0.634392 -0.000001 64 64 64
0.055698 0.354552 -0.381354 -0.773011 0.634392 -0.000001 64 64 64
-0.061880 0.417399 -0.409157 0.956940 -0.290286 0.000000 64 64 64
-0.065691 0.404833 -0.381354 0.956940 -0.290286 0.000000 64 64 64
-0.065691 0.404833 -0.409157 0.956940 -0.290286 0.000000 64 64 64
0.037217 0.336072 -0.409157 -0.634393 0.773011 0.000000 64 64 64
0.047368 0.344402 -0.381354 -0.634393 0.773011 0.000000 64 64 64
0.047368 0.344402 -0.409157 -0.634393 0.773011 0.000000 64 64 64
-0.055690 0.428979 -0.409157 0.881920 -0.471398 0.000000 64 64 64
-0.061880 0.417399 -0.381354 0.881920 -0.471398 0.000000 64 64 64
-0.061880 0.417399 -0.409157 0.881920 -0.471398 0.000000 64 64 64
0.025637 0.329882 -0.409157 -0.471396 0.881922 0.000000 64 64 64
0.037217 0.336072 -0.381354 -0.471396 0.881922 0.000000 64 64 64
0.037217 0.336072 -0.409157 -0.471396 0.881922 0.000000 64 64 64
0.013071 0.457461 -0.409157 -0.098017 -0.995185 -0.000000 64 64 64
0.000004 0.458748 -0.381354 -0.098017 -0.995185 -0.000000 64 64 64
0.000004 0.458748 -0.409157 -0.098017 -0.995185 -0.000000 64 64 64
-0.047360 0.439129 -0.409157 0.773010 -0.634394 0.000001 64 64 64
-0.055690 0.428979 -0.381354 0.773010 -0.634394 0.000001 64 64 64
-0.055690 0.428979 -0.409157 0.773010 -0.634394 0.000001 64 64 64
0.013071 0.326070 -0.409157 -0.290287 0.956940 -0.000000 64 64 64
0.025637 0.329882 -0.381354 -0.290287 0.956940 -0.000000 64 64 64
0.025637 0.329882 -0.409157 -0.290287 0.956940 -0.000000 64 64 64
0.025637 0.453649 -0.409157 -0.290285 -0.956940 -0.000000 64 64 64
0.013071 0.457461 -0.381354 -0.290285 -0.956940 -0.000000 64 64 64
0.013071 0.457461 -0.409157 -0.290285 -0.956940 -0.000000 64 64 64
-0.037209 0.447460 -0.409157 0.634392 -0.773011 0.000000 64 64 64
-0.047360 0.439129 -0.381354 0.634392 -0.773011 0.000000 64 64 64
-0.047360 0.439129 -0.409157 0.634392 -0.773011 0.000000 64 64 64
0.000004 0.324783 -0.409157 -0.098017 0.995185 -0.000000 64 64 64
0.013071 0.326070 -0.381354 -0.098017 0.995185 -0.000000 64 64 64
0.013071 0.326070 -0.409157 -0.098017 0.995185 -0.000000 64 64 64
0.037217 0.447460 -0.409157 -0.471398 -0.881921 -0.000000 64 64 64
0.025637 0.453649 -0.381354 -0.471398 -0.881921 -0.000000 64 64 64
0.025637 0.453649 -0.409157 -0.471398 -0.881921 -0.000000 64 64 64
-0.025629 0.453649 -0.409157 0.471396 -0.881922 0.000000 64 64 64
-0.037209 0.447460 -0.381354 0.471396 -0.881922 0.000000 64 64 64
-0.037209 0.447460 -0.409157 0.471396 -0.881922 0.000000 64 64 64
-0.013064 0.326070 -0.409157 0.098017 0.995185 0.000000 64 64 64
0.000004 0.324783 -0.381354 0.098017 0.995185 0.000000 64 64 64
0.000004 0.324783 -0.409157 0.098017 0.995185 0.000000 64 64 64
0.047368 0.439129 -0.409157 -0.634393 -0.773011 0.000000 64 64 64
0.037217 0.447460 -0.381354 -0.634393 -0.773011 0.000000 64 64 64
0.037217 0.447460 -0.409157 -0.634393 -0.773011 0.000000 64 64 64
-0.013064 0.457461 -0.409157 0.290283 -0.956941 0.000000 64 64 64
-0.025629 0.453649 -0.381354 0.290283 -0.956941 0.000000 64 64 64
-0.025629 0.453649 -0.409157 0.290283 -0.956941 0.000000 64 64 64
-0.013064 0.326070 -0.409157 0.290287 0.956940 0.000000 64 64 64
-0.025629 0.329882 -0.381354 0.290287 0.956940 0.000000 64 64 64
-0.013064 0.326070 -0.381354 0.290287 0.956940 0.000000 64 64 64
-0.299995 0.482555 -0.370342 0.098018 0.995185 0.000000 64 64 64
-0.282283 0.480811 -0.409157 0.098018 0.995185 0.000000 64 64 64
-0.299995 0.482555 -0.409157 0.098018 0.995185 0.000000 64 64 64
-0.282283 0.480811 -0.370342 0.290283 0.956941 0.000000 64 64 64
-0.265252 0.475644 -0.409157 0.290283 0.956941 0.000000 64 64 64
-0.282283 0.480811 -0.409157 0.290283 0.956941 0.000000 64 64 64
-0.265252 0.475644 -0.370342 0.471397 0.881921 0.000000 64 64 64
-0.249555 0.467254 -0.409157 0.471397 0.881921 0.000000 64 64 64
-0.265252 0.475644 -0.409157 0.471397 0.881921 0.000000 64 64 64
-0.249555 0.467254 -0.370342 0.634394 0.773010 0.000000 64 64 64
-0.235798 0.455964 -0.409157 0.634394 0.773010 0.000000 64 64 64
-0.249555 0.467254 -0.409157 0.634394 0.773010 0.000000 64 64 64
-0.235798 0.455964 -0.370342 0.773010 0.634394 0.000000 64 64 64
-0.224507 0.442206 -0.409157 0.773010 0.634394 0.000000 64 64 64
-0.235798 0.455964 -0.409157 0.773010 0.634394 0.000000 64 64 64
-0.224507 0.442206 -0.370342 0.881922 0.471396 0.000000 64 64 64
-0.216117 0.426509 -0.409157 0.881922 0.471396 0.000000 64 64 64
-0.224507 0.442206 -0.409157 0.881922 0.471396 0.000000 64 64 64
-0.216117 0.426509 -0.370342 0.956940 0.290284 0.000000 64 64 64
-0.210950 0.409478 -0.409157 0.956940 0.290284 0.000000 64 64 64
-0.216117 0.426509 -0.409157 0.956940 0.290284 0.000000 64 64 64
-0.210950 0.409478 -0.370342 0.995185 0.098017 0.000000 64 64 64
-0.209206 0.391766 -0.409157 0.995185 0.098017 0.000000 64 64 64
-0.210950 0.409478 -0.409157 0.995185 0.098017 0.000000 64 64 64
-0.209206 0.391766 -0.370342 0.995185 -0.098016 0.000000 64 64 64
-0.210950 0.374054 -0.409157 0.995185 -0.098016 0.000000 64 64 64
-0.209206 0.391766 -0.409157 0.995185 -0.098016 0.000000 64 64 64
-0.210950 0.374054 -0.370342 0.956940 -0.290284 0.000000 64 64 64
-0.216117 0.357022 -0.409157 0.956940 -0.290284 0.000000 64 64 64
-0.210950 0.374054 -0.409157 0.956940 -0.290284 0.000000 64 64 64
-0.216117 0.357022 -0.370342 0.881922 -0.471396 0.000000 64 64 64
-0.224507 0.341326 -0.409157 0.881922 -0.471396 0.000000 64 64 64
-0.216117 0.357022 -0.409157 0.881922 -0.471396 0.000000 64 64 64
-0.224507 0.341326 -0.370342 0.773011 -0.634393 0.000000 64 64 64
-0.235798 0.327568 -0.409157 0.773011 -0.634393 0.000000 64 64 64
-0.224507 0.341326 -0.409157 0.773011 -0.634393 0.000000 64 64 64
-0.235798 0.327568 -0.370342 0.634392 -0.773012 0.000000 64 64 64
-0.249555 0.316277 -0.409157 0.634392 -0.773012 0.000000 64 64 64
-0.235798 0.327568 -0.409157 0.634392 -0.773012 0.000000 64 64 64
-0.249555 0.316277 -0.370342 0.471399 -0.881920 0.000000 64 64 64
-0.265252 0.307887 -0.409157 0.471399 -0.881920 0.000000 64 64 64
-0.249555 0.316277 -0.409157 0.471399 -0.881920 0.000000 64 64 64
-0.265252 0.307887 -0.370342 0.290283 -0.956941 0.000000 64 64 64
-0.282283 0.302721 -0.409157 0.290283 -0.956941 0.000000 64 64 64
-0.265252 0.307887 -0.409157 0.290283 -0.956941 0.000000 64 64 64
-0.282283 0.302721 -0.370342 0.098018 -0.995185 0.000000 64 64 64
-0.299995 0.300976 -0.409157 0.098018 -0.995185 0.000000 64 64 64
-0.282283 0.302721 -0.409157 0.098018 -0.995185 0.000000 64 64 64
-0.299995 0.300976 -0.370342 -0.098018 -0.995185 0.000000 64 64 64
-0.317708 0.302721 -0.409157 -0.098018 -0.995185 0.000000 64 64 64
-0.299995 0.300976 -0.409157 -0.098018 -0.995185 0.000000 64 64 64
-0.317708 0.302721 -0.370342 -0.290286 -0.956940 0.000000 64 64 64
-0.334739 0.307887 -0.409157 -0.290286 -0.956940 0.000000 64 64 64
-0.317708 0.302721 -0.409157 -0.290286 -0.956940 0.000000 64 64 64
-0.334739 0.307887 -0.370342 -0.471394 -0.881923 0.000000 64 64 64
-0.350435 0.316277 -0.409157 -0.471394 -0.881923 0.000000 64 64 64
-0.334739 0.307887 -0.409157 -0.471394 -0.881923 0.000000 64 64 64
-0.350435 0.316277 -0.370342 -0.634393 -0.773011 0.000000 64 64 64
-0.364193 0.327568 -0.409157 -0.634393 -0.773011 0.000000 64 64 64
-0.350435 0.316277 -0.409157 -0.634393 -0.773011 0.000000 64 64 64
-0.364193 0.327568 -0.370342 -0.773011 -0.634393 0.000000 64 64 64
-0.375484 0.341326 -0.409157 -0.773011 -0.634393 0.000000 64 64 64
-0.364193 0.327568 -0.409157 -0.773011 -0.634393 0.000000 64 64 64
-0.375484 0.341326 -0.370342 -0.881922 -0.471396 0.000000 64 64 64
-0.383874 0.357022 -0.409157 -0.881922 -0.471396 0.000000 64 64 64
-0.375484 0.341326 -0.409157 -0.881922 -0.471396 0.000000 64 64 64
-0.383874 0.357022 -0.370342 -0.956941 -0.290283 0.000000 64 64 64
-0.389040 0.374054 -0.409157 -0.956941 -0.290283 0.000000 64 64 64
-0.383874 0.357022 -0.409157 -0.956941 -0.290283 0.000000 64 64 64
-0.389040 0.374054 -0.370342 -0.995185 -0.098016 0.000000 64 64 64
-0.390785 0.391766 -0.409157 -0.995185 -0.098016 0.000000 64 64 64
-0.389040 0.374054 -0.409157 -0.995185 -0.098016 0.000000 64 64 64
-0.390785 0.391766 -0.370342 -0.995185 0.098018 0.000000 64 64 64
-0.389040 0.409478 -0.409157 -0.995185 0.098018 0.000000 64 64 64
-0.390785 0.391766 -0.409157 -0.995185 0.098018 0.000000 64 64 64
-0.389040 0.409478 -0.370342 -0.956940 0.290286 0.000000 64 64 64
-0.383874 0.426509 -0.409157 -0.956940 0.290286 0.000000 64 64 64
-0.389040 0.409478 -0.409157 -0.956940 0.290286 0.000000 64 64 64
-0.383874 0.426509 -0.370342 -0.881921 0.471397 0.000000 64 64 64
-0.375484 0.442206 -0.409157 -0.881921 0.471397 0.000000 64 64 64
-0.383874 0.426509 -0.409157 -0.881921 0.471397 0.000000 64 64 64
-0.375484 0.442206 -0.370342 -0.773010 0.634394 0.000000 64 64 64
-0.364193 0.455964 -0.409157 -0.773010 0.634394 0.000000 64 64 64
-0.375484 0.442206 -0.409157 -0.773010 0.634394 0.000000 64 64 64
-0.364193 0.455964 -0.370342 -0.634391 0.773012 0.000000 64 64 64
-0.350435 0.467254 -0.409157 -0.634391 0.773012 0.000000 64 64 64
-0.364193 0.455964 -0.409157 -0.634391 0.773012 0.000000 64 64 64
-0.350435 0.467254 -0.370342 -0.471397 0.881921 0.000000 64 64 64
-0.334739 0.475644 -0.409157 -0.471397 0.881921 0.000000 64 64 64
-0.350435 0.467254 -0.409157 -0.471397 0.881921 0.000000 64 64 64
-0.334739 0.475644 -0.370342 -0.290284 0.956940 0.000000 64 64 64
-0.317707 0.480811 -0.409157 -0.290284 0.956940 0.000000 64 64 64
-0.334739 0.475644 -0.409157 -0.290284 0.956940 0.000000 64 64 64
-0.317707 0.480811 -0.370342 -0.098015 0.995185 0.000000 64 64 64
-0.299995 0.482555 -0.409157 -0.098015 0.995185 0.000000 64 64 64
-0.317707 0.480811 -0.409157 -0.098015 0.995185 0.000000 64 64 64
-0.249555 0.467254 -0.409157 0.000000 -0.000000 -1.000000 64 64 64
-0.274362 0.453649 -0.409157 0.000000 -0.000000 -1.000000 64 64 64
-0.265252 0.475644 -0.409157 0.000000 -0.000000 -1.000000 64 64 64
-0.244302 0.428979 -0.409157 -0.773010 -0.634394 0.000000 64 64 64
-0.252632 0.439129 -0.381354 -0.773010 -0.634394 0.000000 64 64 64
-0.252632 0.439129 -0.409157 -0.773010 -0.634394 0.000000 64 64 64
-0.235798 0.327568 -0.409157 -0.000000 -0.000000 -1.000000 64 64 64
-0.244302 0.354552 -0.409157 -0.000000 -0.000000 -1.000000 64 64 64
-0.224507 0.341326 -0.409157 -0.000000 -0.000000 -1.000000 64 64 64
-0.375484 0.341326 -0.409157 -0.000000 0.000000 -1.000000 64 64 64
-0.347359 0.344402 -0.409157 -0.000000 0.000000 -1.000000 64 64 64
-0.364193 0.327568 -0.409157 -0.000000 0.000000 -1.000000 64 64 64
-0.334739 0.475644 -0.409157 0.000000 0.000000 -1.000000 64 64 64
-0.337209 0.447460 -0.409157 0.000000 0.000000 -1.000000 64 64 64
-0.350435 0.467254 -0.409157 0.000000 0.000000 -1.000000 64 64 64
-0.209206 0.391766 -0.409157 0.000000 -0.000000 -1.000000 64 64 64
-0.234300 0.404833 -0.409157 0.000000 -0.000000 -1.000000 64 64 64
-0.210950 0.409478 -0.409157 0.000000 -0.000000 -1.000000 64 64 64
-0.299995 0.300976 -0.409157 -0.000000 -0.000000 -1.000000 64 64 64
-0.313063 0.326070 -0.409157 -0.000000 -0.000000 -1.000000 64 64 64
-0.299995 0.324783 -0.409157 -0.000000 -0.000000 -1.000000 64 64 64
-0.383874 0.426509 -0.409157 0.000000 0.000000 -1.000000 64 64 64
-0.365691 0.404833 -0.409157 0.000000 0.000000 -1.000000 64 64 64
-0.389040 0.409478 -0.409157 0.000000 0.000000 -1.000000 64 64 64
-0.235798 0.455964 -0.409157 0.000000 -0.000000 -1.000000 64 64 64
-0.262782 0.447460 -0.409157 0.000000 -0.000000 -1.000000 64 64 64
-0.249555 0.316277 -0.409157 -0.000000 -0.000000 -1.000000 64 64 64
-0.252632 0.344402 -0.409157 -0.000000 -0.000000 -1.000000 64 64 64
-0.383874 0.357022 -0.409157 0.000000 0.000000 -1.000000 64 64 64
-0.355689 0.354552 -0.409157 0.000000 0.000000 -1.000000 64 64 64
-0.313063 0.457461 -0.409157 0.000000 0.000000 -1.000000 64 64 64
-0.325628 0.453649 -0.409157 0.000000 0.000000 -1.000000 64 64 64
-0.210950 0.374054 -0.409157 -0.000000 -0.000000 -1.000000 64 64 64
-0.233013 0.391766 -0.409157 -0.000000 -0.000000 -1.000000 64 64 64
-0.334739 0.307887 -0.409157 -0.000000 0.000000 -1.000000 64 64 64
-0.317708 0.302721 -0.409157 -0.000000 0.000000 -1.000000 64 64 64
-0.375484 0.442206 -0.409157 0.000000 0.000000 -1.000000 64 64 64
-0.361879 0.417399 -0.409157 0.000000 0.000000 -1.000000 64 64 64
-0.244302 0.428979 -0.409157 0.000000 0.000000 -1.000000 64 64 64
-0.252632 0.439129 -0.409157 0.000000 0.000000 -1.000000 64 64 64
-0.274362 0.329882 -0.409157 0.000000 -0.000000 -1.000000 64 64 64
-0.262782 0.336072 -0.409157 0.000000 -0.000000 -1.000000 64 64 64
-0.365691 0.378698 -0.409157 -0.000000 0.000000 -1.000000 64 64 64
-0.361879 0.366133 -0.409157 -0.000000 0.000000 -1.000000 64 64 64
-0.282283 0.480811 -0.409157 0.000000 0.000000 -1.000000 64 64 64
-0.299995 0.458748 -0.409157 0.000000 0.000000 -1.000000 64 64 64
-0.299995 0.482555 -0.409157 0.000000 0.000000 -1.000000 64 64 64
-0.317707 0.480811 -0.409157 0.000000 0.000000 -1.000000 64 64 64
-0.216117 0.357022 -0.409157 -0.000000 -0.000000 -1.000000 64 64 64
-0.234300 0.378698 -0.409157 -0.000000 -0.000000 -1.000000 64 64 64
-0.337209 0.336072 -0.409157 -0.000000 -0.000000 -1.000000 64 64 64
-0.325628 0.329882 -0.409157 -0.000000 -0.000000 -1.000000 64 64 64
-0.347359 0.439129 -0.409157 0.000000 0.000000 -1.000000 64 64 64
-0.355689 0.428979 -0.409157 0.000000 0.000000 -1.000000 64 64 64
-0.216117 0.426509 -0.409157 0.000000 -0.000000 -1.000000 64 64 64
-0.224507 0.442206 -0.409157 0.000000 -0.000000 -1.000000 64 64 64
-0.265252 0.307887 -0.409157 0.000000 -0.000000 -1.000000 64 64 64
-0.286928 0.326070 -0.409157 0.000000 -0.000000 -1.000000 64 64 64
-0.390785 0.391766 -0.409157 0.000000 0.000000 -1.000000 64 64 64
-0.389040 0.374054 -0.409157 0.000000 0.000000 -1.000000 64 64 64
-0.286928 0.457461 -0.409157 0.000000 0.000000 -1.000000 64 64 64
-0.238112 0.366133 -0.409157 0.000000 -0.000000 -1.000000 64 64 64
-0.350435 0.316277 -0.409157 -0.000000 0.000000 -1.000000 64 64 64
-0.364193 0.455964 -0.409157 0.000000 0.000000 -1.000000 64 64 64
-0.238112 0.417399 -0.409157 0.000000 -0.000000 -1.000000 64 64 64
-0.282283 0.302721 -0.409157 -0.000000 0.000000 -1.000000 64 64 64
-0.366978 0.391766 -0.409157 0.000000 0.000000 -1.000000 64 64 64
-0.286928 0.326070 -0.381354 0.000000 -0.000000 -1.000000 64 64 64
-0.365691 0.378698 -0.381354 0.000000 -0.000000 -1.000000 64 64 64
-0.313063 0.457461 -0.381354 0.000000 -0.000000 -1.000000 64 64 64
-0.299995 0.458748 -0.409157 0.098018 -0.995185 0.000000 64 64 64
-0.313063 0.457461 -0.381354 0.098018 -0.995185 0.000000 64 64 64
-0.313063 0.457461 -0.409157 0.098018 -0.995185 0.000000 64 64 64
-0.337209 0.336072 -0.409157 0.471396 0.881922 -0.000000 64 64 64
-0.325628 0.329882 -0.381354 0.471396 0.881922 -0.000000 64 64 64
-0.325628 0.329882 -0.409157 0.471396 0.881922 -0.000000 64 64 64
-0.238112 0.417399 -0.409157 -0.881921 -0.471397 0.000000 64 64 64
-0.244302 0.428979 -0.381354 -0.881921 -0.471397 0.000000 64 64 64
-0.244302 0.428979 -0.409157 -0.881921 -0.471397 0.000000 64 64 64
-0.347359 0.344402 -0.409157 0.634393 0.773011 -0.000000 64 64 64
-0.337209 0.336072 -0.381354 0.634393 0.773011 -0.000000 64 64 64
-0.337209 0.336072 -0.409157 0.634393 0.773011 -0.000000 64 64 64
-0.234300 0.404833 -0.409157 -0.956941 -0.290284 0.000000 64 64 64
-0.238112 0.417399 -0.381354 -0.956941 -0.290284 0.000000 64 64 64
-0.238112 0.417399 -0.409157 -0.956941 -0.290284 0.000000 64 64 64
-0.355689 0.354552 -0.409157 0.773010 0.634394 -0.000000 64 64 64
-0.347359 0.344402 -0.381354 0.773010 0.634394 -0.000000 64 64 64
-0.347359 0.344402 -0.409157 0.773010 0.634394 -0.000000 64 64 64
-0.233013 0.391766 -0.409157 -0.995185 -0.098018 0.000000 64 64 64
-0.234300 0.404833 -0.381354 -0.995185 -0.098018 0.000000 64 64 64
-0.234300 0.404833 -0.409157 -0.995185 -0.098018 0.000000 64 64 64
-0.361879 0.366133 -0.409157 0.881922 0.471395 -0.000000 64 64 64
-0.355689 0.354552 -0.381354 0.881922 0.471395 -0.000000 64 64 64
-0.355689 0.354552 -0.409157 0.881922 0.471395 -0.000000 64 64 64
-0.234300 0.378698 -0.409157 -0.995185 0.098017 0.000000 64 64 64
-0.233013 0.391766 -0.381354 -0.995185 0.098017 0.000000 64 64 64
-0.233013 0.391766 -0.409157 -0.995185 0.098017 0.000000 64 64 64
-0.365691 0.378698 -0.409157 0.956940 0.290285 -0.000000 64 64 64
-0.361879 0.366133 -0.381354 0.956940 0.290285 -0.000000 64 64 64
-0.361879 0.366133 -0.409157 0.956940 0.290285 -0.000000 64 64 64
-0.238112 0.366133 -0.409157 -0.956940 0.290285 0.000000 64 64 64
-0.234300 0.378698 -0.381354 -0.956940 0.290285 0.000000 64 64 64
-0.234300 0.378698 -0.409157 -0.956940 0.290285 0.000000 64 64 64
-0.366978 0.391766 -0.409157 0.995185 0.098017 -0.000000 64 64 64
-0.365691 0.378698 -0.381354 0.995185 0.098017 -0.000000 64 64 64
-0.365691 0.378698 -0.409157 0.995185 0.098017 -0.000000 64 64 64
-0.238112 0.366133 -0.409157 -0.881921 0.471397 0.000000 64 64 64
-0.244302 0.354552 -0.381354 -0.881921 0.471397 0.000000 64 64 64
-0.238112 0.366133 -0.381354 -0.881921 0.471397 0.000000 64 64 64
-0.365691 0.404833 -0.409157 0.995185 -0.098019 0.000000 64 64 64
-0.366978 0.391766 -0.381354 0.995185 -0.098019 0.000000 64 64 64
-0.366978 0.391766 -0.409157 0.995185 -0.098019 0.000000 64 64 64
-0.244302 0.354552 -0.409157 -0.773011 0.634393 -0.000001 64 64 64
-0.252632 0.344402 -0.381354 -0.773011 0.634393 -0.000001 64 64 64
-0.244302 0.354552 -0.381354 -0.773011 0.634393 -0.000001 64 64 64
-0.361879 0.417399 -0.409157 0.956940 -0.290285 0.000000 64 64 64
-0.365691 0.404833 -0.381354 0.956940 -0.290285 0.000000 64 64 64
-0.365691 0.404833 -0.409157 0.956940 -0.290285 0.000000 64 64 64
-0.262782 0.336072 -0.409157 -0.634394 0.773010 0.000000 64 64 64
-0.252632 0.344402 -0.381354 -0.634394 0.773010 0.000000 64 64 64
-0.252632 0.344402 -0.409157 -0.634394 0.773010 0.000000 64 64 64
-0.355689 0.428979 -0.409157 0.881920 -0.471398 0.000000 64 64 64
-0.361879 0.417399 -0.381354 0.881920 -0.471398 0.000000 64 64 64
-0.361879 0.417399 -0.409157 0.881920 -0.471398 0.000000 64 64 64
-0.274362 0.329882 -0.409157 -0.471396 0.881922 0.000000 64 64 64
-0.262782 0.336072 -0.381354 -0.471396 0.881922 0.000000 64 64 64
-0.262782 0.336072 -0.409157 -0.471396 0.881922 0.000000 64 64 64
-0.286928 0.457461 -0.409157 -0.098017 -0.995185 0.000000 64 64 64
-0.299995 0.458748 -0.381354 -0.098017 -0.995185 0.000000 64 64 64
-0.299995 0.458748 -0.409157 -0.098017 -0.995185 0.000000 64 64 64
-0.347359 0.439129 -0.409157 0.773010 -0.634394 0.000001 64 64 64
-0.355689 0.428979 -0.381354 0.773010 -0.634394 0.000001 64 64 64
-0.355689 0.428979 -0.409157 0.773010 -0.634394 0.000001 64 64 64
-0.286928 0.326070 -0.409157 -0.290287 0.956940 0.000000 64 64 64
-0.274362 0.329882 -0.381354 -0.290287 0.956940 0.000000 64 64 64
-0.274362 0.329882 -0.409157 -0.290287 0.956940 0.000000 64 64 64
-0.274362 0.453649 -0.409157 -0.290285 -0.956940 0.000000 64 64 64
-0.286928 0.457461 -0.381354 -0.290285 -0.956940 0.000000 64 64 64
-0.286928 0.457461 -0.409157 -0.290285 -0.956940 0.000000 64 64 64
-0.337209 0.447460 -0.409157 0.634394 -0.773010 0.000000 64 64 64
-0.347359 0.439129 -0.381354 0.634394 -0.773010 0.000000 64 64 64
-0.347359 0.439129 -0.409157 0.634394 -0.773010 0.000000 64 64 64
-0.299995 0.324783 -0.409157 -0.098017 0.995185 0.000000 64 64 64
-0.286928 0.326070 -0.381354 -0.098017 0.995185 0.000000 64 64 64
-0.286928 0.326070 -0.409157 -0.098017 0.995185 0.000000 64 64 64
-0.262782 0.447460 -0.409157 -0.471397 -0.881921 0.000000 64 64 64
-0.274362 0.453649 -0.381354 -0.471397 -0.881921 0.000000 64 64 64
-0.274362 0.453649 -0.409157 -0.471397 -0.881921 0.000000 64 64 64
-0.325628 0.453649 -0.409157 0.471395 -0.881922 0.000000 64 64 64
-0.337209 0.447460 -0.381354 0.471395 -0.881922 0.000000 64 64 64
-0.337209 0.447460 -0.409157 0.471395 -0.881922 0.000000 64 64 64
-0.313063 0.326070 -0.409157 0.098017 0.995185 -0.000000 64 64 64
-0.299995 0.324783 -0.381354 0.098017 0.995185 -0.000000 64 64 64
-0.299995 0.324783 -0.409157 0.098017 0.995185 -0.000000 64 64 64
-0.252632 0.439129 -0.409157 -0.634393 -0.773011 0.000000 64 64 64
-0.262782 0.447460 -0.381354 -0.634393 -0.773011 0.000000 64 64 64
-0.262782 0.447460 -0.409157 -0.634393 -0.773011 0.000000 64 64 64
-0.313063 0.457461 -0.409157 0.290283 -0.956941 0.000000 64 64 64
-0.325628 0.453649 -0.381354 0.290283 -0.956941 0.000000 64 64 64
-0.325628 0.453649 -0.409157 0.290283 -0.956941 0.000000 64 64 64
-0.325628 0.329882 -0.409157 0.290287 0.956940 -0.000000 64 64 64
-0.313063 0.326070 -0.381354 0.290287 0.956940 -0.000000 64 64 64
-0.313063 0.326070 -0.409157 0.290287 0.956940 -0.000000 64 64 64
-0.599995 0.482555 -0.370342 0.098018 0.995185 0.000000 64 64 64
-0.582282 0.480811 -0.409157 0.098018 0.995185 0.000000 64 64 64
-0.599995 0.482555 -0.409157 0.098018 0.995185 0.000000 64 64 64
-0.582282 0.480811 -0.370342 0.290283 0.956941 0.000000 64 64 64
-0.565251 0.475644 -0.409157 0.290283 0.956941 0.000000 64 64 64
-0.582282 0.480811 -0.409157 0.290283 0.956941 0.000000 64 64 64
-0.565251 0.475644 -0.370342 0.471398 0.881921 0.000001 64 64 64
-0.549555 0.467254 -0.409157 0.471398 0.881921 0.000001 64 64 64
-0.565251 0.475644 -0.409157 0.471398 0.881921 0.000001 64 64 64
-0.549555 0.467254 -0.370342 0.634393 0.773011 0.000001 64 64 64
-0.535797 0.455964 -0.409157 0.634393 0.773011 0.000001 64 64 64
-0.549555 0.467254 -0.409157 0.634393 0.773011 0.000001 64 64 64
-0.535797 0.455964 -0.370342 0.773012 0.634392 0.000001 64 64 64
-0.524506 0.442206 -0.409157 0.773012 0.634392 0.000001 64 64 64
-0.535797 0.455964 -0.409157 0.773012 0.634392 0.000001 64 64 64
-0.524506 0.442206 -0.370342 0.881920 0.471398 0.000001 64 64 64
-0.516116 0.426509 -0.409157 0.881920 0.471398 0.000001 64 64 64
-0.524506 0.442206 -0.409157 0.881920 0.471398 0.000001 64 64 64
-0.516116 0.426509 -0.370342 0.956941 0.290283 0.000001 64 64 64
-0.510950 0.409478 -0.409157 0.956941 0.290283 0.000001 64 64 64
-0.516116 0.426509 -0.409157 0.956941 0.290283 0.000001 64 64 64
-0.510950 0.409478 -0.370342 0.995185 0.098018 0.000002 64 64 64
-0.509205 0.391766 -0.409157 0.995185 0.098018 0.000002 64 64 64
-0.510950 0.409478 -0.409157 0.995185 0.098018 0.000002 64 64 64
-0.509205 0.391766 -0.370342 0.995185 -0.098018 0.000002 64 64 64
-0.510950 0.374054 -0.409157 0.995185 -0.098018 0.000002 64 64 64
-0.509205 0.391766 -0.409157 0.995185 -0.098018 0.000002 64 64 64
-0.510950 0.374054 -0.370342 0.956941 -0.290283 0.000001 64 64 64
-0.516116 0.357022 -0.409157 0.956941 -0.290283 0.000001 64 64 64
-0.510950 0.374054 -0.409157 0.956941 -0.290283 0.000001 64 64 64
-0.516116 0.357022 -0.370342 0.881921 -0.471398 0.000001 64 64 64
-0.524506 0.341326 -0.409157 0.881921 -0.471398 0.000001 64 64 64
-0.516116 0.357022 -0.409157 0.881921 -0.471398 0.000001 64 64 64
-0.524506 0.341326 -0.370342 0.773012 -0.634391 0.000001 64 64 64
-0.535797 0.327568 -0.409157 0.773012 -0.634391 0.000001 64 64 64
-0.524506 0.341326 -0.409157 0.773012 -0.634391 0.000001 64 64 64
-0.535797 0.327568 -0.370342 0.634391 -0.773012 0.000001 64 64 64
-0.549555 0.316277 -0.409157 0.634391 -0.773012 0.000001 64 64 64
-0.535797 0.327568 -0.409157 0.634391 -0.773012 0.000001 64 64 64
-0.549555 0.316277 -0.370342 0.471398 -0.881921 0.000001 64 64 64
-0.565251 0.307887 -0.409157 0.471398 -0.881921 0.000001 64 64 64
-0.549555 0.316277 -0.409157 0.471398 -0.881921 0.000001 64 64 64
-0.565251 0.307887 -0.370342 0.290283 -0.956941 0.000000 64 64 64
-0.582282 0.302721 -0.409157 0.290283 -0.956941 0.000000 64 64 64
-0.565251 0.307887 -0.409157 0.290283 -0.956941 0.000000 64 64 64
-0.582283 0.302721 -0.370342 0.098018 -0.995185 0.000000 64 64 64
-0.599995 0.300976 -0.409157 0.098018 -0.995185 0.000000 64 64 64
-0.582282 0.302721 -0.409157 0.098018 -0.995185 0.000000 64 64 64
-0.599995 0.300976 -0.370342 -0.098018 -0.995185 -0.000000 64 64 64
-0.617707 0.302721 -0.409157 -0.098018 -0.995185 -0.000000 64 64 64
-0.599995 0.300976 -0.409157 -0.098018 -0.995185 -0.000000 64 64 64
-0.617707 0.302721 -0.370342 -0.290286 -0.956940 -0.000000 64 64 64
-0.634738 0.307887 -0.409157 -0.290286 -0.956940 -0.000000 64 64 64
-0.617707 0.302721 -0.409157 -0.290286 -0.956940 -0.000000 64 64 64
-0.634738 0.307887 -0.370342 -0.471395 -0.881922 -0.000001 64 64 64
-0.650435 0.316277 -0.409157 -0.471395 -0.881922 -0.000001 64 64 64
-0.634738 0.307887 -0.409157 -0.471395 -0.881922 -0.000001 64 64 64
-0.650435 0.316277 -0.370342 -0.634395 -0.773009 -0.000001 64 64 64
-0.664192 0.327568 -0.409157 -0.634395 -0.773009 -0.000001 64 64 64
-0.650435 0.316277 -0.409157 -0.634395 -0.773009 -0.000001 64 64 64
-0.664193 0.327568 -0.370342 -0.773011 -0.634393 -0.000001 64 64 64
-0.675483 0.341326 -0.409157 -0.773011 -0.634393 -0.000001 64 64 64
-0.664192 0.327568 -0.409157 -0.773011 -0.634393 -0.000001 64 64 64
-0.675483 0.341326 -0.370342 -0.881922 -0.471395 -0.000001 64 64 64
-0.683873 0.357022 -0.409157 -0.881922 -0.471395 -0.000001 64 64 64
-0.675483 0.341326 -0.409157 -0.881922 -0.471395 -0.000001 64 64 64
-0.683873 0.357022 -0.370342 -0.956940 -0.290286 -0.000001 64 64 64
-0.689040 0.374054 -0.409157 -0.956940 -0.290286 -0.000001 64 64 64
-0.683873 0.357022 -0.409157 -0.956940 -0.290286 -0.000001 64 64 64
-0.689040 0.374054 -0.370342 -0.995185 -0.098015 -0.000002 64 64 64
-0.690784 0.391766 -0.409157 -0.995185 -0.098015 -0.000002 64 64 64
-0.689040 0.374054 -0.409157 -0.995185 -0.098015 -0.000002 64 64 64
-0.690784 0.391766 -0.370342 -0.995185 0.098018 -0.000002 64 64 64
-0.689040 0.409478 -0.409157 -0.995185 0.098018 -0.000002 64 64 64
-0.690784 0.391766 -0.409157 -0.995185 0.098018 -0.000002 64 64 64
-0.689040 0.409478 -0.370342 -0.956940 0.290286 -0.000001 64 64 64
-0.683873 0.426509 -0.409157 -0.956940 0.290286 -0.000001 64 64 64
-0.689040 0.409478 -0.409157 -0.956940 0.290286 -0.000001 64 64 64
-0.683873 0.426509 -0.370342 -0.881920 0.471398 -0.000001 64 64 64
-0.675483 0.442206 -0.409157 -0.881920 0.471398 -0.000001 64 64 64
-0.683873 0.426509 -0.409157 -0.881920 0.471398 -0.000001 64 64 64
-0.675483 0.442206 -0.370342 -0.773010 0.634394 -0.000001 64 64 64
-0.664192 0.455964 -0.409157 -0.773010 0.634394 -0.000001 64 64 64
-0.675483 0.442206 -0.409157 -0.773010 0.634394 -0.000001 64 64 64
-0.664192 0.455964 -0.370342 -0.634392 0.773011 -0.000001 64 64 64
-0.650434 0.467254 -0.409157 -0.634392 0.773011 -0.000001 64 64 64
-0.664192 0.455964 -0.409157 -0.634392 0.773011 -0.000001 64 64 64
-0.650434 0.467254 -0.370342 -0.471396 0.881922 -0.000001 64 64 64
-0.634738 0.475644 -0.409157 -0.471396 0.881922 -0.000001 64 64 64
-0.650434 0.467254 -0.409157 -0.471396 0.881922 -0.000001 64 64 64
-0.634738 0.475644 -0.370342 -0.290284 0.956941 -0.000000 64 64 64
-0.617707 0.480811 -0.409157 -0.290284 0.956941 -0.000000 64 64 64
-0.634738 0.475644 -0.409157 -0.290284 0.956941 -0.000000 64 64 64
-0.617707 0.480811 -0.370342 -0.098015 0.995185 -0.000000 64 64 64
-0.599995 0.482555 -0.409157 -0.098015 0.995185 -0.000000 64 64 64
-0.617707 0.480811 -0.409157 -0.098015 0.995185 -0.000000 64 64 64
-0.549555 0.467254 -0.409157 0.000000 -0.000000 -1.000000 64 64 64
-0.574362 0.453649 -0.409157 0.000000 -0.000000 -1.000000 64 64 64
-0.565251 0.475644 -0.409157 0.000000 -0.000000 -1.000000 64 64 64
-0.544301 0.428979 -0.409157 -0.773011 -0.634393 -0.000002 64 64 64
-0.552631 0.439129 -0.381354 -0.773011 -0.634393 -0.000002 64 64 64
-0.552631 0.439129 -0.409157 -0.773011 -0.634393 -0.000002 64 64 64
-0.524506 0.341326 -0.409157 0.000000 -0.000000 -1.000000 64 64 64
-0.552631 0.344402 -0.409157 0.000000 -0.000000 -1.000000 64 64 64
-0.544301 0.354552 -0.409157 0.000000 -0.000000 -1.000000 64 64 64
-0.675483 0.341326 -0.409157 -0.000000 0.000000 -1.000000 64 64 64
-0.647358 0.344402 -0.409157 -0.000000 0.000000 -1.000000 64 64 64
-0.664192 0.327568 -0.409157 -0.000000 0.000000 -1.000000 64 64 64
-0.650434 0.467254 -0.409157 0.000000 0.000000 -1.000000 64 64 64
-0.625628 0.453649 -0.409157 0.000000 0.000000 -1.000000 64 64 64
-0.637208 0.447460 -0.409157 0.000000 0.000000 -1.000000 64 64 64
-0.510950 0.409478 -0.409157 0.000000 0.000000 -1.000000 64 64 64
-0.533012 0.391766 -0.409157 0.000000 0.000000 -1.000000 64 64 64
-0.534299 0.404833 -0.409157 0.000000 0.000000 -1.000000 64 64 64
-0.617707 0.302721 -0.409157 -0.000000 0.000000 -1.000000 64 64 64
-0.599995 0.324783 -0.409157 -0.000000 0.000000 -1.000000 64 64 64
-0.599995 0.300976 -0.409157 -0.000000 0.000000 -1.000000 64 64 64
-0.683873 0.426509 -0.409157 0.000000 0.000000 -1.000000 64 64 64
-0.665690 0.404833 -0.409157 0.000000 0.000000 -1.000000 64 64 64
-0.689040 0.409478 -0.409157 0.000000 0.000000 -1.000000 64 64 64
-0.535797 0.455964 -0.409157 0.000000 -0.000000 -1.000000 64 64 64
-0.562781 0.447459 -0.409157 0.000000 -0.000000 -1.000000 64 64 64
-0.549555 0.316277 -0.409157 -0.000000 -0.000000 -1.000000 64 64 64
-0.535797 0.327568 -0.409157 -0.000000 -0.000000 -1.000000 64 64 64
-0.683873 0.357022 -0.409157 0.000000 0.000000 -1.000000 64 64 64
-0.655688 0.354552 -0.409157 0.000000 0.000000 -1.000000 64 64 64
-0.617707 0.480811 -0.409157 0.000000 0.000000 -1.000000 64 64 64
-0.634738 0.475644 -0.409157 0.000000 0.000000 -1.000000 64 64 64
-0.510950 0.374054 -0.409157 -0.000000 -0.000000 -1.000000 64 64 64
-0.509205 0.391766 -0.409157 -0.000000 -0.000000 -1.000000 64 64 64
-0.634738 0.307887 -0.409157 -0.000000 0.000000 -1.000000 64 64 64
-0.613062 0.326070 -0.409157 -0.000000 0.000000 -1.000000 64 64 64
-0.675483 0.442206 -0.409157 0.000000 0.000000 -1.000000 64 64 64
-0.661878 0.417399 -0.409157 0.000000 0.000000 -1.000000 64 64 64
-0.524506 0.442206 -0.409157 0.000000 -0.000000 -1.000000 64 64 64
-0.552631 0.439129 -0.409157 0.000000 -0.000000 -1.000000 64 64 64
-0.574362 0.329882 -0.409157 0.000000 -0.000000 -1.000000 64 64 64
-0.562781 0.336072 -0.409157 0.000000 -0.000000 -1.000000 64 64 64
-0.665690 0.378698 -0.409157 -0.000000 0.000000 -1.000000 64 64 64
-0.661878 0.366133 -0.409157 -0.000000 0.000000 -1.000000 64 64 64
-0.599995 0.482555 -0.409157 0.000002 0.000000 -1.000000 64 64 64
-0.586927 0.457461 -0.409157 0.000002 0.000000 -1.000000 64 64 64
-0.599995 0.458748 -0.409157 0.000002 0.000000 -1.000000 64 64 64
-0.599995 0.458748 -0.409157 0.000000 0.000000 -1.000000 64 64 64
-0.613062 0.457461 -0.409157 0.000000 0.000000 -1.000000 64 64 64
-0.516116 0.357022 -0.409157 -0.000000 -0.000000 -1.000000 64 64 64
-0.534299 0.378698 -0.409157 -0.000000 -0.000000 -1.000000 64 64 64
-0.637208 0.336072 -0.409157 -0.000000 -0.000000 -1.000000 64 64 64
-0.625628 0.329882 -0.409157 -0.000000 -0.000000 -1.000000 64 64 64
-0.647358 0.439129 -0.409157 0.000000 0.000000 -1.000000 64 64 64
-0.655688 0.428979 -0.409157 0.000000 0.000000 -1.000000 64 64 64
-0.516116 0.426509 -0.409157 0.000000 -0.000000 -1.000000 64 64 64
-0.544301 0.428979 -0.409157 0.000000 -0.000000 -1.000000 64 64 64
-0.565251 0.307887 -0.409157 0.000000 -0.000000 -1.000000 64 64 64
-0.586927 0.326070 -0.409157 0.000000 -0.000000 -1.000000 64 64 64
-0.690784 0.391766 -0.409157 0.000000 0.000000 -1.000000 64 64 64
-0.689040 0.374054 -0.409157 0.000000 0.000000 -1.000000 64 64 64
-0.582282 0.480811 -0.409157 0.000000 0.000000 -1.000000 64 64 64
-0.586927 0.457461 -0.409157 0.000000 0.000000 -1.000000 64 64 64
-0.538111 0.366133 -0.409157 -0.000000 -0.000000 -1.000000 64 64 64
-0.650435 0.316277 -0.409157 -0.000000 0.000000 -1.000000 64 64 64
-0.664192 0.455964 -0.409157 0.000000 0.000000 -1.000000 64 64 64
-0.538111 0.417399 -0.409157 0.000000 0.000000 -1.000000 64 64 64
-0.582282 0.302721 -0.409157 0.000002 0.000000 -1.000000 64 64 64
-0.599995 0.324783 -0.409157 0.000002 0.000000 -1.000000 64 64 64
-0.586927 0.326070 -0.409157 0.000002 0.000000 -1.000000 64 64 64
-0.666977 0.391766 -0.409157 -0.000000 0.000000 -1.000000 64 64 64
-0.655688 0.428979 -0.381354 0.000000 -0.000000 -1.000000 64 64 64
-0.613062 0.457461 -0.381354 0.000000 -0.000000 -1.000000 64 64 64
-0.586927 0.326070 -0.381354 0.000000 -0.000000 -1.000000 64 64 64
-0.613062 0.457461 -0.409157 0.098017 -0.995185 0.000000 64 64 64
-0.599995 0.458748 -0.381354 0.098017 -0.995185 0.000000 64 64 64
-0.613062 0.457461 -0.381354 0.098017 -0.995185 0.000000 64 64 64
-0.637208 0.336072 -0.409157 0.471397 0.881921 0.000001 64 64 64
-0.625628 0.329882 -0.381354 0.471397 0.881921 0.000001 64 64 64
-0.625628 0.329882 -0.409157 0.471397 0.881921 0.000001 64 64 64
-0.538111 0.417399 -0.409157 -0.881922 -0.471396 -0.000002 64 64 64
-0.544301 0.428979 -0.381354 -0.881922 -0.471396 -0.000002 64 64 64
-0.544301 0.428979 -0.409157 -0.881922 -0.471396 -0.000002 64 64 64
-0.647358 0.344402 -0.409157 0.634394 0.773010 0.000001 64 64 64
-0.637208 0.336072 -0.381354 0.634394 0.773010 0.000001 64 64 64
-0.637208 0.336072 -0.409157 0.634394 0.773010 0.000001 64 64 64
-0.534299 0.404833 -0.409157 -0.956940 -0.290287 -0.000002 64 64 64
-0.538111 0.417399 -0.381354 -0.956940 -0.290287 -0.000002 64 64 64
-0.538111 0.417399 -0.409157 -0.956940 -0.290287 -0.000002 64 64 64
-0.655688 0.354552 -0.409157 0.773010 0.634394 0.000002 64 64 64
-0.647358 0.344402 -0.381354 0.773010 0.634394 0.000002 64 64 64
-0.647358 0.344402 -0.409157 0.773010 0.634394 0.000002 64 64 64
-0.533012 0.391766 -0.409157 -0.995185 -0.098017 -0.000002 64 64 64
-0.534299 0.404833 -0.381354 -0.995185 -0.098017 -0.000002 64 64 64
-0.534299 0.404833 -0.409157 -0.995185 -0.098017 -0.000002 64 64 64
-0.661878 0.366133 -0.409157 0.881922 0.471395 0.000002 64 64 64
-0.655689 0.354552 -0.381354 0.881922 0.471395 0.000002 64 64 64
-0.655688 0.354552 -0.409157 0.881922 0.471395 0.000002 64 64 64
-0.534299 0.378698 -0.409157 -0.995185 0.098017 -0.000002 64 64 64
-0.533012 0.391766 -0.381354 -0.995185 0.098017 -0.000002 64 64 64
-0.533012 0.391766 -0.409157 -0.995185 0.098017 -0.000002 64 64 64
-0.665690 0.378698 -0.409157 0.956941 0.290283 0.000002 64 64 64
-0.661878 0.366133 -0.381354 0.956941 0.290283 0.000002 64 64 64
-0.661878 0.366133 -0.409157 0.956941 0.290283 0.000002 64 64 64
-0.538111 0.366133 -0.409157 -0.956940 0.290287 -0.000002 64 64 64
-0.534299 0.378698 -0.381354 -0.956940 0.290287 -0.000002 64 64 64
-0.534299 0.378698 -0.409157 -0.956940 0.290287 -0.000002 64 64 64
-0.666977 0.391766 -0.409157 0.995185 0.098017 0.000002 64 64 64
-0.665690 0.378698 -0.381354 0.995185 0.098017 0.000002 64 64 64
-0.665690 0.378698 -0.409157 0.995185 0.098017 0.000002 64 64 64
-0.538111 0.366133 -0.409157 -0.881921 0.471397 -0.000002 64 64 64
-0.544301 0.354552 -0.381354 -0.881921 0.471397 -0.000002 64 64 64
-0.538111 0.366133 -0.381354 -0.881921 0.471397 -0.000002 64 64 64
-0.665690 0.404833 -0.409157 0.995185 -0.098017 0.000002 64 64 64
-0.666977 0.391766 -0.381354 0.995185 -0.098017 0.000002 64 64 64
-0.666977 0.391766 -0.409157 0.995185 -0.098017 0.000002 64 64 64
-0.544301 0.354552 -0.409157 -0.773012 0.634391 -0.000003 64 64 64
-0.552631 0.344402 -0.381354 -0.773012 0.634391 -0.000003 64 64 64
-0.544301 0.354552 -0.381354 -0.773012 0.634391 -0.000003 64 64 64
-0.661878 0.417399 -0.409157 0.956940 -0.290287 0.000002 64 64 64
-0.665690 0.404833 -0.381354 0.956940 -0.290287 0.000002 64 64 64
-0.665690 0.404833 -0.409157 0.956940 -0.290287 0.000002 64 64 64
-0.562781 0.336072 -0.409157 -0.634394 0.773010 -0.000001 64 64 64
-0.552631 0.344402 -0.381354 -0.634394 0.773010 -0.000001 64 64 64
-0.552631 0.344402 -0.409157 -0.634394 0.773010 -0.000001 64 64 64
-0.655688 0.428979 -0.409157 0.881919 -0.471400 0.000002 64 64 64
-0.661878 0.417399 -0.381354 0.881919 -0.471400 0.000002 64 64 64
-0.661878 0.417399 -0.409157 0.881919 -0.471400 0.000002 64 64 64
-0.574362 0.329882 -0.409157 -0.471395 0.881922 -0.000001 64 64 64
-0.562781 0.336072 -0.381354 -0.471395 0.881922 -0.000001 64 64 64
-0.562781 0.336072 -0.409157 -0.471395 0.881922 -0.000001 64 64 64
-0.586927 0.457461 -0.409157 -0.098017 -0.995185 -0.000000 64 64 64
-0.599995 0.458748 -0.381354 -0.098017 -0.995185 -0.000000 64 64 64
-0.599995 0.458748 -0.409157 -0.098017 -0.995185 -0.000000 64 64 64
-0.647358 0.439129 -0.409157 0.773011 -0.634393 0.000002 64 64 64
-0.655688 0.428979 -0.381354 0.773011 -0.634393 0.000002 64 64 64
-0.655688 0.428979 -0.409157 0.773011 -0.634393 0.000002 64 64 64
-0.586927 0.326070 -0.409157 -0.290287 0.956940 -0.000001 64 64 64
-0.574362 0.329882 -0.381354 -0.290287 0.956940 -0.000001 64 64 64
-0.574362 0.329882 -0.409157 -0.290287 0.956940 -0.000001 64 64 64
-0.574362 0.453649 -0.409157 -0.290285 -0.956940 -0.000001 64 64 64
-0.586927 0.457461 -0.381354 -0.290285 -0.956940 -0.000001 64 64 64
-0.586927 0.457461 -0.409157 -0.290285 -0.956940 -0.000001 64 64 64
-0.637208 0.447460 -0.409157 0.634391 -0.773012 0.000001 64 64 64
-0.647358 0.439129 -0.381354 0.634391 -0.773012 0.000001 64 64 64
-0.647358 0.439129 -0.409157 0.634391 -0.773012 0.000001 64 64 64
-0.599995 0.324783 -0.409157 -0.098017 0.995185 -0.000000 64 64 64
-0.586927 0.326070 -0.381354 -0.098017 0.995185 -0.000000 64 64 64
-0.586927 0.326070 -0.409157 -0.098017 0.995185 -0.000000 64 64 64
-0.562781 0.447459 -0.409157 -0.471397 -0.881921 -0.000001 64 64 64
-0.574362 0.453649 -0.381354 -0.471397 -0.881921 -0.000001 64 64 64
-0.574362 0.453649 -0.409157 -0.471397 -0.881921 -0.000001 64 64 64
-0.625628 0.453649 -0.409157 0.471397 -0.881921 0.000001 64 64 64
-0.637208 0.447460 -0.381354 0.471397 -0.881921 0.000001 64 64 64
-0.637208 0.447460 -0.409157 0.471397 -0.881921 0.000001 64 64 64
-0.613062 0.326070 -0.409157 0.098016 0.995185 0.000000 64 64 64
-0.599995 0.324783 -0.381354 0.098016 0.995185 0.000000 64 64 64
-0.599995 0.324783 -0.409157 0.098016 0.995185 0.000000 64 64 64
-0.552631 0.439129 -0.409157 -0.634394 -0.773010 -0.000001 64 64 64
-0.562781 0.447459 -0.381354 -0.634394 -0.773010 -0.000001 64 64 64
-0.562781 0.447459 -0.409157 -0.634394 -0.773010 -0.000001 64 64 64
-0.625628 0.453649 -0.409157 0.290283 -0.956941 0.000001 64 64 64
-0.613062 0.457461 -0.381354 0.290283 -0.956941 0.000001 64 64 64
-0.625628 0.453649 -0.381354 0.290283 -0.956941 0.000001 64 64 64
-0.625628 0.329882 -0.409157 0.290287 0.956940 0.000001 64 64 64
-0.613062 0.326070 -0.381354 0.290287 0.956940 0.000001 64 64 64
-0.613062 0.326070 -0.409157 0.290287 0.956940 0.000001 64 64 64
-0.716630 1.524967 -0.370342 -1.000000 0.000000 -0.000001 64 64 64
-0.716630 1.324628 -0.427436 -1.000000 0.000000 -0.000001 64 64 64
-0.716630 1.324628 -0.370342 -1.000000 0.000000 -0.000001 64 64 64
-0.716630 1.524967 -0.427436 0.000000 0.000000 -1.000000 64 64 64
0.716630 1.324628 -0.427436 0.000000 0.000000 -1.000000 64 64 64
-0.716630 1.324628 -0.427436 0.000000 0.000000 -1.000000 64 64 64
0.716630 1.524967 -0.427436 1.000000 0.000000 0.000001 64 64 64
0.716630 1.324628 -0.370341 1.000000 0.000000 0.000001 64 64 64
0.716630 1.324628 -0.427436 1.000000 0.000000 0.000001 64 64 64
0.716630 1.324628 -0.427436 0.000000 -1.000000 0.000000 64 64 64
-0.716630 1.324628 -0.370342 0.000000 -1.000000 0.000000 64 64 64
-0.716630 1.324628 -0.427436 0.000000 -1.000000 0.000000 64 64 64
-0.716630 1.524967 -0.427436 0.000000 1.000000 0.000000 64 64 64
0.716630 1.524967 -0.370341 0.000000 1.000000 0.000000 64 64 64
0.716630 1.524967 -0.427436 0.000000 1.000000 0.000000 64 64 64
0.192779 1.124628 -0.370342 -1.000000 0.000000 0.000000 64 64 64
0.192779 0.924289 -0.427436 -1.000000 0.000000 0.000000 64 64 64
0.192779 0.924289 -0.370342 -1.000000 0.000000 0.000000 64 64 64
0.192779 1.124628 -0.427436 0.000000 0.000000 -1.000000 64 64 64
0.716630 0.924289 -0.427436 0.000000 0.000000 -1.000000 64 64 64
0.192779 0.924289 -0.427436 0.000000 0.000000 -1.000000 64 64 64
0.716630 1.124628 -0.427436 1.000000 0.000000 0.000001 64 64 64
0.716629 0.924289 -0.370341 1.000000 0.000000 0.000001 64 64 64
0.716630 0.924289 -0.427436 1.000000 0.000000 0.000001 64 64 64
0.716630 0.924289 -0.427436 0.000000 -1.000000 0.000000 64 64 64
0.192779 0.924289 -0.370342 0.000000 -1.000000 0.000000 64 64 64
0.192779 0.924289 -0.427436 0.000000 -1.000000 0.000000 64 64 64
0.192779 1.124628 -0.427436 0.000000 1.000000 0.000000 64 64 64
0.716629 1.124628 -0.370341 0.000000 1.000000 0.000000 64 64 64
0.716630 1.124628 -0.427436 0.000000 1.000000 0.000000 64 64 64
-0.716630 1.124628 -0.370342 -1.000000 0.000000 -0.000001 64 64 64
-0.716629 0.924289 -0.427436 -1.000000 0.000000 -0.000001 64 64 64
-0.716630 0.924289 -0.370342 -1.000000 0.000000 -0.000001 64 64 64
-0.716629 1.124628 -0.427436 0.000000 0.000000 -1.000000 64 64 64
0.092780 0.924289 -0.427436 0.000000 0.000000 -1.000000 64 64 64
-0.716629 0.924289 -0.427436 0.000000 0.000000 -1.000000 64 64 64
0.092780 1.124628 -0.427436 1.000000 0.000000 -0.000000 64 64 64
0.092780 0.924289 -0.370342 1.000000 0.000000 -0.000000 64 64 64
0.092780 0.924289 -0.427436 1.000000 0.000000 -0.000000 64 64 64
-0.716629 0.924289 -0.427436 0.000000 -1.000000 0.000000 64 64 64
0.092780 0.924289 -0.370342 0.000000 -1.000000 0.000000 64 64 64
-0.716630 0.924289 -0.370342 0.000000 -1.000000 0.000000 64 64 64
-0.716629 1.124628 -0.427436 0.000000 1.000000 -0.000000 64 64 64
0.092780 1.124628 -0.370342 0.000000 1.000000 -0.000000 64 64 64
0.092780 1.124628 -0.427436 0.000000 1.000000 -0.000000 64 64 64
0.350002 0.482555 0.500000 -0.098020 0.995184 0.000000 64 64 64
0.332290 0.480811 0.538815 -0.098020 0.995184 0.000000 64 64 64
0.350002 0.482555 0.538815 -0.098020 0.995184 0.000000 64 64 64
0.332290 0.480811 0.500000 -0.290283 0.956941 0.000000 64 64 64
0.315259 0.475644 0.538815 -0.290283 0.956941 0.000000 64 64 64
0.332290 0.480811 0.538815 -0.290283 0.956941 0.000000 64 64 64
0.315259 0.475644 0.500000 -0.471397 0.881921 0.000000 64 64 64
0.299562 0.467254 0.538815 -0.471397 0.881921 0.000000 64 64 64
0.315259 0.475644 0.538815 -0.471397 0.881921 0.000000 64 64 64
0.299562 0.467254 0.500000 -0.634394 0.773010 0.000000 64 64 64
0.285804 0.455964 0.538815 -0.634394 0.773010 0.000000 64 64 64
0.299562 0.467254 0.538815 -0.634394 0.773010 0.000000 64 64 64
0.285804 0.455964 0.500000 -0.773010 0.634394 0.000000 64 64 64
0.274513 0.442206 0.538815 -0.773010 0.634394 0.000000 64 64 64
0.285804 0.455964 0.538815 -0.773010 0.634394 0.000000 64 64 64
0.274513 0.442206 0.500000 -0.881922 0.471396 0.000000 64 64 64
0.266124 0.426509 0.538815 -0.881922 0.471396 0.000000 64 64 64
0.274513 0.442206 0.538815 -0.881922 0.471396 0.000000 64 64 64
0.266124 0.426509 0.538815 -0.956940 0.290286 0.000000 64 64 64
0.260957 0.409478 0.500000 -0.956940 0.290286 0.000000 64 64 64
0.260957 0.409478 0.538815 -0.956940 0.290286 0.000000 64 64 64
0.260957 0.409478 0.500000 -0.995185 0.098016 0.000000 64 64 64
0.259213 0.391766 0.538815 -0.995185 0.098016 0.000000 64 64 64
0.260957 0.409478 0.538815 -0.995185 0.098016 0.000000 64 64 64
0.259213 0.391766 0.500000 -0.995185 -0.098016 0.000001 64 64 64
0.260957 0.374054 0.538815 -0.995185 -0.098016 0.000001 64 64 64
0.259213 0.391766 0.538815 -0.995185 -0.098016 0.000001 64 64 64
0.260957 0.374054 0.500000 -0.956940 -0.290284 0.000000 64 64 64
0.266124 0.357022 0.538815 -0.956940 -0.290284 0.000000 64 64 64
0.260957 0.374054 0.538815 -0.956940 -0.290284 0.000000 64 64 64
0.266124 0.357022 0.500000 -0.881922 -0.471396 0.000000 64 64 64
0.274513 0.341326 0.538815 -0.881922 -0.471396 0.000000 64 64 64
0.266124 0.357022 0.538815 -0.881922 -0.471396 0.000000 64 64 64
0.274513 0.341326 0.500000 -0.773010 -0.634394 0.000000 64 64 64
0.285804 0.327568 0.538815 -0.773010 -0.634394 0.000000 64 64 64
0.274513 0.341326 0.538815 -0.773010 -0.634394 0.000000 64 64 64
0.285804 0.327568 0.500000 -0.634391 -0.773012 0.000000 64 64 64
0.299562 0.316277 0.538815 -0.634391 -0.773012 0.000000 64 64 64
0.285804 0.327568 0.538815 -0.634391 -0.773012 0.000000 64 64 64
0.299562 0.316277 0.538815 -0.471399 -0.881920 -0.000000 64 64 64
0.315259 0.307887 0.500000 -0.471399 -0.881920 -0.000000 64 64 64
0.315259 0.307887 0.538815 -0.471399 -0.881920 -0.000000 64 64 64
0.315259 0.307887 0.500000 -0.290282 -0.956941 0.000000 64 64 64
0.332290 0.302721 0.538815 -0.290282 -0.956941 0.000000 64 64 64
0.315259 0.307887 0.538815 -0.290282 -0.956941 0.000000 64 64 64
0.332290 0.302721 0.500000 -0.098016 -0.995185 0.000000 64 64 64
0.350002 0.300976 0.538815 -0.098016 -0.995185 0.000000 64 64 64
0.332290 0.302721 0.538815 -0.098016 -0.995185 0.000000 64 64 64
0.350002 0.300976 0.500000 0.098018 -0.995185 0.000000 64 64 64
0.367714 0.302721 0.538815 0.098018 -0.995185 0.000000 64 64 64
0.350002 0.300976 0.538815 0.098018 -0.995185 0.000000 64 64 64
0.367714 0.302721 0.500000 0.290286 -0.956940 -0.000000 64 64 64
0.384746 0.307887 0.538815 0.290286 -0.956940 -0.000000 64 64 64
0.367714 0.302721 0.538815 0.290286 -0.956940 -0.000000 64 64 64
0.384746 0.307887 0.500000 0.471396 -0.881922 -0.000000 64 64 64
0.400442 0.316277 0.538815 0.471396 -0.881922 -0.000000 64 64 64
0.384746 0.307887 0.538815 0.471396 -0.881922 -0.000000 64 64 64
0.400442 0.316277 0.500000 0.634393 -0.773011 0.000000 64 64 64
0.414200 0.327568 0.538815 0.634393 -0.773011 0.000000 64 64 64
0.400442 0.316277 0.538815 0.634393 -0.773011 0.000000 64 64 64
0.414200 0.327568 0.500000 0.773012 -0.634391 -0.000001 64 64 64
0.425491 0.341326 0.538815 0.773012 -0.634391 -0.000001 64 64 64
0.414200 0.327568 0.538815 0.773012 -0.634391 -0.000001 64 64 64
0.425491 0.341326 0.500000 0.881922 -0.471396 0.000000 64 64 64
0.433881 0.357022 0.538815 0.881922 -0.471396 0.000000 64 64 64
0.425491 0.341326 0.538815 0.881922 -0.471396 0.000000 64 64 64
0.433881 0.357022 0.500000 0.956941 -0.290283 -0.000001 64 64 64
0.439047 0.374054 0.538815 0.956941 -0.290283 -0.000001 64 64 64
0.433881 0.357022 0.538815 0.956941 -0.290283 -0.000001 64 64 64
0.439047 0.374054 0.500000 0.995185 -0.098016 0.000000 64 64 64
0.440792 0.391766 0.538815 0.995185 -0.098016 0.000000 64 64 64
0.439047 0.374054 0.538815 0.995185 -0.098016 0.000000 64 64 64
0.440792 0.391766 0.500000 0.995185 0.098018 0.000000 64 64 64
0.439047 0.409478 0.538815 0.995185 0.098018 0.000000 64 64 64
0.440792 0.391766 0.538815 0.995185 0.098018 0.000000 64 64 64
0.439047 0.409478 0.500000 0.956940 0.290286 0.000000 64 64 64
0.433881 0.426509 0.538815 0.956940 0.290286 0.000000 64 64 64
0.439047 0.409478 0.538815 0.956940 0.290286 0.000000 64 64 64
0.433881 0.426509 0.538815 0.881921 0.471397 0.000000 64 64 64
0.425491 0.442206 0.500000 0.881921 0.471397 0.000000 64 64 64
0.425491 0.442206 0.538815 0.881921 0.471397 0.000000 64 64 64
0.425491 0.442206 0.500000 0.773010 0.634394 0.000000 64 64 64
0.414200 0.455964 0.538815 0.773010 0.634394 0.000000 64 64 64
0.425491 0.442206 0.538815 0.773010 0.634394 0.000000 64 64 64
0.414200 0.455964 0.500000 0.634392 0.773011 -0.000000 64 64 64
0.400442 0.467255 0.538815 0.634392 0.773011 -0.000000 64 64 64
0.414200 0.455964 0.538815 0.634392 0.773011 -0.000000 64 64 64
0.400442 0.467255 0.500000 0.471395 0.881922 -0.000000 64 64 64
0.384746 0.475644 0.538815 0.471395 0.881922 -0.000000 64 64 64
0.400442 0.467255 0.538815 0.471395 0.881922 -0.000000 64 64 64
0.384746 0.475644 0.500000 0.290284 0.956940 0.000000 64 64 64
0.367714 0.480811 0.538815 0.290284 0.956940 0.000000 64 64 64
0.384746 0.475644 0.538815 0.290284 0.956940 0.000000 64 64 64
0.367714 0.480811 0.538815 0.098015 0.995185 0.000000 64 64 64
0.350002 0.482555 0.500000 0.098015 0.995185 0.000000 64 64 64
0.350002 0.482555 0.538815 0.098015 0.995185 0.000000 64 64 64
0.299562 0.467254 0.538815 0.000000 0.000000 1.000000 64 64 64
0.324369 0.453649 0.538815 0.000000 0.000000 1.000000 64 64 64
0.315259 0.475644 0.538815 0.000000 0.000000 1.000000 64 64 64
0.294308 0.428979 0.538815 0.773011 -0.634393 0.000000 64 64 64
0.302639 0.439129 0.511012 0.773011 -0.634393 0.000000 64 64 64
0.302639 0.439129 0.538815 0.773011 -0.634393 0.000000 64 64 64
0.285804 0.327568 0.538815 -0.000000 0.000000 1.000000 64 64 64
0.294308 0.354552 0.538815 -0.000000 0.000000 1.000000 64 64 64
0.274513 0.341326 0.538815 -0.000000 0.000000 1.000000 64 64 64
0.425491 0.341326 0.538815 -0.000000 -0.000000 1.000000 64 64 64
0.397366 0.344402 0.538815 -0.000000 -0.000000 1.000000 64 64 64
0.414200 0.327568 0.538815 -0.000000 -0.000000 1.000000 64 64 64
0.384746 0.475644 0.538815 -0.000004 -0.000000 1.000000 64 64 64
0.387216 0.447460 0.538815 -0.000004 -0.000000 1.000000 64 64 64
0.400442 0.467255 0.538815 -0.000004 -0.000000 1.000000 64 64 64
0.260957 0.409478 0.538815 0.000000 0.000000 1.000000 64 64 64
0.283020 0.391766 0.538815 0.000000 0.000000 1.000000 64 64 64
0.284307 0.404833 0.538815 0.000000 0.000000 1.000000 64 64 64
0.350002 0.300976 0.538815 -0.000000 0.000000 1.000000 64 64 64
0.363070 0.326070 0.538815 -0.000000 0.000000 1.000000 64 64 64
0.350002 0.324783 0.538815 -0.000000 0.000000 1.000000 64 64 64
0.433881 0.426509 0.538815 0.000002 0.000001 1.000000 64 64 64
0.415698 0.404833 0.538815 0.000002 0.000001 1.000000 64 64 64
0.439047 0.409478 0.538815 0.000002 0.000001 1.000000 64 64 64
0.285804 0.455964 0.538815 0.000000 0.000000 1.000000 64 64 64
0.312789 0.447460 0.538815 0.000000 0.000000 1.000000 64 64 64
0.299562 0.316277 0.538815 -0.000000 0.000000 1.000000 64 64 64
0.302639 0.344402 0.538815 -0.000000 0.000000 1.000000 64 64 64
0.411886 0.366133 0.538815 -0.000000 0.000000 1.000000 64 64 64
0.405696 0.354552 0.538815 -0.000000 0.000000 1.000000 64 64 64
0.384746 0.475644 0.538815 0.000000 -0.000000 1.000000 64 64 64
0.363070 0.457461 0.538815 0.000000 -0.000000 1.000000 64 64 64
0.375635 0.453649 0.538815 0.000000 -0.000000 1.000000 64 64 64
0.260957 0.374054 0.538815 -0.000000 0.000000 1.000000 64 64 64
0.259213 0.391766 0.538815 -0.000000 0.000000 1.000000 64 64 64
0.384746 0.307887 0.538815 -0.000000 -0.000000 1.000000 64 64 64
0.367714 0.302721 0.538815 -0.000000 -0.000000 1.000000 64 64 64
0.425491 0.442206 0.538815 0.000004 -0.000002 1.000000 64 64 64
0.411886 0.417399 0.538815 0.000004 -0.000002 1.000000 64 64 64
0.433881 0.426509 0.538815 0.000004 -0.000002 1.000000 64 64 64
0.274513 0.442206 0.538815 0.000000 0.000000 1.000000 64 64 64
0.302639 0.439129 0.538815 0.000000 0.000000 1.000000 64 64 64
0.324369 0.329882 0.538815 0.000000 0.000000 1.000000 64 64 64
0.312789 0.336072 0.538815 0.000000 0.000000 1.000000 64 64 64
0.439047 0.374054 0.538815 0.000001 0.000003 1.000000 64 64 64
0.411886 0.366133 0.538815 0.000001 0.000003 1.000000 64 64 64
0.433881 0.357022 0.538815 0.000001 0.000003 1.000000 64 64 64
0.332290 0.480811 0.538815 0.000000 0.000000 1.000000 64 64 64
0.350002 0.458748 0.538815 0.000000 0.000000 1.000000 64 64 64
0.350002 0.482555 0.538815 0.000000 0.000000 1.000000 64 64 64
0.367714 0.480811 0.538815 0.000000 0.000000 1.000000 64 64 64
0.266124 0.357022 0.538815 -0.000000 0.000000 1.000000 64 64 64
0.284307 0.378698 0.538815 -0.000000 0.000000 1.000000 64 64 64
0.387216 0.336072 0.538815 -0.000000 0.000000 1.000000 64 64 64
0.375635 0.329882 0.538815 -0.000000 0.000000 1.000000 64 64 64
0.425491 0.442206 0.538815 0.000000 -0.000000 1.000000 64 64 64
0.397366 0.439130 0.538815 0.000000 -0.000000 1.000000 64 64 64
0.405696 0.428979 0.538815 0.000000 -0.000000 1.000000 64 64 64
0.266124 0.426509 0.538815 0.000000 0.000000 1.000000 64 64 64
0.294308 0.428979 0.538815 0.000000 0.000000 1.000000 64 64 64
0.315259 0.307887 0.538815 0.000000 0.000000 1.000000 64 64 64
0.336935 0.326070 0.538815 0.000000 0.000000 1.000000 64 64 64
0.440792 0.391766 0.538815 0.000003 -0.000000 1.000000 64 64 64
0.415698 0.378698 0.538815 0.000003 -0.000000 1.000000 64 64 64
0.439047 0.374054 0.538815 0.000003 -0.000000 1.000000 64 64 64
0.336935 0.457461 0.538815 0.000000 -0.000000 1.000000 64 64 64
0.288119 0.366133 0.538815 -0.000000 0.000000 1.000000 64 64 64
0.414200 0.327568 0.538815 -0.000002 0.000002 1.000000 64 64 64
0.387216 0.336072 0.538815 -0.000002 0.000002 1.000000 64 64 64
0.400442 0.316277 0.538815 -0.000002 0.000002 1.000000 64 64 64
0.400442 0.467255 0.538815 0.000000 -0.000000 1.000000 64 64 64
0.414200 0.455964 0.538815 0.000000 -0.000000 1.000000 64 64 64
0.288119 0.417399 0.538815 0.000000 0.000000 1.000000 64 64 64
0.332290 0.302721 0.538815 0.000000 0.000000 1.000000 64 64 64
0.439047 0.409478 0.538815 0.000003 0.000000 1.000000 64 64 64
0.416985 0.391766 0.538815 0.000003 0.000000 1.000000 64 64 64
0.336935 0.326070 0.511012 -0.000001 0.000000 1.000000 64 64 64
0.415698 0.378698 0.511013 -0.000001 0.000000 1.000000 64 64 64
0.363070 0.457461 0.511012 -0.000001 0.000000 1.000000 64 64 64
0.350002 0.458748 0.538815 -0.098018 -0.995185 -0.000000 64 64 64
0.363070 0.457461 0.511012 -0.098018 -0.995185 -0.000000 64 64 64
0.363070 0.457461 0.538815 -0.098018 -0.995185 -0.000000 64 64 64
0.387216 0.336072 0.538815 -0.471396 0.881922 0.000000 64 64 64
0.375635 0.329882 0.511012 -0.471396 0.881922 0.000000 64 64 64
0.375635 0.329882 0.538815 -0.471396 0.881922 0.000000 64 64 64
0.288119 0.417399 0.538815 0.881921 -0.471397 -0.000001 64 64 64
0.294308 0.428979 0.511012 0.881921 -0.471397 -0.000001 64 64 64
0.294308 0.428979 0.538815 0.881921 -0.471397 -0.000001 64 64 64
0.397366 0.344402 0.538815 -0.634396 0.773008 0.000000 64 64 64
0.387216 0.336072 0.511012 -0.634396 0.773008 0.000000 64 64 64
0.387216 0.336072 0.538815 -0.634396 0.773008 0.000000 64 64 64
0.284307 0.404833 0.538815 0.956941 -0.290283 0.000000 64 64 64
0.288119 0.417399 0.511012 0.956941 -0.290283 0.000000 64 64 64
0.288119 0.417399 0.538815 0.956941 -0.290283 0.000000 64 64 64
0.405696 0.354552 0.538815 -0.773010 0.634394 0.000000 64 64 64
0.397366 0.344402 0.511013 -0.773010 0.634394 0.000000 64 64 64
0.397366 0.344402 0.538815 -0.773010 0.634394 0.000000 64 64 64
0.283020 0.391766 0.538815 0.995184 -0.098019 -0.000001 64 64 64
0.284307 0.404833 0.511012 0.995184 -0.098019 -0.000001 64 64 64
0.284307 0.404833 0.538815 0.995184 -0.098019 -0.000001 64 64 64
0.405696 0.354552 0.538815 -0.881922 0.471395 0.000000 64 64 64
0.411886 0.366133 0.511013 -0.881922 0.471395 0.000000 64 64 64
0.405696 0.354552 0.511013 -0.881922 0.471395 0.000000 64 64 64
0.284307 0.378698 0.538815 0.995185 0.098017 0.000000 64 64 64
0.283020 0.391766 0.511012 0.995185 0.098017 0.000000 64 64 64
0.283020 0.391766 0.538815 0.995185 0.098017 0.000000 64 64 64
0.415698 0.378698 0.538815 -0.956941 0.290283 0.000001 64 64 64
0.411886 0.366133 0.511013 -0.956941 0.290283 0.000001 64 64 64
0.411886 0.366133 0.538815 -0.956941 0.290283 0.000001 64 64 64
0.288119 0.366133 0.538815 0.956940 0.290285 0.000000 64 64 64
0.284307 0.378698 0.511012 0.956940 0.290285 0.000000 64 64 64
0.284307 0.378698 0.538815 0.956940 0.290285 0.000000 64 64 64
0.416985 0.391766 0.538815 -0.995185 0.098017 0.000000 64 64 64
0.415698 0.378698 0.511013 -0.995185 0.098017 0.000000 64 64 64
0.415698 0.378698 0.538815 -0.995185 0.098017 0.000000 64 64 64
0.288119 0.366133 0.538815 0.881921 0.471397 0.000000 64 64 64
0.294308 0.354552 0.511012 0.881921 0.471397 0.000000 64 64 64
0.288119 0.366133 0.511012 0.881921 0.471397 0.000000 64 64 64
0.415698 0.404833 0.538815 -0.995185 -0.098019 0.000001 64 64 64
0.416985 0.391766 0.511013 -0.995185 -0.098019 0.000001 64 64 64
0.416985 0.391766 0.538815 -0.995185 -0.098019 0.000001 64 64 64
0.294308 0.354552 0.538815 0.773011 0.634393 0.000001 64 64 64
0.302639 0.344402 0.511012 0.773011 0.634393 0.000001 64 64 64
0.294308 0.354552 0.511012 0.773011 0.634393 0.000001 64 64 64
0.411886 0.417399 0.538815 -0.956940 -0.290285 -0.000000 64 64 64
0.415698 0.404833 0.511013 -0.956940 -0.290285 -0.000000 64 64 64
0.415698 0.404833 0.538815 -0.956940 -0.290285 -0.000000 64 64 64
0.312789 0.336072 0.538815 0.634391 0.773012 0.000000 64 64 64
0.302639 0.344402 0.511012 0.634391 0.773012 0.000000 64 64 64
0.302639 0.344402 0.538815 0.634391 0.773012 0.000000 64 64 64
0.405696 0.428979 0.538815 -0.881920 -0.471398 -0.000000 64 64 64
0.411886 0.417399 0.511013 -0.881920 -0.471398 -0.000000 64 64 64
0.411886 0.417399 0.538815 -0.881920 -0.471398 -0.000000 64 64 64
0.324369 0.329882 0.538815 0.471396 0.881922 0.000000 64 64 64
0.312789 0.336072 0.511012 0.471396 0.881922 0.000000 64 64 64
0.312789 0.336072 0.538815 0.471396 0.881922 0.000000 64 64 64
0.336935 0.457461 0.538815 0.098019 -0.995184 0.000000 64 64 64
0.350002 0.458748 0.511012 0.098019 -0.995184 0.000000 64 64 64
0.350002 0.458748 0.538815 0.098019 -0.995184 0.000000 64 64 64
0.397366 0.439130 0.538815 -0.773010 -0.634394 -0.000001 64 64 64
0.405696 0.428979 0.511013 -0.773010 -0.634394 -0.000001 64 64 64
0.405696 0.428979 0.538815 -0.773010 -0.634394 -0.000001 64 64 64
0.336935 0.326070 0.538815 0.290287 0.956940 0.000000 64 64 64
0.324369 0.329882 0.511012 0.290287 0.956940 0.000000 64 64 64
0.324369 0.329882 0.538815 0.290287 0.956940 0.000000 64 64 64
0.324369 0.453649 0.538815 0.290285 -0.956940 -0.000000 64 64 64
0.336935 0.457461 0.511012 0.290285 -0.956940 -0.000000 64 64 64
0.336935 0.457461 0.538815 0.290285 -0.956940 -0.000000 64 64 64
0.387216 0.447460 0.538815 -0.634393 -0.773011 -0.000000 64 64 64
0.397366 0.439130 0.511013 -0.634393 -0.773011 -0.000000 64 64 64
0.397366 0.439130 0.538815 -0.634393 -0.773011 -0.000000 64 64 64
0.350002 0.324783 0.538815 0.098014 0.995185 0.000000 64 64 64
0.336935 0.326070 0.511012 0.098014 0.995185 0.000000 64 64 64
0.336935 0.326070 0.538815 0.098014 0.995185 0.000000 64 64 64
0.324369 0.453649 0.538815 0.471398 -0.881920 -0.000000 64 64 64
0.312789 0.447460 0.511012 0.471398 -0.881920 -0.000000 64 64 64
0.324369 0.453649 0.511012 0.471398 -0.881920 -0.000000 64 64 64
0.375635 0.453649 0.538815 -0.471395 -0.881922 0.000001 64 64 64
0.387216 0.447460 0.511012 -0.471395 -0.881922 0.000001 64 64 64
0.387216 0.447460 0.538815 -0.471395 -0.881922 0.000001 64 64 64
0.363070 0.326070 0.538815 -0.098017 0.995185 0.000000 64 64 64
0.350002 0.324783 0.511012 -0.098017 0.995185 0.000000 64 64 64
0.350002 0.324783 0.538815 -0.098017 0.995185 0.000000 64 64 64
0.302639 0.439129 0.538815 0.634393 -0.773011 0.000000 64 64 64
0.312789 0.447460 0.511012 0.634393 -0.773011 0.000000 64 64 64
0.312789 0.447460 0.538815 0.634393 -0.773011 0.000000 64 64 64
0.363070 0.457461 0.538815 -0.290283 -0.956941 -0.000000 64 64 64
0.375635 0.453649 0.511012 -0.290283 -0.956941 -0.000000 64 64 64
0.375635 0.453649 0.538815 -0.290283 -0.956941 -0.000000 64 64 64
0.375635 0.329882 0.538815 -0.290287 0.956940 0.000000 64 64 64
0.363070 0.326070 0.511012 -0.290287 0.956940 0.000000 64 64 64
0.363070 0.326070 0.538815 -0.290287 0.956940 0.000000 64 64 64
-0.349995 0.482555 0.500000 -0.098018 0.995185 0.000000 64 64 64
-0.367707 0.480811 0.538815 -0.098018 0.995185 0.000000 64 64 64
-0.349995 0.482555 0.538815 -0.098018 0.995185 0.000000 64 64 64
-0.367707 0.480811 0.500000 -0.290283 0.956941 0.000000 64 64 64
-0.384738 0.475644 0.538815 -0.290283 0.956941 0.000000 64 64 64
-0.367707 0.480811 0.538815 -0.290283 0.956941 0.000000 64 64 64
-0.384738 0.475644 0.500000 -0.471397 0.881921 0.000000 64 64 64
-0.400435 0.467254 0.538815 -0.471397 0.881921 0.000000 64 64 64
-0.384738 0.475644 0.538815 -0.471397 0.881921 0.000000 64 64 64
-0.400435 0.467254 0.500000 -0.634394 0.773010 0.000000 64 64 64
-0.414193 0.455964 0.538815 -0.634394 0.773010 0.000000 64 64 64
-0.400435 0.467254 0.538815 -0.634394 0.773010 0.000000 64 64 64
-0.414193 0.455964 0.500000 -0.773010 0.634394 0.000000 64 64 64
-0.425483 0.442206 0.538815 -0.773010 0.634394 0.000000 64 64 64
-0.414193 0.455964 0.538815 -0.773010 0.634394 0.000000 64 64 64
-0.425483 0.442206 0.500000 -0.881922 0.471396 0.000000 64 64 64
-0.433873 0.426509 0.538815 -0.881922 0.471396 0.000000 64 64 64
-0.425483 0.442206 0.538815 -0.881922 0.471396 0.000000 64 64 64
-0.433873 0.426509 0.538815 -0.956940 0.290286 0.000000 64 64 64
-0.439040 0.409478 0.500000 -0.956940 0.290286 0.000000 64 64 64
-0.439040 0.409478 0.538815 -0.956940 0.290286 0.000000 64 64 64
-0.439040 0.409478 0.500000 -0.995185 0.098016 0.000000 64 64 64
-0.440784 0.391766 0.538815 -0.995185 0.098016 0.000000 64 64 64
-0.439040 0.409478 0.538815 -0.995185 0.098016 0.000000 64 64 64
-0.440784 0.391766 0.500000 -0.995185 -0.098016 0.000001 64 64 64
-0.439040 0.374054 0.538815 -0.995185 -0.098016 0.000001 64 64 64
-0.440784 0.391766 0.538815 -0.995185 -0.098016 0.000001 64 64 64
-0.439040 0.374054 0.500000 -0.956940 -0.290284 0.000000 64 64 64
-0.433873 0.357022 0.538815 -0.956940 -0.290284 0.000000 64 64 64
-0.439040 0.374054 0.538815 -0.956940 -0.290284 0.000000 64 64 64
-0.433873 0.357022 0.500000 -0.881922 -0.471396 0.000000 64 64 64
-0.425483 0.341326 0.538815 -0.881922 -0.471396 0.000000 64 64 64
-0.433873 0.357022 0.538815 -0.881922 -0.471396 0.000000 64 64 64
-0.425483 0.341326 0.500000 -0.773010 -0.634394 0.000000 64 64 64
-0.414193 0.327568 0.538815 -0.773010 -0.634394 0.000000 64 64 64
-0.425483 0.341326 0.538815 -0.773010 -0.634394 0.000000 64 64 64
-0.414193 0.327568 0.538815 -0.634391 -0.773012 0.000000 64 64 64
-0.400435 0.316277 0.500000 -0.634391 -0.773012 0.000000 64 64 64
-0.400435 0.316277 0.538815 -0.634391 -0.773012 0.000000 64 64 64
-0.400435 0.316277 0.500000 -0.471399 -0.881920 0.000000 64 64 64
-0.384738 0.307887 0.538815 -0.471399 -0.881920 0.000000 64 64 64
-0.400435 0.316277 0.538815 -0.471399 -0.881920 0.000000 64 64 64
-0.384738 0.307887 0.500000 -0.290282 -0.956941 0.000000 64 64 64
-0.367707 0.302721 0.538815 -0.290282 -0.956941 0.000000 64 64 64
-0.384738 0.307887 0.538815 -0.290282 -0.956941 0.000000 64 64 64
-0.367707 0.302721 0.500000 -0.098018 -0.995185 0.000000 64 64 64
-0.349995 0.300976 0.538815 -0.098018 -0.995185 0.000000 64 64 64
-0.367707 0.302721 0.538815 -0.098018 -0.995185 0.000000 64 64 64
-0.349995 0.300976 0.500000 0.098019 -0.995185 0.000000 64 64 64
-0.332283 0.302721 0.538815 0.098019 -0.995185 0.000000 64 64 64
-0.349995 0.300976 0.538815 0.098019 -0.995185 0.000000 64 64 64
-0.332283 0.302721 0.500000 0.290286 -0.956940 -0.000000 64 64 64
-0.315251 0.307887 0.538815 0.290286 -0.956940 -0.000000 64 64 64
-0.332283 0.302721 0.538815 0.290286 -0.956940 -0.000000 64 64 64
-0.315251 0.307887 0.538815 0.471396 -0.881922 0.000000 64 64 64
-0.299555 0.316277 0.500000 0.471396 -0.881922 0.000000 64 64 64
-0.299555 0.316277 0.538815 0.471396 -0.881922 0.000000 64 64 64
-0.299555 0.316277 0.500000 0.634393 -0.773011 0.000000 64 64 64
-0.285797 0.327568 0.538815 0.634393 -0.773011 0.000000 64 64 64
-0.299555 0.316277 0.538815 0.634393 -0.773011 0.000000 64 64 64
-0.285797 0.327568 0.500000 0.773012 -0.634391 -0.000001 64 64 64
-0.274506 0.341326 0.538815 0.773012 -0.634391 -0.000001 64 64 64
-0.285797 0.327568 0.538815 0.773012 -0.634391 -0.000001 64 64 64
-0.274506 0.341326 0.500000 0.881922 -0.471396 0.000000 64 64 64
-0.266116 0.357022 0.538815 0.881922 -0.471396 0.000000 64 64 64
-0.274506 0.341326 0.538815 0.881922 -0.471396 0.000000 64 64 64
-0.266116 0.357022 0.500000 0.956941 -0.290283 -0.000001 64 64 64
-0.260950 0.374054 0.538815 0.956941 -0.290283 -0.000001 64 64 64
-0.266116 0.357022 0.538815 0.956941 -0.290283 -0.000001 64 64 64
-0.260950 0.374054 0.500000 0.995185 -0.098016 0.000000 64 64 64
-0.259205 0.391766 0.538815 0.995185 -0.098016 0.000000 64 64 64
-0.260950 0.374054 0.538815 0.995185 -0.098016 0.000000 64 64 64
-0.259205 0.391766 0.500000 0.995185 0.098018 0.000000 64 64 64
-0.260950 0.409478 0.538815 0.995185 0.098018 0.000000 64 64 64
-0.259205 0.391766 0.538815 0.995185 0.098018 0.000000 64 64 64
-0.260950 0.409478 0.500000 0.956940 0.290286 0.000000 64 64 64
-0.266116 0.426509 0.538815 0.956940 0.290286 0.000000 64 64 64
-0.260950 0.409478 0.538815 0.956940 0.290286 0.000000 64 64 64
-0.266116 0.426509 0.538815 0.881921 0.471397 0.000000 64 64 64
-0.274506 0.442206 0.500000 0.881921 0.471397 0.000000 64 64 64
-0.274506 0.442206 0.538815 0.881921 0.471397 0.000000 64 64 64
-0.274506 0.442206 0.500000 0.773010 0.634394 0.000000 64 64 64
-0.285797 0.455964 0.538815 0.773010 0.634394 0.000000 64 64 64
-0.274506 0.442206 0.538815 0.773010 0.634394 0.000000 64 64 64
-0.285797 0.455964 0.500000 0.634392 0.773011 -0.000000 64 64 64
-0.299555 0.467254 0.538815 0.634392 0.773011 -0.000000 64 64 64
-0.285797 0.455964 0.538815 0.634392 0.773011 -0.000000 64 64 64
-0.299555 0.467254 0.500000 0.471395 0.881922 -0.000000 64 64 64
-0.315251 0.475644 0.538815 0.471395 0.881922 -0.000000 64 64 64
-0.299555 0.467254 0.538815 0.471395 0.881922 -0.000000 64 64 64
-0.315251 0.475644 0.500000 0.290284 0.956940 0.000000 64 64 64
-0.332283 0.480811 0.538815 0.290284 0.956940 0.000000 64 64 64
-0.315251 0.475644 0.538815 0.290284 0.956940 0.000000 64 64 64
-0.332283 0.480811 0.538815 0.098014 0.995185 0.000000 64 64 64
-0.349995 0.482555 0.500000 0.098014 0.995185 0.000000 64 64 64
-0.349995 0.482555 0.538815 0.098014 0.995185 0.000000 64 64 64
-0.400435 0.467254 0.538815 -0.000003 -0.000001 1.000000 64 64 64
-0.375628 0.453649 0.538815 -0.000003 -0.000001 1.000000 64 64 64
-0.384738 0.475644 0.538815 -0.000003 -0.000001 1.000000 64 64 64
-0.405689 0.428979 0.538815 0.773011 -0.634393 0.000000 64 64 64
-0.397358 0.439129 0.511012 0.773011 -0.634393 0.000000 64 64 64
-0.397358 0.439129 0.538815 0.773011 -0.634393 0.000000 64 64 64
-0.414193 0.327568 0.538815 -0.000000 0.000000 1.000000 64 64 64
-0.405689 0.354552 0.538815 -0.000000 0.000000 1.000000 64 64 64
-0.425483 0.341326 0.538815 -0.000000 0.000000 1.000000 64 64 64
-0.274506 0.341326 0.538815 -0.000000 -0.000000 1.000000 64 64 64
-0.302631 0.344402 0.538815 -0.000000 -0.000000 1.000000 64 64 64
-0.285797 0.327568 0.538815 -0.000000 -0.000000 1.000000 64 64 64
-0.315251 0.475644 0.538815 0.000000 0.000000 1.000000 64 64 64
-0.312781 0.447460 0.538815 0.000000 0.000000 1.000000 64 64 64
-0.299555 0.467254 0.538815 0.000000 0.000000 1.000000 64 64 64
-0.439040 0.409478 0.538815 0.000000 0.000000 1.000000 64 64 64
-0.416977 0.391766 0.538815 0.000000 0.000000 1.000000 64 64 64
-0.415690 0.404833 0.538815 0.000000 0.000000 1.000000 64 64 64
-0.349995 0.300976 0.538815 -0.000000 0.000000 1.000000 64 64 64
-0.336927 0.326070 0.538815 -0.000000 0.000000 1.000000 64 64 64
-0.349995 0.324783 0.538815 -0.000000 0.000000 1.000000 64 64 64
-0.266116 0.426509 0.538815 0.000002 0.000001 1.000000 64 64 64
-0.284299 0.404833 0.538815 0.000002 0.000001 1.000000 64 64 64
-0.260950 0.409478 0.538815 0.000002 0.000001 1.000000 64 64 64
-0.414193 0.455964 0.538815 -0.000002 0.000002 1.000000 64 64 64
-0.387208 0.447459 0.538815 -0.000002 0.000002 1.000000 64 64 64
-0.400435 0.467254 0.538815 -0.000002 0.000002 1.000000 64 64 64
-0.400435 0.316277 0.538815 -0.000000 0.000000 1.000000 64 64 64
-0.397358 0.344402 0.538815 -0.000000 0.000000 1.000000 64 64 64
-0.288111 0.366133 0.538815 -0.000000 0.000000 1.000000 64 64 64
-0.294301 0.354552 0.538815 -0.000000 0.000000 1.000000 64 64 64
-0.336927 0.457461 0.538815 0.000000 -0.000000 1.000000 64 64 64
-0.324362 0.453649 0.538815 0.000000 -0.000000 1.000000 64 64 64
-0.439040 0.374054 0.538815 -0.000000 0.000000 1.000000 64 64 64
-0.440784 0.391766 0.538815 -0.000000 0.000000 1.000000 64 64 64
-0.315251 0.307887 0.538815 -0.000000 -0.000000 1.000000 64 64 64
-0.332283 0.302721 0.538815 -0.000000 -0.000000 1.000000 64 64 64
-0.274506 0.442206 0.538815 0.000004 -0.000002 1.000000 64 64 64
-0.288111 0.417399 0.538815 0.000004 -0.000002 1.000000 64 64 64
-0.266116 0.426509 0.538815 0.000004 -0.000002 1.000000 64 64 64
-0.425483 0.442206 0.538815 0.000000 0.000000 1.000000 64 64 64
-0.397358 0.439129 0.538815 0.000000 0.000000 1.000000 64 64 64
-0.414193 0.455964 0.538815 0.000000 0.000000 1.000000 64 64 64
-0.400435 0.316277 0.538815 -0.000001 -0.000002 1.000000 64 64 64
-0.375628 0.329882 0.538815 -0.000001 -0.000002 1.000000 64 64 64
-0.387208 0.336072 0.538815 -0.000001 -0.000002 1.000000 64 64 64
-0.260950 0.374054 0.538815 0.000001 0.000003 1.000000 64 64 64
-0.288111 0.366133 0.538815 0.000001 0.000003 1.000000 64 64 64
-0.266116 0.357022 0.538815 0.000001 0.000003 1.000000 64 64 64
-0.367707 0.480811 0.538815 0.000000 0.000000 1.000000 64 64 64
-0.349995 0.458748 0.538815 0.000000 0.000000 1.000000 64 64 64
-0.349995 0.482555 0.538815 0.000000 0.000000 1.000000 64 64 64
-0.332283 0.480811 0.538815 0.000000 0.000000 1.000000 64 64 64
-0.433873 0.357022 0.538815 -0.000000 0.000000 1.000000 64 64 64
-0.415690 0.378698 0.538815 -0.000000 0.000000 1.000000 64 64 64
-0.312781 0.336072 0.538815 -0.000000 0.000000 1.000000 64 64 64
-0.324362 0.329882 0.538815 -0.000000 0.000000 1.000000 64 64 64
-0.274506 0.442206 0.538815 0.000000 -0.000000 1.000000 64 64 64
-0.302631 0.439129 0.538815 0.000000 -0.000000 1.000000 64 64 64
-0.294301 0.428979 0.538815 0.000000 -0.000000 1.000000 64 64 64
-0.433873 0.426509 0.538815 0.000000 0.000000 1.000000 64 64 64
-0.405689 0.428979 0.538815 0.000000 0.000000 1.000000 64 64 64
-0.384738 0.307887 0.538815 0.000000 0.000000 1.000000 64 64 64
-0.363062 0.326070 0.538815 0.000000 0.000000 1.000000 64 64 64
-0.375628 0.329882 0.538815 0.000000 0.000000 1.000000 64 64 64
-0.259205 0.391766 0.538815 0.000003 -0.000000 1.000000 64 64 64
-0.284299 0.378698 0.538815 0.000003 -0.000000 1.000000 64 64 64
-0.260950 0.374054 0.538815 0.000003 -0.000000 1.000000 64 64 64
-0.375628 0.453649 0.538815 0.000000 -0.000000 1.000000 64 64 64
-0.363062 0.457461 0.538815 0.000000 -0.000000 1.000000 64 64 64
-0.411878 0.366133 0.538815 -0.000000 0.000000 1.000000 64 64 64
-0.299555 0.316277 0.538815 -0.000000 -0.000000 1.000000 64 64 64
-0.285797 0.455964 0.538815 0.000000 -0.000000 1.000000 64 64 64
-0.411878 0.417399 0.538815 0.000000 0.000000 1.000000 64 64 64
-0.367707 0.302721 0.538815 0.000000 0.000000 1.000000 64 64 64
-0.260950 0.409478 0.538815 0.000003 0.000000 1.000000 64 64 64
-0.283012 0.391766 0.538815 0.000003 0.000000 1.000000 64 64 64
-0.363062 0.326070 0.511012 0.000000 0.000000 1.000000 64 64 64
-0.284299 0.378698 0.511012 0.000000 0.000000 1.000000 64 64 64
-0.336927 0.457461 0.511012 0.000000 0.000000 1.000000 64 64 64
-0.349995 0.458748 0.538815 -0.098015 -0.995185 -0.000000 64 64 64
-0.336927 0.457461 0.511012 -0.098015 -0.995185 -0.000000 64 64 64
-0.336927 0.457461 0.538815 -0.098015 -0.995185 -0.000000 64 64 64
-0.312781 0.336072 0.538815 -0.471396 0.881922 0.000000 64 64 64
-0.324362 0.329882 0.511012 -0.471396 0.881922 0.000000 64 64 64
-0.324362 0.329882 0.538815 -0.471396 0.881922 0.000000 64 64 64
-0.411878 0.417399 0.538815 0.881921 -0.471397 -0.000001 64 64 64
-0.405689 0.428979 0.511012 0.881921 -0.471397 -0.000001 64 64 64
-0.405689 0.428979 0.538815 0.881921 -0.471397 -0.000001 64 64 64
-0.302631 0.344402 0.538815 -0.634396 0.773008 0.000000 64 64 64
-0.312781 0.336072 0.511012 -0.634396 0.773008 0.000000 64 64 64
-0.312781 0.336072 0.538815 -0.634396 0.773008 0.000000 64 64 64
-0.415690 0.404833 0.538815 0.956941 -0.290283 0.000000 64 64 64
-0.411878 0.417399 0.511012 0.956941 -0.290283 0.000000 64 64 64
-0.411878 0.417399 0.538815 0.956941 -0.290283 0.000000 64 64 64
-0.294301 0.354552 0.538815 -0.773010 0.634394 0.000000 64 64 64
-0.302631 0.344402 0.511012 -0.773010 0.634394 0.000000 64 64 64
-0.302631 0.344402 0.538815 -0.773010 0.634394 0.000000 64 64 64
-0.416977 0.391766 0.538815 0.995184 -0.098019 -0.000001 64 64 64
-0.415690 0.404833 0.511012 0.995184 -0.098019 -0.000001 64 64 64
-0.415690 0.404833 0.538815 0.995184 -0.098019 -0.000001 64 64 64
-0.288111 0.366133 0.538815 -0.881921 0.471397 0.000000 64 64 64
-0.294301 0.354552 0.511012 -0.881921 0.471397 0.000000 64 64 64
-0.294301 0.354552 0.538815 -0.881921 0.471397 0.000000 64 64 64
-0.415690 0.378698 0.538815 0.995185 0.098017 0.000000 64 64 64
-0.416977 0.391766 0.511012 0.995185 0.098017 0.000000 64 64 64
-0.416977 0.391766 0.538815 0.995185 0.098017 0.000000 64 64 64
-0.284299 0.378698 0.538815 -0.956941 0.290283 0.000001 64 64 64
-0.288111 0.366133 0.511012 -0.956941 0.290283 0.000001 64 64 64
-0.288111 0.366133 0.538815 -0.956941 0.290283 0.000001 64 64 64
-0.411878 0.366133 0.538815 0.956940 0.290285 0.000000 64 64 64
-0.415690 0.378698 0.511012 0.956940 0.290285 0.000000 64 64 64
-0.415690 0.378698 0.538815 0.956940 0.290285 0.000000 64 64 64
-0.283012 0.391766 0.538815 -0.995185 0.098017 0.000000 64 64 64
-0.284299 0.378698 0.511012 -0.995185 0.098017 0.000000 64 64 64
-0.284299 0.378698 0.538815 -0.995185 0.098017 0.000000 64 64 64
-0.405689 0.354552 0.538815 0.881921 0.471397 0.000000 64 64 64
-0.411878 0.366133 0.511012 0.881921 0.471397 0.000000 64 64 64
-0.411878 0.366133 0.538815 0.881921 0.471397 0.000000 64 64 64
-0.284299 0.404833 0.538815 -0.995185 -0.098019 0.000001 64 64 64
-0.283012 0.391766 0.511012 -0.995185 -0.098019 0.000001 64 64 64
-0.283012 0.391766 0.538815 -0.995185 -0.098019 0.000001 64 64 64
-0.405689 0.354552 0.538815 0.773011 0.634393 0.000001 64 64 64
-0.397358 0.344402 0.511012 0.773011 0.634393 0.000001 64 64 64
-0.405689 0.354552 0.511012 0.773011 0.634393 0.000001 64 64 64
-0.288111 0.417399 0.538815 -0.956940 -0.290285 -0.000000 64 64 64
-0.284299 0.404833 0.511012 -0.956940 -0.290285 -0.000000 64 64 64
-0.284299 0.404833 0.538815 -0.956940 -0.290285 -0.000000 64 64 64
-0.387208 0.336072 0.538815 0.634391 0.773012 0.000000 64 64 64
-0.397358 0.344402 0.511012 0.634391 0.773012 0.000000 64 64 64
-0.397358 0.344402 0.538815 0.634391 0.773012 0.000000 64 64 64
-0.294301 0.428979 0.538815 -0.881920 -0.471398 -0.000000 64 64 64
-0.288111 0.417399 0.511012 -0.881920 -0.471398 -0.000000 64 64 64
-0.288111 0.417399 0.538815 -0.881920 -0.471398 -0.000000 64 64 64
-0.375628 0.329882 0.538815 0.471396 0.881922 0.000000 64 64 64
-0.387208 0.336072 0.511012 0.471396 0.881922 0.000000 64 64 64
-0.387208 0.336072 0.538815 0.471396 0.881922 0.000000 64 64 64
-0.363062 0.457461 0.538815 0.098017 -0.995185 0.000000 64 64 64
-0.349995 0.458748 0.511012 0.098017 -0.995185 0.000000 64 64 64
-0.349995 0.458748 0.538815 0.098017 -0.995185 0.000000 64 64 64
-0.302631 0.439129 0.538815 -0.773010 -0.634394 -0.000001 64 64 64
-0.294301 0.428979 0.511012 -0.773010 -0.634394 -0.000001 64 64 64
-0.294301 0.428979 0.538815 -0.773010 -0.634394 -0.000001 64 64 64
-0.363062 0.326070 0.538815 0.290287 0.956940 0.000000 64 64 64
-0.375628 0.329882 0.511012 0.290287 0.956940 0.000000 64 64 64
-0.375628 0.329882 0.538815 0.290287 0.956940 0.000000 64 64 64
-0.375628 0.453649 0.538815 0.290285 -0.956940 -0.000000 64 64 64
-0.363062 0.457461 0.511012 0.290285 -0.956940 -0.000000 64 64 64
-0.363062 0.457461 0.538815 0.290285 -0.956940 -0.000000 64 64 64
-0.312781 0.447460 0.538815 -0.634393 -0.773011 -0.000000 64 64 64
-0.302631 0.439129 0.511012 -0.634393 -0.773011 -0.000000 64 64 64
-0.302631 0.439129 0.538815 -0.634393 -0.773011 -0.000000 64 64 64
-0.349995 0.324783 0.538815 0.098017 0.995185 0.000000 64 64 64
-0.363062 0.326070 0.511012 0.098017 0.995185 0.000000 64 64 64
-0.363062 0.326070 0.538815 0.098017 0.995185 0.000000 64 64 64
-0.387208 0.447459 0.538815 0.471397 -0.881921 -0.000001 64 64 64
-0.375628 0.453649 0.511012 0.471397 -0.881921 -0.000001 64 64 64
-0.375628 0.453649 0.538815 0.471397 -0.881921 -0.000001 64 64 64
-0.312781 0.447460 0.538815 -0.471396 -0.881922 0.000000 64 64 64
-0.324362 0.453649 0.511012 -0.471396 -0.881922 0.000000 64 64 64
-0.312781 0.447460 0.511012 -0.471396 -0.881922 0.000000 64 64 64
-0.336927 0.326070 0.538815 -0.098019 0.995184 0.000000 64 64 64
-0.349995 0.324783 0.511012 -0.098019 0.995184 0.000000 64 64 64
-0.349995 0.324783 0.538815 -0.098019 0.995184 0.000000 64 64 64
-0.397358 0.439129 0.538815 0.634393 -0.773011 0.000000 64 64 64
-0.387208 0.447459 0.511012 0.634393 -0.773011 0.000000 64 64 64
-0.387208 0.447459 0.538815 0.634393 -0.773011 0.000000 64 64 64
-0.336927 0.457461 0.538815 -0.290283 -0.956941 -0.000000 64 64 64
-0.324362 0.453649 0.511012 -0.290283 -0.956941 -0.000000 64 64 64
-0.324362 0.453649 0.538815 -0.290283 -0.956941 -0.000000 64 64 64
-0.324362 0.329882 0.538815 -0.290287 0.956940 0.000000 64 64 64
-0.336927 0.326070 0.511012 -0.290287 0.956940 0.000000 64 64 64
-0.336927 0.326070 0.538815 -0.290287 0.956940 0.000000 64 64 64
-1.000000 1.800000 0.500000 -0.000000 -0.000000 1.000000 255 255 255
-1.000000 1.800000 -0.500000 -1.000000 -0.000000 -0.000000 255 255 255
1.000000 1.800000 0.500000 1.000000 0.000000 0.000000 255 255 255
1.000000 1.800000 0.500000 0.000000 1.000000 0.000000 255 255 255
0.916630 0.075033 -0.370341 -1.000000 -0.000000 -0.000000 255 255 255
0.916630 1.724967 -0.370341 0.000000 0.000000 -1.000000 255 255 255
-0.916630 0.075033 -0.370341 -0.000000 1.000000 -0.000000 255 255 255
0.916630 1.724967 -0.370341 0.000000 -1.000000 0.000000 255 255 255
-0.916630 1.724967 -0.370341 1.000000 0.000000 0.000000 255 255 255
0.617714 0.480811 -0.370341 0.098018 0.995185 0.000000 64 64 64
0.634746 0.475644 -0.370341 0.290283 0.956941 0.000000 64 64 64
0.650442 0.467254 -0.370341 0.471398 0.881921 0.000001 64 64 64
0.664200 0.455964 -0.370341 0.634393 0.773011 0.000001 64 64 64
0.675491 0.442206 -0.370341 0.773012 0.634392 0.000001 64 64 64
0.683881 0.426509 -0.370341 0.881920 0.471398 0.000001 64 64 64
0.689047 0.409478 -0.370341 0.956941 0.290283 0.000001 64 64 64
0.690792 0.391766 -0.370341 0.995185 0.098018 0.000002 64 64 64
0.689047 0.374054 -0.370341 0.995185 -0.098018 0.000002 64 64 64
0.683881 0.357022 -0.370341 0.956941 -0.290283 0.000001 64 64 64
0.675491 0.341326 -0.370341 0.881921 -0.471398 0.000001 64 64 64
0.664200 0.327568 -0.370341 0.773012 -0.634391 0.000001 64 64 64
0.650442 0.316277 -0.370341 0.634391 -0.773012 0.000001 64 64 64
0.634746 0.307887 -0.370341 0.471398 -0.881921 0.000001 64 64 64
0.617714 0.302721 -0.370341 0.290283 -0.956941 0.000000 64 64 64
0.600002 0.300976 -0.370341 0.098018 -0.995185 0.000000 64 64 64
0.582290 0.302721 -0.370341 -0.098018 -0.995185 -0.000000 64 64 64
0.565259 0.307887 -0.370341 -0.290286 -0.956940 -0.000000 64 64 64
0.549562 0.316277 -0.370341 -0.471395 -0.881922 -0.000001 64 64 64
0.535804 0.327568 -0.370341 -0.634395 -0.773009 -0.000001 64 64 64
0.524514 0.341326 -0.370341 -0.773011 -0.634393 -0.000001 64 64 64
0.516124 0.357022 -0.370341 -0.881922 -0.471395 -0.000001 64 64 64
0.510957 0.374054 -0.370341 -0.956940 -0.290286 -0.000001 64 64 64
0.509213 0.391766 -0.370341 -0.995185 -0.098015 -0.000002 64 64 64
0.510957 0.409478 -0.370341 -0.995185 0.098018 -0.000002 64 64 64
0.516124 0.426509 -0.370341 -0.956940 0.290286 -0.000001 64 64 64
0.524514 0.442206 -0.370341 -0.881920 0.471398 -0.000001 64 64 64
0.535805 0.455964 -0.370341 -0.773010 0.634394 -0.000001 64 64 64
0.549562 0.467255 -0.370341 -0.634392 0.773011 -0.000001 64 64 64
0.565259 0.475644 -0.370341 -0.471396 0.881922 -0.000001 64 64 64
0.582290 0.480811 -0.370341 -0.290284 0.956941 -0.000000 64 64 64
0.600002 0.482555 -0.370341 -0.098015 0.995185 -0.000000 64 64 64
0.655696 0.428979 -0.381354 -0.773011 -0.634393 -0.000002 64 64 64
0.586935 0.326070 -0.409157 0.000002 -0.000000 -1.000000 64 64 64
0.586935 0.457461 -0.409157 0.000000 0.000000 -1.000000 64 64 64
0.600002 0.482555 -0.409157 0.000002 0.000000 -1.000000 64 64 64
0.600002 0.300976 -0.409157 0.000000 0.000000 -1.000000 64 64 64
0.586935 0.457461 -0.381354 0.000001 0.000012 -1.000000 64 64 64
0.600002 0.458748 -0.381354 0.000001 0.000012 -1.000000 64 64 64
0.613070 0.457461 -0.381354 0.000001 0.000012 -1.000000 64 64 64
0.613070 0.457461 -0.381354 0.000001 0.000004 -1.000000 64 64 64
0.625635 0.453649 -0.381354 0.000001 0.000004 -1.000000 64 64 64
0.586935 0.457461 -0.381354 0.000001 0.000004 -1.000000 64 64 64
0.625635 0.453649 -0.381354 0.000001 0.000002 -1.000000 64 64 64
0.637216 0.447460 -0.381354 0.000001 0.000002 -1.000000 64 64 64
0.586935 0.457461 -0.381354 0.000001 0.000002 -1.000000 64 64 64
0.637216 0.447460 -0.381354 0.000000 0.000000 -1.000000 64 64 64
0.647366 0.439129 -0.381354 0.000000 0.000000 -1.000000 64 64 64
0.655696 0.428979 -0.381354 0.000000 0.000000 -1.000000 64 64 64
0.661886 0.417399 -0.381354 0.000000 0.000000 -1.000000 64 64 64
0.665698 0.404833 -0.381354 0.000000 0.000000 -1.000000 64 64 64
0.666985 0.391766 -0.381354 0.000000 0.000000 -1.000000 64 64 64
0.665698 0.378698 -0.381354 0.000000 0.000000 -1.000000 64 64 64
0.661886 0.366133 -0.381354 0.000000 -0.000000 -1.000000 64 64 64
0.655696 0.354552 -0.381354 0.000000 -0.000000 -1.000000 64 64 64
0.647366 0.344402 -0.381354 0.000000 0.000000 -1.000000 64 64 64
0.637216 0.336072 -0.381354 0.000000 0.000000 -1.000000 64 64 64
0.625635 0.329882 -0.381354 0.000000 -0.000000 -1.000000 64 64 64
0.613070 0.326070 -0.381354 0.000001 -0.000012 -1.000000 64 64 64
0.600002 0.324783 -0.381354 0.000001 -0.000012 -1.000000 64 64 64
0.586935 0.326070 -0.381354 0.000001 -0.000012 -1.000000 64 64 64
0.586935 0.326070 -0.381354 0.000001 0.000004 -1.000000 64 64 64
0.574369 0.329882 -0.381354 0.000001 0.000004 -1.000000 64 64 64
0.613070 0.326070 -0.381354 0.000001 0.000004 -1.000000 64 64 64
0.574369 0.329882 -0.381354 0.000001 0.000002 -1.000000 64 64 64
0.562789 0.336072 -0.381354 0.000001 0.000002 -1.000000 64 64 64
0.613070 0.326070 -0.381354 0.000001 0.000002 -1.000000 64 64 64
0.562789 0.336072 -0.381354 0.000000 0.000000 -1.000000 64 64 64
0.552639 0.344402 -0.381354 0.000000 0.000000 -1.000000 64 64 64
0.534307 0.378698 -0.381354 0.000000 0.000000 -1.000000 64 64 64
0.544308 0.354552 -0.381354 0.000000 0.000000 -1.000000 64 64 64
0.538119 0.366133 -0.381354 0.000000 0.000000 -1.000000 64 64 64
0.533020 0.391766 -0.381354 0.000000 -0.000000 -1.000000 64 64 64
0.534307 0.404833 -0.381354 0.000000 0.000000 -1.000000 64 64 64
0.538119 0.417399 -0.381354 0.000000 0.000000 -1.000000 64 64 64
0.552639 0.439130 -0.381354 0.000000 0.000000 -1.000000 64 64 64
0.562789 0.447460 -0.381354 0.000000 0.000000 -1.000000 64 64 64
0.574369 0.453649 -0.381354 0.000000 0.000000 -1.000000 64 64 64
0.586935 0.457461 -0.381354 0.000001 0.000000 -1.000000 64 64 64
0.637216 0.447460 -0.381354 0.000001 0.000000 -1.000000 64 64 64
0.665698 0.404833 -0.381354 0.000001 0.000000 -1.000000 64 64 64
0.613070 0.326070 -0.381354 0.000001 0.000000 -1.000000 64 64 64
0.562789 0.336072 -0.381354 0.000001 0.000000 -1.000000 64 64 64
0.534307 0.378698 -0.381354 0.000001 0.000000 -1.000000 64 64 64
0.586935 0.457461 -0.409157 0.098018 -0.995185 0.000000 64 64 64
0.600002 0.458748 -0.409157 0.098018 -0.995185 0.000000 64 64 64
0.600002 0.458748 -0.381354 0.098018 -0.995185 0.000000 64 64 64
0.562789 0.336072 -0.381354 0.471397 0.881921 0.000001 64 64 64
0.661886 0.417399 -0.381354 -0.881922 -0.471396 -0.000002 64 64 64
0.552639 0.344402 -0.381354 0.634394 0.773010 0.000001 64 64 64
0.665698 0.404833 -0.381354 -0.956940 -0.290287 -0.000002 64 64 64
0.544308 0.354552 -0.381354 0.773010 0.634394 0.000002 64 64 64
0.666985 0.391766 -0.381354 -0.995185 -0.098017 -0.000002 64 64 64
0.538119 0.366133 -0.381354 0.881922 0.471395 0.000002 64 64 64
0.665698 0.378698 -0.381354 -0.995185 0.098017 -0.000002 64 64 64
0.534307 0.378698 -0.381354 0.956941 0.290283 0.000002 64 64 64
0.661886 0.366133 -0.381354 -0.956940 0.290287 -0.000002 64 64 64
0.533020 0.391766 -0.381354 0.995185 0.098017 0.000002 64 64 64
0.661886 0.366133 -0.409157 -0.881922 0.471395 -0.000003 64 64 64
0.655696 0.354552 -0.409157 -0.881922 0.471395 -0.000003 64 64 64
0.655696 0.354552 -0.381354 -0.881922 0.471395 -0.000003 64 64 64
0.534307 0.404833 -0.381354 0.995185 -0.098017 0.000002 64 64 64
0.655696 0.354552 -0.409157 -0.773010 0.634394 -0.000002 64 64 64
0.647366 0.344402 -0.409157 -0.773010 0.634394 -0.000002 64 64 64
0.647366 0.344402 -0.381354 -0.773010 0.634394 -0.000002 64 64 64
0.538119 0.417399 -0.381354 0.956940 -0.290287 0.000002 64 64 64
0.637216 0.336072 -0.381354 -0.634394 0.773010 -0.000001 64 64 64
0.544309 0.428979 -0.409157 0.881920 -0.471399 0.000002 64 64 64
0.544309 0.428979 -0.381354 0.881920 -0.471399 0.000002 64 64 64
0.538119 0.417399 -0.381354 0.881920 -0.471399 0.000002 64 64 64
0.625635 0.329882 -0.381354 -0.471395 0.881922 -0.000001 64 64 64
0.613070 0.457461 -0.381354 -0.098017 -0.995185 -0.000000 64 64 64
0.552639 0.439130 -0.409157 0.773010 -0.634394 0.000002 64 64 64
0.552639 0.439130 -0.381354 0.773010 -0.634394 0.000002 64 64 64
0.544309 0.428979 -0.381354 0.773010 -0.634394 0.000002 64 64 64
0.613070 0.326070 -0.381354 -0.290287 0.956940 -0.000001 64 64 64
0.625635 0.453649 -0.381354 -0.290285 -0.956940 -0.000001 64 64 64
0.562789 0.447460 -0.381354 0.634391 -0.773012 0.000001 64 64 64
0.600002 0.324783 -0.381354 -0.098017 0.995185 -0.000000 64 64 64
0.637216 0.447460 -0.381354 -0.471397 -0.881921 -0.000001 64 64 64
0.574369 0.453649 -0.381354 0.471397 -0.881921 0.000001 64 64 64
0.586935 0.326070 -0.381354 0.098016 0.995185 0.000000 64 64 64
0.647366 0.439129 -0.381354 -0.634394 -0.773010 -0.000001 64 64 64
0.574369 0.453649 -0.409157 0.290282 -0.956941 0.000001 64 64 64
0.586935 0.457461 -0.409157 0.290282 -0.956941 0.000001 64 64 64
0.586935 0.457461 -0.381354 0.290282 -0.956941 0.000001 64 64 64
0.574369 0.329882 -0.381354 0.290287 0.956940 0.000001 64 64 64
0.317715 0.480811 -0.370342 0.098018 0.995185 -0.000000 64 64 64
0.334747 0.475644 -0.370342 0.290283 0.956941 -0.000000 64 64 64
0.350443 0.467254 -0.370342 0.471396 0.881922 -0.000000 64 64 64
0.364201 0.455964 -0.370342 0.634394 0.773010 -0.000000 64 64 64
0.375492 0.442206 -0.370342 0.773010 0.634394 -0.000000 64 64 64
0.383882 0.426509 -0.370342 0.881922 0.471396 -0.000000 64 64 64
0.389048 0.409478 -0.370342 0.956940 0.290286 -0.000000 64 64 64
0.390793 0.391766 -0.370342 0.995185 0.098016 -0.000000 64 64 64
0.389048 0.374054 -0.370342 0.995185 -0.098016 0.000000 64 64 64
0.383882 0.357022 -0.370342 0.956940 -0.290284 0.000000 64 64 64
0.375492 0.341326 -0.370342 0.881922 -0.471396 0.000000 64 64 64
0.364201 0.327568 -0.370342 0.773011 -0.634392 0.000000 64 64 64
0.350443 0.316277 -0.370342 0.634392 -0.773012 0.000000 64 64 64
0.334747 0.307887 -0.370342 0.471400 -0.881920 0.000000 64 64 64
0.317715 0.302721 -0.370342 0.290283 -0.956941 0.000000 64 64 64
0.300003 0.300976 -0.370342 0.098018 -0.995185 0.000000 64 64 64
0.282291 0.302721 -0.370342 -0.098018 -0.995185 0.000000 64 64 64
0.265259 0.307887 -0.370342 -0.290286 -0.956940 0.000000 64 64 64
0.249563 0.316277 -0.370342 -0.471395 -0.881922 0.000000 64 64 64
0.235805 0.327568 -0.370342 -0.634394 -0.773010 0.000000 64 64 64
0.224514 0.341326 -0.370342 -0.773011 -0.634393 0.000000 64 64 64
0.216125 0.357022 -0.370342 -0.881922 -0.471396 0.000000 64 64 64
0.210958 0.374054 -0.370342 -0.956941 -0.290284 0.000000 64 64 64
0.209214 0.391766 -0.370342 -0.995185 -0.098016 0.000000 64 64 64
0.210958 0.409478 -0.370342 -0.995185 0.098018 0.000000 64 64 64
0.216125 0.426509 -0.370342 -0.956940 0.290286 0.000000 64 64 64
0.224514 0.442206 -0.370342 -0.881921 0.471397 0.000000 64 64 64
0.235805 0.455964 -0.370342 -0.773010 0.634394 0.000000 64 64 64
0.249563 0.467254 -0.370342 -0.634392 0.773011 0.000000 64 64 64
0.265260 0.475644 -0.370342 -0.471396 0.881922 0.000000 64 64 64
0.282291 0.480811 -0.370342 -0.290284 0.956940 0.000000 64 64 64
0.300003 0.482555 -0.370342 -0.098015 0.995185 0.000000 64 64 64
0.355697 0.428979 -0.381354 -0.773010 -0.634394 -0.000000 64 64 64
0.286936 0.457461 -0.381354 -0.000000 0.000000 -1.000000 64 64 64
0.300003 0.458748 -0.381354 -0.000000 0.000000 -1.000000 64 64 64
0.313071 0.457461 -0.381354 -0.000000 0.000000 -1.000000 64 64 64
0.325636 0.453649 -0.381354 0.000000 0.000000 -1.000000 64 64 64
0.337216 0.447460 -0.381354 0.000000 0.000000 -1.000000 64 64 64
0.347367 0.439129 -0.381354 0.000000 0.000000 -1.000000 64 64 64
0.355697 0.428979 -0.381354 0.000000 0.000000 -1.000000 64 64 64
0.361887 0.417399 -0.381354 0.000000 0.000000 -1.000000 64 64 64
0.366985 0.391766 -0.381354 0.000000 0.000000 -1.000000 64 64 64
0.365698 0.378698 -0.381354 0.000000 0.000000 -1.000000 64 64 64
0.361887 0.366133 -0.381354 0.000000 -0.000000 -1.000000 64 64 64
0.355697 0.354552 -0.381354 0.000000 -0.000000 -1.000000 64 64 64
0.347367 0.344402 -0.381354 0.000000 0.000000 -1.000000 64 64 64
0.337217 0.336072 -0.381354 0.000000 0.000000 -1.000000 64 64 64
0.325636 0.329882 -0.381354 0.000000 -0.000000 -1.000000 64 64 64
0.300003 0.324783 -0.381354 0.000000 0.000000 -1.000000 64 64 64
0.286935 0.326070 -0.381354 0.000000 0.000000 -1.000000 64 64 64
0.274370 0.329882 -0.381354 -0.000000 -0.000000 -1.000000 64 64 64
0.262790 0.336072 -0.381354 -0.000000 -0.000000 -1.000000 64 64 64
0.252639 0.344402 -0.381354 0.000000 0.000000 -1.000000 64 64 64
0.244309 0.354552 -0.381354 0.000000 0.000000 -1.000000 64 64 64
0.238119 0.366133 -0.381354 0.000000 0.000000 -1.000000 64 64 64
0.233021 0.391766 -0.381354 0.000000 -0.000000 -1.000000 64 64 64
0.234308 0.404833 -0.381354 0.000000 -0.000000 -1.000000 64 64 64
0.238119 0.417399 -0.381354 0.000000 0.000000 -1.000000 64 64 64
0.244309 0.428979 -0.381354 0.000000 0.000000 -1.000000 64 64 64
0.252639 0.439129 -0.381354 0.000000 0.000000 -1.000000 64 64 64
0.262790 0.447460 -0.381354 0.000000 0.000000 -1.000000 64 64 64
0.274370 0.453649 -0.381354 0.000000 0.000000 -1.000000 64 64 64
0.300003 0.458748 -0.381354 0.098018 -0.995185 0.000000 64 64 64
0.262790 0.336072 -0.381354 0.471396 0.881922 0.000000 64 64 64
0.361887 0.417399 -0.381354 -0.881922 -0.471396 -0.000000 64 64 64
0.252639 0.344402 -0.381354 0.634394 0.773010 0.000000 64 64 64
0.365698 0.404833 -0.381354 -0.956941 -0.290283 -0.000000 64 64 64
0.244309 0.354552 -0.381354 0.773011 0.634393 0.000000 64 64 64
0.366985 0.391766 -0.381354 -0.995184 -0.098019 -0.000000 64 64 64
0.238119 0.366133 -0.381354 0.881922 0.471396 0.000000 64 64 64
0.365698 0.378698 -0.381354 -0.995185 0.098017 0.000000 64 64 64
0.234308 0.378698 -0.381354 0.956941 0.290284 0.000000 64 64 64
0.361887 0.366133 -0.381354 -0.956940 0.290285 0.000000 64 64 64
0.233021 0.391766 -0.381354 0.995185 0.098017 0.000000 64 64 64
0.355697 0.354552 -0.409157 -0.881921 0.471397 -0.000001 64 64 64
0.355697 0.354552 -0.381354 -0.881921 0.471397 -0.000001 64 64 64
0.361887 0.366133 -0.381354 -0.881921 0.471397 -0.000001 64 64 64
0.234308 0.404833 -0.381354 0.995185 -0.098019 0.000000 64 64 64
0.347367 0.344402 -0.409157 -0.773011 0.634393 0.000000 64 64 64
0.347367 0.344402 -0.381354 -0.773011 0.634393 0.000000 64 64 64
0.355697 0.354552 -0.381354 -0.773011 0.634393 0.000000 64 64 64
0.238119 0.417399 -0.381354 0.956940 -0.290285 0.000000 64 64 64
0.337217 0.336072 -0.381354 -0.634395 0.773009 0.000000 64 64 64
0.244309 0.428979 -0.409157 0.881921 -0.471397 0.000001 64 64 64
0.244309 0.428979 -0.381354 0.881921 -0.471397 0.000001 64 64 64
0.238119 0.417399 -0.381354 0.881921 -0.471397 0.000001 64 64 64
0.325636 0.329882 -0.381354 -0.471396 0.881922 0.000000 64 64 64
0.313071 0.457461 -0.381354 -0.098017 -0.995185 -0.000000 64 64 64
0.252639 0.439129 -0.409157 0.773010 -0.634394 0.000000 64 64 64
0.252639 0.439129 -0.381354 0.773010 -0.634394 0.000000 64 64 64
0.244309 0.428979 -0.381354 0.773010 -0.634394 0.000000 64 64 64
0.313071 0.326070 -0.381354 -0.290287 0.956940 0.000000 64 64 64
0.325636 0.453649 -0.381354 -0.290285 -0.956940 -0.000000 64 64 64
0.262790 0.447460 -0.381354 0.634393 -0.773011 0.000000 64 64 64
0.300003 0.324783 -0.381354 -0.098017 0.995185 0.000000 64 64 64
0.337216 0.447460 -0.381354 -0.471397 -0.881921 -0.000000 64 64 64
0.274370 0.453649 -0.381354 0.471395 -0.881922 0.000000 64 64 64
0.286935 0.326070 -0.381354 0.098017 0.995185 0.000000 64 64 64
0.347367 0.439129 -0.381354 -0.634391 -0.773012 -0.000000 64 64 64
0.286936 0.457461 -0.381354 0.290283 -0.956941 0.000000 64 64 64
0.274370 0.329882 -0.381354 0.290287 0.956940 0.000000 64 64 64
0.017716 0.480811 -0.370342 0.098018 0.995185 0.000000 64 64 64
0.034747 0.475644 -0.370342 0.290283 0.956941 -0.000000 64 64 64
0.050444 0.467254 -0.370342 0.471397 0.881921 -0.000000 64 64 64
0.064202 0.455964 -0.370342 0.634394 0.773010 -0.000000 64 64 64
0.075493 0.442206 -0.370342 0.773010 0.634394 -0.000000 64 64 64
0.083882 0.426509 -0.370342 0.881922 0.471396 -0.000000 64 64 64
0.089049 0.409478 -0.370342 0.956940 0.290285 -0.000000 64 64 64
0.090793 0.391766 -0.370342 0.995185 0.098018 -0.000000 64 64 64
0.089049 0.374054 -0.370342 0.995185 -0.098017 0.000000 64 64 64
0.083882 0.357022 -0.370342 0.956940 -0.290284 0.000000 64 64 64
0.075493 0.341326 -0.370342 0.881922 -0.471396 0.000000 64 64 64
0.064202 0.327568 -0.370342 0.773011 -0.634393 0.000000 64 64 64
0.050444 0.316277 -0.370342 0.634392 -0.773012 0.000000 64 64 64
0.034747 0.307887 -0.370342 0.471398 -0.881920 0.000000 64 64 64
0.017716 0.302721 -0.370342 0.290283 -0.956941 0.000000 64 64 64
0.000004 0.300976 -0.370342 0.098018 -0.995185 0.000000 64 64 64
-0.017708 0.302721 -0.370342 -0.098018 -0.995185 -0.000000 64 64 64
-0.034740 0.307887 -0.370342 -0.290286 -0.956940 0.000000 64 64 64
-0.050436 0.316277 -0.370342 -0.471396 -0.881922 0.000000 64 64 64
-0.064194 0.327568 -0.370342 -0.634394 -0.773010 0.000000 64 64 64
-0.075485 0.341326 -0.370342 -0.773011 -0.634393 0.000000 64 64 64
-0.083875 0.357022 -0.370342 -0.881922 -0.471395 0.000000 64 64 64
-0.089041 0.374054 -0.370342 -0.956941 -0.290284 0.000000 64 64 64
-0.090786 0.391766 -0.370342 -0.995185 -0.098016 0.000000 64 64 64
-0.089041 0.409478 -0.370342 -0.995185 0.098018 0.000000 64 64 64
-0.083875 0.426509 -0.370342 -0.956940 0.290285 0.000000 64 64 64
-0.075485 0.442206 -0.370342 -0.881921 0.471398 0.000000 64 64 64
-0.064194 0.455964 -0.370342 -0.773010 0.634394 0.000000 64 64 64
-0.050436 0.467254 -0.370342 -0.634392 0.773012 0.000000 64 64 64
-0.034740 0.475644 -0.370342 -0.471395 0.881922 0.000000 64 64 64
-0.034740 0.475644 -0.370342 -0.290284 0.956940 -0.000000 64 64 64
-0.017708 0.480811 -0.370342 -0.290284 0.956940 -0.000000 64 64 64
-0.017708 0.480811 -0.409157 -0.290284 0.956940 -0.000000 64 64 64
0.000004 0.482555 -0.370342 -0.098015 0.995185 -0.000000 64 64 64
0.055698 0.428979 -0.381354 -0.773010 -0.634393 -0.000000 64 64 64
0.000004 0.458748 -0.381354 -0.000000 0.000000 -1.000000 64 64 64
0.013071 0.457461 -0.381354 -0.000000 0.000000 -1.000000 64 64 64
0.025637 0.453649 -0.381354 0.000000 0.000000 -1.000000 64 64 64
0.037217 0.447460 -0.381354 0.000000 0.000000 -1.000000 64 64 64
0.047368 0.439129 -0.381354 0.000000 0.000000 -1.000000 64 64 64
0.055698 0.428979 -0.381354 0.000000 0.000000 -1.000000 64 64 64
0.061887 0.417399 -0.381354 0.000000 0.000000 -1.000000 64 64 64
0.065699 0.404833 -0.381354 0.000000 0.000000 -1.000000 64 64 64
0.066986 0.391766 -0.381354 0.000000 0.000000 -1.000000 64 64 64
0.065699 0.378698 -0.381354 0.000000 0.000000 -1.000000 64 64 64
0.061887 0.366133 -0.381354 0.000000 -0.000000 -1.000000 64 64 64
0.055698 0.354552 -0.381354 0.000000 -0.000000 -1.000000 64 64 64
0.047368 0.344402 -0.381354 0.000000 0.000000 -1.000000 64 64 64
0.037217 0.336072 -0.381354 0.000000 0.000000 -1.000000 64 64 64
0.025637 0.329882 -0.381354 0.000000 -0.000000 -1.000000 64 64 64
0.000004 0.324783 -0.381354 0.000000 0.000000 -1.000000 64 64 64
-0.013064 0.326070 -0.381354 0.000000 0.000000 -1.000000 64 64 64
-0.025629 0.329882 -0.381354 -0.000000 -0.000000 -1.000000 64 64 64
-0.037210 0.336072 -0.381354 -0.000000 -0.000000 -1.000000 64 64 64
-0.047360 0.344402 -0.381354 0.000000 0.000000 -1.000000 64 64 64
-0.055690 0.354552 -0.381354 0.000000 0.000000 -1.000000 64 64 64
-0.061880 0.366133 -0.381354 0.000000 0.000000 -1.000000 64 64 64
-0.066979 0.391766 -0.381354 0.000000 -0.000000 -1.000000 64 64 64
-0.065691 0.404833 -0.381354 0.000000 -0.000000 -1.000000 64 64 64
-0.061880 0.417399 -0.381354 -0.000000 0.000000 -1.000000 64 64 64
-0.055690 0.428979 -0.381354 -0.000000 0.000000 -1.000000 64 64 64
-0.047360 0.439129 -0.381354 0.000000 0.000000 -1.000000 64 64 64
-0.037209 0.447460 -0.381354 0.000000 0.000000 -1.000000 64 64 64
-0.025629 0.453649 -0.381354 0.000000 0.000000 -1.000000 64 64 64
0.000004 0.458748 -0.381354 0.098018 -0.995185 0.000000 64 64 64
-0.037210 0.336072 -0.381354 0.471396 0.881922 0.000000 64 64 64
0.061887 0.417399 -0.381354 -0.881922 -0.471396 -0.000000 64 64 64
-0.047360 0.344402 -0.381354 0.634395 0.773009 0.000000 64 64 64
0.065699 0.404833 -0.381354 -0.956940 -0.290284 -0.000000 64 64 64
-0.055690 0.354552 -0.381354 0.773010 0.634394 0.000000 64 64 64
0.066986 0.391766 -0.381354 -0.995185 -0.098017 -0.000000 64 64 64
-0.061880 0.366133 -0.381354 0.881922 0.471395 0.000000 64 64 64
0.065699 0.378698 -0.381354 -0.995185 0.098017 0.000000 64 64 64
-0.065692 0.378698 -0.381354 0.956940 0.290284 0.000000 64 64 64
0.061887 0.366133 -0.381354 -0.956940 0.290285 0.000000 64 64 64
-0.066979 0.391766 -0.381354 0.995185 0.098016 0.000000 64 64 64
0.061887 0.366133 -0.409157 -0.881922 0.471395 -0.000001 64 64 64
0.055698 0.354552 -0.409157 -0.881922 0.471395 -0.000001 64 64 64
0.055698 0.354552 -0.381354 -0.881922 0.471395 -0.000001 64 64 64
-0.065691 0.404833 -0.381354 0.995185 -0.098018 0.000000 64 64 64
0.055698 0.354552 -0.409157 -0.773009 0.634395 0.000000 64 64 64
0.047368 0.344402 -0.409157 -0.773009 0.634395 0.000000 64 64 64
0.047368 0.344402 -0.381354 -0.773009 0.634395 0.000000 64 64 64
-0.061880 0.417399 -0.381354 0.956940 -0.290286 0.000000 64 64 64
0.037217 0.336072 -0.381354 -0.634393 0.773011 0.000000 64 64 64
-0.055690 0.428979 -0.409157 0.881921 -0.471397 0.000001 64 64 64
-0.055690 0.428979 -0.381354 0.881921 -0.471397 0.000001 64 64 64
-0.061880 0.417399 -0.381354 0.881921 -0.471397 0.000001 64 64 64
0.025637 0.329882 -0.381354 -0.471396 0.881922 -0.000000 64 64 64
0.013071 0.457461 -0.381354 -0.098017 -0.995185 -0.000000 64 64 64
-0.047360 0.439129 -0.409157 0.773009 -0.634395 0.000000 64 64 64
-0.047360 0.439129 -0.381354 0.773009 -0.634395 0.000000 64 64 64
-0.055690 0.428979 -0.381354 0.773009 -0.634395 0.000000 64 64 64
0.013071 0.326070 -0.381354 -0.290287 0.956940 -0.000000 64 64 64
0.025637 0.453649 -0.381354 -0.290285 -0.956940 -0.000000 64 64 64
-0.037209 0.447460 -0.381354 0.634392 -0.773011 0.000000 64 64 64
0.000004 0.324783 -0.381354 -0.098017 0.995185 -0.000000 64 64 64
0.037217 0.447460 -0.381354 -0.471398 -0.881921 -0.000000 64 64 64
-0.025629 0.453649 -0.381354 0.471396 -0.881922 0.000000 64 64 64
-0.013064 0.326070 -0.381354 0.098017 0.995185 0.000000 64 64 64
0.047368 0.439129 -0.381354 -0.634393 -0.773011 -0.000000 64 64 64
-0.013064 0.457461 -0.381354 0.290283 -0.956941 0.000000 64 64 64
-0.025629 0.329882 -0.409157 0.290287 0.956940 0.000000 64 64 64
-0.282283 0.480811 -0.370342 0.098018 0.995185 -0.000000 64 64 64
-0.265252 0.475644 -0.370342 0.290283 0.956941 -0.000000 64 64 64
-0.249555 0.467254 -0.370342 0.471397 0.881921 -0.000000 64 64 64
-0.235798 0.455964 -0.370342 0.634394 0.773010 -0.000000 64 64 64
-0.224507 0.442206 -0.370342 0.773010 0.634394 -0.000000 64 64 64
-0.216117 0.426509 -0.370342 0.881922 0.471396 -0.000000 64 64 64
-0.210950 0.409478 -0.370342 0.956940 0.290284 -0.000000 64 64 64
-0.209206 0.391766 -0.370342 0.995185 0.098017 -0.000000 64 64 64
-0.210950 0.374054 -0.370342 0.995185 -0.098016 0.000000 64 64 64
-0.216117 0.357022 -0.370342 0.956940 -0.290284 0.000000 64 64 64
-0.224507 0.341326 -0.370342 0.881922 -0.471396 0.000000 64 64 64
-0.235798 0.327568 -0.370342 0.773011 -0.634393 0.000000 64 64 64
-0.249555 0.316277 -0.370342 0.634392 -0.773012 0.000000 64 64 64
-0.265252 0.307887 -0.370342 0.471399 -0.881920 0.000000 64 64 64
-0.282283 0.302721 -0.370342 0.290283 -0.956941 0.000000 64 64 64
-0.299995 0.300976 -0.370342 0.098018 -0.995185 0.000000 64 64 64
-0.317708 0.302721 -0.370342 -0.098018 -0.995185 0.000000 64 64 64
-0.334739 0.307887 -0.370342 -0.290286 -0.956940 0.000000 64 64 64
-0.350435 0.316277 -0.370342 -0.471394 -0.881923 0.000000 64 64 64
-0.364193 0.327568 -0.370342 -0.634393 -0.773011 0.000000 64 64 64
-0.375484 0.341326 -0.370342 -0.773011 -0.634393 0.000000 64 64 64
-0.383874 0.357022 -0.370342 -0.881922 -0.471396 0.000000 64 64 64
-0.389040 0.374054 -0.370342 -0.956941 -0.290283 0.000000 64 64 64
-0.390785 0.391766 -0.370342 -0.995185 -0.098016 0.000000 64 64 64
-0.389040 0.409478 -0.370342 -0.995185 0.098018 0.000000 64 64 64
-0.383874 0.426509 -0.370342 -0.956940 0.290286 0.000000 64 64 64
-0.375484 0.442206 -0.370342 -0.881921 0.471397 0.000000 64 64 64
-0.364193 0.455964 -0.370342 -0.773010 0.634394 0.000000 64 64 64
-0.350435 0.467254 -0.370342 -0.634391 0.773012 0.000000 64 64 64
-0.334739 0.475644 -0.370342 -0.471397 0.881921 0.000000 64 64 64
-0.317707 0.480811 -0.370342 -0.290284 0.956940 0.000000 64 64 64
-0.299995 0.482555 -0.370342 -0.098015 0.995185 0.000000 64 64 64
-0.244302 0.428979 -0.381354 -0.773010 -0.634394 -0.000000 64 64 64
-0.299995 0.458748 -0.381354 -0.000000 0.000000 -1.000000 64 64 64
-0.286928 0.457461 -0.381354 -0.000000 0.000000 -1.000000 64 64 64
-0.274362 0.453649 -0.381354 0.000000 0.000000 -1.000000 64 64 64
-0.262782 0.447460 -0.381354 0.000000 0.000000 -1.000000 64 64 64
-0.252632 0.439129 -0.381354 0.000000 0.000000 -1.000000 64 64 64
-0.244302 0.428979 -0.381354 0.000000 0.000000 -1.000000 64 64 64
-0.238112 0.417399 -0.381354 0.000000 0.000000 -1.000000 64 64 64
-0.234300 0.404833 -0.381354 0.000000 0.000000 -1.000000 64 64 64
-0.233013 0.391766 -0.381354 0.000000 0.000000 -1.000000 64 64 64
-0.234300 0.378698 -0.381354 0.000000 0.000000 -1.000000 64 64 64
-0.238112 0.366133 -0.381354 0.000000 -0.000000 -1.000000 64 64 64
-0.244302 0.354552 -0.381354 0.000000 -0.000000 -1.000000 64 64 64
-0.252632 0.344402 -0.381354 0.000000 0.000000 -1.000000 64 64 64
-0.262782 0.336072 -0.381354 0.000000 0.000000 -1.000000 64 64 64
-0.274362 0.329882 -0.381354 0.000000 -0.000000 -1.000000 64 64 64
-0.299995 0.324783 -0.381354 0.000000 0.000000 -1.000000 64 64 64
-0.313063 0.326070 -0.381354 0.000000 0.000000 -1.000000 64 64 64
-0.325628 0.329882 -0.381354 -0.000000 -0.000000 -1.000000 64 64 64
-0.337209 0.336072 -0.381354 -0.000000 -0.000000 -1.000000 64 64 64
-0.347359 0.344402 -0.381354 0.000000 0.000000 -1.000000 64 64 64
-0.355689 0.354552 -0.381354 0.000000 0.000000 -1.000000 64 64 64
-0.361879 0.366133 -0.381354 0.000000 0.000000 -1.000000 64 64 64
-0.366978 0.391766 -0.381354 0.000000 -0.000000 -1.000000 64 64 64
-0.365691 0.404833 -0.381354 0.000000 -0.000000 -1.000000 64 64 64
-0.361879 0.417399 -0.381354 0.000000 0.000000 -1.000000 64 64 64
-0.355689 0.428979 -0.381354 0.000000 0.000000 -1.000000 64 64 64
-0.347359 0.439129 -0.381354 0.000000 0.000000 -1.000000 64 64 64
-0.337209 0.447460 -0.381354 0.000000 0.000000 -1.000000 64 64 64
-0.325628 0.453649 -0.381354 0.000000 0.000000 -1.000000 64 64 64
-0.299995 0.458748 -0.381354 0.098018 -0.995185 0.000000 64 64 64
-0.337209 0.336072 -0.381354 0.471396 0.881922 0.000000 64 64 64
-0.238112 0.417399 -0.381354 -0.881921 -0.471397 -0.000000 64 64 64
-0.347359 0.344402 -0.381354 0.634393 0.773011 0.000000 64 64 64
-0.234300 0.404833 -0.381354 -0.956941 -0.290284 -0.000000 64 64 64
-0.355689 0.354552 -0.381354 0.773010 0.634394 0.000000 64 64 64
-0.233013 0.391766 -0.381354 -0.995185 -0.098018 -0.000000 64 64 64
-0.361879 0.366133 -0.381354 0.881922 0.471395 0.000000 64 64 64
-0.234300 0.378698 -0.381354 -0.995185 0.098017 0.000000 64 64 64
-0.365691 0.378698 -0.381354 0.956940 0.290285 0.000000 64 64 64
-0.238112 0.366133 -0.381354 -0.956940 0.290285 0.000000 64 64 64
-0.366978 0.391766 -0.381354 0.995185 0.098017 0.000000 64 64 64
-0.238112 0.366133 -0.409157 -0.881922 0.471396 -0.000001 64 64 64
-0.244302 0.354552 -0.409157 -0.881922 0.471396 -0.000001 64 64 64
-0.244302 0.354552 -0.381354 -0.881922 0.471396 -0.000001 64 64 64
-0.365691 0.404833 -0.381354 0.995185 -0.098019 0.000000 64 64 64
-0.244302 0.354552 -0.409157 -0.773009 0.634395 0.000000 64 64 64
-0.252632 0.344402 -0.409157 -0.773009 0.634395 0.000000 64 64 64
-0.252632 0.344402 -0.381354 -0.773009 0.634395 0.000000 64 64 64
-0.361879 0.417399 -0.381354 0.956940 -0.290285 0.000000 64 64 64
-0.262782 0.336072 -0.381354 -0.634394 0.773010 0.000000 64 64 64
-0.355689 0.428979 -0.409157 0.881921 -0.471397 0.000001 64 64 64
-0.355689 0.428979 -0.381354 0.881921 -0.471397 0.000001 64 64 64
-0.361879 0.417399 -0.381354 0.881921 -0.471397 0.000001 64 64 64
-0.274362 0.329882 -0.381354 -0.471396 0.881922 0.000000 64 64 64
-0.286928 0.457461 -0.381354 -0.098017 -0.995185 -0.000000 64 64 64
-0.347359 0.439129 -0.409157 0.773009 -0.634395 0.000000 64 64 64
-0.347359 0.439129 -0.381354 0.773009 -0.634395 0.000000 64 64 64
-0.355689 0.428979 -0.381354 0.773009 -0.634395 0.000000 64 64 64
-0.286928 0.326070 -0.381354 -0.290287 0.956940 0.000000 64 64 64
-0.274362 0.453649 -0.381354 -0.290285 -0.956940 -0.000000 64 64 64
-0.337209 0.447460 -0.381354 0.634394 -0.773010 0.000000 64 64 64
-0.299995 0.324783 -0.381354 -0.098017 0.995185 0.000000 64 64 64
-0.262782 0.447460 -0.381354 -0.471397 -0.881921 -0.000000 64 64 64
-0.325628 0.453649 -0.381354 0.471395 -0.881922 0.000000 64 64 64
-0.313063 0.326070 -0.381354 0.098017 0.995185 0.000000 64 64 64
-0.252632 0.439129 -0.381354 -0.634393 -0.773011 -0.000000 64 64 64
-0.313063 0.457461 -0.381354 0.290283 -0.956941 0.000000 64 64 64
-0.325628 0.329882 -0.381354 0.290287 0.956940 0.000000 64 64 64
-0.582282 0.480811 -0.370342 0.098018 0.995185 0.000000 64 64 64
-0.565251 0.475644 -0.370342 0.290283 0.956941 0.000000 64 64 64
-0.549555 0.467254 -0.370342 0.471398 0.881921 0.000001 64 64 64
-0.535797 0.455964 -0.370342 0.634393 0.773011 0.000001 64 64 64
-0.524506 0.442206 -0.370342 0.773012 0.634392 0.000001 64 64 64
-0.516116 0.426509 -0.370342 0.881920 0.471398 0.000001 64 64 64
-0.510950 0.409478 -0.370342 0.956941 0.290283 0.000001 64 64 64
-0.509205 0.391766 -0.370342 0.995185 0.098018 0.000002 64 64 64
-0.510950 0.374054 -0.370342 0.995185 -0.098018 0.000002 64 64 64
-0.516116 0.357022 -0.370342 0.956941 -0.290283 0.000001 64 64 64
-0.524506 0.341326 -0.370342 0.881921 -0.471398 0.000001 64 64 64
-0.535797 0.327568 -0.370342 0.773012 -0.634391 0.000001 64 64 64
-0.549555 0.316277 -0.370342 0.634391 -0.773012 0.000001 64 64 64
-0.565251 0.307887 -0.370342 0.471398 -0.881921 0.000001 64 64 64
-0.582283 0.302721 -0.370342 0.290283 -0.956941 0.000000 64 64 64
-0.599995 0.300976 -0.370342 0.098018 -0.995185 0.000000 64 64 64
-0.617707 0.302721 -0.370342 -0.098018 -0.995185 -0.000000 64 64 64
-0.634738 0.307887 -0.370342 -0.290286 -0.956940 -0.000000 64 64 64
-0.650435 0.316277 -0.370342 -0.471395 -0.881922 -0.000001 64 64 64
-0.664193 0.327568 -0.370342 -0.634395 -0.773009 -0.000001 64 64 64
-0.675483 0.341326 -0.370342 -0.773011 -0.634393 -0.000001 64 64 64
-0.683873 0.357022 -0.370342 -0.881922 -0.471395 -0.000001 64 64 64
-0.689040 0.374054 -0.370342 -0.956940 -0.290286 -0.000001 64 64 64
-0.690784 0.391766 -0.370342 -0.995185 -0.098015 -0.000002 64 64 64
-0.689040 0.409478 -0.370342 -0.995185 0.098018 -0.000002 64 64 64
-0.683873 0.426509 -0.370342 -0.956940 0.290286 -0.000001 64 64 64
-0.675483 0.442206 -0.370342 -0.881920 0.471398 -0.000001 64 64 64
-0.664192 0.455964 -0.370342 -0.773010 0.634394 -0.000001 64 64 64
-0.650434 0.467254 -0.370342 -0.634392 0.773011 -0.000001 64 64 64
-0.634738 0.475644 -0.370342 -0.471396 0.881922 -0.000001 64 64 64
-0.617707 0.480811 -0.370342 -0.290284 0.956941 -0.000000 64 64 64
-0.599995 0.482555 -0.370342 -0.098015 0.995185 -0.000000 64 64 64
-0.544301 0.428979 -0.381354 -0.773011 -0.634393 -0.000002 64 64 64
-0.582282 0.480811 -0.409157 0.000002 -0.000000 -1.000000 64 64 64
-0.599995 0.482555 -0.409157 -0.000000 0.000000 -1.000000 64 64 64
-0.582282 0.302721 -0.409157 0.000000 0.000000 -1.000000 64 64 64
-0.599995 0.300976 -0.409157 0.000002 0.000000 -1.000000 64 64 64
-0.613062 0.457461 -0.381354 0.000001 -0.000012 -1.000000 64 64 64
-0.599995 0.458748 -0.381354 0.000001 -0.000012 -1.000000 64 64 64
-0.586927 0.457461 -0.381354 0.000001 -0.000012 -1.000000 64 64 64
-0.586927 0.457461 -0.381354 0.000001 0.000004 -1.000000 64 64 64
-0.574362 0.453649 -0.381354 0.000001 0.000004 -1.000000 64 64 64
-0.613062 0.457461 -0.381354 0.000001 0.000004 -1.000000 64 64 64
-0.574362 0.453649 -0.381354 0.000001 0.000002 -1.000000 64 64 64
-0.562781 0.447459 -0.381354 0.000001 0.000002 -1.000000 64 64 64
-0.613062 0.457461 -0.381354 0.000001 0.000002 -1.000000 64 64 64
-0.562781 0.447459 -0.381354 0.000000 0.000000 -1.000000 64 64 64
-0.552631 0.439129 -0.381354 0.000000 0.000000 -1.000000 64 64 64
-0.544301 0.428979 -0.381354 0.000000 0.000000 -1.000000 64 64 64
-0.538111 0.417399 -0.381354 0.000000 0.000000 -1.000000 64 64 64
-0.534299 0.404833 -0.381354 0.000000 0.000000 -1.000000 64 64 64
-0.533012 0.391766 -0.381354 0.000000 0.000000 -1.000000 64 64 64
-0.534299 0.378698 -0.381354 0.000000 0.000000 -1.000000 64 64 64
-0.538111 0.366133 -0.381354 0.000000 -0.000000 -1.000000 64 64 64
-0.544301 0.354552 -0.381354 0.000000 -0.000000 -1.000000 64 64 64
-0.552631 0.344402 -0.381354 0.000000 0.000000 -1.000000 64 64 64
-0.562781 0.336072 -0.381354 0.000000 0.000000 -1.000000 64 64 64
-0.574362 0.329882 -0.381354 0.000000 -0.000000 -1.000000 64 64 64
-0.586927 0.326070 -0.381354 0.000001 0.000012 -1.000000 64 64 64
-0.599995 0.324783 -0.381354 0.000001 0.000012 -1.000000 64 64 64
-0.613062 0.326070 -0.381354 0.000001 0.000012 -1.000000 64 64 64
-0.613062 0.326070 -0.381354 0.000001 0.000004 -1.000000 64 64 64
-0.625628 0.329882 -0.381354 0.000001 0.000004 -1.000000 64 64 64
-0.586927 0.326070 -0.381354 0.000001 0.000004 -1.000000 64 64 64
-0.625628 0.329882 -0.381354 0.000001 0.000002 -1.000000 64 64 64
-0.637208 0.336072 -0.381354 0.000001 0.000002 -1.000000 64 64 64
-0.586927 0.326070 -0.381354 0.000001 0.000002 -1.000000 64 64 64
-0.637208 0.336072 -0.381354 0.000000 0.000000 -1.000000 64 64 64
-0.647358 0.344402 -0.381354 0.000000 0.000000 -1.000000 64 64 64
-0.665690 0.378698 -0.381354 0.000000 0.000000 -1.000000 64 64 64
-0.655689 0.354552 -0.381354 0.000000 0.000000 -1.000000 64 64 64
-0.661878 0.366133 -0.381354 0.000000 0.000000 -1.000000 64 64 64
-0.666977 0.391766 -0.381354 0.000000 -0.000000 -1.000000 64 64 64
-0.665690 0.404833 -0.381354 0.000000 0.000000 -1.000000 64 64 64
-0.661878 0.417399 -0.381354 0.000000 0.000000 -1.000000 64 64 64
-0.647358 0.439129 -0.381354 0.000000 0.000000 -1.000000 64 64 64
-0.637208 0.447460 -0.381354 0.000000 0.000000 -1.000000 64 64 64
-0.625628 0.453649 -0.381354 0.000000 0.000000 -1.000000 64 64 64
-0.613062 0.457461 -0.381354 0.000001 0.000000 -1.000000 64 64 64
-0.562781 0.447459 -0.381354 0.000001 0.000000 -1.000000 64 64 64
-0.534299 0.404833 -0.381354 0.000001 0.000000 -1.000000 64 64 64
-0.586927 0.326070 -0.381354 0.000001 0.000000 -1.000000 64 64 64
-0.637208 0.336072 -0.381354 0.000001 0.000000 -1.000000 64 64 64
-0.665690 0.378698 -0.381354 0.000001 0.000000 -1.000000 64 64 64
-0.613062 0.457461 -0.409157 0.098018 -0.995185 0.000000 64 64 64
-0.599995 0.458748 -0.409157 0.098018 -0.995185 0.000000 64 64 64
-0.599995 0.458748 -0.381354 0.098018 -0.995185 0.000000 64 64 64
-0.637208 0.336072 -0.381354 0.471397 0.881921 0.000001 64 64 64
-0.538111 0.417399 -0.381354 -0.881922 -0.471396 -0.000002 64 64 64
-0.647358 0.344402 -0.381354 0.634394 0.773010 0.000001 64 64 64
-0.534299 0.404833 -0.381354 -0.956940 -0.290287 -0.000002 64 64 64
-0.655689 0.354552 -0.381354 0.773010 0.634394 0.000002 64 64 64
-0.533012 0.391766 -0.381354 -0.995185 -0.098017 -0.000002 64 64 64
-0.661878 0.366133 -0.381354 0.881922 0.471395 0.000002 64 64 64
-0.534299 0.378698 -0.381354 -0.995185 0.098017 -0.000002 64 64 64
-0.665690 0.378698 -0.381354 0.956941 0.290283 0.000002 64 64 64
-0.538111 0.366133 -0.381354 -0.956940 0.290287 -0.000002 64 64 64
-0.666977 0.391766 -0.381354 0.995185 0.098017 0.000002 64 64 64
-0.538111 0.366133 -0.409157 -0.881922 0.471395 -0.000003 64 64 64
-0.544301 0.354552 -0.409157 -0.881922 0.471395 -0.000003 64 64 64
-0.544301 0.354552 -0.381354 -0.881922 0.471395 -0.000003 64 64 64
-0.665690 0.404833 -0.381354 0.995185 -0.098017 0.000002 64 64 64
-0.544301 0.354552 -0.409157 -0.773010 0.634394 -0.000002 64 64 64
-0.552631 0.344402 -0.409157 -0.773010 0.634394 -0.000002 64 64 64
-0.552631 0.344402 -0.381354 -0.773010 0.634394 -0.000002 64 64 64
-0.661878 0.417399 -0.381354 0.956940 -0.290287 0.000002 64 64 64
-0.562781 0.336072 -0.381354 -0.634394 0.773010 -0.000001 64 64 64
-0.655688 0.428979 -0.409157 0.881920 -0.471399 0.000002 64 64 64
-0.655688 0.428979 -0.381354 0.881920 -0.471399 0.000002 64 64 64
-0.661878 0.417399 -0.381354 0.881920 -0.471399 0.000002 64 64 64
-0.574362 0.329882 -0.381354 -0.471395 0.881922 -0.000001 64 64 64
-0.586927 0.457461 -0.381354 -0.098017 -0.995185 -0.000000 64 64 64
-0.647358 0.439129 -0.409157 0.773010 -0.634394 0.000002 64 64 64
-0.647358 0.439129 -0.381354 0.773010 -0.634394 0.000002 64 64 64
-0.655688 0.428979 -0.381354 0.773010 -0.634394 0.000002 64 64 64
-0.586927 0.326070 -0.381354 -0.290287 0.956940 -0.000001 64 64 64
-0.574362 0.453649 -0.381354 -0.290285 -0.956940 -0.000001 64 64 64
-0.637208 0.447460 -0.381354 0.634391 -0.773012 0.000001 64 64 64
-0.599995 0.324783 -0.381354 -0.098017 0.995185 -0.000000 64 64 64
-0.562781 0.447459 -0.381354 -0.471397 -0.881921 -0.000001 64 64 64
-0.625628 0.453649 -0.381354 0.471397 -0.881921 0.000001 64 64 64
-0.613062 0.326070 -0.381354 0.098016 0.995185 0.000000 64 64 64
-0.552631 0.439129 -0.381354 -0.634394 -0.773010 -0.000001 64 64 64
-0.625628 0.453649 -0.409157 0.290282 -0.956941 0.000001 64 64 64
-0.613062 0.457461 -0.409157 0.290282 -0.956941 0.000001 64 64 64
-0.613062 0.457461 -0.381354 0.290282 -0.956941 0.000001 64 64 64
-0.625628 0.329882 -0.381354 0.290287 0.956940 0.000001 64 64 64
-0.716630 1.524967 -0.427436 -1.000000 0.000000 -0.000001 64 64 64
0.716630 1.524967 -0.427436 0.000000 0.000000 -1.000000 64 64 64
0.716630 1.524967 -0.370341 1.000000 -0.000000 0.000001 64 64 64
0.716630 1.324628 -0.370341 0.000000 -1.000000 0.000000 64 64 64
-0.716630 1.524967 -0.370342 0.000000 1.000000 0.000000 64 64 64
0.192779 1.124628 -0.427436 -1.000000 0.000000 0.000000 64 64 64
0.716630 1.124628 -0.427436 0.000000 0.000000 -1.000000 64 64 64
0.716629 1.124628 -0.370341 1.000000 -0.000000 0.000001 64 64 64
0.716629 0.924289 -0.370341 0.000000 -1.000000 0.000000 64 64 64
0.192779 1.124628 -0.370342 0.000000 1.000000 0.000000 64 64 64
-0.716629 1.124628 -0.427436 -1.000000 0.000000 -0.000001 64 64 64
0.092780 1.124628 -0.427436 0.000000 0.000000 -1.000000 64 64 64
0.092780 1.124628 -0.370342 1.000000 0.000000 0.000000 64 64 64
0.092780 0.924289 -0.427436 0.000000 -1.000000 0.000000 64 64 64
-0.716630 1.124628 -0.370342 0.000000 1.000000 0.000000 64 64 64
0.332290 0.480811 0.500000 -0.098020 0.995184 0.000000 64 64 64
0.315259 0.475644 0.500000 -0.290283 0.956941 0.000000 64 64 64
0.299562 0.467254 0.500000 -0.471397 0.881921 0.000000 64 64 64
0.285804 0.455964 0.500000 -0.634394 0.773010 0.000000 64 64 64
0.274513 0.442206 0.500000 -0.773010 0.634394 0.000000 64 64 64
0.274513 0.442206 0.500000 -0.881921 0.471397 0.000001 64 64 64
0.266124 0.426509 0.500000 -0.881921 0.471397 0.000001 64 64 64
0.266124 0.426509 0.538815 -0.881921 0.471397 0.000001 64 64 64
0.266124 0.426509 0.538815 -0.956940 0.290284 0.000001 64 64 64
0.266124 0.426509 0.500000 -0.956940 0.290284 0.000001 64 64 64
0.260957 0.409478 0.500000 -0.956940 0.290284 0.000001 64 64 64
0.260957 0.409478 0.500000 -0.995185 0.098018 0.000001 64 64 64
0.259213 0.391766 0.500000 -0.995185 0.098018 0.000001 64 64 64
0.259213 0.391766 0.538815 -0.995185 0.098018 0.000001 64 64 64
0.259213 0.391766 0.500000 -0.995185 -0.098018 -0.000000 64 64 64
0.260957 0.374054 0.500000 -0.995185 -0.098018 -0.000000 64 64 64
0.260957 0.374054 0.538815 -0.995185 -0.098018 -0.000000 64 64 64
0.266124 0.357022 0.500000 -0.956940 -0.290284 -0.000000 64 64 64
0.274513 0.341326 0.500000 -0.881922 -0.471396 -0.000000 64 64 64
0.285804 0.327568 0.500000 -0.773010 -0.634394 -0.000000 64 64 64
0.285804 0.327568 0.500000 -0.634392 -0.773012 0.000000 64 64 64
0.299562 0.316277 0.500000 -0.634392 -0.773012 0.000000 64 64 64
0.299562 0.316277 0.538815 -0.634392 -0.773012 0.000000 64 64 64
0.299562 0.316277 0.538815 -0.471398 -0.881920 0.000000 64 64 64
0.299562 0.316277 0.500000 -0.471398 -0.881920 0.000000 64 64 64
0.315259 0.307887 0.500000 -0.471398 -0.881920 0.000000 64 64 64
0.315259 0.307887 0.500000 -0.290283 -0.956941 0.000000 64 64 64
0.332290 0.302721 0.500000 -0.290283 -0.956941 0.000000 64 64 64
0.332290 0.302721 0.538815 -0.290283 -0.956941 0.000000 64 64 64
0.350002 0.300976 0.500000 -0.098016 -0.995185 -0.000000 64 64 64
0.367714 0.302721 0.500000 0.098018 -0.995185 -0.000000 64 64 64
0.384746 0.307887 0.500000 0.290286 -0.956940 -0.000000 64 64 64
0.400442 0.316277 0.500000 0.471396 -0.881922 0.000000 64 64 64
0.400442 0.316277 0.500000 0.634394 -0.773010 -0.000000 64 64 64
0.414200 0.327568 0.500000 0.634394 -0.773010 -0.000000 64 64 64
0.414200 0.327568 0.538815 0.634394 -0.773010 -0.000000 64 64 64
0.414200 0.327568 0.500000 0.773011 -0.634392 0.000000 64 64 64
0.425491 0.341326 0.500000 0.773011 -0.634392 0.000000 64 64 64
0.425491 0.341326 0.538815 0.773011 -0.634392 0.000000 64 64 64
0.425491 0.341326 0.500000 0.881922 -0.471395 -0.000001 64 64 64
0.433881 0.357022 0.500000 0.881922 -0.471395 -0.000001 64 64 64
0.433881 0.357022 0.538815 0.881922 -0.471395 -0.000001 64 64 64
0.433881 0.357022 0.500000 0.956940 -0.290284 0.000000 64 64 64
0.439047 0.374054 0.500000 0.956940 -0.290284 0.000000 64 64 64
0.439047 0.374054 0.538815 0.956940 -0.290284 0.000000 64 64 64
0.440792 0.391766 0.500000 0.995185 -0.098016 0.000000 64 64 64
0.439047 0.409478 0.500000 0.995185 0.098018 0.000000 64 64 64
0.433881 0.426509 0.500000 0.956940 0.290286 0.000000 64 64 64
0.433881 0.426509 0.500000 0.881921 0.471397 -0.000000 64 64 64
0.425491 0.442206 0.500000 0.773009 0.634395 -0.000001 64 64 64
0.414200 0.455964 0.500000 0.773009 0.634395 -0.000001 64 64 64
0.414200 0.455964 0.538815 0.773009 0.634395 -0.000001 64 64 64
0.400442 0.467255 0.500000 0.634392 0.773011 -0.000000 64 64 64
0.400442 0.467255 0.500000 0.471396 0.881922 0.000000 64 64 64
0.384746 0.475644 0.500000 0.471396 0.881922 0.000000 64 64 64
0.384746 0.475644 0.538815 0.471396 0.881922 0.000000 64 64 64
0.384746 0.475644 0.500000 0.290284 0.956941 -0.000000 64 64 64
0.367714 0.480811 0.500000 0.290284 0.956941 -0.000000 64 64 64
0.367714 0.480811 0.538815 0.290284 0.956941 -0.000000 64 64 64
0.367714 0.480811 0.500000 0.098015 0.995185 -0.000000 64 64 64
0.294308 0.428979 0.538815 0.773010 -0.634394 -0.000001 64 64 64
0.294308 0.428979 0.511012 0.773010 -0.634394 -0.000001 64 64 64
0.302639 0.439129 0.511012 0.773010 -0.634394 -0.000001 64 64 64
0.387216 0.447460 0.538815 0.000000 -0.000000 1.000000 64 64 64
0.411886 0.417399 0.538815 0.000002 0.000001 1.000000 64 64 64
0.433881 0.357022 0.538815 0.000000 0.000000 1.000000 64 64 64
0.411886 0.417399 0.538815 0.000000 -0.000000 1.000000 64 64 64
0.439047 0.374054 0.538815 0.000002 -0.000001 1.000000 64 64 64
0.415698 0.378698 0.538815 0.000002 -0.000001 1.000000 64 64 64
0.411886 0.366133 0.538815 0.000002 -0.000001 1.000000 64 64 64
0.384746 0.307887 0.538815 -0.000004 0.000000 1.000000 64 64 64
0.400442 0.316277 0.538815 -0.000004 0.000000 1.000000 64 64 64
0.387216 0.336072 0.538815 -0.000004 0.000000 1.000000 64 64 64
0.414200 0.327568 0.538815 -0.000003 -0.000003 1.000000 64 64 64
0.397366 0.344402 0.538815 -0.000003 -0.000003 1.000000 64 64 64
0.387216 0.336072 0.538815 -0.000003 -0.000003 1.000000 64 64 64
0.400442 0.467255 0.538815 -0.000005 0.000001 1.000000 64 64 64
0.387216 0.447460 0.538815 -0.000005 0.000001 1.000000 64 64 64
0.397366 0.439130 0.538815 -0.000005 0.000001 1.000000 64 64 64
0.415698 0.404833 0.538815 0.000003 0.000000 1.000000 64 64 64
0.363070 0.457461 0.511012 -0.000000 0.000000 1.000000 64 64 64
0.350002 0.458748 0.511012 -0.000000 0.000000 1.000000 64 64 64
0.312789 0.447460 0.511012 -0.000000 0.000000 1.000000 64 64 64
0.336935 0.457461 0.511012 0.000000 0.000000 1.000000 64 64 64
0.324369 0.453649 0.511012 0.000000 0.000000 1.000000 64 64 64
0.302639 0.439129 0.511012 0.000000 0.000000 1.000000 64 64 64
0.294308 0.428979 0.511012 0.000000 0.000000 1.000000 64 64 64
0.288119 0.417399 0.511012 0.000000 -0.000000 1.000000 64 64 64
0.284307 0.404833 0.511012 0.000000 -0.000000 1.000000 64 64 64
0.283020 0.391766 0.511012 0.000000 -0.000000 1.000000 64 64 64
0.284307 0.378698 0.511012 0.000000 -0.000000 1.000000 64 64 64
0.288119 0.366133 0.511012 0.000000 0.000000 1.000000 64 64 64
0.294308 0.354552 0.511012 0.000000 0.000000 1.000000 64 64 64
0.302639 0.344402 0.511012 0.000000 0.000000 1.000000 64 64 64
0.312789 0.336072 0.511012 0.000000 0.000000 1.000000 64 64 64
0.324369 0.329882 0.511012 0.000000 0.000000 1.000000 64 64 64
0.336935 0.326070 0.511012 0.000000 0.000000 1.000000 64 64 64
0.350002 0.324783 0.511012 0.000000 0.000000 1.000000 64 64 64
0.363070 0.326070 0.511012 0.000000 0.000000 1.000000 64 64 64
0.375635 0.329882 0.511012 -0.000000 0.000000 1.000000 64 64 64
0.387216 0.336072 0.511012 -0.000000 0.000000 1.000000 64 64 64
0.387216 0.336072 0.511012 -0.000010 0.000006 1.000000 64 64 64
0.397366 0.344402 0.511013 -0.000010 0.000006 1.000000 64 64 64
0.415698 0.378698 0.511013 -0.000010 0.000006 1.000000 64 64 64
0.397366 0.344402 0.511013 0.000000 0.000000 1.000000 64 64 64
0.405696 0.354552 0.511013 0.000000 0.000000 1.000000 64 64 64
0.415698 0.378698 0.511013 0.000000 0.000000 1.000000 64 64 64
0.411886 0.366133 0.511013 0.000000 0.000000 1.000000 64 64 64
0.416985 0.391766 0.511013 0.000000 0.000000 1.000000 64 64 64
0.405696 0.428979 0.511013 0.000000 0.000000 1.000000 64 64 64
0.415698 0.404833 0.511013 0.000000 0.000000 1.000000 64 64 64
0.411886 0.417399 0.511013 0.000000 0.000000 1.000000 64 64 64
0.405696 0.428979 0.511013 -0.000018 -0.000015 1.000000 64 64 64
0.397366 0.439130 0.511013 -0.000018 -0.000015 1.000000 64 64 64
0.387216 0.447460 0.511012 -0.000018 -0.000015 1.000000 64 64 64
0.387216 0.447460 0.511012 0.000000 0.000000 1.000000 64 64 64
0.375635 0.453649 0.511012 0.000000 0.000000 1.000000 64 64 64
0.405696 0.428979 0.511013 -0.000004 -0.000001 1.000000 64 64 64
0.387216 0.447460 0.511012 -0.000004 -0.000001 1.000000 64 64 64
0.415698 0.378698 0.511013 -0.000004 -0.000001 1.000000 64 64 64
0.387216 0.447460 0.511012 0.000000 0.000001 1.000000 64 64 64
0.363070 0.457461 0.511012 0.000000 0.000001 1.000000 64 64 64
0.415698 0.378698 0.511013 0.000000 0.000001 1.000000 64 64 64
0.336935 0.326070 0.511012 0.000000 -0.000002 1.000000 64 64 64
0.387216 0.336072 0.511012 0.000000 -0.000002 1.000000 64 64 64
0.415698 0.378698 0.511013 0.000000 -0.000002 1.000000 64 64 64
0.350002 0.458748 0.511012 -0.098018 -0.995185 0.000000 64 64 64
0.387216 0.336072 0.511012 -0.471396 0.881922 0.000000 64 64 64
0.288119 0.417399 0.538815 0.881922 -0.471396 0.000000 64 64 64
0.288119 0.417399 0.511012 0.881922 -0.471396 0.000000 64 64 64
0.294308 0.428979 0.511012 0.881922 -0.471396 0.000000 64 64 64
0.397366 0.344402 0.511013 -0.634396 0.773008 0.000000 64 64 64
0.284307 0.404833 0.538815 0.956940 -0.290285 -0.000001 64 64 64
0.284307 0.404833 0.511012 0.956940 -0.290285 -0.000001 64 64 64
0.288119 0.417399 0.511012 0.956940 -0.290285 -0.000001 64 64 64
0.405696 0.354552 0.511013 -0.773010 0.634394 0.000000 64 64 64
0.283020 0.391766 0.538815 0.995185 -0.098017 0.000000 64 64 64
0.283020 0.391766 0.511012 0.995185 -0.098017 0.000000 64 64 64
0.284307 0.404833 0.511012 0.995185 -0.098017 0.000000 64 64 64
0.405696 0.354552 0.538815 -0.881921 0.471397 0.000001 64 64 64
0.411886 0.366133 0.538815 -0.881921 0.471397 0.000001 64 64 64
0.411886 0.366133 0.511013 -0.881921 0.471397 0.000001 64 64 64
0.284307 0.378698 0.511012 0.995185 0.098017 -0.000000 64 64 64
0.415698 0.378698 0.538815 -0.956940 0.290285 0.000000 64 64 64
0.415698 0.378698 0.511013 -0.956940 0.290285 0.000000 64 64 64
0.411886 0.366133 0.511013 -0.956940 0.290285 0.000000 64 64 64
0.288119 0.366133 0.511012 0.956940 0.290285 -0.000000 64 64 64
0.416985 0.391766 0.538815 -0.995185 0.098015 0.000001 64 64 64
0.416985 0.391766 0.511013 -0.995185 0.098015 0.000001 64 64 64
0.415698 0.378698 0.511013 -0.995185 0.098015 0.000001 64 64 64
0.294308 0.354552 0.538815 0.881921 0.471397 0.000000 64 64 64
0.415698 0.404833 0.538815 -0.995185 -0.098017 0.000000 64 64 64
0.415698 0.404833 0.511013 -0.995185 -0.098017 0.000000 64 64 64
0.416985 0.391766 0.511013 -0.995185 -0.098017 0.000000 64 64 64
0.294308 0.354552 0.538815 0.773010 0.634394 -0.000000 64 64 64
0.302639 0.344402 0.538815 0.773010 0.634394 -0.000000 64 64 64
0.302639 0.344402 0.511012 0.773010 0.634394 -0.000000 64 64 64
0.411886 0.417399 0.511013 -0.956940 -0.290285 0.000000 64 64 64
0.312789 0.336072 0.511012 0.634391 0.773012 -0.000000 64 64 64
0.405696 0.428979 0.538815 -0.881921 -0.471397 -0.000001 64 64 64
0.405696 0.428979 0.511013 -0.881921 -0.471397 -0.000001 64 64 64
0.411886 0.417399 0.511013 -0.881921 -0.471397 -0.000001 64 64 64
0.324369 0.329882 0.511012 0.471396 0.881922 -0.000000 64 64 64
0.336935 0.457461 0.538815 0.098019 -0.995185 -0.000000 64 64 64
0.336935 0.457461 0.511012 0.098019 -0.995185 -0.000000 64 64 64
0.350002 0.458748 0.511012 0.098019 -0.995185 -0.000000 64 64 64
0.397366 0.439130 0.538815 -0.773009 -0.634395 0.000000 64 64 64
0.397366 0.439130 0.511013 -0.773009 -0.634395 0.000000 64 64 64
0.405696 0.428979 0.511013 -0.773009 -0.634395 0.000000 64 64 64
0.336935 0.326070 0.511012 0.290287 0.956940 -0.000000 64 64 64
0.324369 0.453649 0.511012 0.290285 -0.956940 -0.000000 64 64 64
0.387216 0.447460 0.538815 -0.634391 -0.773012 0.000001 64 64 64
0.387216 0.447460 0.511012 -0.634391 -0.773012 0.000001 64 64 64
0.397366 0.439130 0.511013 -0.634391 -0.773012 0.000001 64 64 64
0.350002 0.324783 0.511012 0.098014 0.995185 -0.000000 64 64 64
0.324369 0.453649 0.538815 0.471397 -0.881921 0.000000 64 64 64
0.312789 0.447460 0.538815 0.471397 -0.881921 0.000000 64 64 64
0.312789 0.447460 0.511012 0.471397 -0.881921 0.000000 64 64 64
0.375635 0.453649 0.538815 -0.471396 -0.881922 0.000000 64 64 64
0.375635 0.453649 0.511012 -0.471396 -0.881922 0.000000 64 64 64
0.387216 0.447460 0.511012 -0.471396 -0.881922 0.000000 64 64 64
0.363070 0.326070 0.511012 -0.098017 0.995185 0.000000 64 64 64
0.302639 0.439129 0.511012 0.634393 -0.773011 0.000000 64 64 64
0.363070 0.457461 0.511012 -0.290283 -0.956941 0.000000 64 64 64
0.375635 0.329882 0.511012 -0.290287 0.956940 0.000000 64 64 64
-0.367707 0.480811 0.500000 -0.098018 0.995185 0.000000 64 64 64
-0.384738 0.475644 0.500000 -0.290283 0.956941 0.000000 64 64 64
-0.400435 0.467254 0.500000 -0.471397 0.881921 0.000000 64 64 64
-0.414193 0.455964 0.500000 -0.634394 0.773010 0.000000 64 64 64
-0.425483 0.442206 0.500000 -0.773010 0.634394 0.000000 64 64 64
-0.425483 0.442206 0.500000 -0.881921 0.471397 0.000001 64 64 64
-0.433873 0.426509 0.500000 -0.881921 0.471397 0.000001 64 64 64
-0.433873 0.426509 0.538815 -0.881921 0.471397 0.000001 64 64 64
-0.433873 0.426509 0.538815 -0.956940 0.290284 0.000001 64 64 64
-0.433873 0.426509 0.500000 -0.956940 0.290284 0.000001 64 64 64
-0.439040 0.409478 0.500000 -0.956940 0.290284 0.000001 64 64 64
-0.439040 0.409478 0.500000 -0.995185 0.098018 0.000001 64 64 64
-0.440784 0.391766 0.500000 -0.995185 0.098018 0.000001 64 64 64
-0.440784 0.391766 0.538815 -0.995185 0.098018 0.000001 64 64 64
-0.440784 0.391766 0.500000 -0.995185 -0.098018 -0.000000 64 64 64
-0.439040 0.374054 0.500000 -0.995185 -0.098018 -0.000000 64 64 64
-0.439040 0.374054 0.538815 -0.995185 -0.098018 -0.000000 64 64 64
-0.433873 0.357022 0.500000 -0.956940 -0.290284 -0.000000 64 64 64
-0.425483 0.341326 0.500000 -0.881922 -0.471396 -0.000000 64 64 64
-0.414193 0.327568 0.500000 -0.773010 -0.634394 -0.000000 64 64 64
-0.414193 0.327568 0.538815 -0.634392 -0.773012 0.000000 64 64 64
-0.414193 0.327568 0.500000 -0.634392 -0.773012 0.000000 64 64 64
-0.400435 0.316277 0.500000 -0.634392 -0.773012 0.000000 64 64 64
-0.400435 0.316277 0.500000 -0.471398 -0.881921 -0.000000 64 64 64
-0.384738 0.307887 0.500000 -0.471398 -0.881921 -0.000000 64 64 64
-0.384738 0.307887 0.538815 -0.471398 -0.881921 -0.000000 64 64 64
-0.384738 0.307887 0.500000 -0.290283 -0.956941 0.000000 64 64 64
-0.367707 0.302721 0.500000 -0.290283 -0.956941 0.000000 64 64 64
-0.367707 0.302721 0.538815 -0.290283 -0.956941 0.000000 64 64 64
-0.349995 0.300976 0.500000 -0.098018 -0.995185 -0.000000 64 64 64
-0.349995 0.300976 0.500000 0.098020 -0.995184 -0.000000 64 64 64
-0.332283 0.302721 0.500000 0.098020 -0.995184 -0.000000 64 64 64
-0.332283 0.302721 0.538815 0.098020 -0.995184 -0.000000 64 64 64
-0.315251 0.307887 0.500000 0.290286 -0.956940 -0.000000 64 64 64
-0.315251 0.307887 0.500000 0.471396 -0.881922 -0.000000 64 64 64
-0.299555 0.316277 0.500000 0.634394 -0.773010 -0.000000 64 64 64
-0.285797 0.327568 0.500000 0.634394 -0.773010 -0.000000 64 64 64
-0.285797 0.327568 0.538815 0.634394 -0.773010 -0.000000 64 64 64
-0.285797 0.327568 0.500000 0.773011 -0.634392 0.000000 64 64 64
-0.274506 0.341326 0.500000 0.773011 -0.634392 0.000000 64 64 64
-0.274506 0.341326 0.538815 0.773011 -0.634392 0.000000 64 64 64
-0.274506 0.341326 0.500000 0.881922 -0.471395 -0.000001 64 64 64
-0.266116 0.357022 0.500000 0.881922 -0.471395 -0.000001 64 64 64
-0.266116 0.357022 0.538815 0.881922 -0.471395 -0.000001 64 64 64
-0.266116 0.357022 0.500000 0.956940 -0.290284 0.000000 64 64 64
-0.260950 0.374054 0.500000 0.956940 -0.290284 0.000000 64 64 64
-0.260950 0.374054 0.538815 0.956940 -0.290284 0.000000 64 64 64
-0.259205 0.391766 0.500000 0.995185 -0.098016 0.000000 64 64 64
-0.260950 0.409478 0.500000 0.995185 0.098018 0.000000 64 64 64
-0.266116 0.426509 0.500000 0.956940 0.290286 0.000000 64 64 64
-0.266116 0.426509 0.500000 0.881921 0.471397 -0.000000 64 64 64
-0.274506 0.442206 0.500000 0.773009 0.634395 -0.000001 64 64 64
-0.285797 0.455964 0.500000 0.773009 0.634395 -0.000001 64 64 64
-0.285797 0.455964 0.538815 0.773009 0.634395 -0.000001 64 64 64
-0.299555 0.467254 0.500000 0.634392 0.773011 -0.000000 64 64 64
-0.299555 0.467254 0.500000 0.471396 0.881922 0.000000 64 64 64
-0.315251 0.475644 0.500000 0.471396 0.881922 0.000000 64 64 64
-0.315251 0.475644 0.538815 0.471396 0.881922 0.000000 64 64 64
-0.315251 0.475644 0.500000 0.290284 0.956941 -0.000000 64 64 64
-0.332283 0.480811 0.500000 0.290284 0.956941 -0.000000 64 64 64
-0.332283 0.480811 0.538815 0.290284 0.956941 -0.000000 64 64 64
-0.332283 0.480811 0.500000 0.098014 0.995185 -0.000000 64 64 64
-0.400435 0.467254 0.538815 -0.000001 0.000002 1.000000 64 64 64
-0.387208 0.447459 0.538815 -0.000001 0.000002 1.000000 64 64 64
-0.375628 0.453649 0.538815 -0.000001 0.000002 1.000000 64 64 64
-0.405689 0.428979 0.538815 0.773010 -0.634394 -0.000001 64 64 64
-0.405689 0.428979 0.511012 0.773010 -0.634394 -0.000001 64 64 64
-0.397358 0.439129 0.511012 0.773010 -0.634394 -0.000001 64 64 64
-0.288111 0.417399 0.538815 0.000002 0.000001 1.000000 64 64 64
-0.414193 0.455964 0.538815 -0.000003 -0.000003 1.000000 64 64 64
-0.397358 0.439129 0.538815 -0.000003 -0.000003 1.000000 64 64 64
-0.387208 0.447459 0.538815 -0.000003 -0.000003 1.000000 64 64 64
-0.400435 0.316277 0.538815 -0.000005 0.000001 1.000000 64 64 64
-0.387208 0.336072 0.538815 -0.000005 0.000001 1.000000 64 64 64
-0.397358 0.344402 0.538815 -0.000005 0.000001 1.000000 64 64 64
-0.266116 0.357022 0.538815 0.000000 0.000000 1.000000 64 64 64
-0.288111 0.417399 0.538815 0.000000 -0.000000 1.000000 64 64 64
-0.400435 0.316277 0.538815 -0.000003 0.000001 1.000000 64 64 64
-0.384738 0.307887 0.538815 -0.000003 0.000001 1.000000 64 64 64
-0.375628 0.329882 0.538815 -0.000003 0.000001 1.000000 64 64 64
-0.260950 0.374054 0.538815 0.000002 -0.000001 1.000000 64 64 64
-0.284299 0.378698 0.538815 0.000002 -0.000001 1.000000 64 64 64
-0.288111 0.366133 0.538815 0.000002 -0.000001 1.000000 64 64 64
-0.384738 0.475644 0.538815 0.000000 -0.000000 1.000000 64 64 64
-0.284299 0.404833 0.538815 0.000003 0.000000 1.000000 64 64 64
-0.349995 0.458748 0.511012 -0.000000 0.000000 1.000000 64 64 64
-0.387208 0.447459 0.511012 -0.000000 0.000000 1.000000 64 64 64
-0.363062 0.457461 0.511012 0.000000 0.000000 1.000000 64 64 64
-0.375628 0.453649 0.511012 0.000000 0.000000 1.000000 64 64 64
-0.387208 0.447459 0.511012 -0.000018 0.000015 1.000000 64 64 64
-0.397358 0.439129 0.511012 -0.000018 0.000015 1.000000 64 64 64
-0.405689 0.428979 0.511012 -0.000018 0.000015 1.000000 64 64 64
-0.405689 0.428979 0.511012 -0.000007 0.000004 1.000000 64 64 64
-0.411878 0.417399 0.511012 -0.000007 0.000004 1.000000 64 64 64
-0.387208 0.447459 0.511012 -0.000007 0.000004 1.000000 64 64 64
-0.411878 0.417399 0.511012 -0.000004 0.000001 1.000000 64 64 64
-0.415690 0.404833 0.511012 -0.000004 0.000001 1.000000 64 64 64
-0.387208 0.447459 0.511012 -0.000004 0.000001 1.000000 64 64 64
-0.415690 0.404833 0.511012 0.000000 -0.000000 1.000000 64 64 64
-0.416977 0.391766 0.511012 0.000000 -0.000000 1.000000 64 64 64
-0.415690 0.378698 0.511012 0.000000 -0.000000 1.000000 64 64 64
-0.411878 0.366133 0.511012 0.000000 0.000000 1.000000 64 64 64
-0.405689 0.354552 0.511012 0.000000 0.000000 1.000000 64 64 64
-0.405689 0.354552 0.511012 -0.000018 -0.000015 1.000000 64 64 64
-0.397358 0.344402 0.511012 -0.000018 -0.000015 1.000000 64 64 64
-0.387208 0.336072 0.511012 -0.000018 -0.000015 1.000000 64 64 64
-0.387208 0.336072 0.511012 0.000004 0.000007 1.000000 64 64 64
-0.375628 0.329882 0.511012 0.000004 0.000007 1.000000 64 64 64
-0.405689 0.354552 0.511012 0.000004 0.000007 1.000000 64 64 64
-0.375628 0.329882 0.511012 0.000001 0.000004 1.000000 64 64 64
-0.363062 0.326070 0.511012 0.000001 0.000004 1.000000 64 64 64
-0.405689 0.354552 0.511012 0.000001 0.000004 1.000000 64 64 64
-0.349995 0.324783 0.511012 0.000000 0.000000 1.000000 64 64 64
-0.336927 0.326070 0.511012 0.000000 0.000000 1.000000 64 64 64
-0.324362 0.329882 0.511012 -0.000000 0.000000 1.000000 64 64 64
-0.312781 0.336072 0.511012 -0.000000 0.000000 1.000000 64 64 64
-0.302631 0.344402 0.511012 0.000000 0.000000 1.000000 64 64 64
-0.294301 0.354552 0.511012 0.000000 0.000000 1.000000 64 64 64
-0.288111 0.366133 0.511012 0.000000 0.000000 1.000000 64 64 64
-0.283012 0.391766 0.511012 0.000000 0.000000 1.000000 64 64 64
-0.294301 0.428979 0.511012 0.000000 0.000000 1.000000 64 64 64
-0.284299 0.404833 0.511012 0.000000 0.000000 1.000000 64 64 64
-0.288111 0.417399 0.511012 0.000000 0.000000 1.000000 64 64 64
-0.302631 0.439129 0.511012 0.000000 0.000000 1.000000 64 64 64
-0.312781 0.447460 0.511012 0.000000 0.000000 1.000000 64 64 64
-0.324362 0.453649 0.511012 0.000000 0.000000 1.000000 64 64 64
-0.336927 0.457461 0.511012 0.000000 -0.000002 1.000000 64 64 64
-0.387208 0.447459 0.511012 0.000000 -0.000002 1.000000 64 64 64
-0.415690 0.404833 0.511012 0.000000 -0.000002 1.000000 64 64 64
-0.415690 0.404833 0.511012 -0.000001 -0.000000 1.000000 64 64 64
-0.405689 0.354552 0.511012 -0.000001 -0.000000 1.000000 64 64 64
-0.336927 0.457461 0.511012 -0.000001 -0.000000 1.000000 64 64 64
-0.363062 0.326070 0.511012 -0.000001 0.000000 1.000000 64 64 64
-0.349995 0.458748 0.511012 -0.098015 -0.995185 0.000000 64 64 64
-0.312781 0.336072 0.511012 -0.471396 0.881922 0.000000 64 64 64
-0.411878 0.417399 0.538815 0.881922 -0.471396 0.000000 64 64 64
-0.411878 0.417399 0.511012 0.881922 -0.471396 0.000000 64 64 64
-0.405689 0.428979 0.511012 0.881922 -0.471396 0.000000 64 64 64
-0.302631 0.344402 0.511012 -0.634396 0.773008 0.000000 64 64 64
-0.415690 0.404833 0.538815 0.956940 -0.290285 -0.000001 64 64 64
-0.415690 0.404833 0.511012 0.956940 -0.290285 -0.000001 64 64 64
-0.411878 0.417399 0.511012 0.956940 -0.290285 -0.000001 64 64 64
-0.294301 0.354552 0.511012 -0.773010 0.634394 0.000000 64 64 64
-0.416977 0.391766 0.538815 0.995185 -0.098017 0.000000 64 64 64
-0.416977 0.391766 0.511012 0.995185 -0.098017 0.000000 64 64 64
-0.415690 0.404833 0.511012 0.995185 -0.098017 0.000000 64 64 64
-0.288111 0.366133 0.538815 -0.881922 0.471395 0.000001 64 64 64
-0.288111 0.366133 0.511012 -0.881922 0.471395 0.000001 64 64 64
-0.294301 0.354552 0.511012 -0.881922 0.471395 0.000001 64 64 64
-0.415690 0.378698 0.511012 0.995185 0.098017 -0.000000 64 64 64
-0.284299 0.378698 0.538815 -0.956940 0.290285 0.000000 64 64 64
-0.284299 0.378698 0.511012 -0.956940 0.290285 0.000000 64 64 64
-0.288111 0.366133 0.511012 -0.956940 0.290285 0.000000 64 64 64
-0.411878 0.366133 0.511012 0.956940 0.290285 -0.000000 64 64 64
-0.283012 0.391766 0.538815 -0.995185 0.098015 0.000001 64 64 64
-0.283012 0.391766 0.511012 -0.995185 0.098015 0.000001 64 64 64
-0.284299 0.378698 0.511012 -0.995185 0.098015 0.000001 64 64 64
-0.405689 0.354552 0.511012 0.881921 0.471397 0.000000 64 64 64
-0.284299 0.404833 0.538815 -0.995185 -0.098017 0.000000 64 64 64
-0.284299 0.404833 0.511012 -0.995185 -0.098017 0.000000 64 64 64
-0.283012 0.391766 0.511012 -0.995185 -0.098017 0.000000 64 64 64
-0.405689 0.354552 0.538815 0.773010 0.634394 -0.000000 64 64 64
-0.397358 0.344402 0.538815 0.773010 0.634394 -0.000000 64 64 64
-0.397358 0.344402 0.511012 0.773010 0.634394 -0.000000 64 64 64
-0.288111 0.417399 0.511012 -0.956940 -0.290285 0.000000 64 64 64
-0.387208 0.336072 0.511012 0.634391 0.773012 -0.000000 64 64 64
-0.294301 0.428979 0.538815 -0.881921 -0.471397 -0.000001 64 64 64
-0.294301 0.428979 0.511012 -0.881921 -0.471397 -0.000001 64 64 64
-0.288111 0.417399 0.511012 -0.881921 -0.471397 -0.000001 64 64 64
-0.375628 0.329882 0.511012 0.471396 0.881922 -0.000000 64 64 64
-0.363062 0.457461 0.511012 0.098017 -0.995185 -0.000000 64 64 64
-0.302631 0.439129 0.538815 -0.773009 -0.634395 0.000000 64 64 64
-0.302631 0.439129 0.511012 -0.773009 -0.634395 0.000000 64 64 64
-0.294301 0.428979 0.511012 -0.773009 -0.634395 0.000000 64 64 64
-0.363062 0.326070 0.511012 0.290287 0.956940 -0.000000 64 64 64
-0.375628 0.453649 0.511012 0.290285 -0.956940 -0.000000 64 64 64
-0.312781 0.447460 0.538815 -0.634391 -0.773012 0.000001 64 64 64
-0.312781 0.447460 0.511012 -0.634391 -0.773012 0.000001 64 64 64
-0.302631 0.439129 0.511012 -0.634391 -0.773012 0.000001 64 64 64
-0.349995 0.324783 0.511012 0.098017 0.995185 -0.000000 64 64 64
-0.387208 0.447459 0.538815 0.471398 -0.881920 0.000000 64 64 64
-0.387208 0.447459 0.511012 0.471398 -0.881920 0.000000 64 64 64
-0.375628 0.453649 0.511012 0.471398 -0.881920 0.000000 64 64 64
-0.312781 0.447460 0.538815 -0.471395 -0.881922 0.000000 64 64 64
-0.324362 0.453649 0.538815 -0.471395 -0.881922 0.000000 64 64 64
-0.324362 0.453649 0.511012 -0.471395 -0.881922 0.000000 64 64 64
-0.336927 0.326070 0.511012 -0.098019 0.995184 0.000000 64 64 64
-0.397358 0.439129 0.511012 0.634393 -0.773011 0.000000 64 64 64
-0.336927 0.457461 0.511012 -0.290283 -0.956941 0.000000 64 64 64
-0.324362 0.329882 0.511012 -0.290287 0.956940 0.000000 64 64 64
3 0 1 2
3 3 4 5
3 6 7 8
3 9 10 11
3 12 13 14
3 15 16 17
3 8 18 19
3 20 21 6
3 19 22 20
3 23 24 25
3 26 27 28
3 29 30 31
3 32 33 34
3 35 36 37
3 38 39 40
3 41 42 43
3 44 45 46
3 47 48 49
3 50 51 52
3 53 54 55
3 56 57 58
3 59 60 61
3 62 63 64
3 65 66 67
3 68 69 70
3 71 72 73
3 74 75 76
3 77 78 79
3 80 81 82
3 83 84 85
3 86 87 88
3 89 90 91
3 92 93 94
3 95 96 97
3 98 99 100
3 101 102 103
3 104 105 106
3 107 108 109
3 110 111 112
3 113 114 115
3 116 117 118
3 119 120 121
3 122 123 124
3 125 126 127
3 128 129 130
3 131 132 133
3 134 135 136
3 137 138 139
3 140 141 142
3 143 144 145
3 146 147 148
3 149 150 151
3 152 153 154
3 155 156 131
3 157 138 158
3 159 160 140
3 161 144 162
3 163 147 164
3 165 166 167
3 168 169 152
3 170 171 155
3 157 172 173
3 159 174 175
3 176 177 178
3 179 180 181
3 182 183 163
3 165 184 185
3 168 186 187
3 188 189 170
3 190 191 172
3 192 174 193
3 194 132 177
3 137 195 182
3 142 184 196
3 143 186 197
3 188 148 198
3 199 200 191
3 192 153 201
3 202 203 204
3 205 206 207
3 208 209 210
3 211 212 213
3 214 215 216
3 217 218 219
3 220 221 222
3 223 224 225
3 226 227 228
3 229 230 231
3 232 233 234
3 235 236 237
3 238 239 240
3 241 242 243
3 244 245 246
3 247 248 249
3 250 251 252
3 253 254 255
3 256 257 258
3 259 260 261
3 262 263 264
3 265 266 267
3 268 269 270
3 271 272 273
3 274 275 276
3 277 278 279
3 280 281 282
3 283 284 285
3 286 287 288
3 289 290 291
3 292 293 294
3 295 296 297
3 298 299 300
3 301 302 303
3 304 305 306
3 307 308 309
3 310 311 312
3 313 314 315
3 316 317 318
3 319 320 321
3 322 323 324
3 325 326 327
3 328 329 330
3 331 332 333
3 334 335 336
3 337 338 339
3 340 341 342
3 343 344 345
3 346 347 348
3 349 350 351
3 352 353 354
3 355 356 357
3 358 359 360
3 361 362 363
3 364 365 366
3 367 368 369
3 370 371 372
3 373 374 375
3 376 377 378
3 379 380 381
3 382 383 384
3 385 386 387
3 388 389 390
3 391 392 393
3 394 395 396
3 397 398 399
3 400 401 402
3 403 404 405
3 406 407 408
3 409 410 411
3 412 413 414
3 415 416 417
3 418 419 394
3 420 421 400
3 422 423 403
3 406 424 425
3 426 410 427
3 428 413 429
3 430 431 415
3 432 433 418
3 434 435 420
3 436 437 422
3 438 439 440
3 440 424 441
3 442 443 426
3 428 444 445
3 446 447 430
3 448 449 432
3 434 450 451
3 452 453 436
3 438 395 454
3 442 401 455
3 405 444 456
3 446 407 457
3 409 458 448
3 412 450 459
3 417 460 452
3 461 462 463
3 464 465 466
3 467 468 469
3 470 471 472
3 473 474 475
3 476 477 478
3 479 480 481
3 482 483 484
3 485 486 487
3 488 489 490
3 491 492 493
3 494 495 496
3 497 498 499
3 500 501 502
3 503 504 505
3 506 507 508
3 509 510 511
3 512 513 514
3 515 516 517
3 518 519 520
3 521 522 523
3 524 525 526
3 527 528 529
3 530 531 532
3 533 534 535
3 536 537 538
3 539 540 541
3 542 543 544
3 545 546 547
3 548 549 550
3 551 552 553
3 554 555 556
3 557 558 559
3 560 561 562
3 563 564 565
3 566 567 568
3 569 570 571
3 572 573 574
3 575 576 577
3 578 579 580
3 581 582 583
3 584 585 586
3 587 588 589
3 590 591 592
3 593 594 595
3 596 597 598
3 599 600 601
3 602 603 604
3 605 606 607
3 608 609 610
3 611 612 613
3 614 615 616
3 617 618 619
3 620 621 622
3 623 624 625
3 626 627 628
3 629 630 631
3 632 633 634
3 635 636 637
3 638 639 640
3 641 642 643
3 644 645 646
3 647 648 649
3 650 651 652
3 653 654 655
3 656 657 658
3 659 660 661
3 662 663 664
3 665 666 667
3 668 669 670
3 671 672 673
3 674 675 676
3 677 678 653
3 679 680 659
3 681 663 682
3 683 684 665
3 685 686 668
3 687 672 688
3 689 690 674
3 677 691 692
3 679 693 694
3 681 695 696
3 697 698 699
3 683 698 700
3 701 702 685
3 687 703 704
3 689 705 706
3 707 691 708
3 709 710 693
3 711 695 712
3 697 654 713
3 701 660 714
3 662 703 715
3 667 705 716
3 670 717 707
3 718 673 710
3 676 719 711
3 720 721 722
3 723 724 725
3 726 727 728
3 729 730 731
3 732 733 734
3 735 736 737
3 738 739 740
3 741 742 743
3 744 745 746
3 747 748 749
3 750 751 752
3 753 754 755
3 756 757 758
3 759 760 761
3 762 763 764
3 765 766 767
3 768 769 770
3 771 772 773
3 774 775 776
3 777 778 779
3 780 781 782
3 783 784 785
3 786 787 788
3 789 790 791
3 792 793 794
3 795 796 797
3 798 799 800
3 801 802 803
3 804 805 806
3 807 808 809
3 810 811 812
3 813 814 815
3 816 817 818
3 819 820 821
3 822 823 824
3 825 826 827
3 828 829 830
3 831 832 833
3 834 835 836
3 837 838 839
3 840 841 842
3 843 844 845
3 846 847 848
3 849 850 851
3 852 853 854
3 855 856 857
3 858 859 860
3 861 862 863
3 864 865 866
3 867 868 869
3 870 871 872
3 873 874 875
3 876 877 878
3 879 880 881
3 882 883 884
3 885 886 887
3 888 889 890
3 891 892 893
3 894 895 896
3 897 898 899
3 900 901 902
3 903 904 905
3 906 907 908
3 909 910 911
3 912 913 914
3 915 916 917
3 918 919 920
3 921 922 923
3 924 925 926
3 927 928 929
3 930 931 932
3 933 934 935
3 936 937 912
3 938 939 918
3 940 941 921
3 924 942 943
3 944 945 927
3 946 931 947
3 948 949 933
3 936 950 951
3 938 952 953
3 940 954 955
3 956 957 958
3 958 942 959
3 960 961 944
3 946 962 963
3 948 964 965
3 966 950 967
3 968 969 952
3 970 954 971
3 956 913 972
3 960 919 973
3 923 962 974
3 926 964 975
3 929 976 966
3 930 969 977
3 935 978 970
3 979 980 981
3 982 983 984
3 985 986 987
3 988 989 990
3 991 992 993
3 994 995 996
3 997 998 999
3 1000 1001 1002
3 1003 1004 1005
3 1006 1007 1008
3 1009 1010 1011
3 1012 1013 1014
3 1015 1016 1017
3 1018 1019 1020
3 1021 1022 1023
3 1024 1025 1026
3 1027 1028 1029
3 1030 1031 1032
3 1033 1034 1035
3 1036 1037 1038
3 1039 1040 1041
3 1042 1043 1044
3 1045 1046 1047
3 1048 1049 1050
3 1051 1052 1053
3 1054 1055 1056
3 1057 1058 1059
3 1060 1061 1062
3 1063 1064 1065
3 1066 1067 1068
3 1069 1070 1071
3 1072 1073 1074
3 1075 1076 1077
3 1078 1079 1080
3 1081 1082 1083
3 1084 1085 1086
3 1087 1088 1089
3 1090 1091 1092
3 1093 1094 1095
3 1096 1097 1098
3 1099 1100 1101
3 1102 1103 1104
3 1105 1106 1107
3 1108 1109 1110
3 1111 1112 1113
3 1114 1115 1116
3 1117 1118 1119
3 1120 1121 1122
3 1123 1124 1125
3 1126 1127 1128
3 1129 1130 1131
3 1132 1133 1134
3 1135 1136 1137
3 1138 1139 1140
3 1141 1142 1143
3 1144 1145 1146
3 1147 1148 1149
3 1150 1151 1152
3 1153 1154 1155
3 1156 1157 1158
3 1159 1160 1161
3 1162 1163 1164
3 1165 1166 1167
3 1168 1169 1170
3 1171 1172 1173
3 1174 1175 1176
3 1177 1178 1179
3 1180 1181 1182
3 1183 1184 1185
3 1186 1187 1188
3 1189 1190 1191
3 1192 1193 1194
3 1195 1196 1171
3 1197 1178 1198
3 1199 1200 1180
3 1201 1184 1202
3 1203 1187 1204
3 1205 1206 1189
3 1207 1208 1192
3 1209 1210 1195
3 1197 1211 1212
3 1199 1213 1214
3 1215 1216 1217
3 1201 1218 1219
3 1220 1221 1203
3 1205 1222 1223
3 1207 1224 1225
3 1226 1227 1209
3 1228 1229 1211
3 1230 1213 1231
3 1232 1172 1233
3 1177 1234 1220
3 1182 1222 1235
3 1183 1224 1236
3 1226 1188 1237
3 1238 1239 1240
3 1230 1193 1241
3 1242 1243 1244
3 1245 1246 1247
3 1248 1249 1250
3 1251 1252 1253
3 1254 1255 1256
3 1257 1258 1259
3 1260 1261 1262
3 1263 1264 1265
3 1266 1267 1268
3 1269 1270 1271
3 1272 1273 1274
3 1275 1276 1277
3 1278 1279 1280
3 1281 1282 1283
3 1284 1285 1286
3 1287 1288 1289
3 1290 1291 1292
3 1293 1294 1295
3 1296 1297 1298
3 1299 1300 1301
3 1302 1303 1304
3 1305 1306 1307
3 1308 1309 1310
3 1311 1312 1313
3 1314 1315 1316
3 1317 1318 1319
3 1320 1321 1322
3 1323 1324 1325
3 1326 1327 1328
3 1329 1330 1331
3 1332 1333 1334
3 1335 1336 1337
3 1338 1339 1340
3 1341 1342 1343
3 1344 1345 1346
3 1347 1348 1349
3 1350 1351 1352
3 1353 1354 1355
3 1356 1357 1358
3 1359 1360 1361
3 1362 1363 1364
3 1365 1366 1367
3 1368 1369 1370
3 1371 1372 1373
3 1374 1375 1376
3 1377 1378 1379
3 1380 1381 1382
3 1383 1384 1385
3 1386 1387 1388
3 1389 1390 1391
3 1392 1393 1394
3 1395 1396 1397
3 1398 1399 1400
3 1401 1402 1403
3 1404 1405 1406
3 1407 1408 1409
3 1410 1411 1412
3 1413 1414 1415
3 1416 1417 1418
3 1419 1420 1421
3 1422 1423 1424
3 1425 1426 1427
3 1428 1429 1430
3 1431 1432 1433
3 1434 1435 1436
3 1437 1438 1439
3 1440 1441 1442
3 1443 1444 1445
3 1446 1447 1448
3 1449 1450 1451
3 1452 1453 1454
3 1455 1456 1457
3 1458 1459 1460
3 1461 1462 1463
3 1464 1465 1466
3 1467 1468 1469
3 1470 1471 1472
3 1473 1474 1475
3 1476 1477 1478
3 1479 1480 1481
3 1482 1483 1484
3 1485 1486 1487
3 1488 1489 1490
3 1491 1492 1493
3 1494 1495 1496
3 1497 1498 1499
3 1500 1501 1502
3 1503 1504 1479
3 1505 1506 1485
3 1488 1507 1508
3 1509 1510 1511
3 1512 1495 1513
3 1514 1498 1515
3 1516 1517 1518
3 1519 1520 1503
3 1505 1521 1522
3 1523 1524 1525
3 1526 1527 1528
3 1528 1510 1529
3 1530 1531 1512
3 1514 1532 1533
3 1534 1535 1536
3 1537 1538 1519
3 1539 1540 1521
3 1541 1542 1543
3 1526 1480 1544
3 1487 1545 1530
3 1546 1547 1548
3 1549 1535 1550
3 1494 1551 1537
3 1552 1499 1540
3 1553 1554 1541
3 1555 1556 1557
3 1558 1559 1560
3 1561 1562 1563
3 1564 1565 1566
3 1567 1568 1569
3 1570 1571 1572
3 1573 1574 1575
3 1576 1577 1578
3 1579 1580 1581
3 1582 1583 1584
3 1585 1586 1587
3 1588 1589 1590
3 1591 1592 1593
3 1594 1595 1596
3 1597 1598 1599
3 1600 1601 1602
3 1603 1604 1605
3 1606 1607 1608
3 1609 1610 1611
3 1612 1613 1614
3 1615 1616 1617
3 1618 1619 1620
3 1621 1622 1623
3 1624 1625 1626
3 1627 1628 1629
3 1630 1631 1632
3 1633 1634 1635
3 1636 1637 1638
3 1639 1640 1641
3 1642 1643 1644
3 1645 1646 1647
3 1648 1649 1650
3 1651 1652 1653
3 1654 1655 1656
3 1657 1658 1659
3 1660 1661 1662
3 1663 1664 1665
3 1666 1667 1668
3 1669 1670 1671
3 1672 1673 1674
3 1675 1676 1677
3 1678 1679 1680
3 1681 1682 1683
3 1684 1685 1686
3 1687 1688 1689
3 1690 1691 1692
3 1693 1694 1695
3 1696 1697 1698
3 1699 1700 1701
3 1702 1703 1704
3 1705 1706 1707
3 1708 1709 1710
3 1711 1712 1713
3 1714 1715 1716
3 1717 1718 1719
3 1720 1721 1722
3 1723 1724 1725
3 1726 1727 1728
3 1729 1730 1731
3 1732 1733 1734
3 1735 1736 1737
3 1738 1739 1740
3 1741 1742 1743
3 1744 1745 1746
3 1747 1748 1749
3 1750 1751 1752
3 1753 1754 1755
3 1756 1757 1758
3 1759 1760 1761
3 1762 1763 1764
3 1765 1766 1767
3 1768 1769 1770
3 1771 1772 1773
3 1774 1775 1753
3 1756 1776 1777
3 1759 1778 1779
3 1780 1763 1781
3 1782 1766 1783
3 1784 1785 1786
3 1787 1788 1789
3 1790 1791 1792
3 1793 1794 1795
3 1796 1797 1798
3 1798 1778 1799
3 1800 1801 1780
3 1782 1802 1803
3 1804 1805 1806
3 1807 1808 1787
3 1809 1810 1811
3 1812 1813 1814
3 1796 1815 1816
3 1755 1817 1800
3 1758 1802 1818
3 1761 1805 1819
3 1762 1820 1807
3 1821 1767 1810
3 1822 1823 1812
3 1824 1825 1826
3 1827 1828 1829
3 1830 1831 1832
3 1833 1834 1835
3 1836 1837 1838
3 1839 1840 1841
3 1842 1843 1844
3 1845 1846 1847
3 1848 1849 1850
3 1851 1852 1853
3 1854 1855 1856
3 1857 1858 1859
3 1860 1861 1862
3 1863 1864 1865
3 1866 1867 1868
3 1869 1870 1871
3 1872 1873 1874
3 1875 1876 1877
3 1878 1879 1880
3 1881 1882 1883
3 1884 1885 1886
3 1887 1888 1889
3 1890 1891 1892
3 1893 1894 1895
3 1896 1897 1898
3 1899 1900 1901
3 1902 1903 1904
3 1905 1906 1907
3 1908 1909 1910
3 1911 1912 1913
3 1914 1915 1916
3 1917 1918 1919
3 0 1920 1
3 3 1921 4
3 6 21 7
3 9 1922 10
3 12 1923 13
3 15 1924 16
3 8 7 18
3 20 22 21
3 19 18 22
3 23 1925 24
3 26 1926 27
3 29 1927 30
3 32 1928 33
3 35 1929 36
3 38 1930 39
3 41 1931 42
3 44 1932 45
3 47 1933 48
3 50 1934 51
3 53 1935 54
3 56 1936 57
3 59 1937 60
3 62 1938 63
3 65 1939 66
3 68 1940 69
3 71 1941 72
3 74 1942 75
3 77 1943 78
3 80 1944 81
3 83 1945 84
3 86 1946 87
3 89 1947 90
3 92 1948 93
3 95 1949 96
3 98 1950 99
3 101 1951 102
3 104 1952 105
3 107 1953 108
3 110 1954 111
3 113 1955 114
3 116 1956 117
3 119 1957 120
3 122 1958 123
3 125 1959 126
3 128 1960 129
3 131 156 132
3 134 1961 135
3 137 158 138
3 140 160 141
3 143 162 144
3 146 164 147
3 149 1962 150
3 152 169 153
3 155 171 156
3 157 173 138
3 159 175 160
3 161 1963 144
3 163 183 147
3 165 185 166
3 168 187 169
3 170 189 171
3 157 190 172
3 159 193 174
3 176 194 177
3 179 1964 180
3 182 195 183
3 165 196 184
3 168 197 186
3 188 198 189
3 190 199 191
3 192 201 174
3 194 133 132
3 137 139 195
3 142 141 184
3 143 145 186
3 188 146 148
3 199 1965 200
3 192 154 153
3 1966 1967 1968
3 1969 1970 1971
3 1972 1973 1974
3 1975 1976 1977
3 1977 1978 1975
3 1978 1979 1975
3 1979 1980 1981
3 1981 1982 1979
3 1982 1983 1979
3 1983 1984 1985
3 1985 1986 1983
3 1986 204 1983
3 1987 1988 1989
3 1990 1991 1992
3 1993 1994 1995
3 1996 1997 1998
3 1997 1999 1998
3 1999 2000 1998
3 1998 2001 202
3 2001 2002 202
3 2002 2003 202
3 202 2004 2005
3 2005 2006 203
3 202 2005 203
3 2007 2008 2009
3 1979 1983 203
3 1983 204 203
3 2010 2011 2012
3 1998 202 204
3 2013 2014 2015
3 208 2016 209
3 211 2017 212
3 214 2018 215
3 217 2019 218
3 220 2020 221
3 223 2021 224
3 226 2022 227
3 229 2023 230
3 232 2024 233
3 235 2025 236
3 238 2026 239
3 2027 2028 2029
3 244 2030 245
3 2031 2032 2033
3 250 2034 251
3 253 2035 254
3 2036 2037 2038
3 259 2039 260
3 262 2040 263
3 2041 2042 2043
3 268 2044 269
3 271 2045 272
3 274 2046 275
3 277 2047 278
3 280 2048 281
3 283 2049 284
3 286 2050 287
3 289 2051 290
3 2052 2053 2054
3 295 2055 296
3 298 2056 299
3 301 2057 302
3 304 2058 305
3 307 2059 308
3 310 2060 311
3 313 2061 314
3 316 2062 317
3 319 2063 320
3 322 2064 323
3 325 2065 326
3 328 2066 329
3 331 2067 332
3 334 2068 335
3 337 2069 338
3 340 2070 341
3 343 2071 344
3 346 2072 347
3 349 2073 350
3 352 2074 353
3 355 2075 356
3 358 2076 359
3 361 2077 362
3 364 2078 365
3 367 2079 368
3 370 2080 371
3 373 2081 374
3 376 2082 377
3 379 2083 380
3 382 2084 383
3 385 2085 386
3 388 2086 389
3 391 2087 392
3 394 419 395
3 397 2088 398
3 400 421 401
3 403 423 404
3 406 425 407
3 409 427 410
3 412 429 413
3 415 431 416
3 418 433 419
3 420 435 421
3 422 437 423
3 406 441 424
3 426 443 410
3 428 445 413
3 430 447 431
3 432 449 433
3 434 451 435
3 436 453 437
3 438 454 439
3 440 439 424
3 442 455 443
3 428 456 444
3 446 457 447
3 448 458 449
3 434 459 450
3 452 460 453
3 438 396 395
3 442 402 401
3 405 404 444
3 446 408 407
3 409 411 458
3 412 414 450
3 417 416 460
3 2089 2090 2091
3 2091 2092 2089
3 2092 2093 2089
3 2093 2094 461
3 2094 2095 461
3 2095 2096 461
3 461 2097 2098
3 2098 2099 461
3 2099 2100 461
3 2100 2101 2102
3 2102 2103 2100
3 2103 462 2100
3 462 2104 2105
3 2105 2106 462
3 2106 2107 462
3 2107 2108 463
3 2108 2109 463
3 2109 2110 463
3 463 2111 2112
3 2112 2113 2114
3 2114 2115 2089
3 2115 2116 2089
3 2116 2117 2089
3 463 2112 2089
3 2112 2114 2089
3 2089 2093 461
3 461 2100 462
3 462 2107 463
3 2089 461 463
3 464 2118 465
3 467 2119 468
3 470 2120 471
3 473 2121 474
3 476 2122 477
3 479 2123 480
3 482 2124 483
3 485 2125 486
3 488 2126 489
3 491 2127 492
3 494 2128 495
3 497 2129 498
3 2130 2131 2132
3 503 2133 504
3 2134 2135 2136
3 509 2137 510
3 512 2138 513
3 2139 2140 2141
3 518 2142 519
3 521 2143 522
3 2144 2145 2146
3 527 2147 528
3 530 2148 531
3 533 2149 534
3 536 2150 537
3 539 2151 540
3 542 2152 543
3 545 2153 546
3 548 2154 549
3 551 2155 552
3 554 2156 555
3 557 2157 558
3 560 2158 561
3 563 2159 564
3 566 2160 567
3 569 2161 570
3 572 2162 573
3 575 2163 576
3 578 2164 579
3 581 2165 582
3 584 2166 585
3 587 2167 588
3 590 2168 591
3 593 2169 594
3 596 2170 597
3 599 2171 600
3 602 2172 603
3 605 2173 606
3 608 2174 609
3 611 2175 612
3 614 2176 615
3 617 2177 618
3 620 2178 621
3 623 2179 624
3 626 2180 627
3 629 2181 630
3 632 2182 633
3 635 2183 636
3 638 2184 639
3 641 2185 642
3 644 2186 645
3 2187 2188 2189
3 650 2190 651
3 653 678 654
3 656 2191 657
3 659 680 660
3 662 682 663
3 665 684 666
3 668 686 669
3 671 688 672
3 674 690 675
3 677 692 678
3 679 694 680
3 681 696 663
3 683 700 684
3 685 702 686
3 687 704 672
3 689 706 690
3 677 708 691
3 679 709 693
3 681 712 695
3 697 713 698
3 683 699 698
3 701 714 702
3 687 715 703
3 689 716 705
3 707 717 691
3 709 718 710
3 711 719 695
3 697 655 654
3 701 661 660
3 662 664 703
3 667 666 705
3 670 669 717
3 718 671 673
3 676 675 719
3 722 2192 2193
3 2193 2194 2195
3 2195 2196 2197
3 2197 2198 2195
3 2198 2199 2195
3 2199 2200 2201
3 2201 2202 2199
3 2202 2203 2199
3 2203 2204 2205
3 2205 2206 2203
3 2206 720 2203
3 720 2207 2208
3 2208 2209 720
3 2209 2210 720
3 2210 2211 721
3 2211 2212 721
3 2212 2213 721
3 721 2214 2215
3 2215 2216 721
3 2216 2217 721
3 2217 2218 2219
3 2219 2220 722
3 722 2193 2195
3 2217 2219 721
3 2219 722 721
3 722 2195 720
3 2195 2199 720
3 2199 2203 720
3 720 2210 721
3 723 2221 724
3 726 2222 727
3 729 2223 730
3 732 2224 733
3 735 2225 736
3 738 2226 739
3 741 2227 742
3 744 2228 745
3 747 2229 748
3 750 2230 751
3 753 2231 754
3 756 2232 757
3 2233 2234 2235
3 762 2236 763
3 2237 2238 2239
3 768 2240 769
3 771 2241 772
3 2242 2243 2244
3 777 2245 778
3 780 2246 781
3 2247 2248 2249
3 786 2250 787
3 789 2251 790
3 792 2252 793
3 795 2253 796
3 798 2254 799
3 801 2255 802
3 804 2256 805
3 807 2257 808
3 810 2258 811
3 813 2259 814
3 816 2260 817
3 819 2261 820
3 822 2262 823
3 825 2263 826
3 828 2264 829
3 831 2265 832
3 834 2266 835
3 837 2267 838
3 840 2268 841
3 843 2269 844
3 846 2270 847
3 849 2271 850
3 852 2272 853
3 855 2273 856
3 858 2274 859
3 861 2275 862
3 864 2276 865
3 867 2277 868
3 870 2278 871
3 873 2279 874
3 876 2280 877
3 879 2281 880
3 882 2282 883
3 885 2283 886
3 888 2284 889
3 891 2285 892
3 894 2286 895
3 897 2287 898
3 900 2288 901
3 903 2289 904
3 906 2290 907
3 909 2291 910
3 912 937 913
3 915 2292 916
3 918 939 919
3 921 941 922
3 924 943 925
3 927 945 928
3 930 947 931
3 933 949 934
3 936 951 937
3 938 953 939
3 940 955 941
3 924 959 942
3 944 961 945
3 946 963 931
3 948 965 949
3 936 967 950
3 938 968 952
3 940 971 954
3 956 972 957
3 958 957 942
3 960 973 961
3 946 974 962
3 948 975 964
3 966 976 950
3 968 977 969
3 970 978 954
3 956 914 913
3 960 920 919
3 923 922 962
3 926 925 964
3 929 928 976
3 930 932 969
3 935 934 978
3 981 2293 2294
3 2294 2295 981
3 2295 2296 981
3 2296 2297 2298
3 2298 2299 2300
3 2300 2301 2302
3 2302 2303 2300
3 2303 2304 2300
3 2304 2305 2306
3 2306 2307 2304
3 2307 979 2304
3 979 2308 2309
3 2309 2310 979
3 2310 2311 979
3 2311 2312 980
3 2312 2313 980
3 2313 2314 980
3 980 2315 2316
3 2316 2317 2318
3 2318 2319 981
3 2319 2320 981
3 2320 2321 981
3 2296 2298 2300
3 980 2316 981
3 2316 2318 981
3 981 2296 2300
3 2300 2304 981
3 2304 979 981
3 979 2311 980
3 982 2322 983
3 985 2323 986
3 988 2324 989
3 991 2325 992
3 994 2326 995
3 997 2327 998
3 1000 2328 1001
3 1003 2329 1004
3 1006 2330 1007
3 1009 2331 1010
3 1012 2332 1013
3 1015 2333 1016
3 2334 2335 2336
3 1021 2337 1022
3 2338 2339 2340
3 1027 2341 1028
3 1030 2342 1031
3 2343 2344 2345
3 1036 2346 1037
3 1039 2347 1040
3 2348 2349 2350
3 1045 2351 1046
3 1048 2352 1049
3 1051 2353 1052
3 1054 2354 1055
3 1057 2355 1058
3 1060 2356 1061
3 1063 2357 1064
3 1066 2358 1067
3 1069 2359 1070
3 1072 2360 1073
3 1075 2361 1076
3 1078 2362 1079
3 1081 2363 1082
3 1084 2364 1085
3 1087 2365 1088
3 1090 2366 1091
3 1093 2367 1094
3 1096 2368 1097
3 1099 2369 1100
3 1102 2370 1103
3 1105 2371 1106
3 1108 2372 1109
3 1111 2373 1112
3 1114 2374 1115
3 1117 2375 1118
3 1120 2376 1121
3 1123 2377 1124
3 1126 2378 1127
3 1129 2379 1130
3 1132 2380 1133
3 1135 2381 1136
3 1138 2382 1139
3 1141 2383 1142
3 1144 2384 1145
3 1147 2385 1148
3 1150 2386 1151
3 1153 2387 1154
3 1156 2388 1157
3 1159 2389 1160
3 1162 2390 1163
3 1165 2391 1166
3 1168 2392 1169
3 1171 1196 1172
3 1174 2393 1175
3 1177 1198 1178
3 1180 1200 1181
3 1183 1202 1184
3 1186 1204 1187
3 1189 1206 1190
3 1192 1208 1193
3 1195 1210 1196
3 1197 1212 1178
3 1199 1214 1200
3 1201 1219 1184
3 1203 1221 1187
3 1205 1223 1206
3 1207 1225 1208
3 1209 1227 1210
3 1197 1228 1211
3 1199 1231 1213
3 1215 2394 1216
3 1201 2395 1218
3 1220 1234 1221
3 1205 1235 1222
3 1207 1236 1224
3 1226 1237 1227
3 1228 2396 1229
3 1230 1241 1213
3 1232 1173 1172
3 1177 1179 1234
3 1182 1181 1222
3 1183 1185 1224
3 1226 1186 1188
3 1238 2397 1239
3 1230 1194 1193
3 2398 2399 2400
3 2401 2402 2403
3 2404 2405 2406
3 2407 2408 2409
3 2409 2410 2407
3 2410 2411 2407
3 2411 2412 2413
3 2413 2414 2411
3 2414 2415 2411
3 2415 2416 2417
3 2417 2418 2415
3 2418 1244 2415
3 2419 2420 2421
3 2422 2423 2424
3 2425 2426 2427
3 2428 2429 2430
3 2429 2431 2430
3 2431 2432 2430
3 2430 2433 1242
3 2433 2434 1242
3 2434 2435 1242
3 1242 2436 2437
3 2437 2438 1243
3 1242 2437 1243
3 2439 2440 2441
3 2411 2415 1243
3 2415 1244 1243
3 2442 2443 2444
3 2430 1242 1244
3 2445 2446 2447
3 1248 2448 1249
3 1251 2449 1252
3 1254 2450 1255
3 1257 2451 1258
3 1260 2452 1261
3 1263 2453 1264
3 1266 2454 1267
3 1269 2455 1270
3 1272 2456 1273
3 1275 2457 1276
3 1278 2458 1279
3 2459 2460 2461
3 1284 2462 1285
3 2463 2464 2465
3 1290 2466 1291
3 1293 2467 1294
3 2468 2469 2470
3 1299 2471 1300
3 1302 2472 1303
3 2473 2474 2475
3 1308 2476 1309
3 1311 2477 1312
3 1314 2478 1315
3 1317 2479 1318
3 1320 2480 1321
3 1323 2481 1324
3 1326 2482 1327
3 1329 2483 1330
3 2484 2485 2486
3 1335 2487 1336
3 1338 2488 1339
3 1341 2489 1342
3 1344 2490 1345
3 1347 2491 1348
3 1350 2492 1351
3 1353 2493 1354
3 1356 2494 1357
3 1359 2495 1360
3 1362 2496 1363
3 1365 2497 1366
3 1368 2498 1369
3 1371 2499 1372
3 1374 2500 1375
3 1377 2501 1378
3 1380 2502 1381
3 1383 2503 1384
3 1386 2504 1387
3 1389 2505 1390
3 1392 2506 1393
3 1395 2507 1396
3 2508 2509 2510
3 2511 2512 2513
3 2514 2515 2516
3 2517 2518 2519
3 1410 2520 1411
3 1413 2521 1414
3 1416 2522 1417
3 2523 2524 2525
3 2526 2527 2528
3 2529 2530 2531
3 1428 2532 1429
3 1431 2533 1432
3 1434 2534 1435
3 1437 2535 1438
3 2536 2537 2538
3 2539 2540 2541
3 2542 2543 2544
3 2545 2546 2547
3 1452 2548 1453
3 1455 2549 1456
3 1458 2550 1459
3 1461 2551 1462
3 2552 2553 2554
3 1467 2555 1468
3 2556 2557 2558
3 2559 2560 2561
3 1476 2562 1477
3 1479 1504 1480
3 2563 2564 2565
3 1485 1506 1486
3 1488 1508 1489
3 1509 1511 2566
3 1494 1513 1495
3 1497 1515 1498
3 1500 2567 1501
3 1503 1520 1504
3 1505 1522 1506
3 1488 2568 1507
3 1509 1529 1510
3 1512 1531 1495
3 1514 1533 1498
3 1534 1536 2569
3 1519 1538 1520
3 1505 1539 1521
3 2570 2571 2572
3 1526 1544 1527
3 1528 1527 1510
3 1530 1545 1531
3 2573 2574 2575
3 1534 1550 1535
3 1537 1551 1538
3 1539 1552 1540
3 1541 1554 1542
3 1526 1481 1480
3 1487 1486 1545
3 2576 2577 2578
3 2579 2580 2581
3 1494 1496 1551
3 1552 1497 1499
3 1553 2582 1554
3 2583 2584 2585
3 2584 2586 2585
3 2586 2587 2585
3 2585 2588 2589
3 2589 2590 2585
3 2590 2591 2585
3 2591 2592 2593
3 2593 2594 2591
3 2594 2595 2591
3 2595 2596 2597
3 2597 2598 2595
3 2598 2599 2595
3 2599 2600 2601
3 2601 2602 2599
3 2602 2603 2599
3 2604 2605 2606
3 2607 2608 2609
3 2608 2610 2609
3 2609 2611 2612
3 2611 2613 2612
3 2613 2614 2612
3 2615 2616 2617
3 2618 2619 2583
3 2620 2621 2622
3 2623 2624 2625
3 2583 2585 2591
3 2591 2595 2583
3 2595 2599 2583
3 2626 2627 2628
3 1558 2629 1559
3 1561 2630 1562
3 2631 2632 2633
3 1567 2634 1568
3 2635 2636 2637
3 1573 2638 1574
3 2639 2640 2641
3 2642 2643 2644
3 1582 2645 1583
3 2646 2647 2648
3 1588 2649 1589
3 2650 2651 2652
3 1594 2653 1595
3 2654 2655 2656
3 2657 2658 2659
3 1603 2660 1604
3 1606 2661 1607
3 2662 2663 2664
3 1612 2665 1613
3 2666 2667 2668
3 2669 2670 2671
3 1621 2672 1622
3 1624 2673 1625
3 2674 2675 2676
3 1630 2677 1631
3 2678 2679 2680
3 2681 2682 2683
3 1639 2684 1640
3 1642 2685 1643
3 1645 2686 1646
3 1648 2687 1649
3 1651 2688 1652
3 1654 2689 1655
3 1657 2690 1658
3 1660 2691 1661
3 1663 2692 1664
3 2693 2694 2695
3 2696 2697 2698
3 2699 2700 2701
3 2702 2703 2704
3 1678 2705 1679
3 1681 2706 1682
3 1684 2707 1685
3 2708 2709 2710
3 2711 2712 2713
3 2714 2715 2716
3 1696 2717 1697
3 2718 2719 2720
3 1702 2721 1703
3 1705 2722 1706
3 2723 2724 2725
3 2726 2727 2728
3 2729 2730 2731
3 2732 2733 2734
3 1720 2735 1721
3 1723 2736 1724
3 1726 2737 1727
3 1729 2738 1730
3 2739 2740 2741
3 1735 2742 1736
3 2743 2744 2745
3 2746 2747 2748
3 1744 2749 1745
3 2750 2751 2752
3 2753 2754 2755
3 1753 1775 1754
3 1756 1777 1757
3 1759 1779 1760
3 1762 1781 1763
3 1765 1783 1766
3 1768 2756 1769
3 2757 2758 2759
3 2760 2761 2762
3 1756 2763 1776
3 1759 1799 1778
3 1780 1801 1763
3 1782 1803 1766
3 1804 1806 2764
3 1787 1808 1788
3 2765 2766 2767
3 2768 2769 2770
3 1796 1816 1797
3 1798 1797 1778
3 1800 1817 1801
3 1782 1818 1802
3 1804 1819 1805
3 1807 1820 1808
3 1809 1821 1810
3 1812 1823 1813
3 1796 2771 1815
3 1755 1754 1817
3 1758 1757 1802
3 1761 1760 1805
3 1762 1764 1820
3 1821 1765 1767
3 1822 2772 1823
3 1826 2773 2774
3 2773 2775 2774
3 2775 2776 2774
3 2777 2778 2779
3 2780 2781 2782
3 2783 2784 2785
3 2786 2787 2788
3 2788 2789 2786
3 2789 2790 2786
3 2791 2792 2793
3 2794 2795 2796
3 2797 2798 2799
3 1824 2800 2801
3 2801 2802 1824
3 2802 2803 1824
3 2803 2804 1825
3 2804 2805 1825
3 2805 2806 1825
3 1825 2807 2808
3 2807 2809 2808
3 2809 2810 2808
3 2808 2811 2812
3 2812 2813 1826
3 2808 2812 1825
3 2812 1826 1825
3 2814 2815 2816
3 2817 2818 2819
3 2818 2820 2819
3 1824 2803 1825
3 1827 2821 1828
3 1830 2822 1831
3 2823 2824 2825
3 1836 2826 1837
3 2827 2828 2829
3 1842 2830 1843
3 2831 2832 2833
3 2834 2835 2836
3 1851 2837 1852
3 2838 2839 2840
3 1857 2841 1858
3 2842 2843 2844
3 1863 2845 1864
3 2846 2847 2848
3 2849 2850 2851
3 1872 2852 1873
3 1875 2853 1876
3 2854 2855 2856
3 1881 2857 1882
3 1884 2858 1885
3 2859 2860 2861
3 1890 2862 1891
3 1893 2863 1894
3 2864 2865 2866
3 1899 2867 1900
3 2868 2869 2870
3 2871 2872 2873
3 1908 2874 1909
3 1911 2875 1912
3 1914 2876 1915
3 1917 2877 1918
