# Blender v2.79 (sub 0) OBJ File: 'FirstRoom.blend'
# www.blender.org
v 3.439318 0.859302 -0.962500
v 3.439318 2.859303 -0.962500
v 3.439318 0.859302 -1.037500
v 3.439318 2.859303 -1.037500
v 3.474318 0.859302 -0.962500
v 3.474318 2.859303 -0.962500
v 3.474318 0.859302 -1.037500
v 3.474318 2.859303 -1.037500
v 7.259752 2.016273 -19.277721
v 6.867460 2.016273 -19.277721
v 7.259752 2.016273 -19.217720
v 6.867460 2.016273 -19.217720
v 7.259752 1.981273 -19.277721
v 6.867460 1.981273 -19.277721
v 7.259752 1.981273 -19.217720
v 6.867460 1.981273 -19.217720
v 12.016763 2.068647 -19.224199
v 12.259267 2.068647 -19.224199
v 12.016763 2.068647 -19.284201
v 12.259267 2.068647 -19.284201
v 12.016763 2.033647 -19.224199
v 12.259267 2.033647 -19.224199
v 12.016763 2.033647 -19.284201
v 12.259267 2.033647 -19.284201
v 10.372362 0.381115 -19.277719
v 10.250660 0.381115 -19.277719
v 10.372362 0.381115 -19.217718
v 10.250660 0.381115 -19.217718
v 10.372362 0.346115 -19.277719
v 10.250660 0.346115 -19.277719
v 10.372362 0.346115 -19.217718
v 10.250660 0.346115 -19.217718
v 10.372362 0.738554 -19.277719
v 10.250660 0.738554 -19.277719
v 10.372362 0.738554 -19.217718
v 10.250660 0.738554 -19.217718
v 10.372362 0.703554 -19.277719
v 10.250660 0.703554 -19.277719
v 10.372362 0.703554 -19.217718
v 10.250660 0.703554 -19.217718
v 10.215660 0.187942 -19.277719
v 9.973154 0.187943 -19.277719
v 10.215660 0.187942 -19.217718
v 9.973154 0.187943 -19.217718
v 10.215660 0.152942 -19.277719
v 9.973154 0.152943 -19.277719
v 10.215660 0.152942 -19.217718
v 9.973154 0.152943 -19.217718
v 10.215660 0.628908 -19.277719
v 9.973154 0.628908 -19.277719
v 10.215660 0.628908 -19.217718
v 9.973154 0.628908 -19.217718
v 10.215660 0.593908 -19.277719
v 9.973154 0.593908 -19.277719
v 10.215660 0.593908 -19.217718
v 9.973154 0.593908 -19.217718
v 10.215660 1.044631 -19.277719
v 9.973154 1.044631 -19.277719
v 10.215660 1.044631 -19.217718
v 9.973154 1.044631 -19.217718
v 10.215660 1.009631 -19.277719
v 9.973154 1.009631 -19.277719
v 10.215660 1.009631 -19.217718
v 9.973154 1.009631 -19.217718
v 10.215660 1.294937 -19.277719
v 9.973154 1.294937 -19.277719
v 10.215660 1.294937 -19.217718
v 9.973154 1.294937 -19.217718
v 10.215660 1.259937 -19.277719
v 9.973154 1.259937 -19.277719
v 10.215660 1.259937 -19.217718
v 9.973154 1.259937 -19.217718
v 10.215660 1.840016 -19.277719
v 9.973154 1.840016 -19.277719
v 10.215660 1.840016 -19.217718
v 9.973154 1.840016 -19.217718
v 10.215660 1.805016 -19.277719
v 9.973154 1.805016 -19.277719
v 10.215660 1.805016 -19.217718
v 9.973154 1.805016 -19.217718
v 10.215660 1.657962 -19.277719
v 9.973154 1.657962 -19.277719
v 10.215660 1.657962 -19.217718
v 9.973154 1.657962 -19.217718
v 10.215660 1.622962 -19.277719
v 9.973154 1.622962 -19.277719
v 10.215660 1.622962 -19.217718
v 9.973154 1.622962 -19.217718
v 10.215660 2.115430 -19.277719
v 9.973154 2.115430 -19.277719
v 10.215660 2.115430 -19.217718
v 9.973154 2.115430 -19.217718
v 10.215660 2.080430 -19.277719
v 9.973154 2.080430 -19.277719
v 10.215660 2.080430 -19.217718
v 9.973154 2.080430 -19.217718
v 10.372362 0.984763 -19.277719
v 10.250660 0.984763 -19.277719
v 10.372362 0.984763 -19.217718
v 10.250660 0.984763 -19.217718
v 10.372362 0.949763 -19.277719
v 10.250660 0.949763 -19.277719
v 10.372362 0.949763 -19.217718
v 10.250660 0.949763 -19.217718
v 10.372362 1.577240 -19.277719
v 10.250660 1.577240 -19.277719
v 10.372362 1.577240 -19.217718
v 10.250660 1.577240 -19.217718
v 10.372362 1.542240 -19.277719
v 10.250660 1.542240 -19.277719
v 10.372362 1.542240 -19.217718
v 10.250660 1.542240 -19.217718
v 10.372362 1.956510 -19.277719
v 10.250660 1.956511 -19.277719
v 10.372362 1.956510 -19.217718
v 10.250660 1.956511 -19.217718
v 10.372362 1.921510 -19.277719
v 10.250660 1.921511 -19.277719
v 10.372362 1.921510 -19.217718
v 10.250660 1.921511 -19.217718
v 10.855690 0.548539 -19.277719
v 10.407362 0.548539 -19.277719
v 10.855690 0.548539 -19.217718
v 10.407362 0.548539 -19.217718
v 10.855690 0.513539 -19.277719
v 10.407362 0.513539 -19.277719
v 10.855690 0.513539 -19.217718
v 10.407362 0.513539 -19.217718
v 10.855690 0.901993 -19.277719
v 10.407362 0.901993 -19.277719
v 10.855690 0.901993 -19.217718
v 10.407362 0.901993 -19.217718
v 10.855690 0.866993 -19.277719
v 10.407362 0.866993 -19.277719
v 10.855690 0.866993 -19.217718
v 10.407362 0.866993 -19.217718
v 10.855690 1.073666 -19.277719
v 10.407362 1.073667 -19.277719
v 10.855690 1.073666 -19.217718
v 10.407362 1.073667 -19.217718
v 10.855690 1.038666 -19.277719
v 10.407362 1.038667 -19.277719
v 10.855690 1.038666 -19.217718
v 10.407362 1.038667 -19.217718
v 10.855690 1.371270 -19.277719
v 10.407362 1.371270 -19.277719
v 10.855690 1.371270 -19.217718
v 10.407362 1.371270 -19.217718
v 10.855690 1.336270 -19.277719
v 10.407362 1.336270 -19.277719
v 10.855690 1.336270 -19.217718
v 10.407362 1.336270 -19.217718
v 10.855690 2.115430 -19.277719
v 10.407362 2.115430 -19.277719
v 10.855690 2.115430 -19.217718
v 10.407362 2.115430 -19.217718
v 10.855690 2.080430 -19.277719
v 10.407362 2.080430 -19.277719
v 10.855690 2.080430 -19.217718
v 10.407362 2.080430 -19.217718
v 10.855690 1.887296 -19.277719
v 10.407362 1.887296 -19.277719
v 10.855690 1.887296 -19.217718
v 10.407362 1.887296 -19.217718
v 10.855690 1.852296 -19.277719
v 10.407362 1.852296 -19.277719
v 10.855690 1.852296 -19.217718
v 10.407362 1.852296 -19.217718
v 10.855690 1.768692 -19.277719
v 10.407362 1.768692 -19.277719
v 10.855690 1.768692 -19.217718
v 10.407362 1.768692 -19.217718
v 10.855690 1.733692 -19.277719
v 10.407362 1.733692 -19.277719
v 10.855690 1.733692 -19.217718
v 10.407362 1.733692 -19.217718
v 10.407361 0.000001 -19.291700
v 10.407361 2.317474 -19.291700
v 10.407361 0.000001 -19.216700
v 10.407361 2.317474 -19.216700
v 10.372361 0.000001 -19.291700
v 10.372361 2.317474 -19.291700
v 10.372361 0.000001 -19.216700
v 10.372361 2.317474 -19.216700
v 10.250659 0.000001 -19.291700
v 10.250659 2.317474 -19.291700
v 10.250659 0.000001 -19.216700
v 10.250659 2.317474 -19.216700
v 10.215659 0.000001 -19.291700
v 10.215659 2.317474 -19.291700
v 10.215659 0.000001 -19.216700
v 10.215659 2.317474 -19.216700
v 12.016763 0.497957 -19.224199
v 12.259267 0.497957 -19.224199
v 12.016763 0.497957 -19.284201
v 12.259267 0.497957 -19.284201
v 12.016763 0.462957 -19.224199
v 12.259267 0.462957 -19.224199
v 12.016763 0.462957 -19.284201
v 12.259267 0.462957 -19.284201
v 12.016763 0.587142 -19.224199
v 12.259267 0.587142 -19.224199
v 12.016763 0.587142 -19.284201
v 12.259267 0.587142 -19.284201
v 12.016763 0.552142 -19.224199
v 12.259267 0.552142 -19.224199
v 12.016763 0.552142 -19.284201
v 12.259267 0.552142 -19.284201
v 12.016763 0.871200 -19.224199
v 12.259267 0.871200 -19.224199
v 12.016763 0.871200 -19.284201
v 12.259267 0.871200 -19.284201
v 12.016763 0.836200 -19.224199
v 12.259267 0.836200 -19.224199
v 12.016763 0.836200 -19.284201
v 12.259267 0.836200 -19.284201
v 12.016763 1.294937 -19.224199
v 12.259267 1.294937 -19.224199
v 12.016763 1.294937 -19.284201
v 12.259267 1.294937 -19.284201
v 12.016763 1.259937 -19.224199
v 12.259267 1.259937 -19.224199
v 12.016763 1.259937 -19.284201
v 12.259267 1.259937 -19.284201
v 12.016763 1.657962 -19.224199
v 12.259267 1.657962 -19.224199
v 12.016763 1.657962 -19.284201
v 12.259267 1.657962 -19.284201
v 12.016763 1.622962 -19.224199
v 12.259267 1.622962 -19.224199
v 12.016763 1.622962 -19.284201
v 12.259267 1.622962 -19.284201
v 12.259271 0.000001 -19.216700
v 12.259271 2.317474 -19.216700
v 12.259271 0.000001 -19.291700
v 12.259271 2.317474 -19.291700
v 12.294271 0.000001 -19.216700
v 12.294271 2.317474 -19.216700
v 12.294271 0.000001 -19.291700
v 12.294271 2.317474 -19.291700
v 11.860062 0.697636 -19.224199
v 11.981764 0.697636 -19.224199
v 11.860062 0.697636 -19.284201
v 11.981764 0.697636 -19.284201
v 11.860062 0.662636 -19.224199
v 11.981764 0.662636 -19.224199
v 11.860062 0.662636 -19.284201
v 11.981764 0.662636 -19.284201
v 11.860062 0.984763 -19.224199
v 11.981764 0.984763 -19.224199
v 11.860062 0.984763 -19.284201
v 11.981764 0.984763 -19.284201
v 11.860062 0.949763 -19.224199
v 11.981764 0.949763 -19.224199
v 11.860062 0.949763 -19.284201
v 11.981764 0.949763 -19.284201
v 11.860062 1.577240 -19.224199
v 11.981764 1.577240 -19.224199
v 11.860062 1.577240 -19.284201
v 11.981764 1.577240 -19.284201
v 11.860062 1.542240 -19.224199
v 11.981764 1.542240 -19.224199
v 11.860062 1.542240 -19.284201
v 11.981764 1.542240 -19.284201
v 11.860062 1.956510 -19.224199
v 11.981764 1.956511 -19.224199
v 11.860062 1.956510 -19.284201
v 11.981764 1.956511 -19.284201
v 11.860062 1.921510 -19.224199
v 11.981764 1.921511 -19.224199
v 11.860062 1.921510 -19.284201
v 11.981764 1.921511 -19.284201
v 11.376734 0.548539 -19.224199
v 11.825062 0.548539 -19.224199
v 11.376734 0.548539 -19.284201
v 11.825062 0.548539 -19.284201
v 11.376734 0.513539 -19.224199
v 11.825062 0.513539 -19.224199
v 11.376734 0.513539 -19.284201
v 11.825062 0.513539 -19.284201
v 11.376734 0.901993 -19.224199
v 11.825062 0.901993 -19.224199
v 11.376734 0.901993 -19.284201
v 11.825062 0.901993 -19.284201
v 11.376734 0.866993 -19.224199
v 11.825062 0.866993 -19.224199
v 11.376734 0.866993 -19.284201
v 11.825062 0.866993 -19.284201
v 11.376734 1.073666 -19.224199
v 11.825062 1.073667 -19.224199
v 11.376734 1.073666 -19.284201
v 11.825062 1.073667 -19.284201
v 11.376734 1.038666 -19.224199
v 11.825062 1.038667 -19.224199
v 11.376734 1.038666 -19.284201
v 11.825062 1.038667 -19.284201
v 11.376734 1.371270 -19.224199
v 11.825062 1.371270 -19.224199
v 11.376734 1.371270 -19.284201
v 11.825062 1.371270 -19.284201
v 11.376734 1.336270 -19.224199
v 11.825062 1.336270 -19.224199
v 11.376734 1.336270 -19.284201
v 11.825062 1.336270 -19.284201
v 11.376734 2.115430 -19.224199
v 11.825062 2.115430 -19.224199
v 11.376734 2.115430 -19.284201
v 11.825062 2.115430 -19.284201
v 11.376734 2.080430 -19.224199
v 11.825062 2.080430 -19.224199
v 11.376734 2.080430 -19.284201
v 11.825062 2.080430 -19.284201
v 11.376734 1.887296 -19.224199
v 11.825062 1.887296 -19.224199
v 11.376734 1.887296 -19.284201
v 11.825062 1.887296 -19.284201
v 11.376734 1.852296 -19.224199
v 11.825062 1.852296 -19.224199
v 11.376734 1.852296 -19.284201
v 11.825062 1.852296 -19.284201
v 11.376734 1.768692 -19.224199
v 11.825062 1.768692 -19.224199
v 11.376734 1.768692 -19.284201
v 11.825062 1.768692 -19.284201
v 11.376734 1.733692 -19.224199
v 11.825062 1.733692 -19.224199
v 11.376734 1.733692 -19.284201
v 11.825062 1.733692 -19.284201
v 11.103115 0.651297 -19.224199
v 11.341734 0.651297 -19.224199
v 11.103115 0.651297 -19.284201
v 11.341734 0.651297 -19.284201
v 11.103115 0.616297 -19.224199
v 11.341734 0.616297 -19.224199
v 11.103115 0.616297 -19.284201
v 11.341734 0.616297 -19.284201
v 11.103115 1.160825 -19.224199
v 11.341734 1.160825 -19.224199
v 11.103115 1.160825 -19.284201
v 11.341734 1.160825 -19.284201
v 11.103115 1.125825 -19.224199
v 11.341734 1.125825 -19.224199
v 11.103115 1.125825 -19.284201
v 11.341734 1.125825 -19.284201
v 11.103115 1.463288 -19.224199
v 11.341734 1.463288 -19.224199
v 11.103115 1.463288 -19.284201
v 11.341734 1.463288 -19.284201
v 11.103115 1.428288 -19.224199
v 11.341734 1.428288 -19.224199
v 11.103115 1.428288 -19.284201
v 11.341734 1.428288 -19.284201
v 11.103115 2.022809 -19.224199
v 11.341734 2.022809 -19.224199
v 11.103115 2.022809 -19.284201
v 11.341734 2.022809 -19.284201
v 11.103115 1.987809 -19.224199
v 11.341734 1.987809 -19.224199
v 11.103115 1.987809 -19.284201
v 11.341734 1.987809 -19.284201
v 10.890692 0.481891 -19.224199
v 11.068115 0.481891 -19.224199
v 10.890692 0.481891 -19.284201
v 11.068115 0.481891 -19.284201
v 10.890692 0.446891 -19.224199
v 11.068115 0.446891 -19.224199
v 10.890692 0.446891 -19.284201
v 11.068115 0.446891 -19.284201
v 10.890692 0.799849 -19.224199
v 11.068115 0.799849 -19.224199
v 10.890692 0.799849 -19.284201
v 11.068115 0.799849 -19.284201
v 10.890692 0.764849 -19.224199
v 11.068115 0.764849 -19.224199
v 10.890692 0.764849 -19.284201
v 11.068115 0.764849 -19.284201
v 10.890692 1.348599 -19.224199
v 11.068115 1.348599 -19.224199
v 10.890692 1.348599 -19.284201
v 11.068115 1.348599 -19.284201
v 10.890692 1.313599 -19.224199
v 11.068115 1.313599 -19.224199
v 10.890692 1.313599 -19.284201
v 11.068115 1.313599 -19.284201
v 10.890692 1.737902 -19.224199
v 11.068115 1.737902 -19.224199
v 10.890692 1.737902 -19.284201
v 11.068115 1.737902 -19.284201
v 10.890692 1.702902 -19.224199
v 11.068115 1.702902 -19.224199
v 10.890692 1.702902 -19.284201
v 11.068115 1.702902 -19.284201
v 10.890692 1.891436 -19.224199
v 11.068115 1.891437 -19.224199
v 10.890692 1.891436 -19.284201
v 11.068115 1.891437 -19.284201
v 10.890692 1.856436 -19.224199
v 11.068115 1.856437 -19.224199
v 10.890692 1.856436 -19.284201
v 11.068115 1.856437 -19.284201
v 10.890692 2.177691 -19.224199
v 11.068115 2.177691 -19.224199
v 10.890692 2.177691 -19.284201
v 11.068115 2.177691 -19.284201
v 10.890692 2.142692 -19.224199
v 11.068115 2.142692 -19.224199
v 10.890692 2.142692 -19.284201
v 11.068115 2.142692 -19.284201
v 11.341733 0.000002 -19.216700
v 11.341733 2.317474 -19.216700
v 11.341733 0.000002 -19.291700
v 11.341733 2.317474 -19.291700
v 11.376733 0.000002 -19.216700
v 11.376733 2.317474 -19.216700
v 11.376733 0.000002 -19.291700
v 11.376733 2.317474 -19.291700
v 11.825063 0.000001 -19.216700
v 11.825063 2.317474 -19.216700
v 11.825063 0.000001 -19.291700
v 11.825063 2.317474 -19.291700
v 11.860063 0.000001 -19.216700
v 11.860063 2.317474 -19.216700
v 11.860063 0.000001 -19.291700
v 11.860063 2.317474 -19.291700
v 11.981763 0.000001 -19.216700
v 11.981763 2.317474 -19.216700
v 11.981763 0.000001 -19.291700
v 11.981763 2.317474 -19.291700
v 12.016763 0.000001 -19.216700
v 12.016763 2.317474 -19.216700
v 12.016763 0.000001 -19.291700
v 12.016763 2.317474 -19.291700
v 11.068116 0.000001 -19.216700
v 11.068116 2.317474 -19.216700
v 11.068116 0.000001 -19.291700
v 11.068116 2.317474 -19.291700
v 11.103116 0.000001 -19.216700
v 11.103116 2.317474 -19.216700
v 11.103116 0.000001 -19.291700
v 11.103116 2.317474 -19.291700
v 10.855691 0.000001 -19.216700
v 10.855691 2.317474 -19.216700
v 10.855691 0.000001 -19.291700
v 10.855691 2.317474 -19.291700
v 10.890691 0.000001 -19.216700
v 10.890691 2.317474 -19.216700
v 10.890691 0.000001 -19.291700
v 10.890691 2.317474 -19.291700
v 12.016763 0.275906 -19.224199
v 12.259267 0.275906 -19.224199
v 12.016763 0.275906 -19.284201
v 12.259267 0.275906 -19.284201
v 12.016763 0.240906 -19.224199
v 12.259267 0.240906 -19.224199
v 12.016763 0.240906 -19.284201
v 12.259267 0.240906 -19.284201
v 11.860062 0.213899 -19.224199
v 11.981764 0.213899 -19.224199
v 11.860062 0.213899 -19.284201
v 11.981764 0.213899 -19.284201
v 11.860062 0.178899 -19.224199
v 11.981764 0.178899 -19.224199
v 11.860062 0.178899 -19.284201
v 11.981764 0.178899 -19.284201
v 11.376734 0.368212 -19.224199
v 11.825062 0.368212 -19.224199
v 11.376734 0.368212 -19.284201
v 11.825062 0.368212 -19.284201
v 11.376734 0.333212 -19.224199
v 11.825062 0.333212 -19.224199
v 11.376734 0.333212 -19.284201
v 11.825062 0.333212 -19.284201
v 11.103115 0.242452 -19.224199
v 11.341734 0.242452 -19.224199
v 11.103115 0.242452 -19.284201
v 11.341734 0.242452 -19.284201
v 11.103115 0.207452 -19.224199
v 11.341734 0.207452 -19.224199
v 11.103115 0.207452 -19.284201
v 11.341734 0.207452 -19.284201
v 10.855690 0.311530 -19.277719
v 10.407362 0.311530 -19.277719
v 10.855690 0.311530 -19.217718
v 10.407362 0.311530 -19.217718
v 10.855690 0.276530 -19.277719
v 10.407362 0.276530 -19.277719
v 10.855690 0.276530 -19.217718
v 10.407362 0.276530 -19.217718
v 9.067467 0.359016 -9.060467
v 9.067468 0.359016 -8.817963
v 9.127467 0.359016 -9.060467
v 9.127468 0.359016 -8.817963
v 9.067467 0.324016 -9.060467
v 9.067468 0.324016 -8.817963
v 9.127467 0.324016 -9.060467
v 9.127468 0.324016 -8.817963
v 9.067467 0.672602 -9.060467
v 9.067468 0.672602 -8.817963
v 9.127467 0.672602 -9.060467
v 9.127468 0.672602 -8.817963
v 9.067467 0.637602 -9.060467
v 9.067468 0.637602 -8.817963
v 9.127467 0.637602 -9.060467
v 9.127468 0.637602 -8.817963
v 9.067467 0.871200 -9.060467
v 9.067468 0.871200 -8.817963
v 9.127467 0.871200 -9.060467
v 9.127468 0.871200 -8.817963
v 9.067467 0.836200 -9.060467
v 9.067468 0.836200 -8.817963
v 9.127467 0.836200 -9.060467
v 9.127468 0.836200 -8.817963
v 9.067467 1.294937 -9.060467
v 9.067468 1.294937 -8.817963
v 9.127467 1.294937 -9.060467
v 9.127468 1.294937 -8.817963
v 9.067467 1.259937 -9.060467
v 9.067468 1.259937 -8.817963
v 9.127467 1.259937 -9.060467
v 9.127468 1.259937 -8.817963
v 9.067467 1.840016 -9.060467
v 9.067468 1.840016 -8.817963
v 9.127467 1.840016 -9.060467
v 9.127468 1.840016 -8.817963
v 9.067467 1.805016 -9.060467
v 9.067468 1.805016 -8.817963
v 9.127467 1.805016 -9.060467
v 9.127468 1.805016 -8.817963
v 9.067467 1.657962 -9.060467
v 9.067468 1.657962 -8.817963
v 9.127467 1.657962 -9.060467
v 9.127468 1.657962 -8.817963
v 9.067467 1.622962 -9.060467
v 9.067468 1.622962 -8.817963
v 9.127467 1.622962 -9.060467
v 9.127468 1.622962 -8.817963
v 9.067467 2.115430 -9.060467
v 9.067468 2.115430 -8.817963
v 9.127467 2.115430 -9.060467
v 9.127468 2.115430 -8.817963
v 9.067467 2.080430 -9.060467
v 9.067468 2.080430 -8.817963
v 9.127467 2.080430 -9.060467
v 9.127468 2.080430 -8.817963
v 9.053486 0.000002 -8.817963
v 9.053486 2.317474 -8.817963
v 9.128487 0.000002 -8.817963
v 9.128487 2.317474 -8.817963
v 9.053486 0.000002 -8.782963
v 9.053486 2.317474 -8.782963
v 9.128487 0.000002 -8.782963
v 9.128487 2.317474 -8.782963
v 9.067467 0.697636 -9.217170
v 9.067468 0.697636 -9.095468
v 9.127467 0.697636 -9.217170
v 9.127468 0.697636 -9.095468
v 9.067467 0.662636 -9.217170
v 9.067468 0.662636 -9.095468
v 9.127467 0.662636 -9.217170
v 9.127468 0.662636 -9.095468
v 9.067467 0.984763 -9.217170
v 9.067468 0.984763 -9.095468
v 9.127467 0.984763 -9.217170
v 9.127468 0.984763 -9.095468
v 9.067467 0.949763 -9.217170
v 9.067468 0.949763 -9.095468
v 9.127467 0.949763 -9.217170
v 9.127468 0.949763 -9.095468
v 9.067467 1.577240 -9.217170
v 9.067468 1.577240 -9.095468
v 9.127467 1.577240 -9.217170
v 9.127468 1.577240 -9.095468
v 9.067467 1.542240 -9.217170
v 9.067468 1.542240 -9.095468
v 9.127467 1.542240 -9.217170
v 9.127468 1.542240 -9.095468
v 9.067467 1.956510 -9.217170
v 9.067468 1.956510 -9.095468
v 9.127467 1.956510 -9.217170
v 9.127468 1.956510 -9.095468
v 9.067467 1.921510 -9.217170
v 9.067468 1.921510 -9.095468
v 9.127467 1.921510 -9.217170
v 9.127468 1.921510 -9.095468
v 9.067467 0.548539 -9.700498
v 9.067468 0.548539 -9.252170
v 9.127467 0.548539 -9.700498
v 9.127468 0.548539 -9.252170
v 9.067467 0.513539 -9.700498
v 9.067468 0.513539 -9.252170
v 9.127467 0.513539 -9.700498
v 9.127468 0.513539 -9.252170
v 9.067467 0.901993 -9.700498
v 9.067468 0.901993 -9.252170
v 9.127467 0.901993 -9.700498
v 9.127468 0.901993 -9.252170
v 9.067467 0.866993 -9.700498
v 9.067468 0.866993 -9.252170
v 9.127467 0.866993 -9.700498
v 9.127468 0.866993 -9.252170
v 9.067467 1.073666 -9.700498
v 9.067468 1.073667 -9.252170
v 9.127467 1.073666 -9.700498
v 9.127468 1.073667 -9.252170
v 9.067467 1.038666 -9.700498
v 9.067468 1.038667 -9.252170
v 9.127467 1.038666 -9.700498
v 9.127468 1.038667 -9.252170
v 9.067467 1.371270 -9.700498
v 9.067468 1.371270 -9.252170
v 9.127467 1.371270 -9.700498
v 9.127468 1.371270 -9.252170
v 9.067467 1.336270 -9.700498
v 9.067468 1.336270 -9.252170
v 9.127467 1.336270 -9.700498
v 9.127468 1.336270 -9.252170
v 9.067467 2.115430 -9.700498
v 9.067468 2.115430 -9.252170
v 9.127467 2.115430 -9.700498
v 9.127468 2.115430 -9.252170
v 9.067467 2.080430 -9.700498
v 9.067468 2.080430 -9.252170
v 9.127467 2.080430 -9.700498
v 9.127468 2.080430 -9.252170
v 9.067467 1.887295 -9.700498
v 9.067468 1.887296 -9.252170
v 9.127467 1.887295 -9.700498
v 9.127468 1.887296 -9.252170
v 9.067467 1.852296 -9.700498
v 9.067468 1.852296 -9.252170
v 9.127467 1.852296 -9.700498
v 9.127468 1.852296 -9.252170
v 9.067467 1.768692 -9.700498
v 9.067468 1.768692 -9.252170
v 9.127467 1.768692 -9.700498
v 9.127468 1.768692 -9.252170
v 9.067467 1.733692 -9.700498
v 9.067468 1.733692 -9.252170
v 9.127467 1.733692 -9.700498
v 9.127468 1.733692 -9.252170
v 9.067467 0.760173 -8.782963
v 9.067468 0.760173 -8.390671
v 9.127467 0.760173 -8.782963
v 9.127468 0.760173 -8.390671
v 9.067467 0.725173 -8.782963
v 9.067468 0.725173 -8.390671
v 9.127467 0.725173 -8.782963
v 9.127468 0.725173 -8.390671
v 9.067467 1.105908 -8.782963
v 9.067468 1.105908 -8.390671
v 9.127467 1.105908 -8.782963
v 9.127468 1.105908 -8.390671
v 9.067467 1.070908 -8.782963
v 9.067468 1.070908 -8.390671
v 9.127467 1.070908 -8.782963
v 9.127468 1.070908 -8.390671
v 9.067467 1.502582 -8.782963
v 9.067468 1.502582 -8.390671
v 9.127467 1.502582 -8.782963
v 9.127468 1.502582 -8.390671
v 9.067467 1.467582 -8.782963
v 9.067468 1.467582 -8.390671
v 9.127467 1.467582 -8.782963
v 9.127468 1.467582 -8.390671
v 9.067467 1.812706 -8.782963
v 9.067468 1.812706 -8.390671
v 9.127467 1.812706 -8.782963
v 9.127468 1.812706 -8.390671
v 9.067467 1.777706 -8.782963
v 9.067468 1.777706 -8.390671
v 9.127467 1.777706 -8.782963
v 9.127468 1.777706 -8.390671
v 9.053486 0.000001 -9.252169
v 9.053486 2.317474 -9.252169
v 9.128487 0.000001 -9.252169
v 9.128487 2.317474 -9.252169
v 9.053486 0.000001 -9.217169
v 9.053486 2.317474 -9.217169
v 9.128487 0.000001 -9.217169
v 9.128487 2.317474 -9.217169
v 9.053486 0.000001 -9.095467
v 9.053486 2.317474 -9.095467
v 9.128487 0.000001 -9.095467
v 9.128487 2.317474 -9.095467
v 9.053486 0.000001 -9.060467
v 9.053486 2.317474 -9.060467
v 9.128487 0.000001 -9.060467
v 9.128487 2.317474 -9.060467
v 9.053486 0.000002 -8.390669
v 9.053486 2.317474 -8.390669
v 9.128487 0.000002 -8.390669
v 9.128487 2.317474 -8.390669
v 9.053486 0.000002 -8.355669
v 9.053486 2.317474 -8.355669
v 9.128487 0.000002 -8.355669
v 9.128487 2.317474 -8.355669
v 9.120987 0.497957 -7.508447
v 9.120987 0.497957 -7.750952
v 9.060986 0.497957 -7.508447
v 9.060986 0.497957 -7.750952
v 9.120987 0.462957 -7.508447
v 9.120987 0.462957 -7.750952
v 9.060986 0.462957 -7.508447
v 9.060986 0.462957 -7.750952
v 9.120987 0.587142 -7.508447
v 9.120987 0.587142 -7.750952
v 9.060986 0.587142 -7.508447
v 9.060986 0.587142 -7.750952
v 9.120987 0.552142 -7.508447
v 9.120987 0.552142 -7.750952
v 9.060986 0.552142 -7.508447
v 9.060986 0.552142 -7.750952
v 9.120987 0.871200 -7.508447
v 9.120987 0.871200 -7.750952
v 9.060986 0.871200 -7.508447
v 9.060986 0.871200 -7.750952
v 9.120987 0.836200 -7.508447
v 9.120987 0.836200 -7.750952
v 9.060986 0.836200 -7.508447
v 9.060986 0.836200 -7.750952
v 9.120987 1.294937 -7.508447
v 9.120987 1.294937 -7.750952
v 9.060986 1.294937 -7.508447
v 9.060986 1.294937 -7.750952
v 9.120987 1.259937 -7.508447
v 9.120987 1.259937 -7.750952
v 9.060986 1.259937 -7.508447
v 9.060986 1.259937 -7.750952
v 9.120987 1.840016 -7.508447
v 9.120987 1.840016 -7.750952
v 9.060986 1.840016 -7.508447
v 9.060986 1.840016 -7.750952
v 9.120987 1.805016 -7.508447
v 9.120987 1.805016 -7.750952
v 9.060986 1.805016 -7.508447
v 9.060986 1.805016 -7.750952
v 9.120987 1.657962 -7.508447
v 9.120987 1.657962 -7.750952
v 9.060986 1.657962 -7.508447
v 9.060986 1.657962 -7.750952
v 9.120987 1.622962 -7.508447
v 9.120987 1.622962 -7.750952
v 9.060986 1.622962 -7.508447
v 9.060986 1.622962 -7.750952
v 9.120987 2.115430 -7.508447
v 9.120987 2.115430 -7.750952
v 9.060986 2.115430 -7.508447
v 9.060986 2.115430 -7.750952
v 9.120987 2.080430 -7.508447
v 9.120987 2.080430 -7.750952
v 9.060986 2.080430 -7.508447
v 9.060986 2.080430 -7.750952
v 9.128487 0.000001 -7.750952
v 9.128487 2.317474 -7.750952
v 9.053486 0.000001 -7.750952
v 9.053486 2.317474 -7.750952
v 9.128487 0.000001 -7.785952
v 9.128487 2.317474 -7.785952
v 9.053486 0.000001 -7.785952
v 9.053486 2.317474 -7.785952
v 9.120987 0.697636 -7.351745
v 9.120987 0.697636 -7.473447
v 9.060986 0.697636 -7.351745
v 9.060986 0.697636 -7.473447
v 9.120987 0.662636 -7.351745
v 9.120987 0.662636 -7.473447
v 9.060986 0.662636 -7.351745
v 9.060986 0.662636 -7.473447
v 9.120987 0.984763 -7.351745
v 9.120987 0.984763 -7.473447
v 9.060986 0.984763 -7.351745
v 9.060986 0.984763 -7.473447
v 9.120987 0.949763 -7.351745
v 9.120987 0.949763 -7.473447
v 9.060986 0.949763 -7.351745
v 9.060986 0.949763 -7.473447
v 9.120987 1.577240 -7.351745
v 9.120987 1.577240 -7.473447
v 9.060986 1.577240 -7.351745
v 9.060986 1.577240 -7.473447
v 9.120987 1.542240 -7.351745
v 9.120987 1.542240 -7.473447
v 9.060986 1.542240 -7.351745
v 9.060986 1.542240 -7.473447
v 9.120987 1.956510 -7.351745
v 9.120987 1.956510 -7.473447
v 9.060986 1.956510 -7.351745
v 9.060986 1.956510 -7.473447
v 9.120987 1.921510 -7.351745
v 9.120987 1.921510 -7.473447
v 9.060986 1.921510 -7.351745
v 9.060986 1.921510 -7.473447
v 9.120987 0.548539 -6.868417
v 9.120987 0.548539 -7.316745
v 9.060986 0.548539 -6.868417
v 9.060986 0.548539 -7.316745
v 9.120987 0.513539 -6.868417
v 9.120987 0.513539 -7.316745
v 9.060986 0.513539 -6.868417
v 9.060986 0.513539 -7.316745
v 9.120987 0.901993 -6.868417
v 9.120987 0.901993 -7.316745
v 9.060986 0.901993 -6.868417
v 9.060986 0.901993 -7.316745
v 9.120987 0.866993 -6.868417
v 9.120987 0.866993 -7.316745
v 9.060986 0.866993 -6.868417
v 9.060986 0.866993 -7.316745
v 9.120987 1.073666 -6.868417
v 9.120987 1.073667 -7.316745
v 9.060986 1.073666 -6.868417
v 9.060986 1.073667 -7.316745
v 9.120987 1.038666 -6.868417
v 9.120987 1.038667 -7.316745
v 9.060986 1.038666 -6.868417
v 9.060986 1.038667 -7.316745
v 9.120987 1.371270 -6.868417
v 9.120987 1.371270 -7.316745
v 9.060986 1.371270 -6.868417
v 9.060986 1.371270 -7.316745
v 9.120987 1.336270 -6.868417
v 9.120987 1.336270 -7.316745
v 9.060986 1.336270 -6.868417
v 9.060986 1.336270 -7.316745
v 9.120987 2.115430 -6.868417
v 9.120987 2.115430 -7.316745
v 9.060986 2.115430 -6.868417
v 9.060986 2.115430 -7.316745
v 9.120987 2.080430 -6.868417
v 9.120987 2.080430 -7.316745
v 9.060986 2.080430 -6.868417
v 9.060986 2.080430 -7.316745
v 9.120987 1.887295 -6.868417
v 9.120987 1.887296 -7.316745
v 9.060986 1.887295 -6.868417
v 9.060986 1.887296 -7.316745
v 9.120987 1.852296 -6.868417
v 9.120987 1.852296 -7.316745
v 9.060986 1.852296 -6.868417
v 9.060986 1.852296 -7.316745
v 9.120987 1.768692 -6.868417
v 9.120987 1.768692 -7.316745
v 9.060986 1.768692 -6.868417
v 9.060986 1.768692 -7.316745
v 9.120987 1.733692 -6.868417
v 9.120987 1.733692 -7.316745
v 9.060986 1.733692 -6.868417
v 9.060986 1.733692 -7.316745
v 9.120987 0.684059 -8.213245
v 9.120987 0.684059 -8.355669
v 9.060986 0.684059 -8.213245
v 9.060986 0.684059 -8.355669
v 9.120987 0.649059 -8.213245
v 9.120987 0.649059 -8.355669
v 9.060986 0.649059 -8.213245
v 9.060986 0.649059 -8.355669
v 9.120987 0.919234 -8.213245
v 9.120987 0.919234 -8.355669
v 9.060986 0.919234 -8.213245
v 9.060986 0.919234 -8.355669
v 9.120987 0.884234 -8.213245
v 9.120987 0.884234 -8.355669
v 9.060986 0.884234 -8.213245
v 9.060986 0.884234 -8.355669
v 9.120987 1.348599 -8.213245
v 9.120987 1.348599 -8.355669
v 9.060986 1.348599 -8.213245
v 9.060986 1.348599 -8.355669
v 9.120987 1.313599 -8.213245
v 9.120987 1.313599 -8.355669
v 9.060986 1.313599 -8.213245
v 9.060986 1.313599 -8.355669
v 9.120987 1.737902 -8.213245
v 9.120987 1.737902 -8.355669
v 9.060986 1.737902 -8.213245
v 9.060986 1.737902 -8.355669
v 9.120987 1.702902 -8.213245
v 9.120987 1.702902 -8.355669
v 9.060986 1.702902 -8.213245
v 9.060986 1.702902 -8.355669
v 9.120987 1.891436 -8.213245
v 9.120987 1.891436 -8.355669
v 9.060986 1.891436 -8.213245
v 9.060986 1.891436 -8.355669
v 9.120987 1.856436 -8.213245
v 9.120987 1.856436 -8.355669
v 9.060986 1.856436 -8.213245
v 9.060986 1.856436 -8.355669
v 9.120987 2.177691 -8.213245
v 9.120987 2.177691 -8.355669
v 9.060986 2.177691 -8.213245
v 9.060986 2.177691 -8.355669
v 9.120987 2.142692 -8.213245
v 9.120987 2.142692 -8.355669
v 9.060986 2.142692 -8.213245
v 9.060986 2.142692 -8.355669
v 9.120987 0.580049 -7.785954
v 9.120987 0.580049 -8.178246
v 9.060986 0.580049 -7.785954
v 9.060986 0.580049 -8.178246
v 9.120987 0.545049 -7.785954
v 9.120987 0.545049 -8.178246
v 9.060986 0.545049 -7.785954
v 9.060986 0.545049 -8.178246
v 9.120987 1.068002 -7.785954
v 9.120987 1.068002 -8.178246
v 9.060986 1.068002 -7.785954
v 9.060986 1.068002 -8.178246
v 9.120987 1.033002 -7.785954
v 9.120987 1.033002 -8.178246
v 9.060986 1.033002 -7.785954
v 9.060986 1.033002 -8.178246
v 9.120987 1.173658 -7.785954
v 9.120987 1.173658 -8.178246
v 9.060986 1.173658 -7.785954
v 9.060986 1.173658 -8.178246
v 9.120987 1.138658 -7.785954
v 9.120987 1.138658 -8.178246
v 9.060986 1.138658 -7.785954
v 9.060986 1.138658 -8.178246
v 9.120987 1.502582 -7.785954
v 9.120987 1.502582 -8.178246
v 9.060986 1.502582 -7.785954
v 9.060986 1.502582 -8.178246
v 9.120987 1.467582 -7.785954
v 9.120987 1.467582 -8.178246
v 9.060986 1.467582 -7.785954
v 9.060986 1.467582 -8.178246
v 9.120987 1.812706 -7.785954
v 9.120987 1.812706 -8.178246
v 9.060986 1.812706 -7.785954
v 9.060986 1.812706 -8.178246
v 9.120987 1.777706 -7.785954
v 9.120987 1.777706 -8.178246
v 9.060986 1.777706 -7.785954
v 9.060986 1.777706 -8.178246
v 9.128487 0.000001 -6.833418
v 9.128487 2.317474 -6.833418
v 9.053486 0.000001 -6.833418
v 9.053486 2.317474 -6.833418
v 9.128487 0.000001 -6.868418
v 9.128487 2.317474 -6.868418
v 9.053486 0.000001 -6.868418
v 9.053486 2.317474 -6.868418
v 9.128487 0.000001 -7.316746
v 9.128487 2.317474 -7.316746
v 9.053486 0.000001 -7.316746
v 9.053486 2.317474 -7.316746
v 9.128487 0.000001 -7.351746
v 9.128487 2.317474 -7.351746
v 9.053486 0.000001 -7.351746
v 9.053486 2.317474 -7.351746
v 9.128487 0.000001 -7.473448
v 9.128487 2.317474 -7.473448
v 9.053486 0.000001 -7.473448
v 9.053486 2.317474 -7.473448
v 9.128487 0.000001 -7.508448
v 9.128487 2.317474 -7.508448
v 9.053486 0.000001 -7.508448
v 9.053486 2.317474 -7.508448
v 9.128487 0.000001 -8.178246
v 9.128487 2.317474 -8.178246
v 9.053486 0.000001 -8.178246
v 9.053486 2.317474 -8.178246
v 9.128487 0.000001 -8.213245
v 9.128487 2.317474 -8.213245
v 9.053486 0.000001 -8.213245
v 9.053486 2.317474 -8.213245
v 9.128487 0.000001 -12.722524
v 9.128487 2.317474 -12.722524
v 9.053486 0.000001 -12.722524
v 9.053486 2.317474 -12.722524
v 9.128487 0.000001 -12.757524
v 9.128487 2.317474 -12.757524
v 9.053486 0.000001 -12.757524
v 9.053486 2.317474 -12.757524
v 9.128487 0.000001 -12.017724
v 9.128487 2.317474 -12.017724
v 9.053486 0.000001 -12.017724
v 9.053486 2.317474 -12.017724
v 9.128487 0.000001 -12.052724
v 9.128487 2.317474 -12.052724
v 9.053486 0.000001 -12.052724
v 9.053486 2.317474 -12.052724
v 9.128487 0.000002 -11.861024
v 9.128487 2.317474 -11.861024
v 9.053486 0.000002 -11.861024
v 9.053486 2.317474 -11.861024
v 9.128487 0.000002 -11.896024
v 9.128487 2.317474 -11.896024
v 9.053486 0.000002 -11.896024
v 9.053486 2.317474 -11.896024
v 9.128487 0.000001 -11.377694
v 9.128487 2.317474 -11.377694
v 9.053486 0.000001 -11.377694
v 9.053486 2.317474 -11.377694
v 9.128487 0.000001 -11.412694
v 9.128487 2.317474 -11.412694
v 9.053486 0.000001 -11.412694
v 9.053486 2.317474 -11.412694
v 9.120987 1.812706 -12.330232
v 9.120987 1.812706 -12.722524
v 9.060986 1.812706 -12.330232
v 9.060986 1.812706 -12.722524
v 9.120987 1.777706 -12.330232
v 9.120987 1.777706 -12.722524
v 9.060986 1.777706 -12.330232
v 9.060986 1.777706 -12.722524
v 9.120987 1.502582 -12.330232
v 9.120987 1.502582 -12.722524
v 9.060986 1.502582 -12.330232
v 9.060986 1.502582 -12.722524
v 9.120987 1.467582 -12.330232
v 9.120987 1.467582 -12.722524
v 9.060986 1.467582 -12.330232
v 9.060986 1.467582 -12.722524
v 9.120987 1.173658 -12.330232
v 9.120987 1.173658 -12.722524
v 9.060986 1.173658 -12.330232
v 9.060986 1.173658 -12.722524
v 9.120987 1.138658 -12.330232
v 9.120987 1.138658 -12.722524
v 9.060986 1.138658 -12.330232
v 9.060986 1.138658 -12.722524
v 9.120987 1.068002 -12.330232
v 9.120987 1.068002 -12.722524
v 9.060986 1.068002 -12.330232
v 9.060986 1.068002 -12.722524
v 9.120987 1.033002 -12.330232
v 9.120987 1.033002 -12.722524
v 9.060986 1.033002 -12.330232
v 9.060986 1.033002 -12.722524
v 9.120987 0.580049 -12.330232
v 9.120987 0.580049 -12.722524
v 9.060986 0.580049 -12.330232
v 9.060986 0.580049 -12.722524
v 9.120987 0.545049 -12.330232
v 9.120987 0.545049 -12.722524
v 9.060986 0.545049 -12.330232
v 9.060986 0.545049 -12.722524
v 9.120987 2.177691 -12.757524
v 9.120987 2.177691 -12.899945
v 9.060986 2.177691 -12.757524
v 9.060986 2.177691 -12.899945
v 9.120987 2.142692 -12.757524
v 9.120987 2.142692 -12.899945
v 9.060986 2.142692 -12.757524
v 9.060986 2.142692 -12.899945
v 9.120987 1.891436 -12.757524
v 9.120987 1.891436 -12.899945
v 9.060986 1.891436 -12.757524
v 9.060986 1.891436 -12.899945
v 9.120987 1.856436 -12.757524
v 9.120987 1.856436 -12.899945
v 9.060986 1.856436 -12.757524
v 9.060986 1.856436 -12.899945
v 9.120987 1.737902 -12.757524
v 9.120987 1.737902 -12.899945
v 9.060986 1.737902 -12.757524
v 9.060986 1.737902 -12.899945
v 9.120987 1.702902 -12.757524
v 9.120987 1.702902 -12.899945
v 9.060986 1.702902 -12.757524
v 9.060986 1.702902 -12.899945
v 9.120987 1.348599 -12.757524
v 9.120987 1.348599 -12.899945
v 9.060986 1.348599 -12.757524
v 9.060986 1.348599 -12.899945
v 9.120987 1.313599 -12.757524
v 9.120987 1.313599 -12.899945
v 9.060986 1.313599 -12.757524
v 9.060986 1.313599 -12.899945
v 9.120987 0.799849 -12.722522
v 9.120987 0.799849 -12.899946
v 9.060986 0.799849 -12.722522
v 9.060986 0.799849 -12.899946
v 9.120987 0.764849 -12.722522
v 9.120987 0.764849 -12.899946
v 9.060986 0.764849 -12.722522
v 9.060986 0.764849 -12.899946
v 9.120987 0.481891 -12.757524
v 9.120987 0.481891 -12.899945
v 9.060986 0.481891 -12.757524
v 9.060986 0.481891 -12.899945
v 9.120987 0.446891 -12.757524
v 9.120987 0.446891 -12.899945
v 9.060986 0.446891 -12.757524
v 9.060986 0.446891 -12.899945
v 9.120987 2.022809 -11.139076
v 9.120987 2.022809 -11.377695
v 9.060986 2.022809 -11.139076
v 9.060986 2.022809 -11.377695
v 9.120987 1.987809 -11.139076
v 9.120987 1.987809 -11.377695
v 9.060986 1.987809 -11.139076
v 9.060986 1.987809 -11.377695
v 9.120987 1.463288 -11.139076
v 9.120987 1.463288 -11.377695
v 9.060986 1.463288 -11.139076
v 9.060986 1.463288 -11.377695
v 9.120987 1.428288 -11.139076
v 9.120987 1.428288 -11.377695
v 9.060986 1.428288 -11.139076
v 9.060986 1.428288 -11.377695
v 9.120987 1.160825 -11.139076
v 9.120987 1.160825 -11.377695
v 9.060986 1.160825 -11.139076
v 9.060986 1.160825 -11.377695
v 9.120987 1.125825 -11.139076
v 9.120987 1.125825 -11.377695
v 9.060986 1.125825 -11.139076
v 9.060986 1.125825 -11.377695
v 9.120987 0.651297 -11.139076
v 9.120987 0.651297 -11.377695
v 9.060986 0.651297 -11.139076
v 9.060986 0.651297 -11.377695
v 9.120987 0.616297 -11.139076
v 9.120987 0.616297 -11.377695
v 9.060986 0.616297 -11.139076
v 9.060986 0.616297 -11.377695
v 9.120987 1.768692 -11.412695
v 9.120987 1.768692 -11.861023
v 9.060986 1.768692 -11.412695
v 9.060986 1.768692 -11.861023
v 9.120987 1.733692 -11.412695
v 9.120987 1.733692 -11.861023
v 9.060986 1.733692 -11.412695
v 9.060986 1.733692 -11.861023
v 9.120987 1.887295 -11.412695
v 9.120987 1.887296 -11.861023
v 9.060986 1.887295 -11.412695
v 9.060986 1.887296 -11.861023
v 9.120987 1.852296 -11.412695
v 9.120987 1.852296 -11.861023
v 9.060986 1.852296 -11.412695
v 9.060986 1.852296 -11.861023
v 9.120987 2.115430 -11.412695
v 9.120987 2.115430 -11.861023
v 9.060986 2.115430 -11.412695
v 9.060986 2.115430 -11.861023
v 9.120987 2.080430 -11.412695
v 9.120987 2.080430 -11.861023
v 9.060986 2.080430 -11.412695
v 9.060986 2.080430 -11.861023
v 9.120987 1.371270 -11.412695
v 9.120987 1.371270 -11.861023
v 9.060986 1.371270 -11.412695
v 9.060986 1.371270 -11.861023
v 9.120987 1.336270 -11.412695
v 9.120987 1.336270 -11.861023
v 9.060986 1.336270 -11.412695
v 9.060986 1.336270 -11.861023
v 9.120987 1.073666 -11.412695
v 9.120987 1.073667 -11.861023
v 9.060986 1.073666 -11.412695
v 9.060986 1.073667 -11.861023
v 9.120987 1.038666 -11.412695
v 9.120987 1.038667 -11.861023
v 9.060986 1.038666 -11.412695
v 9.060986 1.038667 -11.861023
v 9.120987 0.901993 -11.412695
v 9.120987 0.901993 -11.861023
v 9.060986 0.901993 -11.412695
v 9.060986 0.901993 -11.861023
v 9.120987 0.866993 -11.412695
v 9.120987 0.866993 -11.861023
v 9.060986 0.866993 -11.412695
v 9.060986 0.866993 -11.861023
v 9.120987 0.548539 -11.412695
v 9.120987 0.548539 -11.861023
v 9.060986 0.548539 -11.412695
v 9.060986 0.548539 -11.861023
v 9.120987 0.513539 -11.412695
v 9.120987 0.513539 -11.861023
v 9.060986 0.513539 -11.412695
v 9.060986 0.513539 -11.861023
v 9.120987 1.956510 -11.896023
v 9.120987 1.956510 -12.017725
v 9.060986 1.956510 -11.896023
v 9.060986 1.956510 -12.017725
v 9.120987 1.921510 -11.896023
v 9.120987 1.921510 -12.017725
v 9.060986 1.921510 -11.896023
v 9.060986 1.921510 -12.017725
v 9.120987 1.577240 -11.896023
v 9.120987 1.577240 -12.017725
v 9.060986 1.577240 -11.896023
v 9.060986 1.577240 -12.017725
v 9.120987 1.542240 -11.896023
v 9.120987 1.542240 -12.017725
v 9.060986 1.542240 -11.896023
v 9.060986 1.542240 -12.017725
v 9.120987 0.984763 -11.896023
v 9.120987 0.984763 -12.017725
v 9.060986 0.984763 -11.896023
v 9.060986 0.984763 -12.017725
v 9.120987 0.949763 -11.896023
v 9.120987 0.949763 -12.017725
v 9.060986 0.949763 -11.896023
v 9.060986 0.949763 -12.017725
v 9.120987 0.697636 -11.896023
v 9.120987 0.697636 -12.017725
v 9.060986 0.697636 -11.896023
v 9.060986 0.697636 -12.017725
v 9.120987 0.662636 -11.896023
v 9.120987 0.662636 -12.017725
v 9.060986 0.662636 -11.896023
v 9.060986 0.662636 -12.017725
v 9.128487 0.000002 -12.295228
v 9.128487 2.317474 -12.295228
v 9.053486 0.000002 -12.295228
v 9.053486 2.317474 -12.295228
v 9.128487 0.000002 -12.330228
v 9.128487 2.317474 -12.330228
v 9.053486 0.000002 -12.330228
v 9.053486 2.317474 -12.330228
v 9.120987 2.115430 -12.052724
v 9.120987 2.115430 -12.295228
v 9.060986 2.115430 -12.052724
v 9.060986 2.115430 -12.295228
v 9.120987 2.080430 -12.052724
v 9.120987 2.080430 -12.295228
v 9.060986 2.080430 -12.052724
v 9.060986 2.080430 -12.295228
v 9.120987 1.657962 -12.052724
v 9.120987 1.657962 -12.295228
v 9.060986 1.657962 -12.052724
v 9.060986 1.657962 -12.295228
v 9.120987 1.622962 -12.052724
v 9.120987 1.622962 -12.295228
v 9.060986 1.622962 -12.052724
v 9.060986 1.622962 -12.295228
v 9.120987 1.840016 -12.052724
v 9.120987 1.840016 -12.295228
v 9.060986 1.840016 -12.052724
v 9.060986 1.840016 -12.295228
v 9.120987 1.805016 -12.052724
v 9.120987 1.805016 -12.295228
v 9.060986 1.805016 -12.052724
v 9.060986 1.805016 -12.295228
v 9.120987 1.294937 -12.052724
v 9.120987 1.294937 -12.295228
v 9.060986 1.294937 -12.052724
v 9.060986 1.294937 -12.295228
v 9.120987 1.259937 -12.052724
v 9.120987 1.259937 -12.295228
v 9.060986 1.259937 -12.052724
v 9.060986 1.259937 -12.295228
v 9.120987 0.871200 -12.052724
v 9.120987 0.871200 -12.295228
v 9.060986 0.871200 -12.052724
v 9.060986 0.871200 -12.295228
v 9.120987 0.836200 -12.052724
v 9.120987 0.836200 -12.295228
v 9.060986 0.836200 -12.052724
v 9.060986 0.836200 -12.295228
v 9.120987 0.587142 -12.052724
v 9.120987 0.587142 -12.295228
v 9.060986 0.587142 -12.052724
v 9.060986 0.587142 -12.295228
v 9.120987 0.552142 -12.052724
v 9.120987 0.552142 -12.295228
v 9.060986 0.552142 -12.052724
v 9.060986 0.552142 -12.295228
v 9.120987 0.497957 -12.052724
v 9.120987 0.497957 -12.295228
v 9.060986 0.497957 -12.052724
v 9.060986 0.497957 -12.295228
v 9.120987 0.462957 -12.052724
v 9.120987 0.462957 -12.295228
v 9.060986 0.462957 -12.052724
v 9.060986 0.462957 -12.295228
v 9.120987 0.497957 -10.861569
v 9.120987 0.497957 -11.104074
v 9.060986 0.497957 -10.861569
v 9.060986 0.497957 -11.104074
v 9.120987 0.462957 -10.861569
v 9.120987 0.462957 -11.104074
v 9.060986 0.462957 -10.861569
v 9.060986 0.462957 -11.104074
v 9.120987 0.587142 -10.861569
v 9.120987 0.587142 -11.104074
v 9.060986 0.587142 -10.861569
v 9.060986 0.587142 -11.104074
v 9.120987 0.552142 -10.861569
v 9.120987 0.552142 -11.104074
v 9.060986 0.552142 -10.861569
v 9.060986 0.552142 -11.104074
v 9.120987 0.871200 -10.861569
v 9.120987 0.871200 -11.104074
v 9.060986 0.871200 -10.861569
v 9.060986 0.871200 -11.104074
v 9.120987 0.836200 -10.861569
v 9.120987 0.836200 -11.104074
v 9.060986 0.836200 -10.861569
v 9.060986 0.836200 -11.104074
v 9.120987 1.294937 -10.861569
v 9.120987 1.294937 -11.104074
v 9.060986 1.294937 -10.861569
v 9.060986 1.294937 -11.104074
v 9.120987 1.259937 -10.861569
v 9.120987 1.259937 -11.104074
v 9.060986 1.259937 -10.861569
v 9.060986 1.259937 -11.104074
v 9.120987 1.840016 -10.861569
v 9.120987 1.840016 -11.104074
v 9.060986 1.840016 -10.861569
v 9.060986 1.840016 -11.104074
v 9.120987 1.805016 -10.861569
v 9.120987 1.805016 -11.104074
v 9.060986 1.805016 -10.861569
v 9.060986 1.805016 -11.104074
v 9.120987 1.657962 -10.861569
v 9.120987 1.657962 -11.104074
v 9.060986 1.657962 -10.861569
v 9.060986 1.657962 -11.104074
v 9.120987 1.622962 -10.861569
v 9.120987 1.622962 -11.104074
v 9.060986 1.622962 -10.861569
v 9.060986 1.622962 -11.104074
v 9.120987 2.115430 -10.861569
v 9.120987 2.115430 -11.104074
v 9.060986 2.115430 -10.861569
v 9.060986 2.115430 -11.104074
v 9.120987 2.080430 -10.861569
v 9.120987 2.080430 -11.104074
v 9.060986 2.080430 -10.861569
v 9.060986 2.080430 -11.104074
v 9.128487 0.000001 -11.104077
v 9.128487 2.317474 -11.104077
v 9.053486 0.000001 -11.104077
v 9.053486 2.317474 -11.104077
v 9.128487 0.000001 -11.139077
v 9.128487 2.317474 -11.139077
v 9.053486 0.000001 -11.139077
v 9.053486 2.317474 -11.139077
v 9.120987 0.697636 -10.704868
v 9.120987 0.697636 -10.826571
v 9.060986 0.697636 -10.704868
v 9.060986 0.697636 -10.826571
v 9.120987 0.662636 -10.704868
v 9.120987 0.662636 -10.826571
v 9.060986 0.662636 -10.704868
v 9.060986 0.662636 -10.826571
v 9.120987 0.984763 -10.704868
v 9.120987 0.984763 -10.826571
v 9.060986 0.984763 -10.704868
v 9.060986 0.984763 -10.826571
v 9.120987 0.949763 -10.704868
v 9.120987 0.949763 -10.826571
v 9.060986 0.949763 -10.704868
v 9.060986 0.949763 -10.826571
v 9.120987 1.577240 -10.704868
v 9.120987 1.577240 -10.826571
v 9.060986 1.577240 -10.704868
v 9.060986 1.577240 -10.826571
v 9.120987 1.542240 -10.704868
v 9.120987 1.542240 -10.826571
v 9.060986 1.542240 -10.704868
v 9.060986 1.542240 -10.826571
v 9.120987 1.956510 -10.704868
v 9.120987 1.956510 -10.826571
v 9.060986 1.956510 -10.704868
v 9.060986 1.956510 -10.826571
v 9.120987 1.921510 -10.704868
v 9.120987 1.921510 -10.826571
v 9.060986 1.921510 -10.704868
v 9.060986 1.921510 -10.826571
v 9.120987 0.548539 -10.221540
v 9.120987 0.548539 -10.669868
v 9.060986 0.548539 -10.221540
v 9.060986 0.548539 -10.669868
v 9.120987 0.513539 -10.221540
v 9.120987 0.513539 -10.669868
v 9.060986 0.513539 -10.221540
v 9.060986 0.513539 -10.669868
v 9.120987 0.901993 -10.221540
v 9.120987 0.901993 -10.669868
v 9.060986 0.901993 -10.221540
v 9.060986 0.901993 -10.669868
v 9.120987 0.866993 -10.221540
v 9.120987 0.866993 -10.669868
v 9.060986 0.866993 -10.221540
v 9.060986 0.866993 -10.669868
v 9.120987 1.073666 -10.221540
v 9.120987 1.073667 -10.669868
v 9.060986 1.073666 -10.221540
v 9.060986 1.073667 -10.669868
v 9.120987 1.038666 -10.221540
v 9.120987 1.038667 -10.669868
v 9.060986 1.038666 -10.221540
v 9.060986 1.038667 -10.669868
v 9.120987 1.371270 -10.221540
v 9.120987 1.371270 -10.669868
v 9.060986 1.371270 -10.221540
v 9.060986 1.371270 -10.669868
v 9.120987 1.336270 -10.221540
v 9.120987 1.336270 -10.669868
v 9.060986 1.336270 -10.221540
v 9.060986 1.336270 -10.669868
v 9.120987 2.115430 -10.221540
v 9.120987 2.115430 -10.669868
v 9.060986 2.115430 -10.221540
v 9.060986 2.115430 -10.669868
v 9.120987 2.080430 -10.221540
v 9.120987 2.080430 -10.669868
v 9.060986 2.080430 -10.221540
v 9.060986 2.080430 -10.669868
v 9.120987 1.887295 -10.221540
v 9.120987 1.887296 -10.669868
v 9.060986 1.887295 -10.221540
v 9.060986 1.887296 -10.669868
v 9.120987 1.852296 -10.221540
v 9.120987 1.852296 -10.669868
v 9.060986 1.852296 -10.221540
v 9.060986 1.852296 -10.669868
v 9.120987 1.768692 -10.221540
v 9.120987 1.768692 -10.669868
v 9.060986 1.768692 -10.221540
v 9.060986 1.768692 -10.669868
v 9.120987 1.733692 -10.221540
v 9.120987 1.733692 -10.669868
v 9.060986 1.733692 -10.221540
v 9.060986 1.733692 -10.669868
v 9.120987 0.651297 -9.947923
v 9.120987 0.651297 -10.186542
v 9.060986 0.651297 -9.947923
v 9.060986 0.651297 -10.186542
v 9.120987 0.616297 -9.947923
v 9.120987 0.616297 -10.186542
v 9.060986 0.616297 -9.947923
v 9.060986 0.616297 -10.186542
v 9.120987 1.160825 -9.947923
v 9.120987 1.160825 -10.186542
v 9.060986 1.160825 -9.947923
v 9.060986 1.160825 -10.186542
v 9.120987 1.125825 -9.947923
v 9.120987 1.125825 -10.186542
v 9.060986 1.125825 -9.947923
v 9.060986 1.125825 -10.186542
v 9.120987 1.463288 -9.947923
v 9.120987 1.463288 -10.186542
v 9.060986 1.463288 -9.947923
v 9.060986 1.463288 -10.186542
v 9.120987 1.428288 -9.947923
v 9.120987 1.428288 -10.186542
v 9.060986 1.428288 -9.947923
v 9.060986 1.428288 -10.186542
v 9.120987 2.022809 -9.947923
v 9.120987 2.022809 -10.186542
v 9.060986 2.022809 -9.947923
v 9.060986 2.022809 -10.186542
v 9.120987 1.987809 -9.947923
v 9.120987 1.987809 -10.186542
v 9.060986 1.987809 -9.947923
v 9.060986 1.987809 -10.186542
v 9.120987 0.481891 -9.735498
v 9.120987 0.481891 -9.912923
v 9.060986 0.481891 -9.735498
v 9.060986 0.481891 -9.912923
v 9.120987 0.446891 -9.735498
v 9.120987 0.446891 -9.912923
v 9.060986 0.446891 -9.735498
v 9.060986 0.446891 -9.912923
v 9.120987 0.799849 -9.735498
v 9.120987 0.799849 -9.912923
v 9.060986 0.799849 -9.735498
v 9.060986 0.799849 -9.912923
v 9.120987 0.764849 -9.735498
v 9.120987 0.764849 -9.912923
v 9.060986 0.764849 -9.735498
v 9.060986 0.764849 -9.912923
v 9.120987 1.348599 -9.735498
v 9.120987 1.348599 -9.912923
v 9.060986 1.348599 -9.735498
v 9.060986 1.348599 -9.912923
v 9.120987 1.313599 -9.735498
v 9.120987 1.313599 -9.912923
v 9.060986 1.313599 -9.735498
v 9.060986 1.313599 -9.912923
v 9.120987 1.737902 -9.735498
v 9.120987 1.737902 -9.912923
v 9.060986 1.737902 -9.735498
v 9.060986 1.737902 -9.912923
v 9.120987 1.702902 -9.735498
v 9.120987 1.702902 -9.912923
v 9.060986 1.702902 -9.735498
v 9.060986 1.702902 -9.912923
v 9.120987 1.891436 -9.735498
v 9.120987 1.891436 -9.912923
v 9.060986 1.891436 -9.735498
v 9.060986 1.891436 -9.912923
v 9.120987 1.856436 -9.735498
v 9.120987 1.856436 -9.912923
v 9.060986 1.856436 -9.735498
v 9.060986 1.856436 -9.912923
v 9.120987 2.177691 -9.735498
v 9.120987 2.177691 -9.912923
v 9.060986 2.177691 -9.735498
v 9.060986 2.177691 -9.912923
v 9.120987 2.142692 -9.735498
v 9.120987 2.142692 -9.912923
v 9.060986 2.142692 -9.735498
v 9.060986 2.142692 -9.912923
v 9.128487 2.352475 -6.833418
v 9.128487 2.352475 -16.040644
v 9.053487 2.352475 -6.833418
v 9.053486 2.352475 -16.040644
v 9.128487 2.317475 -6.833418
v 9.128487 2.317475 -16.040644
v 9.053487 2.317475 -6.833418
v 9.053486 2.317475 -16.040644
v 9.128487 0.000002 -10.186541
v 9.128487 2.317474 -10.186541
v 9.053486 0.000002 -10.186541
v 9.053486 2.317474 -10.186541
v 9.128487 0.000002 -10.221540
v 9.128487 2.317474 -10.221540
v 9.053486 0.000002 -10.221540
v 9.053486 2.317474 -10.221540
v 9.128487 0.000001 -10.669869
v 9.128487 2.317474 -10.669869
v 9.053486 0.000001 -10.669869
v 9.053486 2.317474 -10.669869
v 9.128487 0.000001 -10.704869
v 9.128487 2.317474 -10.704869
v 9.053486 0.000001 -10.704869
v 9.053486 2.317474 -10.704869
v 9.128487 0.000001 -10.826570
v 9.128487 2.317474 -10.826570
v 9.053486 0.000001 -10.826570
v 9.053486 2.317474 -10.826570
v 9.128487 0.000001 -10.861569
v 9.128487 2.317474 -10.861569
v 9.053486 0.000001 -10.861569
v 9.053486 2.317474 -10.861569
v 9.128487 0.000001 -9.912924
v 9.128487 2.317474 -9.912924
v 9.053486 0.000001 -9.912924
v 9.053486 2.317474 -9.912924
v 9.128487 0.000001 -9.947924
v 9.128487 2.317474 -9.947924
v 9.053486 0.000001 -9.947924
v 9.053486 2.317474 -9.947924
v 9.128487 0.000001 -9.700499
v 9.128487 2.317474 -9.700499
v 9.053486 0.000001 -9.700499
v 9.053486 2.317474 -9.700499
v 9.128487 0.000001 -9.735498
v 9.128487 2.317474 -9.735498
v 9.053486 0.000001 -9.735498
v 9.053486 2.317474 -9.735498
v 9.053486 0.000002 -12.934945
v 9.053486 2.317474 -12.934945
v 9.128487 0.000002 -12.934945
v 9.128487 2.317474 -12.934945
v 9.053486 0.000002 -12.899945
v 9.053486 2.317474 -12.899945
v 9.128487 0.000002 -12.899945
v 9.128487 2.317474 -12.899945
v 9.053486 0.000002 -13.639745
v 9.053486 2.317474 -13.639745
v 9.128487 0.000002 -13.639745
v 9.128487 2.317474 -13.639745
v 9.053486 0.000002 -13.604745
v 9.053486 2.317474 -13.604745
v 9.128487 0.000002 -13.604745
v 9.128487 2.317474 -13.604745
v 9.053486 0.000002 -13.796449
v 9.053486 2.317474 -13.796449
v 9.128487 0.000002 -13.796449
v 9.128487 2.317474 -13.796449
v 9.053486 0.000002 -13.761449
v 9.053486 2.317474 -13.761449
v 9.128487 0.000002 -13.761449
v 9.128487 2.317474 -13.761449
v 9.067465 1.812706 -13.327241
v 9.067466 1.812706 -12.934949
v 9.127465 1.812706 -13.327241
v 9.127466 1.812706 -12.934949
v 9.067465 1.777706 -13.327241
v 9.067466 1.777706 -12.934949
v 9.127465 1.777706 -13.327241
v 9.127466 1.777706 -12.934949
v 9.067465 1.502582 -13.327241
v 9.067466 1.502582 -12.934949
v 9.127465 1.502582 -13.327241
v 9.127466 1.502582 -12.934949
v 9.067465 1.467582 -13.327241
v 9.067466 1.467582 -12.934949
v 9.127465 1.467582 -13.327241
v 9.127466 1.467582 -12.934949
v 9.067465 1.173658 -13.327241
v 9.067466 1.173658 -12.934949
v 9.127465 1.173658 -13.327241
v 9.127466 1.173658 -12.934949
v 9.067465 1.138658 -13.327241
v 9.067466 1.138658 -12.934949
v 9.127465 1.138658 -13.327241
v 9.127466 1.138658 -12.934949
v 9.067465 1.068002 -13.327241
v 9.067466 1.068002 -12.934949
v 9.127465 1.068002 -13.327241
v 9.127466 1.068002 -12.934949
v 9.067465 1.033002 -13.327241
v 9.067466 1.033002 -12.934949
v 9.127465 1.033002 -13.327241
v 9.127466 1.033002 -12.934949
v 9.067465 0.580049 -13.327241
v 9.067466 0.580049 -12.934949
v 9.127465 0.580049 -13.327241
v 9.127466 0.580049 -12.934949
v 9.067465 0.545049 -13.327241
v 9.067466 0.545049 -12.934949
v 9.127465 0.545049 -13.327241
v 9.127466 0.545049 -12.934949
v 9.067465 1.768692 -14.209775
v 9.067466 1.768692 -13.796446
v 9.127465 1.768692 -14.209775
v 9.127466 1.768692 -13.796446
v 9.067465 1.733692 -14.209775
v 9.067466 1.733692 -13.796446
v 9.127465 1.733692 -14.209775
v 9.127466 1.733692 -13.796446
v 9.067465 1.887295 -14.209775
v 9.067466 1.887296 -13.796446
v 9.127465 1.887295 -14.209775
v 9.127466 1.887296 -13.796446
v 9.067465 1.852296 -14.209775
v 9.067466 1.852296 -13.796446
v 9.127465 1.852296 -14.209775
v 9.127466 1.852296 -13.796446
v 9.067465 2.115430 -14.209775
v 9.067466 2.115430 -13.796446
v 9.127465 2.115430 -14.209775
v 9.127466 2.115430 -13.796446
v 9.067465 2.080430 -14.209775
v 9.067466 2.080430 -13.796446
v 9.127465 2.080430 -14.209775
v 9.127466 2.080430 -13.796446
v 9.067465 1.371270 -14.209775
v 9.067466 1.371270 -13.796446
v 9.127465 1.371270 -14.209775
v 9.127466 1.371270 -13.796446
v 9.067465 1.336270 -14.209775
v 9.067466 1.336270 -13.796446
v 9.127465 1.336270 -14.209775
v 9.127466 1.336270 -13.796446
v 9.067465 1.073666 -14.209775
v 9.067466 1.073667 -13.796446
v 9.127465 1.073666 -14.209775
v 9.127466 1.073667 -13.796446
v 9.067465 1.038666 -14.209775
v 9.067466 1.038667 -13.796446
v 9.127465 1.038666 -14.209775
v 9.127466 1.038667 -13.796446
v 9.067465 0.901993 -14.209775
v 9.067466 0.901993 -13.796446
v 9.127465 0.901993 -14.209775
v 9.127466 0.901993 -13.796446
v 9.067465 0.866993 -14.209775
v 9.067466 0.866993 -13.796446
v 9.127465 0.866993 -14.209775
v 9.127466 0.866993 -13.796446
v 9.067465 0.548539 -14.209775
v 9.067466 0.548539 -13.796446
v 9.127465 0.548539 -14.209775
v 9.127466 0.548539 -13.796446
v 9.067465 0.513539 -14.209775
v 9.067466 0.513539 -13.796446
v 9.127465 0.513539 -14.209775
v 9.127466 0.513539 -13.796446
v 9.067465 1.956510 -13.761446
v 9.067466 1.956510 -13.639744
v 9.127465 1.956510 -13.761446
v 9.127466 1.956510 -13.639744
v 9.067465 1.921510 -13.761446
v 9.067466 1.921510 -13.639744
v 9.127465 1.921510 -13.761446
v 9.127466 1.921510 -13.639744
v 9.067465 1.577240 -13.761446
v 9.067466 1.577240 -13.639744
v 9.127465 1.577240 -13.761446
v 9.127466 1.577240 -13.639744
v 9.067465 1.542240 -13.761446
v 9.067466 1.542240 -13.639744
v 9.127465 1.542240 -13.761446
v 9.127466 1.542240 -13.639744
v 9.067465 0.984763 -13.761446
v 9.067466 0.984763 -13.639744
v 9.127465 0.984763 -13.761446
v 9.127466 0.984763 -13.639744
v 9.067465 0.949763 -13.761446
v 9.067466 0.949763 -13.639744
v 9.127465 0.949763 -13.761446
v 9.127466 0.949763 -13.639744
v 9.067465 0.697636 -13.761446
v 9.067466 0.697636 -13.639744
v 9.127465 0.697636 -13.761446
v 9.127466 0.697636 -13.639744
v 9.067465 0.662636 -13.761446
v 9.067466 0.662636 -13.639744
v 9.127465 0.662636 -13.761446
v 9.127466 0.662636 -13.639744
v 9.053486 0.000001 -13.362241
v 9.053486 2.317474 -13.362241
v 9.128487 0.000001 -13.362241
v 9.128487 2.317474 -13.362241
v 9.053486 0.000001 -13.327241
v 9.053486 2.317474 -13.327241
v 9.128487 0.000001 -13.327241
v 9.128487 2.317474 -13.327241
v 9.067465 2.115430 -13.604745
v 9.067466 2.115430 -13.362241
v 9.127465 2.115430 -13.604745
v 9.127466 2.115430 -13.362241
v 9.067465 2.080430 -13.604745
v 9.067466 2.080430 -13.362241
v 9.127465 2.080430 -13.604745
v 9.127466 2.080430 -13.362241
v 9.067465 1.657962 -13.604745
v 9.067466 1.657962 -13.362241
v 9.127465 1.657962 -13.604745
v 9.127466 1.657962 -13.362241
v 9.067465 1.622962 -13.604745
v 9.067466 1.622962 -13.362241
v 9.127465 1.622962 -13.604745
v 9.127466 1.622962 -13.362241
v 9.067465 1.840016 -13.604745
v 9.067466 1.840016 -13.362241
v 9.127465 1.840016 -13.604745
v 9.127466 1.840016 -13.362241
v 9.067465 1.805016 -13.604745
v 9.067466 1.805016 -13.362241
v 9.127465 1.805016 -13.604745
v 9.127466 1.805016 -13.362241
v 9.067465 1.294937 -13.604745
v 9.067466 1.294937 -13.362241
v 9.127465 1.294937 -13.604745
v 9.127466 1.294937 -13.362241
v 9.067465 1.259937 -13.604745
v 9.067466 1.259937 -13.362241
v 9.127465 1.259937 -13.604745
v 9.127466 1.259937 -13.362241
v 9.067465 0.871200 -13.604745
v 9.067466 0.871200 -13.362241
v 9.127465 0.871200 -13.604745
v 9.127466 0.871200 -13.362241
v 9.067465 0.836200 -13.604745
v 9.067466 0.836200 -13.362241
v 9.127465 0.836200 -13.604745
v 9.127466 0.836200 -13.362241
v 9.067465 0.622146 -13.604745
v 9.067466 0.622146 -13.362241
v 9.127465 0.622146 -13.604745
v 9.127466 0.622146 -13.362241
v 9.067465 0.587146 -13.604745
v 9.067466 0.587147 -13.362241
v 9.127465 0.587146 -13.604745
v 9.127466 0.587147 -13.362241
v 9.067465 0.532961 -13.604745
v 9.067466 0.532961 -13.362241
v 9.127465 0.532961 -13.604745
v 9.127466 0.532961 -13.362241
v 9.067465 0.497961 -13.604745
v 9.067466 0.497962 -13.362241
v 9.127465 0.497961 -13.604745
v 9.127466 0.497962 -13.362241
v 9.128487 0.000002 -14.209775
v 9.128487 2.317474 -14.209775
v 9.053486 0.000002 -14.209775
v 9.053486 2.317474 -14.209775
v 9.128487 0.000002 -14.244775
v 9.128487 2.317474 -14.244775
v 9.053486 0.000002 -14.244775
v 9.053486 2.317474 -14.244775
v 9.053486 0.000001 -16.040644
v 9.053486 2.317474 -16.040644
v 9.128487 0.000001 -16.040644
v 9.128487 2.317474 -16.040644
v 9.053486 0.000001 -16.005644
v 9.053486 2.317474 -16.005644
v 9.128487 0.000001 -16.005644
v 9.128487 2.317474 -16.005644
v 9.120987 0.497957 -15.158422
v 9.120987 0.497957 -15.400927
v 9.060986 0.497957 -15.158422
v 9.060986 0.497957 -15.400927
v 9.120987 0.462957 -15.158422
v 9.120987 0.462957 -15.400927
v 9.060986 0.462957 -15.158422
v 9.060986 0.462957 -15.400927
v 9.120987 0.587142 -15.158422
v 9.120987 0.587142 -15.400927
v 9.060986 0.587142 -15.158422
v 9.060986 0.587142 -15.400927
v 9.120987 0.552142 -15.158422
v 9.120987 0.552142 -15.400927
v 9.060986 0.552142 -15.158422
v 9.060986 0.552142 -15.400927
v 9.120987 0.871200 -15.158422
v 9.120987 0.871200 -15.400927
v 9.060986 0.871200 -15.158422
v 9.060986 0.871200 -15.400927
v 9.120987 0.836200 -15.158422
v 9.120987 0.836200 -15.400927
v 9.060986 0.836200 -15.158422
v 9.060986 0.836200 -15.400927
v 9.120987 1.294937 -15.158422
v 9.120987 1.294937 -15.400927
v 9.060986 1.294937 -15.158422
v 9.060986 1.294937 -15.400927
v 9.120987 1.259937 -15.158422
v 9.120987 1.259937 -15.400927
v 9.060986 1.259937 -15.158422
v 9.060986 1.259937 -15.400927
v 9.120987 1.840016 -15.158422
v 9.120987 1.840016 -15.400927
v 9.060986 1.840016 -15.158422
v 9.060986 1.840016 -15.400927
v 9.120987 1.805016 -15.158422
v 9.120987 1.805016 -15.400927
v 9.060986 1.805016 -15.158422
v 9.060986 1.805016 -15.400927
v 9.120987 1.657962 -15.158422
v 9.120987 1.657962 -15.400927
v 9.060986 1.657962 -15.158422
v 9.060986 1.657962 -15.400927
v 9.120987 1.622962 -15.158422
v 9.120987 1.622962 -15.400927
v 9.060986 1.622962 -15.158422
v 9.060986 1.622962 -15.400927
v 9.120987 2.115430 -15.158422
v 9.120987 2.115430 -15.400927
v 9.060986 2.115430 -15.158422
v 9.060986 2.115430 -15.400927
v 9.120987 2.080430 -15.158422
v 9.120987 2.080430 -15.400927
v 9.060986 2.080430 -15.158422
v 9.060986 2.080430 -15.400927
v 9.128487 0.000002 -15.400927
v 9.128487 2.317474 -15.400927
v 9.053486 0.000002 -15.400927
v 9.053486 2.317474 -15.400927
v 9.128487 0.000002 -15.435926
v 9.128487 2.317474 -15.435926
v 9.053486 0.000002 -15.435926
v 9.053486 2.317474 -15.435926
v 9.120987 0.697636 -15.001721
v 9.120987 0.697636 -15.123424
v 9.060986 0.697636 -15.001721
v 9.060986 0.697636 -15.123424
v 9.120987 0.662636 -15.001721
v 9.120987 0.662636 -15.123424
v 9.060986 0.662636 -15.001721
v 9.060986 0.662636 -15.123424
v 9.120987 0.984763 -15.001721
v 9.120987 0.984763 -15.123424
v 9.060986 0.984763 -15.001721
v 9.060986 0.984763 -15.123424
v 9.120987 0.949763 -15.001721
v 9.120987 0.949763 -15.123424
v 9.060986 0.949763 -15.001721
v 9.060986 0.949763 -15.123424
v 9.120987 1.577240 -15.001721
v 9.120987 1.577240 -15.123424
v 9.060986 1.577240 -15.001721
v 9.060986 1.577240 -15.123424
v 9.120987 1.542240 -15.001721
v 9.120987 1.542240 -15.123424
v 9.060986 1.542240 -15.001721
v 9.060986 1.542240 -15.123424
v 9.120987 1.956510 -15.001721
v 9.120987 1.956510 -15.123424
v 9.060986 1.956510 -15.001721
v 9.060986 1.956510 -15.123424
v 9.120987 1.921510 -15.001721
v 9.120987 1.921510 -15.123424
v 9.060986 1.921510 -15.001721
v 9.060986 1.921510 -15.123424
v 9.120987 0.548539 -14.518394
v 9.120987 0.548539 -14.966722
v 9.060986 0.548539 -14.518394
v 9.060986 0.548539 -14.966722
v 9.120987 0.513539 -14.518394
v 9.120987 0.513539 -14.966722
v 9.060986 0.513539 -14.518394
v 9.060986 0.513539 -14.966722
v 9.120987 0.901993 -14.518394
v 9.120987 0.901993 -14.966722
v 9.060986 0.901993 -14.518394
v 9.060986 0.901993 -14.966722
v 9.120987 0.866993 -14.518394
v 9.120987 0.866993 -14.966722
v 9.060986 0.866993 -14.518394
v 9.060986 0.866993 -14.966722
v 9.120987 1.073666 -14.518394
v 9.120987 1.073667 -14.966722
v 9.060986 1.073666 -14.518394
v 9.060986 1.073667 -14.966722
v 9.120987 1.038666 -14.518394
v 9.120987 1.038667 -14.966722
v 9.060986 1.038666 -14.518394
v 9.060986 1.038667 -14.966722
v 9.120987 1.371270 -14.518394
v 9.120987 1.371270 -14.966722
v 9.060986 1.371270 -14.518394
v 9.060986 1.371270 -14.966722
v 9.120987 1.336270 -14.518394
v 9.120987 1.336270 -14.966722
v 9.060986 1.336270 -14.518394
v 9.060986 1.336270 -14.966722
v 9.120987 2.115430 -14.518394
v 9.120987 2.115430 -14.966722
v 9.060986 2.115430 -14.518394
v 9.060986 2.115430 -14.966722
v 9.120987 2.080430 -14.518394
v 9.120987 2.080430 -14.966722
v 9.060986 2.080430 -14.518394
v 9.060986 2.080430 -14.966722
v 9.120987 1.887295 -14.518394
v 9.120987 1.887296 -14.966722
v 9.060986 1.887295 -14.518394
v 9.060986 1.887296 -14.966722
v 9.120987 1.852296 -14.518394
v 9.120987 1.852296 -14.966722
v 9.060986 1.852296 -14.518394
v 9.060986 1.852296 -14.966722
v 9.120987 1.768692 -14.518394
v 9.120987 1.768692 -14.966722
v 9.060986 1.768692 -14.518394
v 9.060986 1.768692 -14.966722
v 9.120987 1.733692 -14.518394
v 9.120987 1.733692 -14.966722
v 9.060986 1.733692 -14.518394
v 9.060986 1.733692 -14.966722
v 9.120987 0.651297 -14.244776
v 9.120987 0.651297 -14.483395
v 9.060986 0.651297 -14.244776
v 9.060986 0.651297 -14.483395
v 9.120987 0.616297 -14.244776
v 9.120987 0.616297 -14.483395
v 9.060986 0.616297 -14.244776
v 9.060986 0.616297 -14.483395
v 9.120987 1.160825 -14.244776
v 9.120987 1.160825 -14.483395
v 9.060986 1.160825 -14.244776
v 9.060986 1.160825 -14.483395
v 9.120987 1.125825 -14.244776
v 9.120987 1.125825 -14.483395
v 9.060986 1.125825 -14.244776
v 9.060986 1.125825 -14.483395
v 9.120987 1.463288 -14.244776
v 9.120987 1.463288 -14.483395
v 9.060986 1.463288 -14.244776
v 9.060986 1.463288 -14.483395
v 9.120987 1.428288 -14.244776
v 9.120987 1.428288 -14.483395
v 9.060986 1.428288 -14.244776
v 9.060986 1.428288 -14.483395
v 9.120987 2.022809 -14.244776
v 9.120987 2.022809 -14.483395
v 9.060986 2.022809 -14.244776
v 9.060986 2.022809 -14.483395
v 9.120987 1.987809 -14.244776
v 9.120987 1.987809 -14.483395
v 9.060986 1.987809 -14.244776
v 9.060986 1.987809 -14.483395
v 9.120987 0.481891 -15.863222
v 9.120987 0.481891 -16.005644
v 9.060986 0.481891 -15.863222
v 9.060986 0.481891 -16.005644
v 9.120987 0.446891 -15.863222
v 9.120987 0.446891 -16.005644
v 9.060986 0.446891 -15.863222
v 9.060986 0.446891 -16.005644
v 9.120987 0.799849 -15.863222
v 9.120987 0.799849 -16.005644
v 9.060986 0.799849 -15.863222
v 9.060986 0.799849 -16.005644
v 9.120987 0.764849 -15.863222
v 9.120987 0.764849 -16.005644
v 9.060986 0.764849 -15.863222
v 9.060986 0.764849 -16.005644
v 9.120987 1.348599 -15.863222
v 9.120987 1.348599 -16.005644
v 9.060986 1.348599 -15.863222
v 9.060986 1.348599 -16.005644
v 9.120987 1.313599 -15.863222
v 9.120987 1.313599 -16.005644
v 9.060986 1.313599 -15.863222
v 9.060986 1.313599 -16.005644
v 9.120987 1.737902 -15.863222
v 9.120987 1.737902 -16.005644
v 9.060986 1.737902 -15.863222
v 9.060986 1.737902 -16.005644
v 9.120987 1.702902 -15.863222
v 9.120987 1.702902 -16.005644
v 9.060986 1.702902 -15.863222
v 9.060986 1.702902 -16.005644
v 9.120987 1.891436 -15.863222
v 9.120987 1.891436 -16.005644
v 9.060986 1.891436 -15.863222
v 9.060986 1.891436 -16.005644
v 9.120987 1.856436 -15.863222
v 9.120987 1.856436 -16.005644
v 9.060986 1.856436 -15.863222
v 9.060986 1.856436 -16.005644
v 9.120987 2.177691 -15.863222
v 9.120987 2.177691 -16.040646
v 9.060986 2.177691 -15.863222
v 9.060986 2.177691 -16.040646
v 9.120987 2.142692 -15.863222
v 9.120987 2.142692 -16.040646
v 9.060986 2.142692 -15.863222
v 9.060986 2.142692 -16.040646
v 9.120987 0.580049 -15.435930
v 9.120987 0.580049 -15.828222
v 9.060986 0.580049 -15.435930
v 9.060986 0.580049 -15.828222
v 9.120987 0.545049 -15.435930
v 9.120987 0.545049 -15.828222
v 9.060986 0.545049 -15.435930
v 9.060986 0.545049 -15.828222
v 9.120987 1.068002 -15.435930
v 9.120987 1.068002 -15.828222
v 9.060986 1.068002 -15.435930
v 9.060986 1.068002 -15.828222
v 9.120987 1.033002 -15.435930
v 9.120987 1.033002 -15.828222
v 9.060986 1.033002 -15.435930
v 9.060986 1.033002 -15.828222
v 9.120987 1.173658 -15.435930
v 9.120987 1.173658 -15.828222
v 9.060986 1.173658 -15.435930
v 9.060986 1.173658 -15.828222
v 9.120987 1.138658 -15.435930
v 9.120987 1.138658 -15.828222
v 9.060986 1.138658 -15.435930
v 9.060986 1.138658 -15.828222
v 9.120987 1.502582 -15.435930
v 9.120987 1.502582 -15.828222
v 9.060986 1.502582 -15.435930
v 9.060986 1.502582 -15.828222
v 9.120987 1.467582 -15.435930
v 9.120987 1.467582 -15.828222
v 9.060986 1.467582 -15.435930
v 9.060986 1.467582 -15.828222
v 9.120987 1.812706 -15.435930
v 9.120987 1.812706 -15.828222
v 9.060986 1.812706 -15.435930
v 9.060986 1.812706 -15.828222
v 9.120987 1.777706 -15.435930
v 9.120987 1.777706 -15.828222
v 9.060986 1.777706 -15.435930
v 9.060986 1.777706 -15.828222
v 9.128487 0.000001 -14.483393
v 9.128487 2.317474 -14.483393
v 9.053486 0.000001 -14.483393
v 9.053486 2.317474 -14.483393
v 9.128487 0.000001 -14.518393
v 9.128487 2.317474 -14.518393
v 9.053486 0.000001 -14.518393
v 9.053486 2.317474 -14.518393
v 9.128487 0.000002 -14.966722
v 9.128487 2.317474 -14.966722
v 9.053486 0.000002 -14.966722
v 9.053486 2.317474 -14.966722
v 9.128487 0.000002 -15.001722
v 9.128487 2.317474 -15.001722
v 9.053486 0.000002 -15.001722
v 9.053486 2.317474 -15.001722
v 9.128487 0.000002 -15.123423
v 9.128487 2.317474 -15.123423
v 9.053486 0.000002 -15.123423
v 9.053486 2.317474 -15.123423
v 9.128487 0.000002 -15.158422
v 9.128487 2.317474 -15.158422
v 9.053486 0.000002 -15.158422
v 9.053486 2.317474 -15.158422
v 9.128487 0.000001 -15.828222
v 9.128487 2.317474 -15.828222
v 9.053486 0.000001 -15.828222
v 9.053486 2.317474 -15.828222
v 9.128487 0.000001 -15.863222
v 9.128487 2.317474 -15.863222
v 9.053486 0.000001 -15.863222
v 9.053486 2.317474 -15.863222
v 9.120987 0.199733 -6.868417
v 9.120987 0.199734 -7.316745
v 9.060986 0.199733 -6.868417
v 9.060986 0.199734 -7.316745
v 9.120987 0.164734 -6.868417
v 9.120987 0.164734 -7.316745
v 9.060986 0.164734 -6.868417
v 9.060986 0.164734 -7.316745
v 9.120987 0.246723 -7.508447
v 9.120987 0.246723 -7.750952
v 9.060986 0.246723 -7.508447
v 9.060986 0.246723 -7.750952
v 9.120987 0.211723 -7.508447
v 9.120987 0.211723 -7.750952
v 9.060986 0.211723 -7.508447
v 9.060986 0.211723 -7.750952
v 9.120987 0.372949 -7.351745
v 9.120987 0.372949 -7.473447
v 9.060986 0.372949 -7.351745
v 9.060986 0.372949 -7.473447
v 9.120987 0.337949 -7.351745
v 9.120987 0.337949 -7.473447
v 9.060986 0.337949 -7.351745
v 9.060986 0.337949 -7.473447
v 9.120987 0.204230 -8.213245
v 9.120987 0.204230 -8.355669
v 9.060986 0.204230 -8.213245
v 9.060986 0.204230 -8.355669
v 9.120987 0.169230 -8.213245
v 9.120987 0.169230 -8.355669
v 9.060986 0.169230 -8.213245
v 9.060986 0.169230 -8.355669
v 9.067467 0.434849 -8.782963
v 9.067468 0.434849 -8.390671
v 9.127467 0.434849 -8.782963
v 9.127468 0.434849 -8.390671
v 9.067467 0.399849 -8.782963
v 9.067468 0.399849 -8.390671
v 9.127467 0.399849 -8.782963
v 9.127468 0.399849 -8.390671
v 9.067467 0.306702 -8.782963
v 9.067468 0.306702 -8.390671
v 9.127467 0.306702 -8.782963
v 9.127468 0.306702 -8.390671
v 9.067467 0.271702 -8.782963
v 9.067468 0.271702 -8.390671
v 9.127467 0.271702 -8.782963
v 9.127468 0.271702 -8.390671
v 9.067467 0.181509 -9.060467
v 9.067468 0.181509 -8.817963
v 9.127467 0.181509 -9.060467
v 9.127468 0.181509 -8.817963
v 9.067467 0.146509 -9.060467
v 9.067468 0.146509 -8.817963
v 9.127467 0.146509 -9.060467
v 9.127468 0.146509 -8.817963
v 9.067467 0.283555 -9.217170
v 9.067468 0.283555 -9.095468
v 9.127467 0.283555 -9.217170
v 9.127468 0.283555 -9.095468
v 9.067467 0.248555 -9.217170
v 9.067468 0.248555 -9.095468
v 9.127467 0.248555 -9.217170
v 9.127468 0.248555 -9.095468
v 9.120987 0.297247 -15.863222
v 9.120987 0.297247 -16.005644
v 9.060986 0.297247 -15.863222
v 9.060986 0.297247 -16.005644
v 9.120987 0.262247 -15.863222
v 9.120987 0.262247 -16.005644
v 9.060986 0.262247 -15.863222
v 9.060986 0.262247 -16.005644
v 9.120987 0.349101 -15.435930
v 9.120987 0.349101 -15.828222
v 9.060986 0.349101 -15.435930
v 9.060986 0.349101 -15.828222
v 9.120987 0.314101 -15.435930
v 9.120987 0.314101 -15.828222
v 9.060986 0.314101 -15.435930
v 9.060986 0.314101 -15.828222
v 9.120987 0.185059 -15.158422
v 9.120987 0.185059 -15.400927
v 9.060986 0.185059 -15.158422
v 9.060986 0.185059 -15.400927
v 9.120987 0.150059 -15.158422
v 9.120987 0.150059 -15.400927
v 9.060986 0.150059 -15.158422
v 9.060986 0.150059 -15.400927
v 9.120987 0.366374 -15.001721
v 9.120987 0.366374 -15.123424
v 9.060986 0.366374 -15.001721
v 9.060986 0.366374 -15.123424
v 9.120987 0.331374 -15.001721
v 9.120987 0.331374 -15.123424
v 9.060986 0.331374 -15.001721
v 9.060986 0.331374 -15.123424
v 9.120987 0.268403 -14.518394
v 9.120987 0.268403 -14.966722
v 9.060986 0.268403 -14.518394
v 9.060986 0.268403 -14.966722
v 9.120987 0.233403 -14.518394
v 9.120987 0.233403 -14.966722
v 9.060986 0.233403 -14.518394
v 9.060986 0.233403 -14.966722
v 9.120987 0.345279 -14.244776
v 9.120987 0.345280 -14.483395
v 9.060986 0.345279 -14.244776
v 9.060986 0.345280 -14.483395
v 9.120987 0.310279 -14.244776
v 9.120987 0.310280 -14.483395
v 9.060986 0.310279 -14.244776
v 9.060986 0.310280 -14.483395
v 9.067465 0.197484 -14.209775
v 9.067466 0.197484 -13.796446
v 9.127465 0.197484 -14.209775
v 9.127466 0.197484 -13.796446
v 9.067465 0.162484 -14.209775
v 9.067466 0.162484 -13.796446
v 9.127465 0.162484 -14.209775
v 9.127466 0.162484 -13.796446
v 9.067465 0.315270 -13.327241
v 9.067466 0.315270 -12.934949
v 9.127465 0.315270 -13.327241
v 9.127466 0.315270 -12.934949
v 9.067465 0.280270 -13.327241
v 9.067466 0.280270 -12.934949
v 9.127465 0.280270 -13.327241
v 9.127466 0.280270 -12.934949
v 9.067465 0.227744 -13.604745
v 9.067466 0.227744 -13.362241
v 9.127465 0.227744 -13.604745
v 9.127466 0.227744 -13.362241
v 9.067465 0.192744 -13.604745
v 9.067466 0.192744 -13.362241
v 9.127465 0.192744 -13.604745
v 9.127466 0.192744 -13.362241
v 9.067465 0.421550 -13.761446
v 9.067466 0.421550 -13.639744
v 9.127465 0.421550 -13.761446
v 9.127466 0.421550 -13.639744
v 9.067465 0.386550 -13.761446
v 9.067466 0.386550 -13.639744
v 9.127465 0.386550 -13.761446
v 9.127466 0.386550 -13.639744
v 9.067465 0.313201 -13.761446
v 9.067466 0.313202 -13.639744
v 9.127465 0.313201 -13.761446
v 9.127466 0.313202 -13.639744
v 9.067465 0.278201 -13.761446
v 9.067466 0.278202 -13.639744
v 9.127465 0.278201 -13.761446
v 9.127466 0.278202 -13.639744
v 9.120987 0.190869 -12.757524
v 9.120987 0.190869 -12.899945
v 9.060986 0.190869 -12.757524
v 9.060986 0.190869 -12.899945
v 9.120987 0.155869 -12.757524
v 9.120987 0.155869 -12.899945
v 9.060986 0.155869 -12.757524
v 9.060986 0.155869 -12.899945
v 9.120987 0.317981 -12.330232
v 9.120987 0.317982 -12.722524
v 9.060986 0.317981 -12.330232
v 9.060986 0.317982 -12.722524
v 9.120987 0.282982 -12.330232
v 9.120987 0.282982 -12.722524
v 9.060986 0.282982 -12.330232
v 9.060986 0.282982 -12.722524
v 9.120987 0.189466 -12.052724
v 9.120987 0.189467 -12.295228
v 9.060986 0.189466 -12.052724
v 9.060986 0.189467 -12.295228
v 9.120987 0.154467 -12.052724
v 9.120987 0.154467 -12.295228
v 9.060986 0.154467 -12.052724
v 9.060986 0.154467 -12.295228
v 9.120987 0.344505 -11.896023
v 9.120987 0.344505 -12.017725
v 9.060986 0.344505 -11.896023
v 9.060986 0.344505 -12.017725
v 9.120987 0.309505 -11.896023
v 9.120987 0.309505 -12.017725
v 9.060986 0.309505 -11.896023
v 9.060986 0.309505 -12.017725
v 9.120987 0.239499 -11.412695
v 9.120987 0.239499 -11.861023
v 9.060986 0.239499 -11.412695
v 9.060986 0.239499 -11.861023
v 9.120987 0.204499 -11.412695
v 9.120987 0.204499 -11.861023
v 9.060986 0.204499 -11.412695
v 9.060986 0.204499 -11.861023
v 9.120987 0.165693 -11.139076
v 9.120987 0.165693 -11.377695
v 9.060986 0.165693 -11.139076
v 9.060986 0.165693 -11.377695
v 9.120987 0.130693 -11.139076
v 9.120987 0.130693 -11.377695
v 9.060986 0.130693 -11.139076
v 9.060986 0.130693 -11.377695
v 9.120987 0.275906 -10.861569
v 9.120987 0.275907 -11.104074
v 9.060986 0.275906 -10.861569
v 9.060986 0.275907 -11.104074
v 9.120987 0.240906 -10.861569
v 9.120987 0.240907 -11.104074
v 9.060986 0.240906 -10.861569
v 9.060986 0.240907 -11.104074
v 9.120987 0.213899 -10.704868
v 9.120987 0.213899 -10.826571
v 9.060986 0.213899 -10.704868
v 9.060986 0.213899 -10.826571
v 9.120987 0.178899 -10.704868
v 9.120987 0.178899 -10.826571
v 9.060986 0.178899 -10.704868
v 9.060986 0.178899 -10.826571
v 9.120987 0.368212 -10.221540
v 9.120987 0.368212 -10.669868
v 9.060986 0.368212 -10.221540
v 9.060986 0.368212 -10.669868
v 9.120987 0.333212 -10.221540
v 9.120987 0.333212 -10.669868
v 9.060986 0.333212 -10.221540
v 9.060986 0.333212 -10.669868
v 9.120987 0.242452 -9.947923
v 9.120987 0.242452 -10.186542
v 9.060986 0.242452 -9.947923
v 9.060986 0.242452 -10.186542
v 9.120987 0.207452 -9.947923
v 9.120987 0.207452 -10.186542
v 9.060986 0.207452 -9.947923
v 9.060986 0.207452 -10.186542
v 9.067467 0.311530 -9.700498
v 9.067468 0.311530 -9.252170
v 9.127467 0.311530 -9.700498
v 9.127468 0.311530 -9.252170
v 9.067467 0.276530 -9.700498
v 9.067468 0.276531 -9.252170
v 9.127467 0.276530 -9.700498
v 9.127468 0.276531 -9.252170
v 9.067467 0.178385 -9.700498
v 9.067468 0.178386 -9.252170
v 9.127467 0.178385 -9.700498
v 9.127468 0.178386 -9.252170
v 9.067467 0.143386 -9.700498
v 9.067468 0.143386 -9.252170
v 9.127467 0.143386 -9.700498
v 9.127468 0.143386 -9.252170
v 9.120987 0.340386 -7.785954
v 9.120987 0.340387 -8.178246
v 9.060986 0.340386 -7.785954
v 9.060986 0.340387 -8.178246
v 9.120987 0.305386 -7.785954
v 9.120987 0.305387 -8.178246
v 9.060986 0.305386 -7.785954
v 9.060986 0.305387 -8.178246
v -8.696472 0.448661 -19.224199
v -8.245426 0.448661 -19.224199
v -8.696472 0.448661 -19.284201
v -8.245426 0.448661 -19.284201
v -8.696472 0.413661 -19.224199
v -8.245426 0.413661 -19.224199
v -8.696472 0.413661 -19.284201
v -8.245426 0.413661 -19.284201
v -8.696472 0.798929 -19.224199
v -8.245426 0.798929 -19.224199
v -8.696472 0.798929 -19.284201
v -8.245426 0.798929 -19.284201
v -8.696472 0.763929 -19.224199
v -8.245426 0.763929 -19.224199
v -8.696472 0.763929 -19.284201
v -8.245426 0.763929 -19.284201
v -8.696472 1.225825 -19.224199
v -8.245426 1.225825 -19.224199
v -8.696472 1.225825 -19.284201
v -8.245426 1.225825 -19.284201
v -8.696472 1.190825 -19.224199
v -8.245426 1.190825 -19.224199
v -8.696472 1.190825 -19.284201
v -8.245426 1.190825 -19.284201
v -8.696472 0.976365 -19.224199
v -8.245426 0.976365 -19.224199
v -8.696472 0.976365 -19.284201
v -8.245426 0.976365 -19.284201
v -8.696472 0.941365 -19.224199
v -8.245426 0.941365 -19.224199
v -8.696472 0.941365 -19.284201
v -8.245426 0.941365 -19.284201
v -8.696472 1.756210 -19.224199
v -8.245426 1.756210 -19.224199
v -8.696472 1.756210 -19.284201
v -8.245426 1.756210 -19.284201
v -8.696472 1.721210 -19.224199
v -8.245426 1.721210 -19.224199
v -8.696472 1.721210 -19.284201
v -8.245426 1.721210 -19.284201
v -4.796108 0.000002 -19.291700
v -4.796108 2.317474 -19.291700
v -4.796108 0.000002 -19.216700
v -4.796108 2.317474 -19.216700
v -4.831108 0.000002 -19.291700
v -4.831108 2.317474 -19.291700
v -4.831108 0.000002 -19.216700
v -4.831108 2.317474 -19.216700
v -4.831108 0.760173 -19.277719
v -5.223400 0.760173 -19.277719
v -4.831108 0.760173 -19.217718
v -5.223400 0.760173 -19.217718
v -4.831108 0.725173 -19.277719
v -5.223400 0.725173 -19.277719
v -4.831108 0.725173 -19.217718
v -5.223400 0.725173 -19.217718
v -4.831108 1.105908 -19.277719
v -5.223400 1.105908 -19.277719
v -4.831108 1.105908 -19.217718
v -5.223400 1.105908 -19.217718
v -4.831108 1.070908 -19.277719
v -5.223400 1.070908 -19.277719
v -4.831108 1.070908 -19.217718
v -5.223400 1.070908 -19.217718
v -4.831108 1.502582 -19.277719
v -5.223400 1.502582 -19.277719
v -4.831108 1.502582 -19.217718
v -5.223400 1.502582 -19.217718
v -4.831108 1.467582 -19.277719
v -5.223400 1.467582 -19.277719
v -4.831108 1.467582 -19.217718
v -5.223400 1.467582 -19.217718
v -4.831108 1.812706 -19.277719
v -5.223400 1.812706 -19.277719
v -4.831108 1.812706 -19.217718
v -5.223400 1.812706 -19.217718
v -4.831108 1.777706 -19.277719
v -5.223400 1.777706 -19.277719
v -4.831108 1.777706 -19.217718
v -5.223400 1.777706 -19.217718
v -5.223402 0.000002 -19.291700
v -5.223402 2.317474 -19.291700
v -5.223402 0.000002 -19.216700
v -5.223402 2.317474 -19.216700
v -5.258402 0.000002 -19.291700
v -5.258402 2.317474 -19.291700
v -5.258402 0.000002 -19.216700
v -5.258402 2.317474 -19.216700
v -8.245426 0.000001 -19.216700
v -8.245426 2.317474 -19.216700
v -8.245426 0.000001 -19.291700
v -8.245426 2.317474 -19.291700
v -8.210426 0.000001 -19.216700
v -8.210426 2.317474 -19.216700
v -8.210426 0.000001 -19.291700
v -8.210426 2.317474 -19.291700
v -7.331778 0.000002 -19.216700
v -7.331778 2.317474 -19.216700
v -7.331778 0.000002 -19.291700
v -7.331778 2.317474 -19.291700
v -7.296778 0.000002 -19.216700
v -7.296778 2.317474 -19.216700
v -7.296778 0.000002 -19.291700
v -7.296778 2.317474 -19.291700
v -7.488480 0.000001 -19.216700
v -7.488480 2.317474 -19.216700
v -7.488480 0.000001 -19.291700
v -7.488480 2.317474 -19.291700
v -7.453480 0.000001 -19.216700
v -7.453480 2.317474 -19.216700
v -7.453480 0.000001 -19.291700
v -7.453480 2.317474 -19.291700
v -7.971807 0.000001 -19.216700
v -7.971807 2.317474 -19.216700
v -7.971807 0.000001 -19.291700
v -7.971807 2.317474 -19.291700
v -7.936808 0.000001 -19.216700
v -7.936808 2.317474 -19.216700
v -7.936808 0.000001 -19.291700
v -7.936808 2.317474 -19.291700
v -8.210425 2.022809 -19.224199
v -7.971807 2.022809 -19.224199
v -8.210425 2.022809 -19.284201
v -7.971807 2.022809 -19.284201
v -8.210425 1.987809 -19.224199
v -7.971807 1.987809 -19.224199
v -8.210425 1.987809 -19.284201
v -7.971807 1.987809 -19.284201
v -8.210425 1.463288 -19.224199
v -7.971807 1.463288 -19.224199
v -8.210425 1.463288 -19.284201
v -7.971807 1.463288 -19.284201
v -8.210425 1.428288 -19.224199
v -7.971807 1.428288 -19.224199
v -8.210425 1.428288 -19.284201
v -7.971807 1.428288 -19.284201
v -8.210425 1.160825 -19.224199
v -7.971807 1.160825 -19.224199
v -8.210425 1.160825 -19.284201
v -7.971807 1.160825 -19.284201
v -8.210425 1.125825 -19.224199
v -7.971807 1.125825 -19.224199
v -8.210425 1.125825 -19.284201
v -7.971807 1.125825 -19.284201
v -8.210425 0.651297 -19.224199
v -7.971807 0.651297 -19.224199
v -8.210425 0.651297 -19.284201
v -7.971807 0.651297 -19.284201
v -8.210425 0.616297 -19.224199
v -7.971807 0.616297 -19.224199
v -8.210425 0.616297 -19.284201
v -7.971807 0.616297 -19.284201
v -7.936809 1.768692 -19.224199
v -7.488481 1.768692 -19.224199
v -7.936809 1.768692 -19.284201
v -7.488481 1.768692 -19.284201
v -7.936809 1.733692 -19.224199
v -7.488481 1.733692 -19.224199
v -7.936809 1.733692 -19.284201
v -7.488481 1.733692 -19.284201
v -7.936807 1.887296 -19.224199
v -7.488479 1.887296 -19.224199
v -7.936807 1.887296 -19.284201
v -7.488479 1.887296 -19.284201
v -7.936807 1.852296 -19.224199
v -7.488479 1.852296 -19.224199
v -7.936807 1.852296 -19.284201
v -7.488479 1.852296 -19.284201
v -7.936807 2.115430 -19.224199
v -7.488479 2.115430 -19.224199
v -7.936807 2.115430 -19.284201
v -7.488479 2.115430 -19.284201
v -7.936807 2.080430 -19.224199
v -7.488479 2.080430 -19.224199
v -7.936807 2.080430 -19.284201
v -7.488479 2.080430 -19.284201
v -7.936809 1.371270 -19.224199
v -7.488481 1.371270 -19.224199
v -7.936809 1.371270 -19.284201
v -7.488481 1.371270 -19.284201
v -7.936809 1.336270 -19.224199
v -7.488481 1.336270 -19.224199
v -7.936809 1.336270 -19.284201
v -7.488481 1.336270 -19.284201
v -7.936809 1.073666 -19.224199
v -7.488481 1.073667 -19.224199
v -7.936809 1.073666 -19.284201
v -7.488481 1.073667 -19.284201
v -7.936809 1.038666 -19.224199
v -7.488481 1.038667 -19.224199
v -7.936809 1.038666 -19.284201
v -7.488481 1.038667 -19.284201
v -7.936809 0.901993 -19.224199
v -7.488481 0.901993 -19.224199
v -7.936809 0.901993 -19.284201
v -7.488481 0.901993 -19.284201
v -7.936809 0.866993 -19.224199
v -7.488481 0.866993 -19.224199
v -7.936809 0.866993 -19.284201
v -7.488481 0.866993 -19.284201
v -7.936809 0.592104 -19.224199
v -7.488481 0.592104 -19.224199
v -7.936809 0.592104 -19.284201
v -7.488481 0.592104 -19.284201
v -7.936809 0.557104 -19.224199
v -7.488481 0.557104 -19.224199
v -7.936809 0.557104 -19.284201
v -7.488481 0.557104 -19.284201
v -7.453481 1.956510 -19.224199
v -7.331779 1.956511 -19.224199
v -7.453481 1.956510 -19.284201
v -7.331779 1.956511 -19.284201
v -7.453481 1.921510 -19.224199
v -7.331779 1.921511 -19.224199
v -7.453481 1.921510 -19.284201
v -7.331779 1.921511 -19.284201
v -7.453481 1.577240 -19.224199
v -7.331779 1.577240 -19.224199
v -7.453481 1.577240 -19.284201
v -7.331779 1.577240 -19.284201
v -7.453481 1.542240 -19.224199
v -7.331779 1.542240 -19.224199
v -7.453481 1.542240 -19.284201
v -7.331779 1.542240 -19.284201
v -7.453481 0.984763 -19.224199
v -7.331779 0.984763 -19.224199
v -7.453481 0.984763 -19.284201
v -7.331779 0.984763 -19.284201
v -7.453481 0.949763 -19.224199
v -7.331779 0.949763 -19.224199
v -7.453481 0.949763 -19.284201
v -7.331779 0.949763 -19.284201
v -7.453481 0.697636 -19.224199
v -7.331779 0.697636 -19.224199
v -7.453481 0.697636 -19.284201
v -7.331779 0.697636 -19.284201
v -7.453481 0.662636 -19.224199
v -7.331779 0.662636 -19.224199
v -7.453481 0.662636 -19.284201
v -7.331779 0.662636 -19.284201
v -7.054272 0.000002 -19.216700
v -7.054272 2.317474 -19.216700
v -7.054272 0.000002 -19.291700
v -7.054272 2.317474 -19.291700
v -7.019272 0.000002 -19.216700
v -7.019272 2.317474 -19.216700
v -7.019272 0.000002 -19.291700
v -7.019272 2.317474 -19.291700
v -7.296778 2.115430 -19.224199
v -7.054274 2.115430 -19.224199
v -7.296778 2.115430 -19.284201
v -7.054274 2.115430 -19.284201
v -7.296778 2.080430 -19.224199
v -7.054274 2.080430 -19.224199
v -7.296778 2.080430 -19.284201
v -7.054274 2.080430 -19.284201
v -7.296778 1.657962 -19.224199
v -7.054274 1.657962 -19.224199
v -7.296778 1.657962 -19.284201
v -7.054274 1.657962 -19.284201
v -7.296778 1.622962 -19.224199
v -7.054274 1.622962 -19.224199
v -7.296778 1.622962 -19.284201
v -7.054274 1.622962 -19.284201
v -7.296778 1.840016 -19.224199
v -7.054274 1.840016 -19.224199
v -7.296778 1.840016 -19.284201
v -7.054274 1.840016 -19.284201
v -7.296778 1.805016 -19.224199
v -7.054274 1.805016 -19.224199
v -7.296778 1.805016 -19.284201
v -7.054274 1.805016 -19.284201
v -7.296778 1.294937 -19.224199
v -7.054274 1.294937 -19.224199
v -7.296778 1.294937 -19.284201
v -7.054274 1.294937 -19.284201
v -7.296778 1.259937 -19.224199
v -7.054274 1.259937 -19.224199
v -7.296778 1.259937 -19.284201
v -7.054274 1.259937 -19.284201
v -7.296778 0.871200 -19.224199
v -7.054274 0.871200 -19.224199
v -7.296778 0.871200 -19.284201
v -7.054274 0.871200 -19.284201
v -7.296778 0.836200 -19.224199
v -7.054274 0.836200 -19.224199
v -7.296778 0.836200 -19.284201
v -7.054274 0.836200 -19.284201
v -7.296778 0.587142 -19.224199
v -7.054274 0.587142 -19.224199
v -7.296778 0.587142 -19.284201
v -7.054274 0.587142 -19.284201
v -7.296778 0.552142 -19.224199
v -7.054274 0.552142 -19.224199
v -7.296778 0.552142 -19.284201
v -7.054274 0.552142 -19.284201
v -7.296778 0.497957 -19.224199
v -7.054274 0.497957 -19.224199
v -7.296778 0.497957 -19.284201
v -7.054274 0.497957 -19.284201
v -7.296778 0.462957 -19.224199
v -7.054274 0.462957 -19.224199
v -7.296778 0.462957 -19.284201
v -7.054274 0.462957 -19.284201
v -6.105623 0.497957 -19.224199
v -5.863119 0.497957 -19.224199
v -6.105623 0.497957 -19.284201
v -5.863119 0.497957 -19.284201
v -6.105623 0.462957 -19.224199
v -5.863119 0.462957 -19.224199
v -6.105623 0.462957 -19.284201
v -5.863119 0.462957 -19.284201
v -6.105623 0.587142 -19.224199
v -5.863119 0.587142 -19.224199
v -6.105623 0.587142 -19.284201
v -5.863119 0.587142 -19.284201
v -6.105623 0.552142 -19.224199
v -5.863119 0.552142 -19.224199
v -6.105623 0.552142 -19.284201
v -5.863119 0.552142 -19.284201
v -6.105623 0.871200 -19.224199
v -5.863119 0.871200 -19.224199
v -6.105623 0.871200 -19.284201
v -5.863119 0.871200 -19.284201
v -6.105623 0.836200 -19.224199
v -5.863119 0.836200 -19.224199
v -6.105623 0.836200 -19.284201
v -5.863119 0.836200 -19.284201
v -6.105623 1.294937 -19.224199
v -5.863119 1.294937 -19.224199
v -6.105623 1.294937 -19.284201
v -5.863119 1.294937 -19.284201
v -6.105623 1.259937 -19.224199
v -5.863119 1.259937 -19.224199
v -6.105623 1.259937 -19.284201
v -5.863119 1.259937 -19.284201
v -6.105623 1.840016 -19.224199
v -5.863119 1.840016 -19.224199
v -6.105623 1.840016 -19.284201
v -5.863119 1.840016 -19.284201
v -6.105623 1.805016 -19.224199
v -5.863119 1.805016 -19.224199
v -6.105623 1.805016 -19.284201
v -5.863119 1.805016 -19.284201
v -6.105623 1.657962 -19.224199
v -5.863119 1.657962 -19.224199
v -6.105623 1.657962 -19.284201
v -5.863119 1.657962 -19.284201
v -6.105623 1.622962 -19.224199
v -5.863119 1.622962 -19.224199
v -6.105623 1.622962 -19.284201
v -5.863119 1.622962 -19.284201
v -6.105623 2.115430 -19.224199
v -5.863119 2.115430 -19.224199
v -6.105623 2.115430 -19.284201
v -5.863119 2.115430 -19.284201
v -6.105623 2.080430 -19.224199
v -5.863119 2.080430 -19.224199
v -6.105623 2.080430 -19.284201
v -5.863119 2.080430 -19.284201
v -5.863119 0.000001 -19.216700
v -5.863119 2.317474 -19.216700
v -5.863119 0.000001 -19.291700
v -5.863119 2.317474 -19.291700
v -5.828119 0.000001 -19.216700
v -5.828119 2.317474 -19.216700
v -5.828119 0.000001 -19.291700
v -5.828119 2.317474 -19.291700
v -6.262326 0.697636 -19.224199
v -6.140624 0.697636 -19.224199
v -6.262326 0.697636 -19.284201
v -6.140624 0.697636 -19.284201
v -6.262326 0.662636 -19.224199
v -6.140624 0.662636 -19.224199
v -6.262326 0.662636 -19.284201
v -6.140624 0.662636 -19.284201
v -6.262326 0.984763 -19.224199
v -6.140624 0.984763 -19.224199
v -6.262326 0.984763 -19.284201
v -6.140624 0.984763 -19.284201
v -6.262326 0.949763 -19.224199
v -6.140624 0.949763 -19.224199
v -6.262326 0.949763 -19.284201
v -6.140624 0.949763 -19.284201
v -6.262326 1.577240 -19.224199
v -6.140624 1.577240 -19.224199
v -6.262326 1.577240 -19.284201
v -6.140624 1.577240 -19.284201
v -6.262326 1.542240 -19.224199
v -6.140624 1.542240 -19.224199
v -6.262326 1.542240 -19.284201
v -6.140624 1.542240 -19.284201
v -6.262326 1.956510 -19.224199
v -6.140624 1.956511 -19.224199
v -6.262326 1.956510 -19.284201
v -6.140624 1.956511 -19.284201
v -6.262326 1.921510 -19.224199
v -6.140624 1.921511 -19.224199
v -6.262326 1.921510 -19.284201
v -6.140624 1.921511 -19.284201
v -6.745654 0.548539 -19.224199
v -6.297326 0.548539 -19.224199
v -6.745654 0.548539 -19.284201
v -6.297326 0.548539 -19.284201
v -6.745654 0.513539 -19.224199
v -6.297326 0.513539 -19.224199
v -6.745654 0.513539 -19.284201
v -6.297326 0.513539 -19.284201
v -6.745654 0.901993 -19.224199
v -6.297326 0.901993 -19.224199
v -6.745654 0.901993 -19.284201
v -6.297326 0.901993 -19.284201
v -6.745654 0.866993 -19.224199
v -6.297326 0.866993 -19.224199
v -6.745654 0.866993 -19.284201
v -6.297326 0.866993 -19.284201
v -6.745654 1.073666 -19.224199
v -6.297326 1.073667 -19.224199
v -6.745654 1.073666 -19.284201
v -6.297326 1.073667 -19.284201
v -6.745654 1.038666 -19.224199
v -6.297326 1.038667 -19.224199
v -6.745654 1.038666 -19.284201
v -6.297326 1.038667 -19.284201
v -6.745654 1.371270 -19.224199
v -6.297326 1.371270 -19.224199
v -6.745654 1.371270 -19.284201
v -6.297326 1.371270 -19.284201
v -6.745654 1.336270 -19.224199
v -6.297326 1.336270 -19.224199
v -6.745654 1.336270 -19.284201
v -6.297326 1.336270 -19.284201
v -6.745654 2.115430 -19.224199
v -6.297326 2.115430 -19.224199
v -6.745654 2.115430 -19.284201
v -6.297326 2.115430 -19.284201
v -6.745654 2.080430 -19.224199
v -6.297326 2.080430 -19.224199
v -6.745654 2.080430 -19.284201
v -6.297326 2.080430 -19.284201
v -6.745654 1.887296 -19.224199
v -6.297326 1.887296 -19.224199
v -6.745654 1.887296 -19.284201
v -6.297326 1.887296 -19.284201
v -6.745654 1.852296 -19.224199
v -6.297326 1.852296 -19.224199
v -6.745654 1.852296 -19.284201
v -6.297326 1.852296 -19.284201
v -6.745654 1.768692 -19.224199
v -6.297326 1.768692 -19.224199
v -6.745654 1.768692 -19.284201
v -6.297326 1.768692 -19.284201
v -6.745654 1.733692 -19.224199
v -6.297326 1.733692 -19.224199
v -6.745654 1.733692 -19.284201
v -6.297326 1.733692 -19.284201
v -7.019273 0.651297 -19.224199
v -6.780654 0.651297 -19.224199
v -7.019273 0.651297 -19.284201
v -6.780654 0.651297 -19.284201
v -7.019273 0.616297 -19.224199
v -6.780654 0.616297 -19.224199
v -7.019273 0.616297 -19.284201
v -6.780654 0.616297 -19.284201
v -7.019273 1.160825 -19.224199
v -6.780654 1.160825 -19.224199
v -7.019273 1.160825 -19.284201
v -6.780654 1.160825 -19.284201
v -7.019273 1.125825 -19.224199
v -6.780654 1.125825 -19.224199
v -7.019273 1.125825 -19.284201
v -6.780654 1.125825 -19.284201
v -7.019273 1.463288 -19.224199
v -6.780654 1.463288 -19.224199
v -7.019273 1.463288 -19.284201
v -6.780654 1.463288 -19.284201
v -7.019273 1.428288 -19.224199
v -6.780654 1.428288 -19.224199
v -7.019273 1.428288 -19.284201
v -6.780654 1.428288 -19.284201
v -7.019273 2.022809 -19.224199
v -6.780654 2.022809 -19.224199
v -7.019273 2.022809 -19.284201
v -6.780654 2.022809 -19.284201
v -7.019273 1.987809 -19.224199
v -6.780654 1.987809 -19.224199
v -7.019273 1.987809 -19.284201
v -6.780654 1.987809 -19.284201
v -5.400826 0.684059 -19.224199
v -5.258402 0.684059 -19.224199
v -5.400826 0.684059 -19.284201
v -5.258402 0.684059 -19.284201
v -5.400826 0.649059 -19.224199
v -5.258402 0.649059 -19.224199
v -5.400826 0.649059 -19.284201
v -5.258402 0.649059 -19.284201
v -5.400826 0.919234 -19.224199
v -5.258402 0.919234 -19.224199
v -5.400826 0.919234 -19.284201
v -5.258402 0.919234 -19.284201
v -5.400826 0.884234 -19.224199
v -5.258402 0.884234 -19.224199
v -5.400826 0.884234 -19.284201
v -5.258402 0.884234 -19.284201
v -5.400826 1.348599 -19.224199
v -5.258402 1.348599 -19.224199
v -5.400826 1.348599 -19.284201
v -5.258402 1.348599 -19.284201
v -5.400826 1.313599 -19.224199
v -5.258402 1.313599 -19.224199
v -5.400826 1.313599 -19.284201
v -5.258402 1.313599 -19.284201
v -5.400826 1.737902 -19.224199
v -5.258402 1.737902 -19.224199
v -5.400826 1.737902 -19.284201
v -5.258402 1.737902 -19.284201
v -5.400826 1.702902 -19.224199
v -5.258402 1.702902 -19.224199
v -5.400826 1.702902 -19.284201
v -5.258402 1.702902 -19.284201
v -5.400826 1.891436 -19.224199
v -5.258402 1.891437 -19.224199
v -5.400826 1.891436 -19.284201
v -5.258402 1.891437 -19.284201
v -5.400826 1.856436 -19.224199
v -5.258402 1.856437 -19.224199
v -5.400826 1.856436 -19.284201
v -5.258402 1.856437 -19.284201
v -5.400826 2.177691 -19.224199
v -5.258402 2.177691 -19.224199
v -5.400826 2.177691 -19.284201
v -5.258402 2.177691 -19.284201
v -5.400826 2.142692 -19.224199
v -5.258402 2.142692 -19.224199
v -5.400826 2.142692 -19.284201
v -5.258402 2.142692 -19.284201
v -5.828117 0.580049 -19.224199
v -5.435825 0.580049 -19.224199
v -5.828117 0.580049 -19.284201
v -5.435825 0.580049 -19.284201
v -5.828117 0.545049 -19.224199
v -5.435825 0.545049 -19.224199
v -5.828117 0.545049 -19.284201
v -5.435825 0.545049 -19.284201
v -5.828117 1.068002 -19.224199
v -5.435825 1.068002 -19.224199
v -5.828117 1.068002 -19.284201
v -5.435825 1.068002 -19.284201
v -5.828117 1.033002 -19.224199
v -5.435825 1.033002 -19.224199
v -5.828117 1.033002 -19.284201
v -5.435825 1.033002 -19.284201
v -5.828117 1.173658 -19.224199
v -5.435825 1.173658 -19.224199
v -5.828117 1.173658 -19.284201
v -5.435825 1.173658 -19.284201
v -5.828117 1.138658 -19.224199
v -5.435825 1.138658 -19.224199
v -5.828117 1.138658 -19.284201
v -5.435825 1.138658 -19.284201
v -5.828117 1.502582 -19.224199
v -5.435825 1.502582 -19.224199
v -5.828117 1.502582 -19.284201
v -5.435825 1.502582 -19.284201
v -5.828117 1.467582 -19.224199
v -5.435825 1.467582 -19.224199
v -5.828117 1.467582 -19.284201
v -5.435825 1.467582 -19.284201
v -5.828117 1.812706 -19.224199
v -5.435825 1.812706 -19.224199
v -5.828117 1.812706 -19.284201
v -5.435825 1.812706 -19.284201
v -5.828117 1.777706 -19.224199
v -5.435825 1.777706 -19.224199
v -5.828117 1.777706 -19.284201
v -5.435825 1.777706 -19.284201
v -6.780653 0.000001 -19.216700
v -6.780653 2.317474 -19.216700
v -6.780653 0.000001 -19.291700
v -6.780653 2.317474 -19.291700
v -6.745653 0.000001 -19.216700
v -6.745653 2.317474 -19.216700
v -6.745653 0.000001 -19.291700
v -6.745653 2.317474 -19.291700
v -6.297325 0.000001 -19.216700
v -6.297325 2.317474 -19.216700
v -6.297325 0.000001 -19.291700
v -6.297325 2.317474 -19.291700
v -6.262325 0.000001 -19.216700
v -6.262325 2.317474 -19.216700
v -6.262325 0.000001 -19.291700
v -6.262325 2.317474 -19.291700
v -6.140623 0.000001 -19.216700
v -6.140623 2.317474 -19.216700
v -6.140623 0.000001 -19.291700
v -6.140623 2.317474 -19.291700
v -6.105623 0.000001 -19.216700
v -6.105623 2.317474 -19.216700
v -6.105623 0.000001 -19.291700
v -6.105623 2.317474 -19.291700
v -5.435825 0.000001 -19.216700
v -5.435825 2.317474 -19.216700
v -5.435825 0.000001 -19.291700
v -5.435825 2.317474 -19.291700
v -5.400826 0.000001 -19.216700
v -5.400826 2.317474 -19.216700
v -5.400826 0.000001 -19.291700
v -5.400826 2.317474 -19.291700
v -9.649008 2.352475 -19.216700
v -4.796108 2.352475 -19.216700
v -9.649008 2.352475 -19.291700
v -4.796108 2.352475 -19.291700
v -9.649008 2.317475 -19.216700
v -4.796108 2.317475 -19.216700
v -9.649008 2.317475 -19.291700
v -4.796108 2.317475 -19.291700
v -9.008978 0.000001 -19.216700
v -9.008978 2.317474 -19.216700
v -9.008978 0.000001 -19.291700
v -9.008978 2.317474 -19.291700
v -8.973978 0.000001 -19.216700
v -8.973978 2.317474 -19.216700
v -8.973978 0.000001 -19.291700
v -8.973978 2.317474 -19.291700
v -9.165678 0.000001 -19.216700
v -9.165678 2.317474 -19.216700
v -9.165678 0.000001 -19.291700
v -9.165678 2.317474 -19.291700
v -9.130678 0.000001 -19.216700
v -9.130678 2.317474 -19.216700
v -9.130678 0.000001 -19.291700
v -9.130678 2.317474 -19.291700
v -9.649008 0.000002 -19.216700
v -9.649008 2.317474 -19.216700
v -9.649008 0.000002 -19.291700
v -9.649008 2.317474 -19.291700
v -9.614008 0.000002 -19.216700
v -9.614008 2.317474 -19.216700
v -9.614008 0.000002 -19.291700
v -9.614008 2.317474 -19.291700
v -9.614007 1.768692 -19.224199
v -9.165679 1.768692 -19.224199
v -9.614007 1.768692 -19.284201
v -9.165679 1.768692 -19.284201
v -9.614007 1.733692 -19.224199
v -9.165679 1.733692 -19.224199
v -9.614007 1.733692 -19.284201
v -9.165679 1.733692 -19.284201
v -9.614007 1.887296 -19.224199
v -9.165679 1.887296 -19.224199
v -9.614007 1.887296 -19.284201
v -9.165679 1.887296 -19.284201
v -9.614007 1.852296 -19.224199
v -9.165679 1.852296 -19.224199
v -9.614007 1.852296 -19.284201
v -9.165679 1.852296 -19.284201
v -9.614007 2.115430 -19.224199
v -9.165679 2.115430 -19.224199
v -9.614007 2.115430 -19.284201
v -9.165679 2.115430 -19.284201
v -9.614007 2.080430 -19.224199
v -9.165679 2.080430 -19.224199
v -9.614007 2.080430 -19.284201
v -9.165679 2.080430 -19.284201
v -9.614007 1.371270 -19.224199
v -9.165679 1.371270 -19.224199
v -9.614007 1.371270 -19.284201
v -9.165679 1.371270 -19.284201
v -9.614007 1.336270 -19.224199
v -9.165679 1.336270 -19.224199
v -9.614007 1.336270 -19.284201
v -9.165679 1.336270 -19.284201
v -9.614007 1.073666 -19.224199
v -9.165679 1.073667 -19.224199
v -9.614007 1.073666 -19.284201
v -9.165679 1.073667 -19.284201
v -9.614007 1.038666 -19.224199
v -9.165679 1.038667 -19.224199
v -9.614007 1.038666 -19.284201
v -9.165679 1.038667 -19.284201
v -9.614007 0.901993 -19.224199
v -9.165679 0.901993 -19.224199
v -9.614007 0.901993 -19.284201
v -9.165679 0.901993 -19.284201
v -9.614007 0.866993 -19.224199
v -9.165679 0.866993 -19.224199
v -9.614007 0.866993 -19.284201
v -9.165679 0.866993 -19.284201
v -9.614007 0.548539 -19.224199
v -9.165679 0.548539 -19.224199
v -9.614007 0.548539 -19.284201
v -9.165679 0.548539 -19.284201
v -9.614007 0.513539 -19.224199
v -9.165679 0.513539 -19.224199
v -9.614007 0.513539 -19.284201
v -9.165679 0.513539 -19.284201
v -9.130679 1.956510 -19.224199
v -9.008977 1.956511 -19.224199
v -9.130679 1.956510 -19.284201
v -9.008977 1.956511 -19.284201
v -9.130679 1.921510 -19.224199
v -9.008977 1.921511 -19.224199
v -9.130679 1.921510 -19.284201
v -9.008977 1.921511 -19.284201
v -9.130679 1.577240 -19.224199
v -9.008977 1.577240 -19.224199
v -9.130679 1.577240 -19.284201
v -9.008977 1.577240 -19.284201
v -9.130679 1.542240 -19.224199
v -9.008977 1.542240 -19.224199
v -9.130679 1.542240 -19.284201
v -9.008977 1.542240 -19.284201
v -9.130679 0.984763 -19.224199
v -9.008977 0.984763 -19.224199
v -9.130679 0.984763 -19.284201
v -9.008977 0.984763 -19.284201
v -9.130679 0.949763 -19.224199
v -9.008977 0.949763 -19.224199
v -9.130679 0.949763 -19.284201
v -9.008977 0.949763 -19.284201
v -9.130679 0.697636 -19.224199
v -9.008977 0.697636 -19.224199
v -9.130679 0.697636 -19.284201
v -9.008977 0.697636 -19.284201
v -9.130679 0.662636 -19.224199
v -9.008977 0.662636 -19.224199
v -9.130679 0.662636 -19.284201
v -9.008977 0.662636 -19.284201
v -8.731470 0.000002 -19.216700
v -8.731470 2.317474 -19.216700
v -8.731470 0.000002 -19.291700
v -8.731470 2.317474 -19.291700
v -8.696470 0.000002 -19.216700
v -8.696470 2.317474 -19.216700
v -8.696470 0.000002 -19.291700
v -8.696470 2.317474 -19.291700
v -8.973978 2.115430 -19.224199
v -8.731474 2.115430 -19.224199
v -8.973978 2.115430 -19.284201
v -8.731474 2.115430 -19.284201
v -8.973978 2.080430 -19.224199
v -8.731474 2.080430 -19.224199
v -8.973978 2.080430 -19.284201
v -8.731474 2.080430 -19.284201
v -8.973978 1.657962 -19.224199
v -8.731474 1.657962 -19.224199
v -8.973978 1.657962 -19.284201
v -8.731474 1.657962 -19.284201
v -8.973978 1.622962 -19.224199
v -8.731474 1.622962 -19.224199
v -8.973978 1.622962 -19.284201
v -8.731474 1.622962 -19.284201
v -8.973978 1.840016 -19.224199
v -8.731474 1.840016 -19.224199
v -8.973978 1.840016 -19.284201
v -8.731474 1.840016 -19.284201
v -8.973978 1.805016 -19.224199
v -8.731474 1.805016 -19.224199
v -8.973978 1.805016 -19.284201
v -8.731474 1.805016 -19.284201
v -8.973978 1.361488 -19.224199
v -8.731474 1.361488 -19.224199
v -8.973978 1.361488 -19.284201
v -8.731474 1.361488 -19.284201
v -8.973978 1.326488 -19.224199
v -8.731474 1.326488 -19.224199
v -8.973978 1.326488 -19.284201
v -8.731474 1.326488 -19.284201
v -8.973978 0.871200 -19.224199
v -8.731474 0.871200 -19.224199
v -8.973978 0.871200 -19.284201
v -8.731474 0.871200 -19.284201
v -8.973978 0.836200 -19.224199
v -8.731474 0.836200 -19.224199
v -8.973978 0.836200 -19.284201
v -8.731474 0.836200 -19.284201
v -8.973978 0.587142 -19.224199
v -8.731474 0.587142 -19.224199
v -8.973978 0.587142 -19.284201
v -8.731474 0.587142 -19.284201
v -8.973978 0.552142 -19.224199
v -8.731474 0.552142 -19.224199
v -8.973978 0.552142 -19.284201
v -8.731474 0.552142 -19.284201
v -8.973978 0.175598 -19.224199
v -8.731474 0.175598 -19.224199
v -8.973978 0.175598 -19.284201
v -8.731474 0.175598 -19.284201
v -8.973978 0.140598 -19.224199
v -8.731474 0.140598 -19.224199
v -8.973978 0.140598 -19.284201
v -8.731474 0.140598 -19.284201
v -8.696472 2.066787 -19.224199
v -8.245426 2.066787 -19.224199
v -8.696472 2.066787 -19.284201
v -8.245426 2.066787 -19.284201
v -8.696472 2.031787 -19.224199
v -8.245426 2.031787 -19.224199
v -8.696472 2.031787 -19.284201
v -8.245426 2.031787 -19.284201
v -9.614007 0.267192 -19.224199
v -9.165679 0.267192 -19.224199
v -9.614007 0.267192 -19.284201
v -9.165679 0.267192 -19.284201
v -9.614007 0.232192 -19.224199
v -9.165679 0.232192 -19.224199
v -9.614007 0.232192 -19.284201
v -9.165679 0.232192 -19.284201
v -9.130679 0.361632 -19.224199
v -9.008977 0.361632 -19.224199
v -9.130679 0.361632 -19.284201
v -9.008977 0.361632 -19.284201
v -9.130679 0.326632 -19.224199
v -9.008977 0.326632 -19.224199
v -9.130679 0.326632 -19.284201
v -9.008977 0.326632 -19.284201
v -8.210425 0.358410 -19.224199
v -7.971807 0.358410 -19.224199
v -8.210425 0.358410 -19.284201
v -7.971807 0.358410 -19.284201
v -8.210425 0.323410 -19.224199
v -7.971807 0.323410 -19.224199
v -8.210425 0.323410 -19.284201
v -7.971807 0.323410 -19.284201
v -7.453481 0.360783 -19.224199
v -7.331779 0.360783 -19.224199
v -7.453481 0.360783 -19.284201
v -7.331779 0.360783 -19.284201
v -7.453481 0.325783 -19.224199
v -7.331779 0.325783 -19.224199
v -7.453481 0.325783 -19.284201
v -7.331779 0.325783 -19.284201
v -7.936809 0.234322 -19.224199
v -7.488481 0.234322 -19.224199
v -7.936809 0.234322 -19.284201
v -7.488481 0.234322 -19.284201
v -7.936809 0.199322 -19.224199
v -7.488481 0.199322 -19.224199
v -7.936809 0.199322 -19.284201
v -7.488481 0.199322 -19.284201
v -7.296778 0.251865 -19.224199
v -7.054274 0.251865 -19.224199
v -7.296778 0.251865 -19.284201
v -7.054274 0.251865 -19.284201
v -7.296778 0.216865 -19.224199
v -7.054274 0.216865 -19.224199
v -7.296778 0.216865 -19.284201
v -7.054274 0.216865 -19.284201
v -7.019273 0.354993 -19.224199
v -6.780654 0.354993 -19.224199
v -7.019273 0.354993 -19.284201
v -6.780654 0.354993 -19.284201
v -7.019273 0.319993 -19.224199
v -6.780654 0.319993 -19.224199
v -7.019273 0.319993 -19.284201
v -6.780654 0.319993 -19.284201
v -6.745654 0.199733 -19.224199
v -6.297326 0.199733 -19.224199
v -6.745654 0.199733 -19.284201
v -6.297326 0.199733 -19.284201
v -6.745654 0.164733 -19.224199
v -6.297326 0.164734 -19.224199
v -6.745654 0.164733 -19.284201
v -6.297326 0.164734 -19.284201
v -6.105623 0.246722 -19.224199
v -5.863119 0.246723 -19.224199
v -6.105623 0.246722 -19.284201
v -5.863119 0.246723 -19.284201
v -6.105623 0.211722 -19.224199
v -5.863119 0.211723 -19.224199
v -6.105623 0.211722 -19.284201
v -5.863119 0.211723 -19.284201
v -6.262326 0.372949 -19.224199
v -6.140624 0.372949 -19.224199
v -6.262326 0.372949 -19.284201
v -6.140624 0.372949 -19.284201
v -6.262326 0.337949 -19.224199
v -6.140624 0.337949 -19.224199
v -6.262326 0.337949 -19.284201
v -6.140624 0.337949 -19.284201
v -5.400826 0.204230 -19.224199
v -5.258402 0.204230 -19.224199
v -5.400826 0.204230 -19.284201
v -5.258402 0.204230 -19.284201
v -5.400826 0.169230 -19.224199
v -5.258402 0.169230 -19.224199
v -5.400826 0.169230 -19.284201
v -5.258402 0.169230 -19.284201
v -4.831108 0.434849 -19.277719
v -5.223400 0.434849 -19.277719
v -4.831108 0.434849 -19.217718
v -5.223400 0.434849 -19.217718
v -4.831108 0.399849 -19.277719
v -5.223400 0.399849 -19.277719
v -4.831108 0.399849 -19.217718
v -5.223400 0.399849 -19.217718
v -4.831108 0.306702 -19.277719
v -5.223400 0.306702 -19.277719
v -4.831108 0.306702 -19.217718
v -5.223400 0.306702 -19.217718
v -4.831108 0.271702 -19.277719
v -5.223400 0.271702 -19.277719
v -4.831108 0.271702 -19.217718
v -5.223400 0.271702 -19.217718
v -5.828117 0.340386 -19.224199
v -5.435825 0.340387 -19.224199
v -5.828117 0.340386 -19.284201
v -5.435825 0.340387 -19.284201
v -5.828117 0.305386 -19.224199
v -5.435825 0.305387 -19.224199
v -5.828117 0.305386 -19.284201
v -5.435825 0.305387 -19.284201
v 1.718464 0.340386 -19.224199
v 2.110756 0.340387 -19.224199
v 1.718464 0.340386 -19.284201
v 2.110756 0.340387 -19.284201
v 1.718464 0.305386 -19.224199
v 2.110756 0.305387 -19.224199
v 1.718464 0.305386 -19.284201
v 2.110756 0.305387 -19.284201
v 3.633008 0.178385 -19.277719
v 3.184680 0.178385 -19.277719
v 3.633008 0.178385 -19.217718
v 3.184680 0.178385 -19.217718
v 3.633008 0.143385 -19.277719
v 3.184680 0.143386 -19.277719
v 3.633008 0.143385 -19.217718
v 3.184680 0.143386 -19.217718
v 3.633008 0.311530 -19.277719
v 3.184680 0.311530 -19.277719
v 3.633008 0.311530 -19.217718
v 3.184680 0.311530 -19.217718
v 3.633008 0.276530 -19.277719
v 3.184680 0.276530 -19.277719
v 3.633008 0.276530 -19.217718
v 3.184680 0.276530 -19.217718
v 3.880433 0.242452 -19.224199
v 4.119052 0.242452 -19.224199
v 3.880433 0.242452 -19.284201
v 4.119052 0.242452 -19.284201
v 3.880433 0.207452 -19.224199
v 4.119052 0.207452 -19.224199
v 3.880433 0.207452 -19.284201
v 4.119052 0.207452 -19.284201
v 4.154052 0.368212 -19.224199
v 4.602380 0.368212 -19.224199
v 4.154052 0.368212 -19.284201
v 4.602380 0.368212 -19.284201
v 4.154052 0.333212 -19.224199
v 4.602380 0.333212 -19.224199
v 4.154052 0.333212 -19.284201
v 4.602380 0.333212 -19.284201
v 4.637380 0.213899 -19.224199
v 4.759082 0.213899 -19.224199
v 4.637380 0.213899 -19.284201
v 4.759082 0.213899 -19.284201
v 4.637380 0.178899 -19.224199
v 4.759082 0.178899 -19.224199
v 4.637380 0.178899 -19.284201
v 4.759082 0.178899 -19.284201
v 4.794081 0.275906 -19.224199
v 5.036586 0.275906 -19.224199
v 4.794081 0.275906 -19.284201
v 5.036586 0.275906 -19.284201
v 4.794081 0.240906 -19.224199
v 5.036586 0.240906 -19.224199
v 4.794081 0.240906 -19.284201
v 5.036586 0.240906 -19.284201
v 5.071588 0.165693 -19.224199
v 5.310206 0.165693 -19.224199
v 5.071588 0.165693 -19.284201
v 5.310206 0.165693 -19.284201
v 5.071588 0.130693 -19.224199
v 5.310206 0.130693 -19.224199
v 5.071588 0.130693 -19.284201
v 5.310206 0.130693 -19.284201
v 5.345207 0.239498 -19.224199
v 5.793534 0.239498 -19.224199
v 5.345207 0.239498 -19.284201
v 5.793534 0.239498 -19.284201
v 5.345207 0.204498 -19.224199
v 5.793534 0.204499 -19.224199
v 5.345207 0.204498 -19.284201
v 5.793534 0.204499 -19.284201
v 5.828534 0.344505 -19.224199
v 5.950236 0.344505 -19.224199
v 5.828534 0.344505 -19.284201
v 5.950236 0.344505 -19.284201
v 5.828534 0.309505 -19.224199
v 5.950236 0.309505 -19.224199
v 5.828534 0.309505 -19.284201
v 5.950236 0.309505 -19.284201
v 5.985235 0.189466 -19.224199
v 6.227740 0.189466 -19.224199
v 5.985235 0.189466 -19.284201
v 6.227740 0.189466 -19.284201
v 5.985235 0.154466 -19.224199
v 6.227740 0.154467 -19.224199
v 5.985235 0.154466 -19.284201
v 6.227740 0.154467 -19.284201
v 6.262743 0.317981 -19.224199
v 6.655036 0.317981 -19.224199
v 6.262743 0.317981 -19.284201
v 6.655036 0.317981 -19.284201
v 6.262743 0.282981 -19.224199
v 6.655036 0.282982 -19.224199
v 6.262743 0.282981 -19.284201
v 6.655036 0.282982 -19.284201
v 6.690036 0.190869 -19.224199
v 6.832457 0.190869 -19.224199
v 6.690036 0.190869 -19.284201
v 6.832457 0.190869 -19.284201
v 6.690036 0.155869 -19.224199
v 6.832457 0.155869 -19.224199
v 6.690036 0.155869 -19.284201
v 6.832457 0.155869 -19.284201
v 7.693957 0.313201 -19.277721
v 7.572255 0.313202 -19.277721
v 7.693957 0.313201 -19.217720
v 7.572255 0.313202 -19.217720
v 7.693957 0.278201 -19.277721
v 7.572255 0.278202 -19.277721
v 7.693957 0.278201 -19.217720
v 7.572255 0.278202 -19.217720
v 7.693957 0.421550 -19.277721
v 7.572255 0.421550 -19.277721
v 7.693957 0.421550 -19.217720
v 7.572255 0.421550 -19.217720
v 7.693957 0.386550 -19.277721
v 7.572255 0.386550 -19.277721
v 7.693957 0.386550 -19.217720
v 7.572255 0.386550 -19.217720
v 7.537257 0.227744 -19.277721
v 7.294752 0.227744 -19.277721
v 7.537257 0.227744 -19.217720
v 7.294752 0.227744 -19.217720
v 7.537257 0.192744 -19.277721
v 7.294752 0.192744 -19.277721
v 7.537257 0.192744 -19.217720
v 7.294752 0.192744 -19.217720
v 7.259752 0.315270 -19.277721
v 6.867460 0.315270 -19.277721
v 7.259752 0.315270 -19.217720
v 6.867460 0.315270 -19.217720
v 7.259752 0.280270 -19.277721
v 6.867460 0.280270 -19.277721
v 7.259752 0.280270 -19.217720
v 6.867460 0.280270 -19.217720
v 8.142286 0.197484 -19.277721
v 7.728957 0.197484 -19.277721
v 8.142286 0.197484 -19.217720
v 7.728957 0.197484 -19.217720
v 8.142286 0.162484 -19.277721
v 7.728957 0.162484 -19.277721
v 8.142286 0.162484 -19.217720
v 7.728957 0.162484 -19.217720
v 8.177286 0.345279 -19.224199
v 8.415905 0.345280 -19.224199
v 8.177286 0.345279 -19.284201
v 8.415905 0.345280 -19.284201
v 8.177286 0.310279 -19.224199
v 8.415905 0.310280 -19.224199
v 8.177286 0.310279 -19.284201
v 8.415905 0.310280 -19.284201
v 8.450905 0.268403 -19.224199
v 8.899233 0.268403 -19.224199
v 8.450905 0.268403 -19.284201
v 8.899233 0.268403 -19.284201
v 8.450905 0.233403 -19.224199
v 8.899233 0.233403 -19.224199
v 8.450905 0.233403 -19.284201
v 8.899233 0.233403 -19.284201
v 8.934233 0.366374 -19.224199
v 9.055935 0.366374 -19.224199
v 8.934233 0.366374 -19.284201
v 9.055935 0.366374 -19.284201
v 8.934233 0.331374 -19.224199
v 9.055935 0.331374 -19.224199
v 8.934233 0.331374 -19.284201
v 9.055935 0.331374 -19.284201
v 9.090933 0.185059 -19.224199
v 9.333439 0.185059 -19.224199
v 9.090933 0.185059 -19.284201
v 9.333439 0.185059 -19.284201
v 9.090933 0.150059 -19.224199
v 9.333439 0.150059 -19.224199
v 9.090933 0.150059 -19.284201
v 9.333439 0.150059 -19.284201
v 9.368442 0.349101 -19.224199
v 9.760735 0.349101 -19.224199
v 9.368442 0.349101 -19.284201
v 9.760735 0.349101 -19.284201
v 9.368442 0.314101 -19.224199
v 9.760735 0.314101 -19.224199
v 9.368442 0.314101 -19.284201
v 9.760735 0.314101 -19.284201
v 9.795734 0.297247 -19.224199
v 9.938156 0.297247 -19.224199
v 9.795734 0.297247 -19.284201
v 9.938156 0.297247 -19.284201
v 9.795734 0.262247 -19.224199
v 9.938156 0.262247 -19.224199
v 9.795734 0.262247 -19.284201
v 9.938156 0.262247 -19.284201
v 3.149680 0.283555 -19.277719
v 3.027978 0.283555 -19.277719
v 3.149680 0.283555 -19.217718
v 3.027978 0.283555 -19.217718
v 3.149680 0.248555 -19.277719
v 3.027978 0.248555 -19.277719
v 3.149680 0.248555 -19.217718
v 3.027978 0.248555 -19.217718
v 2.992978 0.181509 -19.277719
v 2.750473 0.181509 -19.277719
v 2.992978 0.181509 -19.217718
v 2.750473 0.181509 -19.217718
v 2.992978 0.146509 -19.277719
v 2.750473 0.146509 -19.277719
v 2.992978 0.146509 -19.217718
v 2.750473 0.146509 -19.217718
v 2.715473 0.306702 -19.277719
v 2.323181 0.306702 -19.277719
v 2.715473 0.306702 -19.217718
v 2.323181 0.306702 -19.217718
v 2.715473 0.271702 -19.277719
v 2.323181 0.271702 -19.277719
v 2.715473 0.271702 -19.217718
v 2.323181 0.271702 -19.217718
v 2.715473 0.434849 -19.277719
v 2.323181 0.434849 -19.277719
v 2.715473 0.434849 -19.217718
v 2.323181 0.434849 -19.217718
v 2.715473 0.399849 -19.277719
v 2.323181 0.399849 -19.277719
v 2.715473 0.399849 -19.217718
v 2.323181 0.399849 -19.217718
v 2.145756 0.204230 -19.224199
v 2.288180 0.204230 -19.224199
v 2.145756 0.204230 -19.284201
v 2.288180 0.204230 -19.284201
v 2.145756 0.169230 -19.224199
v 2.288180 0.169230 -19.224199
v 2.145756 0.169230 -19.284201
v 2.288180 0.169230 -19.284201
v 1.284255 0.372949 -19.224199
v 1.405957 0.372949 -19.224199
v 1.284255 0.372949 -19.284201
v 1.405957 0.372949 -19.284201
v 1.284255 0.337949 -19.224199
v 1.405957 0.337949 -19.224199
v 1.284255 0.337949 -19.284201
v 1.405957 0.337949 -19.284201
v 1.440958 0.246722 -19.224199
v 1.683463 0.246723 -19.224199
v 1.440958 0.246722 -19.284201
v 1.683463 0.246723 -19.284201
v 1.440958 0.211722 -19.224199
v 1.683463 0.211723 -19.224199
v 1.440958 0.211722 -19.284201
v 1.683463 0.211723 -19.284201
v 0.800928 0.199733 -19.224199
v 1.249255 0.199733 -19.224199
v 0.800928 0.199733 -19.284201
v 1.249255 0.199733 -19.284201
v 0.800928 0.164733 -19.224199
v 1.249255 0.164734 -19.224199
v 0.800928 0.164733 -19.284201
v 1.249255 0.164734 -19.284201
v 0.527308 0.354993 -19.224199
v 0.765927 0.354993 -19.224199
v 0.527308 0.354993 -19.284201
v 0.765927 0.354993 -19.284201
v 0.527308 0.319993 -19.224199
v 0.765927 0.319993 -19.224199
v 0.527308 0.319993 -19.284201
v 0.765927 0.319993 -19.284201
v 0.249803 0.251865 -19.224199
v 0.492308 0.251865 -19.224199
v 0.249803 0.251865 -19.284201
v 0.492308 0.251865 -19.284201
v 0.249803 0.216865 -19.224199
v 0.492308 0.216865 -19.224199
v 0.249803 0.216865 -19.284201
v 0.492308 0.216865 -19.284201
v -0.390227 0.234322 -19.224199
v 0.058101 0.234322 -19.224199
v -0.390227 0.234322 -19.284201
v 0.058101 0.234322 -19.284201
v -0.390227 0.199322 -19.224199
v 0.058101 0.199322 -19.224199
v -0.390227 0.199322 -19.284201
v 0.058101 0.199322 -19.284201
v 0.093101 0.360783 -19.224199
v 0.214803 0.360783 -19.224199
v 0.093101 0.360783 -19.284201
v 0.214803 0.360783 -19.284201
v 0.093101 0.325783 -19.224199
v 0.214803 0.325783 -19.224199
v 0.093101 0.325783 -19.284201
v 0.214803 0.325783 -19.284201
v -0.663844 0.358410 -19.224199
v -0.425225 0.358410 -19.224199
v -0.663844 0.358410 -19.284201
v -0.425225 0.358410 -19.284201
v -0.663844 0.323410 -19.224199
v -0.425225 0.323410 -19.224199
v -0.663844 0.323410 -19.284201
v -0.425225 0.323410 -19.284201
v -1.149891 0.378127 -19.224199
v -0.911272 0.378128 -19.224199
v -1.149891 0.378127 -19.284201
v -0.911272 0.378128 -19.284201
v -1.149891 0.343127 -19.224199
v -0.911272 0.343128 -19.224199
v -1.149891 0.343127 -19.284201
v -0.911272 0.343128 -19.284201
v -1.584098 0.361632 -19.224199
v -1.462396 0.361632 -19.224199
v -1.584098 0.361632 -19.284201
v -1.462396 0.361632 -19.284201
v -1.584098 0.326632 -19.224199
v -1.462396 0.326632 -19.224199
v -1.584098 0.326632 -19.284201
v -1.462396 0.326632 -19.284201
v -2.067426 0.267192 -19.224199
v -1.619098 0.267192 -19.224199
v -2.067426 0.267192 -19.284201
v -1.619098 0.267192 -19.284201
v -2.067426 0.232192 -19.224199
v -1.619098 0.232192 -19.224199
v -2.067426 0.232192 -19.284201
v -1.619098 0.232192 -19.284201
v -1.149891 2.022809 -19.224199
v -0.911272 2.022809 -19.224199
v -1.149891 2.022809 -19.284201
v -0.911272 2.022809 -19.284201
v -1.149891 1.987809 -19.224199
v -0.911272 1.987809 -19.224199
v -1.149891 1.987809 -19.284201
v -0.911272 1.987809 -19.284201
v -1.149891 1.463288 -19.224199
v -0.911272 1.463288 -19.224199
v -1.149891 1.463288 -19.284201
v -0.911272 1.463288 -19.284201
v -1.149891 1.428288 -19.224199
v -0.911272 1.428288 -19.224199
v -1.149891 1.428288 -19.284201
v -0.911272 1.428288 -19.284201
v -1.149891 1.160825 -19.224199
v -0.911272 1.160825 -19.224199
v -1.149891 1.160825 -19.284201
v -0.911272 1.160825 -19.284201
v -1.149891 1.125825 -19.224199
v -0.911272 1.125825 -19.224199
v -1.149891 1.125825 -19.284201
v -0.911272 1.125825 -19.284201
v -1.149891 0.651297 -19.224199
v -0.911272 0.651297 -19.224199
v -1.149891 0.651297 -19.284201
v -0.911272 0.651297 -19.284201
v -1.149891 0.616297 -19.224199
v -0.911272 0.616297 -19.224199
v -1.149891 0.616297 -19.284201
v -0.911272 0.616297 -19.284201
v -1.427398 0.175598 -19.224199
v -1.184893 0.175598 -19.224199
v -1.427398 0.175598 -19.284201
v -1.184893 0.175598 -19.284201
v -1.427398 0.140598 -19.224199
v -1.184893 0.140598 -19.224199
v -1.427398 0.140598 -19.284201
v -1.184893 0.140598 -19.284201
v -1.427398 0.587142 -19.224199
v -1.184893 0.587142 -19.224199
v -1.427398 0.587142 -19.284201
v -1.184893 0.587142 -19.284201
v -1.427398 0.552142 -19.224199
v -1.184893 0.552142 -19.224199
v -1.427398 0.552142 -19.284201
v -1.184893 0.552142 -19.284201
v -1.427398 0.871200 -19.224199
v -1.184893 0.871200 -19.224199
v -1.427398 0.871200 -19.284201
v -1.184893 0.871200 -19.284201
v -1.427398 0.836200 -19.224199
v -1.184893 0.836200 -19.224199
v -1.427398 0.836200 -19.284201
v -1.184893 0.836200 -19.284201
v -1.427398 1.294937 -19.224199
v -1.184893 1.294937 -19.224199
v -1.427398 1.294937 -19.284201
v -1.184893 1.294937 -19.284201
v -1.427398 1.259937 -19.224199
v -1.184893 1.259937 -19.224199
v -1.427398 1.259937 -19.284201
v -1.184893 1.259937 -19.284201
v -1.427398 1.840016 -19.224199
v -1.184893 1.840016 -19.224199
v -1.427398 1.840016 -19.284201
v -1.184893 1.840016 -19.284201
v -1.427398 1.805016 -19.224199
v -1.184893 1.805016 -19.224199
v -1.427398 1.805016 -19.284201
v -1.184893 1.805016 -19.284201
v -1.427398 1.657962 -19.224199
v -1.184893 1.657962 -19.224199
v -1.427398 1.657962 -19.284201
v -1.184893 1.657962 -19.284201
v -1.427398 1.622962 -19.224199
v -1.184893 1.622962 -19.224199
v -1.427398 1.622962 -19.284201
v -1.184893 1.622962 -19.284201
v -1.427398 2.115430 -19.224199
v -1.184893 2.115430 -19.224199
v -1.427398 2.115430 -19.284201
v -1.184893 2.115430 -19.284201
v -1.427398 2.080430 -19.224199
v -1.184893 2.080430 -19.224199
v -1.427398 2.080430 -19.284201
v -1.184893 2.080430 -19.284201
v -1.184889 0.000002 -19.216700
v -1.184889 2.317474 -19.216700
v -1.184889 0.000002 -19.291700
v -1.184889 2.317474 -19.291700
v -1.149889 0.000002 -19.216700
v -1.149889 2.317474 -19.216700
v -1.149889 0.000002 -19.291700
v -1.149889 2.317474 -19.291700
v -1.584098 0.697636 -19.224199
v -1.462396 0.697636 -19.224199
v -1.584098 0.697636 -19.284201
v -1.462396 0.697636 -19.284201
v -1.584098 0.662636 -19.224199
v -1.462396 0.662636 -19.224199
v -1.584098 0.662636 -19.284201
v -1.462396 0.662636 -19.284201
v -1.584098 0.984763 -19.224199
v -1.462396 0.984763 -19.224199
v -1.584098 0.984763 -19.284201
v -1.462396 0.984763 -19.284201
v -1.584098 0.949763 -19.224199
v -1.462396 0.949763 -19.224199
v -1.584098 0.949763 -19.284201
v -1.462396 0.949763 -19.284201
v -1.584098 1.577240 -19.224199
v -1.462396 1.577240 -19.224199
v -1.584098 1.577240 -19.284201
v -1.462396 1.577240 -19.284201
v -1.584098 1.542240 -19.224199
v -1.462396 1.542240 -19.224199
v -1.584098 1.542240 -19.284201
v -1.462396 1.542240 -19.284201
v -1.584098 1.956510 -19.224199
v -1.462396 1.956511 -19.224199
v -1.584098 1.956510 -19.284201
v -1.462396 1.956511 -19.284201
v -1.584098 1.921510 -19.224199
v -1.462396 1.921511 -19.224199
v -1.584098 1.921510 -19.284201
v -1.462396 1.921511 -19.284201
v -2.067426 0.548539 -19.224199
v -1.619098 0.548539 -19.224199
v -2.067426 0.548539 -19.284201
v -1.619098 0.548539 -19.284201
v -2.067426 0.513539 -19.224199
v -1.619098 0.513539 -19.224199
v -2.067426 0.513539 -19.284201
v -1.619098 0.513539 -19.284201
v -2.067426 0.901993 -19.224199
v -1.619098 0.901993 -19.224199
v -2.067426 0.901993 -19.284201
v -1.619098 0.901993 -19.284201
v -2.067426 0.866993 -19.224199
v -1.619098 0.866993 -19.224199
v -2.067426 0.866993 -19.284201
v -1.619098 0.866993 -19.284201
v -2.067426 1.073666 -19.224199
v -1.619098 1.073667 -19.224199
v -2.067426 1.073666 -19.284201
v -1.619098 1.073667 -19.284201
v -2.067426 1.038666 -19.224199
v -1.619098 1.038667 -19.224199
v -2.067426 1.038666 -19.284201
v -1.619098 1.038667 -19.284201
v -2.067426 1.371270 -19.224199
v -1.619098 1.371270 -19.224199
v -2.067426 1.371270 -19.284201
v -1.619098 1.371270 -19.284201
v -2.067426 1.336270 -19.224199
v -1.619098 1.336270 -19.224199
v -2.067426 1.336270 -19.284201
v -1.619098 1.336270 -19.284201
v -2.067426 2.115430 -19.224199
v -1.619098 2.115430 -19.224199
v -2.067426 2.115430 -19.284201
v -1.619098 2.115430 -19.284201
v -2.067426 2.080430 -19.224199
v -1.619098 2.080430 -19.224199
v -2.067426 2.080430 -19.284201
v -1.619098 2.080430 -19.284201
v -2.067426 1.887296 -19.224199
v -1.619098 1.887296 -19.224199
v -2.067426 1.887296 -19.284201
v -1.619098 1.887296 -19.284201
v -2.067426 1.852296 -19.224199
v -1.619098 1.852296 -19.224199
v -2.067426 1.852296 -19.284201
v -1.619098 1.852296 -19.284201
v -2.067426 1.768692 -19.224199
v -1.619098 1.768692 -19.224199
v -2.067426 1.768692 -19.284201
v -1.619098 1.768692 -19.284201
v -2.067426 1.733692 -19.224199
v -1.619098 1.733692 -19.224199
v -2.067426 1.733692 -19.284201
v -1.619098 1.733692 -19.284201
v -2.102427 0.000002 -19.216700
v -2.102427 2.317474 -19.216700
v -2.102427 0.000002 -19.291700
v -2.102427 2.317474 -19.291700
v -2.067427 0.000002 -19.216700
v -2.067427 2.317474 -19.216700
v -2.067427 0.000002 -19.291700
v -2.067427 2.317474 -19.291700
v -1.619097 0.000001 -19.216700
v -1.619097 2.317474 -19.216700
v -1.619097 0.000001 -19.291700
v -1.619097 2.317474 -19.291700
v -1.584097 0.000001 -19.216700
v -1.584097 2.317474 -19.216700
v -1.584097 0.000001 -19.291700
v -1.584097 2.317474 -19.291700
v -1.462397 0.000001 -19.216700
v -1.462397 2.317474 -19.216700
v -1.462397 0.000001 -19.291700
v -1.462397 2.317474 -19.291700
v -1.427397 0.000001 -19.216700
v -1.427397 2.317474 -19.216700
v -1.427397 0.000001 -19.291700
v -1.427397 2.317474 -19.291700
v 9.760734 0.000001 -19.216700
v 9.760734 2.317474 -19.216700
v 9.760734 0.000001 -19.291700
v 9.760734 2.317474 -19.291700
v 9.795733 0.000001 -19.216700
v 9.795733 2.317474 -19.216700
v 9.795733 0.000001 -19.291700
v 9.795733 2.317474 -19.291700
v 9.055934 0.000002 -19.216700
v 9.055934 2.317474 -19.216700
v 9.055934 0.000002 -19.291700
v 9.055934 2.317474 -19.291700
v 9.090934 0.000002 -19.216700
v 9.090934 2.317474 -19.216700
v 9.090934 0.000002 -19.291700
v 9.090934 2.317474 -19.291700
v 8.899234 0.000002 -19.216700
v 8.899234 2.317474 -19.216700
v 8.899234 0.000002 -19.291700
v 8.899234 2.317474 -19.291700
v 8.934234 0.000002 -19.216700
v 8.934234 2.317474 -19.216700
v 8.934234 0.000002 -19.291700
v 8.934234 2.317474 -19.291700
v 8.415904 0.000001 -19.216700
v 8.415904 2.317474 -19.216700
v 8.415904 0.000001 -19.291700
v 8.415904 2.317474 -19.291700
v 8.450904 0.000001 -19.216700
v 8.450904 2.317474 -19.216700
v 8.450904 0.000001 -19.291700
v 8.450904 2.317474 -19.291700
v 9.368442 1.812706 -19.224199
v 9.760735 1.812706 -19.224199
v 9.368442 1.812706 -19.284201
v 9.760735 1.812706 -19.284201
v 9.368442 1.777706 -19.224199
v 9.760735 1.777706 -19.224199
v 9.368442 1.777706 -19.284201
v 9.760735 1.777706 -19.284201
v 9.368442 1.502582 -19.224199
v 9.760735 1.502582 -19.224199
v 9.368442 1.502582 -19.284201
v 9.760735 1.502582 -19.284201
v 9.368442 1.467582 -19.224199
v 9.760735 1.467582 -19.224199
v 9.368442 1.467582 -19.284201
v 9.760735 1.467582 -19.284201
v 9.368442 1.173658 -19.224199
v 9.760735 1.173658 -19.224199
v 9.368442 1.173658 -19.284201
v 9.760735 1.173658 -19.284201
v 9.368442 1.138658 -19.224199
v 9.760735 1.138658 -19.224199
v 9.368442 1.138658 -19.284201
v 9.760735 1.138658 -19.284201
v 9.368442 1.068002 -19.224199
v 9.760735 1.068002 -19.224199
v 9.368442 1.068002 -19.284201
v 9.760735 1.068002 -19.284201
v 9.368442 1.033002 -19.224199
v 9.760735 1.033002 -19.224199
v 9.368442 1.033002 -19.284201
v 9.760735 1.033002 -19.284201
v 9.368442 0.580049 -19.224199
v 9.760735 0.580049 -19.224199
v 9.368442 0.580049 -19.284201
v 9.760735 0.580049 -19.284201
v 9.368442 0.545049 -19.224199
v 9.760735 0.545049 -19.224199
v 9.368442 0.545049 -19.284201
v 9.760735 0.545049 -19.284201
v 9.795734 2.177691 -19.224199
v 9.973158 2.177691 -19.224199
v 9.795734 2.177691 -19.284201
v 9.973158 2.177691 -19.284201
v 9.795734 2.142692 -19.224199
v 9.973158 2.142692 -19.224199
v 9.795734 2.142692 -19.284201
v 9.973158 2.142692 -19.284201
v 9.795734 1.891436 -19.224199
v 9.938156 1.891437 -19.224199
v 9.795734 1.891436 -19.284201
v 9.938156 1.891437 -19.284201
v 9.795734 1.856436 -19.224199
v 9.938156 1.856437 -19.224199
v 9.795734 1.856436 -19.284201
v 9.938156 1.856437 -19.284201
v 9.795734 1.737902 -19.224199
v 9.938156 1.737902 -19.224199
v 9.795734 1.737902 -19.284201
v 9.938156 1.737902 -19.284201
v 9.795734 1.702902 -19.224199
v 9.938156 1.702902 -19.224199
v 9.795734 1.702902 -19.284201
v 9.938156 1.702902 -19.284201
v 9.795734 1.348599 -19.224199
v 9.938156 1.348599 -19.224199
v 9.795734 1.348599 -19.284201
v 9.938156 1.348599 -19.284201
v 9.795734 1.313599 -19.224199
v 9.938156 1.313599 -19.224199
v 9.795734 1.313599 -19.284201
v 9.938156 1.313599 -19.284201
v 9.795734 0.799849 -19.224199
v 9.938156 0.799849 -19.224199
v 9.795734 0.799849 -19.284201
v 9.938156 0.799849 -19.284201
v 9.795734 0.764849 -19.224199
v 9.938156 0.764849 -19.224199
v 9.795734 0.764849 -19.284201
v 9.938156 0.764849 -19.284201
v 9.795734 0.481891 -19.224199
v 9.938156 0.481891 -19.224199
v 9.795734 0.481891 -19.284201
v 9.938156 0.481891 -19.284201
v 9.795734 0.446891 -19.224199
v 9.938156 0.446891 -19.224199
v 9.795734 0.446891 -19.284201
v 9.938156 0.446891 -19.284201
v 8.177286 2.022809 -19.224199
v 8.415905 2.022809 -19.224199
v 8.177286 2.022809 -19.284201
v 8.415905 2.022809 -19.284201
v 8.177286 1.987809 -19.224199
v 8.415905 1.987809 -19.224199
v 8.177286 1.987809 -19.284201
v 8.415905 1.987809 -19.284201
v 8.177286 1.463288 -19.224199
v 8.415905 1.463288 -19.224199
v 8.177286 1.463288 -19.284201
v 8.415905 1.463288 -19.284201
v 8.177286 1.428288 -19.224199
v 8.415905 1.428288 -19.224199
v 8.177286 1.428288 -19.284201
v 8.415905 1.428288 -19.284201
v 8.177286 1.160825 -19.224199
v 8.415905 1.160825 -19.224199
v 8.177286 1.160825 -19.284201
v 8.415905 1.160825 -19.284201
v 8.177286 1.125825 -19.224199
v 8.415905 1.125825 -19.224199
v 8.177286 1.125825 -19.284201
v 8.415905 1.125825 -19.284201
v 8.177286 0.651297 -19.224199
v 8.415905 0.651297 -19.224199
v 8.177286 0.651297 -19.284201
v 8.415905 0.651297 -19.284201
v 8.177286 0.616297 -19.224199
v 8.415905 0.616297 -19.224199
v 8.177286 0.616297 -19.284201
v 8.415905 0.616297 -19.284201
v 8.450905 1.768692 -19.224199
v 8.899233 1.768692 -19.224199
v 8.450905 1.768692 -19.284201
v 8.899233 1.768692 -19.284201
v 8.450905 1.733692 -19.224199
v 8.899233 1.733692 -19.224199
v 8.450905 1.733692 -19.284201
v 8.899233 1.733692 -19.284201
v 8.450905 1.887296 -19.224199
v 8.899233 1.887296 -19.224199
v 8.450905 1.887296 -19.284201
v 8.899233 1.887296 -19.284201
v 8.450905 1.852296 -19.224199
v 8.899233 1.852296 -19.224199
v 8.450905 1.852296 -19.284201
v 8.899233 1.852296 -19.284201
v 8.450905 2.115430 -19.224199
v 8.899233 2.115430 -19.224199
v 8.450905 2.115430 -19.284201
v 8.899233 2.115430 -19.284201
v 8.450905 2.080430 -19.224199
v 8.899233 2.080430 -19.224199
v 8.450905 2.080430 -19.284201
v 8.899233 2.080430 -19.284201
v 8.450905 1.371270 -19.224199
v 8.899233 1.371270 -19.224199
v 8.450905 1.371270 -19.284201
v 8.899233 1.371270 -19.284201
v 8.450905 1.336270 -19.224199
v 8.899233 1.336270 -19.224199
v 8.450905 1.336270 -19.284201
v 8.899233 1.336270 -19.284201
v 8.450905 1.073666 -19.224199
v 8.899233 1.073667 -19.224199
v 8.450905 1.073666 -19.284201
v 8.899233 1.073667 -19.284201
v 8.450905 1.038666 -19.224199
v 8.899233 1.038667 -19.224199
v 8.450905 1.038666 -19.284201
v 8.899233 1.038667 -19.284201
v 8.450905 0.901993 -19.224199
v 8.899233 0.901993 -19.224199
v 8.450905 0.901993 -19.284201
v 8.899233 0.901993 -19.284201
v 8.450905 0.866993 -19.224199
v 8.899233 0.866993 -19.224199
v 8.450905 0.866993 -19.284201
v 8.899233 0.866993 -19.284201
v 8.450905 0.548539 -19.224199
v 8.899233 0.548539 -19.224199
v 8.450905 0.548539 -19.284201
v 8.899233 0.548539 -19.284201
v 8.450905 0.513539 -19.224199
v 8.899233 0.513539 -19.224199
v 8.450905 0.513539 -19.284201
v 8.899233 0.513539 -19.284201
v 8.934233 1.956510 -19.224199
v 9.055935 1.956511 -19.224199
v 8.934233 1.956510 -19.284201
v 9.055935 1.956511 -19.284201
v 8.934233 1.921510 -19.224199
v 9.055935 1.921511 -19.224199
v 8.934233 1.921510 -19.284201
v 9.055935 1.921511 -19.284201
v 8.934233 1.577240 -19.224199
v 9.055935 1.577240 -19.224199
v 8.934233 1.577240 -19.284201
v 9.055935 1.577240 -19.284201
v 8.934233 1.542240 -19.224199
v 9.055935 1.542240 -19.224199
v 8.934233 1.542240 -19.284201
v 9.055935 1.542240 -19.284201
v 8.934233 0.984763 -19.224199
v 9.055935 0.984763 -19.224199
v 8.934233 0.984763 -19.284201
v 9.055935 0.984763 -19.284201
v 8.934233 0.949763 -19.224199
v 9.055935 0.949763 -19.224199
v 8.934233 0.949763 -19.284201
v 9.055935 0.949763 -19.284201
v 8.934233 0.697636 -19.224199
v 9.055935 0.697636 -19.224199
v 8.934233 0.697636 -19.284201
v 9.055935 0.697636 -19.284201
v 8.934233 0.662636 -19.224199
v 9.055935 0.662636 -19.224199
v 8.934233 0.662636 -19.284201
v 9.055935 0.662636 -19.284201
v 9.333438 0.000002 -19.216700
v 9.333438 2.317474 -19.216700
v 9.333438 0.000002 -19.291700
v 9.333438 2.317474 -19.291700
v 9.368438 0.000002 -19.216700
v 9.368438 2.317474 -19.216700
v 9.368438 0.000002 -19.291700
v 9.368438 2.317474 -19.291700
v 9.090933 2.115430 -19.224199
v 9.333439 2.115430 -19.224199
v 9.090933 2.115430 -19.284201
v 9.333439 2.115430 -19.284201
v 9.090933 2.080430 -19.224199
v 9.333439 2.080430 -19.224199
v 9.090933 2.080430 -19.284201
v 9.333439 2.080430 -19.284201
v 9.090933 1.657962 -19.224199
v 9.333439 1.657962 -19.224199
v 9.090933 1.657962 -19.284201
v 9.333439 1.657962 -19.284201
v 9.090933 1.622962 -19.224199
v 9.333439 1.622962 -19.224199
v 9.090933 1.622962 -19.284201
v 9.333439 1.622962 -19.284201
v 9.090933 1.840016 -19.224199
v 9.333439 1.840016 -19.224199
v 9.090933 1.840016 -19.284201
v 9.333439 1.840016 -19.284201
v 9.090933 1.805016 -19.224199
v 9.333439 1.805016 -19.224199
v 9.090933 1.805016 -19.284201
v 9.333439 1.805016 -19.284201
v 9.090933 1.294937 -19.224199
v 9.333439 1.294937 -19.224199
v 9.090933 1.294937 -19.284201
v 9.333439 1.294937 -19.284201
v 9.090933 1.259937 -19.224199
v 9.333439 1.259937 -19.224199
v 9.090933 1.259937 -19.284201
v 9.333439 1.259937 -19.284201
v 9.090933 0.871200 -19.224199
v 9.333439 0.871200 -19.224199
v 9.090933 0.871200 -19.284201
v 9.333439 0.871200 -19.284201
v 9.090933 0.836200 -19.224199
v 9.333439 0.836200 -19.224199
v 9.090933 0.836200 -19.284201
v 9.333439 0.836200 -19.284201
v 9.090933 0.587142 -19.224199
v 9.333439 0.587142 -19.224199
v 9.090933 0.587142 -19.284201
v 9.333439 0.587142 -19.284201
v 9.090933 0.552142 -19.224199
v 9.333439 0.552142 -19.224199
v 9.090933 0.552142 -19.284201
v 9.333439 0.552142 -19.284201
v 9.090933 0.497957 -19.224199
v 9.333439 0.497957 -19.224199
v 9.090933 0.497957 -19.284201
v 9.333439 0.497957 -19.284201
v 9.090933 0.462957 -19.224199
v 9.333439 0.462957 -19.224199
v 9.090933 0.462957 -19.284201
v 9.333439 0.462957 -19.284201
v 9.973155 0.000001 -19.291700
v 9.973155 2.317474 -19.291700
v 9.973155 0.000001 -19.216700
v 9.973155 2.317474 -19.216700
v 9.938155 0.000001 -19.291700
v 9.938155 2.317474 -19.291700
v 9.938155 0.000001 -19.216700
v 9.938155 2.317474 -19.216700
v 8.142286 0.000002 -19.216700
v 8.142286 2.317474 -19.216700
v 8.142286 0.000002 -19.291700
v 8.142286 2.317474 -19.291700
v 8.177286 0.000002 -19.216700
v 8.177286 2.317474 -19.216700
v 8.177286 0.000002 -19.291700
v 8.177286 2.317474 -19.291700
v 7.537257 0.532961 -19.277721
v 7.294752 0.532961 -19.277721
v 7.537257 0.532961 -19.217720
v 7.294752 0.532961 -19.217720
v 7.537257 0.497961 -19.277721
v 7.294752 0.497962 -19.277721
v 7.537257 0.497961 -19.217720
v 7.294752 0.497962 -19.217720
v 7.537257 0.622146 -19.277721
v 7.294752 0.622146 -19.277721
v 7.537257 0.622146 -19.217720
v 7.294752 0.622146 -19.217720
v 7.537257 0.587146 -19.277721
v 7.294752 0.587147 -19.277721
v 7.537257 0.587146 -19.217720
v 7.294752 0.587147 -19.217720
v 7.537257 0.871200 -19.277721
v 7.294752 0.871200 -19.277721
v 7.537257 0.871200 -19.217720
v 7.294752 0.871200 -19.217720
v 7.537257 0.836200 -19.277721
v 7.294752 0.836200 -19.277721
v 7.537257 0.836200 -19.217720
v 7.294752 0.836200 -19.217720
v 7.537257 1.294937 -19.277721
v 7.294752 1.294937 -19.277721
v 7.537257 1.294937 -19.217720
v 7.294752 1.294937 -19.217720
v 7.537257 1.259937 -19.277721
v 7.294752 1.259937 -19.277721
v 7.537257 1.259937 -19.217720
v 7.294752 1.259937 -19.217720
v 7.537257 1.840016 -19.277721
v 7.294752 1.840016 -19.277721
v 7.537257 1.840016 -19.217720
v 7.294752 1.840016 -19.217720
v 7.537257 1.805016 -19.277721
v 7.294752 1.805016 -19.277721
v 7.537257 1.805016 -19.217720
v 7.294752 1.805016 -19.217720
v 7.537257 1.657962 -19.277721
v 7.294752 1.657962 -19.277721
v 7.537257 1.657962 -19.217720
v 7.294752 1.657962 -19.217720
v 7.537257 1.622962 -19.277721
v 7.294752 1.622962 -19.277721
v 7.537257 1.622962 -19.217720
v 7.294752 1.622962 -19.217720
v 7.537257 2.115430 -19.277721
v 7.294752 2.115430 -19.277721
v 7.537257 2.115430 -19.217720
v 7.294752 2.115430 -19.217720
v 7.537257 2.080430 -19.277721
v 7.294752 2.080430 -19.277721
v 7.537257 2.080430 -19.217720
v 7.294752 2.080430 -19.217720
v 7.294750 0.000001 -19.291700
v 7.294750 2.317474 -19.291700
v 7.294750 0.000001 -19.216700
v 7.294750 2.317474 -19.216700
v 7.259750 0.000001 -19.291700
v 7.259750 2.317474 -19.291700
v 7.259750 0.000001 -19.216700
v 7.259750 2.317474 -19.216700
v 7.693957 0.697636 -19.277721
v 7.572255 0.697636 -19.277721
v 7.693957 0.697636 -19.217720
v 7.572255 0.697636 -19.217720
v 7.693957 0.662636 -19.277721
v 7.572255 0.662636 -19.277721
v 7.693957 0.662636 -19.217720
v 7.572255 0.662636 -19.217720
v 7.693957 0.984763 -19.277721
v 7.572255 0.984763 -19.277721
v 7.693957 0.984763 -19.217720
v 7.572255 0.984763 -19.217720
v 7.693957 0.949763 -19.277721
v 7.572255 0.949763 -19.277721
v 7.693957 0.949763 -19.217720
v 7.572255 0.949763 -19.217720
v 7.693957 1.577240 -19.277721
v 7.572255 1.577240 -19.277721
v 7.693957 1.577240 -19.217720
v 7.572255 1.577240 -19.217720
v 7.693957 1.542240 -19.277721
v 7.572255 1.542240 -19.277721
v 7.693957 1.542240 -19.217720
v 7.572255 1.542240 -19.217720
v 7.693957 1.956510 -19.277721
v 7.572255 1.956511 -19.277721
v 7.693957 1.956510 -19.217720
v 7.572255 1.956511 -19.217720
v 7.693957 1.921510 -19.277721
v 7.572255 1.921511 -19.277721
v 7.693957 1.921510 -19.217720
v 7.572255 1.921511 -19.217720
v 8.142286 0.548539 -19.277721
v 7.728957 0.548539 -19.277721
v 8.142286 0.548539 -19.217720
v 7.728957 0.548539 -19.217720
v 8.142286 0.513539 -19.277721
v 7.728957 0.513539 -19.277721
v 8.142286 0.513539 -19.217720
v 7.728957 0.513539 -19.217720
v 8.142286 0.901993 -19.277721
v 7.728957 0.901993 -19.277721
v 8.142286 0.901993 -19.217720
v 7.728957 0.901993 -19.217720
v 8.142286 0.866993 -19.277721
v 7.728957 0.866993 -19.277721
v 8.142286 0.866993 -19.217720
v 7.728957 0.866993 -19.217720
v 8.142286 1.073666 -19.277721
v 7.728957 1.073667 -19.277721
v 8.142286 1.073666 -19.217720
v 7.728957 1.073667 -19.217720
v 8.142286 1.038666 -19.277721
v 7.728957 1.038667 -19.277721
v 8.142286 1.038666 -19.217720
v 7.728957 1.038667 -19.217720
v 8.142286 1.371270 -19.277721
v 7.728957 1.371270 -19.277721
v 8.142286 1.371270 -19.217720
v 7.728957 1.371270 -19.217720
v 8.142286 1.336270 -19.277721
v 7.728957 1.336270 -19.277721
v 8.142286 1.336270 -19.217720
v 7.728957 1.336270 -19.217720
v 8.142286 2.115430 -19.277721
v 7.728957 2.115430 -19.277721
v 8.142286 2.115430 -19.217720
v 7.728957 2.115430 -19.217720
v 8.142286 2.080430 -19.277721
v 7.728957 2.080430 -19.277721
v 8.142286 2.080430 -19.217720
v 7.728957 2.080430 -19.217720
v 8.142286 1.887296 -19.277721
v 7.728957 1.887296 -19.277721
v 8.142286 1.887296 -19.217720
v 7.728957 1.887296 -19.217720
v 8.142286 1.852296 -19.277721
v 7.728957 1.852296 -19.277721
v 8.142286 1.852296 -19.217720
v 7.728957 1.852296 -19.217720
v 8.142286 1.768692 -19.277721
v 7.728957 1.768692 -19.277721
v 8.142286 1.768692 -19.217720
v 7.728957 1.768692 -19.217720
v 8.142286 1.733692 -19.277721
v 7.728957 1.733692 -19.277721
v 8.142286 1.733692 -19.217720
v 7.728957 1.733692 -19.217720
v 7.259752 0.580049 -19.277721
v 6.867460 0.580049 -19.277721
v 7.259752 0.580049 -19.217720
v 6.867460 0.580049 -19.217720
v 7.259752 0.545049 -19.277721
v 6.867460 0.545049 -19.277721
v 7.259752 0.545049 -19.217720
v 6.867460 0.545049 -19.217720
v 7.259752 1.068002 -19.277721
v 6.867460 1.068002 -19.277721
v 7.259752 1.068002 -19.217720
v 6.867460 1.068002 -19.217720
v 7.259752 1.033002 -19.277721
v 6.867460 1.033002 -19.277721
v 7.259752 1.033002 -19.217720
v 6.867460 1.033002 -19.217720
v 7.259752 1.173658 -19.277721
v 6.867460 1.173658 -19.277721
v 7.259752 1.173658 -19.217720
v 6.867460 1.173658 -19.217720
v 7.259752 1.138658 -19.277721
v 6.867460 1.138658 -19.277721
v 7.259752 1.138658 -19.217720
v 6.867460 1.138658 -19.217720
v 7.259752 1.502582 -19.277721
v 6.867460 1.502582 -19.277721
v 7.259752 1.502582 -19.217720
v 6.867460 1.502582 -19.217720
v 7.259752 1.467582 -19.277721
v 6.867460 1.467582 -19.277721
v 7.259752 1.467582 -19.217720
v 6.867460 1.467582 -19.217720
v 7.259752 1.812706 -19.277721
v 6.867460 1.812706 -19.277721
v 7.259752 1.812706 -19.217720
v 6.867460 1.812706 -19.217720
v 7.259752 1.777706 -19.277721
v 6.867460 1.777706 -19.277721
v 7.259752 1.777706 -19.217720
v 6.867460 1.777706 -19.217720
v 7.728958 0.000002 -19.291700
v 7.728958 2.317474 -19.291700
v 7.728958 0.000002 -19.216700
v 7.728958 2.317474 -19.216700
v 7.693958 0.000002 -19.291700
v 7.693958 2.317474 -19.291700
v 7.693958 0.000002 -19.216700
v 7.693958 2.317474 -19.216700
v 7.572256 0.000002 -19.291700
v 7.572256 2.317474 -19.291700
v 7.572256 0.000002 -19.216700
v 7.572256 2.317474 -19.216700
v 7.537256 0.000002 -19.291700
v 7.537256 2.317474 -19.291700
v 7.537256 0.000002 -19.216700
v 7.537256 2.317474 -19.216700
v 6.867456 0.000002 -19.291700
v 6.867456 2.317474 -19.291700
v 6.867456 0.000002 -19.216700
v 6.867456 2.317474 -19.216700
v 6.832457 0.000002 -19.291700
v 6.832457 2.317474 -19.291700
v 6.832457 0.000002 -19.216700
v 6.832457 2.317474 -19.216700
v 3.633009 0.000001 -19.216700
v 3.633009 2.317474 -19.216700
v 3.633009 0.000001 -19.291700
v 3.633009 2.317474 -19.291700
v 3.668009 0.000001 -19.216700
v 3.668009 2.317474 -19.216700
v 3.668009 0.000001 -19.291700
v 3.668009 2.317474 -19.291700
v 3.845434 0.000001 -19.216700
v 3.845434 2.317474 -19.216700
v 3.845434 0.000001 -19.291700
v 3.845434 2.317474 -19.291700
v 3.880434 0.000001 -19.216700
v 3.880434 2.317474 -19.216700
v 3.880434 0.000001 -19.291700
v 3.880434 2.317474 -19.291700
v 4.759081 0.000001 -19.216700
v 4.759081 2.317474 -19.216700
v 4.759081 0.000001 -19.291700
v 4.759081 2.317474 -19.291700
v 4.794081 0.000001 -19.216700
v 4.794081 2.317474 -19.216700
v 4.794081 0.000001 -19.291700
v 4.794081 2.317474 -19.291700
v 4.602381 0.000001 -19.216700
v 4.602381 2.317474 -19.216700
v 4.602381 0.000001 -19.291700
v 4.602381 2.317474 -19.291700
v 4.637381 0.000001 -19.216700
v 4.637381 2.317474 -19.216700
v 4.637381 0.000001 -19.291700
v 4.637381 2.317474 -19.291700
v 4.119051 0.000002 -19.216700
v 4.119051 2.317474 -19.216700
v 4.119051 0.000002 -19.291700
v 4.119051 2.317474 -19.291700
v 4.154051 0.000002 -19.216700
v 4.154051 2.317474 -19.216700
v 4.154051 0.000002 -19.291700
v 4.154051 2.317474 -19.291700
v -2.102427 2.352475 -19.216700
v 12.294271 2.352475 -19.216700
v -2.102427 2.352475 -19.291700
v 12.294271 2.352475 -19.291700
v -2.102427 2.317475 -19.216700
v 12.294271 2.317475 -19.216700
v -2.102427 2.317475 -19.291700
v 12.294271 2.317475 -19.291700
v 3.668010 2.177691 -19.224199
v 3.845434 2.177691 -19.224199
v 3.668010 2.177691 -19.284201
v 3.845434 2.177691 -19.284201
v 3.668010 2.142692 -19.224199
v 3.845434 2.142692 -19.224199
v 3.668010 2.142692 -19.284201
v 3.845434 2.142692 -19.284201
v 3.668010 1.891436 -19.224199
v 3.845434 1.891437 -19.224199
v 3.668010 1.891436 -19.284201
v 3.845434 1.891437 -19.284201
v 3.668010 1.856436 -19.224199
v 3.845434 1.856437 -19.224199
v 3.668010 1.856436 -19.284201
v 3.845434 1.856437 -19.284201
v 3.668010 1.737902 -19.224199
v 3.845434 1.737902 -19.224199
v 3.668010 1.737902 -19.284201
v 3.845434 1.737902 -19.284201
v 3.668010 1.702902 -19.224199
v 3.845434 1.702902 -19.224199
v 3.668010 1.702902 -19.284201
v 3.845434 1.702902 -19.284201
v 3.668010 1.348599 -19.224199
v 3.845434 1.348599 -19.224199
v 3.668010 1.348599 -19.284201
v 3.845434 1.348599 -19.284201
v 3.668010 1.313599 -19.224199
v 3.845434 1.313599 -19.224199
v 3.668010 1.313599 -19.284201
v 3.845434 1.313599 -19.284201
v 3.668010 0.799849 -19.224199
v 3.845434 0.799849 -19.224199
v 3.668010 0.799849 -19.284201
v 3.845434 0.799849 -19.284201
v 3.668010 0.764849 -19.224199
v 3.845434 0.764849 -19.224199
v 3.668010 0.764849 -19.284201
v 3.845434 0.764849 -19.284201
v 3.668010 0.481891 -19.224199
v 3.845434 0.481891 -19.224199
v 3.668010 0.481891 -19.284201
v 3.845434 0.481891 -19.284201
v 3.668010 0.446891 -19.224199
v 3.845434 0.446891 -19.224199
v 3.668010 0.446891 -19.284201
v 3.845434 0.446891 -19.284201
v 3.880433 2.022809 -19.224199
v 4.119052 2.022809 -19.224199
v 3.880433 2.022809 -19.284201
v 4.119052 2.022809 -19.284201
v 3.880433 1.987809 -19.224199
v 4.119052 1.987809 -19.224199
v 3.880433 1.987809 -19.284201
v 4.119052 1.987809 -19.284201
v 3.880433 1.463288 -19.224199
v 4.119052 1.463288 -19.224199
v 3.880433 1.463288 -19.284201
v 4.119052 1.463288 -19.284201
v 3.880433 1.428288 -19.224199
v 4.119052 1.428288 -19.224199
v 3.880433 1.428288 -19.284201
v 4.119052 1.428288 -19.284201
v 3.880433 1.160825 -19.224199
v 4.119052 1.160825 -19.224199
v 3.880433 1.160825 -19.284201
v 4.119052 1.160825 -19.284201
v 3.880433 1.125825 -19.224199
v 4.119052 1.125825 -19.224199
v 3.880433 1.125825 -19.284201
v 4.119052 1.125825 -19.284201
v 3.880433 0.651297 -19.224199
v 4.119052 0.651297 -19.224199
v 3.880433 0.651297 -19.284201
v 4.119052 0.651297 -19.284201
v 3.880433 0.616297 -19.224199
v 4.119052 0.616297 -19.224199
v 3.880433 0.616297 -19.284201
v 4.119052 0.616297 -19.284201
v 4.154052 1.768692 -19.224199
v 4.602380 1.768692 -19.224199
v 4.154052 1.768692 -19.284201
v 4.602380 1.768692 -19.284201
v 4.154052 1.733692 -19.224199
v 4.602380 1.733692 -19.224199
v 4.154052 1.733692 -19.284201
v 4.602380 1.733692 -19.284201
v 4.154052 1.887296 -19.224199
v 4.602380 1.887296 -19.224199
v 4.154052 1.887296 -19.284201
v 4.602380 1.887296 -19.284201
v 4.154052 1.852296 -19.224199
v 4.602380 1.852296 -19.224199
v 4.154052 1.852296 -19.284201
v 4.602380 1.852296 -19.284201
v 4.154052 2.115430 -19.224199
v 4.602380 2.115430 -19.224199
v 4.154052 2.115430 -19.284201
v 4.602380 2.115430 -19.284201
v 4.154052 2.080430 -19.224199
v 4.602380 2.080430 -19.224199
v 4.154052 2.080430 -19.284201
v 4.602380 2.080430 -19.284201
v 4.154052 1.371270 -19.224199
v 4.602380 1.371270 -19.224199
v 4.154052 1.371270 -19.284201
v 4.602380 1.371270 -19.284201
v 4.154052 1.336270 -19.224199
v 4.602380 1.336270 -19.224199
v 4.154052 1.336270 -19.284201
v 4.602380 1.336270 -19.284201
v 4.154052 1.073666 -19.224199
v 4.602380 1.073667 -19.224199
v 4.154052 1.073666 -19.284201
v 4.602380 1.073667 -19.284201
v 4.154052 1.038666 -19.224199
v 4.602380 1.038667 -19.224199
v 4.154052 1.038666 -19.284201
v 4.602380 1.038667 -19.284201
v 4.154052 0.901993 -19.224199
v 4.602380 0.901993 -19.224199
v 4.154052 0.901993 -19.284201
v 4.602380 0.901993 -19.284201
v 4.154052 0.866993 -19.224199
v 4.602380 0.866993 -19.224199
v 4.154052 0.866993 -19.284201
v 4.602380 0.866993 -19.284201
v 4.154052 0.548539 -19.224199
v 4.602380 0.548539 -19.224199
v 4.154052 0.548539 -19.284201
v 4.602380 0.548539 -19.284201
v 4.154052 0.513539 -19.224199
v 4.602380 0.513539 -19.224199
v 4.154052 0.513539 -19.284201
v 4.602380 0.513539 -19.284201
v 4.637380 1.956510 -19.224199
v 4.759082 1.956511 -19.224199
v 4.637380 1.956510 -19.284201
v 4.759082 1.956511 -19.284201
v 4.637380 1.921510 -19.224199
v 4.759082 1.921511 -19.224199
v 4.637380 1.921510 -19.284201
v 4.759082 1.921511 -19.284201
v 4.637380 1.577240 -19.224199
v 4.759082 1.577240 -19.224199
v 4.637380 1.577240 -19.284201
v 4.759082 1.577240 -19.284201
v 4.637380 1.542240 -19.224199
v 4.759082 1.542240 -19.224199
v 4.637380 1.542240 -19.284201
v 4.759082 1.542240 -19.284201
v 4.637380 0.984763 -19.224199
v 4.759082 0.984763 -19.224199
v 4.637380 0.984763 -19.284201
v 4.759082 0.984763 -19.284201
v 4.637380 0.949763 -19.224199
v 4.759082 0.949763 -19.224199
v 4.637380 0.949763 -19.284201
v 4.759082 0.949763 -19.284201
v 4.637380 0.697636 -19.224199
v 4.759082 0.697636 -19.224199
v 4.637380 0.697636 -19.284201
v 4.759082 0.697636 -19.284201
v 4.637380 0.662636 -19.224199
v 4.759082 0.662636 -19.224199
v 4.637380 0.662636 -19.284201
v 4.759082 0.662636 -19.284201
v 5.036589 0.000001 -19.216700
v 5.036589 2.317474 -19.216700
v 5.036589 0.000001 -19.291700
v 5.036589 2.317474 -19.291700
v 5.071589 0.000001 -19.216700
v 5.071589 2.317474 -19.216700
v 5.071589 0.000001 -19.291700
v 5.071589 2.317474 -19.291700
v 4.794081 2.115430 -19.224199
v 5.036586 2.115430 -19.224199
v 4.794081 2.115430 -19.284201
v 5.036586 2.115430 -19.284201
v 4.794081 2.080430 -19.224199
v 5.036586 2.080430 -19.224199
v 4.794081 2.080430 -19.284201
v 5.036586 2.080430 -19.284201
v 4.794081 1.657962 -19.224199
v 5.036586 1.657962 -19.224199
v 4.794081 1.657962 -19.284201
v 5.036586 1.657962 -19.284201
v 4.794081 1.622962 -19.224199
v 5.036586 1.622962 -19.224199
v 4.794081 1.622962 -19.284201
v 5.036586 1.622962 -19.284201
v 4.794081 1.840016 -19.224199
v 5.036586 1.840016 -19.224199
v 4.794081 1.840016 -19.284201
v 5.036586 1.840016 -19.284201
v 4.794081 1.805016 -19.224199
v 5.036586 1.805016 -19.224199
v 4.794081 1.805016 -19.284201
v 5.036586 1.805016 -19.284201
v 4.794081 1.294937 -19.224199
v 5.036586 1.294937 -19.224199
v 4.794081 1.294937 -19.284201
v 5.036586 1.294937 -19.284201
v 4.794081 1.259937 -19.224199
v 5.036586 1.259937 -19.224199
v 4.794081 1.259937 -19.284201
v 5.036586 1.259937 -19.284201
v 4.794081 0.871200 -19.224199
v 5.036586 0.871200 -19.224199
v 4.794081 0.871200 -19.284201
v 5.036586 0.871200 -19.284201
v 4.794081 0.836200 -19.224199
v 5.036586 0.836200 -19.224199
v 4.794081 0.836200 -19.284201
v 5.036586 0.836200 -19.284201
v 4.794081 0.587142 -19.224199
v 5.036586 0.587142 -19.224199
v 4.794081 0.587142 -19.284201
v 5.036586 0.587142 -19.284201
v 4.794081 0.552142 -19.224199
v 5.036586 0.552142 -19.224199
v 4.794081 0.552142 -19.284201
v 5.036586 0.552142 -19.284201
v 4.794081 0.497957 -19.224199
v 5.036586 0.497957 -19.224199
v 4.794081 0.497957 -19.284201
v 5.036586 0.497957 -19.284201
v 4.794081 0.462957 -19.224199
v 5.036586 0.462957 -19.224199
v 4.794081 0.462957 -19.284201
v 5.036586 0.462957 -19.284201
v 5.985235 0.497957 -19.224199
v 6.227740 0.497957 -19.224199
v 5.985235 0.497957 -19.284201
v 6.227740 0.497957 -19.284201
v 5.985235 0.462957 -19.224199
v 6.227740 0.462957 -19.224199
v 5.985235 0.462957 -19.284201
v 6.227740 0.462957 -19.284201
v 5.985235 0.587142 -19.224199
v 6.227740 0.587142 -19.224199
v 5.985235 0.587142 -19.284201
v 6.227740 0.587142 -19.284201
v 5.985235 0.552142 -19.224199
v 6.227740 0.552142 -19.224199
v 5.985235 0.552142 -19.284201
v 6.227740 0.552142 -19.284201
v 5.985235 0.871200 -19.224199
v 6.227740 0.871200 -19.224199
v 5.985235 0.871200 -19.284201
v 6.227740 0.871200 -19.284201
v 5.985235 0.836200 -19.224199
v 6.227740 0.836200 -19.224199
v 5.985235 0.836200 -19.284201
v 6.227740 0.836200 -19.284201
v 5.985235 1.294937 -19.224199
v 6.227740 1.294937 -19.224199
v 5.985235 1.294937 -19.284201
v 6.227740 1.294937 -19.284201
v 5.985235 1.259937 -19.224199
v 6.227740 1.259937 -19.224199
v 5.985235 1.259937 -19.284201
v 6.227740 1.259937 -19.284201
v 5.985235 1.840016 -19.224199
v 6.227740 1.840016 -19.224199
v 5.985235 1.840016 -19.284201
v 6.227740 1.840016 -19.284201
v 5.985235 1.805016 -19.224199
v 6.227740 1.805016 -19.224199
v 5.985235 1.805016 -19.284201
v 6.227740 1.805016 -19.284201
v 5.985235 1.657962 -19.224199
v 6.227740 1.657962 -19.224199
v 5.985235 1.657962 -19.284201
v 6.227740 1.657962 -19.284201
v 5.985235 1.622962 -19.224199
v 6.227740 1.622962 -19.224199
v 5.985235 1.622962 -19.284201
v 6.227740 1.622962 -19.284201
v 5.985235 2.115430 -19.224199
v 6.227740 2.115430 -19.224199
v 5.985235 2.115430 -19.284201
v 6.227740 2.115430 -19.284201
v 5.985235 2.080430 -19.224199
v 6.227740 2.080430 -19.224199
v 5.985235 2.080430 -19.284201
v 6.227740 2.080430 -19.284201
v 6.227739 0.000002 -19.216700
v 6.227739 2.317474 -19.216700
v 6.227739 0.000002 -19.291700
v 6.227739 2.317474 -19.291700
v 6.262739 0.000002 -19.216700
v 6.262739 2.317474 -19.216700
v 6.262739 0.000002 -19.291700
v 6.262739 2.317474 -19.291700
v 5.828534 0.697636 -19.224199
v 5.950236 0.697636 -19.224199
v 5.828534 0.697636 -19.284201
v 5.950236 0.697636 -19.284201
v 5.828534 0.662636 -19.224199
v 5.950236 0.662636 -19.224199
v 5.828534 0.662636 -19.284201
v 5.950236 0.662636 -19.284201
v 5.828534 0.984763 -19.224199
v 5.950236 0.984763 -19.224199
v 5.828534 0.984763 -19.284201
v 5.950236 0.984763 -19.284201
v 5.828534 0.949763 -19.224199
v 5.950236 0.949763 -19.224199
v 5.828534 0.949763 -19.284201
v 5.950236 0.949763 -19.284201
v 5.828534 1.577240 -19.224199
v 5.950236 1.577240 -19.224199
v 5.828534 1.577240 -19.284201
v 5.950236 1.577240 -19.284201
v 5.828534 1.542240 -19.224199
v 5.950236 1.542240 -19.224199
v 5.828534 1.542240 -19.284201
v 5.950236 1.542240 -19.284201
v 5.828534 1.956510 -19.224199
v 5.950236 1.956511 -19.224199
v 5.828534 1.956510 -19.284201
v 5.950236 1.956511 -19.284201
v 5.828534 1.921510 -19.224199
v 5.950236 1.921511 -19.224199
v 5.828534 1.921510 -19.284201
v 5.950236 1.921511 -19.284201
v 5.345207 0.548539 -19.224199
v 5.793534 0.548539 -19.224199
v 5.345207 0.548539 -19.284201
v 5.793534 0.548539 -19.284201
v 5.345207 0.513539 -19.224199
v 5.793534 0.513539 -19.224199
v 5.345207 0.513539 -19.284201
v 5.793534 0.513539 -19.284201
v 5.345207 0.901993 -19.224199
v 5.793534 0.901993 -19.224199
v 5.345207 0.901993 -19.284201
v 5.793534 0.901993 -19.284201
v 5.345207 0.866993 -19.224199
v 5.793534 0.866993 -19.224199
v 5.345207 0.866993 -19.284201
v 5.793534 0.866993 -19.284201
v 5.345207 1.073666 -19.224199
v 5.793534 1.073667 -19.224199
v 5.345207 1.073666 -19.284201
v 5.793534 1.073667 -19.284201
v 5.345207 1.038666 -19.224199
v 5.793534 1.038667 -19.224199
v 5.345207 1.038666 -19.284201
v 5.793534 1.038667 -19.284201
v 5.345207 1.371270 -19.224199
v 5.793534 1.371270 -19.224199
v 5.345207 1.371270 -19.284201
v 5.793534 1.371270 -19.284201
v 5.345207 1.336270 -19.224199
v 5.793534 1.336270 -19.224199
v 5.345207 1.336270 -19.284201
v 5.793534 1.336270 -19.284201
v 5.345206 2.115430 -19.224199
v 5.793534 2.115430 -19.224199
v 5.345206 2.115430 -19.284201
v 5.793534 2.115430 -19.284201
v 5.345206 2.080430 -19.224199
v 5.793534 2.080430 -19.224199
v 5.345206 2.080430 -19.284201
v 5.793534 2.080430 -19.284201
v 5.345207 1.887296 -19.224199
v 5.793534 1.887296 -19.224199
v 5.345207 1.887296 -19.284201
v 5.793534 1.887296 -19.284201
v 5.345207 1.852296 -19.224199
v 5.793534 1.852296 -19.224199
v 5.345207 1.852296 -19.284201
v 5.793534 1.852296 -19.284201
v 5.345207 1.768692 -19.224199
v 5.793534 1.768692 -19.224199
v 5.345207 1.768692 -19.284201
v 5.793534 1.768692 -19.284201
v 5.345207 1.733692 -19.224199
v 5.793534 1.733692 -19.224199
v 5.345207 1.733692 -19.284201
v 5.793534 1.733692 -19.284201
v 5.071588 0.651297 -19.224199
v 5.310206 0.651297 -19.224199
v 5.071588 0.651297 -19.284201
v 5.310206 0.651297 -19.284201
v 5.071588 0.616297 -19.224199
v 5.310206 0.616297 -19.224199
v 5.071588 0.616297 -19.284201
v 5.310206 0.616297 -19.284201
v 5.071588 1.160825 -19.224199
v 5.310206 1.160825 -19.224199
v 5.071588 1.160825 -19.284201
v 5.310206 1.160825 -19.284201
v 5.071588 1.125825 -19.224199
v 5.310206 1.125825 -19.224199
v 5.071588 1.125825 -19.284201
v 5.310206 1.125825 -19.284201
v 5.071588 1.463288 -19.224199
v 5.310206 1.463288 -19.224199
v 5.071588 1.463288 -19.284201
v 5.310206 1.463288 -19.284201
v 5.071588 1.428288 -19.224199
v 5.310206 1.428288 -19.224199
v 5.071588 1.428288 -19.284201
v 5.310206 1.428288 -19.284201
v 5.071588 2.022809 -19.224199
v 5.310206 2.022809 -19.224199
v 5.071588 2.022809 -19.284201
v 5.310206 2.022809 -19.284201
v 5.071588 1.987809 -19.224199
v 5.310206 1.987809 -19.224199
v 5.071588 1.987809 -19.284201
v 5.310206 1.987809 -19.284201
v 6.690036 0.481891 -19.224199
v 6.832457 0.481891 -19.224199
v 6.690036 0.481891 -19.284201
v 6.832457 0.481891 -19.284201
v 6.690036 0.446891 -19.224199
v 6.832457 0.446891 -19.224199
v 6.690036 0.446891 -19.284201
v 6.832457 0.446891 -19.284201
v 6.655032 0.799849 -19.224199
v 6.832457 0.799849 -19.224199
v 6.655032 0.799849 -19.284201
v 6.832457 0.799849 -19.284201
v 6.655032 0.764849 -19.224199
v 6.832457 0.764849 -19.224199
v 6.655032 0.764849 -19.284201
v 6.832457 0.764849 -19.284201
v 6.690036 1.348599 -19.224199
v 6.832457 1.348599 -19.224199
v 6.690036 1.348599 -19.284201
v 6.832457 1.348599 -19.284201
v 6.690036 1.313599 -19.224199
v 6.832457 1.313599 -19.224199
v 6.690036 1.313599 -19.284201
v 6.832457 1.313599 -19.284201
v 6.690036 1.737902 -19.224199
v 6.832457 1.737902 -19.224199
v 6.690036 1.737902 -19.284201
v 6.832457 1.737902 -19.284201
v 6.690036 1.702902 -19.224199
v 6.832457 1.702902 -19.224199
v 6.690036 1.702902 -19.284201
v 6.832457 1.702902 -19.284201
v 6.690036 1.891436 -19.224199
v 6.832457 1.891437 -19.224199
v 6.690036 1.891436 -19.284201
v 6.832457 1.891437 -19.284201
v 6.690036 1.856436 -19.224199
v 6.832457 1.856437 -19.224199
v 6.690036 1.856436 -19.284201
v 6.832457 1.856437 -19.284201
v 6.690036 2.177691 -19.224199
v 6.832457 2.177691 -19.224199
v 6.690036 2.177691 -19.284201
v 6.832457 2.177691 -19.284201
v 6.690036 2.142692 -19.224199
v 6.832457 2.142692 -19.224199
v 6.690036 2.142692 -19.284201
v 6.832457 2.142692 -19.284201
v 6.262743 0.580049 -19.224199
v 6.655036 0.580049 -19.224199
v 6.262743 0.580049 -19.284201
v 6.655036 0.580049 -19.284201
v 6.262743 0.545049 -19.224199
v 6.655036 0.545049 -19.224199
v 6.262743 0.545049 -19.284201
v 6.655036 0.545049 -19.284201
v 6.262743 1.068002 -19.224199
v 6.655036 1.068002 -19.224199
v 6.262743 1.068002 -19.284201
v 6.655036 1.068002 -19.284201
v 6.262743 1.033002 -19.224199
v 6.655036 1.033002 -19.224199
v 6.262743 1.033002 -19.284201
v 6.655036 1.033002 -19.284201
v 6.262743 1.173658 -19.224199
v 6.655036 1.173658 -19.224199
v 6.262743 1.173658 -19.284201
v 6.655036 1.173658 -19.284201
v 6.262743 1.138658 -19.224199
v 6.655036 1.138658 -19.224199
v 6.262743 1.138658 -19.284201
v 6.655036 1.138658 -19.284201
v 6.262743 1.502582 -19.224199
v 6.655036 1.502582 -19.224199
v 6.262743 1.502582 -19.284201
v 6.655036 1.502582 -19.284201
v 6.262743 1.467582 -19.224199
v 6.655036 1.467582 -19.224199
v 6.262743 1.467582 -19.284201
v 6.655036 1.467582 -19.284201
v 6.262743 1.812706 -19.224199
v 6.655036 1.812706 -19.224199
v 6.262743 1.812706 -19.284201
v 6.655036 1.812706 -19.284201
v 6.262743 1.777706 -19.224199
v 6.655036 1.777706 -19.224199
v 6.262743 1.777706 -19.284201
v 6.655036 1.777706 -19.284201
v 5.310205 0.000001 -19.216700
v 5.310205 2.317474 -19.216700
v 5.310205 0.000001 -19.291700
v 5.310205 2.317474 -19.291700
v 5.345206 0.000001 -19.216700
v 5.345206 2.317474 -19.216700
v 5.345206 0.000001 -19.291700
v 5.345206 2.317474 -19.291700
v 5.793535 0.000002 -19.216700
v 5.793535 2.317474 -19.216700
v 5.793535 0.000002 -19.291700
v 5.793535 2.317474 -19.291700
v 5.828535 0.000002 -19.216700
v 5.828535 2.317474 -19.216700
v 5.828535 0.000002 -19.291700
v 5.828535 2.317474 -19.291700
v 5.950235 0.000001 -19.216700
v 5.950235 2.317474 -19.216700
v 5.950235 0.000001 -19.291700
v 5.950235 2.317474 -19.291700
v 5.985235 0.000001 -19.216700
v 5.985235 2.317474 -19.216700
v 5.985235 0.000001 -19.291700
v 5.985235 2.317474 -19.291700
v 6.655035 0.000001 -19.216700
v 6.655035 2.317474 -19.216700
v 6.655035 0.000001 -19.291700
v 6.655035 2.317474 -19.291700
v 6.690035 0.000001 -19.216700
v 6.690035 2.317474 -19.216700
v 6.690035 0.000001 -19.291700
v 6.690035 2.317474 -19.291700
v 2.110756 0.000001 -19.216700
v 2.110756 2.317474 -19.216700
v 2.110756 0.000001 -19.291700
v 2.110756 2.317474 -19.291700
v 2.145756 0.000001 -19.216700
v 2.145756 2.317474 -19.216700
v 2.145756 0.000001 -19.291700
v 2.145756 2.317474 -19.291700
v 1.405958 0.000001 -19.216700
v 1.405958 2.317474 -19.216700
v 1.405958 0.000001 -19.291700
v 1.405958 2.317474 -19.291700
v 1.440958 0.000001 -19.216700
v 1.440958 2.317474 -19.216700
v 1.440958 0.000001 -19.291700
v 1.440958 2.317474 -19.291700
v 1.249256 0.000001 -19.216700
v 1.249256 2.317474 -19.216700
v 1.249256 0.000001 -19.291700
v 1.249256 2.317474 -19.291700
v 1.284256 0.000001 -19.216700
v 1.284256 2.317474 -19.216700
v 1.284256 0.000001 -19.291700
v 1.284256 2.317474 -19.291700
v 0.765929 0.000001 -19.216700
v 0.765929 2.317474 -19.216700
v 0.765929 0.000001 -19.291700
v 0.765929 2.317474 -19.291700
v 0.800928 0.000001 -19.216700
v 0.800928 2.317474 -19.216700
v 0.800928 0.000001 -19.291700
v 0.800928 2.317474 -19.291700
v 1.718464 1.812706 -19.224199
v 2.110756 1.812706 -19.224199
v 1.718464 1.812706 -19.284201
v 2.110756 1.812706 -19.284201
v 1.718464 1.777706 -19.224199
v 2.110756 1.777706 -19.224199
v 1.718464 1.777706 -19.284201
v 2.110756 1.777706 -19.284201
v 1.718464 1.502582 -19.224199
v 2.110756 1.502582 -19.224199
v 1.718464 1.502582 -19.284201
v 2.110756 1.502582 -19.284201
v 1.718464 1.467582 -19.224199
v 2.110756 1.467582 -19.224199
v 1.718464 1.467582 -19.284201
v 2.110756 1.467582 -19.284201
v 1.718464 1.173658 -19.224199
v 2.110756 1.173658 -19.224199
v 1.718464 1.173658 -19.284201
v 2.110756 1.173658 -19.284201
v 1.718464 1.138658 -19.224199
v 2.110756 1.138658 -19.224199
v 1.718464 1.138658 -19.284201
v 2.110756 1.138658 -19.284201
v 1.718464 1.068002 -19.224199
v 2.110756 1.068002 -19.224199
v 1.718464 1.068002 -19.284201
v 2.110756 1.068002 -19.284201
v 1.718464 1.033002 -19.224199
v 2.110756 1.033002 -19.224199
v 1.718464 1.033002 -19.284201
v 2.110756 1.033002 -19.284201
v 1.718464 0.580049 -19.224199
v 2.110756 0.580049 -19.224199
v 1.718464 0.580049 -19.284201
v 2.110756 0.580049 -19.284201
v 1.718464 0.545049 -19.224199
v 2.110756 0.545049 -19.224199
v 1.718464 0.545049 -19.284201
v 2.110756 0.545049 -19.284201
v 2.145756 2.177691 -19.224199
v 2.288180 2.177691 -19.224199
v 2.145756 2.177691 -19.284201
v 2.288180 2.177691 -19.284201
v 2.145756 2.142692 -19.224199
v 2.288180 2.142692 -19.224199
v 2.145756 2.142692 -19.284201
v 2.288180 2.142692 -19.284201
v 2.145756 1.891436 -19.224199
v 2.288180 1.891437 -19.224199
v 2.145756 1.891436 -19.284201
v 2.288180 1.891437 -19.284201
v 2.145756 1.856436 -19.224199
v 2.288180 1.856437 -19.224199
v 2.145756 1.856436 -19.284201
v 2.288180 1.856437 -19.284201
v 2.145756 1.737902 -19.224199
v 2.288180 1.737902 -19.224199
v 2.145756 1.737902 -19.284201
v 2.288180 1.737902 -19.284201
v 2.145756 1.702902 -19.224199
v 2.288180 1.702902 -19.224199
v 2.145756 1.702902 -19.284201
v 2.288180 1.702902 -19.284201
v 2.145756 1.348599 -19.224199
v 2.288180 1.348599 -19.224199
v 2.145756 1.348599 -19.284201
v 2.288180 1.348599 -19.284201
v 2.145756 1.313599 -19.224199
v 2.288180 1.313599 -19.224199
v 2.145756 1.313599 -19.284201
v 2.288180 1.313599 -19.284201
v 2.145756 0.919234 -19.224199
v 2.288180 0.919234 -19.224199
v 2.145756 0.919234 -19.284201
v 2.288180 0.919234 -19.284201
v 2.145756 0.884234 -19.224199
v 2.288180 0.884234 -19.224199
v 2.145756 0.884234 -19.284201
v 2.288180 0.884234 -19.284201
v 2.145756 0.684059 -19.224199
v 2.288180 0.684059 -19.224199
v 2.145756 0.684059 -19.284201
v 2.288180 0.684059 -19.284201
v 2.145756 0.649059 -19.224199
v 2.288180 0.649059 -19.224199
v 2.145756 0.649059 -19.284201
v 2.288180 0.649059 -19.284201
v 0.527308 2.022809 -19.224199
v 0.765927 2.022809 -19.224199
v 0.527308 2.022809 -19.284201
v 0.765927 2.022809 -19.284201
v 0.527308 1.987809 -19.224199
v 0.765927 1.987809 -19.224199
v 0.527308 1.987809 -19.284201
v 0.765927 1.987809 -19.284201
v 0.527308 1.463288 -19.224199
v 0.765927 1.463288 -19.224199
v 0.527308 1.463288 -19.284201
v 0.765927 1.463288 -19.284201
v 0.527308 1.428288 -19.224199
v 0.765927 1.428288 -19.224199
v 0.527308 1.428288 -19.284201
v 0.765927 1.428288 -19.284201
v 0.527308 1.160825 -19.224199
v 0.765927 1.160825 -19.224199
v 0.527308 1.160825 -19.284201
v 0.765927 1.160825 -19.284201
v 0.527308 1.125825 -19.224199
v 0.765927 1.125825 -19.224199
v 0.527308 1.125825 -19.284201
v 0.765927 1.125825 -19.284201
v 0.527308 0.651297 -19.224199
v 0.765927 0.651297 -19.224199
v 0.527308 0.651297 -19.284201
v 0.765927 0.651297 -19.284201
v 0.527308 0.616297 -19.224199
v 0.765927 0.616297 -19.224199
v 0.527308 0.616297 -19.284201
v 0.765927 0.616297 -19.284201
v 0.800928 1.768692 -19.224199
v 1.249255 1.768692 -19.224199
v 0.800928 1.768692 -19.284201
v 1.249255 1.768692 -19.284201
v 0.800928 1.733692 -19.224199
v 1.249255 1.733692 -19.224199
v 0.800928 1.733692 -19.284201
v 1.249255 1.733692 -19.284201
v 0.800928 1.887296 -19.224199
v 1.249255 1.887296 -19.224199
v 0.800928 1.887296 -19.284201
v 1.249255 1.887296 -19.284201
v 0.800928 1.852296 -19.224199
v 1.249255 1.852296 -19.224199
v 0.800928 1.852296 -19.284201
v 1.249255 1.852296 -19.284201
v 0.800927 2.115430 -19.224199
v 1.249255 2.115430 -19.224199
v 0.800927 2.115430 -19.284201
v 1.249255 2.115430 -19.284201
v 0.800927 2.080430 -19.224199
v 1.249255 2.080430 -19.224199
v 0.800927 2.080430 -19.284201
v 1.249255 2.080430 -19.284201
v 0.800928 1.371270 -19.224199
v 1.249255 1.371270 -19.224199
v 0.800928 1.371270 -19.284201
v 1.249255 1.371270 -19.284201
v 0.800928 1.336270 -19.224199
v 1.249255 1.336270 -19.224199
v 0.800928 1.336270 -19.284201
v 1.249255 1.336270 -19.284201
v 0.800928 1.073666 -19.224199
v 1.249255 1.073667 -19.224199
v 0.800928 1.073666 -19.284201
v 1.249255 1.073667 -19.284201
v 0.800928 1.038666 -19.224199
v 1.249255 1.038667 -19.224199
v 0.800928 1.038666 -19.284201
v 1.249255 1.038667 -19.284201
v 0.800928 0.901993 -19.224199
v 1.249255 0.901993 -19.224199
v 0.800928 0.901993 -19.284201
v 1.249255 0.901993 -19.284201
v 0.800928 0.866993 -19.224199
v 1.249255 0.866993 -19.224199
v 0.800928 0.866993 -19.284201
v 1.249255 0.866993 -19.284201
v 0.800928 0.548539 -19.224199
v 1.249255 0.548539 -19.224199
v 0.800928 0.548539 -19.284201
v 1.249255 0.548539 -19.284201
v 0.800928 0.513539 -19.224199
v 1.249255 0.513539 -19.224199
v 0.800928 0.513539 -19.284201
v 1.249255 0.513539 -19.284201
v 1.284255 1.956510 -19.224199
v 1.405957 1.956511 -19.224199
v 1.284255 1.956510 -19.284201
v 1.405957 1.956511 -19.284201
v 1.284255 1.921510 -19.224199
v 1.405957 1.921511 -19.224199
v 1.284255 1.921510 -19.284201
v 1.405957 1.921511 -19.284201
v 1.284255 1.577240 -19.224199
v 1.405957 1.577240 -19.224199
v 1.284255 1.577240 -19.284201
v 1.405957 1.577240 -19.284201
v 1.284255 1.542240 -19.224199
v 1.405957 1.542240 -19.224199
v 1.284255 1.542240 -19.284201
v 1.405957 1.542240 -19.284201
v 1.284255 0.984763 -19.224199
v 1.405957 0.984763 -19.224199
v 1.284255 0.984763 -19.284201
v 1.405957 0.984763 -19.284201
v 1.284255 0.949763 -19.224199
v 1.405957 0.949763 -19.224199
v 1.284255 0.949763 -19.284201
v 1.405957 0.949763 -19.284201
v 1.284255 0.697636 -19.224199
v 1.405957 0.697636 -19.224199
v 1.284255 0.697636 -19.284201
v 1.405957 0.697636 -19.284201
v 1.284255 0.662636 -19.224199
v 1.405957 0.662636 -19.224199
v 1.284255 0.662636 -19.284201
v 1.405957 0.662636 -19.284201
v 1.683462 0.000001 -19.216700
v 1.683462 2.317474 -19.216700
v 1.683462 0.000001 -19.291700
v 1.683462 2.317474 -19.291700
v 1.718462 0.000001 -19.216700
v 1.718462 2.317474 -19.216700
v 1.718462 0.000001 -19.291700
v 1.718462 2.317474 -19.291700
v 1.440958 2.115430 -19.224199
v 1.683463 2.115430 -19.224199
v 1.440958 2.115430 -19.284201
v 1.683463 2.115430 -19.284201
v 1.440958 2.080430 -19.224199
v 1.683463 2.080430 -19.224199
v 1.440958 2.080430 -19.284201
v 1.683463 2.080430 -19.284201
v 1.440958 1.657962 -19.224199
v 1.683463 1.657962 -19.224199
v 1.440958 1.657962 -19.284201
v 1.683463 1.657962 -19.284201
v 1.440958 1.622962 -19.224199
v 1.683463 1.622962 -19.224199
v 1.440958 1.622962 -19.284201
v 1.683463 1.622962 -19.284201
v 1.440958 1.840016 -19.224199
v 1.683463 1.840016 -19.224199
v 1.440958 1.840016 -19.284201
v 1.683463 1.840016 -19.284201
v 1.440958 1.805016 -19.224199
v 1.683463 1.805016 -19.224199
v 1.440958 1.805016 -19.284201
v 1.683463 1.805016 -19.284201
v 1.440958 1.294937 -19.224199
v 1.683463 1.294937 -19.224199
v 1.440958 1.294937 -19.284201
v 1.683463 1.294937 -19.284201
v 1.440958 1.259937 -19.224199
v 1.683463 1.259937 -19.224199
v 1.440958 1.259937 -19.284201
v 1.683463 1.259937 -19.284201
v 1.440958 0.871200 -19.224199
v 1.683463 0.871200 -19.224199
v 1.440958 0.871200 -19.284201
v 1.683463 0.871200 -19.284201
v 1.440958 0.836200 -19.224199
v 1.683463 0.836200 -19.224199
v 1.440958 0.836200 -19.284201
v 1.683463 0.836200 -19.284201
v 1.440958 0.587142 -19.224199
v 1.683463 0.587142 -19.224199
v 1.440958 0.587142 -19.284201
v 1.683463 0.587142 -19.284201
v 1.440958 0.552142 -19.224199
v 1.683463 0.552142 -19.224199
v 1.440958 0.552142 -19.284201
v 1.683463 0.552142 -19.284201
v 1.440958 0.497957 -19.224199
v 1.683463 0.497957 -19.224199
v 1.440958 0.497957 -19.284201
v 1.683463 0.497957 -19.284201
v 1.440958 0.462957 -19.224199
v 1.683463 0.462957 -19.224199
v 1.440958 0.462957 -19.284201
v 1.683463 0.462957 -19.284201
v 0.249803 0.497957 -19.224199
v 0.492308 0.497957 -19.224199
v 0.249803 0.497957 -19.284201
v 0.492308 0.497957 -19.284201
v 0.249803 0.462957 -19.224199
v 0.492308 0.462957 -19.224199
v 0.249803 0.462957 -19.284201
v 0.492308 0.462957 -19.284201
v 0.249803 0.587142 -19.224199
v 0.492308 0.587142 -19.224199
v 0.249803 0.587142 -19.284201
v 0.492308 0.587142 -19.284201
v 0.249803 0.552142 -19.224199
v 0.492308 0.552142 -19.224199
v 0.249803 0.552142 -19.284201
v 0.492308 0.552142 -19.284201
v 0.249803 0.871200 -19.224199
v 0.492308 0.871200 -19.224199
v 0.249803 0.871200 -19.284201
v 0.492308 0.871200 -19.284201
v 0.249803 0.836200 -19.224199
v 0.492308 0.836200 -19.224199
v 0.249803 0.836200 -19.284201
v 0.492308 0.836200 -19.284201
v 0.249803 1.294937 -19.224199
v 0.492308 1.294937 -19.224199
v 0.249803 1.294937 -19.284201
v 0.492308 1.294937 -19.284201
v 0.249803 1.259937 -19.224199
v 0.492308 1.259937 -19.224199
v 0.249803 1.259937 -19.284201
v 0.492308 1.259937 -19.284201
v 0.249803 1.840016 -19.224199
v 0.492308 1.840016 -19.224199
v 0.249803 1.840016 -19.284201
v 0.492308 1.840016 -19.284201
v 0.249803 1.805016 -19.224199
v 0.492308 1.805016 -19.224199
v 0.249803 1.805016 -19.284201
v 0.492308 1.805016 -19.284201
v 0.249803 1.657962 -19.224199
v 0.492308 1.657962 -19.224199
v 0.249803 1.657962 -19.284201
v 0.492308 1.657962 -19.284201
v 0.249803 1.622962 -19.224199
v 0.492308 1.622962 -19.224199
v 0.249803 1.622962 -19.284201
v 0.492308 1.622962 -19.284201
v 0.249803 2.115430 -19.224199
v 0.492308 2.115430 -19.224199
v 0.249803 2.115430 -19.284201
v 0.492308 2.115430 -19.284201
v 0.249803 2.080430 -19.224199
v 0.492308 2.080430 -19.224199
v 0.249803 2.080430 -19.284201
v 0.492308 2.080430 -19.284201
v 0.492310 0.000002 -19.216700
v 0.492310 2.317474 -19.216700
v 0.492310 0.000002 -19.291700
v 0.492310 2.317474 -19.291700
v 0.527310 0.000002 -19.216700
v 0.527310 2.317474 -19.216700
v 0.527310 0.000002 -19.291700
v 0.527310 2.317474 -19.291700
v 0.093101 0.697636 -19.224199
v 0.214803 0.697636 -19.224199
v 0.093101 0.697636 -19.284201
v 0.214803 0.697636 -19.284201
v 0.093101 0.662636 -19.224199
v 0.214803 0.662636 -19.224199
v 0.093101 0.662636 -19.284201
v 0.214803 0.662636 -19.284201
v 0.093101 0.984763 -19.224199
v 0.214803 0.984763 -19.224199
v 0.093101 0.984763 -19.284201
v 0.214803 0.984763 -19.284201
v 0.093101 0.949763 -19.224199
v 0.214803 0.949763 -19.224199
v 0.093101 0.949763 -19.284201
v 0.214803 0.949763 -19.284201
v 0.093101 1.577240 -19.224199
v 0.214803 1.577240 -19.224199
v 0.093101 1.577240 -19.284201
v 0.214803 1.577240 -19.284201
v 0.093101 1.542240 -19.224199
v 0.214803 1.542240 -19.224199
v 0.093101 1.542240 -19.284201
v 0.214803 1.542240 -19.284201
v 0.093101 1.956510 -19.224199
v 0.214803 1.956511 -19.224199
v 0.093101 1.956510 -19.284201
v 0.214803 1.956511 -19.284201
v 0.093101 1.921510 -19.224199
v 0.214803 1.921511 -19.224199
v 0.093101 1.921510 -19.284201
v 0.214803 1.921511 -19.284201
v -0.390227 0.592104 -19.224199
v 0.058101 0.592104 -19.224199
v -0.390227 0.592104 -19.284201
v 0.058101 0.592104 -19.284201
v -0.390227 0.557104 -19.224199
v 0.058101 0.557104 -19.224199
v -0.390227 0.557104 -19.284201
v 0.058101 0.557104 -19.284201
v -0.390227 0.901993 -19.224199
v 0.058101 0.901993 -19.224199
v -0.390227 0.901993 -19.284201
v 0.058101 0.901993 -19.284201
v -0.390227 0.866993 -19.224199
v 0.058101 0.866993 -19.224199
v -0.390227 0.866993 -19.284201
v 0.058101 0.866993 -19.284201
v -0.390227 1.073666 -19.224199
v 0.058101 1.073667 -19.224199
v -0.390227 1.073666 -19.284201
v 0.058101 1.073667 -19.284201
v -0.390227 1.038666 -19.224199
v 0.058101 1.038667 -19.224199
v -0.390227 1.038666 -19.284201
v 0.058101 1.038667 -19.284201
v -0.390227 1.371270 -19.224199
v 0.058101 1.371270 -19.224199
v -0.390227 1.371270 -19.284201
v 0.058101 1.371270 -19.284201
v -0.390227 1.336270 -19.224199
v 0.058101 1.336270 -19.224199
v -0.390227 1.336270 -19.284201
v 0.058101 1.336270 -19.284201
v -0.390225 2.115430 -19.224199
v 0.058103 2.115430 -19.224199
v -0.390225 2.115430 -19.284201
v 0.058103 2.115430 -19.284201
v -0.390225 2.080430 -19.224199
v 0.058103 2.080430 -19.224199
v -0.390225 2.080430 -19.284201
v 0.058103 2.080430 -19.284201
v -0.390225 1.887296 -19.224199
v 0.058103 1.887296 -19.224199
v -0.390225 1.887296 -19.284201
v 0.058103 1.887296 -19.284201
v -0.390225 1.852296 -19.224199
v 0.058103 1.852296 -19.224199
v -0.390225 1.852296 -19.284201
v 0.058103 1.852296 -19.284201
v -0.390227 1.768692 -19.224199
v 0.058101 1.768692 -19.224199
v -0.390227 1.768692 -19.284201
v 0.058101 1.768692 -19.284201
v -0.390227 1.733692 -19.224199
v 0.058101 1.733692 -19.224199
v -0.390227 1.733692 -19.284201
v 0.058101 1.733692 -19.284201
v -0.663844 0.651297 -19.224199
v -0.425225 0.651297 -19.224199
v -0.663844 0.651297 -19.284201
v -0.425225 0.651297 -19.284201
v -0.663844 0.616297 -19.224199
v -0.425225 0.616297 -19.224199
v -0.663844 0.616297 -19.284201
v -0.425225 0.616297 -19.284201
v -0.663844 1.160825 -19.224199
v -0.425225 1.160825 -19.224199
v -0.663844 1.160825 -19.284201
v -0.425225 1.160825 -19.284201
v -0.663844 1.125825 -19.224199
v -0.425225 1.125825 -19.224199
v -0.663844 1.125825 -19.284201
v -0.425225 1.125825 -19.284201
v -0.663844 1.463288 -19.224199
v -0.425225 1.463288 -19.224199
v -0.663844 1.463288 -19.284201
v -0.425225 1.463288 -19.284201
v -0.663844 1.428288 -19.224199
v -0.425225 1.428288 -19.224199
v -0.663844 1.428288 -19.284201
v -0.425225 1.428288 -19.284201
v -0.663844 2.022809 -19.224199
v -0.425225 2.022809 -19.224199
v -0.663844 2.022809 -19.284201
v -0.425225 2.022809 -19.284201
v -0.663844 1.987809 -19.224199
v -0.425225 1.987809 -19.224199
v -0.663844 1.987809 -19.284201
v -0.425225 1.987809 -19.284201
v -0.876272 0.481891 -19.224199
v -0.698847 0.481891 -19.224199
v -0.876272 0.481891 -19.284201
v -0.698847 0.481891 -19.284201
v -0.876272 0.446891 -19.224199
v -0.698847 0.446891 -19.224199
v -0.876272 0.446891 -19.284201
v -0.698847 0.446891 -19.284201
v -0.876272 0.799849 -19.224199
v -0.698847 0.799849 -19.224199
v -0.876272 0.799849 -19.284201
v -0.698847 0.799849 -19.284201
v -0.876272 0.764849 -19.224199
v -0.698847 0.764849 -19.224199
v -0.876272 0.764849 -19.284201
v -0.698847 0.764849 -19.284201
v -0.876272 1.348599 -19.224199
v -0.698847 1.348599 -19.224199
v -0.876272 1.348599 -19.284201
v -0.698847 1.348599 -19.284201
v -0.876272 1.313599 -19.224199
v -0.698847 1.313599 -19.224199
v -0.876272 1.313599 -19.284201
v -0.698847 1.313599 -19.284201
v -0.876272 1.737902 -19.224199
v -0.698847 1.737902 -19.224199
v -0.876272 1.737902 -19.284201
v -0.698847 1.737902 -19.284201
v -0.876272 1.702902 -19.224199
v -0.698847 1.702902 -19.224199
v -0.876272 1.702902 -19.284201
v -0.698847 1.702902 -19.284201
v -0.876272 1.891436 -19.224199
v -0.698847 1.891437 -19.224199
v -0.876272 1.891436 -19.284201
v -0.698847 1.891437 -19.284201
v -0.876272 1.856436 -19.224199
v -0.698847 1.856437 -19.224199
v -0.876272 1.856436 -19.284201
v -0.698847 1.856437 -19.284201
v -0.876272 2.177691 -19.224199
v -0.698847 2.177691 -19.224199
v -0.876272 2.177691 -19.284201
v -0.698847 2.177691 -19.284201
v -0.876272 2.142692 -19.224199
v -0.698847 2.142692 -19.224199
v -0.876272 2.142692 -19.284201
v -0.698847 2.142692 -19.284201
v -0.425226 0.000001 -19.216700
v -0.425226 2.317474 -19.216700
v -0.425226 0.000001 -19.291700
v -0.425226 2.317474 -19.291700
v -0.390226 0.000001 -19.216700
v -0.390226 2.317474 -19.216700
v -0.390226 0.000001 -19.291700
v -0.390226 2.317474 -19.291700
v 0.058102 0.000001 -19.216700
v 0.058102 2.317474 -19.216700
v 0.058102 0.000001 -19.291700
v 0.058102 2.317474 -19.291700
v 0.093102 0.000001 -19.216700
v 0.093102 2.317474 -19.216700
v 0.093102 0.000001 -19.291700
v 0.093102 2.317474 -19.291700
v 0.214804 0.000002 -19.216700
v 0.214804 2.317474 -19.216700
v 0.214804 0.000002 -19.291700
v 0.214804 2.317474 -19.291700
v 0.249804 0.000002 -19.216700
v 0.249804 2.317474 -19.216700
v 0.249804 0.000002 -19.291700
v 0.249804 2.317474 -19.291700
v -0.698845 0.000001 -19.216700
v -0.698845 2.317474 -19.216700
v -0.698845 0.000001 -19.291700
v -0.698845 2.317474 -19.291700
v -0.663845 0.000001 -19.216700
v -0.663845 2.317474 -19.216700
v -0.663845 0.000001 -19.291700
v -0.663845 2.317474 -19.291700
v -0.911272 0.000001 -19.216700
v -0.911272 2.317474 -19.216700
v -0.911272 0.000001 -19.291700
v -0.911272 2.317474 -19.291700
v -0.876272 0.000001 -19.216700
v -0.876272 2.317474 -19.216700
v -0.876272 0.000001 -19.291700
v -0.876272 2.317474 -19.291700
v 2.323180 0.000002 -19.291700
v 2.323180 2.317474 -19.291700
v 2.323180 0.000002 -19.216700
v 2.323180 2.317474 -19.216700
v 2.288179 0.000002 -19.291700
v 2.288179 2.317474 -19.291700
v 2.288179 0.000002 -19.216700
v 2.288179 2.317474 -19.216700
v 3.027977 0.000001 -19.291700
v 3.027977 2.317474 -19.291700
v 3.027977 0.000001 -19.216700
v 3.027977 2.317474 -19.216700
v 2.992977 0.000001 -19.291700
v 2.992977 2.317474 -19.291700
v 2.992977 0.000001 -19.216700
v 2.992977 2.317474 -19.216700
v 3.184679 0.000001 -19.291700
v 3.184679 2.317474 -19.291700
v 3.184679 0.000001 -19.216700
v 3.184679 2.317474 -19.216700
v 3.149679 0.000001 -19.291700
v 3.149679 2.317474 -19.291700
v 3.149679 0.000001 -19.216700
v 3.149679 2.317474 -19.216700
v 2.715473 1.812706 -19.277719
v 2.323181 1.812706 -19.277719
v 2.715473 1.812706 -19.217718
v 2.323181 1.812706 -19.217718
v 2.715473 1.777706 -19.277719
v 2.323181 1.777706 -19.277719
v 2.715473 1.777706 -19.217718
v 2.323181 1.777706 -19.217718
v 2.715473 1.502582 -19.277719
v 2.323181 1.502582 -19.277719
v 2.715473 1.502582 -19.217718
v 2.323181 1.502582 -19.217718
v 2.715473 1.467582 -19.277719
v 2.323181 1.467582 -19.277719
v 2.715473 1.467582 -19.217718
v 2.323181 1.467582 -19.217718
v 2.715473 1.105908 -19.277719
v 2.323181 1.105908 -19.277719
v 2.715473 1.105908 -19.217718
v 2.323181 1.105908 -19.217718
v 2.715473 1.070908 -19.277719
v 2.323181 1.070908 -19.277719
v 2.715473 1.070908 -19.217718
v 2.323181 1.070908 -19.217718
v 2.715473 0.760173 -19.277719
v 2.323181 0.760173 -19.277719
v 2.715473 0.760173 -19.217718
v 2.323181 0.760173 -19.217718
v 2.715473 0.725173 -19.277719
v 2.323181 0.725173 -19.277719
v 2.715473 0.725173 -19.217718
v 2.323181 0.725173 -19.217718
v 3.633008 1.768692 -19.277719
v 3.184680 1.768692 -19.277719
v 3.633008 1.768692 -19.217718
v 3.184680 1.768692 -19.217718
v 3.633008 1.733692 -19.277719
v 3.184680 1.733692 -19.277719
v 3.633008 1.733692 -19.217718
v 3.184680 1.733692 -19.217718
v 3.633008 1.887296 -19.277719
v 3.184680 1.887296 -19.277719
v 3.633008 1.887296 -19.217718
v 3.184680 1.887296 -19.217718
v 3.633008 1.852296 -19.277719
v 3.184680 1.852296 -19.277719
v 3.633008 1.852296 -19.217718
v 3.184680 1.852296 -19.217718
v 3.633008 2.115430 -19.277719
v 3.184680 2.115430 -19.277719
v 3.633008 2.115430 -19.217718
v 3.184680 2.115430 -19.217718
v 3.633008 2.080430 -19.277719
v 3.184680 2.080430 -19.277719
v 3.633008 2.080430 -19.217718
v 3.184680 2.080430 -19.217718
v 3.633008 1.371270 -19.277719
v 3.184680 1.371270 -19.277719
v 3.633008 1.371270 -19.217718
v 3.184680 1.371270 -19.217718
v 3.633008 1.336270 -19.277719
v 3.184680 1.336270 -19.277719
v 3.633008 1.336270 -19.217718
v 3.184680 1.336270 -19.217718
v 3.633008 1.073666 -19.277719
v 3.184680 1.073667 -19.277719
v 3.633008 1.073666 -19.217718
v 3.184680 1.073667 -19.217718
v 3.633008 1.038666 -19.277719
v 3.184680 1.038667 -19.277719
v 3.633008 1.038666 -19.217718
v 3.184680 1.038667 -19.217718
v 3.633008 0.901993 -19.277719
v 3.184680 0.901993 -19.277719
v 3.633008 0.901993 -19.217718
v 3.184680 0.901993 -19.217718
v 3.633008 0.866993 -19.277719
v 3.184680 0.866993 -19.277719
v 3.633008 0.866993 -19.217718
v 3.184680 0.866993 -19.217718
v 3.633008 0.548539 -19.277719
v 3.184680 0.548539 -19.277719
v 3.633008 0.548539 -19.217718
v 3.184680 0.548539 -19.217718
v 3.633008 0.513539 -19.277719
v 3.184680 0.513539 -19.277719
v 3.633008 0.513539 -19.217718
v 3.184680 0.513539 -19.217718
v 3.149680 1.956510 -19.277719
v 3.027978 1.956511 -19.277719
v 3.149680 1.956510 -19.217718
v 3.027978 1.956511 -19.217718
v 3.149680 1.921510 -19.277719
v 3.027978 1.921511 -19.277719
v 3.149680 1.921510 -19.217718
v 3.027978 1.921511 -19.217718
v 3.149680 1.577240 -19.277719
v 3.027978 1.577240 -19.277719
v 3.149680 1.577240 -19.217718
v 3.027978 1.577240 -19.217718
v 3.149680 1.542240 -19.277719
v 3.027978 1.542240 -19.277719
v 3.149680 1.542240 -19.217718
v 3.027978 1.542240 -19.217718
v 3.149680 0.984763 -19.277719
v 3.027978 0.984763 -19.277719
v 3.149680 0.984763 -19.217718
v 3.027978 0.984763 -19.217718
v 3.149680 0.949763 -19.277719
v 3.027978 0.949763 -19.277719
v 3.149680 0.949763 -19.217718
v 3.027978 0.949763 -19.217718
v 3.149680 0.697636 -19.277719
v 3.027978 0.697636 -19.277719
v 3.149680 0.697636 -19.217718
v 3.027978 0.697636 -19.217718
v 3.149680 0.662636 -19.277719
v 3.027978 0.662636 -19.277719
v 3.149680 0.662636 -19.217718
v 3.027978 0.662636 -19.217718
v 2.750473 0.000002 -19.291700
v 2.750473 2.317474 -19.291700
v 2.750473 0.000002 -19.216700
v 2.750473 2.317474 -19.216700
v 2.715473 0.000002 -19.291700
v 2.715473 2.317474 -19.291700
v 2.715473 0.000002 -19.216700
v 2.715473 2.317474 -19.216700
v 2.992978 2.115430 -19.277719
v 2.750473 2.115430 -19.277719
v 2.992978 2.115430 -19.217718
v 2.750473 2.115430 -19.217718
v 2.992978 2.080430 -19.277719
v 2.750473 2.080430 -19.277719
v 2.992978 2.080430 -19.217718
v 2.750473 2.080430 -19.217718
v 2.992978 1.657962 -19.277719
v 2.750473 1.657962 -19.277719
v 2.992978 1.657962 -19.217718
v 2.750473 1.657962 -19.217718
v 2.992978 1.622962 -19.277719
v 2.750473 1.622962 -19.277719
v 2.992978 1.622962 -19.217718
v 2.750473 1.622962 -19.217718
v 2.992978 1.840016 -19.277719
v 2.750473 1.840016 -19.277719
v 2.992978 1.840016 -19.217718
v 2.750473 1.840016 -19.217718
v 2.992978 1.805016 -19.277719
v 2.750473 1.805016 -19.277719
v 2.992978 1.805016 -19.217718
v 2.750473 1.805016 -19.217718
v 2.992978 1.294937 -19.277719
v 2.750473 1.294937 -19.277719
v 2.992978 1.294937 -19.217718
v 2.750473 1.294937 -19.217718
v 2.992978 1.259937 -19.277719
v 2.750473 1.259937 -19.277719
v 2.992978 1.259937 -19.217718
v 2.750473 1.259937 -19.217718
v 2.992978 0.871200 -19.277719
v 2.750473 0.871200 -19.277719
v 2.992978 0.871200 -19.217718
v 2.750473 0.871200 -19.217718
v 2.992978 0.836200 -19.277719
v 2.750473 0.836200 -19.277719
v 2.992978 0.836200 -19.217718
v 2.750473 0.836200 -19.217718
v 2.992978 0.672602 -19.277719
v 2.750473 0.672602 -19.277719
v 2.992978 0.672602 -19.217718
v 2.750473 0.672602 -19.217718
v 2.992978 0.637602 -19.277719
v 2.750473 0.637602 -19.277719
v 2.992978 0.637602 -19.217718
v 2.750473 0.637602 -19.217718
v 2.992978 0.359016 -19.277719
v 2.750473 0.359016 -19.277719
v 2.992978 0.359016 -19.217718
v 2.750473 0.359016 -19.217718
v 2.992978 0.324016 -19.277719
v 2.750473 0.324016 -19.277719
v 2.992978 0.324016 -19.217718
v 2.750473 0.324016 -19.217718
v -0.050000 1.896360 4.800570
v -0.050000 2.859303 4.800570
v 0.025000 1.896360 4.800570
v 0.025000 2.859303 4.800570
v -0.050000 1.896360 4.835569
v -0.050000 2.859303 4.835569
v 0.025000 1.896360 4.835569
v 0.025000 2.859303 4.835569
v -0.050000 1.364082 4.095772
v -0.050000 2.859303 4.095772
v 0.025000 1.364082 4.095772
v 0.025000 2.859303 4.095772
v -0.050000 1.364082 4.130772
v -0.050000 2.859303 4.130772
v 0.025000 1.364082 4.130772
v 0.025000 2.859303 4.130772
v -0.050000 0.859302 3.939070
v -0.050000 2.859303 3.939070
v 0.025000 0.859302 3.939070
v 0.025000 2.859303 3.939070
v -0.050000 0.859302 3.974070
v -0.050000 2.859303 3.974070
v 0.025000 0.859302 3.974070
v 0.025000 2.859303 3.974070
v -0.042500 2.583107 4.408277
v -0.042500 2.583107 4.800569
v 0.017500 2.583107 4.408277
v 0.017500 2.583107 4.800569
v -0.042500 2.548107 4.408277
v -0.042500 2.548107 4.800569
v 0.017500 2.548107 4.408277
v 0.017500 2.548107 4.800569
v -0.042500 2.304271 4.408277
v -0.042500 2.304271 4.800569
v 0.017500 2.304271 4.408277
v 0.017500 2.304271 4.800569
v -0.042500 2.269271 4.408277
v -0.042500 2.269271 4.800569
v 0.017500 2.269271 4.408277
v 0.017500 2.269271 4.800569
v -0.042500 1.752886 4.408277
v -0.042500 1.752886 4.800569
v 0.017500 1.752886 4.408277
v 0.017500 1.752886 4.800569
v -0.042500 1.717886 4.408277
v -0.042500 1.717886 4.800569
v 0.017500 1.717886 4.408277
v 0.017500 1.717886 4.800569
v -0.042500 1.647230 4.408277
v -0.042500 1.647230 4.800569
v 0.017500 1.647230 4.408277
v 0.017500 1.647230 4.800569
v -0.042500 1.612230 4.408277
v -0.042500 1.612230 4.800569
v 0.017500 1.612230 4.408277
v 0.017500 1.612230 4.800569
v -0.042500 2.719520 4.835569
v -0.042500 2.719520 4.977994
v 0.017500 2.719520 4.835569
v 0.017500 2.719520 4.977994
v -0.042500 2.684520 4.835569
v -0.042500 2.684520 4.977994
v 0.017500 2.684520 4.835569
v 0.017500 2.684520 4.977994
v -0.027500 2.345593 4.835569
v -0.027500 2.345593 4.977994
v 0.032500 2.345593 4.835569
v 0.032500 2.345593 4.977994
v -0.027500 2.310594 4.835569
v -0.027500 2.310594 4.977994
v 0.032500 2.310594 4.835569
v 0.032500 2.310594 4.977994
v -0.042500 2.498339 3.974070
v -0.042500 2.498339 4.095772
v 0.017500 2.498339 3.974070
v 0.017500 2.498339 4.095772
v -0.042500 2.463339 3.974070
v -0.042500 2.463339 4.095772
v 0.017500 2.463339 3.974070
v 0.017500 2.463339 4.095772
v -0.042500 2.119068 3.974070
v -0.042500 2.119068 4.095772
v 0.017500 2.119068 3.974070
v 0.017500 2.119068 4.095772
v -0.042500 2.084068 3.974070
v -0.042500 2.084068 4.095772
v 0.017500 2.084068 3.974070
v 0.017500 2.084068 4.095772
v -0.042500 1.561576 3.974070
v -0.042500 1.561576 4.095772
v 0.017500 1.561576 3.974070
v 0.017500 1.561576 4.095772
v -0.042500 1.526576 3.974070
v -0.042500 1.526576 4.095772
v 0.017500 1.526576 3.974070
v 0.017500 1.526576 4.095772
v -0.042500 1.218895 3.974070
v -0.042500 1.218895 4.095772
v 0.017500 1.218895 3.974070
v 0.017500 1.218895 4.095772
v -0.042500 1.183896 3.974070
v -0.042500 1.183896 4.095772
v 0.017500 1.183896 3.974070
v 0.017500 1.183896 4.095772
v -0.050000 1.364082 4.373277
v -0.050000 2.859303 4.373277
v 0.025000 1.364082 4.373277
v 0.025000 2.859303 4.373277
v -0.050000 1.364082 4.408277
v -0.050000 2.859303 4.408277
v 0.025000 1.364082 4.408277
v 0.025000 2.859303 4.408277
v -0.042500 2.657258 4.130771
v -0.042500 2.657258 4.373276
v 0.017500 2.657258 4.130771
v 0.017500 2.657258 4.373276
v -0.042500 2.622258 4.130771
v -0.042500 2.622258 4.373276
v 0.017500 2.622258 4.130771
v 0.017500 2.622258 4.373276
v -0.042500 2.199790 4.130771
v -0.042500 2.199790 4.373276
v 0.017500 2.199790 4.130771
v 0.017500 2.199790 4.373276
v -0.042500 2.164791 4.130771
v -0.042500 2.164791 4.373276
v 0.017500 2.164791 4.130771
v 0.017500 2.164791 4.373276
v -0.042500 2.381845 4.130771
v -0.042500 2.381845 4.373276
v 0.017500 2.381845 4.130771
v 0.017500 2.381845 4.373276
v -0.042500 2.346845 4.130771
v -0.042500 2.346845 4.373276
v 0.017500 2.346845 4.130771
v 0.017500 2.346845 4.373276
v -0.042500 1.836765 4.130771
v -0.042500 1.836765 4.373276
v 0.017500 1.836765 4.130771
v 0.017500 1.836765 4.373276
v -0.042500 1.801765 4.130771
v -0.042500 1.801765 4.373276
v 0.017500 1.801765 4.130771
v 0.017500 1.801765 4.373276
v 0.018520 1.896360 5.012994
v 0.018520 2.859303 5.012994
v -0.056480 1.896360 5.012994
v -0.056480 2.859303 5.012994
v 0.018520 1.896360 4.977994
v 0.018520 2.859303 4.977994
v -0.056480 1.896360 4.977994
v -0.056480 2.859303 4.977994
v 0.018520 2.378797 5.717792
v 0.018520 2.859303 5.717792
v -0.056480 2.378797 5.717792
v -0.056480 2.859303 5.717792
v 0.018520 2.378797 5.682792
v 0.018520 2.859303 5.682792
v -0.056480 2.378797 5.682792
v -0.056480 2.859303 5.682792
v 0.011020 2.555840 5.405286
v 0.011020 2.555840 5.012993
v -0.048980 2.555840 5.405286
v -0.048980 2.555840 5.012993
v 0.011020 2.520840 5.405286
v 0.011020 2.520840 5.012993
v -0.048980 2.520840 5.405286
v -0.048980 2.520840 5.012993
v 0.011020 2.232196 5.405286
v 0.011020 2.232196 5.012993
v -0.048980 2.232196 5.405286
v -0.048980 2.232196 5.012993
v 0.011020 2.197196 5.405286
v 0.011020 2.197196 5.012993
v -0.048980 2.197196 5.405286
v -0.048980 2.197196 5.012993
v 0.011020 2.498339 5.848208
v 0.011020 2.498339 5.717792
v -0.048980 2.498339 5.848208
v -0.048980 2.498339 5.717792
v 0.011020 2.463339 5.848208
v 0.011020 2.463339 5.717792
v -0.048980 2.463339 5.848208
v -0.048980 2.463339 5.717792
v 0.018520 2.378797 5.440287
v 0.018520 2.859303 5.440287
v -0.056480 2.378797 5.440287
v -0.056480 2.859303 5.440287
v 0.018520 2.378797 5.405287
v 0.018520 2.859303 5.405287
v -0.056480 2.378797 5.405287
v -0.056480 2.859303 5.405287
v 0.011020 2.657258 5.682791
v 0.011020 2.657258 5.440286
v -0.048980 2.657258 5.682791
v -0.048980 2.657258 5.440286
v 0.011020 2.622258 5.682791
v 0.011020 2.622258 5.440286
v -0.048980 2.622258 5.682791
v -0.048980 2.622258 5.440286
v 0.011020 1.039785 3.334040
v 0.011020 1.039785 3.091535
v -0.048980 1.039785 3.334040
v -0.048980 1.039785 3.091535
v 0.011020 1.004785 3.334040
v 0.011020 1.004785 3.091535
v -0.048980 1.004785 3.334040
v -0.048980 1.004785 3.091535
v 0.011020 1.128970 3.334040
v 0.011020 1.128970 3.091535
v -0.048980 1.128970 3.334040
v -0.048980 1.128970 3.091535
v 0.011020 1.093970 3.334040
v 0.011020 1.093970 3.091535
v -0.048980 1.093970 3.334040
v -0.048980 1.093970 3.091535
v 0.011020 1.413028 3.334040
v 0.011020 1.413028 3.091535
v -0.048980 1.413028 3.334040
v -0.048980 1.413028 3.091535
v 0.011020 1.378028 3.334040
v 0.011020 1.378028 3.091535
v -0.048980 1.378028 3.334040
v -0.048980 1.378028 3.091535
v 0.011020 1.836765 3.334040
v 0.011020 1.836765 3.091535
v -0.048980 1.836765 3.334040
v -0.048980 1.836765 3.091535
v 0.011020 1.801765 3.334040
v 0.011020 1.801765 3.091535
v -0.048980 1.801765 3.334040
v -0.048980 1.801765 3.091535
v 0.011020 2.381845 3.334040
v 0.011020 2.381845 3.091535
v -0.048980 2.381845 3.334040
v -0.048980 2.381845 3.091535
v 0.011020 2.346845 3.334040
v 0.011020 2.346845 3.091535
v -0.048980 2.346845 3.334040
v -0.048980 2.346845 3.091535
v 0.011020 2.199790 3.334040
v 0.011020 2.199790 3.091535
v -0.048980 2.199790 3.334040
v -0.048980 2.199790 3.091535
v 0.011020 2.164791 3.334040
v 0.011020 2.164791 3.091535
v -0.048980 2.164791 3.334040
v -0.048980 2.164791 3.091535
v 0.011020 2.657258 3.334040
v 0.011020 2.657258 3.091535
v -0.048980 2.657258 3.334040
v -0.048980 2.657258 3.091535
v 0.011020 2.622258 3.334040
v 0.011020 2.622258 3.091535
v -0.048980 2.622258 3.334040
v -0.048980 2.622258 3.091535
v 0.018520 0.859302 3.091535
v 0.018520 2.859303 3.091535
v -0.056480 0.859302 3.091535
v -0.056480 2.859303 3.091535
v 0.018520 0.859302 3.056535
v 0.018520 2.859303 3.056535
v -0.056480 0.859302 3.056535
v -0.056480 2.859303 3.056535
v 0.011020 1.239464 3.490742
v 0.011020 1.239464 3.369040
v -0.048980 1.239464 3.490742
v -0.048980 1.239464 3.369040
v 0.011020 1.204464 3.490742
v 0.011020 1.204464 3.369040
v -0.048980 1.204464 3.490742
v -0.048980 1.204464 3.369040
v 0.011020 1.526591 3.490742
v 0.011020 1.526591 3.369040
v -0.048980 1.526591 3.490742
v -0.048980 1.526591 3.369040
v 0.011020 1.491591 3.490742
v 0.011020 1.491591 3.369040
v -0.048980 1.491591 3.490742
v -0.048980 1.491591 3.369040
v 0.011020 2.119068 3.490742
v 0.011020 2.119068 3.369040
v -0.048980 2.119068 3.490742
v -0.048980 2.119068 3.369040
v 0.011020 2.084068 3.490742
v 0.011020 2.084068 3.369040
v -0.048980 2.084068 3.490742
v -0.048980 2.084068 3.369040
v 0.011020 2.498339 3.490742
v 0.011020 2.498339 3.369040
v -0.048980 2.498339 3.490742
v -0.048980 2.498339 3.369040
v 0.011020 2.463339 3.490742
v 0.011020 2.463339 3.369040
v -0.048980 2.463339 3.490742
v -0.048980 2.463339 3.369040
v 0.011020 1.090367 3.974070
v 0.011020 1.090367 3.525742
v -0.048980 1.090367 3.974070
v -0.048980 1.090367 3.525742
v 0.011020 1.055367 3.974070
v 0.011020 1.055367 3.525742
v -0.048980 1.055367 3.974070
v -0.048980 1.055367 3.525742
v 0.011020 1.443821 3.974070
v 0.011020 1.443821 3.525742
v -0.048980 1.443821 3.974070
v -0.048980 1.443821 3.525742
v 0.011020 1.408821 3.974070
v 0.011020 1.408821 3.525742
v -0.048980 1.408821 3.974070
v -0.048980 1.408821 3.525742
v 0.011020 1.615495 3.974070
v 0.011020 1.615495 3.525742
v -0.048980 1.615495 3.974070
v -0.048980 1.615495 3.525742
v 0.011020 1.580495 3.974070
v 0.011020 1.580495 3.525742
v -0.048980 1.580495 3.974070
v -0.048980 1.580495 3.525742
v 0.011020 1.913098 3.974070
v 0.011020 1.913098 3.525742
v -0.048980 1.913098 3.974070
v -0.048980 1.913098 3.525742
v 0.011020 1.878098 3.974070
v 0.011020 1.878098 3.525742
v -0.048980 1.878098 3.974070
v -0.048980 1.878098 3.525742
v 0.011020 2.657258 3.974070
v 0.011020 2.657258 3.525742
v -0.048980 2.657258 3.974070
v -0.048980 2.657258 3.525742
v 0.011020 2.622258 3.974070
v 0.011020 2.622258 3.525742
v -0.048980 2.622258 3.974070
v -0.048980 2.622258 3.525742
v 0.011020 2.429124 3.974070
v 0.011020 2.429124 3.525742
v -0.048980 2.429124 3.974070
v -0.048980 2.429124 3.525742
v 0.011020 2.394124 3.974070
v 0.011020 2.394124 3.525742
v -0.048980 2.394124 3.974070
v -0.048980 2.394124 3.525742
v 0.011020 2.310520 3.974070
v 0.011020 2.310520 3.525742
v -0.048980 2.310520 3.974070
v -0.048980 2.310520 3.525742
v 0.011020 2.275520 3.974070
v 0.011020 2.275520 3.525742
v -0.048980 2.275520 3.974070
v -0.048980 2.275520 3.525742
v 0.011020 1.121877 3.056535
v 0.011020 1.121877 2.664242
v -0.048980 1.121877 3.056535
v -0.048980 1.121877 2.664242
v 0.011020 1.086877 3.056535
v 0.011020 1.086877 2.664242
v -0.048980 1.086877 3.056535
v -0.048980 1.086877 2.664242
v 0.011020 1.609830 3.056535
v 0.011020 1.609830 2.664242
v -0.048980 1.609830 3.056535
v -0.048980 1.609830 2.664242
v 0.011020 1.574830 3.056535
v 0.011020 1.574831 2.664242
v -0.048980 1.574830 3.056535
v -0.048980 1.574831 2.664242
v 0.011020 1.715487 3.056535
v 0.011020 1.715487 2.664242
v -0.048980 1.715487 3.056535
v -0.048980 1.715487 2.664242
v 0.011020 1.680487 3.056535
v 0.011020 1.680487 2.664242
v -0.048980 1.680487 3.056535
v -0.048980 1.680487 2.664242
v 0.011020 2.044410 3.056535
v 0.011020 2.044410 2.664242
v -0.048980 2.044410 3.056535
v -0.048980 2.044410 2.664242
v 0.011020 2.009410 3.056535
v 0.011020 2.009410 2.664242
v -0.048980 2.009410 3.056535
v -0.048980 2.009410 2.664242
v 0.011020 2.354534 3.056535
v 0.011020 2.354534 2.664242
v -0.048980 2.354534 3.056535
v -0.048980 2.354534 2.664242
v 0.011020 2.319534 3.056535
v 0.011020 2.319534 2.664242
v -0.048980 2.319534 3.056535
v -0.048980 2.319534 2.664242
v 0.018520 0.859302 3.525742
v 0.018520 2.859303 3.525742
v -0.056480 0.859302 3.525742
v -0.056480 2.859303 3.525742
v 0.018520 0.859302 3.490742
v 0.018520 2.859303 3.490742
v -0.056480 0.859302 3.490742
v -0.056480 2.859303 3.490742
v 0.018520 0.859302 3.369040
v 0.018520 2.859303 3.369040
v -0.056480 0.859302 3.369040
v -0.056480 2.859303 3.369040
v 0.018520 0.859302 3.334040
v 0.018520 2.859303 3.334040
v -0.056480 0.859302 3.334040
v -0.056480 2.859303 3.334040
v 0.018520 0.859302 2.664242
v 0.018520 2.859303 2.664242
v -0.056480 0.859302 2.664242
v -0.056480 2.859303 2.664242
v 0.018520 0.859302 2.629242
v 0.018520 2.859303 2.629242
v -0.056480 0.859302 2.629242
v -0.056480 2.859303 2.629242
v -0.049999 0.859302 -0.570208
v -0.049999 2.859303 -0.570208
v 0.025000 0.859302 -0.570208
v 0.025000 2.859303 -0.570208
v -0.049999 0.859302 -0.535208
v -0.049999 2.859303 -0.535208
v 0.025000 0.859302 -0.535208
v 0.025000 2.859303 -0.535208
v -0.050000 0.859302 -0.357783
v -0.050000 2.859303 -0.357783
v 0.025000 0.859302 -0.357783
v 0.025000 2.859303 -0.357783
v -0.050000 0.859302 -0.322783
v -0.050000 2.859303 -0.322783
v 0.025000 0.859302 -0.322783
v 0.025000 2.859303 -0.322783
v -0.050000 0.859302 0.555866
v -0.050000 2.859303 0.555866
v 0.025000 0.859302 0.555866
v 0.025000 2.859303 0.555866
v -0.050000 0.859302 0.590866
v -0.050000 2.859303 0.590866
v 0.025000 0.859302 0.590866
v 0.025000 2.859303 0.590866
v -0.050000 0.859302 0.399163
v -0.050000 2.859303 0.399163
v 0.025000 0.859302 0.399163
v 0.025000 2.859303 0.399163
v -0.050000 0.859302 0.434163
v -0.050000 2.859303 0.434163
v 0.025000 0.859302 0.434163
v 0.025000 2.859303 0.434163
v -0.050000 0.859302 -0.084164
v -0.050000 2.859303 -0.084164
v 0.025000 0.859302 -0.084164
v 0.025000 2.859303 -0.084164
v -0.050000 0.859302 -0.049164
v -0.050000 2.859303 -0.049164
v 0.025000 0.859302 -0.049164
v 0.025000 2.859303 -0.049164
v -0.050000 2.894303 -0.962500
v -0.050000 2.894303 5.848208
v 0.025000 2.894303 -0.962500
v 0.025000 2.894303 5.848208
v -0.050000 2.859303 -0.962500
v -0.050000 2.859303 5.848208
v 0.025000 2.859303 -0.962500
v 0.025000 2.859303 5.848208
v -0.042500 2.625668 -0.962500
v -0.042500 2.625668 -0.570208
v 0.017500 2.625668 -0.962500
v 0.017500 2.625668 -0.570208
v -0.042500 2.590668 -0.962500
v -0.042500 2.590668 -0.570208
v 0.017500 2.590668 -0.962500
v 0.017500 2.590668 -0.570208
v -0.042500 2.161474 -0.962500
v -0.042500 2.161474 -0.570208
v 0.017500 2.161474 -0.962500
v 0.017500 2.161474 -0.570208
v -0.042500 2.126474 -0.962500
v -0.042500 2.126474 -0.570208
v 0.017500 2.126474 -0.962500
v 0.017500 2.126474 -0.570208
v -0.042500 1.215675 -0.962500
v -0.042500 1.215675 -0.570208
v 0.017500 1.215675 -0.962500
v 0.017500 1.215675 -0.570208
v -0.042500 1.180676 -0.962500
v -0.042500 1.180676 -0.570208
v 0.017500 1.180676 -0.962500
v 0.017500 1.180676 -0.570208
v -0.042500 1.504924 -0.962500
v -0.042500 1.504924 -0.570208
v 0.017500 1.504924 -0.962500
v 0.017500 1.504924 -0.570208
v -0.042500 1.469924 -0.962500
v -0.042500 1.469924 -0.570208
v 0.017500 1.469924 -0.962500
v 0.017500 1.469924 -0.570208
v -0.042500 1.095640 -0.962500
v -0.042500 1.095640 -0.570208
v 0.017500 1.095640 -0.962500
v 0.017500 1.095640 -0.570208
v -0.042500 1.060640 -0.962500
v -0.042500 1.060640 -0.570208
v 0.017500 1.060640 -0.962500
v 0.017500 1.060640 -0.570208
v -0.042500 2.719520 -0.535208
v -0.042500 2.719520 -0.357783
v 0.017500 2.719520 -0.535208
v 0.017500 2.719520 -0.357783
v -0.042500 2.684520 -0.535208
v -0.042500 2.684520 -0.357783
v 0.017500 2.684520 -0.535208
v 0.017500 2.684520 -0.357783
v -0.042500 2.433265 -0.535208
v -0.042500 2.433265 -0.357783
v 0.017500 2.433265 -0.535208
v 0.017500 2.433265 -0.357783
v -0.042500 2.398265 -0.535208
v -0.042500 2.398265 -0.357783
v 0.017500 2.398265 -0.535208
v 0.017500 2.398265 -0.357783
v -0.042500 2.279730 -0.535208
v -0.042500 2.279730 -0.357783
v 0.017500 2.279730 -0.535208
v 0.017500 2.279730 -0.357783
v -0.042500 2.244730 -0.535208
v -0.042500 2.244730 -0.357783
v 0.017500 2.244730 -0.535208
v 0.017500 2.244730 -0.357783
v -0.042500 1.890427 -0.535208
v -0.042500 1.890427 -0.357783
v 0.017500 1.890427 -0.535208
v 0.017500 1.890427 -0.357783
v -0.042500 1.855427 -0.535208
v -0.042500 1.855427 -0.357783
v 0.017500 1.855427 -0.535208
v 0.017500 1.855427 -0.357783
v -0.042500 1.341677 -0.535208
v -0.042500 1.341677 -0.357783
v 0.017500 1.341677 -0.535208
v 0.017500 1.341677 -0.357783
v -0.042500 1.306677 -0.535208
v -0.042500 1.306677 -0.357783
v 0.017500 1.306677 -0.535208
v 0.017500 1.306677 -0.357783
v -0.042500 1.023719 -0.535208
v -0.042500 1.023719 -0.357783
v 0.017500 1.023719 -0.535208
v 0.017500 1.023719 -0.357783
v -0.042500 0.988719 -0.535208
v -0.042500 0.988719 -0.357783
v 0.017500 0.988719 -0.535208
v 0.017500 0.988719 -0.357783
v -0.042500 2.564637 -0.322783
v -0.042500 2.564637 -0.084164
v 0.017500 2.564637 -0.322783
v 0.017500 2.564637 -0.084164
v -0.042500 2.529637 -0.322783
v -0.042500 2.529637 -0.084164
v 0.017500 2.529637 -0.322783
v 0.017500 2.529637 -0.084164
v -0.042500 2.005116 -0.322783
v -0.042500 2.005116 -0.084164
v 0.017500 2.005116 -0.322783
v 0.017500 2.005116 -0.084164
v -0.042500 1.970116 -0.322783
v -0.042500 1.970117 -0.084164
v 0.017500 1.970116 -0.322783
v 0.017500 1.970117 -0.084164
v -0.042500 1.702653 -0.322783
v -0.042500 1.702653 -0.084164
v 0.017500 1.702653 -0.322783
v 0.017500 1.702653 -0.084164
v -0.042500 1.667653 -0.322783
v -0.042500 1.667653 -0.084164
v 0.017500 1.667653 -0.322783
v 0.017500 1.667653 -0.084164
v -0.042500 1.193125 -0.322783
v -0.042500 1.193125 -0.084164
v 0.017500 1.193125 -0.322783
v 0.017500 1.193125 -0.084164
v -0.042500 1.158125 -0.322783
v -0.042500 1.158125 -0.084164
v 0.017500 1.158125 -0.322783
v 0.017500 1.158125 -0.084164
v -0.042500 2.310520 -0.049164
v -0.042500 2.310520 0.399163
v 0.017500 2.310520 -0.049164
v 0.017500 2.310520 0.399163
v -0.042500 2.275520 -0.049164
v -0.042500 2.275520 0.399163
v 0.017500 2.275520 -0.049164
v 0.017500 2.275520 0.399163
v -0.042500 2.429124 -0.049164
v -0.042500 2.429124 0.399164
v 0.017500 2.429124 -0.049164
v 0.017500 2.429124 0.399164
v -0.042500 2.394124 -0.049164
v -0.042500 2.394124 0.399164
v 0.017500 2.394124 -0.049164
v 0.017500 2.394124 0.399164
v -0.042500 2.657258 -0.049164
v -0.042500 2.657258 0.399164
v 0.017500 2.657258 -0.049164
v 0.017500 2.657258 0.399164
v -0.042500 2.622258 -0.049164
v -0.042500 2.622258 0.399164
v 0.017500 2.622258 -0.049164
v 0.017500 2.622258 0.399164
v -0.042500 1.913098 -0.049164
v -0.042500 1.913098 0.399163
v 0.017500 1.913098 -0.049164
v 0.017500 1.913098 0.399163
v -0.042500 1.878098 -0.049164
v -0.042500 1.878098 0.399163
v 0.017500 1.878098 -0.049164
v 0.017500 1.878098 0.399163
v -0.042500 1.615495 -0.049164
v -0.042500 1.615495 0.399163
v 0.017500 1.615495 -0.049164
v 0.017500 1.615495 0.399163
v -0.042500 1.580495 -0.049164
v -0.042500 1.580495 0.399163
v 0.017500 1.580495 -0.049164
v 0.017500 1.580495 0.399163
v -0.042500 1.443821 -0.049164
v -0.042500 1.443821 0.399163
v 0.017500 1.443821 -0.049164
v 0.017500 1.443821 0.399163
v -0.042500 1.408821 -0.049164
v -0.042500 1.408821 0.399163
v 0.017500 1.408821 -0.049164
v 0.017500 1.408821 0.399163
v -0.042500 1.090367 -0.049164
v -0.042500 1.090367 0.399163
v 0.017500 1.090367 -0.049164
v 0.017500 1.090367 0.399163
v -0.042500 1.055367 -0.049164
v -0.042500 1.055367 0.399163
v 0.017500 1.055367 -0.049164
v 0.017500 1.055367 0.399163
v -0.042500 2.498339 0.434163
v -0.042500 2.498339 0.555866
v 0.017500 2.498339 0.434163
v 0.017500 2.498339 0.555866
v -0.042500 2.463339 0.434163
v -0.042500 2.463339 0.555866
v 0.017500 2.463339 0.434163
v 0.017500 2.463339 0.555866
v -0.042500 2.119068 0.434163
v -0.042500 2.119068 0.555866
v 0.017500 2.119068 0.434163
v 0.017500 2.119068 0.555866
v -0.042500 2.084068 0.434163
v -0.042500 2.084068 0.555866
v 0.017500 2.084068 0.434163
v 0.017500 2.084068 0.555866
v -0.042500 1.526591 0.434163
v -0.042500 1.526591 0.555866
v 0.017500 1.526591 0.434163
v 0.017500 1.526591 0.555866
v -0.042500 1.491591 0.434163
v -0.042500 1.491591 0.555866
v 0.017500 1.491591 0.434163
v 0.017500 1.491591 0.555866
v -0.042500 1.239464 0.434163
v -0.042500 1.239464 0.555866
v 0.017500 1.239464 0.434163
v 0.017500 1.239464 0.555866
v -0.042500 1.204464 0.434163
v -0.042500 1.204464 0.555866
v 0.017500 1.204464 0.434163
v 0.017500 1.204464 0.555866
v -0.050000 0.859302 0.833371
v -0.050000 2.859303 0.833371
v 0.025000 0.859302 0.833371
v 0.025000 2.859303 0.833371
v -0.050000 0.859302 0.868371
v -0.050000 2.859303 0.868371
v 0.025000 0.859302 0.868371
v 0.025000 2.859303 0.868371
v -0.042500 2.657258 0.590866
v -0.042500 2.657258 0.833371
v 0.017500 2.657258 0.590866
v 0.017500 2.657258 0.833371
v -0.042500 2.622258 0.590866
v -0.042500 2.622258 0.833371
v 0.017500 2.622258 0.590866
v 0.017500 2.622258 0.833371
v -0.042500 2.199790 0.590866
v -0.042500 2.199790 0.833371
v 0.017500 2.199790 0.590866
v 0.017500 2.199790 0.833371
v -0.042500 2.164791 0.590866
v -0.042500 2.164791 0.833371
v 0.017500 2.164791 0.590866
v 0.017500 2.164791 0.833371
v -0.042500 2.381845 0.590866
v -0.042500 2.381845 0.833371
v 0.017500 2.381845 0.590866
v 0.017500 2.381845 0.833371
v -0.042500 2.346845 0.590866
v -0.042500 2.346845 0.833371
v 0.017500 2.346845 0.590866
v 0.017500 2.346845 0.833371
v -0.042500 1.836765 0.590866
v -0.042500 1.836765 0.833371
v 0.017500 1.836765 0.590866
v 0.017500 1.836765 0.833371
v -0.042500 1.801765 0.590866
v -0.042500 1.801765 0.833371
v 0.017500 1.801765 0.590866
v 0.017500 1.801765 0.833371
v -0.042500 1.413028 0.590866
v -0.042500 1.413028 0.833371
v 0.017500 1.413028 0.590866
v 0.017500 1.413028 0.833371
v -0.042500 1.378028 0.590866
v -0.042500 1.378028 0.833371
v 0.017500 1.378028 0.590866
v 0.017500 1.378028 0.833371
v -0.042500 1.128970 0.590866
v -0.042500 1.128970 0.833371
v 0.017500 1.128970 0.590866
v 0.017500 1.128970 0.833371
v -0.042500 1.093970 0.590866
v -0.042500 1.093970 0.833371
v 0.017500 1.093970 0.590866
v 0.017500 1.093970 0.833371
v -0.042500 1.039785 0.590866
v -0.042500 1.039785 0.833371
v 0.017500 1.039785 0.590866
v 0.017500 1.039785 0.833371
v -0.042500 1.004785 0.590866
v -0.042500 1.004785 0.833371
v 0.017500 1.004785 0.590866
v 0.017500 1.004785 0.833371
v -0.042500 1.039785 1.782020
v -0.042500 1.039785 2.024525
v 0.017500 1.039785 1.782020
v 0.017500 1.039785 2.024525
v -0.042500 1.004785 1.782020
v -0.042500 1.004785 2.024525
v 0.017500 1.004785 1.782020
v 0.017500 1.004785 2.024525
v -0.042500 1.128970 1.782020
v -0.042500 1.128970 2.024525
v 0.017500 1.128970 1.782020
v 0.017500 1.128970 2.024525
v -0.042500 1.093970 1.782020
v -0.042500 1.093970 2.024525
v 0.017500 1.093970 1.782020
v 0.017500 1.093970 2.024525
v -0.042500 1.413028 1.782020
v -0.042500 1.413028 2.024525
v 0.017500 1.413028 1.782020
v 0.017500 1.413028 2.024525
v -0.042500 1.378028 1.782020
v -0.042500 1.378028 2.024525
v 0.017500 1.378028 1.782020
v 0.017500 1.378028 2.024525
v -0.042500 1.836765 1.782020
v -0.042500 1.836765 2.024525
v 0.017500 1.836765 1.782020
v 0.017500 1.836765 2.024525
v -0.042500 1.801765 1.782020
v -0.042500 1.801765 2.024525
v 0.017500 1.801765 1.782020
v 0.017500 1.801765 2.024525
v -0.042500 2.381845 1.782020
v -0.042500 2.381845 2.024525
v 0.017500 2.381845 1.782020
v 0.017500 2.381845 2.024525
v -0.042500 2.346845 1.782020
v -0.042500 2.346845 2.024525
v 0.017500 2.346845 1.782020
v 0.017500 2.346845 2.024525
v -0.042500 2.199790 1.782020
v -0.042500 2.199790 2.024525
v 0.017500 2.199790 1.782020
v 0.017500 2.199790 2.024525
v -0.042500 2.164791 1.782020
v -0.042500 2.164791 2.024525
v 0.017500 2.164791 1.782020
v 0.017500 2.164791 2.024525
v -0.042500 2.657258 1.782020
v -0.042500 2.657258 2.024525
v 0.017500 2.657258 1.782020
v 0.017500 2.657258 2.024525
v -0.042500 2.622258 1.782020
v -0.042500 2.622258 2.024525
v 0.017500 2.622258 1.782020
v 0.017500 2.622258 2.024525
v -0.050000 0.859302 2.024525
v -0.050000 2.859303 2.024525
v 0.025000 0.859302 2.024525
v 0.025000 2.859303 2.024525
v -0.050000 0.859302 2.059525
v -0.050000 2.859303 2.059525
v 0.025000 0.859302 2.059525
v 0.025000 2.859303 2.059525
v -0.042500 1.239464 1.625318
v -0.042500 1.239464 1.747020
v 0.017500 1.239464 1.625318
v 0.017500 1.239464 1.747020
v -0.042500 1.204464 1.625318
v -0.042500 1.204464 1.747020
v 0.017500 1.204464 1.625318
v 0.017500 1.204464 1.747020
v -0.042500 1.526591 1.625318
v -0.042500 1.526591 1.747020
v 0.017500 1.526591 1.625318
v 0.017500 1.526591 1.747020
v -0.042500 1.491591 1.625318
v -0.042500 1.491591 1.747020
v 0.017500 1.491591 1.625318
v 0.017500 1.491591 1.747020
v -0.042500 2.119068 1.625318
v -0.042500 2.119068 1.747020
v 0.017500 2.119068 1.625318
v 0.017500 2.119068 1.747020
v -0.042500 2.084068 1.625318
v -0.042500 2.084068 1.747020
v 0.017500 2.084068 1.625318
v 0.017500 2.084068 1.747020
v -0.042500 2.498339 1.625318
v -0.042500 2.498339 1.747020
v 0.017500 2.498339 1.625318
v 0.017500 2.498339 1.747020
v -0.042500 2.463339 1.625318
v -0.042500 2.463339 1.747020
v 0.017500 2.463339 1.625318
v 0.017500 2.463339 1.747020
v -0.042500 1.090367 1.141990
v -0.042500 1.090367 1.590318
v 0.017500 1.090367 1.141990
v 0.017500 1.090367 1.590318
v -0.042500 1.055367 1.141990
v -0.042500 1.055367 1.590318
v 0.017500 1.055367 1.141990
v 0.017500 1.055367 1.590318
v -0.042500 1.443821 1.141990
v -0.042500 1.443821 1.590318
v 0.017500 1.443821 1.141990
v 0.017500 1.443821 1.590318
v -0.042500 1.408821 1.141990
v -0.042500 1.408821 1.590318
v 0.017500 1.408821 1.141990
v 0.017500 1.408821 1.590318
v -0.042500 1.615495 1.141990
v -0.042500 1.615495 1.590318
v 0.017500 1.615495 1.141990
v 0.017500 1.615495 1.590318
v -0.042500 1.580495 1.141990
v -0.042500 1.580495 1.590318
v 0.017500 1.580495 1.141990
v 0.017500 1.580495 1.590318
v -0.042500 1.913098 1.141990
v -0.042500 1.913098 1.590318
v 0.017500 1.913098 1.141990
v 0.017500 1.913098 1.590318
v -0.042500 1.878098 1.141990
v -0.042500 1.878098 1.590318
v 0.017500 1.878098 1.141990
v 0.017500 1.878098 1.590318
v -0.042500 2.657258 1.141990
v -0.042500 2.657258 1.590318
v 0.017500 2.657258 1.141990
v 0.017500 2.657258 1.590318
v -0.042500 2.622258 1.141990
v -0.042500 2.622258 1.590318
v 0.017500 2.622258 1.141990
v 0.017500 2.622258 1.590318
v -0.042500 2.429124 1.141990
v -0.042500 2.429124 1.590318
v 0.017500 2.429124 1.141990
v 0.017500 2.429124 1.590318
v -0.042500 2.394124 1.141990
v -0.042500 2.394124 1.590318
v 0.017500 2.394124 1.141990
v 0.017500 2.394124 1.590318
v -0.042500 2.310520 1.141990
v -0.042500 2.310520 1.590318
v 0.017500 2.310520 1.141990
v 0.017500 2.310520 1.590318
v -0.042500 2.275520 1.141990
v -0.042500 2.275520 1.590318
v 0.017500 2.275520 1.141990
v 0.017500 2.275520 1.590318
v -0.042500 1.193125 0.868371
v -0.042500 1.193125 1.106990
v 0.017500 1.193125 0.868371
v 0.017500 1.193125 1.106990
v -0.042500 1.158125 0.868371
v -0.042500 1.158125 1.106990
v 0.017500 1.158125 0.868371
v 0.017500 1.158125 1.106990
v -0.042500 1.702653 0.868371
v -0.042500 1.702653 1.106990
v 0.017500 1.702653 0.868371
v 0.017500 1.702653 1.106990
v -0.042500 1.667653 0.868371
v -0.042500 1.667653 1.106990
v 0.017500 1.667653 0.868371
v 0.017500 1.667653 1.106990
v -0.042500 2.005116 0.868371
v -0.042500 2.005116 1.106990
v 0.017500 2.005116 0.868371
v 0.017500 2.005116 1.106990
v -0.042500 1.970116 0.868371
v -0.042500 1.970117 1.106990
v 0.017500 1.970116 0.868371
v 0.017500 1.970117 1.106990
v -0.042500 2.564637 0.868371
v -0.042500 2.564637 1.106990
v 0.017500 2.564637 0.868371
v 0.017500 2.564637 1.106990
v -0.042500 2.529637 0.868371
v -0.042500 2.529637 1.106990
v 0.017500 2.529637 0.868371
v 0.017500 2.529637 1.106990
v -0.042500 1.023719 2.486818
v -0.042500 1.023719 2.664242
v 0.017500 1.023719 2.486818
v 0.017500 1.023719 2.664242
v -0.042500 0.988719 2.486818
v -0.042500 0.988719 2.664242
v 0.017500 0.988719 2.486818
v 0.017500 0.988719 2.664242
v -0.042500 1.341677 2.486818
v -0.042500 1.341677 2.664242
v 0.017500 1.341677 2.486818
v 0.017500 1.341677 2.664242
v -0.042500 1.306677 2.486818
v -0.042500 1.306677 2.664242
v 0.017500 1.306677 2.486818
v 0.017500 1.306677 2.664242
v -0.042500 1.890427 2.486818
v -0.042500 1.890427 2.664242
v 0.017500 1.890427 2.486818
v 0.017500 1.890427 2.664242
v -0.042500 1.855427 2.486818
v -0.042500 1.855427 2.664242
v 0.017500 1.855427 2.486818
v 0.017500 1.855427 2.664242
v -0.027500 2.279730 2.486818
v -0.027500 2.279730 2.664242
v 0.032500 2.279730 2.486818
v 0.032500 2.279730 2.664242
v -0.027500 2.244730 2.486818
v -0.027500 2.244730 2.664242
v 0.032500 2.244730 2.486818
v 0.032500 2.244730 2.664242
v -0.027500 2.433265 2.486818
v -0.027500 2.433265 2.664242
v 0.032500 2.433265 2.486818
v 0.032500 2.433265 2.664242
v -0.027500 2.398265 2.486818
v -0.027500 2.398265 2.664242
v 0.032500 2.398265 2.486818
v 0.032500 2.398265 2.664242
v -0.042500 2.719520 2.486818
v -0.042500 2.719520 2.664242
v 0.017500 2.719520 2.486818
v 0.017500 2.719520 2.664242
v -0.042500 2.684520 2.486818
v -0.042500 2.684520 2.664242
v 0.017500 2.684520 2.486818
v 0.017500 2.684520 2.664242
v -0.042500 1.121877 2.059525
v -0.042500 1.121877 2.451818
v 0.017500 1.121877 2.059525
v 0.017500 1.121877 2.451818
v -0.042500 1.086877 2.059525
v -0.042500 1.086877 2.451818
v 0.017500 1.086877 2.059525
v 0.017500 1.086877 2.451818
v -0.042500 1.609830 2.059525
v -0.042500 1.609830 2.451818
v 0.017500 1.609830 2.059525
v 0.017500 1.609830 2.451818
v -0.042500 1.574830 2.059525
v -0.042500 1.574831 2.451818
v 0.017500 1.574830 2.059525
v 0.017500 1.574831 2.451818
v -0.042500 1.715487 2.059525
v -0.042500 1.715487 2.451818
v 0.017500 1.715487 2.059525
v 0.017500 1.715487 2.451818
v -0.042500 1.680487 2.059525
v -0.042500 1.680487 2.451818
v 0.017500 1.680487 2.059525
v 0.017500 1.680487 2.451818
v -0.042500 2.044410 2.059525
v -0.042500 2.044410 2.451818
v 0.017500 2.044410 2.059525
v 0.017500 2.044410 2.451818
v -0.042500 2.009410 2.059525
v -0.042500 2.009410 2.451818
v 0.017500 2.009410 2.059525
v 0.017500 2.009410 2.451818
v -0.042500 2.354534 2.059525
v -0.042500 2.354534 2.451818
v 0.017500 2.354534 2.059525
v 0.017500 2.354534 2.451818
v -0.042500 2.319534 2.059525
v -0.042500 2.319534 2.451818
v 0.017500 2.319534 2.059525
v 0.017500 2.319534 2.451818
v -0.050000 0.859302 1.106990
v -0.050000 2.859303 1.106990
v 0.025000 0.859302 1.106990
v 0.025000 2.859303 1.106990
v -0.050000 0.859302 1.141990
v -0.050000 2.859303 1.141990
v 0.025000 0.859302 1.141990
v 0.025000 2.859303 1.141990
v -0.050000 0.859302 1.590318
v -0.050000 2.859303 1.590318
v 0.025000 0.859302 1.590318
v 0.025000 2.859303 1.590318
v -0.050000 0.859302 1.625318
v -0.050000 2.859303 1.625318
v 0.025000 0.859302 1.625318
v 0.025000 2.859303 1.625318
v -0.050000 0.859302 1.747020
v -0.050000 2.859303 1.747020
v 0.025000 0.859302 1.747020
v 0.025000 2.859303 1.747020
v -0.050000 0.859302 1.782020
v -0.050000 2.859303 1.782020
v 0.025000 0.859302 1.782020
v 0.025000 2.859303 1.782020
v -0.050000 0.859302 2.451818
v -0.050000 2.859303 2.451818
v 0.025000 0.859302 2.451818
v 0.025000 2.859303 2.451818
v -0.050000 0.859302 2.486818
v -0.050000 2.859303 2.486818
v 0.025000 0.859302 2.486818
v 0.025000 2.859303 2.486818
v 3.651742 0.859302 -0.962500
v 3.651742 2.859303 -0.962500
v 3.651742 0.859302 -1.037500
v 3.651742 2.859303 -1.037500
v 3.686742 0.859302 -0.962500
v 3.686742 2.859303 -0.962500
v 3.686742 0.859302 -1.037500
v 3.686742 2.859303 -1.037500
v 2.734520 0.859302 -0.962500
v 2.734520 2.859303 -0.962500
v 2.734520 0.859302 -1.037500
v 2.734520 2.859303 -1.037500
v 2.769520 0.859302 -0.962500
v 2.769520 2.859303 -0.962500
v 2.769520 0.859302 -1.037500
v 2.769520 2.859303 -1.037500
v 2.577818 0.859302 -0.962500
v 2.577818 2.859303 -0.962500
v 2.577818 0.859302 -1.037500
v 2.577818 2.859303 -1.037500
v 2.612818 0.859302 -0.962500
v 2.612818 2.859303 -0.962500
v 2.612818 0.859302 -1.037500
v 2.612818 2.859303 -1.037500
v 2.094490 0.859302 -0.962500
v 2.094490 2.859303 -0.962500
v 2.094490 0.859302 -1.037500
v 2.094490 2.859303 -1.037500
v 2.129490 0.859302 -0.962500
v 2.129490 2.859303 -0.962500
v 2.129490 0.859302 -1.037500
v 2.129490 2.859303 -1.037500
v 3.047025 2.354534 -0.970000
v 3.439318 2.354534 -0.970000
v 3.047025 2.354534 -1.030000
v 3.439318 2.354534 -1.030000
v 3.047025 2.319534 -0.970000
v 3.439318 2.319534 -0.970000
v 3.047025 2.319534 -1.030000
v 3.439318 2.319534 -1.030000
v 3.047025 2.044410 -0.970000
v 3.439318 2.044410 -0.970000
v 3.047025 2.044410 -1.030000
v 3.439318 2.044410 -1.030000
v 3.047025 2.009410 -0.970000
v 3.439318 2.009410 -0.970000
v 3.047025 2.009410 -1.030000
v 3.439318 2.009410 -1.030000
v 3.047025 1.715487 -0.970000
v 3.439318 1.715487 -0.970000
v 3.047025 1.715487 -1.030000
v 3.439318 1.715487 -1.030000
v 3.047025 1.680487 -0.970000
v 3.439318 1.680487 -0.970000
v 3.047025 1.680487 -1.030000
v 3.439318 1.680487 -1.030000
v 3.047025 1.609830 -0.970000
v 3.439318 1.609830 -0.970000
v 3.047025 1.609830 -1.030000
v 3.439318 1.609830 -1.030000
v 3.047025 1.574830 -0.970000
v 3.439318 1.574831 -0.970000
v 3.047025 1.574830 -1.030000
v 3.439318 1.574831 -1.030000
v 3.047025 1.121877 -0.970000
v 3.439318 1.121877 -0.970000
v 3.047025 1.121877 -1.030000
v 3.439318 1.121877 -1.030000
v 3.047025 1.086877 -0.970000
v 3.439318 1.086877 -0.970000
v 3.047025 1.086877 -1.030000
v 3.439318 1.086877 -1.030000
v 3.474318 2.719520 -0.970000
v 3.651742 2.719520 -0.970000
v 3.474318 2.719520 -1.030000
v 3.651742 2.719520 -1.030000
v 3.474318 2.684520 -0.970000
v 3.651742 2.684520 -0.970000
v 3.474318 2.684520 -1.030000
v 3.651742 2.684520 -1.030000
v 3.474318 2.433265 -0.970000
v 3.651742 2.433265 -0.970000
v 3.474318 2.433265 -1.030000
v 3.651742 2.433265 -1.030000
v 3.474318 2.398265 -0.970000
v 3.651742 2.398265 -0.970000
v 3.474318 2.398265 -1.030000
v 3.651742 2.398265 -1.030000
v 3.474318 2.279730 -0.970000
v 3.651742 2.279730 -0.970000
v 3.474318 2.279730 -1.030000
v 3.651742 2.279730 -1.030000
v 3.474318 2.244730 -0.970000
v 3.651742 2.244730 -0.970000
v 3.474318 2.244730 -1.030000
v 3.651742 2.244730 -1.030000
v 3.474318 1.890427 -0.970000
v 3.651742 1.890427 -0.970000
v 3.474318 1.890427 -1.030000
v 3.651742 1.890427 -1.030000
v 3.474318 1.855427 -0.970000
v 3.651742 1.855427 -0.970000
v 3.474318 1.855427 -1.030000
v 3.651742 1.855427 -1.030000
v 3.474318 1.341677 -0.970000
v 3.651742 1.341677 -0.970000
v 3.474318 1.341677 -1.030000
v 3.651742 1.341677 -1.030000
v 3.474318 1.306677 -0.970000
v 3.651742 1.306677 -0.970000
v 3.474318 1.306677 -1.030000
v 3.651742 1.306677 -1.030000
v 3.474318 1.023719 -0.970000
v 3.651742 1.023719 -0.970000
v 3.474318 1.023719 -1.030000
v 3.651742 1.023719 -1.030000
v 3.474318 0.988719 -0.970000
v 3.651742 0.988719 -0.970000
v 3.474318 0.988719 -1.030000
v 3.651742 0.988719 -1.030000
v 1.855871 2.564637 -0.970000
v 2.094490 2.564637 -0.970000
v 1.855871 2.564637 -1.030000
v 2.094490 2.564637 -1.030000
v 1.855871 2.529637 -0.970000
v 2.094490 2.529637 -0.970000
v 1.855871 2.529637 -1.030000
v 2.094490 2.529637 -1.030000
v 1.855871 2.005116 -0.970000
v 2.094490 2.005116 -0.970000
v 1.855871 2.005116 -1.030000
v 2.094490 2.005116 -1.030000
v 1.855871 1.970116 -0.970000
v 2.094490 1.970117 -0.970000
v 1.855871 1.970116 -1.030000
v 2.094490 1.970117 -1.030000
v 1.855871 1.702653 -0.970000
v 2.094490 1.702653 -0.970000
v 1.855871 1.702653 -1.030000
v 2.094490 1.702653 -1.030000
v 1.855871 1.667653 -0.970000
v 2.094490 1.667653 -0.970000
v 1.855871 1.667653 -1.030000
v 2.094490 1.667653 -1.030000
v 1.855871 1.193125 -0.970000
v 2.094490 1.193125 -0.970000
v 1.855871 1.193125 -1.030000
v 2.094490 1.193125 -1.030000
v 1.855871 1.158125 -0.970000
v 2.094490 1.158125 -0.970000
v 1.855871 1.158125 -1.030000
v 2.094490 1.158125 -1.030000
v 2.129490 2.310520 -0.970000
v 2.577818 2.310520 -0.970000
v 2.129490 2.310520 -1.030000
v 2.577818 2.310520 -1.030000
v 2.129490 2.275520 -0.970000
v 2.577818 2.275520 -0.970000
v 2.129490 2.275520 -1.030000
v 2.577818 2.275520 -1.030000
v 2.129490 2.429124 -0.970000
v 2.577818 2.429124 -0.970000
v 2.129490 2.429124 -1.030000
v 2.577818 2.429124 -1.030000
v 2.129490 2.394124 -0.970000
v 2.577818 2.394124 -0.970000
v 2.129490 2.394124 -1.030000
v 2.577818 2.394124 -1.030000
v 2.129490 2.657258 -0.970000
v 2.577818 2.657258 -0.970000
v 2.129490 2.657258 -1.030000
v 2.577818 2.657258 -1.030000
v 2.129490 2.622258 -0.970000
v 2.577818 2.622258 -0.970000
v 2.129490 2.622258 -1.030000
v 2.577818 2.622258 -1.030000
v 2.129490 1.913098 -0.970000
v 2.577818 1.913098 -0.970000
v 2.129490 1.913098 -1.030000
v 2.577818 1.913098 -1.030000
v 2.129490 1.878098 -0.970000
v 2.577818 1.878098 -0.970000
v 2.129490 1.878098 -1.030000
v 2.577818 1.878098 -1.030000
v 2.129490 1.615495 -0.970000
v 2.577818 1.615495 -0.970000
v 2.129490 1.615495 -1.030000
v 2.577818 1.615495 -1.030000
v 2.129490 1.580495 -0.970000
v 2.577818 1.580495 -0.970000
v 2.129490 1.580495 -1.030000
v 2.577818 1.580495 -1.030000
v 2.129490 1.443821 -0.970000
v 2.577818 1.443821 -0.970000
v 2.129490 1.443821 -1.030000
v 2.577818 1.443821 -1.030000
v 2.129490 1.408821 -0.970000
v 2.577818 1.408821 -0.970000
v 2.129490 1.408821 -1.030000
v 2.577818 1.408821 -1.030000
v 2.129490 1.090367 -0.970000
v 2.577818 1.090367 -0.970000
v 2.129490 1.090367 -1.030000
v 2.577818 1.090367 -1.030000
v 2.129490 1.055367 -0.970000
v 2.577818 1.055367 -0.970000
v 2.129490 1.055367 -1.030000
v 2.577818 1.055367 -1.030000
v 2.612818 2.498339 -0.970000
v 2.734520 2.498339 -0.970000
v 2.612818 2.498339 -1.030000
v 2.734520 2.498339 -1.030000
v 2.612818 2.463339 -0.970000
v 2.734520 2.463339 -0.970000
v 2.612818 2.463339 -1.030000
v 2.734520 2.463339 -1.030000
v 2.612818 2.119068 -0.970000
v 2.734520 2.119068 -0.970000
v 2.612818 2.119068 -1.030000
v 2.734520 2.119068 -1.030000
v 2.612818 2.084068 -0.970000
v 2.734520 2.084068 -0.970000
v 2.612818 2.084068 -1.030000
v 2.734520 2.084068 -1.030000
v 2.612818 1.526591 -0.970000
v 2.734520 1.526591 -0.970000
v 2.612818 1.526591 -1.030000
v 2.734520 1.526591 -1.030000
v 2.612818 1.491591 -0.970000
v 2.734520 1.491591 -0.970000
v 2.612818 1.491591 -1.030000
v 2.734520 1.491591 -1.030000
v 2.612818 1.239464 -0.970000
v 2.734520 1.239464 -0.970000
v 2.612818 1.239464 -1.030000
v 2.734520 1.239464 -1.030000
v 2.612818 1.204464 -0.970000
v 2.734520 1.204464 -0.970000
v 2.612818 1.204464 -1.030000
v 2.734520 1.204464 -1.030000
v 3.012025 0.859302 -0.962500
v 3.012025 2.859303 -0.962500
v 3.012025 0.859302 -1.037500
v 3.012025 2.859303 -1.037500
v 3.047025 0.859302 -0.962500
v 3.047025 2.859303 -0.962500
v 3.047025 0.859302 -1.037500
v 3.047025 2.859303 -1.037500
v 2.769520 2.657258 -0.970000
v 3.012025 2.657258 -0.970000
v 2.769520 2.657258 -1.030000
v 3.012025 2.657258 -1.030000
v 2.769520 2.622258 -0.970000
v 3.012025 2.622258 -0.970000
v 2.769520 2.622258 -1.030000
v 3.012025 2.622258 -1.030000
v 2.769520 2.199790 -0.970000
v 3.012025 2.199790 -0.970000
v 2.769520 2.199790 -1.030000
v 3.012025 2.199790 -1.030000
v 2.769520 2.164791 -0.970000
v 3.012025 2.164791 -0.970000
v 2.769520 2.164791 -1.030000
v 3.012025 2.164791 -1.030000
v 2.769520 2.381845 -0.970000
v 3.012025 2.381845 -0.970000
v 2.769520 2.381845 -1.030000
v 3.012025 2.381845 -1.030000
v 2.769520 2.346845 -0.970000
v 3.012025 2.346845 -0.970000
v 2.769520 2.346845 -1.030000
v 3.012025 2.346845 -1.030000
v 2.769520 1.836765 -0.970000
v 3.012025 1.836765 -0.970000
v 2.769520 1.836765 -1.030000
v 3.012025 1.836765 -1.030000
v 2.769520 1.801765 -0.970000
v 3.012025 1.801765 -0.970000
v 2.769520 1.801765 -1.030000
v 3.012025 1.801765 -1.030000
v 2.769520 1.413028 -0.970000
v 3.012025 1.413028 -0.970000
v 2.769520 1.413028 -1.030000
v 3.012025 1.413028 -1.030000
v 2.769520 1.378028 -0.970000
v 3.012025 1.378028 -0.970000
v 2.769520 1.378028 -1.030000
v 3.012025 1.378028 -1.030000
v 2.769520 1.128970 -0.970000
v 3.012025 1.128970 -0.970000
v 2.769520 1.128970 -1.030000
v 3.012025 1.128970 -1.030000
v 2.769520 1.093970 -0.970000
v 3.012025 1.093970 -0.970000
v 2.769520 1.093970 -1.030000
v 3.012025 1.093970 -1.030000
v 2.769520 1.039785 -0.970000
v 3.012025 1.039785 -0.970000
v 2.769520 1.039785 -1.030000
v 3.012025 1.039785 -1.030000
v 2.769520 1.004785 -0.970000
v 3.012025 1.004785 -0.970000
v 2.769520 1.004785 -1.030000
v 3.012025 1.004785 -1.030000
v 1.578366 1.039785 -0.970000
v 1.820871 1.039785 -0.970000
v 1.578366 1.039785 -1.030000
v 1.820871 1.039785 -1.030000
v 1.578366 1.004785 -0.970000
v 1.820871 1.004785 -0.970000
v 1.578366 1.004785 -1.030000
v 1.820871 1.004785 -1.030000
v 1.578366 1.128970 -0.970000
v 1.820871 1.128970 -0.970000
v 1.578366 1.128970 -1.030000
v 1.820871 1.128970 -1.030000
v 1.578366 1.093970 -0.970000
v 1.820871 1.093970 -0.970000
v 1.578366 1.093970 -1.030000
v 1.820871 1.093970 -1.030000
v 1.578366 1.413028 -0.970000
v 1.820871 1.413028 -0.970000
v 1.578366 1.413028 -1.030000
v 1.820871 1.413028 -1.030000
v 1.578366 1.378028 -0.970000
v 1.820871 1.378028 -0.970000
v 1.578366 1.378028 -1.030000
v 1.820871 1.378028 -1.030000
v 1.578366 1.836765 -0.970000
v 1.820871 1.836765 -0.970000
v 1.578366 1.836765 -1.030000
v 1.820871 1.836765 -1.030000
v 1.578366 1.801765 -0.970000
v 1.820871 1.801765 -0.970000
v 1.578366 1.801765 -1.030000
v 1.820871 1.801765 -1.030000
v 1.578366 2.381845 -0.970000
v 1.820871 2.381845 -0.970000
v 1.578366 2.381845 -1.030000
v 1.820871 2.381845 -1.030000
v 1.578366 2.346845 -0.970000
v 1.820871 2.346845 -0.970000
v 1.578366 2.346845 -1.030000
v 1.820871 2.346845 -1.030000
v 1.578366 2.199790 -0.970000
v 1.820871 2.199790 -0.970000
v 1.578366 2.199790 -1.030000
v 1.820871 2.199790 -1.030000
v 1.578366 2.164791 -0.970000
v 1.820871 2.164791 -0.970000
v 1.578366 2.164791 -1.030000
v 1.820871 2.164791 -1.030000
v 1.578366 2.657258 -0.970000
v 1.820871 2.657258 -0.970000
v 1.578366 2.657258 -1.030000
v 1.820871 2.657258 -1.030000
v 1.578366 2.622258 -0.970000
v 1.820871 2.622258 -0.970000
v 1.578366 2.622258 -1.030000
v 1.820871 2.622258 -1.030000
v 1.820871 0.859302 -0.962500
v 1.820871 2.859303 -0.962500
v 1.820871 0.859302 -1.037500
v 1.820871 2.859303 -1.037500
v 1.855871 0.859302 -0.962500
v 1.855871 2.859303 -0.962500
v 1.855871 0.859302 -1.037500
v 1.855871 2.859303 -1.037500
v 1.421664 1.239464 -0.970000
v 1.543366 1.239464 -0.970000
v 1.421664 1.239464 -1.030000
v 1.543366 1.239464 -1.030000
v 1.421664 1.204464 -0.970000
v 1.543366 1.204464 -0.970000
v 1.421664 1.204464 -1.030000
v 1.543366 1.204464 -1.030000
v 1.421664 1.526591 -0.970000
v 1.543366 1.526591 -0.970000
v 1.421664 1.526591 -1.030000
v 1.543366 1.526591 -1.030000
v 1.421664 1.491591 -0.970000
v 1.543366 1.491591 -0.970000
v 1.421664 1.491591 -1.030000
v 1.543366 1.491591 -1.030000
v 1.421664 2.119068 -0.970000
v 1.543366 2.119068 -0.970000
v 1.421664 2.119068 -1.030000
v 1.543366 2.119068 -1.030000
v 1.421664 2.084068 -0.970000
v 1.543366 2.084068 -0.970000
v 1.421664 2.084068 -1.030000
v 1.543366 2.084068 -1.030000
v 1.421664 2.498339 -0.970000
v 1.543366 2.498339 -0.970000
v 1.421664 2.498339 -1.030000
v 1.543366 2.498339 -1.030000
v 1.421664 2.463339 -0.970000
v 1.543366 2.463339 -0.970000
v 1.421664 2.463339 -1.030000
v 1.543366 2.463339 -1.030000
v 0.938336 1.090367 -0.970000
v 1.386664 1.090367 -0.970000
v 0.938336 1.090367 -1.030000
v 1.386664 1.090367 -1.030000
v 0.938336 1.055367 -0.970000
v 1.386664 1.055367 -0.970000
v 0.938336 1.055367 -1.030000
v 1.386664 1.055367 -1.030000
v 0.938336 1.443821 -0.970000
v 1.386664 1.443821 -0.970000
v 0.938336 1.443821 -1.030000
v 1.386664 1.443821 -1.030000
v 0.938336 1.408821 -0.970000
v 1.386664 1.408821 -0.970000
v 0.938336 1.408821 -1.030000
v 1.386664 1.408821 -1.030000
v 0.938336 1.615495 -0.970000
v 1.386664 1.615495 -0.970000
v 0.938336 1.615495 -1.030000
v 1.386664 1.615495 -1.030000
v 0.938336 1.580495 -0.970000
v 1.386664 1.580495 -0.970000
v 0.938336 1.580495 -1.030000
v 1.386664 1.580495 -1.030000
v 0.938336 1.913098 -0.970000
v 1.386664 1.913098 -0.970000
v 0.938336 1.913098 -1.030000
v 1.386664 1.913098 -1.030000
v 0.938336 1.878098 -0.970000
v 1.386664 1.878098 -0.970000
v 0.938336 1.878098 -1.030000
v 1.386664 1.878098 -1.030000
v 0.938336 2.657258 -0.970000
v 1.386664 2.657258 -0.970000
v 0.938336 2.657258 -1.030000
v 1.386664 2.657258 -1.030000
v 0.938336 2.622258 -0.970000
v 1.386664 2.622258 -0.970000
v 0.938336 2.622258 -1.030000
v 1.386664 2.622258 -1.030000
v 0.938336 2.429124 -0.970000
v 1.386664 2.429124 -0.970000
v 0.938336 2.429124 -1.030000
v 1.386664 2.429124 -1.030000
v 0.938336 2.394124 -0.970000
v 1.386664 2.394124 -0.970000
v 0.938336 2.394124 -1.030000
v 1.386664 2.394124 -1.030000
v 0.938336 2.310520 -0.970000
v 1.386664 2.310520 -0.970000
v 0.938336 2.310520 -1.030000
v 1.386664 2.310520 -1.030000
v 0.938336 2.275520 -0.970000
v 1.386664 2.275520 -0.970000
v 0.938336 2.275520 -1.030000
v 1.386664 2.275520 -1.030000
v 0.664717 1.193125 -0.970000
v 0.903336 1.193125 -0.970000
v 0.664717 1.193125 -1.030000
v 0.903336 1.193125 -1.030000
v 0.664717 1.158125 -0.970000
v 0.903336 1.158125 -0.970000
v 0.664717 1.158125 -1.030000
v 0.903336 1.158125 -1.030000
v 0.664717 1.702653 -0.970000
v 0.903336 1.702653 -0.970000
v 0.664717 1.702653 -1.030000
v 0.903336 1.702653 -1.030000
v 0.664717 1.667653 -0.970000
v 0.903336 1.667653 -0.970000
v 0.664717 1.667653 -1.030000
v 0.903336 1.667653 -1.030000
v 0.664717 2.005116 -0.970000
v 0.903336 2.005116 -0.970000
v 0.664717 2.005116 -1.030000
v 0.903336 2.005116 -1.030000
v 0.664717 1.970116 -0.970000
v 0.903336 1.970117 -0.970000
v 0.664717 1.970116 -1.030000
v 0.903336 1.970117 -1.030000
v 0.664717 2.564637 -0.970000
v 0.903336 2.564637 -0.970000
v 0.664717 2.564637 -1.030000
v 0.903336 2.564637 -1.030000
v 0.664717 2.529637 -0.970000
v 0.903336 2.529637 -0.970000
v 0.664717 2.529637 -1.030000
v 0.903336 2.529637 -1.030000
v 0.452293 1.023719 -0.970000
v 0.629717 1.023719 -0.970000
v 0.452293 1.023719 -1.030000
v 0.629717 1.023719 -1.030000
v 0.452293 0.988719 -0.970000
v 0.629717 0.988719 -0.970000
v 0.452293 0.988719 -1.030000
v 0.629717 0.988719 -1.030000
v 0.452293 1.341677 -0.970000
v 0.629717 1.341677 -0.970000
v 0.452293 1.341677 -1.030000
v 0.629717 1.341677 -1.030000
v 0.452293 1.306677 -0.970000
v 0.629717 1.306677 -0.970000
v 0.452293 1.306677 -1.030000
v 0.629717 1.306677 -1.030000
v 0.452293 1.890427 -0.970000
v 0.629717 1.890427 -0.970000
v 0.452293 1.890427 -1.030000
v 0.629717 1.890427 -1.030000
v 0.452293 1.855427 -0.970000
v 0.629717 1.855427 -0.970000
v 0.452293 1.855427 -1.030000
v 0.629717 1.855427 -1.030000
v 0.452293 2.279730 -0.970000
v 0.629717 2.279730 -0.970000
v 0.452293 2.279730 -1.030000
v 0.629717 2.279730 -1.030000
v 0.452293 2.244730 -0.970000
v 0.629717 2.244730 -0.970000
v 0.452293 2.244730 -1.030000
v 0.629717 2.244730 -1.030000
v 0.452293 2.433265 -0.970000
v 0.629717 2.433265 -0.970000
v 0.452293 2.433265 -1.030000
v 0.629717 2.433265 -1.030000
v 0.452293 2.398265 -0.970000
v 0.629717 2.398265 -0.970000
v 0.452293 2.398265 -1.030000
v 0.629717 2.398265 -1.030000
v 0.452293 2.719520 -0.970000
v 0.629717 2.719520 -0.970000
v 0.452293 2.719520 -1.030000
v 0.629717 2.719520 -1.030000
v 0.452293 2.684520 -0.970000
v 0.629717 2.684520 -0.970000
v 0.452293 2.684520 -1.030000
v 0.629717 2.684520 -1.030000
v 0.025000 1.121877 -0.970000
v 0.417293 1.121877 -0.970000
v 0.025000 1.121877 -1.030000
v 0.417293 1.121877 -1.030000
v 0.025000 1.086877 -0.970000
v 0.417293 1.086877 -0.970000
v 0.025000 1.086877 -1.030000
v 0.417293 1.086877 -1.030000
v 0.025000 1.609830 -0.970000
v 0.417293 1.609830 -0.970000
v 0.025000 1.609830 -1.030000
v 0.417293 1.609830 -1.030000
v 0.025000 1.574830 -0.970000
v 0.417293 1.574831 -0.970000
v 0.025000 1.574830 -1.030000
v 0.417293 1.574831 -1.030000
v 0.025000 1.715487 -0.970000
v 0.417293 1.715487 -0.970000
v 0.025000 1.715487 -1.030000
v 0.417293 1.715487 -1.030000
v 0.025000 1.680487 -0.970000
v 0.417293 1.680487 -0.970000
v 0.025000 1.680487 -1.030000
v 0.417293 1.680487 -1.030000
v 0.025000 2.044410 -0.970000
v 0.417293 2.044410 -0.970000
v 0.025000 2.044410 -1.030000
v 0.417293 2.044410 -1.030000
v 0.025000 2.009410 -0.970000
v 0.417293 2.009410 -0.970000
v 0.025000 2.009410 -1.030000
v 0.417293 2.009410 -1.030000
v 0.025000 2.354534 -0.970000
v 0.417293 2.354534 -0.970000
v 0.025000 2.354534 -1.030000
v 0.417293 2.354534 -1.030000
v 0.025000 2.319534 -0.970000
v 0.417293 2.319534 -0.970000
v 0.025000 2.319534 -1.030000
v 0.417293 2.319534 -1.030000
v -0.050000 2.894303 -0.962500
v 3.686742 2.894303 -0.962500
v -0.050000 2.894303 -1.037500
v 3.686742 2.894303 -1.037500
v -0.050000 2.859303 -0.962500
v 3.686742 2.859303 -0.962500
v -0.050000 2.859303 -1.037500
v 3.686742 2.859303 -1.037500
v 0.903336 0.859302 -0.962500
v 0.903336 2.859303 -0.962500
v 0.903336 0.859302 -1.037500
v 0.903336 2.859303 -1.037500
v 0.938336 0.859302 -0.962500
v 0.938336 2.859303 -0.962500
v 0.938336 0.859302 -1.037500
v 0.938336 2.859303 -1.037500
v 1.386664 0.859302 -0.962500
v 1.386664 2.859303 -0.962500
v 1.386664 0.859302 -1.037500
v 1.386664 2.859303 -1.037500
v 1.421664 0.859302 -0.962500
v 1.421664 2.859303 -0.962500
v 1.421664 0.859302 -1.037500
v 1.421664 2.859303 -1.037500
v 1.543366 0.859302 -0.962500
v 1.543366 2.859303 -0.962500
v 1.543366 0.859302 -1.037500
v 1.543366 2.859303 -1.037500
v 1.578366 0.859302 -0.962500
v 1.578366 2.859303 -0.962500
v 1.578366 0.859302 -1.037500
v 1.578366 2.859303 -1.037500
v 0.629717 0.859302 -0.962500
v 0.629717 2.859303 -0.962500
v 0.629717 0.859302 -1.037500
v 0.629717 2.859303 -1.037500
v 0.664717 0.859302 -0.962500
v 0.664717 2.859303 -0.962500
v 0.664717 0.859302 -1.037500
v 0.664717 2.859303 -1.037500
v 0.417293 0.859302 -0.962500
v 0.417293 2.859303 -0.962500
v 0.417293 0.859302 -1.037500
v 0.417293 2.859303 -1.037500
v 0.452293 0.859302 -0.962500
v 0.452293 2.859303 -0.962500
v 0.452293 0.859302 -1.037500
v 0.452293 2.859303 -1.037500
v -0.049999 0.859302 -0.962500
v -0.049999 2.859303 -0.962500
v -0.049999 0.859302 -1.037500
v -0.049999 2.859303 -1.037500
v 0.025000 0.859302 -0.962500
v 0.025000 2.859303 -0.962500
v 0.025000 0.859302 -1.037500
v 0.025000 2.859303 -1.037500
vn -1.0000 0.0000 0.0000
vn 0.0000 0.0000 -1.0000
vn 1.0000 0.0000 0.0000
vn 0.0000 0.0000 1.0000
vn 0.0000 -1.0000 0.0000
vn 0.0000 1.0000 0.0000
s off
f 2//1 3//1 1//1
f 4//2 7//2 3//2
f 8//3 5//3 7//3
f 6//4 1//4 5//4
f 7//5 1//5 3//5
f 4//6 6//6 8//6
f 10//6 11//6 9//6
f 12//4 15//4 11//4
f 16//5 13//5 15//5
f 14//2 9//2 13//2
f 15//3 9//3 11//3
f 12//1 14//1 16//1
f 18//6 19//6 17//6
f 20//2 23//2 19//2
f 24//5 21//5 23//5
f 22//4 17//4 21//4
f 23//1 17//1 19//1
f 20//3 22//3 24//3
f 26//6 27//6 25//6
f 27//4 32//4 31//4
f 32//5 29//5 31//5
f 30//2 25//2 29//2
f 31//3 25//3 27//3
f 28//1 30//1 32//1
f 34//6 35//6 33//6
f 35//4 40//4 39//4
f 40//5 37//5 39//5
f 38//2 33//2 37//2
f 39//3 33//3 35//3
f 36//1 38//1 40//1
f 42//6 43//6 41//6
f 44//4 47//4 43//4
f 48//5 45//5 47//5
f 46//2 41//2 45//2
f 47//3 41//3 43//3
f 44//1 46//1 48//1
f 50//6 51//6 49//6
f 52//4 55//4 51//4
f 56//5 53//5 55//5
f 54//2 49//2 53//2
f 55//3 49//3 51//3
f 52//1 54//1 56//1
f 58//6 59//6 57//6
f 59//4 64//4 63//4
f 64//5 61//5 63//5
f 62//2 57//2 61//2
f 63//3 57//3 59//3
f 60//1 62//1 64//1
f 66//6 67//6 65//6
f 67//4 72//4 71//4
f 72//5 69//5 71//5
f 70//2 65//2 69//2
f 71//3 65//3 67//3
f 68//1 70//1 72//1
f 74//6 75//6 73//6
f 75//4 80//4 79//4
f 80//5 77//5 79//5
f 78//2 73//2 77//2
f 79//3 73//3 75//3
f 76//1 78//1 80//1
f 82//6 83//6 81//6
f 83//4 88//4 87//4
f 88//5 85//5 87//5
f 86//2 81//2 85//2
f 87//3 81//3 83//3
f 84//1 86//1 88//1
f 90//6 91//6 89//6
f 91//4 96//4 95//4
f 96//5 93//5 95//5
f 94//2 89//2 93//2
f 95//3 89//3 91//3
f 92//1 94//1 96//1
f 98//6 99//6 97//6
f 99//4 104//4 103//4
f 104//5 101//5 103//5
f 102//2 97//2 101//2
f 103//3 97//3 99//3
f 100//1 102//1 104//1
f 106//6 107//6 105//6
f 107//4 112//4 111//4
f 112//5 109//5 111//5
f 110//2 105//2 109//2
f 111//3 105//3 107//3
f 108//1 110//1 112//1
f 114//6 115//6 113//6
f 115//4 120//4 119//4
f 120//5 117//5 119//5
f 118//2 113//2 117//2
f 119//3 113//3 115//3
f 116//1 118//1 120//1
f 122//6 123//6 121//6
f 124//4 127//4 123//4
f 128//5 125//5 127//5
f 126//2 121//2 125//2
f 127//3 121//3 123//3
f 124//1 126//1 128//1
f 130//6 131//6 129//6
f 132//4 135//4 131//4
f 136//5 133//5 135//5
f 134//2 129//2 133//2
f 135//3 129//3 131//3
f 132//1 134//1 136//1
f 138//6 139//6 137//6
f 140//4 143//4 139//4
f 144//5 141//5 143//5
f 142//2 137//2 141//2
f 143//3 137//3 139//3
f 140//1 142//1 144//1
f 146//6 147//6 145//6
f 148//4 151//4 147//4
f 152//5 149//5 151//5
f 150//2 145//2 149//2
f 151//3 145//3 147//3
f 148//1 150//1 152//1
f 154//6 155//6 153//6
f 156//4 159//4 155//4
f 160//5 157//5 159//5
f 158//2 153//2 157//2
f 159//3 153//3 155//3
f 156//1 158//1 160//1
f 162//6 163//6 161//6
f 163//4 168//4 167//4
f 168//5 165//5 167//5
f 166//2 161//2 165//2
f 167//3 161//3 163//3
f 164//1 166//1 168//1
f 170//6 171//6 169//6
f 172//4 175//4 171//4
f 176//5 173//5 175//5
f 174//2 169//2 173//2
f 175//3 169//3 171//3
f 172//1 174//1 176//1
f 178//3 179//3 177//3
f 180//4 183//4 179//4
f 184//1 181//1 183//1
f 182//2 177//2 181//2
f 183//5 177//5 179//5
f 180//6 182//6 184//6
f 186//3 187//3 185//3
f 188//4 191//4 187//4
f 192//1 189//1 191//1
f 190//2 185//2 189//2
f 191//5 185//5 187//5
f 188//6 190//6 192//6
f 194//6 195//6 193//6
f 196//2 199//2 195//2
f 200//5 197//5 199//5
f 198//4 193//4 197//4
f 199//1 193//1 195//1
f 196//3 198//3 200//3
f 202//6 203//6 201//6
f 204//2 207//2 203//2
f 208//5 205//5 207//5
f 206//4 201//4 205//4
f 207//1 201//1 203//1
f 204//3 206//3 208//3
f 210//6 211//6 209//6
f 211//2 216//2 215//2
f 216//5 213//5 215//5
f 214//4 209//4 213//4
f 215//1 209//1 211//1
f 212//3 214//3 216//3
f 218//6 219//6 217//6
f 220//2 223//2 219//2
f 224//5 221//5 223//5
f 222//4 217//4 221//4
f 223//1 217//1 219//1
f 220//3 222//3 224//3
f 226//6 227//6 225//6
f 228//2 231//2 227//2
f 232//5 229//5 231//5
f 230//4 225//4 229//4
f 231//1 225//1 227//1
f 228//3 230//3 232//3
f 234//1 235//1 233//1
f 236//2 239//2 235//2
f 240//3 237//3 239//3
f 238//4 233//4 237//4
f 239//5 233//5 235//5
f 236//6 238//6 240//6
f 242//6 243//6 241//6
f 243//2 248//2 247//2
f 248//5 245//5 247//5
f 246//4 241//4 245//4
f 247//1 241//1 243//1
f 244//3 246//3 248//3
f 250//6 251//6 249//6
f 251//2 256//2 255//2
f 256//5 253//5 255//5
f 254//4 249//4 253//4
f 255//1 249//1 251//1
f 252//3 254//3 256//3
f 258//6 259//6 257//6
f 259//2 264//2 263//2
f 264//5 261//5 263//5
f 262//4 257//4 261//4
f 263//1 257//1 259//1
f 260//3 262//3 264//3
f 266//6 267//6 265//6
f 267//2 272//2 271//2
f 272//5 269//5 271//5
f 270//4 265//4 269//4
f 271//1 265//1 267//1
f 268//3 270//3 272//3
f 274//6 275//6 273//6
f 276//2 279//2 275//2
f 280//5 277//5 279//5
f 278//4 273//4 277//4
f 279//1 273//1 275//1
f 276//3 278//3 280//3
f 282//6 283//6 281//6
f 284//2 287//2 283//2
f 288//5 285//5 287//5
f 286//4 281//4 285//4
f 287//1 281//1 283//1
f 284//3 286//3 288//3
f 290//6 291//6 289//6
f 292//2 295//2 291//2
f 296//5 293//5 295//5
f 294//4 289//4 293//4
f 295//1 289//1 291//1
f 292//3 294//3 296//3
f 298//6 299//6 297//6
f 300//2 303//2 299//2
f 304//5 301//5 303//5
f 302//4 297//4 301//4
f 303//1 297//1 299//1
f 300//3 302//3 304//3
f 306//6 307//6 305//6
f 308//2 311//2 307//2
f 312//5 309//5 311//5
f 310//4 305//4 309//4
f 311//1 305//1 307//1
f 308//3 310//3 312//3
f 314//6 315//6 313//6
f 315//2 320//2 319//2
f 320//5 317//5 319//5
f 318//4 313//4 317//4
f 319//1 313//1 315//1
f 316//3 318//3 320//3
f 322//6 323//6 321//6
f 324//2 327//2 323//2
f 328//5 325//5 327//5
f 326//4 321//4 325//4
f 327//1 321//1 323//1
f 324//3 326//3 328//3
f 330//6 331//6 329//6
f 331//2 336//2 335//2
f 336//5 333//5 335//5
f 334//4 329//4 333//4
f 335//1 329//1 331//1
f 332//3 334//3 336//3
f 338//6 339//6 337//6
f 340//2 343//2 339//2
f 344//5 341//5 343//5
f 342//4 337//4 341//4
f 343//1 337//1 339//1
f 340//3 342//3 344//3
f 346//6 347//6 345//6
f 348//2 351//2 347//2
f 352//5 349//5 351//5
f 350//4 345//4 349//4
f 351//1 345//1 347//1
f 348//3 350//3 352//3
f 354//6 355//6 353//6
f 356//2 359//2 355//2
f 360//5 357//5 359//5
f 358//4 353//4 357//4
f 359//1 353//1 355//1
f 356//3 358//3 360//3
f 362//6 363//6 361//6
f 364//2 367//2 363//2
f 368//5 365//5 367//5
f 366//4 361//4 365//4
f 367//1 361//1 363//1
f 364//3 366//3 368//3
f 370//6 371//6 369//6
f 372//2 375//2 371//2
f 376//5 373//5 375//5
f 374//4 369//4 373//4
f 375//1 369//1 371//1
f 372//3 374//3 376//3
f 378//6 379//6 377//6
f 380//2 383//2 379//2
f 384//5 381//5 383//5
f 382//4 377//4 381//4
f 383//1 377//1 379//1
f 380//3 382//3 384//3
f 386//6 387//6 385//6
f 387//2 392//2 391//2
f 392//5 389//5 391//5
f 390//4 385//4 389//4
f 391//1 385//1 387//1
f 388//3 390//3 392//3
f 394//6 395//6 393//6
f 395//2 400//2 399//2
f 400//5 397//5 399//5
f 398//4 393//4 397//4
f 399//1 393//1 395//1
f 396//3 398//3 400//3
f 402//6 403//6 401//6
f 403//2 408//2 407//2
f 408//5 405//5 407//5
f 406//4 401//4 405//4
f 407//1 401//1 403//1
f 404//3 406//3 408//3
f 410//1 411//1 409//1
f 412//2 415//2 411//2
f 416//3 413//3 415//3
f 414//4 409//4 413//4
f 415//5 409//5 411//5
f 412//6 414//6 416//6
f 418//1 419//1 417//1
f 420//2 423//2 419//2
f 424//3 421//3 423//3
f 422//4 417//4 421//4
f 423//5 417//5 419//5
f 420//6 422//6 424//6
f 426//1 427//1 425//1
f 428//2 431//2 427//2
f 432//3 429//3 431//3
f 430//4 425//4 429//4
f 431//5 425//5 427//5
f 428//6 430//6 432//6
f 434//1 435//1 433//1
f 436//2 439//2 435//2
f 440//3 437//3 439//3
f 438//4 433//4 437//4
f 439//5 433//5 435//5
f 436//6 438//6 440//6
f 442//1 443//1 441//1
f 444//2 447//2 443//2
f 448//3 445//3 447//3
f 446//4 441//4 445//4
f 447//5 441//5 443//5
f 444//6 446//6 448//6
f 450//6 451//6 449//6
f 452//2 455//2 451//2
f 456//5 453//5 455//5
f 454//4 449//4 453//4
f 455//1 449//1 451//1
f 452//3 454//3 456//3
f 458//6 459//6 457//6
f 459//2 464//2 463//2
f 464//5 461//5 463//5
f 462//4 457//4 461//4
f 463//1 457//1 459//1
f 460//3 462//3 464//3
f 466//6 467//6 465//6
f 468//2 471//2 467//2
f 472//5 469//5 471//5
f 470//4 465//4 469//4
f 471//1 465//1 467//1
f 468//3 470//3 472//3
f 474//6 475//6 473//6
f 475//2 480//2 479//2
f 480//5 477//5 479//5
f 478//4 473//4 477//4
f 479//1 473//1 475//1
f 476//3 478//3 480//3
f 482//6 483//6 481//6
f 484//4 487//4 483//4
f 488//5 485//5 487//5
f 486//2 481//2 485//2
f 487//3 481//3 483//3
f 484//1 486//1 488//1
f 490//6 491//6 489//6
f 492//3 495//3 491//3
f 495//5 494//5 493//5
f 494//1 489//1 493//1
f 495//2 489//2 491//2
f 492//4 494//4 496//4
f 498//6 499//6 497//6
f 500//3 503//3 499//3
f 503//5 502//5 501//5
f 502//1 497//1 501//1
f 503//2 497//2 499//2
f 500//4 502//4 504//4
f 506//6 507//6 505//6
f 507//3 512//3 511//3
f 511//5 510//5 509//5
f 510//1 505//1 509//1
f 511//2 505//2 507//2
f 508//4 510//4 512//4
f 514//6 515//6 513//6
f 516//3 519//3 515//3
f 519//5 518//5 517//5
f 518//1 513//1 517//1
f 519//2 513//2 515//2
f 516//4 518//4 520//4
f 522//6 523//6 521//6
f 524//3 527//3 523//3
f 527//5 526//5 525//5
f 526//1 521//1 525//1
f 527//2 521//2 523//2
f 524//4 526//4 528//4
f 530//6 531//6 529//6
f 532//3 535//3 531//3
f 535//5 534//5 533//5
f 534//1 529//1 533//1
f 535//2 529//2 531//2
f 532//4 534//4 536//4
f 538//6 539//6 537//6
f 539//3 544//3 543//3
f 543//5 542//5 541//5
f 542//1 537//1 541//1
f 543//2 537//2 539//2
f 540//4 542//4 544//4
f 546//2 547//2 545//2
f 548//3 551//3 547//3
f 552//4 549//4 551//4
f 550//1 545//1 549//1
f 551//5 545//5 547//5
f 548//6 550//6 552//6
f 554//6 555//6 553//6
f 555//3 560//3 559//3
f 559//5 558//5 557//5
f 558//1 553//1 557//1
f 559//2 553//2 555//2
f 556//4 558//4 560//4
f 562//6 563//6 561//6
f 563//3 568//3 567//3
f 567//5 566//5 565//5
f 566//1 561//1 565//1
f 567//2 561//2 563//2
f 564//4 566//4 568//4
f 570//6 571//6 569//6
f 571//3 576//3 575//3
f 575//5 574//5 573//5
f 574//1 569//1 573//1
f 575//2 569//2 571//2
f 572//4 574//4 576//4
f 578//6 579//6 577//6
f 579//3 584//3 583//3
f 583//5 582//5 581//5
f 582//1 577//1 581//1
f 583//2 577//2 579//2
f 580//4 582//4 584//4
f 586//6 587//6 585//6
f 588//3 591//3 587//3
f 591//5 590//5 589//5
f 590//1 585//1 589//1
f 591//2 585//2 587//2
f 588//4 590//4 592//4
f 594//6 595//6 593//6
f 596//3 599//3 595//3
f 599//5 598//5 597//5
f 598//1 593//1 597//1
f 599//2 593//2 595//2
f 596//4 598//4 600//4
f 602//6 603//6 601//6
f 604//3 607//3 603//3
f 607//5 606//5 605//5
f 606//1 601//1 605//1
f 607//2 601//2 603//2
f 604//4 606//4 608//4
f 610//6 611//6 609//6
f 612//3 615//3 611//3
f 615//5 614//5 613//5
f 614//1 609//1 613//1
f 615//2 609//2 611//2
f 612//4 614//4 616//4
f 618//6 619//6 617//6
f 620//3 623//3 619//3
f 623//5 622//5 621//5
f 622//1 617//1 621//1
f 623//2 617//2 619//2
f 620//4 622//4 624//4
f 626//6 627//6 625//6
f 627//3 632//3 631//3
f 631//5 630//5 629//5
f 630//1 625//1 629//1
f 631//2 625//2 627//2
f 628//4 630//4 632//4
f 634//6 635//6 633//6
f 636//3 639//3 635//3
f 639//5 638//5 637//5
f 638//1 633//1 637//1
f 639//2 633//2 635//2
f 636//4 638//4 640//4
f 642//6 643//6 641//6
f 643//3 648//3 647//3
f 647//5 646//5 645//5
f 646//1 641//1 645//1
f 647//2 641//2 643//2
f 644//4 646//4 648//4
f 650//6 651//6 649//6
f 652//3 655//3 651//3
f 655//5 654//5 653//5
f 654//1 649//1 653//1
f 655//2 649//2 651//2
f 652//4 654//4 656//4
f 658//6 659//6 657//6
f 660//3 663//3 659//3
f 663//5 662//5 661//5
f 662//1 657//1 661//1
f 663//2 657//2 659//2
f 660//4 662//4 664//4
f 666//6 667//6 665//6
f 668//3 671//3 667//3
f 671//5 670//5 669//5
f 670//1 665//1 669//1
f 671//2 665//2 667//2
f 668//4 670//4 672//4
f 674//2 675//2 673//2
f 676//3 679//3 675//3
f 680//4 677//4 679//4
f 678//1 673//1 677//1
f 679//5 673//5 675//5
f 676//6 678//6 680//6
f 682//2 683//2 681//2
f 684//3 687//3 683//3
f 688//4 685//4 687//4
f 686//1 681//1 685//1
f 687//5 681//5 683//5
f 684//6 686//6 688//6
f 690//2 691//2 689//2
f 692//3 695//3 691//3
f 696//4 693//4 695//4
f 694//1 689//1 693//1
f 695//5 689//5 691//5
f 692//6 694//6 696//6
f 698//6 699//6 697//6
f 700//1 703//1 699//1
f 704//5 701//5 703//5
f 702//3 697//3 701//3
f 703//4 697//4 699//4
f 700//2 702//2 704//2
f 706//6 707//6 705//6
f 708//1 711//1 707//1
f 712//5 709//5 711//5
f 710//3 705//3 709//3
f 711//4 705//4 707//4
f 708//2 710//2 712//2
f 714//6 715//6 713//6
f 716//1 719//1 715//1
f 720//5 717//5 719//5
f 718//3 713//3 717//3
f 719//4 713//4 715//4
f 716//2 718//2 720//2
f 722//6 723//6 721//6
f 723//1 728//1 727//1
f 728//5 725//5 727//5
f 726//3 721//3 725//3
f 727//4 721//4 723//4
f 724//2 726//2 728//2
f 730//6 731//6 729//6
f 731//1 736//1 735//1
f 736//5 733//5 735//5
f 734//3 729//3 733//3
f 735//4 729//4 731//4
f 732//2 734//2 736//2
f 738//6 739//6 737//6
f 739//1 744//1 743//1
f 744//5 741//5 743//5
f 742//3 737//3 741//3
f 743//4 737//4 739//4
f 740//2 742//2 744//2
f 746//6 747//6 745//6
f 747//1 752//1 751//1
f 752//5 749//5 751//5
f 750//3 745//3 749//3
f 751//4 745//4 747//4
f 748//2 750//2 752//2
f 754//4 755//4 753//4
f 756//1 759//1 755//1
f 760//2 757//2 759//2
f 758//3 753//3 757//3
f 759//5 753//5 755//5
f 756//6 758//6 760//6
f 762//6 763//6 761//6
f 763//1 768//1 767//1
f 768//5 765//5 767//5
f 766//3 761//3 765//3
f 767//4 761//4 763//4
f 764//2 766//2 768//2
f 770//6 771//6 769//6
f 771//1 776//1 775//1
f 776//5 773//5 775//5
f 774//3 769//3 773//3
f 775//4 769//4 771//4
f 772//2 774//2 776//2
f 778//6 779//6 777//6
f 779//1 784//1 783//1
f 784//5 781//5 783//5
f 782//3 777//3 781//3
f 783//4 777//4 779//4
f 780//2 782//2 784//2
f 786//6 787//6 785//6
f 787//1 792//1 791//1
f 792//5 789//5 791//5
f 790//3 785//3 789//3
f 791//4 785//4 787//4
f 788//2 790//2 792//2
f 794//6 795//6 793//6
f 796//1 799//1 795//1
f 800//5 797//5 799//5
f 798//3 793//3 797//3
f 799//4 793//4 795//4
f 796//2 798//2 800//2
f 802//6 803//6 801//6
f 804//1 807//1 803//1
f 808//5 805//5 807//5
f 806//3 801//3 805//3
f 807//4 801//4 803//4
f 804//2 806//2 808//2
f 810//6 811//6 809//6
f 812//1 815//1 811//1
f 816//5 813//5 815//5
f 814//3 809//3 813//3
f 815//4 809//4 811//4
f 812//2 814//2 816//2
f 818//6 819//6 817//6
f 820//1 823//1 819//1
f 824//5 821//5 823//5
f 822//3 817//3 821//3
f 823//4 817//4 819//4
f 820//2 822//2 824//2
f 826//6 827//6 825//6
f 828//1 831//1 827//1
f 832//5 829//5 831//5
f 830//3 825//3 829//3
f 831//4 825//4 827//4
f 828//2 830//2 832//2
f 834//6 835//6 833//6
f 835//1 840//1 839//1
f 840//5 837//5 839//5
f 838//3 833//3 837//3
f 839//4 833//4 835//4
f 836//2 838//2 840//2
f 842//6 843//6 841//6
f 844//1 847//1 843//1
f 848//5 845//5 847//5
f 846//3 841//3 845//3
f 847//4 841//4 843//4
f 844//2 846//2 848//2
f 850//6 851//6 849//6
f 851//1 856//1 855//1
f 856//5 853//5 855//5
f 854//3 849//3 853//3
f 855//4 849//4 851//4
f 852//2 854//2 856//2
f 858//6 859//6 857//6
f 859//1 864//1 863//1
f 864//5 861//5 863//5
f 862//3 857//3 861//3
f 863//4 857//4 859//4
f 860//2 862//2 864//2
f 866//6 867//6 865//6
f 867//1 872//1 871//1
f 872//5 869//5 871//5
f 870//3 865//3 869//3
f 871//4 865//4 867//4
f 868//2 870//2 872//2
f 874//6 875//6 873//6
f 875//1 880//1 879//1
f 880//5 877//5 879//5
f 878//3 873//3 877//3
f 879//4 873//4 875//4
f 876//2 878//2 880//2
f 882//6 883//6 881//6
f 883//1 888//1 887//1
f 888//5 885//5 887//5
f 886//3 881//3 885//3
f 887//4 881//4 883//4
f 884//2 886//2 888//2
f 890//6 891//6 889//6
f 891//1 896//1 895//1
f 896//5 893//5 895//5
f 894//3 889//3 893//3
f 895//4 889//4 891//4
f 892//2 894//2 896//2
f 898//6 899//6 897//6
f 899//1 904//1 903//1
f 904//5 901//5 903//5
f 902//3 897//3 901//3
f 903//4 897//4 899//4
f 900//2 902//2 904//2
f 906//6 907//6 905//6
f 908//1 911//1 907//1
f 912//5 909//5 911//5
f 910//3 905//3 909//3
f 911//4 905//4 907//4
f 908//2 910//2 912//2
f 914//6 915//6 913//6
f 916//1 919//1 915//1
f 920//5 917//5 919//5
f 918//3 913//3 917//3
f 919//4 913//4 915//4
f 916//2 918//2 920//2
f 922//6 923//6 921//6
f 924//1 927//1 923//1
f 928//5 925//5 927//5
f 926//3 921//3 925//3
f 927//4 921//4 923//4
f 924//2 926//2 928//2
f 930//6 931//6 929//6
f 932//1 935//1 931//1
f 936//5 933//5 935//5
f 934//3 929//3 933//3
f 935//4 929//4 931//4
f 932//2 934//2 936//2
f 938//4 939//4 937//4
f 940//1 943//1 939//1
f 944//2 941//2 943//2
f 942//3 937//3 941//3
f 943//5 937//5 939//5
f 940//6 942//6 944//6
f 946//4 947//4 945//4
f 948//1 951//1 947//1
f 952//2 949//2 951//2
f 950//3 945//3 949//3
f 951//5 945//5 947//5
f 948//6 950//6 952//6
f 954//4 955//4 953//4
f 956//1 959//1 955//1
f 960//2 957//2 959//2
f 958//3 953//3 957//3
f 959//5 953//5 955//5
f 956//6 958//6 960//6
f 962//4 963//4 961//4
f 964//1 967//1 963//1
f 968//2 965//2 967//2
f 966//3 961//3 965//3
f 967//5 961//5 963//5
f 964//6 966//6 968//6
f 970//4 971//4 969//4
f 972//1 975//1 971//1
f 976//2 973//2 975//2
f 974//3 969//3 973//3
f 975//5 969//5 971//5
f 972//6 974//6 976//6
f 978//4 979//4 977//4
f 980//1 983//1 979//1
f 984//2 981//2 983//2
f 982//3 977//3 981//3
f 983//5 977//5 979//5
f 980//6 982//6 984//6
f 986//4 987//4 985//4
f 988//1 991//1 987//1
f 992//2 989//2 991//2
f 990//3 985//3 989//3
f 991//5 985//5 987//5
f 988//6 990//6 992//6
f 994//4 995//4 993//4
f 996//1 999//1 995//1
f 1000//2 997//2 999//2
f 998//3 993//3 997//3
f 999//5 993//5 995//5
f 996//6 998//6 1000//6
f 1002//6 1003//6 1001//6
f 1004//1 1007//1 1003//1
f 1008//5 1005//5 1007//5
f 1006//3 1001//3 1005//3
f 1007//4 1001//4 1003//4
f 1004//2 1006//2 1008//2
f 1010//6 1011//6 1009//6
f 1012//1 1015//1 1011//1
f 1016//5 1013//5 1015//5
f 1014//3 1009//3 1013//3
f 1015//4 1009//4 1011//4
f 1012//2 1014//2 1016//2
f 1018//6 1019//6 1017//6
f 1020//1 1023//1 1019//1
f 1024//5 1021//5 1023//5
f 1022//3 1017//3 1021//3
f 1023//4 1017//4 1019//4
f 1020//2 1022//2 1024//2
f 1026//6 1027//6 1025//6
f 1028//1 1031//1 1027//1
f 1032//5 1029//5 1031//5
f 1030//3 1025//3 1029//3
f 1031//4 1025//4 1027//4
f 1028//2 1030//2 1032//2
f 1034//6 1035//6 1033//6
f 1035//1 1040//1 1039//1
f 1040//5 1037//5 1039//5
f 1038//3 1033//3 1037//3
f 1039//4 1033//4 1035//4
f 1036//2 1038//2 1040//2
f 1042//6 1043//6 1041//6
f 1043//1 1048//1 1047//1
f 1048//5 1045//5 1047//5
f 1046//3 1041//3 1045//3
f 1047//4 1041//4 1043//4
f 1044//2 1046//2 1048//2
f 1050//6 1051//6 1049//6
f 1051//1 1056//1 1055//1
f 1056//5 1053//5 1055//5
f 1054//3 1049//3 1053//3
f 1055//4 1049//4 1051//4
f 1052//2 1054//2 1056//2
f 1058//6 1059//6 1057//6
f 1059//1 1064//1 1063//1
f 1064//5 1061//5 1063//5
f 1062//3 1057//3 1061//3
f 1063//4 1057//4 1059//4
f 1060//2 1062//2 1064//2
f 1066//6 1067//6 1065//6
f 1067//1 1072//1 1071//1
f 1072//5 1069//5 1071//5
f 1070//3 1065//3 1069//3
f 1071//4 1065//4 1067//4
f 1068//2 1070//2 1072//2
f 1074//6 1075//6 1073//6
f 1076//1 1079//1 1075//1
f 1080//5 1077//5 1079//5
f 1078//3 1073//3 1077//3
f 1079//4 1073//4 1075//4
f 1076//2 1078//2 1080//2
f 1082//6 1083//6 1081//6
f 1083//1 1088//1 1087//1
f 1088//5 1085//5 1087//5
f 1086//3 1081//3 1085//3
f 1087//4 1081//4 1083//4
f 1084//2 1086//2 1088//2
f 1090//6 1091//6 1089//6
f 1092//1 1095//1 1091//1
f 1096//5 1093//5 1095//5
f 1094//3 1089//3 1093//3
f 1095//4 1089//4 1091//4
f 1092//2 1094//2 1096//2
f 1098//6 1099//6 1097//6
f 1099//1 1104//1 1103//1
f 1104//5 1101//5 1103//5
f 1102//3 1097//3 1101//3
f 1103//4 1097//4 1099//4
f 1100//2 1102//2 1104//2
f 1106//6 1107//6 1105//6
f 1108//1 1111//1 1107//1
f 1112//5 1109//5 1111//5
f 1110//3 1105//3 1109//3
f 1111//4 1105//4 1107//4
f 1108//2 1110//2 1112//2
f 1114//6 1115//6 1113//6
f 1115//1 1120//1 1119//1
f 1120//5 1117//5 1119//5
f 1118//3 1113//3 1117//3
f 1119//4 1113//4 1115//4
f 1116//2 1118//2 1120//2
f 1122//6 1123//6 1121//6
f 1124//1 1127//1 1123//1
f 1128//5 1125//5 1127//5
f 1126//3 1121//3 1125//3
f 1127//4 1121//4 1123//4
f 1124//2 1126//2 1128//2
f 1130//6 1131//6 1129//6
f 1131//1 1136//1 1135//1
f 1136//5 1133//5 1135//5
f 1134//3 1129//3 1133//3
f 1135//4 1129//4 1131//4
f 1132//2 1134//2 1136//2
f 1138//6 1139//6 1137//6
f 1140//1 1143//1 1139//1
f 1144//5 1141//5 1143//5
f 1142//3 1137//3 1141//3
f 1143//4 1137//4 1139//4
f 1140//2 1142//2 1144//2
f 1146//6 1147//6 1145//6
f 1148//1 1151//1 1147//1
f 1152//5 1149//5 1151//5
f 1150//3 1145//3 1149//3
f 1151//4 1145//4 1147//4
f 1148//2 1150//2 1152//2
f 1154//6 1155//6 1153//6
f 1156//1 1159//1 1155//1
f 1160//5 1157//5 1159//5
f 1158//3 1153//3 1157//3
f 1159//4 1153//4 1155//4
f 1156//2 1158//2 1160//2
f 1162//6 1163//6 1161//6
f 1164//1 1167//1 1163//1
f 1168//5 1165//5 1167//5
f 1166//3 1161//3 1165//3
f 1167//4 1161//4 1163//4
f 1164//2 1166//2 1168//2
f 1170//6 1171//6 1169//6
f 1172//1 1175//1 1171//1
f 1176//5 1173//5 1175//5
f 1174//3 1169//3 1173//3
f 1175//4 1169//4 1171//4
f 1172//2 1174//2 1176//2
f 1178//6 1179//6 1177//6
f 1179//1 1184//1 1183//1
f 1184//5 1181//5 1183//5
f 1182//3 1177//3 1181//3
f 1183//4 1177//4 1179//4
f 1180//2 1182//2 1184//2
f 1186//6 1187//6 1185//6
f 1187//1 1192//1 1191//1
f 1192//5 1189//5 1191//5
f 1190//3 1185//3 1189//3
f 1191//4 1185//4 1187//4
f 1188//2 1190//2 1192//2
f 1194//6 1195//6 1193//6
f 1195//1 1200//1 1199//1
f 1200//5 1197//5 1199//5
f 1198//3 1193//3 1197//3
f 1199//4 1193//4 1195//4
f 1196//2 1198//2 1200//2
f 1202//6 1203//6 1201//6
f 1203//1 1208//1 1207//1
f 1208//5 1205//5 1207//5
f 1206//3 1201//3 1205//3
f 1207//4 1201//4 1203//4
f 1204//2 1206//2 1208//2
f 1210//4 1211//4 1209//4
f 1212//1 1215//1 1211//1
f 1216//2 1213//2 1215//2
f 1214//3 1209//3 1213//3
f 1215//5 1209//5 1211//5
f 1212//6 1214//6 1216//6
f 1218//6 1219//6 1217//6
f 1219//1 1224//1 1223//1
f 1224//5 1221//5 1223//5
f 1222//3 1217//3 1221//3
f 1223//4 1217//4 1219//4
f 1220//2 1222//2 1224//2
f 1226//6 1227//6 1225//6
f 1228//1 1231//1 1227//1
f 1232//5 1229//5 1231//5
f 1230//3 1225//3 1229//3
f 1231//4 1225//4 1227//4
f 1228//2 1230//2 1232//2
f 1234//6 1235//6 1233//6
f 1236//1 1239//1 1235//1
f 1240//5 1237//5 1239//5
f 1238//3 1233//3 1237//3
f 1239//4 1233//4 1235//4
f 1236//2 1238//2 1240//2
f 1242//6 1243//6 1241//6
f 1244//1 1247//1 1243//1
f 1248//5 1245//5 1247//5
f 1246//3 1241//3 1245//3
f 1247//4 1241//4 1243//4
f 1244//2 1246//2 1248//2
f 1250//6 1251//6 1249//6
f 1251//1 1256//1 1255//1
f 1256//5 1253//5 1255//5
f 1254//3 1249//3 1253//3
f 1255//4 1249//4 1251//4
f 1252//2 1254//2 1256//2
f 1258//6 1259//6 1257//6
f 1260//1 1263//1 1259//1
f 1264//5 1261//5 1263//5
f 1262//3 1257//3 1261//3
f 1263//4 1257//4 1259//4
f 1260//2 1262//2 1264//2
f 1266//6 1267//6 1265//6
f 1268//1 1271//1 1267//1
f 1272//5 1269//5 1271//5
f 1270//3 1265//3 1269//3
f 1271//4 1265//4 1267//4
f 1268//2 1270//2 1272//2
f 1274//6 1275//6 1273//6
f 1276//1 1279//1 1275//1
f 1280//5 1277//5 1279//5
f 1278//3 1273//3 1277//3
f 1279//4 1273//4 1275//4
f 1276//2 1278//2 1280//2
f 1282//6 1283//6 1281//6
f 1284//1 1287//1 1283//1
f 1288//5 1285//5 1287//5
f 1286//3 1281//3 1285//3
f 1287//4 1281//4 1283//4
f 1284//2 1286//2 1288//2
f 1290//6 1291//6 1289//6
f 1291//1 1296//1 1295//1
f 1296//5 1293//5 1295//5
f 1294//3 1289//3 1293//3
f 1295//4 1289//4 1291//4
f 1292//2 1294//2 1296//2
f 1298//6 1299//6 1297//6
f 1300//1 1303//1 1299//1
f 1304//5 1301//5 1303//5
f 1302//3 1297//3 1301//3
f 1303//4 1297//4 1299//4
f 1300//2 1302//2 1304//2
f 1306//6 1307//6 1305//6
f 1308//1 1311//1 1307//1
f 1312//5 1309//5 1311//5
f 1310//3 1305//3 1309//3
f 1311//4 1305//4 1307//4
f 1308//2 1310//2 1312//2
f 1314//6 1315//6 1313//6
f 1316//1 1319//1 1315//1
f 1320//5 1317//5 1319//5
f 1318//3 1313//3 1317//3
f 1319//4 1313//4 1315//4
f 1316//2 1318//2 1320//2
f 1322//6 1323//6 1321//6
f 1323//1 1328//1 1327//1
f 1328//5 1325//5 1327//5
f 1326//3 1321//3 1325//3
f 1327//4 1321//4 1323//4
f 1324//2 1326//2 1328//2
f 1330//4 1331//4 1329//4
f 1332//1 1335//1 1331//1
f 1336//2 1333//2 1335//2
f 1334//3 1329//3 1333//3
f 1335//5 1329//5 1331//5
f 1332//6 1334//6 1336//6
f 1338//6 1339//6 1337//6
f 1339//1 1344//1 1343//1
f 1344//5 1341//5 1343//5
f 1342//3 1337//3 1341//3
f 1343//4 1337//4 1339//4
f 1340//2 1342//2 1344//2
f 1346//6 1347//6 1345//6
f 1347//1 1352//1 1351//1
f 1352//5 1349//5 1351//5
f 1350//3 1345//3 1349//3
f 1351//4 1345//4 1347//4
f 1348//2 1350//2 1352//2
f 1354//6 1355//6 1353//6
f 1355//1 1360//1 1359//1
f 1360//5 1357//5 1359//5
f 1358//3 1353//3 1357//3
f 1359//4 1353//4 1355//4
f 1356//2 1358//2 1360//2
f 1362//6 1363//6 1361//6
f 1363//1 1368//1 1367//1
f 1368//5 1365//5 1367//5
f 1366//3 1361//3 1365//3
f 1367//4 1361//4 1363//4
f 1364//2 1366//2 1368//2
f 1370//6 1371//6 1369//6
f 1372//1 1375//1 1371//1
f 1376//5 1373//5 1375//5
f 1374//3 1369//3 1373//3
f 1375//4 1369//4 1371//4
f 1372//2 1374//2 1376//2
f 1378//6 1379//6 1377//6
f 1380//1 1383//1 1379//1
f 1384//5 1381//5 1383//5
f 1382//3 1377//3 1381//3
f 1383//4 1377//4 1379//4
f 1380//2 1382//2 1384//2
f 1386//6 1387//6 1385//6
f 1388//1 1391//1 1387//1
f 1392//5 1389//5 1391//5
f 1390//3 1385//3 1389//3
f 1391//4 1385//4 1387//4
f 1388//2 1390//2 1392//2
f 1394//6 1395//6 1393//6
f 1396//1 1399//1 1395//1
f 1400//5 1397//5 1399//5
f 1398//3 1393//3 1397//3
f 1399//4 1393//4 1395//4
f 1396//2 1398//2 1400//2
f 1402//6 1403//6 1401//6
f 1404//1 1407//1 1403//1
f 1408//5 1405//5 1407//5
f 1406//3 1401//3 1405//3
f 1407//4 1401//4 1403//4
f 1404//2 1406//2 1408//2
f 1410//6 1411//6 1409//6
f 1411//1 1416//1 1415//1
f 1416//5 1413//5 1415//5
f 1414//3 1409//3 1413//3
f 1415//4 1409//4 1411//4
f 1412//2 1414//2 1416//2
f 1418//6 1419//6 1417//6
f 1420//1 1423//1 1419//1
f 1424//5 1421//5 1423//5
f 1422//3 1417//3 1421//3
f 1423//4 1417//4 1419//4
f 1420//2 1422//2 1424//2
f 1426//6 1427//6 1425//6
f 1427//1 1432//1 1431//1
f 1432//5 1429//5 1431//5
f 1430//3 1425//3 1429//3
f 1431//4 1425//4 1427//4
f 1428//2 1430//2 1432//2
f 1434//6 1435//6 1433//6
f 1436//1 1439//1 1435//1
f 1440//5 1437//5 1439//5
f 1438//3 1433//3 1437//3
f 1439//4 1433//4 1435//4
f 1436//2 1438//2 1440//2
f 1442//6 1443//6 1441//6
f 1443//1 1448//1 1447//1
f 1448//5 1445//5 1447//5
f 1446//3 1441//3 1445//3
f 1447//4 1441//4 1443//4
f 1444//2 1446//2 1448//2
f 1450//6 1451//6 1449//6
f 1452//1 1455//1 1451//1
f 1456//5 1453//5 1455//5
f 1454//3 1449//3 1453//3
f 1455//4 1449//4 1451//4
f 1452//2 1454//2 1456//2
f 1458//6 1459//6 1457//6
f 1460//1 1463//1 1459//1
f 1464//5 1461//5 1463//5
f 1462//3 1457//3 1461//3
f 1463//4 1457//4 1459//4
f 1460//2 1462//2 1464//2
f 1466//6 1467//6 1465//6
f 1468//1 1471//1 1467//1
f 1472//5 1469//5 1471//5
f 1470//3 1465//3 1469//3
f 1471//4 1465//4 1467//4
f 1468//2 1470//2 1472//2
f 1474//6 1475//6 1473//6
f 1476//1 1479//1 1475//1
f 1480//5 1477//5 1479//5
f 1478//3 1473//3 1477//3
f 1479//4 1473//4 1475//4
f 1476//2 1478//2 1480//2
f 1482//6 1483//6 1481//6
f 1483//1 1488//1 1487//1
f 1488//5 1485//5 1487//5
f 1486//3 1481//3 1485//3
f 1487//4 1481//4 1483//4
f 1484//2 1486//2 1488//2
f 1490//6 1491//6 1489//6
f 1491//1 1496//1 1495//1
f 1496//5 1493//5 1495//5
f 1494//3 1489//3 1493//3
f 1495//4 1489//4 1491//4
f 1492//2 1494//2 1496//2
f 1498//6 1499//6 1497//6
f 1499//1 1504//1 1503//1
f 1504//5 1501//5 1503//5
f 1502//3 1497//3 1501//3
f 1503//4 1497//4 1499//4
f 1500//2 1502//2 1504//2
f 1506//6 1507//6 1505//6
f 1508//1 1511//1 1507//1
f 1512//5 1509//5 1511//5
f 1510//3 1505//3 1509//3
f 1511//4 1505//4 1507//4
f 1508//2 1510//2 1512//2
f 1514//4 1515//4 1513//4
f 1516//1 1519//1 1515//1
f 1520//2 1517//2 1519//2
f 1518//3 1513//3 1517//3
f 1519//5 1513//5 1515//5
f 1516//6 1518//6 1520//6
f 1522//4 1523//4 1521//4
f 1524//1 1527//1 1523//1
f 1528//2 1525//2 1527//2
f 1526//3 1521//3 1525//3
f 1527//5 1521//5 1523//5
f 1524//6 1526//6 1528//6
f 1530//4 1531//4 1529//4
f 1532//1 1535//1 1531//1
f 1536//2 1533//2 1535//2
f 1534//3 1529//3 1533//3
f 1535//5 1529//5 1531//5
f 1532//6 1534//6 1536//6
f 1538//4 1539//4 1537//4
f 1540//1 1543//1 1539//1
f 1544//2 1541//2 1543//2
f 1542//3 1537//3 1541//3
f 1543//5 1537//5 1539//5
f 1540//6 1542//6 1544//6
f 1546//4 1547//4 1545//4
f 1548//1 1551//1 1547//1
f 1552//2 1549//2 1551//2
f 1550//3 1545//3 1549//3
f 1551//5 1545//5 1547//5
f 1548//6 1550//6 1552//6
f 1554//2 1555//2 1553//2
f 1556//3 1559//3 1555//3
f 1560//4 1557//4 1559//4
f 1558//1 1553//1 1557//1
f 1559//5 1553//5 1555//5
f 1556//6 1558//6 1560//6
f 1562//2 1563//2 1561//2
f 1564//3 1567//3 1563//3
f 1568//4 1565//4 1567//4
f 1566//1 1561//1 1565//1
f 1567//5 1561//5 1563//5
f 1564//6 1566//6 1568//6
f 1570//2 1571//2 1569//2
f 1572//3 1575//3 1571//3
f 1576//4 1573//4 1575//4
f 1574//1 1569//1 1573//1
f 1575//5 1569//5 1571//5
f 1572//6 1574//6 1576//6
f 1578//6 1579//6 1577//6
f 1580//3 1583//3 1579//3
f 1583//5 1582//5 1581//5
f 1582//1 1577//1 1581//1
f 1583//2 1577//2 1579//2
f 1580//4 1582//4 1584//4
f 1586//6 1587//6 1585//6
f 1588//3 1591//3 1587//3
f 1591//5 1590//5 1589//5
f 1590//1 1585//1 1589//1
f 1591//2 1585//2 1587//2
f 1588//4 1590//4 1592//4
f 1594//6 1595//6 1593//6
f 1596//3 1599//3 1595//3
f 1599//5 1598//5 1597//5
f 1598//1 1593//1 1597//1
f 1599//2 1593//2 1595//2
f 1596//4 1598//4 1600//4
f 1602//6 1603//6 1601//6
f 1604//3 1607//3 1603//3
f 1607//5 1606//5 1605//5
f 1606//1 1601//1 1605//1
f 1607//2 1601//2 1603//2
f 1604//4 1606//4 1608//4
f 1610//6 1611//6 1609//6
f 1611//3 1616//3 1615//3
f 1615//5 1614//5 1613//5
f 1614//1 1609//1 1613//1
f 1615//2 1609//2 1611//2
f 1612//4 1614//4 1616//4
f 1618//6 1619//6 1617//6
f 1620//3 1623//3 1619//3
f 1623//5 1622//5 1621//5
f 1622//1 1617//1 1621//1
f 1623//2 1617//2 1619//2
f 1620//4 1622//4 1624//4
f 1626//6 1627//6 1625//6
f 1628//3 1631//3 1627//3
f 1631//5 1630//5 1629//5
f 1630//1 1625//1 1629//1
f 1631//2 1625//2 1627//2
f 1628//4 1630//4 1632//4
f 1634//6 1635//6 1633//6
f 1636//3 1639//3 1635//3
f 1639//5 1638//5 1637//5
f 1638//1 1633//1 1637//1
f 1639//2 1633//2 1635//2
f 1636//4 1638//4 1640//4
f 1642//6 1643//6 1641//6
f 1644//3 1647//3 1643//3
f 1647//5 1646//5 1645//5
f 1646//1 1641//1 1645//1
f 1647//2 1641//2 1643//2
f 1644//4 1646//4 1648//4
f 1650//6 1651//6 1649//6
f 1652//3 1655//3 1651//3
f 1655//5 1654//5 1653//5
f 1654//1 1649//1 1653//1
f 1655//2 1649//2 1651//2
f 1652//4 1654//4 1656//4
f 1658//6 1659//6 1657//6
f 1660//3 1663//3 1659//3
f 1663//5 1662//5 1661//5
f 1662//1 1657//1 1661//1
f 1663//2 1657//2 1659//2
f 1660//4 1662//4 1664//4
f 1666//6 1667//6 1665//6
f 1667//3 1672//3 1671//3
f 1671//5 1670//5 1669//5
f 1670//1 1665//1 1669//1
f 1671//2 1665//2 1667//2
f 1668//4 1670//4 1672//4
f 1674//6 1675//6 1673//6
f 1675//3 1680//3 1679//3
f 1679//5 1678//5 1677//5
f 1678//1 1673//1 1677//1
f 1679//2 1673//2 1675//2
f 1676//4 1678//4 1680//4
f 1682//6 1683//6 1681//6
f 1683//3 1688//3 1687//3
f 1687//5 1686//5 1685//5
f 1686//1 1681//1 1685//1
f 1687//2 1681//2 1683//2
f 1684//4 1686//4 1688//4
f 1690//6 1691//6 1689//6
f 1691//3 1696//3 1695//3
f 1695//5 1694//5 1693//5
f 1694//1 1689//1 1693//1
f 1695//2 1689//2 1691//2
f 1692//4 1694//4 1696//4
f 1698//6 1699//6 1697//6
f 1699//3 1704//3 1703//3
f 1703//5 1702//5 1701//5
f 1702//1 1697//1 1701//1
f 1703//2 1697//2 1699//2
f 1700//4 1702//4 1704//4
f 1706//2 1707//2 1705//2
f 1708//3 1711//3 1707//3
f 1712//4 1709//4 1711//4
f 1710//1 1705//1 1709//1
f 1711//5 1705//5 1707//5
f 1708//6 1710//6 1712//6
f 1714//6 1715//6 1713//6
f 1715//3 1720//3 1719//3
f 1719//5 1718//5 1717//5
f 1718//1 1713//1 1717//1
f 1719//2 1713//2 1715//2
f 1716//4 1718//4 1720//4
f 1722//6 1723//6 1721//6
f 1724//3 1727//3 1723//3
f 1727//5 1726//5 1725//5
f 1726//1 1721//1 1725//1
f 1727//2 1721//2 1723//2
f 1724//4 1726//4 1728//4
f 1730//6 1731//6 1729//6
f 1732//3 1735//3 1731//3
f 1735//5 1734//5 1733//5
f 1734//1 1729//1 1733//1
f 1735//2 1729//2 1731//2
f 1732//4 1734//4 1736//4
f 1738//6 1739//6 1737//6
f 1740//3 1743//3 1739//3
f 1743//5 1742//5 1741//5
f 1742//1 1737//1 1741//1
f 1743//2 1737//2 1739//2
f 1740//4 1742//4 1744//4
f 1746//6 1747//6 1745//6
f 1747//3 1752//3 1751//3
f 1751//5 1750//5 1749//5
f 1750//1 1745//1 1749//1
f 1751//2 1745//2 1747//2
f 1748//4 1750//4 1752//4
f 1754//6 1755//6 1753//6
f 1756//3 1759//3 1755//3
f 1759//5 1758//5 1757//5
f 1758//1 1753//1 1757//1
f 1759//2 1753//2 1755//2
f 1756//4 1758//4 1760//4
f 1762//6 1763//6 1761//6
f 1764//3 1767//3 1763//3
f 1767//5 1766//5 1765//5
f 1766//1 1761//1 1765//1
f 1767//2 1761//2 1763//2
f 1764//4 1766//4 1768//4
f 1770//4 1771//4 1769//4
f 1772//1 1775//1 1771//1
f 1776//2 1773//2 1775//2
f 1774//3 1769//3 1773//3
f 1775//5 1769//5 1771//5
f 1772//6 1774//6 1776//6
f 1778//2 1779//2 1777//2
f 1780//3 1783//3 1779//3
f 1784//4 1781//4 1783//4
f 1782//1 1777//1 1781//1
f 1783//5 1777//5 1779//5
f 1780//6 1782//6 1784//6
f 1786//6 1787//6 1785//6
f 1788//1 1791//1 1787//1
f 1792//5 1789//5 1791//5
f 1790//3 1785//3 1789//3
f 1791//4 1785//4 1787//4
f 1788//2 1790//2 1792//2
f 1794//6 1795//6 1793//6
f 1796//1 1799//1 1795//1
f 1800//5 1797//5 1799//5
f 1798//3 1793//3 1797//3
f 1799//4 1793//4 1795//4
f 1796//2 1798//2 1800//2
f 1802//6 1803//6 1801//6
f 1803//1 1808//1 1807//1
f 1808//5 1805//5 1807//5
f 1806//3 1801//3 1805//3
f 1807//4 1801//4 1803//4
f 1804//2 1806//2 1808//2
f 1810//6 1811//6 1809//6
f 1812//1 1815//1 1811//1
f 1816//5 1813//5 1815//5
f 1814//3 1809//3 1813//3
f 1815//4 1809//4 1811//4
f 1812//2 1814//2 1816//2
f 1818//6 1819//6 1817//6
f 1820//1 1823//1 1819//1
f 1824//5 1821//5 1823//5
f 1822//3 1817//3 1821//3
f 1823//4 1817//4 1819//4
f 1820//2 1822//2 1824//2
f 1826//6 1827//6 1825//6
f 1828//1 1831//1 1827//1
f 1832//5 1829//5 1831//5
f 1830//3 1825//3 1829//3
f 1831//4 1825//4 1827//4
f 1828//2 1830//2 1832//2
f 1834//6 1835//6 1833//6
f 1835//1 1840//1 1839//1
f 1840//5 1837//5 1839//5
f 1838//3 1833//3 1837//3
f 1839//4 1833//4 1835//4
f 1836//2 1838//2 1840//2
f 1842//4 1843//4 1841//4
f 1844//1 1847//1 1843//1
f 1848//2 1845//2 1847//2
f 1846//3 1841//3 1845//3
f 1847//5 1841//5 1843//5
f 1844//6 1846//6 1848//6
f 1850//6 1851//6 1849//6
f 1851//1 1856//1 1855//1
f 1856//5 1853//5 1855//5
f 1854//3 1849//3 1853//3
f 1855//4 1849//4 1851//4
f 1852//2 1854//2 1856//2
f 1858//6 1859//6 1857//6
f 1859//1 1864//1 1863//1
f 1864//5 1861//5 1863//5
f 1862//3 1857//3 1861//3
f 1863//4 1857//4 1859//4
f 1860//2 1862//2 1864//2
f 1866//6 1867//6 1865//6
f 1867//1 1872//1 1871//1
f 1872//5 1869//5 1871//5
f 1870//3 1865//3 1869//3
f 1871//4 1865//4 1867//4
f 1868//2 1870//2 1872//2
f 1874//6 1875//6 1873//6
f 1875//1 1880//1 1879//1
f 1880//5 1877//5 1879//5
f 1878//3 1873//3 1877//3
f 1879//4 1873//4 1875//4
f 1876//2 1878//2 1880//2
f 1882//6 1883//6 1881//6
f 1884//1 1887//1 1883//1
f 1888//5 1885//5 1887//5
f 1886//3 1881//3 1885//3
f 1887//4 1881//4 1883//4
f 1884//2 1886//2 1888//2
f 1890//6 1891//6 1889//6
f 1892//1 1895//1 1891//1
f 1896//5 1893//5 1895//5
f 1894//3 1889//3 1893//3
f 1895//4 1889//4 1891//4
f 1892//2 1894//2 1896//2
f 1898//6 1899//6 1897//6
f 1900//1 1903//1 1899//1
f 1904//5 1901//5 1903//5
f 1902//3 1897//3 1901//3
f 1903//4 1897//4 1899//4
f 1900//2 1902//2 1904//2
f 1906//6 1907//6 1905//6
f 1908//1 1911//1 1907//1
f 1912//5 1909//5 1911//5
f 1910//3 1905//3 1909//3
f 1911//4 1905//4 1907//4
f 1908//2 1910//2 1912//2
f 1914//6 1915//6 1913//6
f 1916//1 1919//1 1915//1
f 1920//5 1917//5 1919//5
f 1918//3 1913//3 1917//3
f 1919//4 1913//4 1915//4
f 1916//2 1918//2 1920//2
f 1922//6 1923//6 1921//6
f 1923//1 1928//1 1927//1
f 1928//5 1925//5 1927//5
f 1926//3 1921//3 1925//3
f 1927//4 1921//4 1923//4
f 1924//2 1926//2 1928//2
f 1930//6 1931//6 1929//6
f 1932//1 1935//1 1931//1
f 1936//5 1933//5 1935//5
f 1934//3 1929//3 1933//3
f 1935//4 1929//4 1931//4
f 1932//2 1934//2 1936//2
f 1938//6 1939//6 1937//6
f 1939//1 1944//1 1943//1
f 1944//5 1941//5 1943//5
f 1942//3 1937//3 1941//3
f 1943//4 1937//4 1939//4
f 1940//2 1942//2 1944//2
f 1946//6 1947//6 1945//6
f 1948//1 1951//1 1947//1
f 1952//5 1949//5 1951//5
f 1950//3 1945//3 1949//3
f 1951//4 1945//4 1947//4
f 1948//2 1950//2 1952//2
f 1954//6 1955//6 1953//6
f 1955//1 1960//1 1959//1
f 1960//5 1957//5 1959//5
f 1958//3 1953//3 1957//3
f 1959//4 1953//4 1955//4
f 1956//2 1958//2 1960//2
f 1962//6 1963//6 1961//6
f 1964//1 1967//1 1963//1
f 1968//5 1965//5 1967//5
f 1966//3 1961//3 1965//3
f 1967//4 1961//4 1963//4
f 1964//2 1966//2 1968//2
f 1970//6 1971//6 1969//6
f 1971//1 1976//1 1975//1
f 1976//5 1973//5 1975//5
f 1974//3 1969//3 1973//3
f 1975//4 1969//4 1971//4
f 1972//2 1974//2 1976//2
f 1978//6 1979//6 1977//6
f 1979//1 1984//1 1983//1
f 1984//5 1981//5 1983//5
f 1982//3 1977//3 1981//3
f 1983//4 1977//4 1979//4
f 1980//2 1982//2 1984//2
f 1986//6 1987//6 1985//6
f 1987//1 1992//1 1991//1
f 1992//5 1989//5 1991//5
f 1990//3 1985//3 1989//3
f 1991//4 1985//4 1987//4
f 1988//2 1990//2 1992//2
f 1994//6 1995//6 1993//6
f 1995//1 2000//1 1999//1
f 2000//5 1997//5 1999//5
f 1998//3 1993//3 1997//3
f 1999//4 1993//4 1995//4
f 1996//2 1998//2 2000//2
f 2002//6 2003//6 2001//6
f 2003//1 2008//1 2007//1
f 2008//5 2005//5 2007//5
f 2006//3 2001//3 2005//3
f 2007//4 2001//4 2003//4
f 2004//2 2006//2 2008//2
f 2010//6 2011//6 2009//6
f 2011//1 2016//1 2015//1
f 2016//5 2013//5 2015//5
f 2014//3 2009//3 2013//3
f 2015//4 2009//4 2011//4
f 2012//2 2014//2 2016//2
f 2018//6 2019//6 2017//6
f 2019//1 2024//1 2023//1
f 2024//5 2021//5 2023//5
f 2022//3 2017//3 2021//3
f 2023//4 2017//4 2019//4
f 2020//2 2022//2 2024//2
f 2026//6 2027//6 2025//6
f 2028//1 2031//1 2027//1
f 2032//5 2029//5 2031//5
f 2030//3 2025//3 2029//3
f 2031//4 2025//4 2027//4
f 2028//2 2030//2 2032//2
f 2034//6 2035//6 2033//6
f 2036//1 2039//1 2035//1
f 2040//5 2037//5 2039//5
f 2038//3 2033//3 2037//3
f 2039//4 2033//4 2035//4
f 2036//2 2038//2 2040//2
f 2042//6 2043//6 2041//6
f 2044//1 2047//1 2043//1
f 2048//5 2045//5 2047//5
f 2046//3 2041//3 2045//3
f 2047//4 2041//4 2043//4
f 2044//2 2046//2 2048//2
f 2050//6 2051//6 2049//6
f 2052//1 2055//1 2051//1
f 2056//5 2053//5 2055//5
f 2054//3 2049//3 2053//3
f 2055//4 2049//4 2051//4
f 2052//2 2054//2 2056//2
f 2058//4 2059//4 2057//4
f 2060//1 2063//1 2059//1
f 2064//2 2061//2 2063//2
f 2062//3 2057//3 2061//3
f 2063//5 2057//5 2059//5
f 2060//6 2062//6 2064//6
f 2066//4 2067//4 2065//4
f 2068//1 2071//1 2067//1
f 2072//2 2069//2 2071//2
f 2070//3 2065//3 2069//3
f 2071//5 2065//5 2067//5
f 2068//6 2070//6 2072//6
f 2074//4 2075//4 2073//4
f 2076//1 2079//1 2075//1
f 2080//2 2077//2 2079//2
f 2078//3 2073//3 2077//3
f 2079//5 2073//5 2075//5
f 2076//6 2078//6 2080//6
f 2082//4 2083//4 2081//4
f 2084//1 2087//1 2083//1
f 2088//2 2085//2 2087//2
f 2086//3 2081//3 2085//3
f 2087//5 2081//5 2083//5
f 2084//6 2086//6 2088//6
f 2090//6 2091//6 2089//6
f 2092//1 2095//1 2091//1
f 2096//5 2093//5 2095//5
f 2094//3 2089//3 2093//3
f 2095//4 2089//4 2091//4
f 2092//2 2094//2 2096//2
f 2098//6 2099//6 2097//6
f 2100//1 2103//1 2099//1
f 2104//5 2101//5 2103//5
f 2102//3 2097//3 2101//3
f 2103//4 2097//4 2099//4
f 2100//2 2102//2 2104//2
f 2106//6 2107//6 2105//6
f 2107//1 2112//1 2111//1
f 2112//5 2109//5 2111//5
f 2110//3 2105//3 2109//3
f 2111//4 2105//4 2107//4
f 2108//2 2110//2 2112//2
f 2114//6 2115//6 2113//6
f 2115//1 2120//1 2119//1
f 2120//5 2117//5 2119//5
f 2118//3 2113//3 2117//3
f 2119//4 2113//4 2115//4
f 2116//2 2118//2 2120//2
f 2122//6 2123//6 2121//6
f 2123//3 2128//3 2127//3
f 2127//5 2126//5 2125//5
f 2126//1 2121//1 2125//1
f 2127//2 2121//2 2123//2
f 2124//4 2126//4 2128//4
f 2130//6 2131//6 2129//6
f 2131//3 2136//3 2135//3
f 2135//5 2134//5 2133//5
f 2134//1 2129//1 2133//1
f 2135//2 2129//2 2131//2
f 2132//4 2134//4 2136//4
f 2138//6 2139//6 2137//6
f 2140//3 2143//3 2139//3
f 2143//5 2142//5 2141//5
f 2142//1 2137//1 2141//1
f 2143//2 2137//2 2139//2
f 2140//4 2142//4 2144//4
f 2146//6 2147//6 2145//6
f 2147//3 2152//3 2151//3
f 2151//5 2150//5 2149//5
f 2150//1 2145//1 2149//1
f 2151//2 2145//2 2147//2
f 2148//4 2150//4 2152//4
f 2154//6 2155//6 2153//6
f 2155//1 2160//1 2159//1
f 2160//5 2157//5 2159//5
f 2158//3 2153//3 2157//3
f 2159//4 2153//4 2155//4
f 2156//2 2158//2 2160//2
f 2162//6 2163//6 2161//6
f 2163//1 2168//1 2167//1
f 2168//5 2165//5 2167//5
f 2166//3 2161//3 2165//3
f 2167//4 2161//4 2163//4
f 2164//2 2166//2 2168//2
f 2170//6 2171//6 2169//6
f 2172//1 2175//1 2171//1
f 2176//5 2173//5 2175//5
f 2174//3 2169//3 2173//3
f 2175//4 2169//4 2171//4
f 2172//2 2174//2 2176//2
f 2178//6 2179//6 2177//6
f 2179//1 2184//1 2183//1
f 2184//5 2181//5 2183//5
f 2182//3 2177//3 2181//3
f 2183//4 2177//4 2179//4
f 2180//2 2182//2 2184//2
f 2186//6 2187//6 2185//6
f 2188//1 2191//1 2187//1
f 2192//5 2189//5 2191//5
f 2190//3 2185//3 2189//3
f 2191//4 2185//4 2187//4
f 2188//2 2190//2 2192//2
f 2194//6 2195//6 2193//6
f 2195//1 2200//1 2199//1
f 2200//5 2197//5 2199//5
f 2198//3 2193//3 2197//3
f 2199//4 2193//4 2195//4
f 2196//2 2198//2 2200//2
f 2202//6 2203//6 2201//6
f 2203//3 2208//3 2207//3
f 2207//5 2206//5 2205//5
f 2206//1 2201//1 2205//1
f 2207//2 2201//2 2203//2
f 2204//4 2206//4 2208//4
f 2210//6 2211//6 2209//6
f 2211//3 2216//3 2215//3
f 2215//5 2214//5 2213//5
f 2214//1 2209//1 2213//1
f 2215//2 2209//2 2211//2
f 2212//4 2214//4 2216//4
f 2218//6 2219//6 2217//6
f 2220//3 2223//3 2219//3
f 2223//5 2222//5 2221//5
f 2222//1 2217//1 2221//1
f 2223//2 2217//2 2219//2
f 2220//4 2222//4 2224//4
f 2226//6 2227//6 2225//6
f 2227//3 2232//3 2231//3
f 2231//5 2230//5 2229//5
f 2230//1 2225//1 2229//1
f 2231//2 2225//2 2227//2
f 2228//4 2230//4 2232//4
f 2234//6 2235//6 2233//6
f 2235//3 2240//3 2239//3
f 2239//5 2238//5 2237//5
f 2238//1 2233//1 2237//1
f 2239//2 2233//2 2235//2
f 2236//4 2238//4 2240//4
f 2242//6 2243//6 2241//6
f 2243//1 2248//1 2247//1
f 2248//5 2245//5 2247//5
f 2246//3 2241//3 2245//3
f 2247//4 2241//4 2243//4
f 2244//2 2246//2 2248//2
f 2250//6 2251//6 2249//6
f 2251//1 2256//1 2255//1
f 2256//5 2253//5 2255//5
f 2254//3 2249//3 2253//3
f 2255//4 2249//4 2251//4
f 2252//2 2254//2 2256//2
f 2258//6 2259//6 2257//6
f 2260//1 2263//1 2259//1
f 2264//5 2261//5 2263//5
f 2262//3 2257//3 2261//3
f 2263//4 2257//4 2259//4
f 2260//2 2262//2 2264//2
f 2266//6 2267//6 2265//6
f 2267//1 2272//1 2271//1
f 2272//5 2269//5 2271//5
f 2270//3 2265//3 2269//3
f 2271//4 2265//4 2267//4
f 2268//2 2270//2 2272//2
f 2274//6 2275//6 2273//6
f 2276//1 2279//1 2275//1
f 2280//5 2277//5 2279//5
f 2278//3 2273//3 2277//3
f 2279//4 2273//4 2275//4
f 2276//2 2278//2 2280//2
f 2282//6 2283//6 2281//6
f 2283//1 2288//1 2287//1
f 2288//5 2285//5 2287//5
f 2286//3 2281//3 2285//3
f 2287//4 2281//4 2283//4
f 2284//2 2286//2 2288//2
f 2290//6 2291//6 2289//6
f 2292//1 2295//1 2291//1
f 2296//5 2293//5 2295//5
f 2294//3 2289//3 2293//3
f 2295//4 2289//4 2291//4
f 2292//2 2294//2 2296//2
f 2298//6 2299//6 2297//6
f 2299//1 2304//1 2303//1
f 2304//5 2301//5 2303//5
f 2302//3 2297//3 2301//3
f 2303//4 2297//4 2299//4
f 2300//2 2302//2 2304//2
f 2306//6 2307//6 2305//6
f 2308//1 2311//1 2307//1
f 2312//5 2309//5 2311//5
f 2310//3 2305//3 2309//3
f 2311//4 2305//4 2307//4
f 2308//2 2310//2 2312//2
f 2314//6 2315//6 2313//6
f 2315//1 2320//1 2319//1
f 2320//5 2317//5 2319//5
f 2318//3 2313//3 2317//3
f 2319//4 2313//4 2315//4
f 2316//2 2318//2 2320//2
f 2322//6 2323//6 2321//6
f 2324//3 2327//3 2323//3
f 2327//5 2326//5 2325//5
f 2326//1 2321//1 2325//1
f 2327//2 2321//2 2323//2
f 2324//4 2326//4 2328//4
f 2330//6 2331//6 2329//6
f 2332//3 2335//3 2331//3
f 2335//5 2334//5 2333//5
f 2334//1 2329//1 2333//1
f 2335//2 2329//2 2331//2
f 2332//4 2334//4 2336//4
f 2338//6 2339//6 2337//6
f 2339//1 2344//1 2343//1
f 2344//5 2341//5 2343//5
f 2342//3 2337//3 2341//3
f 2343//4 2337//4 2339//4
f 2340//2 2342//2 2344//2
f 2346//6 2347//6 2345//6
f 2348//2 2351//2 2347//2
f 2352//5 2349//5 2351//5
f 2350//4 2345//4 2349//4
f 2351//1 2345//1 2347//1
f 2348//3 2350//3 2352//3
f 2354//6 2355//6 2353//6
f 2356//2 2359//2 2355//2
f 2360//5 2357//5 2359//5
f 2358//4 2353//4 2357//4
f 2359//1 2353//1 2355//1
f 2356//3 2358//3 2360//3
f 2362//6 2363//6 2361//6
f 2364//2 2367//2 2363//2
f 2368//5 2365//5 2367//5
f 2366//4 2361//4 2365//4
f 2367//1 2361//1 2363//1
f 2364//3 2366//3 2368//3
f 2370//6 2371//6 2369//6
f 2371//2 2376//2 2375//2
f 2376//5 2373//5 2375//5
f 2374//4 2369//4 2373//4
f 2375//1 2369//1 2371//1
f 2372//3 2374//3 2376//3
f 2378//6 2379//6 2377//6
f 2379//2 2384//2 2383//2
f 2384//5 2381//5 2383//5
f 2382//4 2377//4 2381//4
f 2383//1 2377//1 2379//1
f 2380//3 2382//3 2384//3
f 2386//3 2387//3 2385//3
f 2388//4 2391//4 2387//4
f 2392//1 2389//1 2391//1
f 2390//2 2385//2 2389//2
f 2391//5 2385//5 2387//5
f 2388//6 2390//6 2392//6
f 2394//6 2395//6 2393//6
f 2395//4 2400//4 2399//4
f 2400//5 2397//5 2399//5
f 2398//2 2393//2 2397//2
f 2399//3 2393//3 2395//3
f 2396//1 2398//1 2400//1
f 2402//6 2403//6 2401//6
f 2404//4 2407//4 2403//4
f 2408//5 2405//5 2407//5
f 2406//2 2401//2 2405//2
f 2407//3 2401//3 2403//3
f 2404//1 2406//1 2408//1
f 2410//6 2411//6 2409//6
f 2412//4 2415//4 2411//4
f 2416//5 2413//5 2415//5
f 2414//2 2409//2 2413//2
f 2415//3 2409//3 2411//3
f 2412//1 2414//1 2416//1
f 2418//6 2419//6 2417//6
f 2420//4 2423//4 2419//4
f 2424//5 2421//5 2423//5
f 2422//2 2417//2 2421//2
f 2423//3 2417//3 2419//3
f 2420//1 2422//1 2424//1
f 2426//3 2427//3 2425//3
f 2428//4 2431//4 2427//4
f 2432//1 2429//1 2431//1
f 2430//2 2425//2 2429//2
f 2431//5 2425//5 2427//5
f 2428//6 2430//6 2432//6
f 2434//1 2435//1 2433//1
f 2436//2 2439//2 2435//2
f 2440//3 2437//3 2439//3
f 2438//4 2433//4 2437//4
f 2439//5 2433//5 2435//5
f 2436//6 2438//6 2440//6
f 2442//1 2443//1 2441//1
f 2444//2 2447//2 2443//2
f 2448//3 2445//3 2447//3
f 2446//4 2441//4 2445//4
f 2447//5 2441//5 2443//5
f 2444//6 2446//6 2448//6
f 2450//1 2451//1 2449//1
f 2452//2 2455//2 2451//2
f 2456//3 2453//3 2455//3
f 2454//4 2449//4 2453//4
f 2455//5 2449//5 2451//5
f 2452//6 2454//6 2456//6
f 2458//1 2459//1 2457//1
f 2460//2 2463//2 2459//2
f 2464//3 2461//3 2463//3
f 2462//4 2457//4 2461//4
f 2463//5 2457//5 2459//5
f 2460//6 2462//6 2464//6
f 2466//6 2467//6 2465//6
f 2468//2 2471//2 2467//2
f 2472//5 2469//5 2471//5
f 2470//4 2465//4 2469//4
f 2471//1 2465//1 2467//1
f 2468//3 2470//3 2472//3
f 2474//6 2475//6 2473//6
f 2475//2 2480//2 2479//2
f 2480//5 2477//5 2479//5
f 2478//4 2473//4 2477//4
f 2479//1 2473//1 2475//1
f 2476//3 2478//3 2480//3
f 2482//6 2483//6 2481//6
f 2484//2 2487//2 2483//2
f 2488//5 2485//5 2487//5
f 2486//4 2481//4 2485//4
f 2487//1 2481//1 2483//1
f 2484//3 2486//3 2488//3
f 2490//6 2491//6 2489//6
f 2491//2 2496//2 2495//2
f 2496//5 2493//5 2495//5
f 2494//4 2489//4 2493//4
f 2495//1 2489//1 2491//1
f 2492//3 2494//3 2496//3
f 2498//6 2499//6 2497//6
f 2500//2 2503//2 2499//2
f 2504//5 2501//5 2503//5
f 2502//4 2497//4 2501//4
f 2503//1 2497//1 2499//1
f 2500//3 2502//3 2504//3
f 2506//6 2507//6 2505//6
f 2507//2 2512//2 2511//2
f 2512//5 2509//5 2511//5
f 2510//4 2505//4 2509//4
f 2511//1 2505//1 2507//1
f 2508//3 2510//3 2512//3
f 2514//6 2515//6 2513//6
f 2516//2 2519//2 2515//2
f 2520//5 2517//5 2519//5
f 2518//4 2513//4 2517//4
f 2519//1 2513//1 2515//1
f 2516//3 2518//3 2520//3
f 2522//6 2523//6 2521//6
f 2524//2 2527//2 2523//2
f 2528//5 2525//5 2527//5
f 2526//4 2521//4 2525//4
f 2527//1 2521//1 2523//1
f 2524//3 2526//3 2528//3
f 2530//6 2531//6 2529//6
f 2532//2 2535//2 2531//2
f 2536//5 2533//5 2535//5
f 2534//4 2529//4 2533//4
f 2535//1 2529//1 2531//1
f 2532//3 2534//3 2536//3
f 2538//6 2539//6 2537//6
f 2540//2 2543//2 2539//2
f 2544//5 2541//5 2543//5
f 2542//4 2537//4 2541//4
f 2543//1 2537//1 2539//1
f 2540//3 2542//3 2544//3
f 2546//6 2547//6 2545//6
f 2548//2 2551//2 2547//2
f 2552//5 2549//5 2551//5
f 2550//4 2545//4 2549//4
f 2551//1 2545//1 2547//1
f 2548//3 2550//3 2552//3
f 2554//6 2555//6 2553//6
f 2555//2 2560//2 2559//2
f 2560//5 2557//5 2559//5
f 2558//4 2553//4 2557//4
f 2559//1 2553//1 2555//1
f 2556//3 2558//3 2560//3
f 2562//6 2563//6 2561//6
f 2563//2 2568//2 2567//2
f 2568//5 2565//5 2567//5
f 2566//4 2561//4 2565//4
f 2567//1 2561//1 2563//1
f 2564//3 2566//3 2568//3
f 2570//6 2571//6 2569//6
f 2571//2 2576//2 2575//2
f 2576//5 2573//5 2575//5
f 2574//4 2569//4 2573//4
f 2575//1 2569//1 2571//1
f 2572//3 2574//3 2576//3
f 2578//6 2579//6 2577//6
f 2579//2 2584//2 2583//2
f 2584//5 2581//5 2583//5
f 2582//4 2577//4 2581//4
f 2583//1 2577//1 2579//1
f 2580//3 2582//3 2584//3
f 2586//1 2587//1 2585//1
f 2588//2 2591//2 2587//2
f 2592//3 2589//3 2591//3
f 2590//4 2585//4 2589//4
f 2591//5 2585//5 2587//5
f 2588//6 2590//6 2592//6
f 2594//6 2595//6 2593//6
f 2595//2 2600//2 2599//2
f 2600//5 2597//5 2599//5
f 2598//4 2593//4 2597//4
f 2599//1 2593//1 2595//1
f 2596//3 2598//3 2600//3
f 2602//6 2603//6 2601//6
f 2604//2 2607//2 2603//2
f 2608//5 2605//5 2607//5
f 2606//4 2601//4 2605//4
f 2607//1 2601//1 2603//1
f 2604//3 2606//3 2608//3
f 2610//6 2611//6 2609//6
f 2612//2 2615//2 2611//2
f 2616//5 2613//5 2615//5
f 2614//4 2609//4 2613//4
f 2615//1 2609//1 2611//1
f 2612//3 2614//3 2616//3
f 2618//6 2619//6 2617//6
f 2620//2 2623//2 2619//2
f 2624//5 2621//5 2623//5
f 2622//4 2617//4 2621//4
f 2623//1 2617//1 2619//1
f 2620//3 2622//3 2624//3
f 2626//6 2627//6 2625//6
f 2627//2 2632//2 2631//2
f 2632//5 2629//5 2631//5
f 2630//4 2625//4 2629//4
f 2631//1 2625//1 2627//1
f 2628//3 2630//3 2632//3
f 2634//6 2635//6 2633//6
f 2636//2 2639//2 2635//2
f 2640//5 2637//5 2639//5
f 2638//4 2633//4 2637//4
f 2639//1 2633//1 2635//1
f 2636//3 2638//3 2640//3
f 2642//6 2643//6 2641//6
f 2644//2 2647//2 2643//2
f 2648//5 2645//5 2647//5
f 2646//4 2641//4 2645//4
f 2647//1 2641//1 2643//1
f 2644//3 2646//3 2648//3
f 2650//6 2651//6 2649//6
f 2652//2 2655//2 2651//2
f 2656//5 2653//5 2655//5
f 2654//4 2649//4 2653//4
f 2655//1 2649//1 2651//1
f 2652//3 2654//3 2656//3
f 2658//6 2659//6 2657//6
f 2660//2 2663//2 2659//2
f 2664//5 2661//5 2663//5
f 2662//4 2657//4 2661//4
f 2663//1 2657//1 2659//1
f 2660//3 2662//3 2664//3
f 2666//6 2667//6 2665//6
f 2667//2 2672//2 2671//2
f 2672//5 2669//5 2671//5
f 2670//4 2665//4 2669//4
f 2671//1 2665//1 2667//1
f 2668//3 2670//3 2672//3
f 2674//6 2675//6 2673//6
f 2676//2 2679//2 2675//2
f 2680//5 2677//5 2679//5
f 2678//4 2673//4 2677//4
f 2679//1 2673//1 2675//1
f 2676//3 2678//3 2680//3
f 2682//6 2683//6 2681//6
f 2684//2 2687//2 2683//2
f 2688//5 2685//5 2687//5
f 2686//4 2681//4 2685//4
f 2687//1 2681//1 2683//1
f 2684//3 2686//3 2688//3
f 2690//6 2691//6 2689//6
f 2692//2 2695//2 2691//2
f 2696//5 2693//5 2695//5
f 2694//4 2689//4 2693//4
f 2695//1 2689//1 2691//1
f 2692//3 2694//3 2696//3
f 2698//6 2699//6 2697//6
f 2699//2 2704//2 2703//2
f 2704//5 2701//5 2703//5
f 2702//4 2697//4 2701//4
f 2703//1 2697//1 2699//1
f 2700//3 2702//3 2704//3
f 2706//1 2707//1 2705//1
f 2708//2 2711//2 2707//2
f 2712//3 2709//3 2711//3
f 2710//4 2705//4 2709//4
f 2711//5 2705//5 2707//5
f 2708//6 2710//6 2712//6
f 2714//6 2715//6 2713//6
f 2715//2 2720//2 2719//2
f 2720//5 2717//5 2719//5
f 2718//4 2713//4 2717//4
f 2719//1 2713//1 2715//1
f 2716//3 2718//3 2720//3
f 2722//6 2723//6 2721//6
f 2723//2 2728//2 2727//2
f 2728//5 2725//5 2727//5
f 2726//4 2721//4 2725//4
f 2727//1 2721//1 2723//1
f 2724//3 2726//3 2728//3
f 2730//6 2731//6 2729//6
f 2731//2 2736//2 2735//2
f 2736//5 2733//5 2735//5
f 2734//4 2729//4 2733//4
f 2735//1 2729//1 2731//1
f 2732//3 2734//3 2736//3
f 2738//6 2739//6 2737//6
f 2739//2 2744//2 2743//2
f 2744//5 2741//5 2743//5
f 2742//4 2737//4 2741//4
f 2743//1 2737//1 2739//1
f 2740//3 2742//3 2744//3
f 2746//6 2747//6 2745//6
f 2748//2 2751//2 2747//2
f 2752//5 2749//5 2751//5
f 2750//4 2745//4 2749//4
f 2751//1 2745//1 2747//1
f 2748//3 2750//3 2752//3
f 2754//6 2755//6 2753//6
f 2756//2 2759//2 2755//2
f 2760//5 2757//5 2759//5
f 2758//4 2753//4 2757//4
f 2759//1 2753//1 2755//1
f 2756//3 2758//3 2760//3
f 2762//6 2763//6 2761//6
f 2764//2 2767//2 2763//2
f 2768//5 2765//5 2767//5
f 2766//4 2761//4 2765//4
f 2767//1 2761//1 2763//1
f 2764//3 2766//3 2768//3
f 2770//6 2771//6 2769//6
f 2772//2 2775//2 2771//2
f 2776//5 2773//5 2775//5
f 2774//4 2769//4 2773//4
f 2775//1 2769//1 2771//1
f 2772//3 2774//3 2776//3
f 2778//6 2779//6 2777//6
f 2780//2 2783//2 2779//2
f 2784//5 2781//5 2783//5
f 2782//4 2777//4 2781//4
f 2783//1 2777//1 2779//1
f 2780//3 2782//3 2784//3
f 2786//6 2787//6 2785//6
f 2787//2 2792//2 2791//2
f 2792//5 2789//5 2791//5
f 2790//4 2785//4 2789//4
f 2791//1 2785//1 2787//1
f 2788//3 2790//3 2792//3
f 2794//6 2795//6 2793//6
f 2796//2 2799//2 2795//2
f 2800//5 2797//5 2799//5
f 2798//4 2793//4 2797//4
f 2799//1 2793//1 2795//1
f 2796//3 2798//3 2800//3
f 2802//6 2803//6 2801//6
f 2803//2 2808//2 2807//2
f 2808//5 2805//5 2807//5
f 2806//4 2801//4 2805//4
f 2807//1 2801//1 2803//1
f 2804//3 2806//3 2808//3
f 2810//6 2811//6 2809//6
f 2812//2 2815//2 2811//2
f 2816//5 2813//5 2815//5
f 2814//4 2809//4 2813//4
f 2815//1 2809//1 2811//1
f 2812//3 2814//3 2816//3
f 2818//6 2819//6 2817//6
f 2819//2 2824//2 2823//2
f 2824//5 2821//5 2823//5
f 2822//4 2817//4 2821//4
f 2823//1 2817//1 2819//1
f 2820//3 2822//3 2824//3
f 2826//6 2827//6 2825//6
f 2828//2 2831//2 2827//2
f 2832//5 2829//5 2831//5
f 2830//4 2825//4 2829//4
f 2831//1 2825//1 2827//1
f 2828//3 2830//3 2832//3
f 2834//6 2835//6 2833//6
f 2835//2 2840//2 2839//2
f 2840//5 2837//5 2839//5
f 2838//4 2833//4 2837//4
f 2839//1 2833//1 2835//1
f 2836//3 2838//3 2840//3
f 2842//6 2843//6 2841//6
f 2843//2 2848//2 2847//2
f 2848//5 2845//5 2847//5
f 2846//4 2841//4 2845//4
f 2847//1 2841//1 2843//1
f 2844//3 2846//3 2848//3
f 2850//6 2851//6 2849//6
f 2851//2 2856//2 2855//2
f 2856//5 2853//5 2855//5
f 2854//4 2849//4 2853//4
f 2855//1 2849//1 2851//1
f 2852//3 2854//3 2856//3
f 2858//6 2859//6 2857//6
f 2859//2 2864//2 2863//2
f 2864//5 2861//5 2863//5
f 2862//4 2857//4 2861//4
f 2863//1 2857//1 2859//1
f 2860//3 2862//3 2864//3
f 2866//6 2867//6 2865//6
f 2867//2 2872//2 2871//2
f 2872//5 2869//5 2871//5
f 2870//4 2865//4 2869//4
f 2871//1 2865//1 2867//1
f 2868//3 2870//3 2872//3
f 2874//6 2875//6 2873//6
f 2875//2 2880//2 2879//2
f 2880//5 2877//5 2879//5
f 2878//4 2873//4 2877//4
f 2879//1 2873//1 2875//1
f 2876//3 2878//3 2880//3
f 2882//6 2883//6 2881//6
f 2883//2 2888//2 2887//2
f 2888//5 2885//5 2887//5
f 2886//4 2881//4 2885//4
f 2887//1 2881//1 2883//1
f 2884//3 2886//3 2888//3
f 2890//6 2891//6 2889//6
f 2892//2 2895//2 2891//2
f 2896//5 2893//5 2895//5
f 2894//4 2889//4 2893//4
f 2895//1 2889//1 2891//1
f 2892//3 2894//3 2896//3
f 2898//6 2899//6 2897//6
f 2900//2 2903//2 2899//2
f 2904//5 2901//5 2903//5
f 2902//4 2897//4 2901//4
f 2903//1 2897//1 2899//1
f 2900//3 2902//3 2904//3
f 2906//6 2907//6 2905//6
f 2908//2 2911//2 2907//2
f 2912//5 2909//5 2911//5
f 2910//4 2905//4 2909//4
f 2911//1 2905//1 2907//1
f 2908//3 2910//3 2912//3
f 2914//6 2915//6 2913//6
f 2916//2 2919//2 2915//2
f 2920//5 2917//5 2919//5
f 2918//4 2913//4 2917//4
f 2919//1 2913//1 2915//1
f 2916//3 2918//3 2920//3
f 2922//1 2923//1 2921//1
f 2924//2 2927//2 2923//2
f 2928//3 2925//3 2927//3
f 2926//4 2921//4 2925//4
f 2927//5 2921//5 2923//5
f 2924//6 2926//6 2928//6
f 2930//1 2931//1 2929//1
f 2932//2 2935//2 2931//2
f 2936//3 2933//3 2935//3
f 2934//4 2929//4 2933//4
f 2935//5 2929//5 2931//5
f 2932//6 2934//6 2936//6
f 2938//1 2939//1 2937//1
f 2940//2 2943//2 2939//2
f 2944//3 2941//3 2943//3
f 2942//4 2937//4 2941//4
f 2943//5 2937//5 2939//5
f 2940//6 2942//6 2944//6
f 2946//1 2947//1 2945//1
f 2948//2 2951//2 2947//2
f 2952//3 2949//3 2951//3
f 2950//4 2945//4 2949//4
f 2951//5 2945//5 2947//5
f 2948//6 2950//6 2952//6
f 2954//6 2955//6 2953//6
f 2956//2 2959//2 2955//2
f 2960//5 2957//5 2959//5
f 2958//4 2953//4 2957//4
f 2959//1 2953//1 2955//1
f 2956//3 2958//3 2960//3
f 2962//1 2963//1 2961//1
f 2964//2 2967//2 2963//2
f 2968//3 2965//3 2967//3
f 2966//4 2961//4 2965//4
f 2967//5 2961//5 2963//5
f 2964//6 2966//6 2968//6
f 2970//1 2971//1 2969//1
f 2972//2 2975//2 2971//2
f 2976//3 2973//3 2975//3
f 2974//4 2969//4 2973//4
f 2975//5 2969//5 2971//5
f 2972//6 2974//6 2976//6
f 2978//1 2979//1 2977//1
f 2980//2 2983//2 2979//2
f 2984//3 2981//3 2983//3
f 2982//4 2977//4 2981//4
f 2983//5 2977//5 2979//5
f 2980//6 2982//6 2984//6
f 2986//6 2987//6 2985//6
f 2988//2 2991//2 2987//2
f 2992//5 2989//5 2991//5
f 2990//4 2985//4 2989//4
f 2991//1 2985//1 2987//1
f 2988//3 2990//3 2992//3
f 2994//6 2995//6 2993//6
f 2995//2 3000//2 2999//2
f 3000//5 2997//5 2999//5
f 2998//4 2993//4 2997//4
f 2999//1 2993//1 2995//1
f 2996//3 2998//3 3000//3
f 3002//6 3003//6 3001//6
f 3004//2 3007//2 3003//2
f 3008//5 3005//5 3007//5
f 3006//4 3001//4 3005//4
f 3007//1 3001//1 3003//1
f 3004//3 3006//3 3008//3
f 3010//6 3011//6 3009//6
f 3012//2 3015//2 3011//2
f 3016//5 3013//5 3015//5
f 3014//4 3009//4 3013//4
f 3015//1 3009//1 3011//1
f 3012//3 3014//3 3016//3
f 3018//6 3019//6 3017//6
f 3020//2 3023//2 3019//2
f 3024//5 3021//5 3023//5
f 3022//4 3017//4 3021//4
f 3023//1 3017//1 3019//1
f 3020//3 3022//3 3024//3
f 3026//6 3027//6 3025//6
f 3028//2 3031//2 3027//2
f 3032//5 3029//5 3031//5
f 3030//4 3025//4 3029//4
f 3031//1 3025//1 3027//1
f 3028//3 3030//3 3032//3
f 3034//6 3035//6 3033//6
f 3036//2 3039//2 3035//2
f 3040//5 3037//5 3039//5
f 3038//4 3033//4 3037//4
f 3039//1 3033//1 3035//1
f 3036//3 3038//3 3040//3
f 3042//6 3043//6 3041//6
f 3043//2 3048//2 3047//2
f 3048//5 3045//5 3047//5
f 3046//4 3041//4 3045//4
f 3047//1 3041//1 3043//1
f 3044//3 3046//3 3048//3
f 3050//6 3051//6 3049//6
f 3051//2 3056//2 3055//2
f 3056//5 3053//5 3055//5
f 3054//4 3049//4 3053//4
f 3055//1 3049//1 3051//1
f 3052//3 3054//3 3056//3
f 3058//6 3059//6 3057//6
f 3059//2 3064//2 3063//2
f 3064//5 3061//5 3063//5
f 3062//4 3057//4 3061//4
f 3063//1 3057//1 3059//1
f 3060//3 3062//3 3064//3
f 3066//6 3067//6 3065//6
f 3067//2 3072//2 3071//2
f 3072//5 3069//5 3071//5
f 3070//4 3065//4 3069//4
f 3071//1 3065//1 3067//1
f 3068//3 3070//3 3072//3
f 3074//1 3075//1 3073//1
f 3076//2 3079//2 3075//2
f 3080//3 3077//3 3079//3
f 3078//4 3073//4 3077//4
f 3079//5 3073//5 3075//5
f 3076//6 3078//6 3080//6
f 3082//6 3083//6 3081//6
f 3083//2 3088//2 3087//2
f 3088//5 3085//5 3087//5
f 3086//4 3081//4 3085//4
f 3087//1 3081//1 3083//1
f 3084//3 3086//3 3088//3
f 3090//6 3091//6 3089//6
f 3092//2 3095//2 3091//2
f 3096//5 3093//5 3095//5
f 3094//4 3089//4 3093//4
f 3095//1 3089//1 3091//1
f 3092//3 3094//3 3096//3
f 3098//6 3099//6 3097//6
f 3100//2 3103//2 3099//2
f 3104//5 3101//5 3103//5
f 3102//4 3097//4 3101//4
f 3103//1 3097//1 3099//1
f 3100//3 3102//3 3104//3
f 3106//6 3107//6 3105//6
f 3108//2 3111//2 3107//2
f 3112//5 3109//5 3111//5
f 3110//4 3105//4 3109//4
f 3111//1 3105//1 3107//1
f 3108//3 3110//3 3112//3
f 3114//6 3115//6 3113//6
f 3115//2 3120//2 3119//2
f 3120//5 3117//5 3119//5
f 3118//4 3113//4 3117//4
f 3119//1 3113//1 3115//1
f 3116//3 3118//3 3120//3
f 3122//6 3123//6 3121//6
f 3124//2 3127//2 3123//2
f 3128//5 3125//5 3127//5
f 3126//4 3121//4 3125//4
f 3127//1 3121//1 3123//1
f 3124//3 3126//3 3128//3
f 3130//6 3131//6 3129//6
f 3132//2 3135//2 3131//2
f 3136//5 3133//5 3135//5
f 3134//4 3129//4 3133//4
f 3135//1 3129//1 3131//1
f 3132//3 3134//3 3136//3
f 3138//6 3139//6 3137//6
f 3139//2 3144//2 3143//2
f 3144//5 3141//5 3143//5
f 3142//4 3137//4 3141//4
f 3143//1 3137//1 3139//1
f 3140//3 3142//3 3144//3
f 3146//6 3147//6 3145//6
f 3148//2 3151//2 3147//2
f 3152//5 3149//5 3151//5
f 3150//4 3145//4 3149//4
f 3151//1 3145//1 3147//1
f 3148//3 3150//3 3152//3
f 3154//6 3155//6 3153//6
f 3155//2 3160//2 3159//2
f 3160//5 3157//5 3159//5
f 3158//4 3153//4 3157//4
f 3159//1 3153//1 3155//1
f 3156//3 3158//3 3160//3
f 3162//6 3163//6 3161//6
f 3163//2 3168//2 3167//2
f 3168//5 3165//5 3167//5
f 3166//4 3161//4 3165//4
f 3167//1 3161//1 3163//1
f 3164//3 3166//3 3168//3
f 3170//6 3171//6 3169//6
f 3171//2 3176//2 3175//2
f 3176//5 3173//5 3175//5
f 3174//4 3169//4 3173//4
f 3175//1 3169//1 3171//1
f 3172//3 3174//3 3176//3
f 3178//6 3179//6 3177//6
f 3180//2 3183//2 3179//2
f 3184//5 3181//5 3183//5
f 3182//4 3177//4 3181//4
f 3183//1 3177//1 3179//1
f 3180//3 3182//3 3184//3
f 3186//6 3187//6 3185//6
f 3188//2 3191//2 3187//2
f 3192//5 3189//5 3191//5
f 3190//4 3185//4 3189//4
f 3191//1 3185//1 3187//1
f 3188//3 3190//3 3192//3
f 3194//6 3195//6 3193//6
f 3195//2 3200//2 3199//2
f 3200//5 3197//5 3199//5
f 3198//4 3193//4 3197//4
f 3199//1 3193//1 3195//1
f 3196//3 3198//3 3200//3
f 3202//6 3203//6 3201//6
f 3204//2 3207//2 3203//2
f 3208//5 3205//5 3207//5
f 3206//4 3201//4 3205//4
f 3207//1 3201//1 3203//1
f 3204//3 3206//3 3208//3
f 3210//6 3211//6 3209//6
f 3212//2 3215//2 3211//2
f 3216//5 3213//5 3215//5
f 3214//4 3209//4 3213//4
f 3215//1 3209//1 3211//1
f 3212//3 3214//3 3216//3
f 3218//6 3219//6 3217//6
f 3219//2 3224//2 3223//2
f 3224//5 3221//5 3223//5
f 3222//4 3217//4 3221//4
f 3223//1 3217//1 3219//1
f 3220//3 3222//3 3224//3
f 3226//6 3227//6 3225//6
f 3227//2 3232//2 3231//2
f 3232//5 3229//5 3231//5
f 3230//4 3225//4 3229//4
f 3231//1 3225//1 3227//1
f 3228//3 3230//3 3232//3
f 3234//6 3235//6 3233//6
f 3235//4 3240//4 3239//4
f 3240//5 3237//5 3239//5
f 3238//2 3233//2 3237//2
f 3239//3 3233//3 3235//3
f 3236//1 3238//1 3240//1
f 3242//6 3243//6 3241//6
f 3243//4 3248//4 3247//4
f 3248//5 3245//5 3247//5
f 3246//2 3241//2 3245//2
f 3247//3 3241//3 3243//3
f 3244//1 3246//1 3248//1
f 3250//6 3251//6 3249//6
f 3251//2 3256//2 3255//2
f 3256//5 3253//5 3255//5
f 3254//4 3249//4 3253//4
f 3255//1 3249//1 3251//1
f 3252//3 3254//3 3256//3
f 3258//6 3259//6 3257//6
f 3260//2 3263//2 3259//2
f 3264//5 3261//5 3263//5
f 3262//4 3257//4 3261//4
f 3263//1 3257//1 3259//1
f 3260//3 3262//3 3264//3
f 3265//6 3268//6 3267//6
f 3268//4 3271//4 3267//4
f 3272//5 3269//5 3271//5
f 3270//2 3265//2 3269//2
f 3271//3 3265//3 3267//3
f 3268//1 3270//1 3272//1
f 3273//6 3276//6 3275//6
f 3276//4 3279//4 3275//4
f 3280//5 3277//5 3279//5
f 3278//2 3273//2 3277//2
f 3279//3 3273//3 3275//3
f 3276//1 3278//1 3280//1
f 3282//6 3283//6 3281//6
f 3283//2 3288//2 3287//2
f 3288//5 3285//5 3287//5
f 3286//4 3281//4 3285//4
f 3287//1 3281//1 3283//1
f 3284//3 3286//3 3288//3
f 3290//6 3291//6 3289//6
f 3292//2 3295//2 3291//2
f 3296//5 3293//5 3295//5
f 3294//4 3289//4 3293//4
f 3295//1 3289//1 3291//1
f 3292//3 3294//3 3296//3
f 3298//6 3299//6 3297//6
f 3299//2 3304//2 3303//2
f 3304//5 3301//5 3303//5
f 3302//4 3297//4 3301//4
f 3303//1 3297//1 3299//1
f 3300//3 3302//3 3304//3
f 3306//6 3307//6 3305//6
f 3308//2 3311//2 3307//2
f 3312//5 3309//5 3311//5
f 3310//4 3305//4 3309//4
f 3311//1 3305//1 3307//1
f 3308//3 3310//3 3312//3
f 3314//6 3315//6 3313//6
f 3315//2 3320//2 3319//2
f 3320//5 3317//5 3319//5
f 3318//4 3313//4 3317//4
f 3319//1 3313//1 3315//1
f 3316//3 3318//3 3320//3
f 3322//6 3323//6 3321//6
f 3324//2 3327//2 3323//2
f 3328//5 3325//5 3327//5
f 3326//4 3321//4 3325//4
f 3327//1 3321//1 3323//1
f 3324//3 3326//3 3328//3
f 3330//6 3331//6 3329//6
f 3331//2 3336//2 3335//2
f 3336//5 3333//5 3335//5
f 3334//4 3329//4 3333//4
f 3335//1 3329//1 3331//1
f 3332//3 3334//3 3336//3
f 3338//6 3339//6 3337//6
f 3340//2 3343//2 3339//2
f 3344//5 3341//5 3343//5
f 3342//4 3337//4 3341//4
f 3343//1 3337//1 3339//1
f 3340//3 3342//3 3344//3
f 3346//6 3347//6 3345//6
f 3347//2 3352//2 3351//2
f 3352//5 3349//5 3351//5
f 3350//4 3345//4 3349//4
f 3351//1 3345//1 3347//1
f 3348//3 3350//3 3352//3
f 3354//6 3355//6 3353//6
f 3355//2 3360//2 3359//2
f 3360//5 3357//5 3359//5
f 3358//4 3353//4 3357//4
f 3359//1 3353//1 3355//1
f 3356//3 3358//3 3360//3
f 3362//6 3363//6 3361//6
f 3363//4 3368//4 3367//4
f 3368//5 3365//5 3367//5
f 3366//2 3361//2 3365//2
f 3367//3 3361//3 3363//3
f 3364//1 3366//1 3368//1
f 3370//6 3371//6 3369//6
f 3371//4 3376//4 3375//4
f 3376//5 3373//5 3375//5
f 3374//2 3369//2 3373//2
f 3375//3 3369//3 3371//3
f 3372//1 3374//1 3376//1
f 3378//6 3379//6 3377//6
f 3380//4 3383//4 3379//4
f 3384//5 3381//5 3383//5
f 3382//2 3377//2 3381//2
f 3383//3 3377//3 3379//3
f 3380//1 3382//1 3384//1
f 3386//6 3387//6 3385//6
f 3387//4 3392//4 3391//4
f 3392//5 3389//5 3391//5
f 3390//2 3385//2 3389//2
f 3391//3 3385//3 3387//3
f 3388//1 3390//1 3392//1
f 3394//6 3395//6 3393//6
f 3395//4 3400//4 3399//4
f 3400//5 3397//5 3399//5
f 3398//2 3393//2 3397//2
f 3399//3 3393//3 3395//3
f 3396//1 3398//1 3400//1
f 3402//6 3403//6 3401//6
f 3403//2 3408//2 3407//2
f 3408//5 3405//5 3407//5
f 3406//4 3401//4 3405//4
f 3407//1 3401//1 3403//1
f 3404//3 3406//3 3408//3
f 3410//6 3411//6 3409//6
f 3412//2 3415//2 3411//2
f 3416//5 3413//5 3415//5
f 3414//4 3409//4 3413//4
f 3415//1 3409//1 3411//1
f 3412//3 3414//3 3416//3
f 3418//6 3419//6 3417//6
f 3419//2 3424//2 3423//2
f 3424//5 3421//5 3423//5
f 3422//4 3417//4 3421//4
f 3423//1 3417//1 3419//1
f 3420//3 3422//3 3424//3
f 3426//6 3427//6 3425//6
f 3428//2 3431//2 3427//2
f 3432//5 3429//5 3431//5
f 3430//4 3425//4 3429//4
f 3431//1 3425//1 3427//1
f 3428//3 3430//3 3432//3
f 3434//6 3435//6 3433//6
f 3435//2 3440//2 3439//2
f 3440//5 3437//5 3439//5
f 3438//4 3433//4 3437//4
f 3439//1 3433//1 3435//1
f 3436//3 3438//3 3440//3
f 3442//6 3443//6 3441//6
f 3443//2 3448//2 3447//2
f 3448//5 3445//5 3447//5
f 3446//4 3441//4 3445//4
f 3447//1 3441//1 3443//1
f 3444//3 3446//3 3448//3
f 3450//6 3451//6 3449//6
f 3451//4 3456//4 3455//4
f 3456//5 3453//5 3455//5
f 3454//2 3449//2 3453//2
f 3455//3 3449//3 3451//3
f 3452//1 3454//1 3456//1
f 3457//6 3460//6 3459//6
f 3460//4 3463//4 3459//4
f 3464//5 3461//5 3463//5
f 3462//2 3457//2 3461//2
f 3463//3 3457//3 3459//3
f 3460//1 3462//1 3464//1
f 3465//6 3468//6 3467//6
f 3468//4 3471//4 3467//4
f 3472//5 3469//5 3471//5
f 3470//2 3465//2 3469//2
f 3471//3 3465//3 3467//3
f 3468//1 3470//1 3472//1
f 3473//6 3476//6 3475//6
f 3476//4 3479//4 3475//4
f 3480//5 3477//5 3479//5
f 3478//2 3473//2 3477//2
f 3479//3 3473//3 3475//3
f 3476//1 3478//1 3480//1
f 3482//6 3483//6 3481//6
f 3483//2 3488//2 3487//2
f 3488//5 3485//5 3487//5
f 3486//4 3481//4 3485//4
f 3487//1 3481//1 3483//1
f 3484//3 3486//3 3488//3
f 3490//6 3491//6 3489//6
f 3491//2 3496//2 3495//2
f 3496//5 3493//5 3495//5
f 3494//4 3489//4 3493//4
f 3495//1 3489//1 3491//1
f 3492//3 3494//3 3496//3
f 3498//6 3499//6 3497//6
f 3500//2 3503//2 3499//2
f 3504//5 3501//5 3503//5
f 3502//4 3497//4 3501//4
f 3503//1 3497//1 3499//1
f 3500//3 3502//3 3504//3
f 3506//6 3507//6 3505//6
f 3508//2 3511//2 3507//2
f 3512//5 3509//5 3511//5
f 3510//4 3505//4 3509//4
f 3511//1 3505//1 3507//1
f 3508//3 3510//3 3512//3
f 3514//6 3515//6 3513//6
f 3515//2 3520//2 3519//2
f 3520//5 3517//5 3519//5
f 3518//4 3513//4 3517//4
f 3519//1 3513//1 3515//1
f 3516//3 3518//3 3520//3
f 3522//6 3523//6 3521//6
f 3524//2 3527//2 3523//2
f 3528//5 3525//5 3527//5
f 3526//4 3521//4 3525//4
f 3527//1 3521//1 3523//1
f 3524//3 3526//3 3528//3
f 3530//6 3531//6 3529//6
f 3532//2 3535//2 3531//2
f 3536//5 3533//5 3535//5
f 3534//4 3529//4 3533//4
f 3535//1 3529//1 3531//1
f 3532//3 3534//3 3536//3
f 3538//6 3539//6 3537//6
f 3539//2 3544//2 3543//2
f 3544//5 3541//5 3543//5
f 3542//4 3537//4 3541//4
f 3543//1 3537//1 3539//1
f 3540//3 3542//3 3544//3
f 3546//6 3547//6 3545//6
f 3547//2 3552//2 3551//2
f 3552//5 3549//5 3551//5
f 3550//4 3545//4 3549//4
f 3551//1 3545//1 3547//1
f 3548//3 3550//3 3552//3
f 3554//6 3555//6 3553//6
f 3555//2 3560//2 3559//2
f 3560//5 3557//5 3559//5
f 3558//4 3553//4 3557//4
f 3559//1 3553//1 3555//1
f 3556//3 3558//3 3560//3
f 3562//6 3563//6 3561//6
f 3563//2 3568//2 3567//2
f 3568//5 3565//5 3567//5
f 3566//4 3561//4 3565//4
f 3567//1 3561//1 3563//1
f 3564//3 3566//3 3568//3
f 3570//6 3571//6 3569//6
f 3572//2 3575//2 3571//2
f 3576//5 3573//5 3575//5
f 3574//4 3569//4 3573//4
f 3575//1 3569//1 3571//1
f 3572//3 3574//3 3576//3
f 3578//6 3579//6 3577//6
f 3580//2 3583//2 3579//2
f 3584//5 3581//5 3583//5
f 3582//4 3577//4 3581//4
f 3583//1 3577//1 3579//1
f 3580//3 3582//3 3584//3
f 3586//6 3587//6 3585//6
f 3588//2 3591//2 3587//2
f 3592//5 3589//5 3591//5
f 3590//4 3585//4 3589//4
f 3591//1 3585//1 3587//1
f 3588//3 3590//3 3592//3
f 3594//6 3595//6 3593//6
f 3596//2 3599//2 3595//2
f 3600//5 3597//5 3599//5
f 3598//4 3593//4 3597//4
f 3599//1 3593//1 3595//1
f 3596//3 3598//3 3600//3
f 3602//6 3603//6 3601//6
f 3603//2 3608//2 3607//2
f 3608//5 3605//5 3607//5
f 3606//4 3601//4 3605//4
f 3607//1 3601//1 3603//1
f 3604//3 3606//3 3608//3
f 3610//6 3611//6 3609//6
f 3612//2 3615//2 3611//2
f 3616//5 3613//5 3615//5
f 3614//4 3609//4 3613//4
f 3615//1 3609//1 3611//1
f 3612//3 3614//3 3616//3
f 3618//6 3619//6 3617//6
f 3620//2 3623//2 3619//2
f 3624//5 3621//5 3623//5
f 3622//4 3617//4 3621//4
f 3623//1 3617//1 3619//1
f 3620//3 3622//3 3624//3
f 3626//6 3627//6 3625//6
f 3628//2 3631//2 3627//2
f 3632//5 3629//5 3631//5
f 3630//4 3625//4 3629//4
f 3631//1 3625//1 3627//1
f 3628//3 3630//3 3632//3
f 3634//6 3635//6 3633//6
f 3635//2 3640//2 3639//2
f 3640//5 3637//5 3639//5
f 3638//4 3633//4 3637//4
f 3639//1 3633//1 3635//1
f 3636//3 3638//3 3640//3
f 3642//6 3643//6 3641//6
f 3643//2 3648//2 3647//2
f 3648//5 3645//5 3647//5
f 3646//4 3641//4 3645//4
f 3647//1 3641//1 3643//1
f 3644//3 3646//3 3648//3
f 3650//6 3651//6 3649//6
f 3651//2 3656//2 3655//2
f 3656//5 3653//5 3655//5
f 3654//4 3649//4 3653//4
f 3655//1 3649//1 3651//1
f 3652//3 3654//3 3656//3
f 3658//6 3659//6 3657//6
f 3659//2 3664//2 3663//2
f 3664//5 3661//5 3663//5
f 3662//4 3657//4 3661//4
f 3663//1 3657//1 3659//1
f 3660//3 3662//3 3664//3
f 3666//1 3667//1 3665//1
f 3668//2 3671//2 3667//2
f 3672//3 3669//3 3671//3
f 3670//4 3665//4 3669//4
f 3671//5 3665//5 3667//5
f 3668//6 3670//6 3672//6
f 3674//6 3675//6 3673//6
f 3675//2 3680//2 3679//2
f 3680//5 3677//5 3679//5
f 3678//4 3673//4 3677//4
f 3679//1 3673//1 3675//1
f 3676//3 3678//3 3680//3
f 3682//6 3683//6 3681//6
f 3683//2 3688//2 3687//2
f 3688//5 3685//5 3687//5
f 3686//4 3681//4 3685//4
f 3687//1 3681//1 3683//1
f 3684//3 3686//3 3688//3
f 3690//6 3691//6 3689//6
f 3691//2 3696//2 3695//2
f 3696//5 3693//5 3695//5
f 3694//4 3689//4 3693//4
f 3695//1 3689//1 3691//1
f 3692//3 3694//3 3696//3
f 3698//6 3699//6 3697//6
f 3699//2 3704//2 3703//2
f 3704//5 3701//5 3703//5
f 3702//4 3697//4 3701//4
f 3703//1 3697//1 3699//1
f 3700//3 3702//3 3704//3
f 3706//6 3707//6 3705//6
f 3708//2 3711//2 3707//2
f 3712//5 3709//5 3711//5
f 3710//4 3705//4 3709//4
f 3711//1 3705//1 3707//1
f 3708//3 3710//3 3712//3
f 3714//6 3715//6 3713//6
f 3716//2 3719//2 3715//2
f 3720//5 3717//5 3719//5
f 3718//4 3713//4 3717//4
f 3719//1 3713//1 3715//1
f 3716//3 3718//3 3720//3
f 3722//6 3723//6 3721//6
f 3724//2 3727//2 3723//2
f 3728//5 3725//5 3727//5
f 3726//4 3721//4 3725//4
f 3727//1 3721//1 3723//1
f 3724//3 3726//3 3728//3
f 3730//6 3731//6 3729//6
f 3732//2 3735//2 3731//2
f 3736//5 3733//5 3735//5
f 3734//4 3729//4 3733//4
f 3735//1 3729//1 3731//1
f 3732//3 3734//3 3736//3
f 3738//6 3739//6 3737//6
f 3740//2 3743//2 3739//2
f 3744//5 3741//5 3743//5
f 3742//4 3737//4 3741//4
f 3743//1 3737//1 3739//1
f 3740//3 3742//3 3744//3
f 3746//6 3747//6 3745//6
f 3747//2 3752//2 3751//2
f 3752//5 3749//5 3751//5
f 3750//4 3745//4 3749//4
f 3751//1 3745//1 3747//1
f 3748//3 3750//3 3752//3
f 3754//6 3755//6 3753//6
f 3756//2 3759//2 3755//2
f 3760//5 3757//5 3759//5
f 3758//4 3753//4 3757//4
f 3759//1 3753//1 3755//1
f 3756//3 3758//3 3760//3
f 3762//1 3763//1 3761//1
f 3764//2 3767//2 3763//2
f 3768//3 3765//3 3767//3
f 3766//4 3761//4 3765//4
f 3767//5 3761//5 3763//5
f 3764//6 3766//6 3768//6
f 3770//1 3771//1 3769//1
f 3772//2 3775//2 3771//2
f 3776//3 3773//3 3775//3
f 3774//4 3769//4 3773//4
f 3775//5 3769//5 3771//5
f 3772//6 3774//6 3776//6
f 3778//1 3779//1 3777//1
f 3780//2 3783//2 3779//2
f 3784//3 3781//3 3783//3
f 3782//4 3777//4 3781//4
f 3783//5 3777//5 3779//5
f 3780//6 3782//6 3784//6
f 3786//1 3787//1 3785//1
f 3788//2 3791//2 3787//2
f 3792//3 3789//3 3791//3
f 3790//4 3785//4 3789//4
f 3791//5 3785//5 3787//5
f 3788//6 3790//6 3792//6
f 3794//1 3795//1 3793//1
f 3796//2 3799//2 3795//2
f 3800//3 3797//3 3799//3
f 3798//4 3793//4 3797//4
f 3799//5 3793//5 3795//5
f 3796//6 3798//6 3800//6
f 3802//1 3803//1 3801//1
f 3804//2 3807//2 3803//2
f 3808//3 3805//3 3807//3
f 3806//4 3801//4 3805//4
f 3807//5 3801//5 3803//5
f 3804//6 3806//6 3808//6
f 3810//1 3811//1 3809//1
f 3812//2 3815//2 3811//2
f 3816//3 3813//3 3815//3
f 3814//4 3809//4 3813//4
f 3815//5 3809//5 3811//5
f 3812//6 3814//6 3816//6
f 3818//6 3819//6 3817//6
f 3820//2 3823//2 3819//2
f 3824//5 3821//5 3823//5
f 3822//4 3817//4 3821//4
f 3823//1 3817//1 3819//1
f 3820//3 3822//3 3824//3
f 3826//6 3827//6 3825//6
f 3828//2 3831//2 3827//2
f 3832//5 3829//5 3831//5
f 3830//4 3825//4 3829//4
f 3831//1 3825//1 3827//1
f 3828//3 3830//3 3832//3
f 3834//6 3835//6 3833//6
f 3836//2 3839//2 3835//2
f 3840//5 3837//5 3839//5
f 3838//4 3833//4 3837//4
f 3839//1 3833//1 3835//1
f 3836//3 3838//3 3840//3
f 3842//6 3843//6 3841//6
f 3844//2 3847//2 3843//2
f 3848//5 3845//5 3847//5
f 3846//4 3841//4 3845//4
f 3847//1 3841//1 3843//1
f 3844//3 3846//3 3848//3
f 3850//6 3851//6 3849//6
f 3851//2 3856//2 3855//2
f 3856//5 3853//5 3855//5
f 3854//4 3849//4 3853//4
f 3855//1 3849//1 3851//1
f 3852//3 3854//3 3856//3
f 3858//6 3859//6 3857//6
f 3859//2 3864//2 3863//2
f 3864//5 3861//5 3863//5
f 3862//4 3857//4 3861//4
f 3863//1 3857//1 3859//1
f 3860//3 3862//3 3864//3
f 3866//6 3867//6 3865//6
f 3867//2 3872//2 3871//2
f 3872//5 3869//5 3871//5
f 3870//4 3865//4 3869//4
f 3871//1 3865//1 3867//1
f 3868//3 3870//3 3872//3
f 3874//6 3875//6 3873//6
f 3875//2 3880//2 3879//2
f 3880//5 3877//5 3879//5
f 3878//4 3873//4 3877//4
f 3879//1 3873//1 3875//1
f 3876//3 3878//3 3880//3
f 3882//6 3883//6 3881//6
f 3883//2 3888//2 3887//2
f 3888//5 3885//5 3887//5
f 3886//4 3881//4 3885//4
f 3887//1 3881//1 3883//1
f 3884//3 3886//3 3888//3
f 3890//6 3891//6 3889//6
f 3891//2 3896//2 3895//2
f 3896//5 3893//5 3895//5
f 3894//4 3889//4 3893//4
f 3895//1 3889//1 3891//1
f 3892//3 3894//3 3896//3
f 3898//6 3899//6 3897//6
f 3899//2 3904//2 3903//2
f 3904//5 3901//5 3903//5
f 3902//4 3897//4 3901//4
f 3903//1 3897//1 3899//1
f 3900//3 3902//3 3904//3
f 3906//6 3907//6 3905//6
f 3908//2 3911//2 3907//2
f 3912//5 3909//5 3911//5
f 3910//4 3905//4 3909//4
f 3911//1 3905//1 3907//1
f 3908//3 3910//3 3912//3
f 3914//6 3915//6 3913//6
f 3916//2 3919//2 3915//2
f 3920//5 3917//5 3919//5
f 3918//4 3913//4 3917//4
f 3919//1 3913//1 3915//1
f 3916//3 3918//3 3920//3
f 3922//6 3923//6 3921//6
f 3924//2 3927//2 3923//2
f 3928//5 3925//5 3927//5
f 3926//4 3921//4 3925//4
f 3927//1 3921//1 3923//1
f 3924//3 3926//3 3928//3
f 3930//6 3931//6 3929//6
f 3931//2 3936//2 3935//2
f 3936//5 3933//5 3935//5
f 3934//4 3929//4 3933//4
f 3935//1 3929//1 3931//1
f 3932//3 3934//3 3936//3
f 3938//6 3939//6 3937//6
f 3940//2 3943//2 3939//2
f 3944//5 3941//5 3943//5
f 3942//4 3937//4 3941//4
f 3943//1 3937//1 3939//1
f 3940//3 3942//3 3944//3
f 3946//6 3947//6 3945//6
f 3947//2 3952//2 3951//2
f 3952//5 3949//5 3951//5
f 3950//4 3945//4 3949//4
f 3951//1 3945//1 3947//1
f 3948//3 3950//3 3952//3
f 3954//6 3955//6 3953//6
f 3956//2 3959//2 3955//2
f 3960//5 3957//5 3959//5
f 3958//4 3953//4 3957//4
f 3959//1 3953//1 3955//1
f 3956//3 3958//3 3960//3
f 3962//6 3963//6 3961//6
f 3964//2 3967//2 3963//2
f 3968//5 3965//5 3967//5
f 3966//4 3961//4 3965//4
f 3967//1 3961//1 3963//1
f 3964//3 3966//3 3968//3
f 3970//6 3971//6 3969//6
f 3972//2 3975//2 3971//2
f 3976//5 3973//5 3975//5
f 3974//4 3969//4 3973//4
f 3975//1 3969//1 3971//1
f 3972//3 3974//3 3976//3
f 3978//6 3979//6 3977//6
f 3980//2 3983//2 3979//2
f 3984//5 3981//5 3983//5
f 3982//4 3977//4 3981//4
f 3983//1 3977//1 3979//1
f 3980//3 3982//3 3984//3
f 3986//6 3987//6 3985//6
f 3988//2 3991//2 3987//2
f 3992//5 3989//5 3991//5
f 3990//4 3985//4 3989//4
f 3991//1 3985//1 3987//1
f 3988//3 3990//3 3992//3
f 3994//6 3995//6 3993//6
f 3995//2 4000//2 3999//2
f 4000//5 3997//5 3999//5
f 3998//4 3993//4 3997//4
f 3999//1 3993//1 3995//1
f 3996//3 3998//3 4000//3
f 4002//6 4003//6 4001//6
f 4003//2 4008//2 4007//2
f 4008//5 4005//5 4007//5
f 4006//4 4001//4 4005//4
f 4007//1 4001//1 4003//1
f 4004//3 4006//3 4008//3
f 4010//6 4011//6 4009//6
f 4011//2 4016//2 4015//2
f 4016//5 4013//5 4015//5
f 4014//4 4009//4 4013//4
f 4015//1 4009//1 4011//1
f 4012//3 4014//3 4016//3
f 4018//6 4019//6 4017//6
f 4019//2 4024//2 4023//2
f 4024//5 4021//5 4023//5
f 4022//4 4017//4 4021//4
f 4023//1 4017//1 4019//1
f 4020//3 4022//3 4024//3
f 4026//1 4027//1 4025//1
f 4028//2 4031//2 4027//2
f 4032//3 4029//3 4031//3
f 4030//4 4025//4 4029//4
f 4031//5 4025//5 4027//5
f 4028//6 4030//6 4032//6
f 4034//6 4035//6 4033//6
f 4035//2 4040//2 4039//2
f 4040//5 4037//5 4039//5
f 4038//4 4033//4 4037//4
f 4039//1 4033//1 4035//1
f 4036//3 4038//3 4040//3
f 4042//6 4043//6 4041//6
f 4043//2 4048//2 4047//2
f 4048//5 4045//5 4047//5
f 4046//4 4041//4 4045//4
f 4047//1 4041//1 4043//1
f 4044//3 4046//3 4048//3
f 4050//6 4051//6 4049//6
f 4051//2 4056//2 4055//2
f 4056//5 4053//5 4055//5
f 4054//4 4049//4 4053//4
f 4055//1 4049//1 4051//1
f 4052//3 4054//3 4056//3
f 4058//6 4059//6 4057//6
f 4059//2 4064//2 4063//2
f 4064//5 4061//5 4063//5
f 4062//4 4057//4 4061//4
f 4063//1 4057//1 4059//1
f 4060//3 4062//3 4064//3
f 4066//6 4067//6 4065//6
f 4068//2 4071//2 4067//2
f 4072//5 4069//5 4071//5
f 4070//4 4065//4 4069//4
f 4071//1 4065//1 4067//1
f 4068//3 4070//3 4072//3
f 4074//6 4075//6 4073//6
f 4076//2 4079//2 4075//2
f 4080//5 4077//5 4079//5
f 4078//4 4073//4 4077//4
f 4079//1 4073//1 4075//1
f 4076//3 4078//3 4080//3
f 4082//6 4083//6 4081//6
f 4084//2 4087//2 4083//2
f 4088//5 4085//5 4087//5
f 4086//4 4081//4 4085//4
f 4087//1 4081//1 4083//1
f 4084//3 4086//3 4088//3
f 4090//3 4091//3 4089//3
f 4092//4 4095//4 4091//4
f 4096//1 4093//1 4095//1
f 4094//2 4089//2 4093//2
f 4095//5 4089//5 4091//5
f 4092//6 4094//6 4096//6
f 4098//1 4099//1 4097//1
f 4100//2 4103//2 4099//2
f 4104//3 4101//3 4103//3
f 4102//4 4097//4 4101//4
f 4103//5 4097//5 4099//5
f 4100//6 4102//6 4104//6
f 4106//6 4107//6 4105//6
f 4108//4 4111//4 4107//4
f 4112//5 4109//5 4111//5
f 4110//2 4105//2 4109//2
f 4111//3 4105//3 4107//3
f 4108//1 4110//1 4112//1
f 4114//6 4115//6 4113//6
f 4116//4 4119//4 4115//4
f 4120//5 4117//5 4119//5
f 4118//2 4113//2 4117//2
f 4119//3 4113//3 4115//3
f 4116//1 4118//1 4120//1
f 4122//6 4123//6 4121//6
f 4123//4 4128//4 4127//4
f 4128//5 4125//5 4127//5
f 4126//2 4121//2 4125//2
f 4127//3 4121//3 4123//3
f 4124//1 4126//1 4128//1
f 4130//6 4131//6 4129//6
f 4132//4 4135//4 4131//4
f 4136//5 4133//5 4135//5
f 4134//2 4129//2 4133//2
f 4135//3 4129//3 4131//3
f 4132//1 4134//1 4136//1
f 4138//6 4139//6 4137//6
f 4140//4 4143//4 4139//4
f 4144//5 4141//5 4143//5
f 4142//2 4137//2 4141//2
f 4143//3 4137//3 4139//3
f 4140//1 4142//1 4144//1
f 4146//6 4147//6 4145//6
f 4148//4 4151//4 4147//4
f 4152//5 4149//5 4151//5
f 4150//2 4145//2 4149//2
f 4151//3 4145//3 4147//3
f 4148//1 4150//1 4152//1
f 4154//6 4155//6 4153//6
f 4156//4 4159//4 4155//4
f 4160//5 4157//5 4159//5
f 4158//2 4153//2 4157//2
f 4159//3 4153//3 4155//3
f 4156//1 4158//1 4160//1
f 4162//3 4163//3 4161//3
f 4164//4 4167//4 4163//4
f 4168//1 4165//1 4167//1
f 4166//2 4161//2 4165//2
f 4167//5 4161//5 4163//5
f 4164//6 4166//6 4168//6
f 4170//6 4171//6 4169//6
f 4171//4 4176//4 4175//4
f 4176//5 4173//5 4175//5
f 4174//2 4169//2 4173//2
f 4175//3 4169//3 4171//3
f 4172//1 4174//1 4176//1
f 4178//6 4179//6 4177//6
f 4179//4 4184//4 4183//4
f 4184//5 4181//5 4183//5
f 4182//2 4177//2 4181//2
f 4183//3 4177//3 4179//3
f 4180//1 4182//1 4184//1
f 4186//6 4187//6 4185//6
f 4187//4 4192//4 4191//4
f 4192//5 4189//5 4191//5
f 4190//2 4185//2 4189//2
f 4191//3 4185//3 4187//3
f 4188//1 4190//1 4192//1
f 4194//6 4195//6 4193//6
f 4195//4 4200//4 4199//4
f 4200//5 4197//5 4199//5
f 4198//2 4193//2 4197//2
f 4199//3 4193//3 4195//3
f 4196//1 4198//1 4200//1
f 4202//6 4203//6 4201//6
f 4203//4 4208//4 4207//4
f 4208//5 4205//5 4207//5
f 4206//2 4201//2 4205//2
f 4207//3 4201//3 4203//3
f 4204//1 4206//1 4208//1
f 4210//6 4211//6 4209//6
f 4212//4 4215//4 4211//4
f 4216//5 4213//5 4215//5
f 4214//2 4209//2 4213//2
f 4215//3 4209//3 4211//3
f 4212//1 4214//1 4216//1
f 4218//6 4219//6 4217//6
f 4220//4 4223//4 4219//4
f 4224//5 4221//5 4223//5
f 4222//2 4217//2 4221//2
f 4223//3 4217//3 4219//3
f 4220//1 4222//1 4224//1
f 4226//6 4227//6 4225//6
f 4228//4 4231//4 4227//4
f 4232//5 4229//5 4231//5
f 4230//2 4225//2 4229//2
f 4231//3 4225//3 4227//3
f 4228//1 4230//1 4232//1
f 4234//6 4235//6 4233//6
f 4236//4 4239//4 4235//4
f 4240//5 4237//5 4239//5
f 4238//2 4233//2 4237//2
f 4239//3 4233//3 4235//3
f 4236//1 4238//1 4240//1
f 4242//6 4243//6 4241//6
f 4244//4 4247//4 4243//4
f 4248//5 4245//5 4247//5
f 4246//2 4241//2 4245//2
f 4247//3 4241//3 4243//3
f 4244//1 4246//1 4248//1
f 4250//6 4251//6 4249//6
f 4252//4 4255//4 4251//4
f 4256//5 4253//5 4255//5
f 4254//2 4249//2 4253//2
f 4255//3 4249//3 4251//3
f 4252//1 4254//1 4256//1
f 4258//6 4259//6 4257//6
f 4259//4 4264//4 4263//4
f 4264//5 4261//5 4263//5
f 4262//2 4257//2 4261//2
f 4263//3 4257//3 4259//3
f 4260//1 4262//1 4264//1
f 4266//6 4267//6 4265//6
f 4268//4 4271//4 4267//4
f 4272//5 4269//5 4271//5
f 4270//2 4265//2 4269//2
f 4271//3 4265//3 4267//3
f 4268//1 4270//1 4272//1
f 4274//6 4275//6 4273//6
f 4276//4 4279//4 4275//4
f 4280//5 4277//5 4279//5
f 4278//2 4273//2 4277//2
f 4279//3 4273//3 4275//3
f 4276//1 4278//1 4280//1
f 4282//6 4283//6 4281//6
f 4284//4 4287//4 4283//4
f 4288//5 4285//5 4287//5
f 4286//2 4281//2 4285//2
f 4287//3 4281//3 4283//3
f 4284//1 4286//1 4288//1
f 4290//6 4291//6 4289//6
f 4292//4 4295//4 4291//4
f 4296//5 4293//5 4295//5
f 4294//2 4289//2 4293//2
f 4295//3 4289//3 4291//3
f 4292//1 4294//1 4296//1
f 4298//3 4299//3 4297//3
f 4300//4 4303//4 4299//4
f 4304//1 4301//1 4303//1
f 4302//2 4297//2 4301//2
f 4303//5 4297//5 4299//5
f 4300//6 4302//6 4304//6
f 4306//3 4307//3 4305//3
f 4308//4 4311//4 4307//4
f 4312//1 4309//1 4311//1
f 4310//2 4305//2 4309//2
f 4311//5 4305//5 4307//5
f 4308//6 4310//6 4312//6
f 4314//3 4315//3 4313//3
f 4316//4 4319//4 4315//4
f 4320//1 4317//1 4319//1
f 4318//2 4313//2 4317//2
f 4319//5 4313//5 4315//5
f 4316//6 4318//6 4320//6
f 4322//1 4323//1 4321//1
f 4324//2 4327//2 4323//2
f 4328//3 4325//3 4327//3
f 4326//4 4321//4 4325//4
f 4327//5 4321//5 4323//5
f 4324//6 4326//6 4328//6
f 4330//1 4331//1 4329//1
f 4332//2 4335//2 4331//2
f 4336//3 4333//3 4335//3
f 4334//4 4329//4 4333//4
f 4335//5 4329//5 4331//5
f 4332//6 4334//6 4336//6
f 4338//1 4339//1 4337//1
f 4340//2 4343//2 4339//2
f 4344//3 4341//3 4343//3
f 4342//4 4337//4 4341//4
f 4343//5 4337//5 4339//5
f 4340//6 4342//6 4344//6
f 4346//1 4347//1 4345//1
f 4348//2 4351//2 4347//2
f 4352//3 4349//3 4351//3
f 4350//4 4345//4 4349//4
f 4351//5 4345//5 4347//5
f 4348//6 4350//6 4352//6
f 4354//1 4355//1 4353//1
f 4356//2 4359//2 4355//2
f 4360//3 4357//3 4359//3
f 4358//4 4353//4 4357//4
f 4359//5 4353//5 4355//5
f 4356//6 4358//6 4360//6
f 4362//6 4363//6 4361//6
f 4363//2 4368//2 4367//2
f 4368//5 4365//5 4367//5
f 4366//4 4361//4 4365//4
f 4367//1 4361//1 4363//1
f 4364//3 4366//3 4368//3
f 4370//6 4371//6 4369//6
f 4371//2 4376//2 4375//2
f 4376//5 4373//5 4375//5
f 4374//4 4369//4 4373//4
f 4375//1 4369//1 4371//1
f 4372//3 4374//3 4376//3
f 4378//6 4379//6 4377//6
f 4379//2 4384//2 4383//2
f 4384//5 4381//5 4383//5
f 4382//4 4377//4 4381//4
f 4383//1 4377//1 4379//1
f 4380//3 4382//3 4384//3
f 4386//6 4387//6 4385//6
f 4387//2 4392//2 4391//2
f 4392//5 4389//5 4391//5
f 4390//4 4385//4 4389//4
f 4391//1 4385//1 4387//1
f 4388//3 4390//3 4392//3
f 4394//6 4395//6 4393//6
f 4396//2 4399//2 4395//2
f 4400//5 4397//5 4399//5
f 4398//4 4393//4 4397//4
f 4399//1 4393//1 4395//1
f 4396//3 4398//3 4400//3
f 4402//6 4403//6 4401//6
f 4404//2 4407//2 4403//2
f 4408//5 4405//5 4407//5
f 4406//4 4401//4 4405//4
f 4407//1 4401//1 4403//1
f 4404//3 4406//3 4408//3
f 4410//6 4411//6 4409//6
f 4412//2 4415//2 4411//2
f 4416//5 4413//5 4415//5
f 4414//4 4409//4 4413//4
f 4415//1 4409//1 4411//1
f 4412//3 4414//3 4416//3
f 4418//6 4419//6 4417//6
f 4419//2 4424//2 4423//2
f 4424//5 4421//5 4423//5
f 4422//4 4417//4 4421//4
f 4423//1 4417//1 4419//1
f 4420//3 4422//3 4424//3
f 4426//6 4427//6 4425//6
f 4427//2 4432//2 4431//2
f 4432//5 4429//5 4431//5
f 4430//4 4425//4 4429//4
f 4431//1 4425//1 4427//1
f 4428//3 4430//3 4432//3
f 4434//6 4435//6 4433//6
f 4435//2 4440//2 4439//2
f 4440//5 4437//5 4439//5
f 4438//4 4433//4 4437//4
f 4439//1 4433//1 4435//1
f 4436//3 4438//3 4440//3
f 4442//6 4443//6 4441//6
f 4443//2 4448//2 4447//2
f 4448//5 4445//5 4447//5
f 4446//4 4441//4 4445//4
f 4447//1 4441//1 4443//1
f 4444//3 4446//3 4448//3
f 4450//6 4451//6 4449//6
f 4452//2 4455//2 4451//2
f 4456//5 4453//5 4455//5
f 4454//4 4449//4 4453//4
f 4455//1 4449//1 4451//1
f 4452//3 4454//3 4456//3
f 4458//6 4459//6 4457//6
f 4460//2 4463//2 4459//2
f 4464//5 4461//5 4463//5
f 4462//4 4457//4 4461//4
f 4463//1 4457//1 4459//1
f 4460//3 4462//3 4464//3
f 4466//6 4467//6 4465//6
f 4468//2 4471//2 4467//2
f 4472//5 4469//5 4471//5
f 4470//4 4465//4 4469//4
f 4471//1 4465//1 4467//1
f 4468//3 4470//3 4472//3
f 4474//6 4475//6 4473//6
f 4475//2 4480//2 4479//2
f 4480//5 4477//5 4479//5
f 4477//4 4474//4 4473//4
f 4479//1 4473//1 4475//1
f 4476//3 4478//3 4480//3
f 4482//6 4483//6 4481//6
f 4484//2 4487//2 4483//2
f 4488//5 4485//5 4487//5
f 4485//4 4482//4 4481//4
f 4487//1 4481//1 4483//1
f 4484//3 4486//3 4488//3
f 4490//6 4491//6 4489//6
f 4492//2 4495//2 4491//2
f 4496//5 4493//5 4495//5
f 4494//4 4489//4 4493//4
f 4495//1 4489//1 4491//1
f 4492//3 4494//3 4496//3
f 4498//6 4499//6 4497//6
f 4500//2 4503//2 4499//2
f 4504//5 4501//5 4503//5
f 4502//4 4497//4 4501//4
f 4503//1 4497//1 4499//1
f 4500//3 4502//3 4504//3
f 4506//6 4507//6 4505//6
f 4507//2 4512//2 4511//2
f 4512//5 4509//5 4511//5
f 4510//4 4505//4 4509//4
f 4511//1 4505//1 4507//1
f 4508//3 4510//3 4512//3
f 4514//6 4515//6 4513//6
f 4515//2 4520//2 4519//2
f 4520//5 4517//5 4519//5
f 4518//4 4513//4 4517//4
f 4519//1 4513//1 4515//1
f 4516//3 4518//3 4520//3
f 4522//6 4523//6 4521//6
f 4523//2 4528//2 4527//2
f 4528//5 4525//5 4527//5
f 4526//4 4521//4 4525//4
f 4527//1 4521//1 4523//1
f 4524//3 4526//3 4528//3
f 4530//6 4531//6 4529//6
f 4531//2 4536//2 4535//2
f 4536//5 4533//5 4535//5
f 4534//4 4529//4 4533//4
f 4535//1 4529//1 4531//1
f 4532//3 4534//3 4536//3
f 4538//1 4539//1 4537//1
f 4540//2 4543//2 4539//2
f 4544//3 4541//3 4543//3
f 4542//4 4537//4 4541//4
f 4543//5 4537//5 4539//5
f 4540//6 4542//6 4544//6
f 4546//6 4547//6 4545//6
f 4547//2 4552//2 4551//2
f 4552//5 4549//5 4551//5
f 4550//4 4545//4 4549//4
f 4551//1 4545//1 4547//1
f 4548//3 4550//3 4552//3
f 4554//6 4555//6 4553//6
f 4555//2 4560//2 4559//2
f 4560//5 4557//5 4559//5
f 4558//4 4553//4 4557//4
f 4559//1 4553//1 4555//1
f 4556//3 4558//3 4560//3
f 4562//6 4563//6 4561//6
f 4563//2 4568//2 4567//2
f 4568//5 4565//5 4567//5
f 4566//4 4561//4 4565//4
f 4567//1 4561//1 4563//1
f 4564//3 4566//3 4568//3
f 4570//6 4571//6 4569//6
f 4571//2 4576//2 4575//2
f 4576//5 4573//5 4575//5
f 4574//4 4569//4 4573//4
f 4575//1 4569//1 4571//1
f 4572//3 4574//3 4576//3
f 4578//6 4579//6 4577//6
f 4580//2 4583//2 4579//2
f 4584//5 4581//5 4583//5
f 4582//4 4577//4 4581//4
f 4583//1 4577//1 4579//1
f 4580//3 4582//3 4584//3
f 4586//6 4587//6 4585//6
f 4588//2 4591//2 4587//2
f 4592//5 4589//5 4591//5
f 4590//4 4585//4 4589//4
f 4591//1 4585//1 4587//1
f 4588//3 4590//3 4592//3
f 4594//6 4595//6 4593//6
f 4596//2 4599//2 4595//2
f 4600//5 4597//5 4599//5
f 4598//4 4593//4 4597//4
f 4599//1 4593//1 4595//1
f 4596//3 4598//3 4600//3
f 4602//6 4603//6 4601//6
f 4604//2 4607//2 4603//2
f 4608//5 4605//5 4607//5
f 4606//4 4601//4 4605//4
f 4607//1 4601//1 4603//1
f 4604//3 4606//3 4608//3
f 4610//6 4611//6 4609//6
f 4612//2 4615//2 4611//2
f 4616//5 4613//5 4615//5
f 4614//4 4609//4 4613//4
f 4615//1 4609//1 4611//1
f 4612//3 4614//3 4616//3
f 4618//6 4619//6 4617//6
f 4620//2 4623//2 4619//2
f 4624//5 4621//5 4623//5
f 4622//4 4617//4 4621//4
f 4623//1 4617//1 4619//1
f 4620//3 4622//3 4624//3
f 4626//6 4627//6 4625//6
f 4627//2 4632//2 4631//2
f 4632//5 4629//5 4631//5
f 4630//4 4625//4 4629//4
f 4631//1 4625//1 4627//1
f 4628//3 4630//3 4632//3
f 4634//6 4635//6 4633//6
f 4635//2 4640//2 4639//2
f 4640//5 4637//5 4639//5
f 4638//4 4633//4 4637//4
f 4639//1 4633//1 4635//1
f 4636//3 4638//3 4640//3
f 4642//6 4643//6 4641//6
f 4643//2 4648//2 4647//2
f 4648//5 4645//5 4647//5
f 4646//4 4641//4 4645//4
f 4647//1 4641//1 4643//1
f 4644//3 4646//3 4648//3
f 4650//6 4651//6 4649//6
f 4651//2 4656//2 4655//2
f 4656//5 4653//5 4655//5
f 4654//4 4649//4 4653//4
f 4655//1 4649//1 4651//1
f 4652//3 4654//3 4656//3
f 4658//1 4659//1 4657//1
f 4660//2 4663//2 4659//2
f 4664//3 4661//3 4663//3
f 4662//4 4657//4 4661//4
f 4663//5 4657//5 4659//5
f 4660//6 4662//6 4664//6
f 4666//6 4667//6 4665//6
f 4667//2 4672//2 4671//2
f 4672//5 4669//5 4671//5
f 4670//4 4665//4 4669//4
f 4671//1 4665//1 4667//1
f 4668//3 4670//3 4672//3
f 4674//6 4675//6 4673//6
f 4675//2 4680//2 4679//2
f 4680//5 4677//5 4679//5
f 4678//4 4673//4 4677//4
f 4679//1 4673//1 4675//1
f 4676//3 4678//3 4680//3
f 4682//6 4683//6 4681//6
f 4683//2 4688//2 4687//2
f 4688//5 4685//5 4687//5
f 4686//4 4681//4 4685//4
f 4687//1 4681//1 4683//1
f 4684//3 4686//3 4688//3
f 4690//6 4691//6 4689//6
f 4691//2 4696//2 4695//2
f 4696//5 4693//5 4695//5
f 4694//4 4689//4 4693//4
f 4695//1 4689//1 4691//1
f 4692//3 4694//3 4696//3
f 4698//6 4699//6 4697//6
f 4700//2 4703//2 4699//2
f 4704//5 4701//5 4703//5
f 4702//4 4697//4 4701//4
f 4703//1 4697//1 4699//1
f 4700//3 4702//3 4704//3
f 4706//6 4707//6 4705//6
f 4708//2 4711//2 4707//2
f 4712//5 4709//5 4711//5
f 4710//4 4705//4 4709//4
f 4711//1 4705//1 4707//1
f 4708//3 4710//3 4712//3
f 4714//6 4715//6 4713//6
f 4716//2 4719//2 4715//2
f 4720//5 4717//5 4719//5
f 4717//4 4714//4 4713//4
f 4719//1 4713//1 4715//1
f 4716//3 4718//3 4720//3
f 4722//6 4723//6 4721//6
f 4723//2 4728//2 4727//2
f 4728//5 4725//5 4727//5
f 4725//4 4722//4 4721//4
f 4727//1 4721//1 4723//1
f 4724//3 4726//3 4728//3
f 4730//6 4731//6 4729//6
f 4732//2 4735//2 4731//2
f 4736//5 4733//5 4735//5
f 4734//4 4729//4 4733//4
f 4735//1 4729//1 4731//1
f 4732//3 4734//3 4736//3
f 4738//6 4739//6 4737//6
f 4739//2 4744//2 4743//2
f 4744//5 4741//5 4743//5
f 4742//4 4737//4 4741//4
f 4743//1 4737//1 4739//1
f 4740//3 4742//3 4744//3
f 4746//6 4747//6 4745//6
f 4748//2 4751//2 4747//2
f 4752//5 4749//5 4751//5
f 4750//4 4745//4 4749//4
f 4751//1 4745//1 4747//1
f 4748//3 4750//3 4752//3
f 4754//6 4755//6 4753//6
f 4755//2 4760//2 4759//2
f 4760//5 4757//5 4759//5
f 4758//4 4753//4 4757//4
f 4759//1 4753//1 4755//1
f 4756//3 4758//3 4760//3
f 4762//6 4763//6 4761//6
f 4764//2 4767//2 4763//2
f 4768//5 4765//5 4767//5
f 4766//4 4761//4 4765//4
f 4767//1 4761//1 4763//1
f 4764//3 4766//3 4768//3
f 4770//6 4771//6 4769//6
f 4771//2 4776//2 4775//2
f 4776//5 4773//5 4775//5
f 4774//4 4769//4 4773//4
f 4775//1 4769//1 4771//1
f 4772//3 4774//3 4776//3
f 4778//6 4779//6 4777//6
f 4780//2 4783//2 4779//2
f 4784//5 4781//5 4783//5
f 4782//4 4777//4 4781//4
f 4783//1 4777//1 4779//1
f 4780//3 4782//3 4784//3
f 4786//6 4787//6 4785//6
f 4787//2 4792//2 4791//2
f 4792//5 4789//5 4791//5
f 4790//4 4785//4 4789//4
f 4791//1 4785//1 4787//1
f 4788//3 4790//3 4792//3
f 4794//6 4795//6 4793//6
f 4796//2 4799//2 4795//2
f 4800//5 4797//5 4799//5
f 4798//4 4793//4 4797//4
f 4799//1 4793//1 4795//1
f 4796//3 4798//3 4800//3
f 4802//6 4803//6 4801//6
f 4803//2 4808//2 4807//2
f 4808//5 4805//5 4807//5
f 4806//4 4801//4 4805//4
f 4807//1 4801//1 4803//1
f 4804//3 4806//3 4808//3
f 4810//6 4811//6 4809//6
f 4811//2 4816//2 4815//2
f 4816//5 4813//5 4815//5
f 4814//4 4809//4 4813//4
f 4815//1 4809//1 4811//1
f 4812//3 4814//3 4816//3
f 4818//6 4819//6 4817//6
f 4819//2 4824//2 4823//2
f 4824//5 4821//5 4823//5
f 4822//4 4817//4 4821//4
f 4823//1 4817//1 4819//1
f 4820//3 4822//3 4824//3
f 4826//6 4827//6 4825//6
f 4827//2 4832//2 4831//2
f 4832//5 4829//5 4831//5
f 4830//4 4825//4 4829//4
f 4831//1 4825//1 4827//1
f 4828//3 4830//3 4832//3
f 4834//6 4835//6 4833//6
f 4835//2 4840//2 4839//2
f 4840//5 4837//5 4839//5
f 4838//4 4833//4 4837//4
f 4839//1 4833//1 4835//1
f 4836//3 4838//3 4840//3
f 4842//6 4843//6 4841//6
f 4844//2 4847//2 4843//2
f 4848//5 4845//5 4847//5
f 4846//4 4841//4 4845//4
f 4847//1 4841//1 4843//1
f 4844//3 4846//3 4848//3
f 4850//6 4851//6 4849//6
f 4852//2 4855//2 4851//2
f 4856//5 4853//5 4855//5
f 4854//4 4849//4 4853//4
f 4855//1 4849//1 4851//1
f 4852//3 4854//3 4856//3
f 4858//6 4859//6 4857//6
f 4860//2 4863//2 4859//2
f 4864//5 4861//5 4863//5
f 4862//4 4857//4 4861//4
f 4863//1 4857//1 4859//1
f 4860//3 4862//3 4864//3
f 4866//6 4867//6 4865//6
f 4868//2 4871//2 4867//2
f 4872//5 4869//5 4871//5
f 4870//4 4865//4 4869//4
f 4871//1 4865//1 4867//1
f 4868//3 4870//3 4872//3
f 4874//1 4875//1 4873//1
f 4876//2 4879//2 4875//2
f 4880//3 4877//3 4879//3
f 4878//4 4873//4 4877//4
f 4879//5 4873//5 4875//5
f 4876//6 4878//6 4880//6
f 4882//1 4883//1 4881//1
f 4884//2 4887//2 4883//2
f 4888//3 4885//3 4887//3
f 4886//4 4881//4 4885//4
f 4887//5 4881//5 4883//5
f 4884//6 4886//6 4888//6
f 4890//1 4891//1 4889//1
f 4892//2 4895//2 4891//2
f 4896//3 4893//3 4895//3
f 4894//4 4889//4 4893//4
f 4895//5 4889//5 4891//5
f 4892//6 4894//6 4896//6
f 4898//1 4899//1 4897//1
f 4900//2 4903//2 4899//2
f 4904//3 4901//3 4903//3
f 4902//4 4897//4 4901//4
f 4903//5 4897//5 4899//5
f 4900//6 4902//6 4904//6
f 4906//1 4907//1 4905//1
f 4908//2 4911//2 4907//2
f 4912//3 4909//3 4911//3
f 4910//4 4905//4 4909//4
f 4911//5 4905//5 4907//5
f 4908//6 4910//6 4912//6
f 4914//1 4915//1 4913//1
f 4916//2 4919//2 4915//2
f 4920//3 4917//3 4919//3
f 4918//4 4913//4 4917//4
f 4919//5 4913//5 4915//5
f 4916//6 4918//6 4920//6
f 4922//1 4923//1 4921//1
f 4924//2 4927//2 4923//2
f 4928//3 4925//3 4927//3
f 4926//4 4921//4 4925//4
f 4927//5 4921//5 4923//5
f 4924//6 4926//6 4928//6
f 4930//1 4931//1 4929//1
f 4932//2 4935//2 4931//2
f 4936//3 4933//3 4935//3
f 4934//4 4929//4 4933//4
f 4935//5 4929//5 4931//5
f 4932//6 4934//6 4936//6
f 4938//6 4939//6 4937//6
f 4940//2 4943//2 4939//2
f 4944//5 4941//5 4943//5
f 4942//4 4937//4 4941//4
f 4943//1 4937//1 4939//1
f 4940//3 4942//3 4944//3
f 4946//6 4947//6 4945//6
f 4948//2 4951//2 4947//2
f 4952//5 4949//5 4951//5
f 4950//4 4945//4 4949//4
f 4951//1 4945//1 4947//1
f 4948//3 4950//3 4952//3
f 4954//6 4955//6 4953//6
f 4956//2 4959//2 4955//2
f 4960//5 4957//5 4959//5
f 4958//4 4953//4 4957//4
f 4959//1 4953//1 4955//1
f 4956//3 4958//3 4960//3
f 4962//6 4963//6 4961//6
f 4964//2 4967//2 4963//2
f 4968//5 4965//5 4967//5
f 4966//4 4961//4 4965//4
f 4967//1 4961//1 4963//1
f 4964//3 4966//3 4968//3
f 4970//6 4971//6 4969//6
f 4972//2 4975//2 4971//2
f 4976//5 4973//5 4975//5
f 4974//4 4969//4 4973//4
f 4975//1 4969//1 4971//1
f 4972//3 4974//3 4976//3
f 4978//6 4979//6 4977//6
f 4979//2 4984//2 4983//2
f 4984//5 4981//5 4983//5
f 4982//4 4977//4 4981//4
f 4983//1 4977//1 4979//1
f 4980//3 4982//3 4984//3
f 4986//6 4987//6 4985//6
f 4987//2 4992//2 4991//2
f 4992//5 4989//5 4991//5
f 4990//4 4985//4 4989//4
f 4991//1 4985//1 4987//1
f 4988//3 4990//3 4992//3
f 4994//6 4995//6 4993//6
f 4995//2 5000//2 4999//2
f 5000//5 4997//5 4999//5
f 4998//4 4993//4 4997//4
f 4999//1 4993//1 4995//1
f 4996//3 4998//3 5000//3
f 5002//6 5003//6 5001//6
f 5003//2 5008//2 5007//2
f 5008//5 5005//5 5007//5
f 5006//4 5001//4 5005//4
f 5007//1 5001//1 5003//1
f 5004//3 5006//3 5008//3
f 5010//6 5011//6 5009//6
f 5011//2 5016//2 5015//2
f 5016//5 5013//5 5015//5
f 5014//4 5009//4 5013//4
f 5015//1 5009//1 5011//1
f 5012//3 5014//3 5016//3
f 5018//6 5019//6 5017//6
f 5019//2 5024//2 5023//2
f 5024//5 5021//5 5023//5
f 5022//4 5017//4 5021//4
f 5023//1 5017//1 5019//1
f 5020//3 5022//3 5024//3
f 5026//6 5027//6 5025//6
f 5028//2 5031//2 5027//2
f 5032//5 5029//5 5031//5
f 5030//4 5025//4 5029//4
f 5031//1 5025//1 5027//1
f 5028//3 5030//3 5032//3
f 5034//6 5035//6 5033//6
f 5035//2 5040//2 5039//2
f 5040//5 5037//5 5039//5
f 5038//4 5033//4 5037//4
f 5039//1 5033//1 5035//1
f 5036//3 5038//3 5040//3
f 5042//6 5043//6 5041//6
f 5044//2 5047//2 5043//2
f 5048//5 5045//5 5047//5
f 5046//4 5041//4 5045//4
f 5047//1 5041//1 5043//1
f 5044//3 5046//3 5048//3
f 5050//6 5051//6 5049//6
f 5051//2 5056//2 5055//2
f 5056//5 5053//5 5055//5
f 5054//4 5049//4 5053//4
f 5055//1 5049//1 5051//1
f 5052//3 5054//3 5056//3
f 5058//6 5059//6 5057//6
f 5060//2 5063//2 5059//2
f 5064//5 5061//5 5063//5
f 5062//4 5057//4 5061//4
f 5063//1 5057//1 5059//1
f 5060//3 5062//3 5064//3
f 5066//6 5067//6 5065//6
f 5068//2 5071//2 5067//2
f 5072//5 5069//5 5071//5
f 5070//4 5065//4 5069//4
f 5071//1 5065//1 5067//1
f 5068//3 5070//3 5072//3
f 5074//6 5075//6 5073//6
f 5076//2 5079//2 5075//2
f 5080//5 5077//5 5079//5
f 5078//4 5073//4 5077//4
f 5079//1 5073//1 5075//1
f 5076//3 5078//3 5080//3
f 5082//6 5083//6 5081//6
f 5083//2 5088//2 5087//2
f 5088//5 5085//5 5087//5
f 5085//4 5082//4 5081//4
f 5087//1 5081//1 5083//1
f 5084//3 5086//3 5088//3
f 5090//6 5091//6 5089//6
f 5092//2 5095//2 5091//2
f 5096//5 5093//5 5095//5
f 5093//4 5090//4 5089//4
f 5095//1 5089//1 5091//1
f 5092//3 5094//3 5096//3
f 5098//6 5099//6 5097//6
f 5100//2 5103//2 5099//2
f 5104//5 5101//5 5103//5
f 5102//4 5097//4 5101//4
f 5103//1 5097//1 5099//1
f 5100//3 5102//3 5104//3
f 5106//6 5107//6 5105//6
f 5108//2 5111//2 5107//2
f 5112//5 5109//5 5111//5
f 5110//4 5105//4 5109//4
f 5111//1 5105//1 5107//1
f 5108//3 5110//3 5112//3
f 5114//6 5115//6 5113//6
f 5115//2 5120//2 5119//2
f 5120//5 5117//5 5119//5
f 5118//4 5113//4 5117//4
f 5119//1 5113//1 5115//1
f 5116//3 5118//3 5120//3
f 5122//6 5123//6 5121//6
f 5123//2 5128//2 5127//2
f 5128//5 5125//5 5127//5
f 5126//4 5121//4 5125//4
f 5127//1 5121//1 5123//1
f 5124//3 5126//3 5128//3
f 5130//6 5131//6 5129//6
f 5131//2 5136//2 5135//2
f 5136//5 5133//5 5135//5
f 5134//4 5129//4 5133//4
f 5135//1 5129//1 5131//1
f 5132//3 5134//3 5136//3
f 5138//6 5139//6 5137//6
f 5139//2 5144//2 5143//2
f 5144//5 5141//5 5143//5
f 5142//4 5137//4 5141//4
f 5143//1 5137//1 5139//1
f 5140//3 5142//3 5144//3
f 5146//1 5147//1 5145//1
f 5148//2 5151//2 5147//2
f 5152//3 5149//3 5151//3
f 5150//4 5145//4 5149//4
f 5151//5 5145//5 5147//5
f 5148//6 5150//6 5152//6
f 5154//6 5155//6 5153//6
f 5155//2 5160//2 5159//2
f 5160//5 5157//5 5159//5
f 5158//4 5153//4 5157//4
f 5159//1 5153//1 5155//1
f 5156//3 5158//3 5160//3
f 5162//6 5163//6 5161//6
f 5163//2 5168//2 5167//2
f 5168//5 5165//5 5167//5
f 5166//4 5161//4 5165//4
f 5167//1 5161//1 5163//1
f 5164//3 5166//3 5168//3
f 5170//6 5171//6 5169//6
f 5171//2 5176//2 5175//2
f 5176//5 5173//5 5175//5
f 5174//4 5169//4 5173//4
f 5175//1 5169//1 5171//1
f 5172//3 5174//3 5176//3
f 5178//6 5179//6 5177//6
f 5179//2 5184//2 5183//2
f 5184//5 5181//5 5183//5
f 5182//4 5177//4 5181//4
f 5183//1 5177//1 5179//1
f 5180//3 5182//3 5184//3
f 5186//6 5187//6 5185//6
f 5188//2 5191//2 5187//2
f 5192//5 5189//5 5191//5
f 5190//4 5185//4 5189//4
f 5191//1 5185//1 5187//1
f 5188//3 5190//3 5192//3
f 5194//6 5195//6 5193//6
f 5196//2 5199//2 5195//2
f 5200//5 5197//5 5199//5
f 5198//4 5193//4 5197//4
f 5199//1 5193//1 5195//1
f 5196//3 5198//3 5200//3
f 5202//6 5203//6 5201//6
f 5204//2 5207//2 5203//2
f 5208//5 5205//5 5207//5
f 5206//4 5201//4 5205//4
f 5207//1 5201//1 5203//1
f 5204//3 5206//3 5208//3
f 5210//6 5211//6 5209//6
f 5212//2 5215//2 5211//2
f 5216//5 5213//5 5215//5
f 5214//4 5209//4 5213//4
f 5215//1 5209//1 5211//1
f 5212//3 5214//3 5216//3
f 5218//6 5219//6 5217//6
f 5220//2 5223//2 5219//2
f 5224//5 5221//5 5223//5
f 5222//4 5217//4 5221//4
f 5223//1 5217//1 5219//1
f 5220//3 5222//3 5224//3
f 5226//6 5227//6 5225//6
f 5228//2 5231//2 5227//2
f 5232//5 5229//5 5231//5
f 5230//4 5225//4 5229//4
f 5231//1 5225//1 5227//1
f 5228//3 5230//3 5232//3
f 5234//6 5235//6 5233//6
f 5235//2 5240//2 5239//2
f 5240//5 5237//5 5239//5
f 5238//4 5233//4 5237//4
f 5239//1 5233//1 5235//1
f 5236//3 5238//3 5240//3
f 5242//6 5243//6 5241//6
f 5243//2 5248//2 5247//2
f 5248//5 5245//5 5247//5
f 5246//4 5241//4 5245//4
f 5247//1 5241//1 5243//1
f 5244//3 5246//3 5248//3
f 5250//6 5251//6 5249//6
f 5251//2 5256//2 5255//2
f 5256//5 5253//5 5255//5
f 5254//4 5249//4 5253//4
f 5255//1 5249//1 5251//1
f 5252//3 5254//3 5256//3
f 5258//6 5259//6 5257//6
f 5259//2 5264//2 5263//2
f 5264//5 5261//5 5263//5
f 5262//4 5257//4 5261//4
f 5263//1 5257//1 5259//1
f 5260//3 5262//3 5264//3
f 5266//1 5267//1 5265//1
f 5268//2 5271//2 5267//2
f 5272//3 5269//3 5271//3
f 5270//4 5265//4 5269//4
f 5271//5 5265//5 5267//5
f 5268//6 5270//6 5272//6
f 5274//6 5275//6 5273//6
f 5275//2 5280//2 5279//2
f 5280//5 5277//5 5279//5
f 5278//4 5273//4 5277//4
f 5279//1 5273//1 5275//1
f 5276//3 5278//3 5280//3
f 5282//6 5283//6 5281//6
f 5283//2 5288//2 5287//2
f 5288//5 5285//5 5287//5
f 5286//4 5281//4 5285//4
f 5287//1 5281//1 5283//1
f 5284//3 5286//3 5288//3
f 5290//6 5291//6 5289//6
f 5291//2 5296//2 5295//2
f 5296//5 5293//5 5295//5
f 5294//4 5289//4 5293//4
f 5295//1 5289//1 5291//1
f 5292//3 5294//3 5296//3
f 5298//6 5299//6 5297//6
f 5299//2 5304//2 5303//2
f 5304//5 5301//5 5303//5
f 5302//4 5297//4 5301//4
f 5303//1 5297//1 5299//1
f 5300//3 5302//3 5304//3
f 5306//6 5307//6 5305//6
f 5308//2 5311//2 5307//2
f 5312//5 5309//5 5311//5
f 5310//4 5305//4 5309//4
f 5311//1 5305//1 5307//1
f 5308//3 5310//3 5312//3
f 5314//6 5315//6 5313//6
f 5316//2 5319//2 5315//2
f 5320//5 5317//5 5319//5
f 5318//4 5313//4 5317//4
f 5319//1 5313//1 5315//1
f 5316//3 5318//3 5320//3
f 5322//6 5323//6 5321//6
f 5324//2 5327//2 5323//2
f 5328//5 5325//5 5327//5
f 5325//4 5322//4 5321//4
f 5327//1 5321//1 5323//1
f 5324//3 5326//3 5328//3
f 5330//6 5331//6 5329//6
f 5331//2 5336//2 5335//2
f 5336//5 5333//5 5335//5
f 5333//4 5330//4 5329//4
f 5335//1 5329//1 5331//1
f 5332//3 5334//3 5336//3
f 5338//6 5339//6 5337//6
f 5340//2 5343//2 5339//2
f 5344//5 5341//5 5343//5
f 5342//4 5337//4 5341//4
f 5343//1 5337//1 5339//1
f 5340//3 5342//3 5344//3
f 5346//6 5347//6 5345//6
f 5348//2 5351//2 5347//2
f 5352//5 5349//5 5351//5
f 5350//4 5345//4 5349//4
f 5351//1 5345//1 5347//1
f 5348//3 5350//3 5352//3
f 5354//6 5355//6 5353//6
f 5356//2 5359//2 5355//2
f 5360//5 5357//5 5359//5
f 5358//4 5353//4 5357//4
f 5359//1 5353//1 5355//1
f 5356//3 5358//3 5360//3
f 5362//6 5363//6 5361//6
f 5363//2 5368//2 5367//2
f 5368//5 5365//5 5367//5
f 5366//4 5361//4 5365//4
f 5367//1 5361//1 5363//1
f 5364//3 5366//3 5368//3
f 5370//6 5371//6 5369//6
f 5372//2 5375//2 5371//2
f 5376//5 5373//5 5375//5
f 5374//4 5369//4 5373//4
f 5375//1 5369//1 5371//1
f 5372//3 5374//3 5376//3
f 5378//6 5379//6 5377//6
f 5379//2 5384//2 5383//2
f 5384//5 5381//5 5383//5
f 5382//4 5377//4 5381//4
f 5383//1 5377//1 5379//1
f 5380//3 5382//3 5384//3
f 5386//6 5387//6 5385//6
f 5388//2 5391//2 5387//2
f 5392//5 5389//5 5391//5
f 5390//4 5385//4 5389//4
f 5391//1 5385//1 5387//1
f 5388//3 5390//3 5392//3
f 5394//6 5395//6 5393//6
f 5396//2 5399//2 5395//2
f 5400//5 5397//5 5399//5
f 5398//4 5393//4 5397//4
f 5399//1 5393//1 5395//1
f 5396//3 5398//3 5400//3
f 5402//6 5403//6 5401//6
f 5404//2 5407//2 5403//2
f 5408//5 5405//5 5407//5
f 5406//4 5401//4 5405//4
f 5407//1 5401//1 5403//1
f 5404//3 5406//3 5408//3
f 5410//6 5411//6 5409//6
f 5412//2 5415//2 5411//2
f 5416//5 5413//5 5415//5
f 5414//4 5409//4 5413//4
f 5415//1 5409//1 5411//1
f 5412//3 5414//3 5416//3
f 5418//6 5419//6 5417//6
f 5419//2 5424//2 5423//2
f 5424//5 5421//5 5423//5
f 5422//4 5417//4 5421//4
f 5423//1 5417//1 5419//1
f 5420//3 5422//3 5424//3
f 5426//6 5427//6 5425//6
f 5427//2 5432//2 5431//2
f 5432//5 5429//5 5431//5
f 5430//4 5425//4 5429//4
f 5431//1 5425//1 5427//1
f 5428//3 5430//3 5432//3
f 5434//6 5435//6 5433//6
f 5435//2 5440//2 5439//2
f 5440//5 5437//5 5439//5
f 5438//4 5433//4 5437//4
f 5439//1 5433//1 5435//1
f 5436//3 5438//3 5440//3
f 5442//1 5443//1 5441//1
f 5444//2 5447//2 5443//2
f 5448//3 5445//3 5447//3
f 5446//4 5441//4 5445//4
f 5447//5 5441//5 5443//5
f 5444//6 5446//6 5448//6
f 5450//1 5451//1 5449//1
f 5452//2 5455//2 5451//2
f 5456//3 5453//3 5455//3
f 5454//4 5449//4 5453//4
f 5455//5 5449//5 5451//5
f 5452//6 5454//6 5456//6
f 5458//1 5459//1 5457//1
f 5460//2 5463//2 5459//2
f 5464//3 5461//3 5463//3
f 5462//4 5457//4 5461//4
f 5463//5 5457//5 5459//5
f 5460//6 5462//6 5464//6
f 5466//1 5467//1 5465//1
f 5468//2 5471//2 5467//2
f 5472//3 5469//3 5471//3
f 5470//4 5465//4 5469//4
f 5471//5 5465//5 5467//5
f 5468//6 5470//6 5472//6
f 5474//1 5475//1 5473//1
f 5476//2 5479//2 5475//2
f 5480//3 5477//3 5479//3
f 5478//4 5473//4 5477//4
f 5479//5 5473//5 5475//5
f 5476//6 5478//6 5480//6
f 5482//3 5483//3 5481//3
f 5484//4 5487//4 5483//4
f 5488//1 5485//1 5487//1
f 5486//2 5481//2 5485//2
f 5487//5 5481//5 5483//5
f 5484//6 5486//6 5488//6
f 5490//3 5491//3 5489//3
f 5492//4 5495//4 5491//4
f 5496//1 5493//1 5495//1
f 5494//2 5489//2 5493//2
f 5495//5 5489//5 5491//5
f 5496//6 5490//6 5494//6
f 5498//3 5499//3 5497//3
f 5500//4 5503//4 5499//4
f 5504//1 5501//1 5503//1
f 5502//2 5497//2 5501//2
f 5503//5 5497//5 5499//5
f 5504//6 5498//6 5502//6
f 5505//6 5508//6 5507//6
f 5508//4 5511//4 5507//4
f 5512//5 5509//5 5511//5
f 5510//2 5505//2 5509//2
f 5511//3 5505//3 5507//3
f 5508//1 5510//1 5512//1
f 5513//6 5516//6 5515//6
f 5516//4 5519//4 5515//4
f 5520//5 5517//5 5519//5
f 5517//2 5514//2 5513//2
f 5519//3 5513//3 5515//3
f 5516//1 5518//1 5520//1
f 5521//6 5524//6 5523//6
f 5524//4 5527//4 5523//4
f 5528//5 5525//5 5527//5
f 5526//2 5521//2 5525//2
f 5527//3 5521//3 5523//3
f 5524//1 5526//1 5528//1
f 5529//6 5532//6 5531//6
f 5532//4 5535//4 5531//4
f 5536//5 5533//5 5535//5
f 5534//2 5529//2 5533//2
f 5535//3 5529//3 5531//3
f 5532//1 5534//1 5536//1
f 5537//6 5540//6 5539//6
f 5539//4 5544//4 5543//4
f 5544//5 5541//5 5543//5
f 5542//2 5537//2 5541//2
f 5543//3 5537//3 5539//3
f 5540//1 5542//1 5544//1
f 5545//6 5548//6 5547//6
f 5548//4 5551//4 5547//4
f 5552//5 5549//5 5551//5
f 5550//2 5545//2 5549//2
f 5551//3 5545//3 5547//3
f 5548//1 5550//1 5552//1
f 5553//6 5556//6 5555//6
f 5556//4 5559//4 5555//4
f 5560//5 5557//5 5559//5
f 5558//2 5553//2 5557//2
f 5559//3 5553//3 5555//3
f 5556//1 5558//1 5560//1
f 5561//6 5564//6 5563//6
f 5563//4 5568//4 5567//4
f 5568//5 5565//5 5567//5
f 5566//2 5561//2 5565//2
f 5567//3 5561//3 5563//3
f 5564//1 5566//1 5568//1
f 5569//6 5572//6 5571//6
f 5572//4 5575//4 5571//4
f 5576//5 5573//5 5575//5
f 5573//2 5570//2 5569//2
f 5575//3 5569//3 5571//3
f 5572//1 5574//1 5576//1
f 5577//6 5580//6 5579//6
f 5579//4 5584//4 5583//4
f 5584//5 5581//5 5583//5
f 5582//2 5577//2 5581//2
f 5583//3 5577//3 5579//3
f 5580//1 5582//1 5584//1
f 5585//6 5588//6 5587//6
f 5588//4 5591//4 5587//4
f 5592//5 5589//5 5591//5
f 5590//2 5585//2 5589//2
f 5591//3 5585//3 5587//3
f 5588//1 5590//1 5592//1
f 5594//6 5595//6 5593//6
f 5595//4 5600//4 5599//4
f 5600//5 5597//5 5599//5
f 5598//2 5593//2 5597//2
f 5599//3 5593//3 5595//3
f 5596//1 5598//1 5600//1
f 5602//6 5603//6 5601//6
f 5603//4 5608//4 5607//4
f 5608//5 5605//5 5607//5
f 5606//2 5601//2 5605//2
f 5607//3 5601//3 5603//3
f 5604//1 5606//1 5608//1
f 5610//6 5611//6 5609//6
f 5611//4 5616//4 5615//4
f 5616//5 5613//5 5615//5
f 5614//2 5609//2 5613//2
f 5615//3 5609//3 5611//3
f 5612//1 5614//1 5616//1
f 5618//6 5619//6 5617//6
f 5619//4 5624//4 5623//4
f 5624//5 5621//5 5623//5
f 5622//2 5617//2 5621//2
f 5623//3 5617//3 5619//3
f 5620//1 5622//1 5624//1
f 5626//3 5627//3 5625//3
f 5628//4 5631//4 5627//4
f 5632//1 5629//1 5631//1
f 5630//2 5625//2 5629//2
f 5631//5 5625//5 5627//5
f 5632//6 5626//6 5630//6
f 5633//6 5636//6 5635//6
f 5635//4 5640//4 5639//4
f 5640//5 5637//5 5639//5
f 5638//2 5633//2 5637//2
f 5639//3 5633//3 5635//3
f 5636//1 5638//1 5640//1
f 5641//6 5644//6 5643//6
f 5643//4 5648//4 5647//4
f 5648//5 5645//5 5647//5
f 5646//2 5641//2 5645//2
f 5647//3 5641//3 5643//3
f 5644//1 5646//1 5648//1
f 5649//6 5652//6 5651//6
f 5651//4 5656//4 5655//4
f 5656//5 5653//5 5655//5
f 5654//2 5649//2 5653//2
f 5655//3 5649//3 5651//3
f 5652//1 5654//1 5656//1
f 5657//6 5660//6 5659//6
f 5660//4 5663//4 5659//4
f 5664//5 5661//5 5663//5
f 5662//2 5657//2 5661//2
f 5663//3 5657//3 5659//3
f 5660//1 5662//1 5664//1
f 5665//6 5668//6 5667//6
f 5668//4 5671//4 5667//4
f 5672//5 5669//5 5671//5
f 5670//2 5665//2 5669//2
f 5671//3 5665//3 5667//3
f 5668//1 5670//1 5672//1
f 5673//6 5676//6 5675//6
f 5676//4 5679//4 5675//4
f 5680//5 5677//5 5679//5
f 5678//2 5673//2 5677//2
f 5679//3 5673//3 5675//3
f 5676//1 5678//1 5680//1
f 5681//6 5684//6 5683//6
f 5684//4 5687//4 5683//4
f 5688//5 5685//5 5687//5
f 5686//2 5681//2 5685//2
f 5687//3 5681//3 5683//3
f 5684//1 5686//1 5688//1
f 5690//2 5691//2 5689//2
f 5692//3 5695//3 5691//3
f 5696//4 5693//4 5695//4
f 5694//1 5689//1 5693//1
f 5695//5 5689//5 5691//5
f 5692//6 5694//6 5696//6
f 5698//2 5699//2 5697//2
f 5700//3 5703//3 5699//3
f 5704//4 5701//4 5703//4
f 5702//1 5697//1 5701//1
f 5703//5 5697//5 5699//5
f 5700//6 5702//6 5704//6
f 5706//2 5707//2 5705//2
f 5708//3 5711//3 5707//3
f 5712//4 5709//4 5711//4
f 5710//1 5705//1 5709//1
f 5711//5 5705//5 5707//5
f 5708//6 5710//6 5712//6
f 5714//6 5715//6 5713//6
f 5716//3 5719//3 5715//3
f 5720//5 5717//5 5719//5
f 5718//1 5713//1 5717//1
f 5719//2 5713//2 5715//2
f 5716//4 5718//4 5720//4
f 5722//6 5723//6 5721//6
f 5724//3 5727//3 5723//3
f 5728//5 5725//5 5727//5
f 5726//1 5721//1 5725//1
f 5727//2 5721//2 5723//2
f 5724//4 5726//4 5728//4
f 5730//6 5731//6 5729//6
f 5732//3 5735//3 5731//3
f 5736//5 5733//5 5735//5
f 5734//1 5729//1 5733//1
f 5735//2 5729//2 5731//2
f 5732//4 5734//4 5736//4
f 5738//6 5739//6 5737//6
f 5740//3 5743//3 5739//3
f 5744//5 5741//5 5743//5
f 5742//1 5737//1 5741//1
f 5743//2 5737//2 5739//2
f 5740//4 5742//4 5744//4
f 5746//6 5747//6 5745//6
f 5747//3 5752//3 5751//3
f 5752//5 5749//5 5751//5
f 5750//1 5745//1 5749//1
f 5751//2 5745//2 5747//2
f 5748//4 5750//4 5752//4
f 5754//6 5755//6 5753//6
f 5755//3 5760//3 5759//3
f 5760//5 5757//5 5759//5
f 5758//1 5753//1 5757//1
f 5759//2 5753//2 5755//2
f 5756//4 5758//4 5760//4
f 5762//6 5763//6 5761//6
f 5763//3 5768//3 5767//3
f 5768//5 5765//5 5767//5
f 5766//1 5761//1 5765//1
f 5767//2 5761//2 5763//2
f 5764//4 5766//4 5768//4
f 5770//6 5771//6 5769//6
f 5771//3 5776//3 5775//3
f 5776//5 5773//5 5775//5
f 5774//1 5769//1 5773//1
f 5775//2 5769//2 5771//2
f 5772//4 5774//4 5776//4
f 5778//6 5779//6 5777//6
f 5779//3 5784//3 5783//3
f 5784//5 5781//5 5783//5
f 5782//1 5777//1 5781//1
f 5783//2 5777//2 5779//2
f 5780//4 5782//4 5784//4
f 5786//6 5787//6 5785//6
f 5787//3 5792//3 5791//3
f 5792//5 5789//5 5791//5
f 5790//1 5785//1 5789//1
f 5791//2 5785//2 5787//2
f 5788//4 5790//4 5792//4
f 5794//2 5795//2 5793//2
f 5796//3 5799//3 5795//3
f 5800//4 5797//4 5799//4
f 5798//1 5793//1 5797//1
f 5799//5 5793//5 5795//5
f 5796//6 5798//6 5800//6
f 5802//6 5803//6 5801//6
f 5803//3 5808//3 5807//3
f 5808//5 5805//5 5807//5
f 5806//1 5801//1 5805//1
f 5807//2 5801//2 5803//2
f 5804//4 5806//4 5808//4
f 5810//6 5811//6 5809//6
f 5811//3 5816//3 5815//3
f 5816//5 5813//5 5815//5
f 5814//1 5809//1 5813//1
f 5815//2 5809//2 5811//2
f 5812//4 5814//4 5816//4
f 5818//6 5819//6 5817//6
f 5819//3 5824//3 5823//3
f 5824//5 5821//5 5823//5
f 5822//1 5817//1 5821//1
f 5823//2 5817//2 5819//2
f 5820//4 5822//4 5824//4
f 5826//6 5827//6 5825//6
f 5827//3 5832//3 5831//3
f 5832//5 5829//5 5831//5
f 5830//1 5825//1 5829//1
f 5831//2 5825//2 5827//2
f 5828//4 5830//4 5832//4
f 5834//4 5835//4 5833//4
f 5836//1 5839//1 5835//1
f 5840//2 5837//2 5839//2
f 5838//3 5833//3 5837//3
f 5839//5 5833//5 5835//5
f 5836//6 5838//6 5840//6
f 5842//4 5843//4 5841//4
f 5844//1 5847//1 5843//1
f 5848//2 5845//2 5847//2
f 5846//3 5841//3 5845//3
f 5847//5 5841//5 5843//5
f 5844//6 5846//6 5848//6
f 5850//6 5851//6 5849//6
f 5852//1 5855//1 5851//1
f 5856//5 5853//5 5855//5
f 5854//3 5849//3 5853//3
f 5855//4 5849//4 5851//4
f 5852//2 5854//2 5856//2
f 5858//6 5859//6 5857//6
f 5860//1 5863//1 5859//1
f 5864//5 5861//5 5863//5
f 5862//3 5857//3 5861//3
f 5863//4 5857//4 5859//4
f 5860//2 5862//2 5864//2
f 5866//6 5867//6 5865//6
f 5867//1 5872//1 5871//1
f 5872//5 5869//5 5871//5
f 5870//3 5865//3 5869//3
f 5871//4 5865//4 5867//4
f 5868//2 5870//2 5872//2
f 5874//4 5875//4 5873//4
f 5876//1 5879//1 5875//1
f 5880//2 5877//2 5879//2
f 5878//3 5873//3 5877//3
f 5879//5 5873//5 5875//5
f 5876//6 5878//6 5880//6
f 5882//6 5883//6 5881//6
f 5883//1 5888//1 5887//1
f 5888//5 5885//5 5887//5
f 5886//3 5881//3 5885//3
f 5887//4 5881//4 5883//4
f 5884//2 5886//2 5888//2
f 5890//6 5891//6 5889//6
f 5891//1 5896//1 5895//1
f 5896//5 5893//5 5895//5
f 5894//3 5889//3 5893//3
f 5895//4 5889//4 5891//4
f 5892//2 5894//2 5896//2
f 5898//6 5899//6 5897//6
f 5899//1 5904//1 5903//1
f 5904//5 5901//5 5903//5
f 5902//3 5897//3 5901//3
f 5903//4 5897//4 5899//4
f 5900//2 5902//2 5904//2
f 5906//6 5907//6 5905//6
f 5907//1 5912//1 5911//1
f 5912//5 5909//5 5911//5
f 5910//3 5905//3 5909//3
f 5911//4 5905//4 5907//4
f 5908//2 5910//2 5912//2
f 5914//6 5915//6 5913//6
f 5915//1 5920//1 5919//1
f 5920//5 5917//5 5919//5
f 5918//3 5913//3 5917//3
f 5919//4 5913//4 5915//4
f 5916//2 5918//2 5920//2
f 5922//6 5923//6 5921//6
f 5923//1 5928//1 5927//1
f 5928//5 5925//5 5927//5
f 5926//3 5921//3 5925//3
f 5927//4 5921//4 5923//4
f 5924//2 5926//2 5928//2
f 5930//6 5931//6 5929//6
f 5931//1 5936//1 5935//1
f 5936//5 5933//5 5935//5
f 5934//3 5929//3 5933//3
f 5935//4 5929//4 5931//4
f 5932//2 5934//2 5936//2
f 5938//6 5939//6 5937//6
f 5939//1 5944//1 5943//1
f 5944//5 5941//5 5943//5
f 5942//3 5937//3 5941//3
f 5943//4 5937//4 5939//4
f 5940//2 5942//2 5944//2
f 5946//4 5947//4 5945//4
f 5948//1 5951//1 5947//1
f 5952//2 5949//2 5951//2
f 5950//3 5945//3 5949//3
f 5951//5 5945//5 5947//5
f 5948//6 5950//6 5952//6
f 5954//6 5955//6 5953//6
f 5955//1 5960//1 5959//1
f 5960//5 5957//5 5959//5
f 5958//3 5953//3 5957//3
f 5959//4 5953//4 5955//4
f 5956//2 5958//2 5960//2
f 5962//6 5963//6 5961//6
f 5963//1 5968//1 5967//1
f 5968//5 5965//5 5967//5
f 5966//3 5961//3 5965//3
f 5967//4 5961//4 5963//4
f 5964//2 5966//2 5968//2
f 5970//6 5971//6 5969//6
f 5971//1 5976//1 5975//1
f 5976//5 5973//5 5975//5
f 5974//3 5969//3 5973//3
f 5975//4 5969//4 5971//4
f 5972//2 5974//2 5976//2
f 5978//6 5979//6 5977//6
f 5979//1 5984//1 5983//1
f 5984//5 5981//5 5983//5
f 5982//3 5977//3 5981//3
f 5983//4 5977//4 5979//4
f 5980//2 5982//2 5984//2
f 5986//6 5987//6 5985//6
f 5988//1 5991//1 5987//1
f 5992//5 5989//5 5991//5
f 5990//3 5985//3 5989//3
f 5991//4 5985//4 5987//4
f 5988//2 5990//2 5992//2
f 5994//6 5995//6 5993//6
f 5996//1 5999//1 5995//1
f 6000//5 5997//5 5999//5
f 5998//3 5993//3 5997//3
f 5999//4 5993//4 5995//4
f 5996//2 5998//2 6000//2
f 6002//6 6003//6 6001//6
f 6004//1 6007//1 6003//1
f 6008//5 6005//5 6007//5
f 6006//3 6001//3 6005//3
f 6007//4 6001//4 6003//4
f 6004//2 6006//2 6008//2
f 6010//6 6011//6 6009//6
f 6012//1 6015//1 6011//1
f 6016//5 6013//5 6015//5
f 6014//3 6009//3 6013//3
f 6015//4 6009//4 6011//4
f 6012//2 6014//2 6016//2
f 6018//6 6019//6 6017//6
f 6020//1 6023//1 6019//1
f 6024//5 6021//5 6023//5
f 6022//3 6017//3 6021//3
f 6023//4 6017//4 6019//4
f 6020//2 6022//2 6024//2
f 6026//6 6027//6 6025//6
f 6028//1 6031//1 6027//1
f 6032//5 6029//5 6031//5
f 6030//3 6025//3 6029//3
f 6031//4 6025//4 6027//4
f 6028//2 6030//2 6032//2
f 6034//6 6035//6 6033//6
f 6036//1 6039//1 6035//1
f 6040//5 6037//5 6039//5
f 6038//3 6033//3 6037//3
f 6039//4 6033//4 6035//4
f 6036//2 6038//2 6040//2
f 6042//6 6043//6 6041//6
f 6044//1 6047//1 6043//1
f 6048//5 6045//5 6047//5
f 6046//3 6041//3 6045//3
f 6047//4 6041//4 6043//4
f 6044//2 6046//2 6048//2
f 6050//6 6051//6 6049//6
f 6052//1 6055//1 6051//1
f 6056//5 6053//5 6055//5
f 6054//3 6049//3 6053//3
f 6055//4 6049//4 6051//4
f 6052//2 6054//2 6056//2
f 6058//6 6059//6 6057//6
f 6060//1 6063//1 6059//1
f 6064//5 6061//5 6063//5
f 6062//3 6057//3 6061//3
f 6063//4 6057//4 6059//4
f 6060//2 6062//2 6064//2
f 6066//6 6067//6 6065//6
f 6068//1 6071//1 6067//1
f 6072//5 6069//5 6071//5
f 6070//3 6065//3 6069//3
f 6071//4 6065//4 6067//4
f 6068//2 6070//2 6072//2
f 6074//6 6075//6 6073//6
f 6076//1 6079//1 6075//1
f 6080//5 6077//5 6079//5
f 6078//3 6073//3 6077//3
f 6079//4 6073//4 6075//4
f 6076//2 6078//2 6080//2
f 6082//4 6083//4 6081//4
f 6084//1 6087//1 6083//1
f 6088//2 6085//2 6087//2
f 6086//3 6081//3 6085//3
f 6087//5 6081//5 6083//5
f 6084//6 6086//6 6088//6
f 6090//4 6091//4 6089//4
f 6092//1 6095//1 6091//1
f 6096//2 6093//2 6095//2
f 6094//3 6089//3 6093//3
f 6095//5 6089//5 6091//5
f 6092//6 6094//6 6096//6
f 6098//4 6099//4 6097//4
f 6100//1 6103//1 6099//1
f 6104//2 6101//2 6103//2
f 6102//3 6097//3 6101//3
f 6103//5 6097//5 6099//5
f 6100//6 6102//6 6104//6
f 6106//2 6107//2 6105//2
f 6108//3 6111//3 6107//3
f 6112//4 6109//4 6111//4
f 6110//1 6105//1 6109//1
f 6107//5 6109//5 6105//5
f 6108//6 6110//6 6112//6
f 6114//2 6115//2 6113//2
f 6116//3 6119//3 6115//3
f 6120//4 6117//4 6119//4
f 6118//1 6113//1 6117//1
f 6119//5 6113//5 6115//5
f 6116//6 6118//6 6120//6
f 6122//2 6123//2 6121//2
f 6124//3 6127//3 6123//3
f 6128//4 6125//4 6127//4
f 6126//1 6121//1 6125//1
f 6127//5 6121//5 6123//5
f 6124//6 6126//6 6128//6
f 6130//2 6131//2 6129//2
f 6132//3 6135//3 6131//3
f 6136//4 6133//4 6135//4
f 6134//1 6129//1 6133//1
f 6135//5 6129//5 6131//5
f 6132//6 6134//6 6136//6
f 6138//2 6139//2 6137//2
f 6140//3 6143//3 6139//3
f 6144//4 6141//4 6143//4
f 6142//1 6137//1 6141//1
f 6143//5 6137//5 6139//5
f 6140//6 6142//6 6144//6
f 6146//6 6147//6 6145//6
f 6148//3 6151//3 6147//3
f 6152//5 6149//5 6151//5
f 6150//1 6145//1 6149//1
f 6151//2 6145//2 6147//2
f 6148//4 6150//4 6152//4
f 6154//6 6155//6 6153//6
f 6156//3 6159//3 6155//3
f 6160//5 6157//5 6159//5
f 6158//1 6153//1 6157//1
f 6159//2 6153//2 6155//2
f 6156//4 6158//4 6160//4
f 6162//6 6163//6 6161//6
f 6164//3 6167//3 6163//3
f 6168//5 6165//5 6167//5
f 6166//1 6161//1 6165//1
f 6167//2 6161//2 6163//2
f 6164//4 6166//4 6168//4
f 6170//6 6171//6 6169//6
f 6172//3 6175//3 6171//3
f 6176//5 6173//5 6175//5
f 6174//1 6169//1 6173//1
f 6175//2 6169//2 6171//2
f 6172//4 6174//4 6176//4
f 6178//6 6179//6 6177//6
f 6180//3 6183//3 6179//3
f 6184//5 6181//5 6183//5
f 6182//1 6177//1 6181//1
f 6183//2 6177//2 6179//2
f 6180//4 6182//4 6184//4
f 6186//6 6187//6 6185//6
f 6188//3 6191//3 6187//3
f 6192//5 6189//5 6191//5
f 6190//1 6185//1 6189//1
f 6191//2 6185//2 6187//2
f 6188//4 6190//4 6192//4
f 6194//6 6195//6 6193//6
f 6196//3 6199//3 6195//3
f 6200//5 6197//5 6199//5
f 6198//1 6193//1 6197//1
f 6199//2 6193//2 6195//2
f 6196//4 6198//4 6200//4
f 6202//6 6203//6 6201//6
f 6204//3 6207//3 6203//3
f 6208//5 6205//5 6207//5
f 6206//1 6201//1 6205//1
f 6207//2 6201//2 6203//2
f 6204//4 6206//4 6208//4
f 6210//6 6211//6 6209//6
f 6211//3 6216//3 6215//3
f 6216//5 6213//5 6215//5
f 6214//1 6209//1 6213//1
f 6215//2 6209//2 6211//2
f 6212//4 6214//4 6216//4
f 6218//6 6219//6 6217//6
f 6220//3 6223//3 6219//3
f 6224//5 6221//5 6223//5
f 6222//1 6217//1 6221//1
f 6223//2 6217//2 6219//2
f 6220//4 6222//4 6224//4
f 6226//6 6227//6 6225//6
f 6228//3 6231//3 6227//3
f 6232//5 6229//5 6231//5
f 6230//1 6225//1 6229//1
f 6231//2 6225//2 6227//2
f 6228//4 6230//4 6232//4
f 6234//6 6235//6 6233//6
f 6236//3 6239//3 6235//3
f 6240//5 6237//5 6239//5
f 6238//1 6233//1 6237//1
f 6239//2 6233//2 6235//2
f 6236//4 6238//4 6240//4
f 6242//6 6243//6 6241//6
f 6244//3 6247//3 6243//3
f 6248//5 6245//5 6247//5
f 6246//1 6241//1 6245//1
f 6247//2 6241//2 6243//2
f 6244//4 6246//4 6248//4
f 6250//6 6251//6 6249//6
f 6252//3 6255//3 6251//3
f 6256//5 6253//5 6255//5
f 6254//1 6249//1 6253//1
f 6255//2 6249//2 6251//2
f 6252//4 6254//4 6256//4
f 6258//6 6259//6 6257//6
f 6260//3 6263//3 6259//3
f 6264//5 6261//5 6263//5
f 6262//1 6257//1 6261//1
f 6263//2 6257//2 6259//2
f 6260//4 6262//4 6264//4
f 6266//6 6267//6 6265//6
f 6268//3 6271//3 6267//3
f 6272//5 6269//5 6271//5
f 6270//1 6265//1 6269//1
f 6271//2 6265//2 6267//2
f 6268//4 6270//4 6272//4
f 6274//6 6275//6 6273//6
f 6276//3 6279//3 6275//3
f 6280//5 6277//5 6279//5
f 6278//1 6273//1 6277//1
f 6279//2 6273//2 6275//2
f 6276//4 6278//4 6280//4
f 6282//6 6283//6 6281//6
f 6284//3 6287//3 6283//3
f 6288//5 6285//5 6287//5
f 6286//1 6281//1 6285//1
f 6287//2 6281//2 6283//2
f 6284//4 6286//4 6288//4
f 6290//6 6291//6 6289//6
f 6292//3 6295//3 6291//3
f 6296//5 6293//5 6295//5
f 6294//1 6289//1 6293//1
f 6295//2 6289//2 6291//2
f 6292//4 6294//4 6296//4
f 6298//6 6299//6 6297//6
f 6300//3 6303//3 6299//3
f 6304//5 6301//5 6303//5
f 6302//1 6297//1 6301//1
f 6303//2 6297//2 6299//2
f 6300//4 6302//4 6304//4
f 6306//6 6307//6 6305//6
f 6308//3 6311//3 6307//3
f 6312//5 6309//5 6311//5
f 6310//1 6305//1 6309//1
f 6311//2 6305//2 6307//2
f 6308//4 6310//4 6312//4
f 6314//6 6315//6 6313//6
f 6316//3 6319//3 6315//3
f 6320//5 6317//5 6319//5
f 6318//1 6313//1 6317//1
f 6319//2 6313//2 6315//2
f 6316//4 6318//4 6320//4
f 6322//6 6323//6 6321//6
f 6324//3 6327//3 6323//3
f 6328//5 6325//5 6327//5
f 6325//1 6322//1 6321//1
f 6327//2 6321//2 6323//2
f 6324//4 6326//4 6328//4
f 6330//6 6331//6 6329//6
f 6331//3 6336//3 6335//3
f 6336//5 6333//5 6335//5
f 6334//1 6329//1 6333//1
f 6335//2 6329//2 6331//2
f 6332//4 6334//4 6336//4
f 6338//6 6339//6 6337//6
f 6339//3 6344//3 6343//3
f 6344//5 6341//5 6343//5
f 6342//1 6337//1 6341//1
f 6343//2 6337//2 6339//2
f 6340//4 6342//4 6344//4
f 6346//6 6347//6 6345//6
f 6347//3 6352//3 6351//3
f 6352//5 6349//5 6351//5
f 6350//1 6345//1 6349//1
f 6351//2 6345//2 6347//2
f 6348//4 6350//4 6352//4
f 6354//6 6355//6 6353//6
f 6355//3 6360//3 6359//3
f 6360//5 6357//5 6359//5
f 6358//1 6353//1 6357//1
f 6359//2 6353//2 6355//2
f 6356//4 6358//4 6360//4
f 6362//2 6363//2 6361//2
f 6364//3 6367//3 6363//3
f 6368//4 6365//4 6367//4
f 6366//1 6361//1 6365//1
f 6367//5 6361//5 6363//5
f 6364//6 6366//6 6368//6
f 6370//6 6371//6 6369//6
f 6371//3 6376//3 6375//3
f 6376//5 6373//5 6375//5
f 6374//1 6369//1 6373//1
f 6375//2 6369//2 6371//2
f 6372//4 6374//4 6376//4
f 6378//6 6379//6 6377//6
f 6379//3 6384//3 6383//3
f 6384//5 6381//5 6383//5
f 6382//1 6377//1 6381//1
f 6383//2 6377//2 6379//2
f 6380//4 6382//4 6384//4
f 6386//6 6387//6 6385//6
f 6387//3 6392//3 6391//3
f 6392//5 6389//5 6391//5
f 6390//1 6385//1 6389//1
f 6391//2 6385//2 6387//2
f 6388//4 6390//4 6392//4
f 6394//6 6395//6 6393//6
f 6395//3 6400//3 6399//3
f 6400//5 6397//5 6399//5
f 6398//1 6393//1 6397//1
f 6399//2 6393//2 6395//2
f 6396//4 6398//4 6400//4
f 6402//6 6403//6 6401//6
f 6403//3 6408//3 6407//3
f 6408//5 6405//5 6407//5
f 6406//1 6401//1 6405//1
f 6407//2 6401//2 6403//2
f 6404//4 6406//4 6408//4
f 6410//6 6411//6 6409//6
f 6411//3 6416//3 6415//3
f 6416//5 6413//5 6415//5
f 6414//1 6409//1 6413//1
f 6415//2 6409//2 6411//2
f 6412//4 6414//4 6416//4
f 6418//6 6419//6 6417//6
f 6419//3 6424//3 6423//3
f 6424//5 6421//5 6423//5
f 6422//1 6417//1 6421//1
f 6423//2 6417//2 6419//2
f 6420//4 6422//4 6424//4
f 6426//6 6427//6 6425//6
f 6427//3 6432//3 6431//3
f 6432//5 6429//5 6431//5
f 6430//1 6425//1 6429//1
f 6431//2 6425//2 6427//2
f 6428//4 6430//4 6432//4
f 6434//6 6435//6 6433//6
f 6435//3 6440//3 6439//3
f 6440//5 6437//5 6439//5
f 6438//1 6433//1 6437//1
f 6439//2 6433//2 6435//2
f 6436//4 6438//4 6440//4
f 6442//6 6443//6 6441//6
f 6443//3 6448//3 6447//3
f 6448//5 6445//5 6447//5
f 6446//1 6441//1 6445//1
f 6447//2 6441//2 6443//2
f 6444//4 6446//4 6448//4
f 6450//6 6451//6 6449//6
f 6451//3 6456//3 6455//3
f 6456//5 6453//5 6455//5
f 6454//1 6449//1 6453//1
f 6455//2 6449//2 6451//2
f 6452//4 6454//4 6456//4
f 6458//6 6459//6 6457//6
f 6459//3 6464//3 6463//3
f 6464//5 6461//5 6463//5
f 6462//1 6457//1 6461//1
f 6463//2 6457//2 6459//2
f 6460//4 6462//4 6464//4
f 6466//6 6467//6 6465//6
f 6467//3 6472//3 6471//3
f 6472//5 6469//5 6471//5
f 6470//1 6465//1 6469//1
f 6471//2 6465//2 6467//2
f 6468//4 6470//4 6472//4
f 6474//6 6475//6 6473//6
f 6475//3 6480//3 6479//3
f 6480//5 6477//5 6479//5
f 6478//1 6473//1 6477//1
f 6479//2 6473//2 6475//2
f 6476//4 6478//4 6480//4
f 6482//2 6483//2 6481//2
f 6484//3 6487//3 6483//3
f 6488//4 6485//4 6487//4
f 6486//1 6481//1 6485//1
f 6487//5 6481//5 6483//5
f 6484//6 6486//6 6488//6
f 6490//6 6491//6 6489//6
f 6491//3 6496//3 6495//3
f 6496//5 6493//5 6495//5
f 6494//1 6489//1 6493//1
f 6495//2 6489//2 6491//2
f 6492//4 6494//4 6496//4
f 6498//6 6499//6 6497//6
f 6499//3 6504//3 6503//3
f 6504//5 6501//5 6503//5
f 6502//1 6497//1 6501//1
f 6503//2 6497//2 6499//2
f 6500//4 6502//4 6504//4
f 6506//6 6507//6 6505//6
f 6507//3 6512//3 6511//3
f 6512//5 6509//5 6511//5
f 6510//1 6505//1 6509//1
f 6511//2 6505//2 6507//2
f 6508//4 6510//4 6512//4
f 6514//6 6515//6 6513//6
f 6515//3 6520//3 6519//3
f 6520//5 6517//5 6519//5
f 6518//1 6513//1 6517//1
f 6519//2 6513//2 6515//2
f 6516//4 6518//4 6520//4
f 6522//6 6523//6 6521//6
f 6524//3 6527//3 6523//3
f 6528//5 6525//5 6527//5
f 6525//1 6522//1 6521//1
f 6527//2 6521//2 6523//2
f 6524//4 6526//4 6528//4
f 6530//6 6531//6 6529//6
f 6532//3 6535//3 6531//3
f 6536//5 6533//5 6535//5
f 6534//1 6529//1 6533//1
f 6535//2 6529//2 6531//2
f 6532//4 6534//4 6536//4
f 6538//6 6539//6 6537//6
f 6540//3 6543//3 6539//3
f 6544//5 6541//5 6543//5
f 6542//1 6537//1 6541//1
f 6543//2 6537//2 6539//2
f 6540//4 6542//4 6544//4
f 6546//6 6547//6 6545//6
f 6548//3 6551//3 6547//3
f 6552//5 6549//5 6551//5
f 6550//1 6545//1 6549//1
f 6551//2 6545//2 6547//2
f 6548//4 6550//4 6552//4
f 6554//6 6555//6 6553//6
f 6556//3 6559//3 6555//3
f 6560//5 6557//5 6559//5
f 6558//1 6553//1 6557//1
f 6559//2 6553//2 6555//2
f 6556//4 6558//4 6560//4
f 6562//6 6563//6 6561//6
f 6564//3 6567//3 6563//3
f 6568//5 6565//5 6567//5
f 6565//1 6562//1 6561//1
f 6567//2 6561//2 6563//2
f 6564//4 6566//4 6568//4
f 6570//6 6571//6 6569//6
f 6572//3 6575//3 6571//3
f 6576//5 6573//5 6575//5
f 6574//1 6569//1 6573//1
f 6575//2 6569//2 6571//2
f 6572//4 6574//4 6576//4
f 6578//6 6579//6 6577//6
f 6580//3 6583//3 6579//3
f 6584//5 6581//5 6583//5
f 6582//1 6577//1 6581//1
f 6583//2 6577//2 6579//2
f 6580//4 6582//4 6584//4
f 6586//6 6587//6 6585//6
f 6588//3 6591//3 6587//3
f 6592//5 6589//5 6591//5
f 6590//1 6585//1 6589//1
f 6591//2 6585//2 6587//2
f 6588//4 6590//4 6592//4
f 6594//6 6595//6 6593//6
f 6596//3 6599//3 6595//3
f 6600//5 6597//5 6599//5
f 6598//1 6593//1 6597//1
f 6599//2 6593//2 6595//2
f 6596//4 6598//4 6600//4
f 6602//6 6603//6 6601//6
f 6604//3 6607//3 6603//3
f 6608//5 6605//5 6607//5
f 6606//1 6601//1 6605//1
f 6607//2 6601//2 6603//2
f 6604//4 6606//4 6608//4
f 6610//6 6611//6 6609//6
f 6612//3 6615//3 6611//3
f 6616//5 6613//5 6615//5
f 6614//1 6609//1 6613//1
f 6615//2 6609//2 6611//2
f 6612//4 6614//4 6616//4
f 6618//6 6619//6 6617//6
f 6620//3 6623//3 6619//3
f 6624//5 6621//5 6623//5
f 6622//1 6617//1 6621//1
f 6623//2 6617//2 6619//2
f 6620//4 6622//4 6624//4
f 6626//6 6627//6 6625//6
f 6628//3 6631//3 6627//3
f 6632//5 6629//5 6631//5
f 6630//1 6625//1 6629//1
f 6631//2 6625//2 6627//2
f 6628//4 6630//4 6632//4
f 6634//6 6635//6 6633//6
f 6635//3 6640//3 6639//3
f 6640//5 6637//5 6639//5
f 6638//1 6633//1 6637//1
f 6639//2 6633//2 6635//2
f 6636//4 6638//4 6640//4
f 6642//6 6643//6 6641//6
f 6644//3 6647//3 6643//3
f 6648//5 6645//5 6647//5
f 6646//1 6641//1 6645//1
f 6647//2 6641//2 6643//2
f 6644//4 6646//4 6648//4
f 6650//6 6651//6 6649//6
f 6652//3 6655//3 6651//3
f 6656//5 6653//5 6655//5
f 6654//1 6649//1 6653//1
f 6655//2 6649//2 6651//2
f 6652//4 6654//4 6656//4
f 6658//6 6659//6 6657//6
f 6660//3 6663//3 6659//3
f 6664//5 6661//5 6663//5
f 6662//1 6657//1 6661//1
f 6663//2 6657//2 6659//2
f 6660//4 6662//4 6664//4
f 6666//6 6667//6 6665//6
f 6668//3 6671//3 6667//3
f 6672//5 6669//5 6671//5
f 6670//1 6665//1 6669//1
f 6671//2 6665//2 6667//2
f 6668//4 6670//4 6672//4
f 6674//6 6675//6 6673//6
f 6676//3 6679//3 6675//3
f 6680//5 6677//5 6679//5
f 6678//1 6673//1 6677//1
f 6679//2 6673//2 6675//2
f 6676//4 6678//4 6680//4
f 6682//6 6683//6 6681//6
f 6684//3 6687//3 6683//3
f 6688//5 6685//5 6687//5
f 6686//1 6681//1 6685//1
f 6687//2 6681//2 6683//2
f 6684//4 6686//4 6688//4
f 6690//6 6691//6 6689//6
f 6692//3 6695//3 6691//3
f 6696//5 6693//5 6695//5
f 6694//1 6689//1 6693//1
f 6695//2 6689//2 6691//2
f 6692//4 6694//4 6696//4
f 6698//2 6699//2 6697//2
f 6700//3 6703//3 6699//3
f 6704//4 6701//4 6703//4
f 6702//1 6697//1 6701//1
f 6703//5 6697//5 6699//5
f 6700//6 6702//6 6704//6
f 6706//2 6707//2 6705//2
f 6708//3 6711//3 6707//3
f 6712//4 6709//4 6711//4
f 6710//1 6705//1 6709//1
f 6711//5 6705//5 6707//5
f 6708//6 6710//6 6712//6
f 6714//2 6715//2 6713//2
f 6716//3 6719//3 6715//3
f 6720//4 6717//4 6719//4
f 6718//1 6713//1 6717//1
f 6719//5 6713//5 6715//5
f 6716//6 6718//6 6720//6
f 6722//2 6723//2 6721//2
f 6724//3 6727//3 6723//3
f 6728//4 6725//4 6727//4
f 6726//1 6721//1 6725//1
f 6727//5 6721//5 6723//5
f 6724//6 6726//6 6728//6
f 6730//1 6731//1 6729//1
f 6732//2 6735//2 6731//2
f 6736//3 6733//3 6735//3
f 6734//4 6729//4 6733//4
f 6735//5 6729//5 6731//5
f 6732//6 6734//6 6736//6
f 6738//1 6739//1 6737//1
f 6740//2 6743//2 6739//2
f 6744//3 6741//3 6743//3
f 6742//4 6737//4 6741//4
f 6743//5 6737//5 6739//5
f 6740//6 6742//6 6744//6
f 6746//1 6747//1 6745//1
f 6748//2 6751//2 6747//2
f 6752//3 6749//3 6751//3
f 6750//4 6745//4 6749//4
f 6751//5 6745//5 6747//5
f 6748//6 6750//6 6752//6
f 6754//1 6755//1 6753//1
f 6756//2 6759//2 6755//2
f 6760//3 6757//3 6759//3
f 6758//4 6753//4 6757//4
f 6759//5 6753//5 6755//5
f 6756//6 6758//6 6760//6
f 6762//6 6763//6 6761//6
f 6764//2 6767//2 6763//2
f 6768//5 6765//5 6767//5
f 6766//4 6761//4 6765//4
f 6767//1 6761//1 6763//1
f 6764//3 6766//3 6768//3
f 6770//6 6771//6 6769//6
f 6772//2 6775//2 6771//2
f 6776//5 6773//5 6775//5
f 6774//4 6769//4 6773//4
f 6775//1 6769//1 6771//1
f 6772//3 6774//3 6776//3
f 6778//6 6779//6 6777//6
f 6780//2 6783//2 6779//2
f 6784//5 6781//5 6783//5
f 6782//4 6777//4 6781//4
f 6783//1 6777//1 6779//1
f 6780//3 6782//3 6784//3
f 6786//6 6787//6 6785//6
f 6788//2 6791//2 6787//2
f 6792//5 6789//5 6791//5
f 6790//4 6785//4 6789//4
f 6791//1 6785//1 6787//1
f 6788//3 6790//3 6792//3
f 6794//6 6795//6 6793//6
f 6796//2 6799//2 6795//2
f 6800//5 6797//5 6799//5
f 6798//4 6793//4 6797//4
f 6799//1 6793//1 6795//1
f 6796//3 6798//3 6800//3
f 6802//6 6803//6 6801//6
f 6804//2 6807//2 6803//2
f 6808//5 6805//5 6807//5
f 6806//4 6801//4 6805//4
f 6807//1 6801//1 6803//1
f 6804//3 6806//3 6808//3
f 6810//6 6811//6 6809//6
f 6812//2 6815//2 6811//2
f 6816//5 6813//5 6815//5
f 6814//4 6809//4 6813//4
f 6815//1 6809//1 6811//1
f 6812//3 6814//3 6816//3
f 6818//6 6819//6 6817//6
f 6819//2 6824//2 6823//2
f 6824//5 6821//5 6823//5
f 6822//4 6817//4 6821//4
f 6823//1 6817//1 6819//1
f 6820//3 6822//3 6824//3
f 6826//6 6827//6 6825//6
f 6828//2 6831//2 6827//2
f 6832//5 6829//5 6831//5
f 6830//4 6825//4 6829//4
f 6831//1 6825//1 6827//1
f 6828//3 6830//3 6832//3
f 6834//6 6835//6 6833//6
f 6836//2 6839//2 6835//2
f 6840//5 6837//5 6839//5
f 6838//4 6833//4 6837//4
f 6839//1 6833//1 6835//1
f 6836//3 6838//3 6840//3
f 6842//6 6843//6 6841//6
f 6844//2 6847//2 6843//2
f 6848//5 6845//5 6847//5
f 6846//4 6841//4 6845//4
f 6847//1 6841//1 6843//1
f 6844//3 6846//3 6848//3
f 6850//6 6851//6 6849//6
f 6852//2 6855//2 6851//2
f 6856//5 6853//5 6855//5
f 6854//4 6849//4 6853//4
f 6855//1 6849//1 6851//1
f 6852//3 6854//3 6856//3
f 6858//6 6859//6 6857//6
f 6860//2 6863//2 6859//2
f 6864//5 6861//5 6863//5
f 6862//4 6857//4 6861//4
f 6863//1 6857//1 6859//1
f 6860//3 6862//3 6864//3
f 6866//6 6867//6 6865//6
f 6868//2 6871//2 6867//2
f 6872//5 6869//5 6871//5
f 6870//4 6865//4 6869//4
f 6871//1 6865//1 6867//1
f 6868//3 6870//3 6872//3
f 6874//6 6875//6 6873//6
f 6876//2 6879//2 6875//2
f 6880//5 6877//5 6879//5
f 6878//4 6873//4 6877//4
f 6879//1 6873//1 6875//1
f 6876//3 6878//3 6880//3
f 6882//6 6883//6 6881//6
f 6884//2 6887//2 6883//2
f 6888//5 6885//5 6887//5
f 6886//4 6881//4 6885//4
f 6887//1 6881//1 6883//1
f 6884//3 6886//3 6888//3
f 6890//6 6891//6 6889//6
f 6892//2 6895//2 6891//2
f 6896//5 6893//5 6895//5
f 6894//4 6889//4 6893//4
f 6895//1 6889//1 6891//1
f 6892//3 6894//3 6896//3
f 6898//6 6899//6 6897//6
f 6900//2 6903//2 6899//2
f 6904//5 6901//5 6903//5
f 6902//4 6897//4 6901//4
f 6903//1 6897//1 6899//1
f 6900//3 6902//3 6904//3
f 6906//6 6907//6 6905//6
f 6908//2 6911//2 6907//2
f 6912//5 6909//5 6911//5
f 6910//4 6905//4 6909//4
f 6911//1 6905//1 6907//1
f 6908//3 6910//3 6912//3
f 6914//6 6915//6 6913//6
f 6916//2 6919//2 6915//2
f 6920//5 6917//5 6919//5
f 6918//4 6913//4 6917//4
f 6919//1 6913//1 6915//1
f 6916//3 6918//3 6920//3
f 6922//6 6923//6 6921//6
f 6924//2 6927//2 6923//2
f 6928//5 6925//5 6927//5
f 6926//4 6921//4 6925//4
f 6927//1 6921//1 6923//1
f 6924//3 6926//3 6928//3
f 6930//6 6931//6 6929//6
f 6932//2 6935//2 6931//2
f 6936//5 6933//5 6935//5
f 6933//4 6930//4 6929//4
f 6935//1 6929//1 6931//1
f 6932//3 6934//3 6936//3
f 6938//6 6939//6 6937//6
f 6939//2 6944//2 6943//2
f 6944//5 6941//5 6943//5
f 6942//4 6937//4 6941//4
f 6943//1 6937//1 6939//1
f 6940//3 6942//3 6944//3
f 6946//6 6947//6 6945//6
f 6947//2 6952//2 6951//2
f 6952//5 6949//5 6951//5
f 6950//4 6945//4 6949//4
f 6951//1 6945//1 6947//1
f 6948//3 6950//3 6952//3
f 6954//6 6955//6 6953//6
f 6955//2 6960//2 6959//2
f 6960//5 6957//5 6959//5
f 6958//4 6953//4 6957//4
f 6959//1 6953//1 6955//1
f 6956//3 6958//3 6960//3
f 6962//6 6963//6 6961//6
f 6963//2 6968//2 6967//2
f 6968//5 6965//5 6967//5
f 6966//4 6961//4 6965//4
f 6967//1 6961//1 6963//1
f 6964//3 6966//3 6968//3
f 6970//1 6971//1 6969//1
f 6972//2 6975//2 6971//2
f 6976//3 6973//3 6975//3
f 6974//4 6969//4 6973//4
f 6975//5 6969//5 6971//5
f 6972//6 6974//6 6976//6
f 6978//6 6979//6 6977//6
f 6979//2 6984//2 6983//2
f 6984//5 6981//5 6983//5
f 6982//4 6977//4 6981//4
f 6983//1 6977//1 6979//1
f 6980//3 6982//3 6984//3
f 6986//6 6987//6 6985//6
f 6988//2 6991//2 6987//2
f 6992//5 6989//5 6991//5
f 6990//4 6985//4 6989//4
f 6991//1 6985//1 6987//1
f 6988//3 6990//3 6992//3
f 6994//6 6995//6 6993//6
f 6995//2 7000//2 6999//2
f 7000//5 6997//5 6999//5
f 6998//4 6993//4 6997//4
f 6999//1 6993//1 6995//1
f 6996//3 6998//3 7000//3
f 7002//6 7003//6 7001//6
f 7003//2 7008//2 7007//2
f 7008//5 7005//5 7007//5
f 7006//4 7001//4 7005//4
f 7007//1 7001//1 7003//1
f 7004//3 7006//3 7008//3
f 7010//6 7011//6 7009//6
f 7012//2 7015//2 7011//2
f 7016//5 7013//5 7015//5
f 7014//4 7009//4 7013//4
f 7015//1 7009//1 7011//1
f 7012//3 7014//3 7016//3
f 7018//6 7019//6 7017//6
f 7019//2 7024//2 7023//2
f 7024//5 7021//5 7023//5
f 7022//4 7017//4 7021//4
f 7023//1 7017//1 7019//1
f 7020//3 7022//3 7024//3
f 7026//6 7027//6 7025//6
f 7027//2 7032//2 7031//2
f 7032//5 7029//5 7031//5
f 7030//4 7025//4 7029//4
f 7031//1 7025//1 7027//1
f 7028//3 7030//3 7032//3
f 7034//6 7035//6 7033//6
f 7035//2 7040//2 7039//2
f 7040//5 7037//5 7039//5
f 7038//4 7033//4 7037//4
f 7039//1 7033//1 7035//1
f 7036//3 7038//3 7040//3
f 7042//6 7043//6 7041//6
f 7043//2 7048//2 7047//2
f 7048//5 7045//5 7047//5
f 7046//4 7041//4 7045//4
f 7047//1 7041//1 7043//1
f 7044//3 7046//3 7048//3
f 7050//6 7051//6 7049//6
f 7051//2 7056//2 7055//2
f 7056//5 7053//5 7055//5
f 7054//4 7049//4 7053//4
f 7055//1 7049//1 7051//1
f 7052//3 7054//3 7056//3
f 7058//6 7059//6 7057//6
f 7059//2 7064//2 7063//2
f 7064//5 7061//5 7063//5
f 7062//4 7057//4 7061//4
f 7063//1 7057//1 7059//1
f 7060//3 7062//3 7064//3
f 7066//6 7067//6 7065//6
f 7067//2 7072//2 7071//2
f 7072//5 7069//5 7071//5
f 7070//4 7065//4 7069//4
f 7071//1 7065//1 7067//1
f 7068//3 7070//3 7072//3
f 7074//6 7075//6 7073//6
f 7075//2 7080//2 7079//2
f 7080//5 7077//5 7079//5
f 7078//4 7073//4 7077//4
f 7079//1 7073//1 7075//1
f 7076//3 7078//3 7080//3
f 7082//6 7083//6 7081//6
f 7083//2 7088//2 7087//2
f 7088//5 7085//5 7087//5
f 7086//4 7081//4 7085//4
f 7087//1 7081//1 7083//1
f 7084//3 7086//3 7088//3
f 7090//1 7091//1 7089//1
f 7092//2 7095//2 7091//2
f 7096//3 7093//3 7095//3
f 7094//4 7089//4 7093//4
f 7095//5 7089//5 7091//5
f 7092//6 7094//6 7096//6
f 7098//6 7099//6 7097//6
f 7099//2 7104//2 7103//2
f 7104//5 7101//5 7103//5
f 7102//4 7097//4 7101//4
f 7103//1 7097//1 7099//1
f 7100//3 7102//3 7104//3
f 7106//6 7107//6 7105//6
f 7107//2 7112//2 7111//2
f 7112//5 7109//5 7111//5
f 7110//4 7105//4 7109//4
f 7111//1 7105//1 7107//1
f 7108//3 7110//3 7112//3
f 7114//6 7115//6 7113//6
f 7115//2 7120//2 7119//2
f 7120//5 7117//5 7119//5
f 7118//4 7113//4 7117//4
f 7119//1 7113//1 7115//1
f 7116//3 7118//3 7120//3
f 7122//6 7123//6 7121//6
f 7123//2 7128//2 7127//2
f 7128//5 7125//5 7127//5
f 7126//4 7121//4 7125//4
f 7127//1 7121//1 7123//1
f 7124//3 7126//3 7128//3
f 7130//6 7131//6 7129//6
f 7132//2 7135//2 7131//2
f 7136//5 7133//5 7135//5
f 7133//4 7130//4 7129//4
f 7135//1 7129//1 7131//1
f 7132//3 7134//3 7136//3
f 7138//6 7139//6 7137//6
f 7140//2 7143//2 7139//2
f 7144//5 7141//5 7143//5
f 7142//4 7137//4 7141//4
f 7143//1 7137//1 7139//1
f 7140//3 7142//3 7144//3
f 7146//6 7147//6 7145//6
f 7148//2 7151//2 7147//2
f 7152//5 7149//5 7151//5
f 7150//4 7145//4 7149//4
f 7151//1 7145//1 7147//1
f 7148//3 7150//3 7152//3
f 7154//6 7155//6 7153//6
f 7156//2 7159//2 7155//2
f 7160//5 7157//5 7159//5
f 7158//4 7153//4 7157//4
f 7159//1 7153//1 7155//1
f 7156//3 7158//3 7160//3
f 7162//6 7163//6 7161//6
f 7164//2 7167//2 7163//2
f 7168//5 7165//5 7167//5
f 7166//4 7161//4 7165//4
f 7167//1 7161//1 7163//1
f 7164//3 7166//3 7168//3
f 7170//6 7171//6 7169//6
f 7172//2 7175//2 7171//2
f 7176//5 7173//5 7175//5
f 7173//4 7170//4 7169//4
f 7175//1 7169//1 7171//1
f 7172//3 7174//3 7176//3
f 7178//6 7179//6 7177//6
f 7180//2 7183//2 7179//2
f 7184//5 7181//5 7183//5
f 7182//4 7177//4 7181//4
f 7183//1 7177//1 7179//1
f 7180//3 7182//3 7184//3
f 7186//6 7187//6 7185//6
f 7188//2 7191//2 7187//2
f 7192//5 7189//5 7191//5
f 7190//4 7185//4 7189//4
f 7191//1 7185//1 7187//1
f 7188//3 7190//3 7192//3
f 7194//6 7195//6 7193//6
f 7196//2 7199//2 7195//2
f 7200//5 7197//5 7199//5
f 7198//4 7193//4 7197//4
f 7199//1 7193//1 7195//1
f 7196//3 7198//3 7200//3
f 7202//6 7203//6 7201//6
f 7204//2 7207//2 7203//2
f 7208//5 7205//5 7207//5
f 7206//4 7201//4 7205//4
f 7207//1 7201//1 7203//1
f 7204//3 7206//3 7208//3
f 7210//6 7211//6 7209//6
f 7212//2 7215//2 7211//2
f 7216//5 7213//5 7215//5
f 7214//4 7209//4 7213//4
f 7215//1 7209//1 7211//1
f 7212//3 7214//3 7216//3
f 7218//6 7219//6 7217//6
f 7220//2 7223//2 7219//2
f 7224//5 7221//5 7223//5
f 7222//4 7217//4 7221//4
f 7223//1 7217//1 7219//1
f 7220//3 7222//3 7224//3
f 7226//6 7227//6 7225//6
f 7228//2 7231//2 7227//2
f 7232//5 7229//5 7231//5
f 7230//4 7225//4 7229//4
f 7231//1 7225//1 7227//1
f 7228//3 7230//3 7232//3
f 7234//6 7235//6 7233//6
f 7236//2 7239//2 7235//2
f 7240//5 7237//5 7239//5
f 7238//4 7233//4 7237//4
f 7239//1 7233//1 7235//1
f 7236//3 7238//3 7240//3
f 7242//6 7243//6 7241//6
f 7243//2 7248//2 7247//2
f 7248//5 7245//5 7247//5
f 7246//4 7241//4 7245//4
f 7247//1 7241//1 7243//1
f 7244//3 7246//3 7248//3
f 7250//6 7251//6 7249//6
f 7252//2 7255//2 7251//2
f 7256//5 7253//5 7255//5
f 7254//4 7249//4 7253//4
f 7255//1 7249//1 7251//1
f 7252//3 7254//3 7256//3
f 7258//6 7259//6 7257//6
f 7260//2 7263//2 7259//2
f 7264//5 7261//5 7263//5
f 7262//4 7257//4 7261//4
f 7263//1 7257//1 7259//1
f 7260//3 7262//3 7264//3
f 7266//6 7267//6 7265//6
f 7268//2 7271//2 7267//2
f 7272//5 7269//5 7271//5
f 7270//4 7265//4 7269//4
f 7271//1 7265//1 7267//1
f 7268//3 7270//3 7272//3
f 7274//6 7275//6 7273//6
f 7276//2 7279//2 7275//2
f 7280//5 7277//5 7279//5
f 7278//4 7273//4 7277//4
f 7279//1 7273//1 7275//1
f 7276//3 7278//3 7280//3
f 7282//6 7283//6 7281//6
f 7284//2 7287//2 7283//2
f 7288//5 7285//5 7287//5
f 7286//4 7281//4 7285//4
f 7287//1 7281//1 7283//1
f 7284//3 7286//3 7288//3
f 7290//6 7291//6 7289//6
f 7292//2 7295//2 7291//2
f 7296//5 7293//5 7295//5
f 7294//4 7289//4 7293//4
f 7295//1 7289//1 7291//1
f 7292//3 7294//3 7296//3
f 7298//6 7299//6 7297//6
f 7300//2 7303//2 7299//2
f 7304//5 7301//5 7303//5
f 7302//4 7297//4 7301//4
f 7303//1 7297//1 7299//1
f 7300//3 7302//3 7304//3
f 7306//6 7307//6 7305//6
f 7307//2 7312//2 7311//2
f 7312//5 7309//5 7311//5
f 7310//4 7305//4 7309//4
f 7311//1 7305//1 7307//1
f 7308//3 7310//3 7312//3
f 7314//1 7315//1 7313//1
f 7316//2 7319//2 7315//2
f 7320//3 7317//3 7319//3
f 7318//4 7313//4 7317//4
f 7319//5 7313//5 7315//5
f 7316//6 7318//6 7320//6
f 7322//1 7323//1 7321//1
f 7324//2 7327//2 7323//2
f 7328//3 7325//3 7327//3
f 7326//4 7321//4 7325//4
f 7327//5 7321//5 7323//5
f 7324//6 7326//6 7328//6
f 7330//1 7331//1 7329//1
f 7332//2 7335//2 7331//2
f 7336//3 7333//3 7335//3
f 7334//4 7329//4 7333//4
f 7335//5 7329//5 7331//5
f 7332//6 7334//6 7336//6
f 7338//1 7339//1 7337//1
f 7340//2 7343//2 7339//2
f 7344//3 7341//3 7343//3
f 7342//4 7337//4 7341//4
f 7343//5 7337//5 7339//5
f 7340//6 7342//6 7344//6
f 7346//1 7347//1 7345//1
f 7348//2 7351//2 7347//2
f 7352//3 7349//3 7351//3
f 7350//4 7345//4 7349//4
f 7351//5 7345//5 7347//5
f 7348//6 7350//6 7352//6
f 7354//1 7355//1 7353//1
f 7356//2 7359//2 7355//2
f 7360//3 7357//3 7359//3
f 7358//4 7353//4 7357//4
f 7359//5 7353//5 7355//5
f 7356//6 7358//6 7360//6
f 2//1 4//1 3//1
f 4//2 8//2 7//2
f 8//3 6//3 5//3
f 6//4 2//4 1//4
f 7//5 5//5 1//5
f 4//6 2//6 6//6
f 10//6 12//6 11//6
f 12//4 16//4 15//4
f 16//5 14//5 13//5
f 14//2 10//2 9//2
f 15//3 13//3 9//3
f 12//1 10//1 14//1
f 18//6 20//6 19//6
f 20//2 24//2 23//2
f 24//5 22//5 21//5
f 22//4 18//4 17//4
f 23//1 21//1 17//1
f 20//3 18//3 22//3
f 26//6 28//6 27//6
f 27//4 28//4 32//4
f 32//5 30//5 29//5
f 30//2 26//2 25//2
f 31//3 29//3 25//3
f 28//1 26//1 30//1
f 34//6 36//6 35//6
f 35//4 36//4 40//4
f 40//5 38//5 37//5
f 38//2 34//2 33//2
f 39//3 37//3 33//3
f 36//1 34//1 38//1
f 42//6 44//6 43//6
f 44//4 48//4 47//4
f 48//5 46//5 45//5
f 46//2 42//2 41//2
f 47//3 45//3 41//3
f 44//1 42//1 46//1
f 50//6 52//6 51//6
f 52//4 56//4 55//4
f 56//5 54//5 53//5
f 54//2 50//2 49//2
f 55//3 53//3 49//3
f 52//1 50//1 54//1
f 58//6 60//6 59//6
f 59//4 60//4 64//4
f 64//5 62//5 61//5
f 62//2 58//2 57//2
f 63//3 61//3 57//3
f 60//1 58//1 62//1
f 66//6 68//6 67//6
f 67//4 68//4 72//4
f 72//5 70//5 69//5
f 70//2 66//2 65//2
f 71//3 69//3 65//3
f 68//1 66//1 70//1
f 74//6 76//6 75//6
f 75//4 76//4 80//4
f 80//5 78//5 77//5
f 78//2 74//2 73//2
f 79//3 77//3 73//3
f 76//1 74//1 78//1
f 82//6 84//6 83//6
f 83//4 84//4 88//4
f 88//5 86//5 85//5
f 86//2 82//2 81//2
f 87//3 85//3 81//3
f 84//1 82//1 86//1
f 90//6 92//6 91//6
f 91//4 92//4 96//4
f 96//5 94//5 93//5
f 94//2 90//2 89//2
f 95//3 93//3 89//3
f 92//1 90//1 94//1
f 98//6 100//6 99//6
f 99//4 100//4 104//4
f 104//5 102//5 101//5
f 102//2 98//2 97//2
f 103//3 101//3 97//3
f 100//1 98//1 102//1
f 106//6 108//6 107//6
f 107//4 108//4 112//4
f 112//5 110//5 109//5
f 110//2 106//2 105//2
f 111//3 109//3 105//3
f 108//1 106//1 110//1
f 114//6 116//6 115//6
f 115//4 116//4 120//4
f 120//5 118//5 117//5
f 118//2 114//2 113//2
f 119//3 117//3 113//3
f 116//1 114//1 118//1
f 122//6 124//6 123//6
f 124//4 128//4 127//4
f 128//5 126//5 125//5
f 126//2 122//2 121//2
f 127//3 125//3 121//3
f 124//1 122//1 126//1
f 130//6 132//6 131//6
f 132//4 136//4 135//4
f 136//5 134//5 133//5
f 134//2 130//2 129//2
f 135//3 133//3 129//3
f 132//1 130//1 134//1
f 138//6 140//6 139//6
f 140//4 144//4 143//4
f 144//5 142//5 141//5
f 142//2 138//2 137//2
f 143//3 141//3 137//3
f 140//1 138//1 142//1
f 146//6 148//6 147//6
f 148//4 152//4 151//4
f 152//5 150//5 149//5
f 150//2 146//2 145//2
f 151//3 149//3 145//3
f 148//1 146//1 150//1
f 154//6 156//6 155//6
f 156//4 160//4 159//4
f 160//5 158//5 157//5
f 158//2 154//2 153//2
f 159//3 157//3 153//3
f 156//1 154//1 158//1
f 162//6 164//6 163//6
f 163//4 164//4 168//4
f 168//5 166//5 165//5
f 166//2 162//2 161//2
f 167//3 165//3 161//3
f 164//1 162//1 166//1
f 170//6 172//6 171//6
f 172//4 176//4 175//4
f 176//5 174//5 173//5
f 174//2 170//2 169//2
f 175//3 173//3 169//3
f 172//1 170//1 174//1
f 178//3 180//3 179//3
f 180//4 184//4 183//4
f 184//1 182//1 181//1
f 182//2 178//2 177//2
f 183//5 181//5 177//5
f 180//6 178//6 182//6
f 186//3 188//3 187//3
f 188//4 192//4 191//4
f 192//1 190//1 189//1
f 190//2 186//2 185//2
f 191//5 189//5 185//5
f 188//6 186//6 190//6
f 194//6 196//6 195//6
f 196//2 200//2 199//2
f 200//5 198//5 197//5
f 198//4 194//4 193//4
f 199//1 197//1 193//1
f 196//3 194//3 198//3
f 202//6 204//6 203//6
f 204//2 208//2 207//2
f 208//5 206//5 205//5
f 206//4 202//4 201//4
f 207//1 205//1 201//1
f 204//3 202//3 206//3
f 210//6 212//6 211//6
f 211//2 212//2 216//2
f 216//5 214//5 213//5
f 214//4 210//4 209//4
f 215//1 213//1 209//1
f 212//3 210//3 214//3
f 218//6 220//6 219//6
f 220//2 224//2 223//2
f 224//5 222//5 221//5
f 222//4 218//4 217//4
f 223//1 221//1 217//1
f 220//3 218//3 222//3
f 226//6 228//6 227//6
f 228//2 232//2 231//2
f 232//5 230//5 229//5
f 230//4 226//4 225//4
f 231//1 229//1 225//1
f 228//3 226//3 230//3
f 234//1 236//1 235//1
f 236//2 240//2 239//2
f 240//3 238//3 237//3
f 238//4 234//4 233//4
f 239//5 237//5 233//5
f 236//6 234//6 238//6
f 242//6 244//6 243//6
f 243//2 244//2 248//2
f 248//5 246//5 245//5
f 246//4 242//4 241//4
f 247//1 245//1 241//1
f 244//3 242//3 246//3
f 250//6 252//6 251//6
f 251//2 252//2 256//2
f 256//5 254//5 253//5
f 254//4 250//4 249//4
f 255//1 253//1 249//1
f 252//3 250//3 254//3
f 258//6 260//6 259//6
f 259//2 260//2 264//2
f 264//5 262//5 261//5
f 262//4 258//4 257//4
f 263//1 261//1 257//1
f 260//3 258//3 262//3
f 266//6 268//6 267//6
f 267//2 268//2 272//2
f 272//5 270//5 269//5
f 270//4 266//4 265//4
f 271//1 269//1 265//1
f 268//3 266//3 270//3
f 274//6 276//6 275//6
f 276//2 280//2 279//2
f 280//5 278//5 277//5
f 278//4 274//4 273//4
f 279//1 277//1 273//1
f 276//3 274//3 278//3
f 282//6 284//6 283//6
f 284//2 288//2 287//2
f 288//5 286//5 285//5
f 286//4 282//4 281//4
f 287//1 285//1 281//1
f 284//3 282//3 286//3
f 290//6 292//6 291//6
f 292//2 296//2 295//2
f 296//5 294//5 293//5
f 294//4 290//4 289//4
f 295//1 293//1 289//1
f 292//3 290//3 294//3
f 298//6 300//6 299//6
f 300//2 304//2 303//2
f 304//5 302//5 301//5
f 302//4 298//4 297//4
f 303//1 301//1 297//1
f 300//3 298//3 302//3
f 306//6 308//6 307//6
f 308//2 312//2 311//2
f 312//5 310//5 309//5
f 310//4 306//4 305//4
f 311//1 309//1 305//1
f 308//3 306//3 310//3
f 314//6 316//6 315//6
f 315//2 316//2 320//2
f 320//5 318//5 317//5
f 318//4 314//4 313//4
f 319//1 317//1 313//1
f 316//3 314//3 318//3
f 322//6 324//6 323//6
f 324//2 328//2 327//2
f 328//5 326//5 325//5
f 326//4 322//4 321//4
f 327//1 325//1 321//1
f 324//3 322//3 326//3
f 330//6 332//6 331//6
f 331//2 332//2 336//2
f 336//5 334//5 333//5
f 334//4 330//4 329//4
f 335//1 333//1 329//1
f 332//3 330//3 334//3
f 338//6 340//6 339//6
f 340//2 344//2 343//2
f 344//5 342//5 341//5
f 342//4 338//4 337//4
f 343//1 341//1 337//1
f 340//3 338//3 342//3
f 346//6 348//6 347//6
f 348//2 352//2 351//2
f 352//5 350//5 349//5
f 350//4 346//4 345//4
f 351//1 349//1 345//1
f 348//3 346//3 350//3
f 354//6 356//6 355//6
f 356//2 360//2 359//2
f 360//5 358//5 357//5
f 358//4 354//4 353//4
f 359//1 357//1 353//1
f 356//3 354//3 358//3
f 362//6 364//6 363//6
f 364//2 368//2 367//2
f 368//5 366//5 365//5
f 366//4 362//4 361//4
f 367//1 365//1 361//1
f 364//3 362//3 366//3
f 370//6 372//6 371//6
f 372//2 376//2 375//2
f 376//5 374//5 373//5
f 374//4 370//4 369//4
f 375//1 373//1 369//1
f 372//3 370//3 374//3
f 378//6 380//6 379//6
f 380//2 384//2 383//2
f 384//5 382//5 381//5
f 382//4 378//4 377//4
f 383//1 381//1 377//1
f 380//3 378//3 382//3
f 386//6 388//6 387//6
f 387//2 388//2 392//2
f 392//5 390//5 389//5
f 390//4 386//4 385//4
f 391//1 389//1 385//1
f 388//3 386//3 390//3
f 394//6 396//6 395//6
f 395//2 396//2 400//2
f 400//5 398//5 397//5
f 398//4 394//4 393//4
f 399//1 397//1 393//1
f 396//3 394//3 398//3
f 402//6 404//6 403//6
f 403//2 404//2 408//2
f 408//5 406//5 405//5
f 406//4 402//4 401//4
f 407//1 405//1 401//1
f 404//3 402//3 406//3
f 410//1 412//1 411//1
f 412//2 416//2 415//2
f 416//3 414//3 413//3
f 414//4 410//4 409//4
f 415//5 413//5 409//5
f 412//6 410//6 414//6
f 418//1 420//1 419//1
f 420//2 424//2 423//2
f 424//3 422//3 421//3
f 422//4 418//4 417//4
f 423//5 421//5 417//5
f 420//6 418//6 422//6
f 426//1 428//1 427//1
f 428//2 432//2 431//2
f 432//3 430//3 429//3
f 430//4 426//4 425//4
f 431//5 429//5 425//5
f 428//6 426//6 430//6
f 434//1 436//1 435//1
f 436//2 440//2 439//2
f 440//3 438//3 437//3
f 438//4 434//4 433//4
f 439//5 437//5 433//5
f 436//6 434//6 438//6
f 442//1 444//1 443//1
f 444//2 448//2 447//2
f 448//3 446//3 445//3
f 446//4 442//4 441//4
f 447//5 445//5 441//5
f 444//6 442//6 446//6
f 450//6 452//6 451//6
f 452//2 456//2 455//2
f 456//5 454//5 453//5
f 454//4 450//4 449//4
f 455//1 453//1 449//1
f 452//3 450//3 454//3
f 458//6 460//6 459//6
f 459//2 460//2 464//2
f 464//5 462//5 461//5
f 462//4 458//4 457//4
f 463//1 461//1 457//1
f 460//3 458//3 462//3
f 466//6 468//6 467//6
f 468//2 472//2 471//2
f 472//5 470//5 469//5
f 470//4 466//4 465//4
f 471//1 469//1 465//1
f 468//3 466//3 470//3
f 474//6 476//6 475//6
f 475//2 476//2 480//2
f 480//5 478//5 477//5
f 478//4 474//4 473//4
f 479//1 477//1 473//1
f 476//3 474//3 478//3
f 482//6 484//6 483//6
f 484//4 488//4 487//4
f 488//5 486//5 485//5
f 486//2 482//2 481//2
f 487//3 485//3 481//3
f 484//1 482//1 486//1
f 490//6 492//6 491//6
f 492//3 496//3 495//3
f 495//5 496//5 494//5
f 494//1 490//1 489//1
f 495//2 493//2 489//2
f 492//4 490//4 494//4
f 498//6 500//6 499//6
f 500//3 504//3 503//3
f 503//5 504//5 502//5
f 502//1 498//1 497//1
f 503//2 501//2 497//2
f 500//4 498//4 502//4
f 506//6 508//6 507//6
f 507//3 508//3 512//3
f 511//5 512//5 510//5
f 510//1 506//1 505//1
f 511//2 509//2 505//2
f 508//4 506//4 510//4
f 514//6 516//6 515//6
f 516//3 520//3 519//3
f 519//5 520//5 518//5
f 518//1 514//1 513//1
f 519//2 517//2 513//2
f 516//4 514//4 518//4
f 522//6 524//6 523//6
f 524//3 528//3 527//3
f 527//5 528//5 526//5
f 526//1 522//1 521//1
f 527//2 525//2 521//2
f 524//4 522//4 526//4
f 530//6 532//6 531//6
f 532//3 536//3 535//3
f 535//5 536//5 534//5
f 534//1 530//1 529//1
f 535//2 533//2 529//2
f 532//4 530//4 534//4
f 538//6 540//6 539//6
f 539//3 540//3 544//3
f 543//5 544//5 542//5
f 542//1 538//1 537//1
f 543//2 541//2 537//2
f 540//4 538//4 542//4
f 546//2 548//2 547//2
f 548//3 552//3 551//3
f 552//4 550//4 549//4
f 550//1 546//1 545//1
f 551//5 549//5 545//5
f 548//6 546//6 550//6
f 554//6 556//6 555//6
f 555//3 556//3 560//3
f 559//5 560//5 558//5
f 558//1 554//1 553//1
f 559//2 557//2 553//2
f 556//4 554//4 558//4
f 562//6 564//6 563//6
f 563//3 564//3 568//3
f 567//5 568//5 566//5
f 566//1 562//1 561//1
f 567//2 565//2 561//2
f 564//4 562//4 566//4
f 570//6 572//6 571//6
f 571//3 572//3 576//3
f 575//5 576//5 574//5
f 574//1 570//1 569//1
f 575//2 573//2 569//2
f 572//4 570//4 574//4
f 578//6 580//6 579//6
f 579//3 580//3 584//3
f 583//5 584//5 582//5
f 582//1 578//1 577//1
f 583//2 581//2 577//2
f 580//4 578//4 582//4
f 586//6 588//6 587//6
f 588//3 592//3 591//3
f 591//5 592//5 590//5
f 590//1 586//1 585//1
f 591//2 589//2 585//2
f 588//4 586//4 590//4
f 594//6 596//6 595//6
f 596//3 600//3 599//3
f 599//5 600//5 598//5
f 598//1 594//1 593//1
f 599//2 597//2 593//2
f 596//4 594//4 598//4
f 602//6 604//6 603//6
f 604//3 608//3 607//3
f 607//5 608//5 606//5
f 606//1 602//1 601//1
f 607//2 605//2 601//2
f 604//4 602//4 606//4
f 610//6 612//6 611//6
f 612//3 616//3 615//3
f 615//5 616//5 614//5
f 614//1 610//1 609//1
f 615//2 613//2 609//2
f 612//4 610//4 614//4
f 618//6 620//6 619//6
f 620//3 624//3 623//3
f 623//5 624//5 622//5
f 622//1 618//1 617//1
f 623//2 621//2 617//2
f 620//4 618//4 622//4
f 626//6 628//6 627//6
f 627//3 628//3 632//3
f 631//5 632//5 630//5
f 630//1 626//1 625//1
f 631//2 629//2 625//2
f 628//4 626//4 630//4
f 634//6 636//6 635//6
f 636//3 640//3 639//3
f 639//5 640//5 638//5
f 638//1 634//1 633//1
f 639//2 637//2 633//2
f 636//4 634//4 638//4
f 642//6 644//6 643//6
f 643//3 644//3 648//3
f 647//5 648//5 646//5
f 646//1 642//1 641//1
f 647//2 645//2 641//2
f 644//4 642//4 646//4
f 650//6 652//6 651//6
f 652//3 656//3 655//3
f 655//5 656//5 654//5
f 654//1 650//1 649//1
f 655//2 653//2 649//2
f 652//4 650//4 654//4
f 658//6 660//6 659//6
f 660//3 664//3 663//3
f 663//5 664//5 662//5
f 662//1 658//1 657//1
f 663//2 661//2 657//2
f 660//4 658//4 662//4
f 666//6 668//6 667//6
f 668//3 672//3 671//3
f 671//5 672//5 670//5
f 670//1 666//1 665//1
f 671//2 669//2 665//2
f 668//4 666//4 670//4
f 674//2 676//2 675//2
f 676//3 680//3 679//3
f 680//4 678//4 677//4
f 678//1 674//1 673//1
f 679//5 677//5 673//5
f 676//6 674//6 678//6
f 682//2 684//2 683//2
f 684//3 688//3 687//3
f 688//4 686//4 685//4
f 686//1 682//1 681//1
f 687//5 685//5 681//5
f 684//6 682//6 686//6
f 690//2 692//2 691//2
f 692//3 696//3 695//3
f 696//4 694//4 693//4
f 694//1 690//1 689//1
f 695//5 693//5 689//5
f 692//6 690//6 694//6
f 698//6 700//6 699//6
f 700//1 704//1 703//1
f 704//5 702//5 701//5
f 702//3 698//3 697//3
f 703//4 701//4 697//4
f 700//2 698//2 702//2
f 706//6 708//6 707//6
f 708//1 712//1 711//1
f 712//5 710//5 709//5
f 710//3 706//3 705//3
f 711//4 709//4 705//4
f 708//2 706//2 710//2
f 714//6 716//6 715//6
f 716//1 720//1 719//1
f 720//5 718//5 717//5
f 718//3 714//3 713//3
f 719//4 717//4 713//4
f 716//2 714//2 718//2
f 722//6 724//6 723//6
f 723//1 724//1 728//1
f 728//5 726//5 725//5
f 726//3 722//3 721//3
f 727//4 725//4 721//4
f 724//2 722//2 726//2
f 730//6 732//6 731//6
f 731//1 732//1 736//1
f 736//5 734//5 733//5
f 734//3 730//3 729//3
f 735//4 733//4 729//4
f 732//2 730//2 734//2
f 738//6 740//6 739//6
f 739//1 740//1 744//1
f 744//5 742//5 741//5
f 742//3 738//3 737//3
f 743//4 741//4 737//4
f 740//2 738//2 742//2
f 746//6 748//6 747//6
f 747//1 748//1 752//1
f 752//5 750//5 749//5
f 750//3 746//3 745//3
f 751//4 749//4 745//4
f 748//2 746//2 750//2
f 754//4 756//4 755//4
f 756//1 760//1 759//1
f 760//2 758//2 757//2
f 758//3 754//3 753//3
f 759//5 757//5 753//5
f 756//6 754//6 758//6
f 762//6 764//6 763//6
f 763//1 764//1 768//1
f 768//5 766//5 765//5
f 766//3 762//3 761//3
f 767//4 765//4 761//4
f 764//2 762//2 766//2
f 770//6 772//6 771//6
f 771//1 772//1 776//1
f 776//5 774//5 773//5
f 774//3 770//3 769//3
f 775//4 773//4 769//4
f 772//2 770//2 774//2
f 778//6 780//6 779//6
f 779//1 780//1 784//1
f 784//5 782//5 781//5
f 782//3 778//3 777//3
f 783//4 781//4 777//4
f 780//2 778//2 782//2
f 786//6 788//6 787//6
f 787//1 788//1 792//1
f 792//5 790//5 789//5
f 790//3 786//3 785//3
f 791//4 789//4 785//4
f 788//2 786//2 790//2
f 794//6 796//6 795//6
f 796//1 800//1 799//1
f 800//5 798//5 797//5
f 798//3 794//3 793//3
f 799//4 797//4 793//4
f 796//2 794//2 798//2
f 802//6 804//6 803//6
f 804//1 808//1 807//1
f 808//5 806//5 805//5
f 806//3 802//3 801//3
f 807//4 805//4 801//4
f 804//2 802//2 806//2
f 810//6 812//6 811//6
f 812//1 816//1 815//1
f 816//5 814//5 813//5
f 814//3 810//3 809//3
f 815//4 813//4 809//4
f 812//2 810//2 814//2
f 818//6 820//6 819//6
f 820//1 824//1 823//1
f 824//5 822//5 821//5
f 822//3 818//3 817//3
f 823//4 821//4 817//4
f 820//2 818//2 822//2
f 826//6 828//6 827//6
f 828//1 832//1 831//1
f 832//5 830//5 829//5
f 830//3 826//3 825//3
f 831//4 829//4 825//4
f 828//2 826//2 830//2
f 834//6 836//6 835//6
f 835//1 836//1 840//1
f 840//5 838//5 837//5
f 838//3 834//3 833//3
f 839//4 837//4 833//4
f 836//2 834//2 838//2
f 842//6 844//6 843//6
f 844//1 848//1 847//1
f 848//5 846//5 845//5
f 846//3 842//3 841//3
f 847//4 845//4 841//4
f 844//2 842//2 846//2
f 850//6 852//6 851//6
f 851//1 852//1 856//1
f 856//5 854//5 853//5
f 854//3 850//3 849//3
f 855//4 853//4 849//4
f 852//2 850//2 854//2
f 858//6 860//6 859//6
f 859//1 860//1 864//1
f 864//5 862//5 861//5
f 862//3 858//3 857//3
f 863//4 861//4 857//4
f 860//2 858//2 862//2
f 866//6 868//6 867//6
f 867//1 868//1 872//1
f 872//5 870//5 869//5
f 870//3 866//3 865//3
f 871//4 869//4 865//4
f 868//2 866//2 870//2
f 874//6 876//6 875//6
f 875//1 876//1 880//1
f 880//5 878//5 877//5
f 878//3 874//3 873//3
f 879//4 877//4 873//4
f 876//2 874//2 878//2
f 882//6 884//6 883//6
f 883//1 884//1 888//1
f 888//5 886//5 885//5
f 886//3 882//3 881//3
f 887//4 885//4 881//4
f 884//2 882//2 886//2
f 890//6 892//6 891//6
f 891//1 892//1 896//1
f 896//5 894//5 893//5
f 894//3 890//3 889//3
f 895//4 893//4 889//4
f 892//2 890//2 894//2
f 898//6 900//6 899//6
f 899//1 900//1 904//1
f 904//5 902//5 901//5
f 902//3 898//3 897//3
f 903//4 901//4 897//4
f 900//2 898//2 902//2
f 906//6 908//6 907//6
f 908//1 912//1 911//1
f 912//5 910//5 909//5
f 910//3 906//3 905//3
f 911//4 909//4 905//4
f 908//2 906//2 910//2
f 914//6 916//6 915//6
f 916//1 920//1 919//1
f 920//5 918//5 917//5
f 918//3 914//3 913//3
f 919//4 917//4 913//4
f 916//2 914//2 918//2
f 922//6 924//6 923//6
f 924//1 928//1 927//1
f 928//5 926//5 925//5
f 926//3 922//3 921//3
f 927//4 925//4 921//4
f 924//2 922//2 926//2
f 930//6 932//6 931//6
f 932//1 936//1 935//1
f 936//5 934//5 933//5
f 934//3 930//3 929//3
f 935//4 933//4 929//4
f 932//2 930//2 934//2
f 938//4 940//4 939//4
f 940//1 944//1 943//1
f 944//2 942//2 941//2
f 942//3 938//3 937//3
f 943//5 941//5 937//5
f 940//6 938//6 942//6
f 946//4 948//4 947//4
f 948//1 952//1 951//1
f 952//2 950//2 949//2
f 950//3 946//3 945//3
f 951//5 949//5 945//5
f 948//6 946//6 950//6
f 954//4 956//4 955//4
f 956//1 960//1 959//1
f 960//2 958//2 957//2
f 958//3 954//3 953//3
f 959//5 957//5 953//5
f 956//6 954//6 958//6
f 962//4 964//4 963//4
f 964//1 968//1 967//1
f 968//2 966//2 965//2
f 966//3 962//3 961//3
f 967//5 965//5 961//5
f 964//6 962//6 966//6
f 970//4 972//4 971//4
f 972//1 976//1 975//1
f 976//2 974//2 973//2
f 974//3 970//3 969//3
f 975//5 973//5 969//5
f 972//6 970//6 974//6
f 978//4 980//4 979//4
f 980//1 984//1 983//1
f 984//2 982//2 981//2
f 982//3 978//3 977//3
f 983//5 981//5 977//5
f 980//6 978//6 982//6
f 986//4 988//4 987//4
f 988//1 992//1 991//1
f 992//2 990//2 989//2
f 990//3 986//3 985//3
f 991//5 989//5 985//5
f 988//6 986//6 990//6
f 994//4 996//4 995//4
f 996//1 1000//1 999//1
f 1000//2 998//2 997//2
f 998//3 994//3 993//3
f 999//5 997//5 993//5
f 996//6 994//6 998//6
f 1002//6 1004//6 1003//6
f 1004//1 1008//1 1007//1
f 1008//5 1006//5 1005//5
f 1006//3 1002//3 1001//3
f 1007//4 1005//4 1001//4
f 1004//2 1002//2 1006//2
f 1010//6 1012//6 1011//6
f 1012//1 1016//1 1015//1
f 1016//5 1014//5 1013//5
f 1014//3 1010//3 1009//3
f 1015//4 1013//4 1009//4
f 1012//2 1010//2 1014//2
f 1018//6 1020//6 1019//6
f 1020//1 1024//1 1023//1
f 1024//5 1022//5 1021//5
f 1022//3 1018//3 1017//3
f 1023//4 1021//4 1017//4
f 1020//2 1018//2 1022//2
f 1026//6 1028//6 1027//6
f 1028//1 1032//1 1031//1
f 1032//5 1030//5 1029//5
f 1030//3 1026//3 1025//3
f 1031//4 1029//4 1025//4
f 1028//2 1026//2 1030//2
f 1034//6 1036//6 1035//6
f 1035//1 1036//1 1040//1
f 1040//5 1038//5 1037//5
f 1038//3 1034//3 1033//3
f 1039//4 1037//4 1033//4
f 1036//2 1034//2 1038//2
f 1042//6 1044//6 1043//6
f 1043//1 1044//1 1048//1
f 1048//5 1046//5 1045//5
f 1046//3 1042//3 1041//3
f 1047//4 1045//4 1041//4
f 1044//2 1042//2 1046//2
f 1050//6 1052//6 1051//6
f 1051//1 1052//1 1056//1
f 1056//5 1054//5 1053//5
f 1054//3 1050//3 1049//3
f 1055//4 1053//4 1049//4
f 1052//2 1050//2 1054//2
f 1058//6 1060//6 1059//6
f 1059//1 1060//1 1064//1
f 1064//5 1062//5 1061//5
f 1062//3 1058//3 1057//3
f 1063//4 1061//4 1057//4
f 1060//2 1058//2 1062//2
f 1066//6 1068//6 1067//6
f 1067//1 1068//1 1072//1
f 1072//5 1070//5 1069//5
f 1070//3 1066//3 1065//3
f 1071//4 1069//4 1065//4
f 1068//2 1066//2 1070//2
f 1074//6 1076//6 1075//6
f 1076//1 1080//1 1079//1
f 1080//5 1078//5 1077//5
f 1078//3 1074//3 1073//3
f 1079//4 1077//4 1073//4
f 1076//2 1074//2 1078//2
f 1082//6 1084//6 1083//6
f 1083//1 1084//1 1088//1
f 1088//5 1086//5 1085//5
f 1086//3 1082//3 1081//3
f 1087//4 1085//4 1081//4
f 1084//2 1082//2 1086//2
f 1090//6 1092//6 1091//6
f 1092//1 1096//1 1095//1
f 1096//5 1094//5 1093//5
f 1094//3 1090//3 1089//3
f 1095//4 1093//4 1089//4
f 1092//2 1090//2 1094//2
f 1098//6 1100//6 1099//6
f 1099//1 1100//1 1104//1
f 1104//5 1102//5 1101//5
f 1102//3 1098//3 1097//3
f 1103//4 1101//4 1097//4
f 1100//2 1098//2 1102//2
f 1106//6 1108//6 1107//6
f 1108//1 1112//1 1111//1
f 1112//5 1110//5 1109//5
f 1110//3 1106//3 1105//3
f 1111//4 1109//4 1105//4
f 1108//2 1106//2 1110//2
f 1114//6 1116//6 1115//6
f 1115//1 1116//1 1120//1
f 1120//5 1118//5 1117//5
f 1118//3 1114//3 1113//3
f 1119//4 1117//4 1113//4
f 1116//2 1114//2 1118//2
f 1122//6 1124//6 1123//6
f 1124//1 1128//1 1127//1
f 1128//5 1126//5 1125//5
f 1126//3 1122//3 1121//3
f 1127//4 1125//4 1121//4
f 1124//2 1122//2 1126//2
f 1130//6 1132//6 1131//6
f 1131//1 1132//1 1136//1
f 1136//5 1134//5 1133//5
f 1134//3 1130//3 1129//3
f 1135//4 1133//4 1129//4
f 1132//2 1130//2 1134//2
f 1138//6 1140//6 1139//6
f 1140//1 1144//1 1143//1
f 1144//5 1142//5 1141//5
f 1142//3 1138//3 1137//3
f 1143//4 1141//4 1137//4
f 1140//2 1138//2 1142//2
f 1146//6 1148//6 1147//6
f 1148//1 1152//1 1151//1
f 1152//5 1150//5 1149//5
f 1150//3 1146//3 1145//3
f 1151//4 1149//4 1145//4
f 1148//2 1146//2 1150//2
f 1154//6 1156//6 1155//6
f 1156//1 1160//1 1159//1
f 1160//5 1158//5 1157//5
f 1158//3 1154//3 1153//3
f 1159//4 1157//4 1153//4
f 1156//2 1154//2 1158//2
f 1162//6 1164//6 1163//6
f 1164//1 1168//1 1167//1
f 1168//5 1166//5 1165//5
f 1166//3 1162//3 1161//3
f 1167//4 1165//4 1161//4
f 1164//2 1162//2 1166//2
f 1170//6 1172//6 1171//6
f 1172//1 1176//1 1175//1
f 1176//5 1174//5 1173//5
f 1174//3 1170//3 1169//3
f 1175//4 1173//4 1169//4
f 1172//2 1170//2 1174//2
f 1178//6 1180//6 1179//6
f 1179//1 1180//1 1184//1
f 1184//5 1182//5 1181//5
f 1182//3 1178//3 1177//3
f 1183//4 1181//4 1177//4
f 1180//2 1178//2 1182//2
f 1186//6 1188//6 1187//6
f 1187//1 1188//1 1192//1
f 1192//5 1190//5 1189//5
f 1190//3 1186//3 1185//3
f 1191//4 1189//4 1185//4
f 1188//2 1186//2 1190//2
f 1194//6 1196//6 1195//6
f 1195//1 1196//1 1200//1
f 1200//5 1198//5 1197//5
f 1198//3 1194//3 1193//3
f 1199//4 1197//4 1193//4
f 1196//2 1194//2 1198//2
f 1202//6 1204//6 1203//6
f 1203//1 1204//1 1208//1
f 1208//5 1206//5 1205//5
f 1206//3 1202//3 1201//3
f 1207//4 1205//4 1201//4
f 1204//2 1202//2 1206//2
f 1210//4 1212//4 1211//4
f 1212//1 1216//1 1215//1
f 1216//2 1214//2 1213//2
f 1214//3 1210//3 1209//3
f 1215//5 1213//5 1209//5
f 1212//6 1210//6 1214//6
f 1218//6 1220//6 1219//6
f 1219//1 1220//1 1224//1
f 1224//5 1222//5 1221//5
f 1222//3 1218//3 1217//3
f 1223//4 1221//4 1217//4
f 1220//2 1218//2 1222//2
f 1226//6 1228//6 1227//6
f 1228//1 1232//1 1231//1
f 1232//5 1230//5 1229//5
f 1230//3 1226//3 1225//3
f 1231//4 1229//4 1225//4
f 1228//2 1226//2 1230//2
f 1234//6 1236//6 1235//6
f 1236//1 1240//1 1239//1
f 1240//5 1238//5 1237//5
f 1238//3 1234//3 1233//3
f 1239//4 1237//4 1233//4
f 1236//2 1234//2 1238//2
f 1242//6 1244//6 1243//6
f 1244//1 1248//1 1247//1
f 1248//5 1246//5 1245//5
f 1246//3 1242//3 1241//3
f 1247//4 1245//4 1241//4
f 1244//2 1242//2 1246//2
f 1250//6 1252//6 1251//6
f 1251//1 1252//1 1256//1
f 1256//5 1254//5 1253//5
f 1254//3 1250//3 1249//3
f 1255//4 1253//4 1249//4
f 1252//2 1250//2 1254//2
f 1258//6 1260//6 1259//6
f 1260//1 1264//1 1263//1
f 1264//5 1262//5 1261//5
f 1262//3 1258//3 1257//3
f 1263//4 1261//4 1257//4
f 1260//2 1258//2 1262//2
f 1266//6 1268//6 1267//6
f 1268//1 1272//1 1271//1
f 1272//5 1270//5 1269//5
f 1270//3 1266//3 1265//3
f 1271//4 1269//4 1265//4
f 1268//2 1266//2 1270//2
f 1274//6 1276//6 1275//6
f 1276//1 1280//1 1279//1
f 1280//5 1278//5 1277//5
f 1278//3 1274//3 1273//3
f 1279//4 1277//4 1273//4
f 1276//2 1274//2 1278//2
f 1282//6 1284//6 1283//6
f 1284//1 1288//1 1287//1
f 1288//5 1286//5 1285//5
f 1286//3 1282//3 1281//3
f 1287//4 1285//4 1281//4
f 1284//2 1282//2 1286//2
f 1290//6 1292//6 1291//6
f 1291//1 1292//1 1296//1
f 1296//5 1294//5 1293//5
f 1294//3 1290//3 1289//3
f 1295//4 1293//4 1289//4
f 1292//2 1290//2 1294//2
f 1298//6 1300//6 1299//6
f 1300//1 1304//1 1303//1
f 1304//5 1302//5 1301//5
f 1302//3 1298//3 1297//3
f 1303//4 1301//4 1297//4
f 1300//2 1298//2 1302//2
f 1306//6 1308//6 1307//6
f 1308//1 1312//1 1311//1
f 1312//5 1310//5 1309//5
f 1310//3 1306//3 1305//3
f 1311//4 1309//4 1305//4
f 1308//2 1306//2 1310//2
f 1314//6 1316//6 1315//6
f 1316//1 1320//1 1319//1
f 1320//5 1318//5 1317//5
f 1318//3 1314//3 1313//3
f 1319//4 1317//4 1313//4
f 1316//2 1314//2 1318//2
f 1322//6 1324//6 1323//6
f 1323//1 1324//1 1328//1
f 1328//5 1326//5 1325//5
f 1326//3 1322//3 1321//3
f 1327//4 1325//4 1321//4
f 1324//2 1322//2 1326//2
f 1330//4 1332//4 1331//4
f 1332//1 1336//1 1335//1
f 1336//2 1334//2 1333//2
f 1334//3 1330//3 1329//3
f 1335//5 1333//5 1329//5
f 1332//6 1330//6 1334//6
f 1338//6 1340//6 1339//6
f 1339//1 1340//1 1344//1
f 1344//5 1342//5 1341//5
f 1342//3 1338//3 1337//3
f 1343//4 1341//4 1337//4
f 1340//2 1338//2 1342//2
f 1346//6 1348//6 1347//6
f 1347//1 1348//1 1352//1
f 1352//5 1350//5 1349//5
f 1350//3 1346//3 1345//3
f 1351//4 1349//4 1345//4
f 1348//2 1346//2 1350//2
f 1354//6 1356//6 1355//6
f 1355//1 1356//1 1360//1
f 1360//5 1358//5 1357//5
f 1358//3 1354//3 1353//3
f 1359//4 1357//4 1353//4
f 1356//2 1354//2 1358//2
f 1362//6 1364//6 1363//6
f 1363//1 1364//1 1368//1
f 1368//5 1366//5 1365//5
f 1366//3 1362//3 1361//3
f 1367//4 1365//4 1361//4
f 1364//2 1362//2 1366//2
f 1370//6 1372//6 1371//6
f 1372//1 1376//1 1375//1
f 1376//5 1374//5 1373//5
f 1374//3 1370//3 1369//3
f 1375//4 1373//4 1369//4
f 1372//2 1370//2 1374//2
f 1378//6 1380//6 1379//6
f 1380//1 1384//1 1383//1
f 1384//5 1382//5 1381//5
f 1382//3 1378//3 1377//3
f 1383//4 1381//4 1377//4
f 1380//2 1378//2 1382//2
f 1386//6 1388//6 1387//6
f 1388//1 1392//1 1391//1
f 1392//5 1390//5 1389//5
f 1390//3 1386//3 1385//3
f 1391//4 1389//4 1385//4
f 1388//2 1386//2 1390//2
f 1394//6 1396//6 1395//6
f 1396//1 1400//1 1399//1
f 1400//5 1398//5 1397//5
f 1398//3 1394//3 1393//3
f 1399//4 1397//4 1393//4
f 1396//2 1394//2 1398//2
f 1402//6 1404//6 1403//6
f 1404//1 1408//1 1407//1
f 1408//5 1406//5 1405//5
f 1406//3 1402//3 1401//3
f 1407//4 1405//4 1401//4
f 1404//2 1402//2 1406//2
f 1410//6 1412//6 1411//6
f 1411//1 1412//1 1416//1
f 1416//5 1414//5 1413//5
f 1414//3 1410//3 1409//3
f 1415//4 1413//4 1409//4
f 1412//2 1410//2 1414//2
f 1418//6 1420//6 1419//6
f 1420//1 1424//1 1423//1
f 1424//5 1422//5 1421//5
f 1422//3 1418//3 1417//3
f 1423//4 1421//4 1417//4
f 1420//2 1418//2 1422//2
f 1426//6 1428//6 1427//6
f 1427//1 1428//1 1432//1
f 1432//5 1430//5 1429//5
f 1430//3 1426//3 1425//3
f 1431//4 1429//4 1425//4
f 1428//2 1426//2 1430//2
f 1434//6 1436//6 1435//6
f 1436//1 1440//1 1439//1
f 1440//5 1438//5 1437//5
f 1438//3 1434//3 1433//3
f 1439//4 1437//4 1433//4
f 1436//2 1434//2 1438//2
f 1442//6 1444//6 1443//6
f 1443//1 1444//1 1448//1
f 1448//5 1446//5 1445//5
f 1446//3 1442//3 1441//3
f 1447//4 1445//4 1441//4
f 1444//2 1442//2 1446//2
f 1450//6 1452//6 1451//6
f 1452//1 1456//1 1455//1
f 1456//5 1454//5 1453//5
f 1454//3 1450//3 1449//3
f 1455//4 1453//4 1449//4
f 1452//2 1450//2 1454//2
f 1458//6 1460//6 1459//6
f 1460//1 1464//1 1463//1
f 1464//5 1462//5 1461//5
f 1462//3 1458//3 1457//3
f 1463//4 1461//4 1457//4
f 1460//2 1458//2 1462//2
f 1466//6 1468//6 1467//6
f 1468//1 1472//1 1471//1
f 1472//5 1470//5 1469//5
f 1470//3 1466//3 1465//3
f 1471//4 1469//4 1465//4
f 1468//2 1466//2 1470//2
f 1474//6 1476//6 1475//6
f 1476//1 1480//1 1479//1
f 1480//5 1478//5 1477//5
f 1478//3 1474//3 1473//3
f 1479//4 1477//4 1473//4
f 1476//2 1474//2 1478//2
f 1482//6 1484//6 1483//6
f 1483//1 1484//1 1488//1
f 1488//5 1486//5 1485//5
f 1486//3 1482//3 1481//3
f 1487//4 1485//4 1481//4
f 1484//2 1482//2 1486//2
f 1490//6 1492//6 1491//6
f 1491//1 1492//1 1496//1
f 1496//5 1494//5 1493//5
f 1494//3 1490//3 1489//3
f 1495//4 1493//4 1489//4
f 1492//2 1490//2 1494//2
f 1498//6 1500//6 1499//6
f 1499//1 1500//1 1504//1
f 1504//5 1502//5 1501//5
f 1502//3 1498//3 1497//3
f 1503//4 1501//4 1497//4
f 1500//2 1498//2 1502//2
f 1506//6 1508//6 1507//6
f 1508//1 1512//1 1511//1
f 1512//5 1510//5 1509//5
f 1510//3 1506//3 1505//3
f 1511//4 1509//4 1505//4
f 1508//2 1506//2 1510//2
f 1514//4 1516//4 1515//4
f 1516//1 1520//1 1519//1
f 1520//2 1518//2 1517//2
f 1518//3 1514//3 1513//3
f 1519//5 1517//5 1513//5
f 1516//6 1514//6 1518//6
f 1522//4 1524//4 1523//4
f 1524//1 1528//1 1527//1
f 1528//2 1526//2 1525//2
f 1526//3 1522//3 1521//3
f 1527//5 1525//5 1521//5
f 1524//6 1522//6 1526//6
f 1530//4 1532//4 1531//4
f 1532//1 1536//1 1535//1
f 1536//2 1534//2 1533//2
f 1534//3 1530//3 1529//3
f 1535//5 1533//5 1529//5
f 1532//6 1530//6 1534//6
f 1538//4 1540//4 1539//4
f 1540//1 1544//1 1543//1
f 1544//2 1542//2 1541//2
f 1542//3 1538//3 1537//3
f 1543//5 1541//5 1537//5
f 1540//6 1538//6 1542//6
f 1546//4 1548//4 1547//4
f 1548//1 1552//1 1551//1
f 1552//2 1550//2 1549//2
f 1550//3 1546//3 1545//3
f 1551//5 1549//5 1545//5
f 1548//6 1546//6 1550//6
f 1554//2 1556//2 1555//2
f 1556//3 1560//3 1559//3
f 1560//4 1558//4 1557//4
f 1558//1 1554//1 1553//1
f 1559//5 1557//5 1553//5
f 1556//6 1554//6 1558//6
f 1562//2 1564//2 1563//2
f 1564//3 1568//3 1567//3
f 1568//4 1566//4 1565//4
f 1566//1 1562//1 1561//1
f 1567//5 1565//5 1561//5
f 1564//6 1562//6 1566//6
f 1570//2 1572//2 1571//2
f 1572//3 1576//3 1575//3
f 1576//4 1574//4 1573//4
f 1574//1 1570//1 1569//1
f 1575//5 1573//5 1569//5
f 1572//6 1570//6 1574//6
f 1578//6 1580//6 1579//6
f 1580//3 1584//3 1583//3
f 1583//5 1584//5 1582//5
f 1582//1 1578//1 1577//1
f 1583//2 1581//2 1577//2
f 1580//4 1578//4 1582//4
f 1586//6 1588//6 1587//6
f 1588//3 1592//3 1591//3
f 1591//5 1592//5 1590//5
f 1590//1 1586//1 1585//1
f 1591//2 1589//2 1585//2
f 1588//4 1586//4 1590//4
f 1594//6 1596//6 1595//6
f 1596//3 1600//3 1599//3
f 1599//5 1600//5 1598//5
f 1598//1 1594//1 1593//1
f 1599//2 1597//2 1593//2
f 1596//4 1594//4 1598//4
f 1602//6 1604//6 1603//6
f 1604//3 1608//3 1607//3
f 1607//5 1608//5 1606//5
f 1606//1 1602//1 1601//1
f 1607//2 1605//2 1601//2
f 1604//4 1602//4 1606//4
f 1610//6 1612//6 1611//6
f 1611//3 1612//3 1616//3
f 1615//5 1616//5 1614//5
f 1614//1 1610//1 1609//1
f 1615//2 1613//2 1609//2
f 1612//4 1610//4 1614//4
f 1618//6 1620//6 1619//6
f 1620//3 1624//3 1623//3
f 1623//5 1624//5 1622//5
f 1622//1 1618//1 1617//1
f 1623//2 1621//2 1617//2
f 1620//4 1618//4 1622//4
f 1626//6 1628//6 1627//6
f 1628//3 1632//3 1631//3
f 1631//5 1632//5 1630//5
f 1630//1 1626//1 1625//1
f 1631//2 1629//2 1625//2
f 1628//4 1626//4 1630//4
f 1634//6 1636//6 1635//6
f 1636//3 1640//3 1639//3
f 1639//5 1640//5 1638//5
f 1638//1 1634//1 1633//1
f 1639//2 1637//2 1633//2
f 1636//4 1634//4 1638//4
f 1642//6 1644//6 1643//6
f 1644//3 1648//3 1647//3
f 1647//5 1648//5 1646//5
f 1646//1 1642//1 1641//1
f 1647//2 1645//2 1641//2
f 1644//4 1642//4 1646//4
f 1650//6 1652//6 1651//6
f 1652//3 1656//3 1655//3
f 1655//5 1656//5 1654//5
f 1654//1 1650//1 1649//1
f 1655//2 1653//2 1649//2
f 1652//4 1650//4 1654//4
f 1658//6 1660//6 1659//6
f 1660//3 1664//3 1663//3
f 1663//5 1664//5 1662//5
f 1662//1 1658//1 1657//1
f 1663//2 1661//2 1657//2
f 1660//4 1658//4 1662//4
f 1666//6 1668//6 1667//6
f 1667//3 1668//3 1672//3
f 1671//5 1672//5 1670//5
f 1670//1 1666//1 1665//1
f 1671//2 1669//2 1665//2
f 1668//4 1666//4 1670//4
f 1674//6 1676//6 1675//6
f 1675//3 1676//3 1680//3
f 1679//5 1680//5 1678//5
f 1678//1 1674//1 1673//1
f 1679//2 1677//2 1673//2
f 1676//4 1674//4 1678//4
f 1682//6 1684//6 1683//6
f 1683//3 1684//3 1688//3
f 1687//5 1688//5 1686//5
f 1686//1 1682//1 1681//1
f 1687//2 1685//2 1681//2
f 1684//4 1682//4 1686//4
f 1690//6 1692//6 1691//6
f 1691//3 1692//3 1696//3
f 1695//5 1696//5 1694//5
f 1694//1 1690//1 1689//1
f 1695//2 1693//2 1689//2
f 1692//4 1690//4 1694//4
f 1698//6 1700//6 1699//6
f 1699//3 1700//3 1704//3
f 1703//5 1704//5 1702//5
f 1702//1 1698//1 1697//1
f 1703//2 1701//2 1697//2
f 1700//4 1698//4 1702//4
f 1706//2 1708//2 1707//2
f 1708//3 1712//3 1711//3
f 1712//4 1710//4 1709//4
f 1710//1 1706//1 1705//1
f 1711//5 1709//5 1705//5
f 1708//6 1706//6 1710//6
f 1714//6 1716//6 1715//6
f 1715//3 1716//3 1720//3
f 1719//5 1720//5 1718//5
f 1718//1 1714//1 1713//1
f 1719//2 1717//2 1713//2
f 1716//4 1714//4 1718//4
f 1722//6 1724//6 1723//6
f 1724//3 1728//3 1727//3
f 1727//5 1728//5 1726//5
f 1726//1 1722//1 1721//1
f 1727//2 1725//2 1721//2
f 1724//4 1722//4 1726//4
f 1730//6 1732//6 1731//6
f 1732//3 1736//3 1735//3
f 1735//5 1736//5 1734//5
f 1734//1 1730//1 1729//1
f 1735//2 1733//2 1729//2
f 1732//4 1730//4 1734//4
f 1738//6 1740//6 1739//6
f 1740//3 1744//3 1743//3
f 1743//5 1744//5 1742//5
f 1742//1 1738//1 1737//1
f 1743//2 1741//2 1737//2
f 1740//4 1738//4 1742//4
f 1746//6 1748//6 1747//6
f 1747//3 1748//3 1752//3
f 1751//5 1752//5 1750//5
f 1750//1 1746//1 1745//1
f 1751//2 1749//2 1745//2
f 1748//4 1746//4 1750//4
f 1754//6 1756//6 1755//6
f 1756//3 1760//3 1759//3
f 1759//5 1760//5 1758//5
f 1758//1 1754//1 1753//1
f 1759//2 1757//2 1753//2
f 1756//4 1754//4 1758//4
f 1762//6 1764//6 1763//6
f 1764//3 1768//3 1767//3
f 1767//5 1768//5 1766//5
f 1766//1 1762//1 1761//1
f 1767//2 1765//2 1761//2
f 1764//4 1762//4 1766//4
f 1770//4 1772//4 1771//4
f 1772//1 1776//1 1775//1
f 1776//2 1774//2 1773//2
f 1774//3 1770//3 1769//3
f 1775//5 1773//5 1769//5
f 1772//6 1770//6 1774//6
f 1778//2 1780//2 1779//2
f 1780//3 1784//3 1783//3
f 1784//4 1782//4 1781//4
f 1782//1 1778//1 1777//1
f 1783//5 1781//5 1777//5
f 1780//6 1778//6 1782//6
f 1786//6 1788//6 1787//6
f 1788//1 1792//1 1791//1
f 1792//5 1790//5 1789//5
f 1790//3 1786//3 1785//3
f 1791//4 1789//4 1785//4
f 1788//2 1786//2 1790//2
f 1794//6 1796//6 1795//6
f 1796//1 1800//1 1799//1
f 1800//5 1798//5 1797//5
f 1798//3 1794//3 1793//3
f 1799//4 1797//4 1793//4
f 1796//2 1794//2 1798//2
f 1802//6 1804//6 1803//6
f 1803//1 1804//1 1808//1
f 1808//5 1806//5 1805//5
f 1806//3 1802//3 1801//3
f 1807//4 1805//4 1801//4
f 1804//2 1802//2 1806//2
f 1810//6 1812//6 1811//6
f 1812//1 1816//1 1815//1
f 1816//5 1814//5 1813//5
f 1814//3 1810//3 1809//3
f 1815//4 1813//4 1809//4
f 1812//2 1810//2 1814//2
f 1818//6 1820//6 1819//6
f 1820//1 1824//1 1823//1
f 1824//5 1822//5 1821//5
f 1822//3 1818//3 1817//3
f 1823//4 1821//4 1817//4
f 1820//2 1818//2 1822//2
f 1826//6 1828//6 1827//6
f 1828//1 1832//1 1831//1
f 1832//5 1830//5 1829//5
f 1830//3 1826//3 1825//3
f 1831//4 1829//4 1825//4
f 1828//2 1826//2 1830//2
f 1834//6 1836//6 1835//6
f 1835//1 1836//1 1840//1
f 1840//5 1838//5 1837//5
f 1838//3 1834//3 1833//3
f 1839//4 1837//4 1833//4
f 1836//2 1834//2 1838//2
f 1842//4 1844//4 1843//4
f 1844//1 1848//1 1847//1
f 1848//2 1846//2 1845//2
f 1846//3 1842//3 1841//3
f 1847//5 1845//5 1841//5
f 1844//6 1842//6 1846//6
f 1850//6 1852//6 1851//6
f 1851//1 1852//1 1856//1
f 1856//5 1854//5 1853//5
f 1854//3 1850//3 1849//3
f 1855//4 1853//4 1849//4
f 1852//2 1850//2 1854//2
f 1858//6 1860//6 1859//6
f 1859//1 1860//1 1864//1
f 1864//5 1862//5 1861//5
f 1862//3 1858//3 1857//3
f 1863//4 1861//4 1857//4
f 1860//2 1858//2 1862//2
f 1866//6 1868//6 1867//6
f 1867//1 1868//1 1872//1
f 1872//5 1870//5 1869//5
f 1870//3 1866//3 1865//3
f 1871//4 1869//4 1865//4
f 1868//2 1866//2 1870//2
f 1874//6 1876//6 1875//6
f 1875//1 1876//1 1880//1
f 1880//5 1878//5 1877//5
f 1878//3 1874//3 1873//3
f 1879//4 1877//4 1873//4
f 1876//2 1874//2 1878//2
f 1882//6 1884//6 1883//6
f 1884//1 1888//1 1887//1
f 1888//5 1886//5 1885//5
f 1886//3 1882//3 1881//3
f 1887//4 1885//4 1881//4
f 1884//2 1882//2 1886//2
f 1890//6 1892//6 1891//6
f 1892//1 1896//1 1895//1
f 1896//5 1894//5 1893//5
f 1894//3 1890//3 1889//3
f 1895//4 1893//4 1889//4
f 1892//2 1890//2 1894//2
f 1898//6 1900//6 1899//6
f 1900//1 1904//1 1903//1
f 1904//5 1902//5 1901//5
f 1902//3 1898//3 1897//3
f 1903//4 1901//4 1897//4
f 1900//2 1898//2 1902//2
f 1906//6 1908//6 1907//6
f 1908//1 1912//1 1911//1
f 1912//5 1910//5 1909//5
f 1910//3 1906//3 1905//3
f 1911//4 1909//4 1905//4
f 1908//2 1906//2 1910//2
f 1914//6 1916//6 1915//6
f 1916//1 1920//1 1919//1
f 1920//5 1918//5 1917//5
f 1918//3 1914//3 1913//3
f 1919//4 1917//4 1913//4
f 1916//2 1914//2 1918//2
f 1922//6 1924//6 1923//6
f 1923//1 1924//1 1928//1
f 1928//5 1926//5 1925//5
f 1926//3 1922//3 1921//3
f 1927//4 1925//4 1921//4
f 1924//2 1922//2 1926//2
f 1930//6 1932//6 1931//6
f 1932//1 1936//1 1935//1
f 1936//5 1934//5 1933//5
f 1934//3 1930//3 1929//3
f 1935//4 1933//4 1929//4
f 1932//2 1930//2 1934//2
f 1938//6 1940//6 1939//6
f 1939//1 1940//1 1944//1
f 1944//5 1942//5 1941//5
f 1942//3 1938//3 1937//3
f 1943//4 1941//4 1937//4
f 1940//2 1938//2 1942//2
f 1946//6 1948//6 1947//6
f 1948//1 1952//1 1951//1
f 1952//5 1950//5 1949//5
f 1950//3 1946//3 1945//3
f 1951//4 1949//4 1945//4
f 1948//2 1946//2 1950//2
f 1954//6 1956//6 1955//6
f 1955//1 1956//1 1960//1
f 1960//5 1958//5 1957//5
f 1958//3 1954//3 1953//3
f 1959//4 1957//4 1953//4
f 1956//2 1954//2 1958//2
f 1962//6 1964//6 1963//6
f 1964//1 1968//1 1967//1
f 1968//5 1966//5 1965//5
f 1966//3 1962//3 1961//3
f 1967//4 1965//4 1961//4
f 1964//2 1962//2 1966//2
f 1970//6 1972//6 1971//6
f 1971//1 1972//1 1976//1
f 1976//5 1974//5 1973//5
f 1974//3 1970//3 1969//3
f 1975//4 1973//4 1969//4
f 1972//2 1970//2 1974//2
f 1978//6 1980//6 1979//6
f 1979//1 1980//1 1984//1
f 1984//5 1982//5 1981//5
f 1982//3 1978//3 1977//3
f 1983//4 1981//4 1977//4
f 1980//2 1978//2 1982//2
f 1986//6 1988//6 1987//6
f 1987//1 1988//1 1992//1
f 1992//5 1990//5 1989//5
f 1990//3 1986//3 1985//3
f 1991//4 1989//4 1985//4
f 1988//2 1986//2 1990//2
f 1994//6 1996//6 1995//6
f 1995//1 1996//1 2000//1
f 2000//5 1998//5 1997//5
f 1998//3 1994//3 1993//3
f 1999//4 1997//4 1993//4
f 1996//2 1994//2 1998//2
f 2002//6 2004//6 2003//6
f 2003//1 2004//1 2008//1
f 2008//5 2006//5 2005//5
f 2006//3 2002//3 2001//3
f 2007//4 2005//4 2001//4
f 2004//2 2002//2 2006//2
f 2010//6 2012//6 2011//6
f 2011//1 2012//1 2016//1
f 2016//5 2014//5 2013//5
f 2014//3 2010//3 2009//3
f 2015//4 2013//4 2009//4
f 2012//2 2010//2 2014//2
f 2018//6 2020//6 2019//6
f 2019//1 2020//1 2024//1
f 2024//5 2022//5 2021//5
f 2022//3 2018//3 2017//3
f 2023//4 2021//4 2017//4
f 2020//2 2018//2 2022//2
f 2026//6 2028//6 2027//6
f 2028//1 2032//1 2031//1
f 2032//5 2030//5 2029//5
f 2030//3 2026//3 2025//3
f 2031//4 2029//4 2025//4
f 2028//2 2026//2 2030//2
f 2034//6 2036//6 2035//6
f 2036//1 2040//1 2039//1
f 2040//5 2038//5 2037//5
f 2038//3 2034//3 2033//3
f 2039//4 2037//4 2033//4
f 2036//2 2034//2 2038//2
f 2042//6 2044//6 2043//6
f 2044//1 2048//1 2047//1
f 2048//5 2046//5 2045//5
f 2046//3 2042//3 2041//3
f 2047//4 2045//4 2041//4
f 2044//2 2042//2 2046//2
f 2050//6 2052//6 2051//6
f 2052//1 2056//1 2055//1
f 2056//5 2054//5 2053//5
f 2054//3 2050//3 2049//3
f 2055//4 2053//4 2049//4
f 2052//2 2050//2 2054//2
f 2058//4 2060//4 2059//4
f 2060//1 2064//1 2063//1
f 2064//2 2062//2 2061//2
f 2062//3 2058//3 2057//3
f 2063//5 2061//5 2057//5
f 2060//6 2058//6 2062//6
f 2066//4 2068//4 2067//4
f 2068//1 2072//1 2071//1
f 2072//2 2070//2 2069//2
f 2070//3 2066//3 2065//3
f 2071//5 2069//5 2065//5
f 2068//6 2066//6 2070//6
f 2074//4 2076//4 2075//4
f 2076//1 2080//1 2079//1
f 2080//2 2078//2 2077//2
f 2078//3 2074//3 2073//3
f 2079//5 2077//5 2073//5
f 2076//6 2074//6 2078//6
f 2082//4 2084//4 2083//4
f 2084//1 2088//1 2087//1
f 2088//2 2086//2 2085//2
f 2086//3 2082//3 2081//3
f 2087//5 2085//5 2081//5
f 2084//6 2082//6 2086//6
f 2090//6 2092//6 2091//6
f 2092//1 2096//1 2095//1
f 2096//5 2094//5 2093//5
f 2094//3 2090//3 2089//3
f 2095//4 2093//4 2089//4
f 2092//2 2090//2 2094//2
f 2098//6 2100//6 2099//6
f 2100//1 2104//1 2103//1
f 2104//5 2102//5 2101//5
f 2102//3 2098//3 2097//3
f 2103//4 2101//4 2097//4
f 2100//2 2098//2 2102//2
f 2106//6 2108//6 2107//6
f 2107//1 2108//1 2112//1
f 2112//5 2110//5 2109//5
f 2110//3 2106//3 2105//3
f 2111//4 2109//4 2105//4
f 2108//2 2106//2 2110//2
f 2114//6 2116//6 2115//6
f 2115//1 2116//1 2120//1
f 2120//5 2118//5 2117//5
f 2118//3 2114//3 2113//3
f 2119//4 2117//4 2113//4
f 2116//2 2114//2 2118//2
f 2122//6 2124//6 2123//6
f 2123//3 2124//3 2128//3
f 2127//5 2128//5 2126//5
f 2126//1 2122//1 2121//1
f 2127//2 2125//2 2121//2
f 2124//4 2122//4 2126//4
f 2130//6 2132//6 2131//6
f 2131//3 2132//3 2136//3
f 2135//5 2136//5 2134//5
f 2134//1 2130//1 2129//1
f 2135//2 2133//2 2129//2
f 2132//4 2130//4 2134//4
f 2138//6 2140//6 2139//6
f 2140//3 2144//3 2143//3
f 2143//5 2144//5 2142//5
f 2142//1 2138//1 2137//1
f 2143//2 2141//2 2137//2
f 2140//4 2138//4 2142//4
f 2146//6 2148//6 2147//6
f 2147//3 2148//3 2152//3
f 2151//5 2152//5 2150//5
f 2150//1 2146//1 2145//1
f 2151//2 2149//2 2145//2
f 2148//4 2146//4 2150//4
f 2154//6 2156//6 2155//6
f 2155//1 2156//1 2160//1
f 2160//5 2158//5 2157//5
f 2158//3 2154//3 2153//3
f 2159//4 2157//4 2153//4
f 2156//2 2154//2 2158//2
f 2162//6 2164//6 2163//6
f 2163//1 2164//1 2168//1
f 2168//5 2166//5 2165//5
f 2166//3 2162//3 2161//3
f 2167//4 2165//4 2161//4
f 2164//2 2162//2 2166//2
f 2170//6 2172//6 2171//6
f 2172//1 2176//1 2175//1
f 2176//5 2174//5 2173//5
f 2174//3 2170//3 2169//3
f 2175//4 2173//4 2169//4
f 2172//2 2170//2 2174//2
f 2178//6 2180//6 2179//6
f 2179//1 2180//1 2184//1
f 2184//5 2182//5 2181//5
f 2182//3 2178//3 2177//3
f 2183//4 2181//4 2177//4
f 2180//2 2178//2 2182//2
f 2186//6 2188//6 2187//6
f 2188//1 2192//1 2191//1
f 2192//5 2190//5 2189//5
f 2190//3 2186//3 2185//3
f 2191//4 2189//4 2185//4
f 2188//2 2186//2 2190//2
f 2194//6 2196//6 2195//6
f 2195//1 2196//1 2200//1
f 2200//5 2198//5 2197//5
f 2198//3 2194//3 2193//3
f 2199//4 2197//4 2193//4
f 2196//2 2194//2 2198//2
f 2202//6 2204//6 2203//6
f 2203//3 2204//3 2208//3
f 2207//5 2208//5 2206//5
f 2206//1 2202//1 2201//1
f 2207//2 2205//2 2201//2
f 2204//4 2202//4 2206//4
f 2210//6 2212//6 2211//6
f 2211//3 2212//3 2216//3
f 2215//5 2216//5 2214//5
f 2214//1 2210//1 2209//1
f 2215//2 2213//2 2209//2
f 2212//4 2210//4 2214//4
f 2218//6 2220//6 2219//6
f 2220//3 2224//3 2223//3
f 2223//5 2224//5 2222//5
f 2222//1 2218//1 2217//1
f 2223//2 2221//2 2217//2
f 2220//4 2218//4 2222//4
f 2226//6 2228//6 2227//6
f 2227//3 2228//3 2232//3
f 2231//5 2232//5 2230//5
f 2230//1 2226//1 2225//1
f 2231//2 2229//2 2225//2
f 2228//4 2226//4 2230//4
f 2234//6 2236//6 2235//6
f 2235//3 2236//3 2240//3
f 2239//5 2240//5 2238//5
f 2238//1 2234//1 2233//1
f 2239//2 2237//2 2233//2
f 2236//4 2234//4 2238//4
f 2242//6 2244//6 2243//6
f 2243//1 2244//1 2248//1
f 2248//5 2246//5 2245//5
f 2246//3 2242//3 2241//3
f 2247//4 2245//4 2241//4
f 2244//2 2242//2 2246//2
f 2250//6 2252//6 2251//6
f 2251//1 2252//1 2256//1
f 2256//5 2254//5 2253//5
f 2254//3 2250//3 2249//3
f 2255//4 2253//4 2249//4
f 2252//2 2250//2 2254//2
f 2258//6 2260//6 2259//6
f 2260//1 2264//1 2263//1
f 2264//5 2262//5 2261//5
f 2262//3 2258//3 2257//3
f 2263//4 2261//4 2257//4
f 2260//2 2258//2 2262//2
f 2266//6 2268//6 2267//6
f 2267//1 2268//1 2272//1
f 2272//5 2270//5 2269//5
f 2270//3 2266//3 2265//3
f 2271//4 2269//4 2265//4
f 2268//2 2266//2 2270//2
f 2274//6 2276//6 2275//6
f 2276//1 2280//1 2279//1
f 2280//5 2278//5 2277//5
f 2278//3 2274//3 2273//3
f 2279//4 2277//4 2273//4
f 2276//2 2274//2 2278//2
f 2282//6 2284//6 2283//6
f 2283//1 2284//1 2288//1
f 2288//5 2286//5 2285//5
f 2286//3 2282//3 2281//3
f 2287//4 2285//4 2281//4
f 2284//2 2282//2 2286//2
f 2290//6 2292//6 2291//6
f 2292//1 2296//1 2295//1
f 2296//5 2294//5 2293//5
f 2294//3 2290//3 2289//3
f 2295//4 2293//4 2289//4
f 2292//2 2290//2 2294//2
f 2298//6 2300//6 2299//6
f 2299//1 2300//1 2304//1
f 2304//5 2302//5 2301//5
f 2302//3 2298//3 2297//3
f 2303//4 2301//4 2297//4
f 2300//2 2298//2 2302//2
f 2306//6 2308//6 2307//6
f 2308//1 2312//1 2311//1
f 2312//5 2310//5 2309//5
f 2310//3 2306//3 2305//3
f 2311//4 2309//4 2305//4
f 2308//2 2306//2 2310//2
f 2314//6 2316//6 2315//6
f 2315//1 2316//1 2320//1
f 2320//5 2318//5 2317//5
f 2318//3 2314//3 2313//3
f 2319//4 2317//4 2313//4
f 2316//2 2314//2 2318//2
f 2322//6 2324//6 2323//6
f 2324//3 2328//3 2327//3
f 2327//5 2328//5 2326//5
f 2326//1 2322//1 2321//1
f 2327//2 2325//2 2321//2
f 2324//4 2322//4 2326//4
f 2330//6 2332//6 2331//6
f 2332//3 2336//3 2335//3
f 2335//5 2336//5 2334//5
f 2334//1 2330//1 2329//1
f 2335//2 2333//2 2329//2
f 2332//4 2330//4 2334//4
f 2338//6 2340//6 2339//6
f 2339//1 2340//1 2344//1
f 2344//5 2342//5 2341//5
f 2342//3 2338//3 2337//3
f 2343//4 2341//4 2337//4
f 2340//2 2338//2 2342//2
f 2346//6 2348//6 2347//6
f 2348//2 2352//2 2351//2
f 2352//5 2350//5 2349//5
f 2350//4 2346//4 2345//4
f 2351//1 2349//1 2345//1
f 2348//3 2346//3 2350//3
f 2354//6 2356//6 2355//6
f 2356//2 2360//2 2359//2
f 2360//5 2358//5 2357//5
f 2358//4 2354//4 2353//4
f 2359//1 2357//1 2353//1
f 2356//3 2354//3 2358//3
f 2362//6 2364//6 2363//6
f 2364//2 2368//2 2367//2
f 2368//5 2366//5 2365//5
f 2366//4 2362//4 2361//4
f 2367//1 2365//1 2361//1
f 2364//3 2362//3 2366//3
f 2370//6 2372//6 2371//6
f 2371//2 2372//2 2376//2
f 2376//5 2374//5 2373//5
f 2374//4 2370//4 2369//4
f 2375//1 2373//1 2369//1
f 2372//3 2370//3 2374//3
f 2378//6 2380//6 2379//6
f 2379//2 2380//2 2384//2
f 2384//5 2382//5 2381//5
f 2382//4 2378//4 2377//4
f 2383//1 2381//1 2377//1
f 2380//3 2378//3 2382//3
f 2386//3 2388//3 2387//3
f 2388//4 2392//4 2391//4
f 2392//1 2390//1 2389//1
f 2390//2 2386//2 2385//2
f 2391//5 2389//5 2385//5
f 2388//6 2386//6 2390//6
f 2394//6 2396//6 2395//6
f 2395//4 2396//4 2400//4
f 2400//5 2398//5 2397//5
f 2398//2 2394//2 2393//2
f 2399//3 2397//3 2393//3
f 2396//1 2394//1 2398//1
f 2402//6 2404//6 2403//6
f 2404//4 2408//4 2407//4
f 2408//5 2406//5 2405//5
f 2406//2 2402//2 2401//2
f 2407//3 2405//3 2401//3
f 2404//1 2402//1 2406//1
f 2410//6 2412//6 2411//6
f 2412//4 2416//4 2415//4
f 2416//5 2414//5 2413//5
f 2414//2 2410//2 2409//2
f 2415//3 2413//3 2409//3
f 2412//1 2410//1 2414//1
f 2418//6 2420//6 2419//6
f 2420//4 2424//4 2423//4
f 2424//5 2422//5 2421//5
f 2422//2 2418//2 2417//2
f 2423//3 2421//3 2417//3
f 2420//1 2418//1 2422//1
f 2426//3 2428//3 2427//3
f 2428//4 2432//4 2431//4
f 2432//1 2430//1 2429//1
f 2430//2 2426//2 2425//2
f 2431//5 2429//5 2425//5
f 2428//6 2426//6 2430//6
f 2434//1 2436//1 2435//1
f 2436//2 2440//2 2439//2
f 2440//3 2438//3 2437//3
f 2438//4 2434//4 2433//4
f 2439//5 2437//5 2433//5
f 2436//6 2434//6 2438//6
f 2442//1 2444//1 2443//1
f 2444//2 2448//2 2447//2
f 2448//3 2446//3 2445//3
f 2446//4 2442//4 2441//4
f 2447//5 2445//5 2441//5
f 2444//6 2442//6 2446//6
f 2450//1 2452//1 2451//1
f 2452//2 2456//2 2455//2
f 2456//3 2454//3 2453//3
f 2454//4 2450//4 2449//4
f 2455//5 2453//5 2449//5
f 2452//6 2450//6 2454//6
f 2458//1 2460//1 2459//1
f 2460//2 2464//2 2463//2
f 2464//3 2462//3 2461//3
f 2462//4 2458//4 2457//4
f 2463//5 2461//5 2457//5
f 2460//6 2458//6 2462//6
f 2466//6 2468//6 2467//6
f 2468//2 2472//2 2471//2
f 2472//5 2470//5 2469//5
f 2470//4 2466//4 2465//4
f 2471//1 2469//1 2465//1
f 2468//3 2466//3 2470//3
f 2474//6 2476//6 2475//6
f 2475//2 2476//2 2480//2
f 2480//5 2478//5 2477//5
f 2478//4 2474//4 2473//4
f 2479//1 2477//1 2473//1
f 2476//3 2474//3 2478//3
f 2482//6 2484//6 2483//6
f 2484//2 2488//2 2487//2
f 2488//5 2486//5 2485//5
f 2486//4 2482//4 2481//4
f 2487//1 2485//1 2481//1
f 2484//3 2482//3 2486//3
f 2490//6 2492//6 2491//6
f 2491//2 2492//2 2496//2
f 2496//5 2494//5 2493//5
f 2494//4 2490//4 2489//4
f 2495//1 2493//1 2489//1
f 2492//3 2490//3 2494//3
f 2498//6 2500//6 2499//6
f 2500//2 2504//2 2503//2
f 2504//5 2502//5 2501//5
f 2502//4 2498//4 2497//4
f 2503//1 2501//1 2497//1
f 2500//3 2498//3 2502//3
f 2506//6 2508//6 2507//6
f 2507//2 2508//2 2512//2
f 2512//5 2510//5 2509//5
f 2510//4 2506//4 2505//4
f 2511//1 2509//1 2505//1
f 2508//3 2506//3 2510//3
f 2514//6 2516//6 2515//6
f 2516//2 2520//2 2519//2
f 2520//5 2518//5 2517//5
f 2518//4 2514//4 2513//4
f 2519//1 2517//1 2513//1
f 2516//3 2514//3 2518//3
f 2522//6 2524//6 2523//6
f 2524//2 2528//2 2527//2
f 2528//5 2526//5 2525//5
f 2526//4 2522//4 2521//4
f 2527//1 2525//1 2521//1
f 2524//3 2522//3 2526//3
f 2530//6 2532//6 2531//6
f 2532//2 2536//2 2535//2
f 2536//5 2534//5 2533//5
f 2534//4 2530//4 2529//4
f 2535//1 2533//1 2529//1
f 2532//3 2530//3 2534//3
f 2538//6 2540//6 2539//6
f 2540//2 2544//2 2543//2
f 2544//5 2542//5 2541//5
f 2542//4 2538//4 2537//4
f 2543//1 2541//1 2537//1
f 2540//3 2538//3 2542//3
f 2546//6 2548//6 2547//6
f 2548//2 2552//2 2551//2
f 2552//5 2550//5 2549//5
f 2550//4 2546//4 2545//4
f 2551//1 2549//1 2545//1
f 2548//3 2546//3 2550//3
f 2554//6 2556//6 2555//6
f 2555//2 2556//2 2560//2
f 2560//5 2558//5 2557//5
f 2558//4 2554//4 2553//4
f 2559//1 2557//1 2553//1
f 2556//3 2554//3 2558//3
f 2562//6 2564//6 2563//6
f 2563//2 2564//2 2568//2
f 2568//5 2566//5 2565//5
f 2566//4 2562//4 2561//4
f 2567//1 2565//1 2561//1
f 2564//3 2562//3 2566//3
f 2570//6 2572//6 2571//6
f 2571//2 2572//2 2576//2
f 2576//5 2574//5 2573//5
f 2574//4 2570//4 2569//4
f 2575//1 2573//1 2569//1
f 2572//3 2570//3 2574//3
f 2578//6 2580//6 2579//6
f 2579//2 2580//2 2584//2
f 2584//5 2582//5 2581//5
f 2582//4 2578//4 2577//4
f 2583//1 2581//1 2577//1
f 2580//3 2578//3 2582//3
f 2586//1 2588//1 2587//1
f 2588//2 2592//2 2591//2
f 2592//3 2590//3 2589//3
f 2590//4 2586//4 2585//4
f 2591//5 2589//5 2585//5
f 2588//6 2586//6 2590//6
f 2594//6 2596//6 2595//6
f 2595//2 2596//2 2600//2
f 2600//5 2598//5 2597//5
f 2598//4 2594//4 2593//4
f 2599//1 2597//1 2593//1
f 2596//3 2594//3 2598//3
f 2602//6 2604//6 2603//6
f 2604//2 2608//2 2607//2
f 2608//5 2606//5 2605//5
f 2606//4 2602//4 2601//4
f 2607//1 2605//1 2601//1
f 2604//3 2602//3 2606//3
f 2610//6 2612//6 2611//6
f 2612//2 2616//2 2615//2
f 2616//5 2614//5 2613//5
f 2614//4 2610//4 2609//4
f 2615//1 2613//1 2609//1
f 2612//3 2610//3 2614//3
f 2618//6 2620//6 2619//6
f 2620//2 2624//2 2623//2
f 2624//5 2622//5 2621//5
f 2622//4 2618//4 2617//4
f 2623//1 2621//1 2617//1
f 2620//3 2618//3 2622//3
f 2626//6 2628//6 2627//6
f 2627//2 2628//2 2632//2
f 2632//5 2630//5 2629//5
f 2630//4 2626//4 2625//4
f 2631//1 2629//1 2625//1
f 2628//3 2626//3 2630//3
f 2634//6 2636//6 2635//6
f 2636//2 2640//2 2639//2
f 2640//5 2638//5 2637//5
f 2638//4 2634//4 2633//4
f 2639//1 2637//1 2633//1
f 2636//3 2634//3 2638//3
f 2642//6 2644//6 2643//6
f 2644//2 2648//2 2647//2
f 2648//5 2646//5 2645//5
f 2646//4 2642//4 2641//4
f 2647//1 2645//1 2641//1
f 2644//3 2642//3 2646//3
f 2650//6 2652//6 2651//6
f 2652//2 2656//2 2655//2
f 2656//5 2654//5 2653//5
f 2654//4 2650//4 2649//4
f 2655//1 2653//1 2649//1
f 2652//3 2650//3 2654//3
f 2658//6 2660//6 2659//6
f 2660//2 2664//2 2663//2
f 2664//5 2662//5 2661//5
f 2662//4 2658//4 2657//4
f 2663//1 2661//1 2657//1
f 2660//3 2658//3 2662//3
f 2666//6 2668//6 2667//6
f 2667//2 2668//2 2672//2
f 2672//5 2670//5 2669//5
f 2670//4 2666//4 2665//4
f 2671//1 2669//1 2665//1
f 2668//3 2666//3 2670//3
f 2674//6 2676//6 2675//6
f 2676//2 2680//2 2679//2
f 2680//5 2678//5 2677//5
f 2678//4 2674//4 2673//4
f 2679//1 2677//1 2673//1
f 2676//3 2674//3 2678//3
f 2682//6 2684//6 2683//6
f 2684//2 2688//2 2687//2
f 2688//5 2686//5 2685//5
f 2686//4 2682//4 2681//4
f 2687//1 2685//1 2681//1
f 2684//3 2682//3 2686//3
f 2690//6 2692//6 2691//6
f 2692//2 2696//2 2695//2
f 2696//5 2694//5 2693//5
f 2694//4 2690//4 2689//4
f 2695//1 2693//1 2689//1
f 2692//3 2690//3 2694//3
f 2698//6 2700//6 2699//6
f 2699//2 2700//2 2704//2
f 2704//5 2702//5 2701//5
f 2702//4 2698//4 2697//4
f 2703//1 2701//1 2697//1
f 2700//3 2698//3 2702//3
f 2706//1 2708//1 2707//1
f 2708//2 2712//2 2711//2
f 2712//3 2710//3 2709//3
f 2710//4 2706//4 2705//4
f 2711//5 2709//5 2705//5
f 2708//6 2706//6 2710//6
f 2714//6 2716//6 2715//6
f 2715//2 2716//2 2720//2
f 2720//5 2718//5 2717//5
f 2718//4 2714//4 2713//4
f 2719//1 2717//1 2713//1
f 2716//3 2714//3 2718//3
f 2722//6 2724//6 2723//6
f 2723//2 2724//2 2728//2
f 2728//5 2726//5 2725//5
f 2726//4 2722//4 2721//4
f 2727//1 2725//1 2721//1
f 2724//3 2722//3 2726//3
f 2730//6 2732//6 2731//6
f 2731//2 2732//2 2736//2
f 2736//5 2734//5 2733//5
f 2734//4 2730//4 2729//4
f 2735//1 2733//1 2729//1
f 2732//3 2730//3 2734//3
f 2738//6 2740//6 2739//6
f 2739//2 2740//2 2744//2
f 2744//5 2742//5 2741//5
f 2742//4 2738//4 2737//4
f 2743//1 2741//1 2737//1
f 2740//3 2738//3 2742//3
f 2746//6 2748//6 2747//6
f 2748//2 2752//2 2751//2
f 2752//5 2750//5 2749//5
f 2750//4 2746//4 2745//4
f 2751//1 2749//1 2745//1
f 2748//3 2746//3 2750//3
f 2754//6 2756//6 2755//6
f 2756//2 2760//2 2759//2
f 2760//5 2758//5 2757//5
f 2758//4 2754//4 2753//4
f 2759//1 2757//1 2753//1
f 2756//3 2754//3 2758//3
f 2762//6 2764//6 2763//6
f 2764//2 2768//2 2767//2
f 2768//5 2766//5 2765//5
f 2766//4 2762//4 2761//4
f 2767//1 2765//1 2761//1
f 2764//3 2762//3 2766//3
f 2770//6 2772//6 2771//6
f 2772//2 2776//2 2775//2
f 2776//5 2774//5 2773//5
f 2774//4 2770//4 2769//4
f 2775//1 2773//1 2769//1
f 2772//3 2770//3 2774//3
f 2778//6 2780//6 2779//6
f 2780//2 2784//2 2783//2
f 2784//5 2782//5 2781//5
f 2782//4 2778//4 2777//4
f 2783//1 2781//1 2777//1
f 2780//3 2778//3 2782//3
f 2786//6 2788//6 2787//6
f 2787//2 2788//2 2792//2
f 2792//5 2790//5 2789//5
f 2790//4 2786//4 2785//4
f 2791//1 2789//1 2785//1
f 2788//3 2786//3 2790//3
f 2794//6 2796//6 2795//6
f 2796//2 2800//2 2799//2
f 2800//5 2798//5 2797//5
f 2798//4 2794//4 2793//4
f 2799//1 2797//1 2793//1
f 2796//3 2794//3 2798//3
f 2802//6 2804//6 2803//6
f 2803//2 2804//2 2808//2
f 2808//5 2806//5 2805//5
f 2806//4 2802//4 2801//4
f 2807//1 2805//1 2801//1
f 2804//3 2802//3 2806//3
f 2810//6 2812//6 2811//6
f 2812//2 2816//2 2815//2
f 2816//5 2814//5 2813//5
f 2814//4 2810//4 2809//4
f 2815//1 2813//1 2809//1
f 2812//3 2810//3 2814//3
f 2818//6 2820//6 2819//6
f 2819//2 2820//2 2824//2
f 2824//5 2822//5 2821//5
f 2822//4 2818//4 2817//4
f 2823//1 2821//1 2817//1
f 2820//3 2818//3 2822//3
f 2826//6 2828//6 2827//6
f 2828//2 2832//2 2831//2
f 2832//5 2830//5 2829//5
f 2830//4 2826//4 2825//4
f 2831//1 2829//1 2825//1
f 2828//3 2826//3 2830//3
f 2834//6 2836//6 2835//6
f 2835//2 2836//2 2840//2
f 2840//5 2838//5 2837//5
f 2838//4 2834//4 2833//4
f 2839//1 2837//1 2833//1
f 2836//3 2834//3 2838//3
f 2842//6 2844//6 2843//6
f 2843//2 2844//2 2848//2
f 2848//5 2846//5 2845//5
f 2846//4 2842//4 2841//4
f 2847//1 2845//1 2841//1
f 2844//3 2842//3 2846//3
f 2850//6 2852//6 2851//6
f 2851//2 2852//2 2856//2
f 2856//5 2854//5 2853//5
f 2854//4 2850//4 2849//4
f 2855//1 2853//1 2849//1
f 2852//3 2850//3 2854//3
f 2858//6 2860//6 2859//6
f 2859//2 2860//2 2864//2
f 2864//5 2862//5 2861//5
f 2862//4 2858//4 2857//4
f 2863//1 2861//1 2857//1
f 2860//3 2858//3 2862//3
f 2866//6 2868//6 2867//6
f 2867//2 2868//2 2872//2
f 2872//5 2870//5 2869//5
f 2870//4 2866//4 2865//4
f 2871//1 2869//1 2865//1
f 2868//3 2866//3 2870//3
f 2874//6 2876//6 2875//6
f 2875//2 2876//2 2880//2
f 2880//5 2878//5 2877//5
f 2878//4 2874//4 2873//4
f 2879//1 2877//1 2873//1
f 2876//3 2874//3 2878//3
f 2882//6 2884//6 2883//6
f 2883//2 2884//2 2888//2
f 2888//5 2886//5 2885//5
f 2886//4 2882//4 2881//4
f 2887//1 2885//1 2881//1
f 2884//3 2882//3 2886//3
f 2890//6 2892//6 2891//6
f 2892//2 2896//2 2895//2
f 2896//5 2894//5 2893//5
f 2894//4 2890//4 2889//4
f 2895//1 2893//1 2889//1
f 2892//3 2890//3 2894//3
f 2898//6 2900//6 2899//6
f 2900//2 2904//2 2903//2
f 2904//5 2902//5 2901//5
f 2902//4 2898//4 2897//4
f 2903//1 2901//1 2897//1
f 2900//3 2898//3 2902//3
f 2906//6 2908//6 2907//6
f 2908//2 2912//2 2911//2
f 2912//5 2910//5 2909//5
f 2910//4 2906//4 2905//4
f 2911//1 2909//1 2905//1
f 2908//3 2906//3 2910//3
f 2914//6 2916//6 2915//6
f 2916//2 2920//2 2919//2
f 2920//5 2918//5 2917//5
f 2918//4 2914//4 2913//4
f 2919//1 2917//1 2913//1
f 2916//3 2914//3 2918//3
f 2922//1 2924//1 2923//1
f 2924//2 2928//2 2927//2
f 2928//3 2926//3 2925//3
f 2926//4 2922//4 2921//4
f 2927//5 2925//5 2921//5
f 2924//6 2922//6 2926//6
f 2930//1 2932//1 2931//1
f 2932//2 2936//2 2935//2
f 2936//3 2934//3 2933//3
f 2934//4 2930//4 2929//4
f 2935//5 2933//5 2929//5
f 2932//6 2930//6 2934//6
f 2938//1 2940//1 2939//1
f 2940//2 2944//2 2943//2
f 2944//3 2942//3 2941//3
f 2942//4 2938//4 2937//4
f 2943//5 2941//5 2937//5
f 2940//6 2938//6 2942//6
f 2946//1 2948//1 2947//1
f 2948//2 2952//2 2951//2
f 2952//3 2950//3 2949//3
f 2950//4 2946//4 2945//4
f 2951//5 2949//5 2945//5
f 2948//6 2946//6 2950//6
f 2954//6 2956//6 2955//6
f 2956//2 2960//2 2959//2
f 2960//5 2958//5 2957//5
f 2958//4 2954//4 2953//4
f 2959//1 2957//1 2953//1
f 2956//3 2954//3 2958//3
f 2962//1 2964//1 2963//1
f 2964//2 2968//2 2967//2
f 2968//3 2966//3 2965//3
f 2966//4 2962//4 2961//4
f 2967//5 2965//5 2961//5
f 2964//6 2962//6 2966//6
f 2970//1 2972//1 2971//1
f 2972//2 2976//2 2975//2
f 2976//3 2974//3 2973//3
f 2974//4 2970//4 2969//4
f 2975//5 2973//5 2969//5
f 2972//6 2970//6 2974//6
f 2978//1 2980//1 2979//1
f 2980//2 2984//2 2983//2
f 2984//3 2982//3 2981//3
f 2982//4 2978//4 2977//4
f 2983//5 2981//5 2977//5
f 2980//6 2978//6 2982//6
f 2986//6 2988//6 2987//6
f 2988//2 2992//2 2991//2
f 2992//5 2990//5 2989//5
f 2990//4 2986//4 2985//4
f 2991//1 2989//1 2985//1
f 2988//3 2986//3 2990//3
f 2994//6 2996//6 2995//6
f 2995//2 2996//2 3000//2
f 3000//5 2998//5 2997//5
f 2998//4 2994//4 2993//4
f 2999//1 2997//1 2993//1
f 2996//3 2994//3 2998//3
f 3002//6 3004//6 3003//6
f 3004//2 3008//2 3007//2
f 3008//5 3006//5 3005//5
f 3006//4 3002//4 3001//4
f 3007//1 3005//1 3001//1
f 3004//3 3002//3 3006//3
f 3010//6 3012//6 3011//6
f 3012//2 3016//2 3015//2
f 3016//5 3014//5 3013//5
f 3014//4 3010//4 3009//4
f 3015//1 3013//1 3009//1
f 3012//3 3010//3 3014//3
f 3018//6 3020//6 3019//6
f 3020//2 3024//2 3023//2
f 3024//5 3022//5 3021//5
f 3022//4 3018//4 3017//4
f 3023//1 3021//1 3017//1
f 3020//3 3018//3 3022//3
f 3026//6 3028//6 3027//6
f 3028//2 3032//2 3031//2
f 3032//5 3030//5 3029//5
f 3030//4 3026//4 3025//4
f 3031//1 3029//1 3025//1
f 3028//3 3026//3 3030//3
f 3034//6 3036//6 3035//6
f 3036//2 3040//2 3039//2
f 3040//5 3038//5 3037//5
f 3038//4 3034//4 3033//4
f 3039//1 3037//1 3033//1
f 3036//3 3034//3 3038//3
f 3042//6 3044//6 3043//6
f 3043//2 3044//2 3048//2
f 3048//5 3046//5 3045//5
f 3046//4 3042//4 3041//4
f 3047//1 3045//1 3041//1
f 3044//3 3042//3 3046//3
f 3050//6 3052//6 3051//6
f 3051//2 3052//2 3056//2
f 3056//5 3054//5 3053//5
f 3054//4 3050//4 3049//4
f 3055//1 3053//1 3049//1
f 3052//3 3050//3 3054//3
f 3058//6 3060//6 3059//6
f 3059//2 3060//2 3064//2
f 3064//5 3062//5 3061//5
f 3062//4 3058//4 3057//4
f 3063//1 3061//1 3057//1
f 3060//3 3058//3 3062//3
f 3066//6 3068//6 3067//6
f 3067//2 3068//2 3072//2
f 3072//5 3070//5 3069//5
f 3070//4 3066//4 3065//4
f 3071//1 3069//1 3065//1
f 3068//3 3066//3 3070//3
f 3074//1 3076//1 3075//1
f 3076//2 3080//2 3079//2
f 3080//3 3078//3 3077//3
f 3078//4 3074//4 3073//4
f 3079//5 3077//5 3073//5
f 3076//6 3074//6 3078//6
f 3082//6 3084//6 3083//6
f 3083//2 3084//2 3088//2
f 3088//5 3086//5 3085//5
f 3086//4 3082//4 3081//4
f 3087//1 3085//1 3081//1
f 3084//3 3082//3 3086//3
f 3090//6 3092//6 3091//6
f 3092//2 3096//2 3095//2
f 3096//5 3094//5 3093//5
f 3094//4 3090//4 3089//4
f 3095//1 3093//1 3089//1
f 3092//3 3090//3 3094//3
f 3098//6 3100//6 3099//6
f 3100//2 3104//2 3103//2
f 3104//5 3102//5 3101//5
f 3102//4 3098//4 3097//4
f 3103//1 3101//1 3097//1
f 3100//3 3098//3 3102//3
f 3106//6 3108//6 3107//6
f 3108//2 3112//2 3111//2
f 3112//5 3110//5 3109//5
f 3110//4 3106//4 3105//4
f 3111//1 3109//1 3105//1
f 3108//3 3106//3 3110//3
f 3114//6 3116//6 3115//6
f 3115//2 3116//2 3120//2
f 3120//5 3118//5 3117//5
f 3118//4 3114//4 3113//4
f 3119//1 3117//1 3113//1
f 3116//3 3114//3 3118//3
f 3122//6 3124//6 3123//6
f 3124//2 3128//2 3127//2
f 3128//5 3126//5 3125//5
f 3126//4 3122//4 3121//4
f 3127//1 3125//1 3121//1
f 3124//3 3122//3 3126//3
f 3130//6 3132//6 3131//6
f 3132//2 3136//2 3135//2
f 3136//5 3134//5 3133//5
f 3134//4 3130//4 3129//4
f 3135//1 3133//1 3129//1
f 3132//3 3130//3 3134//3
f 3138//6 3140//6 3139//6
f 3139//2 3140//2 3144//2
f 3144//5 3142//5 3141//5
f 3142//4 3138//4 3137//4
f 3143//1 3141//1 3137//1
f 3140//3 3138//3 3142//3
f 3146//6 3148//6 3147//6
f 3148//2 3152//2 3151//2
f 3152//5 3150//5 3149//5
f 3150//4 3146//4 3145//4
f 3151//1 3149//1 3145//1
f 3148//3 3146//3 3150//3
f 3154//6 3156//6 3155//6
f 3155//2 3156//2 3160//2
f 3160//5 3158//5 3157//5
f 3158//4 3154//4 3153//4
f 3159//1 3157//1 3153//1
f 3156//3 3154//3 3158//3
f 3162//6 3164//6 3163//6
f 3163//2 3164//2 3168//2
f 3168//5 3166//5 3165//5
f 3166//4 3162//4 3161//4
f 3167//1 3165//1 3161//1
f 3164//3 3162//3 3166//3
f 3170//6 3172//6 3171//6
f 3171//2 3172//2 3176//2
f 3176//5 3174//5 3173//5
f 3174//4 3170//4 3169//4
f 3175//1 3173//1 3169//1
f 3172//3 3170//3 3174//3
f 3178//6 3180//6 3179//6
f 3180//2 3184//2 3183//2
f 3184//5 3182//5 3181//5
f 3182//4 3178//4 3177//4
f 3183//1 3181//1 3177//1
f 3180//3 3178//3 3182//3
f 3186//6 3188//6 3187//6
f 3188//2 3192//2 3191//2
f 3192//5 3190//5 3189//5
f 3190//4 3186//4 3185//4
f 3191//1 3189//1 3185//1
f 3188//3 3186//3 3190//3
f 3194//6 3196//6 3195//6
f 3195//2 3196//2 3200//2
f 3200//5 3198//5 3197//5
f 3198//4 3194//4 3193//4
f 3199//1 3197//1 3193//1
f 3196//3 3194//3 3198//3
f 3202//6 3204//6 3203//6
f 3204//2 3208//2 3207//2
f 3208//5 3206//5 3205//5
f 3206//4 3202//4 3201//4
f 3207//1 3205//1 3201//1
f 3204//3 3202//3 3206//3
f 3210//6 3212//6 3211//6
f 3212//2 3216//2 3215//2
f 3216//5 3214//5 3213//5
f 3214//4 3210//4 3209//4
f 3215//1 3213//1 3209//1
f 3212//3 3210//3 3214//3
f 3218//6 3220//6 3219//6
f 3219//2 3220//2 3224//2
f 3224//5 3222//5 3221//5
f 3222//4 3218//4 3217//4
f 3223//1 3221//1 3217//1
f 3220//3 3218//3 3222//3
f 3226//6 3228//6 3227//6
f 3227//2 3228//2 3232//2
f 3232//5 3230//5 3229//5
f 3230//4 3226//4 3225//4
f 3231//1 3229//1 3225//1
f 3228//3 3226//3 3230//3
f 3234//6 3236//6 3235//6
f 3235//4 3236//4 3240//4
f 3240//5 3238//5 3237//5
f 3238//2 3234//2 3233//2
f 3239//3 3237//3 3233//3
f 3236//1 3234//1 3238//1
f 3242//6 3244//6 3243//6
f 3243//4 3244//4 3248//4
f 3248//5 3246//5 3245//5
f 3246//2 3242//2 3241//2
f 3247//3 3245//3 3241//3
f 3244//1 3242//1 3246//1
f 3250//6 3252//6 3251//6
f 3251//2 3252//2 3256//2
f 3256//5 3254//5 3253//5
f 3254//4 3250//4 3249//4
f 3255//1 3253//1 3249//1
f 3252//3 3250//3 3254//3
f 3258//6 3260//6 3259//6
f 3260//2 3264//2 3263//2
f 3264//5 3262//5 3261//5
f 3262//4 3258//4 3257//4
f 3263//1 3261//1 3257//1
f 3260//3 3258//3 3262//3
f 3265//6 3266//6 3268//6
f 3268//4 3272//4 3271//4
f 3272//5 3270//5 3269//5
f 3270//2 3266//2 3265//2
f 3271//3 3269//3 3265//3
f 3268//1 3266//1 3270//1
f 3273//6 3274//6 3276//6
f 3276//4 3280//4 3279//4
f 3280//5 3278//5 3277//5
f 3278//2 3274//2 3273//2
f 3279//3 3277//3 3273//3
f 3276//1 3274//1 3278//1
f 3282//6 3284//6 3283//6
f 3283//2 3284//2 3288//2
f 3288//5 3286//5 3285//5
f 3286//4 3282//4 3281//4
f 3287//1 3285//1 3281//1
f 3284//3 3282//3 3286//3
f 3290//6 3292//6 3291//6
f 3292//2 3296//2 3295//2
f 3296//5 3294//5 3293//5
f 3294//4 3290//4 3289//4
f 3295//1 3293//1 3289//1
f 3292//3 3290//3 3294//3
f 3298//6 3300//6 3299//6
f 3299//2 3300//2 3304//2
f 3304//5 3302//5 3301//5
f 3302//4 3298//4 3297//4
f 3303//1 3301//1 3297//1
f 3300//3 3298//3 3302//3
f 3306//6 3308//6 3307//6
f 3308//2 3312//2 3311//2
f 3312//5 3310//5 3309//5
f 3310//4 3306//4 3305//4
f 3311//1 3309//1 3305//1
f 3308//3 3306//3 3310//3
f 3314//6 3316//6 3315//6
f 3315//2 3316//2 3320//2
f 3320//5 3318//5 3317//5
f 3318//4 3314//4 3313//4
f 3319//1 3317//1 3313//1
f 3316//3 3314//3 3318//3
f 3322//6 3324//6 3323//6
f 3324//2 3328//2 3327//2
f 3328//5 3326//5 3325//5
f 3326//4 3322//4 3321//4
f 3327//1 3325//1 3321//1
f 3324//3 3322//3 3326//3
f 3330//6 3332//6 3331//6
f 3331//2 3332//2 3336//2
f 3336//5 3334//5 3333//5
f 3334//4 3330//4 3329//4
f 3335//1 3333//1 3329//1
f 3332//3 3330//3 3334//3
f 3338//6 3340//6 3339//6
f 3340//2 3344//2 3343//2
f 3344//5 3342//5 3341//5
f 3342//4 3338//4 3337//4
f 3343//1 3341//1 3337//1
f 3340//3 3338//3 3342//3
f 3346//6 3348//6 3347//6
f 3347//2 3348//2 3352//2
f 3352//5 3350//5 3349//5
f 3350//4 3346//4 3345//4
f 3351//1 3349//1 3345//1
f 3348//3 3346//3 3350//3
f 3354//6 3356//6 3355//6
f 3355//2 3356//2 3360//2
f 3360//5 3358//5 3357//5
f 3358//4 3354//4 3353//4
f 3359//1 3357//1 3353//1
f 3356//3 3354//3 3358//3
f 3362//6 3364//6 3363//6
f 3363//4 3364//4 3368//4
f 3368//5 3366//5 3365//5
f 3366//2 3362//2 3361//2
f 3367//3 3365//3 3361//3
f 3364//1 3362//1 3366//1
f 3370//6 3372//6 3371//6
f 3371//4 3372//4 3376//4
f 3376//5 3374//5 3373//5
f 3374//2 3370//2 3369//2
f 3375//3 3373//3 3369//3
f 3372//1 3370//1 3374//1
f 3378//6 3380//6 3379//6
f 3380//4 3384//4 3383//4
f 3384//5 3382//5 3381//5
f 3382//2 3378//2 3377//2
f 3383//3 3381//3 3377//3
f 3380//1 3378//1 3382//1
f 3386//6 3388//6 3387//6
f 3387//4 3388//4 3392//4
f 3392//5 3390//5 3389//5
f 3390//2 3386//2 3385//2
f 3391//3 3389//3 3385//3
f 3388//1 3386//1 3390//1
f 3394//6 3396//6 3395//6
f 3395//4 3396//4 3400//4
f 3400//5 3398//5 3397//5
f 3398//2 3394//2 3393//2
f 3399//3 3397//3 3393//3
f 3396//1 3394//1 3398//1
f 3402//6 3404//6 3403//6
f 3403//2 3404//2 3408//2
f 3408//5 3406//5 3405//5
f 3406//4 3402//4 3401//4
f 3407//1 3405//1 3401//1
f 3404//3 3402//3 3406//3
f 3410//6 3412//6 3411//6
f 3412//2 3416//2 3415//2
f 3416//5 3414//5 3413//5
f 3414//4 3410//4 3409//4
f 3415//1 3413//1 3409//1
f 3412//3 3410//3 3414//3
f 3418//6 3420//6 3419//6
f 3419//2 3420//2 3424//2
f 3424//5 3422//5 3421//5
f 3422//4 3418//4 3417//4
f 3423//1 3421//1 3417//1
f 3420//3 3418//3 3422//3
f 3426//6 3428//6 3427//6
f 3428//2 3432//2 3431//2
f 3432//5 3430//5 3429//5
f 3430//4 3426//4 3425//4
f 3431//1 3429//1 3425//1
f 3428//3 3426//3 3430//3
f 3434//6 3436//6 3435//6
f 3435//2 3436//2 3440//2
f 3440//5 3438//5 3437//5
f 3438//4 3434//4 3433//4
f 3439//1 3437//1 3433//1
f 3436//3 3434//3 3438//3
f 3442//6 3444//6 3443//6
f 3443//2 3444//2 3448//2
f 3448//5 3446//5 3445//5
f 3446//4 3442//4 3441//4
f 3447//1 3445//1 3441//1
f 3444//3 3442//3 3446//3
f 3450//6 3452//6 3451//6
f 3451//4 3452//4 3456//4
f 3456//5 3454//5 3453//5
f 3454//2 3450//2 3449//2
f 3455//3 3453//3 3449//3
f 3452//1 3450//1 3454//1
f 3457//6 3458//6 3460//6
f 3460//4 3464//4 3463//4
f 3464//5 3462//5 3461//5
f 3462//2 3458//2 3457//2
f 3463//3 3461//3 3457//3
f 3460//1 3458//1 3462//1
f 3465//6 3466//6 3468//6
f 3468//4 3472//4 3471//4
f 3472//5 3470//5 3469//5
f 3470//2 3466//2 3465//2
f 3471//3 3469//3 3465//3
f 3468//1 3466//1 3470//1
f 3473//6 3474//6 3476//6
f 3476//4 3480//4 3479//4
f 3480//5 3478//5 3477//5
f 3478//2 3474//2 3473//2
f 3479//3 3477//3 3473//3
f 3476//1 3474//1 3478//1
f 3482//6 3484//6 3483//6
f 3483//2 3484//2 3488//2
f 3488//5 3486//5 3485//5
f 3486//4 3482//4 3481//4
f 3487//1 3485//1 3481//1
f 3484//3 3482//3 3486//3
f 3490//6 3492//6 3491//6
f 3491//2 3492//2 3496//2
f 3496//5 3494//5 3493//5
f 3494//4 3490//4 3489//4
f 3495//1 3493//1 3489//1
f 3492//3 3490//3 3494//3
f 3498//6 3500//6 3499//6
f 3500//2 3504//2 3503//2
f 3504//5 3502//5 3501//5
f 3502//4 3498//4 3497//4
f 3503//1 3501//1 3497//1
f 3500//3 3498//3 3502//3
f 3506//6 3508//6 3507//6
f 3508//2 3512//2 3511//2
f 3512//5 3510//5 3509//5
f 3510//4 3506//4 3505//4
f 3511//1 3509//1 3505//1
f 3508//3 3506//3 3510//3
f 3514//6 3516//6 3515//6
f 3515//2 3516//2 3520//2
f 3520//5 3518//5 3517//5
f 3518//4 3514//4 3513//4
f 3519//1 3517//1 3513//1
f 3516//3 3514//3 3518//3
f 3522//6 3524//6 3523//6
f 3524//2 3528//2 3527//2
f 3528//5 3526//5 3525//5
f 3526//4 3522//4 3521//4
f 3527//1 3525//1 3521//1
f 3524//3 3522//3 3526//3
f 3530//6 3532//6 3531//6
f 3532//2 3536//2 3535//2
f 3536//5 3534//5 3533//5
f 3534//4 3530//4 3529//4
f 3535//1 3533//1 3529//1
f 3532//3 3530//3 3534//3
f 3538//6 3540//6 3539//6
f 3539//2 3540//2 3544//2
f 3544//5 3542//5 3541//5
f 3542//4 3538//4 3537//4
f 3543//1 3541//1 3537//1
f 3540//3 3538//3 3542//3
f 3546//6 3548//6 3547//6
f 3547//2 3548//2 3552//2
f 3552//5 3550//5 3549//5
f 3550//4 3546//4 3545//4
f 3551//1 3549//1 3545//1
f 3548//3 3546//3 3550//3
f 3554//6 3556//6 3555//6
f 3555//2 3556//2 3560//2
f 3560//5 3558//5 3557//5
f 3558//4 3554//4 3553//4
f 3559//1 3557//1 3553//1
f 3556//3 3554//3 3558//3
f 3562//6 3564//6 3563//6
f 3563//2 3564//2 3568//2
f 3568//5 3566//5 3565//5
f 3566//4 3562//4 3561//4
f 3567//1 3565//1 3561//1
f 3564//3 3562//3 3566//3
f 3570//6 3572//6 3571//6
f 3572//2 3576//2 3575//2
f 3576//5 3574//5 3573//5
f 3574//4 3570//4 3569//4
f 3575//1 3573//1 3569//1
f 3572//3 3570//3 3574//3
f 3578//6 3580//6 3579//6
f 3580//2 3584//2 3583//2
f 3584//5 3582//5 3581//5
f 3582//4 3578//4 3577//4
f 3583//1 3581//1 3577//1
f 3580//3 3578//3 3582//3
f 3586//6 3588//6 3587//6
f 3588//2 3592//2 3591//2
f 3592//5 3590//5 3589//5
f 3590//4 3586//4 3585//4
f 3591//1 3589//1 3585//1
f 3588//3 3586//3 3590//3
f 3594//6 3596//6 3595//6
f 3596//2 3600//2 3599//2
f 3600//5 3598//5 3597//5
f 3598//4 3594//4 3593//4
f 3599//1 3597//1 3593//1
f 3596//3 3594//3 3598//3
f 3602//6 3604//6 3603//6
f 3603//2 3604//2 3608//2
f 3608//5 3606//5 3605//5
f 3606//4 3602//4 3601//4
f 3607//1 3605//1 3601//1
f 3604//3 3602//3 3606//3
f 3610//6 3612//6 3611//6
f 3612//2 3616//2 3615//2
f 3616//5 3614//5 3613//5
f 3614//4 3610//4 3609//4
f 3615//1 3613//1 3609//1
f 3612//3 3610//3 3614//3
f 3618//6 3620//6 3619//6
f 3620//2 3624//2 3623//2
f 3624//5 3622//5 3621//5
f 3622//4 3618//4 3617//4
f 3623//1 3621//1 3617//1
f 3620//3 3618//3 3622//3
f 3626//6 3628//6 3627//6
f 3628//2 3632//2 3631//2
f 3632//5 3630//5 3629//5
f 3630//4 3626//4 3625//4
f 3631//1 3629//1 3625//1
f 3628//3 3626//3 3630//3
f 3634//6 3636//6 3635//6
f 3635//2 3636//2 3640//2
f 3640//5 3638//5 3637//5
f 3638//4 3634//4 3633//4
f 3639//1 3637//1 3633//1
f 3636//3 3634//3 3638//3
f 3642//6 3644//6 3643//6
f 3643//2 3644//2 3648//2
f 3648//5 3646//5 3645//5
f 3646//4 3642//4 3641//4
f 3647//1 3645//1 3641//1
f 3644//3 3642//3 3646//3
f 3650//6 3652//6 3651//6
f 3651//2 3652//2 3656//2
f 3656//5 3654//5 3653//5
f 3654//4 3650//4 3649//4
f 3655//1 3653//1 3649//1
f 3652//3 3650//3 3654//3
f 3658//6 3660//6 3659//6
f 3659//2 3660//2 3664//2
f 3664//5 3662//5 3661//5
f 3662//4 3658//4 3657//4
f 3663//1 3661//1 3657//1
f 3660//3 3658//3 3662//3
f 3666//1 3668//1 3667//1
f 3668//2 3672//2 3671//2
f 3672//3 3670//3 3669//3
f 3670//4 3666//4 3665//4
f 3671//5 3669//5 3665//5
f 3668//6 3666//6 3670//6
f 3674//6 3676//6 3675//6
f 3675//2 3676//2 3680//2
f 3680//5 3678//5 3677//5
f 3678//4 3674//4 3673//4
f 3679//1 3677//1 3673//1
f 3676//3 3674//3 3678//3
f 3682//6 3684//6 3683//6
f 3683//2 3684//2 3688//2
f 3688//5 3686//5 3685//5
f 3686//4 3682//4 3681//4
f 3687//1 3685//1 3681//1
f 3684//3 3682//3 3686//3
f 3690//6 3692//6 3691//6
f 3691//2 3692//2 3696//2
f 3696//5 3694//5 3693//5
f 3694//4 3690//4 3689//4
f 3695//1 3693//1 3689//1
f 3692//3 3690//3 3694//3
f 3698//6 3700//6 3699//6
f 3699//2 3700//2 3704//2
f 3704//5 3702//5 3701//5
f 3702//4 3698//4 3697//4
f 3703//1 3701//1 3697//1
f 3700//3 3698//3 3702//3
f 3706//6 3708//6 3707//6
f 3708//2 3712//2 3711//2
f 3712//5 3710//5 3709//5
f 3710//4 3706//4 3705//4
f 3711//1 3709//1 3705//1
f 3708//3 3706//3 3710//3
f 3714//6 3716//6 3715//6
f 3716//2 3720//2 3719//2
f 3720//5 3718//5 3717//5
f 3718//4 3714//4 3713//4
f 3719//1 3717//1 3713//1
f 3716//3 3714//3 3718//3
f 3722//6 3724//6 3723//6
f 3724//2 3728//2 3727//2
f 3728//5 3726//5 3725//5
f 3726//4 3722//4 3721//4
f 3727//1 3725//1 3721//1
f 3724//3 3722//3 3726//3
f 3730//6 3732//6 3731//6
f 3732//2 3736//2 3735//2
f 3736//5 3734//5 3733//5
f 3734//4 3730//4 3729//4
f 3735//1 3733//1 3729//1
f 3732//3 3730//3 3734//3
f 3738//6 3740//6 3739//6
f 3740//2 3744//2 3743//2
f 3744//5 3742//5 3741//5
f 3742//4 3738//4 3737//4
f 3743//1 3741//1 3737//1
f 3740//3 3738//3 3742//3
f 3746//6 3748//6 3747//6
f 3747//2 3748//2 3752//2
f 3752//5 3750//5 3749//5
f 3750//4 3746//4 3745//4
f 3751//1 3749//1 3745//1
f 3748//3 3746//3 3750//3
f 3754//6 3756//6 3755//6
f 3756//2 3760//2 3759//2
f 3760//5 3758//5 3757//5
f 3758//4 3754//4 3753//4
f 3759//1 3757//1 3753//1
f 3756//3 3754//3 3758//3
f 3762//1 3764//1 3763//1
f 3764//2 3768//2 3767//2
f 3768//3 3766//3 3765//3
f 3766//4 3762//4 3761//4
f 3767//5 3765//5 3761//5
f 3764//6 3762//6 3766//6
f 3770//1 3772//1 3771//1
f 3772//2 3776//2 3775//2
f 3776//3 3774//3 3773//3
f 3774//4 3770//4 3769//4
f 3775//5 3773//5 3769//5
f 3772//6 3770//6 3774//6
f 3778//1 3780//1 3779//1
f 3780//2 3784//2 3783//2
f 3784//3 3782//3 3781//3
f 3782//4 3778//4 3777//4
f 3783//5 3781//5 3777//5
f 3780//6 3778//6 3782//6
f 3786//1 3788//1 3787//1
f 3788//2 3792//2 3791//2
f 3792//3 3790//3 3789//3
f 3790//4 3786//4 3785//4
f 3791//5 3789//5 3785//5
f 3788//6 3786//6 3790//6
f 3794//1 3796//1 3795//1
f 3796//2 3800//2 3799//2
f 3800//3 3798//3 3797//3
f 3798//4 3794//4 3793//4
f 3799//5 3797//5 3793//5
f 3796//6 3794//6 3798//6
f 3802//1 3804//1 3803//1
f 3804//2 3808//2 3807//2
f 3808//3 3806//3 3805//3
f 3806//4 3802//4 3801//4
f 3807//5 3805//5 3801//5
f 3804//6 3802//6 3806//6
f 3810//1 3812//1 3811//1
f 3812//2 3816//2 3815//2
f 3816//3 3814//3 3813//3
f 3814//4 3810//4 3809//4
f 3815//5 3813//5 3809//5
f 3812//6 3810//6 3814//6
f 3818//6 3820//6 3819//6
f 3820//2 3824//2 3823//2
f 3824//5 3822//5 3821//5
f 3822//4 3818//4 3817//4
f 3823//1 3821//1 3817//1
f 3820//3 3818//3 3822//3
f 3826//6 3828//6 3827//6
f 3828//2 3832//2 3831//2
f 3832//5 3830//5 3829//5
f 3830//4 3826//4 3825//4
f 3831//1 3829//1 3825//1
f 3828//3 3826//3 3830//3
f 3834//6 3836//6 3835//6
f 3836//2 3840//2 3839//2
f 3840//5 3838//5 3837//5
f 3838//4 3834//4 3833//4
f 3839//1 3837//1 3833//1
f 3836//3 3834//3 3838//3
f 3842//6 3844//6 3843//6
f 3844//2 3848//2 3847//2
f 3848//5 3846//5 3845//5
f 3846//4 3842//4 3841//4
f 3847//1 3845//1 3841//1
f 3844//3 3842//3 3846//3
f 3850//6 3852//6 3851//6
f 3851//2 3852//2 3856//2
f 3856//5 3854//5 3853//5
f 3854//4 3850//4 3849//4
f 3855//1 3853//1 3849//1
f 3852//3 3850//3 3854//3
f 3858//6 3860//6 3859//6
f 3859//2 3860//2 3864//2
f 3864//5 3862//5 3861//5
f 3862//4 3858//4 3857//4
f 3863//1 3861//1 3857//1
f 3860//3 3858//3 3862//3
f 3866//6 3868//6 3867//6
f 3867//2 3868//2 3872//2
f 3872//5 3870//5 3869//5
f 3870//4 3866//4 3865//4
f 3871//1 3869//1 3865//1
f 3868//3 3866//3 3870//3
f 3874//6 3876//6 3875//6
f 3875//2 3876//2 3880//2
f 3880//5 3878//5 3877//5
f 3878//4 3874//4 3873//4
f 3879//1 3877//1 3873//1
f 3876//3 3874//3 3878//3
f 3882//6 3884//6 3883//6
f 3883//2 3884//2 3888//2
f 3888//5 3886//5 3885//5
f 3886//4 3882//4 3881//4
f 3887//1 3885//1 3881//1
f 3884//3 3882//3 3886//3
f 3890//6 3892//6 3891//6
f 3891//2 3892//2 3896//2
f 3896//5 3894//5 3893//5
f 3894//4 3890//4 3889//4
f 3895//1 3893//1 3889//1
f 3892//3 3890//3 3894//3
f 3898//6 3900//6 3899//6
f 3899//2 3900//2 3904//2
f 3904//5 3902//5 3901//5
f 3902//4 3898//4 3897//4
f 3903//1 3901//1 3897//1
f 3900//3 3898//3 3902//3
f 3906//6 3908//6 3907//6
f 3908//2 3912//2 3911//2
f 3912//5 3910//5 3909//5
f 3910//4 3906//4 3905//4
f 3911//1 3909//1 3905//1
f 3908//3 3906//3 3910//3
f 3914//6 3916//6 3915//6
f 3916//2 3920//2 3919//2
f 3920//5 3918//5 3917//5
f 3918//4 3914//4 3913//4
f 3919//1 3917//1 3913//1
f 3916//3 3914//3 3918//3
f 3922//6 3924//6 3923//6
f 3924//2 3928//2 3927//2
f 3928//5 3926//5 3925//5
f 3926//4 3922//4 3921//4
f 3927//1 3925//1 3921//1
f 3924//3 3922//3 3926//3
f 3930//6 3932//6 3931//6
f 3931//2 3932//2 3936//2
f 3936//5 3934//5 3933//5
f 3934//4 3930//4 3929//4
f 3935//1 3933//1 3929//1
f 3932//3 3930//3 3934//3
f 3938//6 3940//6 3939//6
f 3940//2 3944//2 3943//2
f 3944//5 3942//5 3941//5
f 3942//4 3938//4 3937//4
f 3943//1 3941//1 3937//1
f 3940//3 3938//3 3942//3
f 3946//6 3948//6 3947//6
f 3947//2 3948//2 3952//2
f 3952//5 3950//5 3949//5
f 3950//4 3946//4 3945//4
f 3951//1 3949//1 3945//1
f 3948//3 3946//3 3950//3
f 3954//6 3956//6 3955//6
f 3956//2 3960//2 3959//2
f 3960//5 3958//5 3957//5
f 3958//4 3954//4 3953//4
f 3959//1 3957//1 3953//1
f 3956//3 3954//3 3958//3
f 3962//6 3964//6 3963//6
f 3964//2 3968//2 3967//2
f 3968//5 3966//5 3965//5
f 3966//4 3962//4 3961//4
f 3967//1 3965//1 3961//1
f 3964//3 3962//3 3966//3
f 3970//6 3972//6 3971//6
f 3972//2 3976//2 3975//2
f 3976//5 3974//5 3973//5
f 3974//4 3970//4 3969//4
f 3975//1 3973//1 3969//1
f 3972//3 3970//3 3974//3
f 3978//6 3980//6 3979//6
f 3980//2 3984//2 3983//2
f 3984//5 3982//5 3981//5
f 3982//4 3978//4 3977//4
f 3983//1 3981//1 3977//1
f 3980//3 3978//3 3982//3
f 3986//6 3988//6 3987//6
f 3988//2 3992//2 3991//2
f 3992//5 3990//5 3989//5
f 3990//4 3986//4 3985//4
f 3991//1 3989//1 3985//1
f 3988//3 3986//3 3990//3
f 3994//6 3996//6 3995//6
f 3995//2 3996//2 4000//2
f 4000//5 3998//5 3997//5
f 3998//4 3994//4 3993//4
f 3999//1 3997//1 3993//1
f 3996//3 3994//3 3998//3
f 4002//6 4004//6 4003//6
f 4003//2 4004//2 4008//2
f 4008//5 4006//5 4005//5
f 4006//4 4002//4 4001//4
f 4007//1 4005//1 4001//1
f 4004//3 4002//3 4006//3
f 4010//6 4012//6 4011//6
f 4011//2 4012//2 4016//2
f 4016//5 4014//5 4013//5
f 4014//4 4010//4 4009//4
f 4015//1 4013//1 4009//1
f 4012//3 4010//3 4014//3
f 4018//6 4020//6 4019//6
f 4019//2 4020//2 4024//2
f 4024//5 4022//5 4021//5
f 4022//4 4018//4 4017//4
f 4023//1 4021//1 4017//1
f 4020//3 4018//3 4022//3
f 4026//1 4028//1 4027//1
f 4028//2 4032//2 4031//2
f 4032//3 4030//3 4029//3
f 4030//4 4026//4 4025//4
f 4031//5 4029//5 4025//5
f 4028//6 4026//6 4030//6
f 4034//6 4036//6 4035//6
f 4035//2 4036//2 4040//2
f 4040//5 4038//5 4037//5
f 4038//4 4034//4 4033//4
f 4039//1 4037//1 4033//1
f 4036//3 4034//3 4038//3
f 4042//6 4044//6 4043//6
f 4043//2 4044//2 4048//2
f 4048//5 4046//5 4045//5
f 4046//4 4042//4 4041//4
f 4047//1 4045//1 4041//1
f 4044//3 4042//3 4046//3
f 4050//6 4052//6 4051//6
f 4051//2 4052//2 4056//2
f 4056//5 4054//5 4053//5
f 4054//4 4050//4 4049//4
f 4055//1 4053//1 4049//1
f 4052//3 4050//3 4054//3
f 4058//6 4060//6 4059//6
f 4059//2 4060//2 4064//2
f 4064//5 4062//5 4061//5
f 4062//4 4058//4 4057//4
f 4063//1 4061//1 4057//1
f 4060//3 4058//3 4062//3
f 4066//6 4068//6 4067//6
f 4068//2 4072//2 4071//2
f 4072//5 4070//5 4069//5
f 4070//4 4066//4 4065//4
f 4071//1 4069//1 4065//1
f 4068//3 4066//3 4070//3
f 4074//6 4076//6 4075//6
f 4076//2 4080//2 4079//2
f 4080//5 4078//5 4077//5
f 4078//4 4074//4 4073//4
f 4079//1 4077//1 4073//1
f 4076//3 4074//3 4078//3
f 4082//6 4084//6 4083//6
f 4084//2 4088//2 4087//2
f 4088//5 4086//5 4085//5
f 4086//4 4082//4 4081//4
f 4087//1 4085//1 4081//1
f 4084//3 4082//3 4086//3
f 4090//3 4092//3 4091//3
f 4092//4 4096//4 4095//4
f 4096//1 4094//1 4093//1
f 4094//2 4090//2 4089//2
f 4095//5 4093//5 4089//5
f 4092//6 4090//6 4094//6
f 4098//1 4100//1 4099//1
f 4100//2 4104//2 4103//2
f 4104//3 4102//3 4101//3
f 4102//4 4098//4 4097//4
f 4103//5 4101//5 4097//5
f 4100//6 4098//6 4102//6
f 4106//6 4108//6 4107//6
f 4108//4 4112//4 4111//4
f 4112//5 4110//5 4109//5
f 4110//2 4106//2 4105//2
f 4111//3 4109//3 4105//3
f 4108//1 4106//1 4110//1
f 4114//6 4116//6 4115//6
f 4116//4 4120//4 4119//4
f 4120//5 4118//5 4117//5
f 4118//2 4114//2 4113//2
f 4119//3 4117//3 4113//3
f 4116//1 4114//1 4118//1
f 4122//6 4124//6 4123//6
f 4123//4 4124//4 4128//4
f 4128//5 4126//5 4125//5
f 4126//2 4122//2 4121//2
f 4127//3 4125//3 4121//3
f 4124//1 4122//1 4126//1
f 4130//6 4132//6 4131//6
f 4132//4 4136//4 4135//4
f 4136//5 4134//5 4133//5
f 4134//2 4130//2 4129//2
f 4135//3 4133//3 4129//3
f 4132//1 4130//1 4134//1
f 4138//6 4140//6 4139//6
f 4140//4 4144//4 4143//4
f 4144//5 4142//5 4141//5
f 4142//2 4138//2 4137//2
f 4143//3 4141//3 4137//3
f 4140//1 4138//1 4142//1
f 4146//6 4148//6 4147//6
f 4148//4 4152//4 4151//4
f 4152//5 4150//5 4149//5
f 4150//2 4146//2 4145//2
f 4151//3 4149//3 4145//3
f 4148//1 4146//1 4150//1
f 4154//6 4156//6 4155//6
f 4156//4 4160//4 4159//4
f 4160//5 4158//5 4157//5
f 4158//2 4154//2 4153//2
f 4159//3 4157//3 4153//3
f 4156//1 4154//1 4158//1
f 4162//3 4164//3 4163//3
f 4164//4 4168//4 4167//4
f 4168//1 4166//1 4165//1
f 4166//2 4162//2 4161//2
f 4167//5 4165//5 4161//5
f 4164//6 4162//6 4166//6
f 4170//6 4172//6 4171//6
f 4171//4 4172//4 4176//4
f 4176//5 4174//5 4173//5
f 4174//2 4170//2 4169//2
f 4175//3 4173//3 4169//3
f 4172//1 4170//1 4174//1
f 4178//6 4180//6 4179//6
f 4179//4 4180//4 4184//4
f 4184//5 4182//5 4181//5
f 4182//2 4178//2 4177//2
f 4183//3 4181//3 4177//3
f 4180//1 4178//1 4182//1
f 4186//6 4188//6 4187//6
f 4187//4 4188//4 4192//4
f 4192//5 4190//5 4189//5
f 4190//2 4186//2 4185//2
f 4191//3 4189//3 4185//3
f 4188//1 4186//1 4190//1
f 4194//6 4196//6 4195//6
f 4195//4 4196//4 4200//4
f 4200//5 4198//5 4197//5
f 4198//2 4194//2 4193//2
f 4199//3 4197//3 4193//3
f 4196//1 4194//1 4198//1
f 4202//6 4204//6 4203//6
f 4203//4 4204//4 4208//4
f 4208//5 4206//5 4205//5
f 4206//2 4202//2 4201//2
f 4207//3 4205//3 4201//3
f 4204//1 4202//1 4206//1
f 4210//6 4212//6 4211//6
f 4212//4 4216//4 4215//4
f 4216//5 4214//5 4213//5
f 4214//2 4210//2 4209//2
f 4215//3 4213//3 4209//3
f 4212//1 4210//1 4214//1
f 4218//6 4220//6 4219//6
f 4220//4 4224//4 4223//4
f 4224//5 4222//5 4221//5
f 4222//2 4218//2 4217//2
f 4223//3 4221//3 4217//3
f 4220//1 4218//1 4222//1
f 4226//6 4228//6 4227//6
f 4228//4 4232//4 4231//4
f 4232//5 4230//5 4229//5
f 4230//2 4226//2 4225//2
f 4231//3 4229//3 4225//3
f 4228//1 4226//1 4230//1
f 4234//6 4236//6 4235//6
f 4236//4 4240//4 4239//4
f 4240//5 4238//5 4237//5
f 4238//2 4234//2 4233//2
f 4239//3 4237//3 4233//3
f 4236//1 4234//1 4238//1
f 4242//6 4244//6 4243//6
f 4244//4 4248//4 4247//4
f 4248//5 4246//5 4245//5
f 4246//2 4242//2 4241//2
f 4247//3 4245//3 4241//3
f 4244//1 4242//1 4246//1
f 4250//6 4252//6 4251//6
f 4252//4 4256//4 4255//4
f 4256//5 4254//5 4253//5
f 4254//2 4250//2 4249//2
f 4255//3 4253//3 4249//3
f 4252//1 4250//1 4254//1
f 4258//6 4260//6 4259//6
f 4259//4 4260//4 4264//4
f 4264//5 4262//5 4261//5
f 4262//2 4258//2 4257//2
f 4263//3 4261//3 4257//3
f 4260//1 4258//1 4262//1
f 4266//6 4268//6 4267//6
f 4268//4 4272//4 4271//4
f 4272//5 4270//5 4269//5
f 4270//2 4266//2 4265//2
f 4271//3 4269//3 4265//3
f 4268//1 4266//1 4270//1
f 4274//6 4276//6 4275//6
f 4276//4 4280//4 4279//4
f 4280//5 4278//5 4277//5
f 4278//2 4274//2 4273//2
f 4279//3 4277//3 4273//3
f 4276//1 4274//1 4278//1
f 4282//6 4284//6 4283//6
f 4284//4 4288//4 4287//4
f 4288//5 4286//5 4285//5
f 4286//2 4282//2 4281//2
f 4287//3 4285//3 4281//3
f 4284//1 4282//1 4286//1
f 4290//6 4292//6 4291//6
f 4292//4 4296//4 4295//4
f 4296//5 4294//5 4293//5
f 4294//2 4290//2 4289//2
f 4295//3 4293//3 4289//3
f 4292//1 4290//1 4294//1
f 4298//3 4300//3 4299//3
f 4300//4 4304//4 4303//4
f 4304//1 4302//1 4301//1
f 4302//2 4298//2 4297//2
f 4303//5 4301//5 4297//5
f 4300//6 4298//6 4302//6
f 4306//3 4308//3 4307//3
f 4308//4 4312//4 4311//4
f 4312//1 4310//1 4309//1
f 4310//2 4306//2 4305//2
f 4311//5 4309//5 4305//5
f 4308//6 4306//6 4310//6
f 4314//3 4316//3 4315//3
f 4316//4 4320//4 4319//4
f 4320//1 4318//1 4317//1
f 4318//2 4314//2 4313//2
f 4319//5 4317//5 4313//5
f 4316//6 4314//6 4318//6
f 4322//1 4324//1 4323//1
f 4324//2 4328//2 4327//2
f 4328//3 4326//3 4325//3
f 4326//4 4322//4 4321//4
f 4327//5 4325//5 4321//5
f 4324//6 4322//6 4326//6
f 4330//1 4332//1 4331//1
f 4332//2 4336//2 4335//2
f 4336//3 4334//3 4333//3
f 4334//4 4330//4 4329//4
f 4335//5 4333//5 4329//5
f 4332//6 4330//6 4334//6
f 4338//1 4340//1 4339//1
f 4340//2 4344//2 4343//2
f 4344//3 4342//3 4341//3
f 4342//4 4338//4 4337//4
f 4343//5 4341//5 4337//5
f 4340//6 4338//6 4342//6
f 4346//1 4348//1 4347//1
f 4348//2 4352//2 4351//2
f 4352//3 4350//3 4349//3
f 4350//4 4346//4 4345//4
f 4351//5 4349//5 4345//5
f 4348//6 4346//6 4350//6
f 4354//1 4356//1 4355//1
f 4356//2 4360//2 4359//2
f 4360//3 4358//3 4357//3
f 4358//4 4354//4 4353//4
f 4359//5 4357//5 4353//5
f 4356//6 4354//6 4358//6
f 4362//6 4364//6 4363//6
f 4363//2 4364//2 4368//2
f 4368//5 4366//5 4365//5
f 4366//4 4362//4 4361//4
f 4367//1 4365//1 4361//1
f 4364//3 4362//3 4366//3
f 4370//6 4372//6 4371//6
f 4371//2 4372//2 4376//2
f 4376//5 4374//5 4373//5
f 4374//4 4370//4 4369//4
f 4375//1 4373//1 4369//1
f 4372//3 4370//3 4374//3
f 4378//6 4380//6 4379//6
f 4379//2 4380//2 4384//2
f 4384//5 4382//5 4381//5
f 4382//4 4378//4 4377//4
f 4383//1 4381//1 4377//1
f 4380//3 4378//3 4382//3
f 4386//6 4388//6 4387//6
f 4387//2 4388//2 4392//2
f 4392//5 4390//5 4389//5
f 4390//4 4386//4 4385//4
f 4391//1 4389//1 4385//1
f 4388//3 4386//3 4390//3
f 4394//6 4396//6 4395//6
f 4396//2 4400//2 4399//2
f 4400//5 4398//5 4397//5
f 4398//4 4394//4 4393//4
f 4399//1 4397//1 4393//1
f 4396//3 4394//3 4398//3
f 4402//6 4404//6 4403//6
f 4404//2 4408//2 4407//2
f 4408//5 4406//5 4405//5
f 4406//4 4402//4 4401//4
f 4407//1 4405//1 4401//1
f 4404//3 4402//3 4406//3
f 4410//6 4412//6 4411//6
f 4412//2 4416//2 4415//2
f 4416//5 4414//5 4413//5
f 4414//4 4410//4 4409//4
f 4415//1 4413//1 4409//1
f 4412//3 4410//3 4414//3
f 4418//6 4420//6 4419//6
f 4419//2 4420//2 4424//2
f 4424//5 4422//5 4421//5
f 4422//4 4418//4 4417//4
f 4423//1 4421//1 4417//1
f 4420//3 4418//3 4422//3
f 4426//6 4428//6 4427//6
f 4427//2 4428//2 4432//2
f 4432//5 4430//5 4429//5
f 4430//4 4426//4 4425//4
f 4431//1 4429//1 4425//1
f 4428//3 4426//3 4430//3
f 4434//6 4436//6 4435//6
f 4435//2 4436//2 4440//2
f 4440//5 4438//5 4437//5
f 4438//4 4434//4 4433//4
f 4439//1 4437//1 4433//1
f 4436//3 4434//3 4438//3
f 4442//6 4444//6 4443//6
f 4443//2 4444//2 4448//2
f 4448//5 4446//5 4445//5
f 4446//4 4442//4 4441//4
f 4447//1 4445//1 4441//1
f 4444//3 4442//3 4446//3
f 4450//6 4452//6 4451//6
f 4452//2 4456//2 4455//2
f 4456//5 4454//5 4453//5
f 4454//4 4450//4 4449//4
f 4455//1 4453//1 4449//1
f 4452//3 4450//3 4454//3
f 4458//6 4460//6 4459//6
f 4460//2 4464//2 4463//2
f 4464//5 4462//5 4461//5
f 4462//4 4458//4 4457//4
f 4463//1 4461//1 4457//1
f 4460//3 4458//3 4462//3
f 4466//6 4468//6 4467//6
f 4468//2 4472//2 4471//2
f 4472//5 4470//5 4469//5
f 4470//4 4466//4 4465//4
f 4471//1 4469//1 4465//1
f 4468//3 4466//3 4470//3
f 4474//6 4476//6 4475//6
f 4475//2 4476//2 4480//2
f 4480//5 4478//5 4477//5
f 4477//4 4478//4 4474//4
f 4479//1 4477//1 4473//1
f 4476//3 4474//3 4478//3
f 4482//6 4484//6 4483//6
f 4484//2 4488//2 4487//2
f 4488//5 4486//5 4485//5
f 4485//4 4486//4 4482//4
f 4487//1 4485//1 4481//1
f 4484//3 4482//3 4486//3
f 4490//6 4492//6 4491//6
f 4492//2 4496//2 4495//2
f 4496//5 4494//5 4493//5
f 4494//4 4490//4 4489//4
f 4495//1 4493//1 4489//1
f 4492//3 4490//3 4494//3
f 4498//6 4500//6 4499//6
f 4500//2 4504//2 4503//2
f 4504//5 4502//5 4501//5
f 4502//4 4498//4 4497//4
f 4503//1 4501//1 4497//1
f 4500//3 4498//3 4502//3
f 4506//6 4508//6 4507//6
f 4507//2 4508//2 4512//2
f 4512//5 4510//5 4509//5
f 4510//4 4506//4 4505//4
f 4511//1 4509//1 4505//1
f 4508//3 4506//3 4510//3
f 4514//6 4516//6 4515//6
f 4515//2 4516//2 4520//2
f 4520//5 4518//5 4517//5
f 4518//4 4514//4 4513//4
f 4519//1 4517//1 4513//1
f 4516//3 4514//3 4518//3
f 4522//6 4524//6 4523//6
f 4523//2 4524//2 4528//2
f 4528//5 4526//5 4525//5
f 4526//4 4522//4 4521//4
f 4527//1 4525//1 4521//1
f 4524//3 4522//3 4526//3
f 4530//6 4532//6 4531//6
f 4531//2 4532//2 4536//2
f 4536//5 4534//5 4533//5
f 4534//4 4530//4 4529//4
f 4535//1 4533//1 4529//1
f 4532//3 4530//3 4534//3
f 4538//1 4540//1 4539//1
f 4540//2 4544//2 4543//2
f 4544//3 4542//3 4541//3
f 4542//4 4538//4 4537//4
f 4543//5 4541//5 4537//5
f 4540//6 4538//6 4542//6
f 4546//6 4548//6 4547//6
f 4547//2 4548//2 4552//2
f 4552//5 4550//5 4549//5
f 4550//4 4546//4 4545//4
f 4551//1 4549//1 4545//1
f 4548//3 4546//3 4550//3
f 4554//6 4556//6 4555//6
f 4555//2 4556//2 4560//2
f 4560//5 4558//5 4557//5
f 4558//4 4554//4 4553//4
f 4559//1 4557//1 4553//1
f 4556//3 4554//3 4558//3
f 4562//6 4564//6 4563//6
f 4563//2 4564//2 4568//2
f 4568//5 4566//5 4565//5
f 4566//4 4562//4 4561//4
f 4567//1 4565//1 4561//1
f 4564//3 4562//3 4566//3
f 4570//6 4572//6 4571//6
f 4571//2 4572//2 4576//2
f 4576//5 4574//5 4573//5
f 4574//4 4570//4 4569//4
f 4575//1 4573//1 4569//1
f 4572//3 4570//3 4574//3
f 4578//6 4580//6 4579//6
f 4580//2 4584//2 4583//2
f 4584//5 4582//5 4581//5
f 4582//4 4578//4 4577//4
f 4583//1 4581//1 4577//1
f 4580//3 4578//3 4582//3
f 4586//6 4588//6 4587//6
f 4588//2 4592//2 4591//2
f 4592//5 4590//5 4589//5
f 4590//4 4586//4 4585//4
f 4591//1 4589//1 4585//1
f 4588//3 4586//3 4590//3
f 4594//6 4596//6 4595//6
f 4596//2 4600//2 4599//2
f 4600//5 4598//5 4597//5
f 4598//4 4594//4 4593//4
f 4599//1 4597//1 4593//1
f 4596//3 4594//3 4598//3
f 4602//6 4604//6 4603//6
f 4604//2 4608//2 4607//2
f 4608//5 4606//5 4605//5
f 4606//4 4602//4 4601//4
f 4607//1 4605//1 4601//1
f 4604//3 4602//3 4606//3
f 4610//6 4612//6 4611//6
f 4612//2 4616//2 4615//2
f 4616//5 4614//5 4613//5
f 4614//4 4610//4 4609//4
f 4615//1 4613//1 4609//1
f 4612//3 4610//3 4614//3
f 4618//6 4620//6 4619//6
f 4620//2 4624//2 4623//2
f 4624//5 4622//5 4621//5
f 4622//4 4618//4 4617//4
f 4623//1 4621//1 4617//1
f 4620//3 4618//3 4622//3
f 4626//6 4628//6 4627//6
f 4627//2 4628//2 4632//2
f 4632//5 4630//5 4629//5
f 4630//4 4626//4 4625//4
f 4631//1 4629//1 4625//1
f 4628//3 4626//3 4630//3
f 4634//6 4636//6 4635//6
f 4635//2 4636//2 4640//2
f 4640//5 4638//5 4637//5
f 4638//4 4634//4 4633//4
f 4639//1 4637//1 4633//1
f 4636//3 4634//3 4638//3
f 4642//6 4644//6 4643//6
f 4643//2 4644//2 4648//2
f 4648//5 4646//5 4645//5
f 4646//4 4642//4 4641//4
f 4647//1 4645//1 4641//1
f 4644//3 4642//3 4646//3
f 4650//6 4652//6 4651//6
f 4651//2 4652//2 4656//2
f 4656//5 4654//5 4653//5
f 4654//4 4650//4 4649//4
f 4655//1 4653//1 4649//1
f 4652//3 4650//3 4654//3
f 4658//1 4660//1 4659//1
f 4660//2 4664//2 4663//2
f 4664//3 4662//3 4661//3
f 4662//4 4658//4 4657//4
f 4663//5 4661//5 4657//5
f 4660//6 4658//6 4662//6
f 4666//6 4668//6 4667//6
f 4667//2 4668//2 4672//2
f 4672//5 4670//5 4669//5
f 4670//4 4666//4 4665//4
f 4671//1 4669//1 4665//1
f 4668//3 4666//3 4670//3
f 4674//6 4676//6 4675//6
f 4675//2 4676//2 4680//2
f 4680//5 4678//5 4677//5
f 4678//4 4674//4 4673//4
f 4679//1 4677//1 4673//1
f 4676//3 4674//3 4678//3
f 4682//6 4684//6 4683//6
f 4683//2 4684//2 4688//2
f 4688//5 4686//5 4685//5
f 4686//4 4682//4 4681//4
f 4687//1 4685//1 4681//1
f 4684//3 4682//3 4686//3
f 4690//6 4692//6 4691//6
f 4691//2 4692//2 4696//2
f 4696//5 4694//5 4693//5
f 4694//4 4690//4 4689//4
f 4695//1 4693//1 4689//1
f 4692//3 4690//3 4694//3
f 4698//6 4700//6 4699//6
f 4700//2 4704//2 4703//2
f 4704//5 4702//5 4701//5
f 4702//4 4698//4 4697//4
f 4703//1 4701//1 4697//1
f 4700//3 4698//3 4702//3
f 4706//6 4708//6 4707//6
f 4708//2 4712//2 4711//2
f 4712//5 4710//5 4709//5
f 4710//4 4706//4 4705//4
f 4711//1 4709//1 4705//1
f 4708//3 4706//3 4710//3
f 4714//6 4716//6 4715//6
f 4716//2 4720//2 4719//2
f 4720//5 4718//5 4717//5
f 4717//4 4718//4 4714//4
f 4719//1 4717//1 4713//1
f 4716//3 4714//3 4718//3
f 4722//6 4724//6 4723//6
f 4723//2 4724//2 4728//2
f 4728//5 4726//5 4725//5
f 4725//4 4726//4 4722//4
f 4727//1 4725//1 4721//1
f 4724//3 4722//3 4726//3
f 4730//6 4732//6 4731//6
f 4732//2 4736//2 4735//2
f 4736//5 4734//5 4733//5
f 4734//4 4730//4 4729//4
f 4735//1 4733//1 4729//1
f 4732//3 4730//3 4734//3
f 4738//6 4740//6 4739//6
f 4739//2 4740//2 4744//2
f 4744//5 4742//5 4741//5
f 4742//4 4738//4 4737//4
f 4743//1 4741//1 4737//1
f 4740//3 4738//3 4742//3
f 4746//6 4748//6 4747//6
f 4748//2 4752//2 4751//2
f 4752//5 4750//5 4749//5
f 4750//4 4746//4 4745//4
f 4751//1 4749//1 4745//1
f 4748//3 4746//3 4750//3
f 4754//6 4756//6 4755//6
f 4755//2 4756//2 4760//2
f 4760//5 4758//5 4757//5
f 4758//4 4754//4 4753//4
f 4759//1 4757//1 4753//1
f 4756//3 4754//3 4758//3
f 4762//6 4764//6 4763//6
f 4764//2 4768//2 4767//2
f 4768//5 4766//5 4765//5
f 4766//4 4762//4 4761//4
f 4767//1 4765//1 4761//1
f 4764//3 4762//3 4766//3
f 4770//6 4772//6 4771//6
f 4771//2 4772//2 4776//2
f 4776//5 4774//5 4773//5
f 4774//4 4770//4 4769//4
f 4775//1 4773//1 4769//1
f 4772//3 4770//3 4774//3
f 4778//6 4780//6 4779//6
f 4780//2 4784//2 4783//2
f 4784//5 4782//5 4781//5
f 4782//4 4778//4 4777//4
f 4783//1 4781//1 4777//1
f 4780//3 4778//3 4782//3
f 4786//6 4788//6 4787//6
f 4787//2 4788//2 4792//2
f 4792//5 4790//5 4789//5
f 4790//4 4786//4 4785//4
f 4791//1 4789//1 4785//1
f 4788//3 4786//3 4790//3
f 4794//6 4796//6 4795//6
f 4796//2 4800//2 4799//2
f 4800//5 4798//5 4797//5
f 4798//4 4794//4 4793//4
f 4799//1 4797//1 4793//1
f 4796//3 4794//3 4798//3
f 4802//6 4804//6 4803//6
f 4803//2 4804//2 4808//2
f 4808//5 4806//5 4805//5
f 4806//4 4802//4 4801//4
f 4807//1 4805//1 4801//1
f 4804//3 4802//3 4806//3
f 4810//6 4812//6 4811//6
f 4811//2 4812//2 4816//2
f 4816//5 4814//5 4813//5
f 4814//4 4810//4 4809//4
f 4815//1 4813//1 4809//1
f 4812//3 4810//3 4814//3
f 4818//6 4820//6 4819//6
f 4819//2 4820//2 4824//2
f 4824//5 4822//5 4821//5
f 4822//4 4818//4 4817//4
f 4823//1 4821//1 4817//1
f 4820//3 4818//3 4822//3
f 4826//6 4828//6 4827//6
f 4827//2 4828//2 4832//2
f 4832//5 4830//5 4829//5
f 4830//4 4826//4 4825//4
f 4831//1 4829//1 4825//1
f 4828//3 4826//3 4830//3
f 4834//6 4836//6 4835//6
f 4835//2 4836//2 4840//2
f 4840//5 4838//5 4837//5
f 4838//4 4834//4 4833//4
f 4839//1 4837//1 4833//1
f 4836//3 4834//3 4838//3
f 4842//6 4844//6 4843//6
f 4844//2 4848//2 4847//2
f 4848//5 4846//5 4845//5
f 4846//4 4842//4 4841//4
f 4847//1 4845//1 4841//1
f 4844//3 4842//3 4846//3
f 4850//6 4852//6 4851//6
f 4852//2 4856//2 4855//2
f 4856//5 4854//5 4853//5
f 4854//4 4850//4 4849//4
f 4855//1 4853//1 4849//1
f 4852//3 4850//3 4854//3
f 4858//6 4860//6 4859//6
f 4860//2 4864//2 4863//2
f 4864//5 4862//5 4861//5
f 4862//4 4858//4 4857//4
f 4863//1 4861//1 4857//1
f 4860//3 4858//3 4862//3
f 4866//6 4868//6 4867//6
f 4868//2 4872//2 4871//2
f 4872//5 4870//5 4869//5
f 4870//4 4866//4 4865//4
f 4871//1 4869//1 4865//1
f 4868//3 4866//3 4870//3
f 4874//1 4876//1 4875//1
f 4876//2 4880//2 4879//2
f 4880//3 4878//3 4877//3
f 4878//4 4874//4 4873//4
f 4879//5 4877//5 4873//5
f 4876//6 4874//6 4878//6
f 4882//1 4884//1 4883//1
f 4884//2 4888//2 4887//2
f 4888//3 4886//3 4885//3
f 4886//4 4882//4 4881//4
f 4887//5 4885//5 4881//5
f 4884//6 4882//6 4886//6
f 4890//1 4892//1 4891//1
f 4892//2 4896//2 4895//2
f 4896//3 4894//3 4893//3
f 4894//4 4890//4 4889//4
f 4895//5 4893//5 4889//5
f 4892//6 4890//6 4894//6
f 4898//1 4900//1 4899//1
f 4900//2 4904//2 4903//2
f 4904//3 4902//3 4901//3
f 4902//4 4898//4 4897//4
f 4903//5 4901//5 4897//5
f 4900//6 4898//6 4902//6
f 4906//1 4908//1 4907//1
f 4908//2 4912//2 4911//2
f 4912//3 4910//3 4909//3
f 4910//4 4906//4 4905//4
f 4911//5 4909//5 4905//5
f 4908//6 4906//6 4910//6
f 4914//1 4916//1 4915//1
f 4916//2 4920//2 4919//2
f 4920//3 4918//3 4917//3
f 4918//4 4914//4 4913//4
f 4919//5 4917//5 4913//5
f 4916//6 4914//6 4918//6
f 4922//1 4924//1 4923//1
f 4924//2 4928//2 4927//2
f 4928//3 4926//3 4925//3
f 4926//4 4922//4 4921//4
f 4927//5 4925//5 4921//5
f 4924//6 4922//6 4926//6
f 4930//1 4932//1 4931//1
f 4932//2 4936//2 4935//2
f 4936//3 4934//3 4933//3
f 4934//4 4930//4 4929//4
f 4935//5 4933//5 4929//5
f 4932//6 4930//6 4934//6
f 4938//6 4940//6 4939//6
f 4940//2 4944//2 4943//2
f 4944//5 4942//5 4941//5
f 4942//4 4938//4 4937//4
f 4943//1 4941//1 4937//1
f 4940//3 4938//3 4942//3
f 4946//6 4948//6 4947//6
f 4948//2 4952//2 4951//2
f 4952//5 4950//5 4949//5
f 4950//4 4946//4 4945//4
f 4951//1 4949//1 4945//1
f 4948//3 4946//3 4950//3
f 4954//6 4956//6 4955//6
f 4956//2 4960//2 4959//2
f 4960//5 4958//5 4957//5
f 4958//4 4954//4 4953//4
f 4959//1 4957//1 4953//1
f 4956//3 4954//3 4958//3
f 4962//6 4964//6 4963//6
f 4964//2 4968//2 4967//2
f 4968//5 4966//5 4965//5
f 4966//4 4962//4 4961//4
f 4967//1 4965//1 4961//1
f 4964//3 4962//3 4966//3
f 4970//6 4972//6 4971//6
f 4972//2 4976//2 4975//2
f 4976//5 4974//5 4973//5
f 4974//4 4970//4 4969//4
f 4975//1 4973//1 4969//1
f 4972//3 4970//3 4974//3
f 4978//6 4980//6 4979//6
f 4979//2 4980//2 4984//2
f 4984//5 4982//5 4981//5
f 4982//4 4978//4 4977//4
f 4983//1 4981//1 4977//1
f 4980//3 4978//3 4982//3
f 4986//6 4988//6 4987//6
f 4987//2 4988//2 4992//2
f 4992//5 4990//5 4989//5
f 4990//4 4986//4 4985//4
f 4991//1 4989//1 4985//1
f 4988//3 4986//3 4990//3
f 4994//6 4996//6 4995//6
f 4995//2 4996//2 5000//2
f 5000//5 4998//5 4997//5
f 4998//4 4994//4 4993//4
f 4999//1 4997//1 4993//1
f 4996//3 4994//3 4998//3
f 5002//6 5004//6 5003//6
f 5003//2 5004//2 5008//2
f 5008//5 5006//5 5005//5
f 5006//4 5002//4 5001//4
f 5007//1 5005//1 5001//1
f 5004//3 5002//3 5006//3
f 5010//6 5012//6 5011//6
f 5011//2 5012//2 5016//2
f 5016//5 5014//5 5013//5
f 5014//4 5010//4 5009//4
f 5015//1 5013//1 5009//1
f 5012//3 5010//3 5014//3
f 5018//6 5020//6 5019//6
f 5019//2 5020//2 5024//2
f 5024//5 5022//5 5021//5
f 5022//4 5018//4 5017//4
f 5023//1 5021//1 5017//1
f 5020//3 5018//3 5022//3
f 5026//6 5028//6 5027//6
f 5028//2 5032//2 5031//2
f 5032//5 5030//5 5029//5
f 5030//4 5026//4 5025//4
f 5031//1 5029//1 5025//1
f 5028//3 5026//3 5030//3
f 5034//6 5036//6 5035//6
f 5035//2 5036//2 5040//2
f 5040//5 5038//5 5037//5
f 5038//4 5034//4 5033//4
f 5039//1 5037//1 5033//1
f 5036//3 5034//3 5038//3
f 5042//6 5044//6 5043//6
f 5044//2 5048//2 5047//2
f 5048//5 5046//5 5045//5
f 5046//4 5042//4 5041//4
f 5047//1 5045//1 5041//1
f 5044//3 5042//3 5046//3
f 5050//6 5052//6 5051//6
f 5051//2 5052//2 5056//2
f 5056//5 5054//5 5053//5
f 5054//4 5050//4 5049//4
f 5055//1 5053//1 5049//1
f 5052//3 5050//3 5054//3
f 5058//6 5060//6 5059//6
f 5060//2 5064//2 5063//2
f 5064//5 5062//5 5061//5
f 5062//4 5058//4 5057//4
f 5063//1 5061//1 5057//1
f 5060//3 5058//3 5062//3
f 5066//6 5068//6 5067//6
f 5068//2 5072//2 5071//2
f 5072//5 5070//5 5069//5
f 5070//4 5066//4 5065//4
f 5071//1 5069//1 5065//1
f 5068//3 5066//3 5070//3
f 5074//6 5076//6 5075//6
f 5076//2 5080//2 5079//2
f 5080//5 5078//5 5077//5
f 5078//4 5074//4 5073//4
f 5079//1 5077//1 5073//1
f 5076//3 5074//3 5078//3
f 5082//6 5084//6 5083//6
f 5083//2 5084//2 5088//2
f 5088//5 5086//5 5085//5
f 5085//4 5086//4 5082//4
f 5087//1 5085//1 5081//1
f 5084//3 5082//3 5086//3
f 5090//6 5092//6 5091//6
f 5092//2 5096//2 5095//2
f 5096//5 5094//5 5093//5
f 5093//4 5094//4 5090//4
f 5095//1 5093//1 5089//1
f 5092//3 5090//3 5094//3
f 5098//6 5100//6 5099//6
f 5100//2 5104//2 5103//2
f 5104//5 5102//5 5101//5
f 5102//4 5098//4 5097//4
f 5103//1 5101//1 5097//1
f 5100//3 5098//3 5102//3
f 5106//6 5108//6 5107//6
f 5108//2 5112//2 5111//2
f 5112//5 5110//5 5109//5
f 5110//4 5106//4 5105//4
f 5111//1 5109//1 5105//1
f 5108//3 5106//3 5110//3
f 5114//6 5116//6 5115//6
f 5115//2 5116//2 5120//2
f 5120//5 5118//5 5117//5
f 5118//4 5114//4 5113//4
f 5119//1 5117//1 5113//1
f 5116//3 5114//3 5118//3
f 5122//6 5124//6 5123//6
f 5123//2 5124//2 5128//2
f 5128//5 5126//5 5125//5
f 5126//4 5122//4 5121//4
f 5127//1 5125//1 5121//1
f 5124//3 5122//3 5126//3
f 5130//6 5132//6 5131//6
f 5131//2 5132//2 5136//2
f 5136//5 5134//5 5133//5
f 5134//4 5130//4 5129//4
f 5135//1 5133//1 5129//1
f 5132//3 5130//3 5134//3
f 5138//6 5140//6 5139//6
f 5139//2 5140//2 5144//2
f 5144//5 5142//5 5141//5
f 5142//4 5138//4 5137//4
f 5143//1 5141//1 5137//1
f 5140//3 5138//3 5142//3
f 5146//1 5148//1 5147//1
f 5148//2 5152//2 5151//2
f 5152//3 5150//3 5149//3
f 5150//4 5146//4 5145//4
f 5151//5 5149//5 5145//5
f 5148//6 5146//6 5150//6
f 5154//6 5156//6 5155//6
f 5155//2 5156//2 5160//2
f 5160//5 5158//5 5157//5
f 5158//4 5154//4 5153//4
f 5159//1 5157//1 5153//1
f 5156//3 5154//3 5158//3
f 5162//6 5164//6 5163//6
f 5163//2 5164//2 5168//2
f 5168//5 5166//5 5165//5
f 5166//4 5162//4 5161//4
f 5167//1 5165//1 5161//1
f 5164//3 5162//3 5166//3
f 5170//6 5172//6 5171//6
f 5171//2 5172//2 5176//2
f 5176//5 5174//5 5173//5
f 5174//4 5170//4 5169//4
f 5175//1 5173//1 5169//1
f 5172//3 5170//3 5174//3
f 5178//6 5180//6 5179//6
f 5179//2 5180//2 5184//2
f 5184//5 5182//5 5181//5
f 5182//4 5178//4 5177//4
f 5183//1 5181//1 5177//1
f 5180//3 5178//3 5182//3
f 5186//6 5188//6 5187//6
f 5188//2 5192//2 5191//2
f 5192//5 5190//5 5189//5
f 5190//4 5186//4 5185//4
f 5191//1 5189//1 5185//1
f 5188//3 5186//3 5190//3
f 5194//6 5196//6 5195//6
f 5196//2 5200//2 5199//2
f 5200//5 5198//5 5197//5
f 5198//4 5194//4 5193//4
f 5199//1 5197//1 5193//1
f 5196//3 5194//3 5198//3
f 5202//6 5204//6 5203//6
f 5204//2 5208//2 5207//2
f 5208//5 5206//5 5205//5
f 5206//4 5202//4 5201//4
f 5207//1 5205//1 5201//1
f 5204//3 5202//3 5206//3
f 5210//6 5212//6 5211//6
f 5212//2 5216//2 5215//2
f 5216//5 5214//5 5213//5
f 5214//4 5210//4 5209//4
f 5215//1 5213//1 5209//1
f 5212//3 5210//3 5214//3
f 5218//6 5220//6 5219//6
f 5220//2 5224//2 5223//2
f 5224//5 5222//5 5221//5
f 5222//4 5218//4 5217//4
f 5223//1 5221//1 5217//1
f 5220//3 5218//3 5222//3
f 5226//6 5228//6 5227//6
f 5228//2 5232//2 5231//2
f 5232//5 5230//5 5229//5
f 5230//4 5226//4 5225//4
f 5231//1 5229//1 5225//1
f 5228//3 5226//3 5230//3
f 5234//6 5236//6 5235//6
f 5235//2 5236//2 5240//2
f 5240//5 5238//5 5237//5
f 5238//4 5234//4 5233//4
f 5239//1 5237//1 5233//1
f 5236//3 5234//3 5238//3
f 5242//6 5244//6 5243//6
f 5243//2 5244//2 5248//2
f 5248//5 5246//5 5245//5
f 5246//4 5242//4 5241//4
f 5247//1 5245//1 5241//1
f 5244//3 5242//3 5246//3
f 5250//6 5252//6 5251//6
f 5251//2 5252//2 5256//2
f 5256//5 5254//5 5253//5
f 5254//4 5250//4 5249//4
f 5255//1 5253//1 5249//1
f 5252//3 5250//3 5254//3
f 5258//6 5260//6 5259//6
f 5259//2 5260//2 5264//2
f 5264//5 5262//5 5261//5
f 5262//4 5258//4 5257//4
f 5263//1 5261//1 5257//1
f 5260//3 5258//3 5262//3
f 5266//1 5268//1 5267//1
f 5268//2 5272//2 5271//2
f 5272//3 5270//3 5269//3
f 5270//4 5266//4 5265//4
f 5271//5 5269//5 5265//5
f 5268//6 5266//6 5270//6
f 5274//6 5276//6 5275//6
f 5275//2 5276//2 5280//2
f 5280//5 5278//5 5277//5
f 5278//4 5274//4 5273//4
f 5279//1 5277//1 5273//1
f 5276//3 5274//3 5278//3
f 5282//6 5284//6 5283//6
f 5283//2 5284//2 5288//2
f 5288//5 5286//5 5285//5
f 5286//4 5282//4 5281//4
f 5287//1 5285//1 5281//1
f 5284//3 5282//3 5286//3
f 5290//6 5292//6 5291//6
f 5291//2 5292//2 5296//2
f 5296//5 5294//5 5293//5
f 5294//4 5290//4 5289//4
f 5295//1 5293//1 5289//1
f 5292//3 5290//3 5294//3
f 5298//6 5300//6 5299//6
f 5299//2 5300//2 5304//2
f 5304//5 5302//5 5301//5
f 5302//4 5298//4 5297//4
f 5303//1 5301//1 5297//1
f 5300//3 5298//3 5302//3
f 5306//6 5308//6 5307//6
f 5308//2 5312//2 5311//2
f 5312//5 5310//5 5309//5
f 5310//4 5306//4 5305//4
f 5311//1 5309//1 5305//1
f 5308//3 5306//3 5310//3
f 5314//6 5316//6 5315//6
f 5316//2 5320//2 5319//2
f 5320//5 5318//5 5317//5
f 5318//4 5314//4 5313//4
f 5319//1 5317//1 5313//1
f 5316//3 5314//3 5318//3
f 5322//6 5324//6 5323//6
f 5324//2 5328//2 5327//2
f 5328//5 5326//5 5325//5
f 5325//4 5326//4 5322//4
f 5327//1 5325//1 5321//1
f 5324//3 5322//3 5326//3
f 5330//6 5332//6 5331//6
f 5331//2 5332//2 5336//2
f 5336//5 5334//5 5333//5
f 5333//4 5334//4 5330//4
f 5335//1 5333//1 5329//1
f 5332//3 5330//3 5334//3
f 5338//6 5340//6 5339//6
f 5340//2 5344//2 5343//2
f 5344//5 5342//5 5341//5
f 5342//4 5338//4 5337//4
f 5343//1 5341//1 5337//1
f 5340//3 5338//3 5342//3
f 5346//6 5348//6 5347//6
f 5348//2 5352//2 5351//2
f 5352//5 5350//5 5349//5
f 5350//4 5346//4 5345//4
f 5351//1 5349//1 5345//1
f 5348//3 5346//3 5350//3
f 5354//6 5356//6 5355//6
f 5356//2 5360//2 5359//2
f 5360//5 5358//5 5357//5
f 5358//4 5354//4 5353//4
f 5359//1 5357//1 5353//1
f 5356//3 5354//3 5358//3
f 5362//6 5364//6 5363//6
f 5363//2 5364//2 5368//2
f 5368//5 5366//5 5365//5
f 5366//4 5362//4 5361//4
f 5367//1 5365//1 5361//1
f 5364//3 5362//3 5366//3
f 5370//6 5372//6 5371//6
f 5372//2 5376//2 5375//2
f 5376//5 5374//5 5373//5
f 5374//4 5370//4 5369//4
f 5375//1 5373//1 5369//1
f 5372//3 5370//3 5374//3
f 5378//6 5380//6 5379//6
f 5379//2 5380//2 5384//2
f 5384//5 5382//5 5381//5
f 5382//4 5378//4 5377//4
f 5383//1 5381//1 5377//1
f 5380//3 5378//3 5382//3
f 5386//6 5388//6 5387//6
f 5388//2 5392//2 5391//2
f 5392//5 5390//5 5389//5
f 5390//4 5386//4 5385//4
f 5391//1 5389//1 5385//1
f 5388//3 5386//3 5390//3
f 5394//6 5396//6 5395//6
f 5396//2 5400//2 5399//2
f 5400//5 5398//5 5397//5
f 5398//4 5394//4 5393//4
f 5399//1 5397//1 5393//1
f 5396//3 5394//3 5398//3
f 5402//6 5404//6 5403//6
f 5404//2 5408//2 5407//2
f 5408//5 5406//5 5405//5
f 5406//4 5402//4 5401//4
f 5407//1 5405//1 5401//1
f 5404//3 5402//3 5406//3
f 5410//6 5412//6 5411//6
f 5412//2 5416//2 5415//2
f 5416//5 5414//5 5413//5
f 5414//4 5410//4 5409//4
f 5415//1 5413//1 5409//1
f 5412//3 5410//3 5414//3
f 5418//6 5420//6 5419//6
f 5419//2 5420//2 5424//2
f 5424//5 5422//5 5421//5
f 5422//4 5418//4 5417//4
f 5423//1 5421//1 5417//1
f 5420//3 5418//3 5422//3
f 5426//6 5428//6 5427//6
f 5427//2 5428//2 5432//2
f 5432//5 5430//5 5429//5
f 5430//4 5426//4 5425//4
f 5431//1 5429//1 5425//1
f 5428//3 5426//3 5430//3
f 5434//6 5436//6 5435//6
f 5435//2 5436//2 5440//2
f 5440//5 5438//5 5437//5
f 5438//4 5434//4 5433//4
f 5439//1 5437//1 5433//1
f 5436//3 5434//3 5438//3
f 5442//1 5444//1 5443//1
f 5444//2 5448//2 5447//2
f 5448//3 5446//3 5445//3
f 5446//4 5442//4 5441//4
f 5447//5 5445//5 5441//5
f 5444//6 5442//6 5446//6
f 5450//1 5452//1 5451//1
f 5452//2 5456//2 5455//2
f 5456//3 5454//3 5453//3
f 5454//4 5450//4 5449//4
f 5455//5 5453//5 5449//5
f 5452//6 5450//6 5454//6
f 5458//1 5460//1 5459//1
f 5460//2 5464//2 5463//2
f 5464//3 5462//3 5461//3
f 5462//4 5458//4 5457//4
f 5463//5 5461//5 5457//5
f 5460//6 5458//6 5462//6
f 5466//1 5468//1 5467//1
f 5468//2 5472//2 5471//2
f 5472//3 5470//3 5469//3
f 5470//4 5466//4 5465//4
f 5471//5 5469//5 5465//5
f 5468//6 5466//6 5470//6
f 5474//1 5476//1 5475//1
f 5476//2 5480//2 5479//2
f 5480//3 5478//3 5477//3
f 5478//4 5474//4 5473//4
f 5479//5 5477//5 5473//5
f 5476//6 5474//6 5478//6
f 5482//3 5484//3 5483//3
f 5484//4 5488//4 5487//4
f 5488//1 5486//1 5485//1
f 5486//2 5482//2 5481//2
f 5487//5 5485//5 5481//5
f 5484//6 5482//6 5486//6
f 5490//3 5492//3 5491//3
f 5492//4 5496//4 5495//4
f 5496//1 5494//1 5493//1
f 5494//2 5490//2 5489//2
f 5495//5 5493//5 5489//5
f 5496//6 5492//6 5490//6
f 5498//3 5500//3 5499//3
f 5500//4 5504//4 5503//4
f 5504//1 5502//1 5501//1
f 5502//2 5498//2 5497//2
f 5503//5 5501//5 5497//5
f 5504//6 5500//6 5498//6
f 5505//6 5506//6 5508//6
f 5508//4 5512//4 5511//4
f 5512//5 5510//5 5509//5
f 5510//2 5506//2 5505//2
f 5511//3 5509//3 5505//3
f 5508//1 5506//1 5510//1
f 5513//6 5514//6 5516//6
f 5516//4 5520//4 5519//4
f 5520//5 5518//5 5517//5
f 5517//2 5518//2 5514//2
f 5519//3 5517//3 5513//3
f 5516//1 5514//1 5518//1
f 5521//6 5522//6 5524//6
f 5524//4 5528//4 5527//4
f 5528//5 5526//5 5525//5
f 5526//2 5522//2 5521//2
f 5527//3 5525//3 5521//3
f 5524//1 5522//1 5526//1
f 5529//6 5530//6 5532//6
f 5532//4 5536//4 5535//4
f 5536//5 5534//5 5533//5
f 5534//2 5530//2 5529//2
f 5535//3 5533//3 5529//3
f 5532//1 5530//1 5534//1
f 5537//6 5538//6 5540//6
f 5539//4 5540//4 5544//4
f 5544//5 5542//5 5541//5
f 5542//2 5538//2 5537//2
f 5543//3 5541//3 5537//3
f 5540//1 5538//1 5542//1
f 5545//6 5546//6 5548//6
f 5548//4 5552//4 5551//4
f 5552//5 5550//5 5549//5
f 5550//2 5546//2 5545//2
f 5551//3 5549//3 5545//3
f 5548//1 5546//1 5550//1
f 5553//6 5554//6 5556//6
f 5556//4 5560//4 5559//4
f 5560//5 5558//5 5557//5
f 5558//2 5554//2 5553//2
f 5559//3 5557//3 5553//3
f 5556//1 5554//1 5558//1
f 5561//6 5562//6 5564//6
f 5563//4 5564//4 5568//4
f 5568//5 5566//5 5565//5
f 5566//2 5562//2 5561//2
f 5567//3 5565//3 5561//3
f 5564//1 5562//1 5566//1
f 5569//6 5570//6 5572//6
f 5572//4 5576//4 5575//4
f 5576//5 5574//5 5573//5
f 5573//2 5574//2 5570//2
f 5575//3 5573//3 5569//3
f 5572//1 5570//1 5574//1
f 5577//6 5578//6 5580//6
f 5579//4 5580//4 5584//4
f 5584//5 5582//5 5581//5
f 5582//2 5578//2 5577//2
f 5583//3 5581//3 5577//3
f 5580//1 5578//1 5582//1
f 5585//6 5586//6 5588//6
f 5588//4 5592//4 5591//4
f 5592//5 5590//5 5589//5
f 5590//2 5586//2 5585//2
f 5591//3 5589//3 5585//3
f 5588//1 5586//1 5590//1
f 5594//6 5596//6 5595//6
f 5595//4 5596//4 5600//4
f 5600//5 5598//5 5597//5
f 5598//2 5594//2 5593//2
f 5599//3 5597//3 5593//3
f 5596//1 5594//1 5598//1
f 5602//6 5604//6 5603//6
f 5603//4 5604//4 5608//4
f 5608//5 5606//5 5605//5
f 5606//2 5602//2 5601//2
f 5607//3 5605//3 5601//3
f 5604//1 5602//1 5606//1
f 5610//6 5612//6 5611//6
f 5611//4 5612//4 5616//4
f 5616//5 5614//5 5613//5
f 5614//2 5610//2 5609//2
f 5615//3 5613//3 5609//3
f 5612//1 5610//1 5614//1
f 5618//6 5620//6 5619//6
f 5619//4 5620//4 5624//4
f 5624//5 5622//5 5621//5
f 5622//2 5618//2 5617//2
f 5623//3 5621//3 5617//3
f 5620//1 5618//1 5622//1
f 5626//3 5628//3 5627//3
f 5628//4 5632//4 5631//4
f 5632//1 5630//1 5629//1
f 5630//2 5626//2 5625//2
f 5631//5 5629//5 5625//5
f 5632//6 5628//6 5626//6
f 5633//6 5634//6 5636//6
f 5635//4 5636//4 5640//4
f 5640//5 5638//5 5637//5
f 5638//2 5634//2 5633//2
f 5639//3 5637//3 5633//3
f 5636//1 5634//1 5638//1
f 5641//6 5642//6 5644//6
f 5643//4 5644//4 5648//4
f 5648//5 5646//5 5645//5
f 5646//2 5642//2 5641//2
f 5647//3 5645//3 5641//3
f 5644//1 5642//1 5646//1
f 5649//6 5650//6 5652//6
f 5651//4 5652//4 5656//4
f 5656//5 5654//5 5653//5
f 5654//2 5650//2 5649//2
f 5655//3 5653//3 5649//3
f 5652//1 5650//1 5654//1
f 5657//6 5658//6 5660//6
f 5660//4 5664//4 5663//4
f 5664//5 5662//5 5661//5
f 5662//2 5658//2 5657//2
f 5663//3 5661//3 5657//3
f 5660//1 5658//1 5662//1
f 5665//6 5666//6 5668//6
f 5668//4 5672//4 5671//4
f 5672//5 5670//5 5669//5
f 5670//2 5666//2 5665//2
f 5671//3 5669//3 5665//3
f 5668//1 5666//1 5670//1
f 5673//6 5674//6 5676//6
f 5676//4 5680//4 5679//4
f 5680//5 5678//5 5677//5
f 5678//2 5674//2 5673//2
f 5679//3 5677//3 5673//3
f 5676//1 5674//1 5678//1
f 5681//6 5682//6 5684//6
f 5684//4 5688//4 5687//4
f 5688//5 5686//5 5685//5
f 5686//2 5682//2 5681//2
f 5687//3 5685//3 5681//3
f 5684//1 5682//1 5686//1
f 5690//2 5692//2 5691//2
f 5692//3 5696//3 5695//3
f 5696//4 5694//4 5693//4
f 5694//1 5690//1 5689//1
f 5695//5 5693//5 5689//5
f 5692//6 5690//6 5694//6
f 5698//2 5700//2 5699//2
f 5700//3 5704//3 5703//3
f 5704//4 5702//4 5701//4
f 5702//1 5698//1 5697//1
f 5703//5 5701//5 5697//5
f 5700//6 5698//6 5702//6
f 5706//2 5708//2 5707//2
f 5708//3 5712//3 5711//3
f 5712//4 5710//4 5709//4
f 5710//1 5706//1 5705//1
f 5711//5 5709//5 5705//5
f 5708//6 5706//6 5710//6
f 5714//6 5716//6 5715//6
f 5716//3 5720//3 5719//3
f 5720//5 5718//5 5717//5
f 5718//1 5714//1 5713//1
f 5719//2 5717//2 5713//2
f 5716//4 5714//4 5718//4
f 5722//6 5724//6 5723//6
f 5724//3 5728//3 5727//3
f 5728//5 5726//5 5725//5
f 5726//1 5722//1 5721//1
f 5727//2 5725//2 5721//2
f 5724//4 5722//4 5726//4
f 5730//6 5732//6 5731//6
f 5732//3 5736//3 5735//3
f 5736//5 5734//5 5733//5
f 5734//1 5730//1 5729//1
f 5735//2 5733//2 5729//2
f 5732//4 5730//4 5734//4
f 5738//6 5740//6 5739//6
f 5740//3 5744//3 5743//3
f 5744//5 5742//5 5741//5
f 5742//1 5738//1 5737//1
f 5743//2 5741//2 5737//2
f 5740//4 5738//4 5742//4
f 5746//6 5748//6 5747//6
f 5747//3 5748//3 5752//3
f 5752//5 5750//5 5749//5
f 5750//1 5746//1 5745//1
f 5751//2 5749//2 5745//2
f 5748//4 5746//4 5750//4
f 5754//6 5756//6 5755//6
f 5755//3 5756//3 5760//3
f 5760//5 5758//5 5757//5
f 5758//1 5754//1 5753//1
f 5759//2 5757//2 5753//2
f 5756//4 5754//4 5758//4
f 5762//6 5764//6 5763//6
f 5763//3 5764//3 5768//3
f 5768//5 5766//5 5765//5
f 5766//1 5762//1 5761//1
f 5767//2 5765//2 5761//2
f 5764//4 5762//4 5766//4
f 5770//6 5772//6 5771//6
f 5771//3 5772//3 5776//3
f 5776//5 5774//5 5773//5
f 5774//1 5770//1 5769//1
f 5775//2 5773//2 5769//2
f 5772//4 5770//4 5774//4
f 5778//6 5780//6 5779//6
f 5779//3 5780//3 5784//3
f 5784//5 5782//5 5781//5
f 5782//1 5778//1 5777//1
f 5783//2 5781//2 5777//2
f 5780//4 5778//4 5782//4
f 5786//6 5788//6 5787//6
f 5787//3 5788//3 5792//3
f 5792//5 5790//5 5789//5
f 5790//1 5786//1 5785//1
f 5791//2 5789//2 5785//2
f 5788//4 5786//4 5790//4
f 5794//2 5796//2 5795//2
f 5796//3 5800//3 5799//3
f 5800//4 5798//4 5797//4
f 5798//1 5794//1 5793//1
f 5799//5 5797//5 5793//5
f 5796//6 5794//6 5798//6
f 5802//6 5804//6 5803//6
f 5803//3 5804//3 5808//3
f 5808//5 5806//5 5805//5
f 5806//1 5802//1 5801//1
f 5807//2 5805//2 5801//2
f 5804//4 5802//4 5806//4
f 5810//6 5812//6 5811//6
f 5811//3 5812//3 5816//3
f 5816//5 5814//5 5813//5
f 5814//1 5810//1 5809//1
f 5815//2 5813//2 5809//2
f 5812//4 5810//4 5814//4
f 5818//6 5820//6 5819//6
f 5819//3 5820//3 5824//3
f 5824//5 5822//5 5821//5
f 5822//1 5818//1 5817//1
f 5823//2 5821//2 5817//2
f 5820//4 5818//4 5822//4
f 5826//6 5828//6 5827//6
f 5827//3 5828//3 5832//3
f 5832//5 5830//5 5829//5
f 5830//1 5826//1 5825//1
f 5831//2 5829//2 5825//2
f 5828//4 5826//4 5830//4
f 5834//4 5836//4 5835//4
f 5836//1 5840//1 5839//1
f 5840//2 5838//2 5837//2
f 5838//3 5834//3 5833//3
f 5839//5 5837//5 5833//5
f 5836//6 5834//6 5838//6
f 5842//4 5844//4 5843//4
f 5844//1 5848//1 5847//1
f 5848//2 5846//2 5845//2
f 5846//3 5842//3 5841//3
f 5847//5 5845//5 5841//5
f 5844//6 5842//6 5846//6
f 5850//6 5852//6 5851//6
f 5852//1 5856//1 5855//1
f 5856//5 5854//5 5853//5
f 5854//3 5850//3 5849//3
f 5855//4 5853//4 5849//4
f 5852//2 5850//2 5854//2
f 5858//6 5860//6 5859//6
f 5860//1 5864//1 5863//1
f 5864//5 5862//5 5861//5
f 5862//3 5858//3 5857//3
f 5863//4 5861//4 5857//4
f 5860//2 5858//2 5862//2
f 5866//6 5868//6 5867//6
f 5867//1 5868//1 5872//1
f 5872//5 5870//5 5869//5
f 5870//3 5866//3 5865//3
f 5871//4 5869//4 5865//4
f 5868//2 5866//2 5870//2
f 5874//4 5876//4 5875//4
f 5876//1 5880//1 5879//1
f 5880//2 5878//2 5877//2
f 5878//3 5874//3 5873//3
f 5879//5 5877//5 5873//5
f 5876//6 5874//6 5878//6
f 5882//6 5884//6 5883//6
f 5883//1 5884//1 5888//1
f 5888//5 5886//5 5885//5
f 5886//3 5882//3 5881//3
f 5887//4 5885//4 5881//4
f 5884//2 5882//2 5886//2
f 5890//6 5892//6 5891//6
f 5891//1 5892//1 5896//1
f 5896//5 5894//5 5893//5
f 5894//3 5890//3 5889//3
f 5895//4 5893//4 5889//4
f 5892//2 5890//2 5894//2
f 5898//6 5900//6 5899//6
f 5899//1 5900//1 5904//1
f 5904//5 5902//5 5901//5
f 5902//3 5898//3 5897//3
f 5903//4 5901//4 5897//4
f 5900//2 5898//2 5902//2
f 5906//6 5908//6 5907//6
f 5907//1 5908//1 5912//1
f 5912//5 5910//5 5909//5
f 5910//3 5906//3 5905//3
f 5911//4 5909//4 5905//4
f 5908//2 5906//2 5910//2
f 5914//6 5916//6 5915//6
f 5915//1 5916//1 5920//1
f 5920//5 5918//5 5917//5
f 5918//3 5914//3 5913//3
f 5919//4 5917//4 5913//4
f 5916//2 5914//2 5918//2
f 5922//6 5924//6 5923//6
f 5923//1 5924//1 5928//1
f 5928//5 5926//5 5925//5
f 5926//3 5922//3 5921//3
f 5927//4 5925//4 5921//4
f 5924//2 5922//2 5926//2
f 5930//6 5932//6 5931//6
f 5931//1 5932//1 5936//1
f 5936//5 5934//5 5933//5
f 5934//3 5930//3 5929//3
f 5935//4 5933//4 5929//4
f 5932//2 5930//2 5934//2
f 5938//6 5940//6 5939//6
f 5939//1 5940//1 5944//1
f 5944//5 5942//5 5941//5
f 5942//3 5938//3 5937//3
f 5943//4 5941//4 5937//4
f 5940//2 5938//2 5942//2
f 5946//4 5948//4 5947//4
f 5948//1 5952//1 5951//1
f 5952//2 5950//2 5949//2
f 5950//3 5946//3 5945//3
f 5951//5 5949//5 5945//5
f 5948//6 5946//6 5950//6
f 5954//6 5956//6 5955//6
f 5955//1 5956//1 5960//1
f 5960//5 5958//5 5957//5
f 5958//3 5954//3 5953//3
f 5959//4 5957//4 5953//4
f 5956//2 5954//2 5958//2
f 5962//6 5964//6 5963//6
f 5963//1 5964//1 5968//1
f 5968//5 5966//5 5965//5
f 5966//3 5962//3 5961//3
f 5967//4 5965//4 5961//4
f 5964//2 5962//2 5966//2
f 5970//6 5972//6 5971//6
f 5971//1 5972//1 5976//1
f 5976//5 5974//5 5973//5
f 5974//3 5970//3 5969//3
f 5975//4 5973//4 5969//4
f 5972//2 5970//2 5974//2
f 5978//6 5980//6 5979//6
f 5979//1 5980//1 5984//1
f 5984//5 5982//5 5981//5
f 5982//3 5978//3 5977//3
f 5983//4 5981//4 5977//4
f 5980//2 5978//2 5982//2
f 5986//6 5988//6 5987//6
f 5988//1 5992//1 5991//1
f 5992//5 5990//5 5989//5
f 5990//3 5986//3 5985//3
f 5991//4 5989//4 5985//4
f 5988//2 5986//2 5990//2
f 5994//6 5996//6 5995//6
f 5996//1 6000//1 5999//1
f 6000//5 5998//5 5997//5
f 5998//3 5994//3 5993//3
f 5999//4 5997//4 5993//4
f 5996//2 5994//2 5998//2
f 6002//6 6004//6 6003//6
f 6004//1 6008//1 6007//1
f 6008//5 6006//5 6005//5
f 6006//3 6002//3 6001//3
f 6007//4 6005//4 6001//4
f 6004//2 6002//2 6006//2
f 6010//6 6012//6 6011//6
f 6012//1 6016//1 6015//1
f 6016//5 6014//5 6013//5
f 6014//3 6010//3 6009//3
f 6015//4 6013//4 6009//4
f 6012//2 6010//2 6014//2
f 6018//6 6020//6 6019//6
f 6020//1 6024//1 6023//1
f 6024//5 6022//5 6021//5
f 6022//3 6018//3 6017//3
f 6023//4 6021//4 6017//4
f 6020//2 6018//2 6022//2
f 6026//6 6028//6 6027//6
f 6028//1 6032//1 6031//1
f 6032//5 6030//5 6029//5
f 6030//3 6026//3 6025//3
f 6031//4 6029//4 6025//4
f 6028//2 6026//2 6030//2
f 6034//6 6036//6 6035//6
f 6036//1 6040//1 6039//1
f 6040//5 6038//5 6037//5
f 6038//3 6034//3 6033//3
f 6039//4 6037//4 6033//4
f 6036//2 6034//2 6038//2
f 6042//6 6044//6 6043//6
f 6044//1 6048//1 6047//1
f 6048//5 6046//5 6045//5
f 6046//3 6042//3 6041//3
f 6047//4 6045//4 6041//4
f 6044//2 6042//2 6046//2
f 6050//6 6052//6 6051//6
f 6052//1 6056//1 6055//1
f 6056//5 6054//5 6053//5
f 6054//3 6050//3 6049//3
f 6055//4 6053//4 6049//4
f 6052//2 6050//2 6054//2
f 6058//6 6060//6 6059//6
f 6060//1 6064//1 6063//1
f 6064//5 6062//5 6061//5
f 6062//3 6058//3 6057//3
f 6063//4 6061//4 6057//4
f 6060//2 6058//2 6062//2
f 6066//6 6068//6 6067//6
f 6068//1 6072//1 6071//1
f 6072//5 6070//5 6069//5
f 6070//3 6066//3 6065//3
f 6071//4 6069//4 6065//4
f 6068//2 6066//2 6070//2
f 6074//6 6076//6 6075//6
f 6076//1 6080//1 6079//1
f 6080//5 6078//5 6077//5
f 6078//3 6074//3 6073//3
f 6079//4 6077//4 6073//4
f 6076//2 6074//2 6078//2
f 6082//4 6084//4 6083//4
f 6084//1 6088//1 6087//1
f 6088//2 6086//2 6085//2
f 6086//3 6082//3 6081//3
f 6087//5 6085//5 6081//5
f 6084//6 6082//6 6086//6
f 6090//4 6092//4 6091//4
f 6092//1 6096//1 6095//1
f 6096//2 6094//2 6093//2
f 6094//3 6090//3 6089//3
f 6095//5 6093//5 6089//5
f 6092//6 6090//6 6094//6
f 6098//4 6100//4 6099//4
f 6100//1 6104//1 6103//1
f 6104//2 6102//2 6101//2
f 6102//3 6098//3 6097//3
f 6103//5 6101//5 6097//5
f 6100//6 6098//6 6102//6
f 6106//2 6108//2 6107//2
f 6108//3 6112//3 6111//3
f 6112//4 6110//4 6109//4
f 6110//1 6106//1 6105//1
f 6107//5 6111//5 6109//5
f 6108//6 6106//6 6110//6
f 6114//2 6116//2 6115//2
f 6116//3 6120//3 6119//3
f 6120//4 6118//4 6117//4
f 6118//1 6114//1 6113//1
f 6119//5 6117//5 6113//5
f 6116//6 6114//6 6118//6
f 6122//2 6124//2 6123//2
f 6124//3 6128//3 6127//3
f 6128//4 6126//4 6125//4
f 6126//1 6122//1 6121//1
f 6127//5 6125//5 6121//5
f 6124//6 6122//6 6126//6
f 6130//2 6132//2 6131//2
f 6132//3 6136//3 6135//3
f 6136//4 6134//4 6133//4
f 6134//1 6130//1 6129//1
f 6135//5 6133//5 6129//5
f 6132//6 6130//6 6134//6
f 6138//2 6140//2 6139//2
f 6140//3 6144//3 6143//3
f 6144//4 6142//4 6141//4
f 6142//1 6138//1 6137//1
f 6143//5 6141//5 6137//5
f 6140//6 6138//6 6142//6
f 6146//6 6148//6 6147//6
f 6148//3 6152//3 6151//3
f 6152//5 6150//5 6149//5
f 6150//1 6146//1 6145//1
f 6151//2 6149//2 6145//2
f 6148//4 6146//4 6150//4
f 6154//6 6156//6 6155//6
f 6156//3 6160//3 6159//3
f 6160//5 6158//5 6157//5
f 6158//1 6154//1 6153//1
f 6159//2 6157//2 6153//2
f 6156//4 6154//4 6158//4
f 6162//6 6164//6 6163//6
f 6164//3 6168//3 6167//3
f 6168//5 6166//5 6165//5
f 6166//1 6162//1 6161//1
f 6167//2 6165//2 6161//2
f 6164//4 6162//4 6166//4
f 6170//6 6172//6 6171//6
f 6172//3 6176//3 6175//3
f 6176//5 6174//5 6173//5
f 6174//1 6170//1 6169//1
f 6175//2 6173//2 6169//2
f 6172//4 6170//4 6174//4
f 6178//6 6180//6 6179//6
f 6180//3 6184//3 6183//3
f 6184//5 6182//5 6181//5
f 6182//1 6178//1 6177//1
f 6183//2 6181//2 6177//2
f 6180//4 6178//4 6182//4
f 6186//6 6188//6 6187//6
f 6188//3 6192//3 6191//3
f 6192//5 6190//5 6189//5
f 6190//1 6186//1 6185//1
f 6191//2 6189//2 6185//2
f 6188//4 6186//4 6190//4
f 6194//6 6196//6 6195//6
f 6196//3 6200//3 6199//3
f 6200//5 6198//5 6197//5
f 6198//1 6194//1 6193//1
f 6199//2 6197//2 6193//2
f 6196//4 6194//4 6198//4
f 6202//6 6204//6 6203//6
f 6204//3 6208//3 6207//3
f 6208//5 6206//5 6205//5
f 6206//1 6202//1 6201//1
f 6207//2 6205//2 6201//2
f 6204//4 6202//4 6206//4
f 6210//6 6212//6 6211//6
f 6211//3 6212//3 6216//3
f 6216//5 6214//5 6213//5
f 6214//1 6210//1 6209//1
f 6215//2 6213//2 6209//2
f 6212//4 6210//4 6214//4
f 6218//6 6220//6 6219//6
f 6220//3 6224//3 6223//3
f 6224//5 6222//5 6221//5
f 6222//1 6218//1 6217//1
f 6223//2 6221//2 6217//2
f 6220//4 6218//4 6222//4
f 6226//6 6228//6 6227//6
f 6228//3 6232//3 6231//3
f 6232//5 6230//5 6229//5
f 6230//1 6226//1 6225//1
f 6231//2 6229//2 6225//2
f 6228//4 6226//4 6230//4
f 6234//6 6236//6 6235//6
f 6236//3 6240//3 6239//3
f 6240//5 6238//5 6237//5
f 6238//1 6234//1 6233//1
f 6239//2 6237//2 6233//2
f 6236//4 6234//4 6238//4
f 6242//6 6244//6 6243//6
f 6244//3 6248//3 6247//3
f 6248//5 6246//5 6245//5
f 6246//1 6242//1 6241//1
f 6247//2 6245//2 6241//2
f 6244//4 6242//4 6246//4
f 6250//6 6252//6 6251//6
f 6252//3 6256//3 6255//3
f 6256//5 6254//5 6253//5
f 6254//1 6250//1 6249//1
f 6255//2 6253//2 6249//2
f 6252//4 6250//4 6254//4
f 6258//6 6260//6 6259//6
f 6260//3 6264//3 6263//3
f 6264//5 6262//5 6261//5
f 6262//1 6258//1 6257//1
f 6263//2 6261//2 6257//2
f 6260//4 6258//4 6262//4
f 6266//6 6268//6 6267//6
f 6268//3 6272//3 6271//3
f 6272//5 6270//5 6269//5
f 6270//1 6266//1 6265//1
f 6271//2 6269//2 6265//2
f 6268//4 6266//4 6270//4
f 6274//6 6276//6 6275//6
f 6276//3 6280//3 6279//3
f 6280//5 6278//5 6277//5
f 6278//1 6274//1 6273//1
f 6279//2 6277//2 6273//2
f 6276//4 6274//4 6278//4
f 6282//6 6284//6 6283//6
f 6284//3 6288//3 6287//3
f 6288//5 6286//5 6285//5
f 6286//1 6282//1 6281//1
f 6287//2 6285//2 6281//2
f 6284//4 6282//4 6286//4
f 6290//6 6292//6 6291//6
f 6292//3 6296//3 6295//3
f 6296//5 6294//5 6293//5
f 6294//1 6290//1 6289//1
f 6295//2 6293//2 6289//2
f 6292//4 6290//4 6294//4
f 6298//6 6300//6 6299//6
f 6300//3 6304//3 6303//3
f 6304//5 6302//5 6301//5
f 6302//1 6298//1 6297//1
f 6303//2 6301//2 6297//2
f 6300//4 6298//4 6302//4
f 6306//6 6308//6 6307//6
f 6308//3 6312//3 6311//3
f 6312//5 6310//5 6309//5
f 6310//1 6306//1 6305//1
f 6311//2 6309//2 6305//2
f 6308//4 6306//4 6310//4
f 6314//6 6316//6 6315//6
f 6316//3 6320//3 6319//3
f 6320//5 6318//5 6317//5
f 6318//1 6314//1 6313//1
f 6319//2 6317//2 6313//2
f 6316//4 6314//4 6318//4
f 6322//6 6324//6 6323//6
f 6324//3 6328//3 6327//3
f 6328//5 6326//5 6325//5
f 6325//1 6326//1 6322//1
f 6327//2 6325//2 6321//2
f 6324//4 6322//4 6326//4
f 6330//6 6332//6 6331//6
f 6331//3 6332//3 6336//3
f 6336//5 6334//5 6333//5
f 6334//1 6330//1 6329//1
f 6335//2 6333//2 6329//2
f 6332//4 6330//4 6334//4
f 6338//6 6340//6 6339//6
f 6339//3 6340//3 6344//3
f 6344//5 6342//5 6341//5
f 6342//1 6338//1 6337//1
f 6343//2 6341//2 6337//2
f 6340//4 6338//4 6342//4
f 6346//6 6348//6 6347//6
f 6347//3 6348//3 6352//3
f 6352//5 6350//5 6349//5
f 6350//1 6346//1 6345//1
f 6351//2 6349//2 6345//2
f 6348//4 6346//4 6350//4
f 6354//6 6356//6 6355//6
f 6355//3 6356//3 6360//3
f 6360//5 6358//5 6357//5
f 6358//1 6354//1 6353//1
f 6359//2 6357//2 6353//2
f 6356//4 6354//4 6358//4
f 6362//2 6364//2 6363//2
f 6364//3 6368//3 6367//3
f 6368//4 6366//4 6365//4
f 6366//1 6362//1 6361//1
f 6367//5 6365//5 6361//5
f 6364//6 6362//6 6366//6
f 6370//6 6372//6 6371//6
f 6371//3 6372//3 6376//3
f 6376//5 6374//5 6373//5
f 6374//1 6370//1 6369//1
f 6375//2 6373//2 6369//2
f 6372//4 6370//4 6374//4
f 6378//6 6380//6 6379//6
f 6379//3 6380//3 6384//3
f 6384//5 6382//5 6381//5
f 6382//1 6378//1 6377//1
f 6383//2 6381//2 6377//2
f 6380//4 6378//4 6382//4
f 6386//6 6388//6 6387//6
f 6387//3 6388//3 6392//3
f 6392//5 6390//5 6389//5
f 6390//1 6386//1 6385//1
f 6391//2 6389//2 6385//2
f 6388//4 6386//4 6390//4
f 6394//6 6396//6 6395//6
f 6395//3 6396//3 6400//3
f 6400//5 6398//5 6397//5
f 6398//1 6394//1 6393//1
f 6399//2 6397//2 6393//2
f 6396//4 6394//4 6398//4
f 6402//6 6404//6 6403//6
f 6403//3 6404//3 6408//3
f 6408//5 6406//5 6405//5
f 6406//1 6402//1 6401//1
f 6407//2 6405//2 6401//2
f 6404//4 6402//4 6406//4
f 6410//6 6412//6 6411//6
f 6411//3 6412//3 6416//3
f 6416//5 6414//5 6413//5
f 6414//1 6410//1 6409//1
f 6415//2 6413//2 6409//2
f 6412//4 6410//4 6414//4
f 6418//6 6420//6 6419//6
f 6419//3 6420//3 6424//3
f 6424//5 6422//5 6421//5
f 6422//1 6418//1 6417//1
f 6423//2 6421//2 6417//2
f 6420//4 6418//4 6422//4
f 6426//6 6428//6 6427//6
f 6427//3 6428//3 6432//3
f 6432//5 6430//5 6429//5
f 6430//1 6426//1 6425//1
f 6431//2 6429//2 6425//2
f 6428//4 6426//4 6430//4
f 6434//6 6436//6 6435//6
f 6435//3 6436//3 6440//3
f 6440//5 6438//5 6437//5
f 6438//1 6434//1 6433//1
f 6439//2 6437//2 6433//2
f 6436//4 6434//4 6438//4
f 6442//6 6444//6 6443//6
f 6443//3 6444//3 6448//3
f 6448//5 6446//5 6445//5
f 6446//1 6442//1 6441//1
f 6447//2 6445//2 6441//2
f 6444//4 6442//4 6446//4
f 6450//6 6452//6 6451//6
f 6451//3 6452//3 6456//3
f 6456//5 6454//5 6453//5
f 6454//1 6450//1 6449//1
f 6455//2 6453//2 6449//2
f 6452//4 6450//4 6454//4
f 6458//6 6460//6 6459//6
f 6459//3 6460//3 6464//3
f 6464//5 6462//5 6461//5
f 6462//1 6458//1 6457//1
f 6463//2 6461//2 6457//2
f 6460//4 6458//4 6462//4
f 6466//6 6468//6 6467//6
f 6467//3 6468//3 6472//3
f 6472//5 6470//5 6469//5
f 6470//1 6466//1 6465//1
f 6471//2 6469//2 6465//2
f 6468//4 6466//4 6470//4
f 6474//6 6476//6 6475//6
f 6475//3 6476//3 6480//3
f 6480//5 6478//5 6477//5
f 6478//1 6474//1 6473//1
f 6479//2 6477//2 6473//2
f 6476//4 6474//4 6478//4
f 6482//2 6484//2 6483//2
f 6484//3 6488//3 6487//3
f 6488//4 6486//4 6485//4
f 6486//1 6482//1 6481//1
f 6487//5 6485//5 6481//5
f 6484//6 6482//6 6486//6
f 6490//6 6492//6 6491//6
f 6491//3 6492//3 6496//3
f 6496//5 6494//5 6493//5
f 6494//1 6490//1 6489//1
f 6495//2 6493//2 6489//2
f 6492//4 6490//4 6494//4
f 6498//6 6500//6 6499//6
f 6499//3 6500//3 6504//3
f 6504//5 6502//5 6501//5
f 6502//1 6498//1 6497//1
f 6503//2 6501//2 6497//2
f 6500//4 6498//4 6502//4
f 6506//6 6508//6 6507//6
f 6507//3 6508//3 6512//3
f 6512//5 6510//5 6509//5
f 6510//1 6506//1 6505//1
f 6511//2 6509//2 6505//2
f 6508//4 6506//4 6510//4
f 6514//6 6516//6 6515//6
f 6515//3 6516//3 6520//3
f 6520//5 6518//5 6517//5
f 6518//1 6514//1 6513//1
f 6519//2 6517//2 6513//2
f 6516//4 6514//4 6518//4
f 6522//6 6524//6 6523//6
f 6524//3 6528//3 6527//3
f 6528//5 6526//5 6525//5
f 6525//1 6526//1 6522//1
f 6527//2 6525//2 6521//2
f 6524//4 6522//4 6526//4
f 6530//6 6532//6 6531//6
f 6532//3 6536//3 6535//3
f 6536//5 6534//5 6533//5
f 6534//1 6530//1 6529//1
f 6535//2 6533//2 6529//2
f 6532//4 6530//4 6534//4
f 6538//6 6540//6 6539//6
f 6540//3 6544//3 6543//3
f 6544//5 6542//5 6541//5
f 6542//1 6538//1 6537//1
f 6543//2 6541//2 6537//2
f 6540//4 6538//4 6542//4
f 6546//6 6548//6 6547//6
f 6548//3 6552//3 6551//3
f 6552//5 6550//5 6549//5
f 6550//1 6546//1 6545//1
f 6551//2 6549//2 6545//2
f 6548//4 6546//4 6550//4
f 6554//6 6556//6 6555//6
f 6556//3 6560//3 6559//3
f 6560//5 6558//5 6557//5
f 6558//1 6554//1 6553//1
f 6559//2 6557//2 6553//2
f 6556//4 6554//4 6558//4
f 6562//6 6564//6 6563//6
f 6564//3 6568//3 6567//3
f 6568//5 6566//5 6565//5
f 6565//1 6566//1 6562//1
f 6567//2 6565//2 6561//2
f 6564//4 6562//4 6566//4
f 6570//6 6572//6 6571//6
f 6572//3 6576//3 6575//3
f 6576//5 6574//5 6573//5
f 6574//1 6570//1 6569//1
f 6575//2 6573//2 6569//2
f 6572//4 6570//4 6574//4
f 6578//6 6580//6 6579//6
f 6580//3 6584//3 6583//3
f 6584//5 6582//5 6581//5
f 6582//1 6578//1 6577//1
f 6583//2 6581//2 6577//2
f 6580//4 6578//4 6582//4
f 6586//6 6588//6 6587//6
f 6588//3 6592//3 6591//3
f 6592//5 6590//5 6589//5
f 6590//1 6586//1 6585//1
f 6591//2 6589//2 6585//2
f 6588//4 6586//4 6590//4
f 6594//6 6596//6 6595//6
f 6596//3 6600//3 6599//3
f 6600//5 6598//5 6597//5
f 6598//1 6594//1 6593//1
f 6599//2 6597//2 6593//2
f 6596//4 6594//4 6598//4
f 6602//6 6604//6 6603//6
f 6604//3 6608//3 6607//3
f 6608//5 6606//5 6605//5
f 6606//1 6602//1 6601//1
f 6607//2 6605//2 6601//2
f 6604//4 6602//4 6606//4
f 6610//6 6612//6 6611//6
f 6612//3 6616//3 6615//3
f 6616//5 6614//5 6613//5
f 6614//1 6610//1 6609//1
f 6615//2 6613//2 6609//2
f 6612//4 6610//4 6614//4
f 6618//6 6620//6 6619//6
f 6620//3 6624//3 6623//3
f 6624//5 6622//5 6621//5
f 6622//1 6618//1 6617//1
f 6623//2 6621//2 6617//2
f 6620//4 6618//4 6622//4
f 6626//6 6628//6 6627//6
f 6628//3 6632//3 6631//3
f 6632//5 6630//5 6629//5
f 6630//1 6626//1 6625//1
f 6631//2 6629//2 6625//2
f 6628//4 6626//4 6630//4
f 6634//6 6636//6 6635//6
f 6635//3 6636//3 6640//3
f 6640//5 6638//5 6637//5
f 6638//1 6634//1 6633//1
f 6639//2 6637//2 6633//2
f 6636//4 6634//4 6638//4
f 6642//6 6644//6 6643//6
f 6644//3 6648//3 6647//3
f 6648//5 6646//5 6645//5
f 6646//1 6642//1 6641//1
f 6647//2 6645//2 6641//2
f 6644//4 6642//4 6646//4
f 6650//6 6652//6 6651//6
f 6652//3 6656//3 6655//3
f 6656//5 6654//5 6653//5
f 6654//1 6650//1 6649//1
f 6655//2 6653//2 6649//2
f 6652//4 6650//4 6654//4
f 6658//6 6660//6 6659//6
f 6660//3 6664//3 6663//3
f 6664//5 6662//5 6661//5
f 6662//1 6658//1 6657//1
f 6663//2 6661//2 6657//2
f 6660//4 6658//4 6662//4
f 6666//6 6668//6 6667//6
f 6668//3 6672//3 6671//3
f 6672//5 6670//5 6669//5
f 6670//1 6666//1 6665//1
f 6671//2 6669//2 6665//2
f 6668//4 6666//4 6670//4
f 6674//6 6676//6 6675//6
f 6676//3 6680//3 6679//3
f 6680//5 6678//5 6677//5
f 6678//1 6674//1 6673//1
f 6679//2 6677//2 6673//2
f 6676//4 6674//4 6678//4
f 6682//6 6684//6 6683//6
f 6684//3 6688//3 6687//3
f 6688//5 6686//5 6685//5
f 6686//1 6682//1 6681//1
f 6687//2 6685//2 6681//2
f 6684//4 6682//4 6686//4
f 6690//6 6692//6 6691//6
f 6692//3 6696//3 6695//3
f 6696//5 6694//5 6693//5
f 6694//1 6690//1 6689//1
f 6695//2 6693//2 6689//2
f 6692//4 6690//4 6694//4
f 6698//2 6700//2 6699//2
f 6700//3 6704//3 6703//3
f 6704//4 6702//4 6701//4
f 6702//1 6698//1 6697//1
f 6703//5 6701//5 6697//5
f 6700//6 6698//6 6702//6
f 6706//2 6708//2 6707//2
f 6708//3 6712//3 6711//3
f 6712//4 6710//4 6709//4
f 6710//1 6706//1 6705//1
f 6711//5 6709//5 6705//5
f 6708//6 6706//6 6710//6
f 6714//2 6716//2 6715//2
f 6716//3 6720//3 6719//3
f 6720//4 6718//4 6717//4
f 6718//1 6714//1 6713//1
f 6719//5 6717//5 6713//5
f 6716//6 6714//6 6718//6
f 6722//2 6724//2 6723//2
f 6724//3 6728//3 6727//3
f 6728//4 6726//4 6725//4
f 6726//1 6722//1 6721//1
f 6727//5 6725//5 6721//5
f 6724//6 6722//6 6726//6
f 6730//1 6732//1 6731//1
f 6732//2 6736//2 6735//2
f 6736//3 6734//3 6733//3
f 6734//4 6730//4 6729//4
f 6735//5 6733//5 6729//5
f 6732//6 6730//6 6734//6
f 6738//1 6740//1 6739//1
f 6740//2 6744//2 6743//2
f 6744//3 6742//3 6741//3
f 6742//4 6738//4 6737//4
f 6743//5 6741//5 6737//5
f 6740//6 6738//6 6742//6
f 6746//1 6748//1 6747//1
f 6748//2 6752//2 6751//2
f 6752//3 6750//3 6749//3
f 6750//4 6746//4 6745//4
f 6751//5 6749//5 6745//5
f 6748//6 6746//6 6750//6
f 6754//1 6756//1 6755//1
f 6756//2 6760//2 6759//2
f 6760//3 6758//3 6757//3
f 6758//4 6754//4 6753//4
f 6759//5 6757//5 6753//5
f 6756//6 6754//6 6758//6
f 6762//6 6764//6 6763//6
f 6764//2 6768//2 6767//2
f 6768//5 6766//5 6765//5
f 6766//4 6762//4 6761//4
f 6767//1 6765//1 6761//1
f 6764//3 6762//3 6766//3
f 6770//6 6772//6 6771//6
f 6772//2 6776//2 6775//2
f 6776//5 6774//5 6773//5
f 6774//4 6770//4 6769//4
f 6775//1 6773//1 6769//1
f 6772//3 6770//3 6774//3
f 6778//6 6780//6 6779//6
f 6780//2 6784//2 6783//2
f 6784//5 6782//5 6781//5
f 6782//4 6778//4 6777//4
f 6783//1 6781//1 6777//1
f 6780//3 6778//3 6782//3
f 6786//6 6788//6 6787//6
f 6788//2 6792//2 6791//2
f 6792//5 6790//5 6789//5
f 6790//4 6786//4 6785//4
f 6791//1 6789//1 6785//1
f 6788//3 6786//3 6790//3
f 6794//6 6796//6 6795//6
f 6796//2 6800//2 6799//2
f 6800//5 6798//5 6797//5
f 6798//4 6794//4 6793//4
f 6799//1 6797//1 6793//1
f 6796//3 6794//3 6798//3
f 6802//6 6804//6 6803//6
f 6804//2 6808//2 6807//2
f 6808//5 6806//5 6805//5
f 6806//4 6802//4 6801//4
f 6807//1 6805//1 6801//1
f 6804//3 6802//3 6806//3
f 6810//6 6812//6 6811//6
f 6812//2 6816//2 6815//2
f 6816//5 6814//5 6813//5
f 6814//4 6810//4 6809//4
f 6815//1 6813//1 6809//1
f 6812//3 6810//3 6814//3
f 6818//6 6820//6 6819//6
f 6819//2 6820//2 6824//2
f 6824//5 6822//5 6821//5
f 6822//4 6818//4 6817//4
f 6823//1 6821//1 6817//1
f 6820//3 6818//3 6822//3
f 6826//6 6828//6 6827//6
f 6828//2 6832//2 6831//2
f 6832//5 6830//5 6829//5
f 6830//4 6826//4 6825//4
f 6831//1 6829//1 6825//1
f 6828//3 6826//3 6830//3
f 6834//6 6836//6 6835//6
f 6836//2 6840//2 6839//2
f 6840//5 6838//5 6837//5
f 6838//4 6834//4 6833//4
f 6839//1 6837//1 6833//1
f 6836//3 6834//3 6838//3
f 6842//6 6844//6 6843//6
f 6844//2 6848//2 6847//2
f 6848//5 6846//5 6845//5
f 6846//4 6842//4 6841//4
f 6847//1 6845//1 6841//1
f 6844//3 6842//3 6846//3
f 6850//6 6852//6 6851//6
f 6852//2 6856//2 6855//2
f 6856//5 6854//5 6853//5
f 6854//4 6850//4 6849//4
f 6855//1 6853//1 6849//1
f 6852//3 6850//3 6854//3
f 6858//6 6860//6 6859//6
f 6860//2 6864//2 6863//2
f 6864//5 6862//5 6861//5
f 6862//4 6858//4 6857//4
f 6863//1 6861//1 6857//1
f 6860//3 6858//3 6862//3
f 6866//6 6868//6 6867//6
f 6868//2 6872//2 6871//2
f 6872//5 6870//5 6869//5
f 6870//4 6866//4 6865//4
f 6871//1 6869//1 6865//1
f 6868//3 6866//3 6870//3
f 6874//6 6876//6 6875//6
f 6876//2 6880//2 6879//2
f 6880//5 6878//5 6877//5
f 6878//4 6874//4 6873//4
f 6879//1 6877//1 6873//1
f 6876//3 6874//3 6878//3
f 6882//6 6884//6 6883//6
f 6884//2 6888//2 6887//2
f 6888//5 6886//5 6885//5
f 6886//4 6882//4 6881//4
f 6887//1 6885//1 6881//1
f 6884//3 6882//3 6886//3
f 6890//6 6892//6 6891//6
f 6892//2 6896//2 6895//2
f 6896//5 6894//5 6893//5
f 6894//4 6890//4 6889//4
f 6895//1 6893//1 6889//1
f 6892//3 6890//3 6894//3
f 6898//6 6900//6 6899//6
f 6900//2 6904//2 6903//2
f 6904//5 6902//5 6901//5
f 6902//4 6898//4 6897//4
f 6903//1 6901//1 6897//1
f 6900//3 6898//3 6902//3
f 6906//6 6908//6 6907//6
f 6908//2 6912//2 6911//2
f 6912//5 6910//5 6909//5
f 6910//4 6906//4 6905//4
f 6911//1 6909//1 6905//1
f 6908//3 6906//3 6910//3
f 6914//6 6916//6 6915//6
f 6916//2 6920//2 6919//2
f 6920//5 6918//5 6917//5
f 6918//4 6914//4 6913//4
f 6919//1 6917//1 6913//1
f 6916//3 6914//3 6918//3
f 6922//6 6924//6 6923//6
f 6924//2 6928//2 6927//2
f 6928//5 6926//5 6925//5
f 6926//4 6922//4 6921//4
f 6927//1 6925//1 6921//1
f 6924//3 6922//3 6926//3
f 6930//6 6932//6 6931//6
f 6932//2 6936//2 6935//2
f 6936//5 6934//5 6933//5
f 6933//4 6934//4 6930//4
f 6935//1 6933//1 6929//1
f 6932//3 6930//3 6934//3
f 6938//6 6940//6 6939//6
f 6939//2 6940//2 6944//2
f 6944//5 6942//5 6941//5
f 6942//4 6938//4 6937//4
f 6943//1 6941//1 6937//1
f 6940//3 6938//3 6942//3
f 6946//6 6948//6 6947//6
f 6947//2 6948//2 6952//2
f 6952//5 6950//5 6949//5
f 6950//4 6946//4 6945//4
f 6951//1 6949//1 6945//1
f 6948//3 6946//3 6950//3
f 6954//6 6956//6 6955//6
f 6955//2 6956//2 6960//2
f 6960//5 6958//5 6957//5
f 6958//4 6954//4 6953//4
f 6959//1 6957//1 6953//1
f 6956//3 6954//3 6958//3
f 6962//6 6964//6 6963//6
f 6963//2 6964//2 6968//2
f 6968//5 6966//5 6965//5
f 6966//4 6962//4 6961//4
f 6967//1 6965//1 6961//1
f 6964//3 6962//3 6966//3
f 6970//1 6972//1 6971//1
f 6972//2 6976//2 6975//2
f 6976//3 6974//3 6973//3
f 6974//4 6970//4 6969//4
f 6975//5 6973//5 6969//5
f 6972//6 6970//6 6974//6
f 6978//6 6980//6 6979//6
f 6979//2 6980//2 6984//2
f 6984//5 6982//5 6981//5
f 6982//4 6978//4 6977//4
f 6983//1 6981//1 6977//1
f 6980//3 6978//3 6982//3
f 6986//6 6988//6 6987//6
f 6988//2 6992//2 6991//2
f 6992//5 6990//5 6989//5
f 6990//4 6986//4 6985//4
f 6991//1 6989//1 6985//1
f 6988//3 6986//3 6990//3
f 6994//6 6996//6 6995//6
f 6995//2 6996//2 7000//2
f 7000//5 6998//5 6997//5
f 6998//4 6994//4 6993//4
f 6999//1 6997//1 6993//1
f 6996//3 6994//3 6998//3
f 7002//6 7004//6 7003//6
f 7003//2 7004//2 7008//2
f 7008//5 7006//5 7005//5
f 7006//4 7002//4 7001//4
f 7007//1 7005//1 7001//1
f 7004//3 7002//3 7006//3
f 7010//6 7012//6 7011//6
f 7012//2 7016//2 7015//2
f 7016//5 7014//5 7013//5
f 7014//4 7010//4 7009//4
f 7015//1 7013//1 7009//1
f 7012//3 7010//3 7014//3
f 7018//6 7020//6 7019//6
f 7019//2 7020//2 7024//2
f 7024//5 7022//5 7021//5
f 7022//4 7018//4 7017//4
f 7023//1 7021//1 7017//1
f 7020//3 7018//3 7022//3
f 7026//6 7028//6 7027//6
f 7027//2 7028//2 7032//2
f 7032//5 7030//5 7029//5
f 7030//4 7026//4 7025//4
f 7031//1 7029//1 7025//1
f 7028//3 7026//3 7030//3
f 7034//6 7036//6 7035//6
f 7035//2 7036//2 7040//2
f 7040//5 7038//5 7037//5
f 7038//4 7034//4 7033//4
f 7039//1 7037//1 7033//1
f 7036//3 7034//3 7038//3
f 7042//6 7044//6 7043//6
f 7043//2 7044//2 7048//2
f 7048//5 7046//5 7045//5
f 7046//4 7042//4 7041//4
f 7047//1 7045//1 7041//1
f 7044//3 7042//3 7046//3
f 7050//6 7052//6 7051//6
f 7051//2 7052//2 7056//2
f 7056//5 7054//5 7053//5
f 7054//4 7050//4 7049//4
f 7055//1 7053//1 7049//1
f 7052//3 7050//3 7054//3
f 7058//6 7060//6 7059//6
f 7059//2 7060//2 7064//2
f 7064//5 7062//5 7061//5
f 7062//4 7058//4 7057//4
f 7063//1 7061//1 7057//1
f 7060//3 7058//3 7062//3
f 7066//6 7068//6 7067//6
f 7067//2 7068//2 7072//2
f 7072//5 7070//5 7069//5
f 7070//4 7066//4 7065//4
f 7071//1 7069//1 7065//1
f 7068//3 7066//3 7070//3
f 7074//6 7076//6 7075//6
f 7075//2 7076//2 7080//2
f 7080//5 7078//5 7077//5
f 7078//4 7074//4 7073//4
f 7079//1 7077//1 7073//1
f 7076//3 7074//3 7078//3
f 7082//6 7084//6 7083//6
f 7083//2 7084//2 7088//2
f 7088//5 7086//5 7085//5
f 7086//4 7082//4 7081//4
f 7087//1 7085//1 7081//1
f 7084//3 7082//3 7086//3
f 7090//1 7092//1 7091//1
f 7092//2 7096//2 7095//2
f 7096//3 7094//3 7093//3
f 7094//4 7090//4 7089//4
f 7095//5 7093//5 7089//5
f 7092//6 7090//6 7094//6
f 7098//6 7100//6 7099//6
f 7099//2 7100//2 7104//2
f 7104//5 7102//5 7101//5
f 7102//4 7098//4 7097//4
f 7103//1 7101//1 7097//1
f 7100//3 7098//3 7102//3
f 7106//6 7108//6 7107//6
f 7107//2 7108//2 7112//2
f 7112//5 7110//5 7109//5
f 7110//4 7106//4 7105//4
f 7111//1 7109//1 7105//1
f 7108//3 7106//3 7110//3
f 7114//6 7116//6 7115//6
f 7115//2 7116//2 7120//2
f 7120//5 7118//5 7117//5
f 7118//4 7114//4 7113//4
f 7119//1 7117//1 7113//1
f 7116//3 7114//3 7118//3
f 7122//6 7124//6 7123//6
f 7123//2 7124//2 7128//2
f 7128//5 7126//5 7125//5
f 7126//4 7122//4 7121//4
f 7127//1 7125//1 7121//1
f 7124//3 7122//3 7126//3
f 7130//6 7132//6 7131//6
f 7132//2 7136//2 7135//2
f 7136//5 7134//5 7133//5
f 7133//4 7134//4 7130//4
f 7135//1 7133//1 7129//1
f 7132//3 7130//3 7134//3
f 7138//6 7140//6 7139//6
f 7140//2 7144//2 7143//2
f 7144//5 7142//5 7141//5
f 7142//4 7138//4 7137//4
f 7143//1 7141//1 7137//1
f 7140//3 7138//3 7142//3
f 7146//6 7148//6 7147//6
f 7148//2 7152//2 7151//2
f 7152//5 7150//5 7149//5
f 7150//4 7146//4 7145//4
f 7151//1 7149//1 7145//1
f 7148//3 7146//3 7150//3
f 7154//6 7156//6 7155//6
f 7156//2 7160//2 7159//2
f 7160//5 7158//5 7157//5
f 7158//4 7154//4 7153//4
f 7159//1 7157//1 7153//1
f 7156//3 7154//3 7158//3
f 7162//6 7164//6 7163//6
f 7164//2 7168//2 7167//2
f 7168//5 7166//5 7165//5
f 7166//4 7162//4 7161//4
f 7167//1 7165//1 7161//1
f 7164//3 7162//3 7166//3
f 7170//6 7172//6 7171//6
f 7172//2 7176//2 7175//2
f 7176//5 7174//5 7173//5
f 7173//4 7174//4 7170//4
f 7175//1 7173//1 7169//1
f 7172//3 7170//3 7174//3
f 7178//6 7180//6 7179//6
f 7180//2 7184//2 7183//2
f 7184//5 7182//5 7181//5
f 7182//4 7178//4 7177//4
f 7183//1 7181//1 7177//1
f 7180//3 7178//3 7182//3
f 7186//6 7188//6 7187//6
f 7188//2 7192//2 7191//2
f 7192//5 7190//5 7189//5
f 7190//4 7186//4 7185//4
f 7191//1 7189//1 7185//1
f 7188//3 7186//3 7190//3
f 7194//6 7196//6 7195//6
f 7196//2 7200//2 7199//2
f 7200//5 7198//5 7197//5
f 7198//4 7194//4 7193//4
f 7199//1 7197//1 7193//1
f 7196//3 7194//3 7198//3
f 7202//6 7204//6 7203//6
f 7204//2 7208//2 7207//2
f 7208//5 7206//5 7205//5
f 7206//4 7202//4 7201//4
f 7207//1 7205//1 7201//1
f 7204//3 7202//3 7206//3
f 7210//6 7212//6 7211//6
f 7212//2 7216//2 7215//2
f 7216//5 7214//5 7213//5
f 7214//4 7210//4 7209//4
f 7215//1 7213//1 7209//1
f 7212//3 7210//3 7214//3
f 7218//6 7220//6 7219//6
f 7220//2 7224//2 7223//2
f 7224//5 7222//5 7221//5
f 7222//4 7218//4 7217//4
f 7223//1 7221//1 7217//1
f 7220//3 7218//3 7222//3
f 7226//6 7228//6 7227//6
f 7228//2 7232//2 7231//2
f 7232//5 7230//5 7229//5
f 7230//4 7226//4 7225//4
f 7231//1 7229//1 7225//1
f 7228//3 7226//3 7230//3
f 7234//6 7236//6 7235//6
f 7236//2 7240//2 7239//2
f 7240//5 7238//5 7237//5
f 7238//4 7234//4 7233//4
f 7239//1 7237//1 7233//1
f 7236//3 7234//3 7238//3
f 7242//6 7244//6 7243//6
f 7243//2 7244//2 7248//2
f 7248//5 7246//5 7245//5
f 7246//4 7242//4 7241//4
f 7247//1 7245//1 7241//1
f 7244//3 7242//3 7246//3
f 7250//6 7252//6 7251//6
f 7252//2 7256//2 7255//2
f 7256//5 7254//5 7253//5
f 7254//4 7250//4 7249//4
f 7255//1 7253//1 7249//1
f 7252//3 7250//3 7254//3
f 7258//6 7260//6 7259//6
f 7260//2 7264//2 7263//2
f 7264//5 7262//5 7261//5
f 7262//4 7258//4 7257//4
f 7263//1 7261//1 7257//1
f 7260//3 7258//3 7262//3
f 7266//6 7268//6 7267//6
f 7268//2 7272//2 7271//2
f 7272//5 7270//5 7269//5
f 7270//4 7266//4 7265//4
f 7271//1 7269//1 7265//1
f 7268//3 7266//3 7270//3
f 7274//6 7276//6 7275//6
f 7276//2 7280//2 7279//2
f 7280//5 7278//5 7277//5
f 7278//4 7274//4 7273//4
f 7279//1 7277//1 7273//1
f 7276//3 7274//3 7278//3
f 7282//6 7284//6 7283//6
f 7284//2 7288//2 7287//2
f 7288//5 7286//5 7285//5
f 7286//4 7282//4 7281//4
f 7287//1 7285//1 7281//1
f 7284//3 7282//3 7286//3
f 7290//6 7292//6 7291//6
f 7292//2 7296//2 7295//2
f 7296//5 7294//5 7293//5
f 7294//4 7290//4 7289//4
f 7295//1 7293//1 7289//1
f 7292//3 7290//3 7294//3
f 7298//6 7300//6 7299//6
f 7300//2 7304//2 7303//2
f 7304//5 7302//5 7301//5
f 7302//4 7298//4 7297//4
f 7303//1 7301//1 7297//1
f 7300//3 7298//3 7302//3
f 7306//6 7308//6 7307//6
f 7307//2 7308//2 7312//2
f 7312//5 7310//5 7309//5
f 7310//4 7306//4 7305//4
f 7311//1 7309//1 7305//1
f 7308//3 7306//3 7310//3
f 7314//1 7316//1 7315//1
f 7316//2 7320//2 7319//2
f 7320//3 7318//3 7317//3
f 7318//4 7314//4 7313//4
f 7319//5 7317//5 7313//5
f 7316//6 7314//6 7318//6
f 7322//1 7324//1 7323//1
f 7324//2 7328//2 7327//2
f 7328//3 7326//3 7325//3
f 7326//4 7322//4 7321//4
f 7327//5 7325//5 7321//5
f 7324//6 7322//6 7326//6
f 7330//1 7332//1 7331//1
f 7332//2 7336//2 7335//2
f 7336//3 7334//3 7333//3
f 7334//4 7330//4 7329//4
f 7335//5 7333//5 7329//5
f 7332//6 7330//6 7334//6
f 7338//1 7340//1 7339//1
f 7340//2 7344//2 7343//2
f 7344//3 7342//3 7341//3
f 7342//4 7338//4 7337//4
f 7343//5 7341//5 7337//5
f 7340//6 7338//6 7342//6
f 7346//1 7348//1 7347//1
f 7348//2 7352//2 7351//2
f 7352//3 7350//3 7349//3
f 7350//4 7346//4 7345//4
f 7351//5 7349//5 7345//5
f 7348//6 7346//6 7350//6
f 7354//1 7356//1 7355//1
f 7356//2 7360//2 7359//2
f 7360//3 7358//3 7357//3
f 7358//4 7354//4 7353//4
f 7359//5 7357//5 7353//5
f 7356//6 7354//6 7358//6
