# Blender v2.79 (sub 0) OBJ File: 'MagnetGun.blend'
# www.blender.org
v 0.112103 0.156590 0.696995
v 0.129683 0.151257 0.696995
v 0.145884 0.142597 0.696995
v 0.160085 0.130943 0.696995
v 0.171739 0.116742 0.696995
v 0.180399 0.100541 0.696995
v 0.185732 0.082961 0.696995
v 0.187533 0.064679 0.696995
v 0.185732 0.046397 0.696995
v 0.145884 -0.013239 0.696995
v 0.111752 0.156590 0.700562
v 0.128994 0.151257 0.703991
v 0.144884 0.142597 0.707152
v 0.158812 0.130943 0.709923
v 0.170242 0.116742 0.712196
v 0.178736 0.100541 0.713886
v 0.183966 0.082961 0.714926
v 0.185732 0.064679 0.715277
v 0.183966 0.046397 0.714926
v 0.178736 0.028817 0.713886
v 0.170242 0.012616 0.712196
v 0.158812 -0.001585 0.709923
v 0.144884 -0.013239 0.707152
v 0.128994 -0.021899 0.703991
v 0.111752 -0.027232 0.700562
v 0.110712 0.156590 0.703991
v 0.126953 0.151257 0.710719
v 0.141921 0.142597 0.716919
v 0.155041 0.130943 0.722353
v 0.165808 0.116742 0.726813
v 0.173809 0.100541 0.730127
v 0.178736 0.082961 0.732168
v 0.180399 0.064679 0.732857
v 0.178736 0.046397 0.732168
v 0.173809 0.028817 0.730127
v 0.165808 0.012616 0.726813
v 0.155041 -0.001585 0.722353
v 0.141921 -0.013239 0.716919
v 0.126953 -0.021899 0.710719
v 0.110712 -0.027232 0.703991
v 0.109022 0.156590 0.707152
v 0.123639 0.151257 0.716919
v 0.137110 0.142597 0.725920
v 0.148918 0.130943 0.733810
v 0.158608 0.116742 0.740284
v 0.165808 0.100541 0.745095
v 0.170242 0.082961 0.748058
v 0.171739 0.064679 0.749058
v 0.170242 0.046397 0.748058
v 0.165808 0.028817 0.745095
v 0.158608 0.012616 0.740284
v 0.148918 -0.001585 0.733810
v 0.137110 -0.013239 0.725920
v 0.123639 -0.021899 0.716919
v 0.109022 -0.027232 0.707152
v 0.106749 0.156590 0.709923
v 0.119179 0.151257 0.722353
v 0.130635 0.142597 0.733810
v 0.140677 0.130943 0.743851
v 0.148918 0.116742 0.752092
v 0.155041 0.100541 0.758215
v 0.158812 0.082961 0.761986
v 0.160085 0.064679 0.763259
v 0.158812 0.046397 0.761986
v 0.155041 0.028817 0.758215
v 0.148918 0.012616 0.752092
v 0.140677 -0.001585 0.743851
v 0.130635 -0.013239 0.733810
v 0.119179 -0.021899 0.722353
v 0.106749 -0.027232 0.709923
v 0.103978 0.156590 0.712196
v 0.113745 0.151257 0.726813
v 0.122746 0.142597 0.740284
v 0.130635 0.130943 0.752092
v 0.137110 0.116742 0.761782
v 0.141921 0.100541 0.768982
v 0.144884 0.082961 0.773416
v 0.145884 0.064679 0.774913
v 0.144884 0.046397 0.773416
v 0.141921 0.028817 0.768982
v 0.137110 0.012616 0.761782
v 0.130635 -0.001585 0.752092
v 0.122746 -0.013239 0.740284
v 0.113745 -0.021899 0.726813
v 0.103978 -0.027232 0.712196
v 0.100817 0.156590 0.713886
v 0.107545 0.151257 0.730127
v 0.113745 0.142597 0.745095
v 0.119179 0.130943 0.758215
v 0.123639 0.116742 0.768982
v 0.126953 0.100541 0.776983
v 0.128994 0.082961 0.781910
v 0.129683 0.064679 0.783573
v 0.128994 0.046397 0.781910
v 0.126953 0.028817 0.776983
v 0.123639 0.012616 0.768982
v 0.119179 -0.001585 0.758215
v 0.113745 -0.013239 0.745095
v 0.107545 -0.021899 0.730127
v 0.100817 -0.027232 0.713886
v 0.097388 0.156590 0.714926
v 0.100817 0.151257 0.732168
v 0.103978 0.142597 0.748058
v 0.106749 0.130943 0.761986
v 0.109022 0.116742 0.773416
v 0.110712 0.100541 0.781910
v 0.111752 0.082961 0.787140
v 0.112103 0.064679 0.788906
v 0.111752 0.046397 0.787140
v 0.110712 0.028817 0.781910
v 0.109022 0.012616 0.773416
v 0.106749 -0.001585 0.761986
v 0.103978 -0.013239 0.748058
v 0.100817 -0.021899 0.732168
v 0.097388 -0.027232 0.714926
v 0.093821 0.156590 0.715277
v 0.093821 0.151257 0.732857
v 0.093821 0.142597 0.749058
v 0.093821 0.130943 0.763259
v 0.093821 0.116742 0.774913
v 0.093821 0.100541 0.783573
v 0.093821 0.082961 0.788906
v 0.093821 0.064679 0.790707
v 0.093821 0.046397 0.788906
v 0.093821 0.028817 0.783573
v 0.093821 0.012616 0.774913
v 0.093821 -0.001585 0.763259
v 0.093821 -0.013239 0.749058
v 0.093821 -0.021899 0.732857
v 0.093821 -0.027232 0.715277
v 0.090254 0.156590 0.714926
v 0.086825 0.151257 0.732168
v 0.083664 0.142597 0.748058
v 0.080894 0.130943 0.761986
v 0.078620 0.116742 0.773416
v 0.076931 0.100541 0.781910
v 0.075890 0.082961 0.787140
v 0.075539 0.064679 0.788906
v 0.075890 0.046397 0.787140
v 0.076931 0.028817 0.781910
v 0.078620 0.012616 0.773416
v 0.080894 -0.001585 0.761986
v 0.083664 -0.013239 0.748058
v 0.086825 -0.021899 0.732168
v 0.090254 -0.027232 0.714926
v 0.086825 0.156590 0.713886
v 0.080097 0.151257 0.730127
v 0.073897 0.142597 0.745095
v 0.068463 0.130943 0.758215
v 0.064003 0.116742 0.768982
v 0.060689 0.100541 0.776983
v 0.058648 0.082961 0.781910
v 0.057959 0.064679 0.783573
v 0.058648 0.046397 0.781910
v 0.060689 0.028817 0.776983
v 0.064003 0.012616 0.768982
v 0.068463 -0.001585 0.758215
v 0.073897 -0.013239 0.745095
v 0.080097 -0.021899 0.730127
v 0.086825 -0.027232 0.713886
v 0.083664 0.156590 0.712196
v 0.073897 0.151257 0.726813
v 0.064896 0.142597 0.740284
v 0.057007 0.130943 0.752092
v 0.050532 0.116742 0.761782
v 0.045721 0.100541 0.768982
v 0.042758 0.082961 0.773416
v 0.041758 0.064679 0.774913
v 0.042758 0.046397 0.773416
v 0.045721 0.028817 0.768982
v 0.050532 0.012616 0.761782
v 0.057007 -0.001585 0.752092
v 0.064896 -0.013239 0.740284
v 0.073897 -0.021899 0.726813
v 0.083664 -0.027232 0.712196
v 0.080894 0.156590 0.709923
v 0.068463 0.151257 0.722353
v 0.057007 0.142597 0.733810
v 0.046965 0.130943 0.743851
v 0.038725 0.116742 0.752092
v 0.032601 0.100541 0.758215
v 0.028830 0.082961 0.761986
v 0.027557 0.064679 0.763259
v 0.028830 0.046397 0.761986
v 0.032601 0.028817 0.758215
v 0.038725 0.012616 0.752092
v 0.046965 -0.001585 0.743851
v 0.057007 -0.013239 0.733810
v 0.068463 -0.021899 0.722353
v 0.080894 -0.027232 0.709923
v 0.078620 0.156590 0.707152
v 0.064003 0.151257 0.716919
v 0.050532 0.142597 0.725920
v 0.038725 0.130943 0.733810
v 0.029034 0.116742 0.740284
v 0.021834 0.100541 0.745095
v 0.017400 0.082961 0.748058
v 0.015903 0.064679 0.749058
v 0.017400 0.046397 0.748058
v 0.021834 0.028817 0.745095
v 0.029034 0.012616 0.740284
v 0.038725 -0.001585 0.733810
v 0.050532 -0.013239 0.725920
v 0.064003 -0.021899 0.716919
v 0.078620 -0.027232 0.707152
v 0.093821 -0.029032 0.696995
v 0.076931 0.156590 0.703991
v 0.060689 0.151257 0.710719
v 0.045721 0.142597 0.716919
v 0.032601 0.130943 0.722353
v 0.021834 0.116742 0.726813
v 0.013833 0.100541 0.730127
v 0.008907 0.082961 0.732168
v 0.007243 0.064679 0.732857
v 0.008907 0.046397 0.732168
v 0.013833 0.028817 0.730127
v 0.021834 0.012616 0.726813
v 0.032601 -0.001585 0.722353
v 0.045721 -0.013239 0.716919
v 0.060689 -0.021899 0.710719
v 0.076931 -0.027232 0.703991
v 0.075890 0.156590 0.700562
v 0.058648 0.151257 0.703991
v 0.042758 0.142597 0.707152
v 0.028830 0.130943 0.709923
v 0.017400 0.116742 0.712196
v 0.008907 0.100541 0.713886
v 0.003676 0.082961 0.714926
v 0.001910 0.064679 0.715277
v 0.003676 0.046397 0.714926
v 0.008907 0.028817 0.713886
v 0.017400 0.012616 0.712196
v 0.028830 -0.001585 0.709923
v 0.042758 -0.013239 0.707152
v 0.058648 -0.021899 0.703991
v 0.075890 -0.027232 0.700562
v 0.075539 0.156590 0.696995
v 0.057959 0.151257 0.696995
v 0.041758 0.142597 0.696995
v 0.027557 0.130943 0.696995
v 0.015903 0.116742 0.696995
v 0.007243 0.100541 0.696995
v 0.001910 0.082961 0.696995
v 0.001910 0.046397 0.696995
v 0.007243 0.028817 0.696995
v 0.015903 0.012616 0.696995
v 0.027557 -0.001585 0.696995
v 0.041758 -0.013239 0.696995
v 0.057959 -0.021899 0.696995
v 0.075539 -0.027232 0.696995
v 0.093821 0.158391 0.696995
v 0.180399 0.028817 0.696995
v 0.171739 0.012616 0.696995
v 0.160085 -0.001585 0.696995
v 0.129683 -0.021899 0.696995
v 0.112103 -0.027232 0.696995
v 0.112103 0.156590 0.108251
v 0.129683 0.151257 0.108251
v 0.145884 0.142597 0.108251
v 0.160085 0.130943 0.108251
v 0.171739 0.116742 0.108251
v 0.180399 0.100541 0.108251
v 0.185732 0.082961 0.108251
v 0.187533 0.064679 0.108251
v 0.185732 0.046397 0.108251
v 0.145884 -0.013239 0.108251
v 0.111752 0.156590 0.104685
v 0.128994 0.151257 0.101255
v 0.144884 0.142597 0.098094
v 0.158812 0.130943 0.095324
v 0.170242 0.116742 0.093050
v 0.178736 0.100541 0.091361
v 0.183966 0.082961 0.090320
v 0.185732 0.064679 0.089969
v 0.183966 0.046397 0.090320
v 0.178736 0.028817 0.091361
v 0.170242 0.012616 0.093050
v 0.158812 -0.001585 0.095324
v 0.144884 -0.013239 0.098094
v 0.128994 -0.021899 0.101255
v 0.111752 -0.027232 0.104685
v 0.110712 0.156590 0.101255
v 0.126953 0.151257 0.094528
v 0.141921 0.142597 0.088327
v 0.155041 0.130943 0.082893
v 0.165808 0.116742 0.078433
v 0.173809 0.100541 0.075119
v 0.178736 0.082961 0.073078
v 0.180399 0.064679 0.072389
v 0.178736 0.046397 0.073078
v 0.173809 0.028817 0.075119
v 0.165808 0.012616 0.078433
v 0.155041 -0.001585 0.082893
v 0.141921 -0.013239 0.088327
v 0.126953 -0.021899 0.094528
v 0.110712 -0.027232 0.101255
v 0.109022 0.156590 0.098094
v 0.123639 0.151257 0.088327
v 0.137110 0.142597 0.079326
v 0.148918 0.130943 0.071437
v 0.158608 0.116742 0.064962
v 0.165808 0.100541 0.060151
v 0.170242 0.082961 0.057188
v 0.171739 0.064679 0.056188
v 0.170242 0.046397 0.057188
v 0.165808 0.028817 0.060151
v 0.158608 0.012616 0.064962
v 0.148918 -0.001585 0.071437
v 0.137110 -0.013239 0.079326
v 0.123639 -0.021899 0.088327
v 0.109022 -0.027232 0.098094
v 0.106749 0.156590 0.095324
v 0.119179 0.151257 0.082893
v 0.130635 0.142597 0.071437
v 0.140677 0.130943 0.061395
v 0.148918 0.116742 0.053155
v 0.155041 0.100541 0.047031
v 0.158812 0.082961 0.043260
v 0.160085 0.064679 0.041987
v 0.158812 0.046397 0.043260
v 0.155041 0.028817 0.047031
v 0.148918 0.012616 0.053155
v 0.140677 -0.001585 0.061395
v 0.130635 -0.013239 0.071437
v 0.119179 -0.021899 0.082893
v 0.106749 -0.027232 0.095324
v 0.103978 0.156590 0.093050
v 0.113745 0.151257 0.078433
v 0.122746 0.142597 0.064962
v 0.130635 0.130943 0.053155
v 0.137110 0.116742 0.043465
v 0.141921 0.100541 0.036264
v 0.144884 0.082961 0.031830
v 0.145884 0.064679 0.030333
v 0.144884 0.046397 0.031830
v 0.141921 0.028817 0.036264
v 0.137110 0.012616 0.043465
v 0.130635 -0.001585 0.053155
v 0.122746 -0.013239 0.064962
v 0.113745 -0.021899 0.078433
v 0.103978 -0.027232 0.093050
v 0.100817 0.156590 0.091361
v 0.107545 0.151257 0.075119
v 0.113745 0.142597 0.060151
v 0.119179 0.130943 0.047031
v 0.123639 0.116742 0.036264
v 0.126953 0.100541 0.028263
v 0.128994 0.082961 0.023337
v 0.129683 0.064679 0.021673
v 0.128994 0.046397 0.023337
v 0.126953 0.028817 0.028263
v 0.123639 0.012616 0.036264
v 0.119179 -0.001585 0.047031
v 0.113745 -0.013239 0.060151
v 0.107545 -0.021899 0.075119
v 0.100817 -0.027232 0.091361
v 0.097388 0.156590 0.090320
v 0.100817 0.151257 0.073078
v 0.103978 0.142597 0.057188
v 0.106749 0.130943 0.043260
v 0.109022 0.116742 0.031830
v 0.110712 0.100541 0.023337
v 0.111752 0.082961 0.018106
v 0.112103 0.064679 0.016340
v 0.111752 0.046397 0.018106
v 0.110712 0.028817 0.023337
v 0.109022 0.012616 0.031830
v 0.106749 -0.001585 0.043260
v 0.103978 -0.013239 0.057188
v 0.100817 -0.021899 0.073078
v 0.097388 -0.027232 0.090320
v 0.093821 0.156590 0.089969
v 0.093821 0.151257 0.072389
v 0.093821 0.142597 0.056188
v 0.093821 0.130943 0.041987
v 0.093821 0.116742 0.030333
v 0.093821 0.100541 0.021673
v 0.093821 0.082961 0.016340
v 0.093821 0.064679 0.014540
v 0.093821 0.046397 0.016340
v 0.093821 0.028817 0.021673
v 0.093821 0.012616 0.030333
v 0.093821 -0.001585 0.041987
v 0.093821 -0.013239 0.056188
v 0.093821 -0.021899 0.072389
v 0.093821 -0.027232 0.089969
v 0.090254 0.156590 0.090320
v 0.086825 0.151257 0.073078
v 0.083664 0.142597 0.057188
v 0.080894 0.130943 0.043260
v 0.078620 0.116742 0.031830
v 0.076931 0.100541 0.023337
v 0.075890 0.082961 0.018106
v 0.075539 0.064679 0.016340
v 0.075890 0.046397 0.018106
v 0.076931 0.028817 0.023337
v 0.078620 0.012616 0.031830
v 0.080894 -0.001585 0.043260
v 0.083664 -0.013239 0.057188
v 0.086825 -0.021899 0.073078
v 0.090254 -0.027232 0.090320
v 0.086825 0.156590 0.091361
v 0.080097 0.151257 0.075119
v 0.073897 0.142597 0.060151
v 0.068463 0.130943 0.047031
v 0.064003 0.116742 0.036264
v 0.060689 0.100541 0.028263
v 0.058648 0.082961 0.023337
v 0.057959 0.064679 0.021673
v 0.058648 0.046397 0.023337
v 0.060689 0.028817 0.028263
v 0.064003 0.012616 0.036264
v 0.068463 -0.001585 0.047031
v 0.073897 -0.013239 0.060151
v 0.080097 -0.021899 0.075119
v 0.086825 -0.027232 0.091361
v 0.083664 0.156590 0.093050
v 0.073897 0.151257 0.078433
v 0.064896 0.142597 0.064962
v 0.057007 0.130943 0.053155
v 0.050532 0.116742 0.043465
v 0.045721 0.100541 0.036264
v 0.042758 0.082961 0.031830
v 0.041758 0.064679 0.030333
v 0.042758 0.046397 0.031830
v 0.045721 0.028817 0.036264
v 0.050532 0.012616 0.043465
v 0.057007 -0.001585 0.053155
v 0.064896 -0.013239 0.064962
v 0.073897 -0.021899 0.078433
v 0.083664 -0.027232 0.093050
v 0.080894 0.156590 0.095324
v 0.068463 0.151257 0.082893
v 0.057007 0.142597 0.071437
v 0.046965 0.130943 0.061395
v 0.038725 0.116742 0.053155
v 0.032601 0.100541 0.047031
v 0.028830 0.082961 0.043260
v 0.027557 0.064679 0.041987
v 0.028830 0.046397 0.043260
v 0.032601 0.028817 0.047031
v 0.038725 0.012616 0.053155
v 0.046965 -0.001585 0.061395
v 0.057007 -0.013239 0.071437
v 0.068463 -0.021899 0.082893
v 0.080894 -0.027232 0.095324
v 0.078620 0.156590 0.098094
v 0.064003 0.151257 0.088327
v 0.050532 0.142597 0.079326
v 0.038725 0.130943 0.071437
v 0.029034 0.116742 0.064962
v 0.021834 0.100541 0.060151
v 0.017400 0.082961 0.057188
v 0.015903 0.064679 0.056188
v 0.017400 0.046397 0.057188
v 0.021834 0.028817 0.060151
v 0.029034 0.012616 0.064962
v 0.038725 -0.001585 0.071437
v 0.050532 -0.013239 0.079326
v 0.064003 -0.021899 0.088327
v 0.078620 -0.027232 0.098094
v 0.093821 -0.029032 0.108251
v 0.076930 0.156590 0.101255
v 0.060689 0.151257 0.094527
v 0.045721 0.142597 0.088327
v 0.032601 0.130943 0.082893
v 0.021834 0.116742 0.078433
v 0.013833 0.100541 0.075119
v 0.008907 0.082961 0.073078
v 0.007243 0.064679 0.072389
v 0.008907 0.046397 0.073078
v 0.013833 0.028817 0.075119
v 0.021834 0.012616 0.078433
v 0.032601 -0.001585 0.082893
v 0.045721 -0.013239 0.088327
v 0.060689 -0.021899 0.094528
v 0.076931 -0.027232 0.101255
v 0.075890 0.156590 0.104685
v 0.058648 0.151257 0.101255
v 0.042758 0.142597 0.098094
v 0.028830 0.130943 0.095324
v 0.017400 0.116742 0.093050
v 0.008907 0.100541 0.091361
v 0.003676 0.082961 0.090320
v 0.001910 0.064679 0.089969
v 0.003676 0.046397 0.090320
v 0.008907 0.028817 0.091361
v 0.017400 0.012616 0.093050
v 0.028830 -0.001585 0.095324
v 0.042758 -0.013239 0.098094
v 0.058648 -0.021899 0.101255
v 0.075890 -0.027232 0.104685
v 0.075539 0.156590 0.108251
v 0.057959 0.151257 0.108251
v 0.041758 0.142597 0.108251
v 0.027557 0.130943 0.108251
v 0.015903 0.116742 0.108251
v 0.007243 0.100541 0.108251
v 0.001910 0.082961 0.108251
v 0.001910 0.046397 0.108251
v 0.007243 0.028817 0.108251
v 0.015903 0.012616 0.108251
v 0.027557 -0.001585 0.108251
v 0.041758 -0.013239 0.108251
v 0.057959 -0.021899 0.108251
v 0.075539 -0.027232 0.108251
v 0.093821 0.158391 0.108251
v 0.180399 0.028817 0.108251
v 0.171739 0.012616 0.108251
v 0.160085 -0.001585 0.108251
v 0.129683 -0.021899 0.108251
v 0.112103 -0.027232 0.108251
v 0.112103 0.156590 0.402623
v 0.129683 0.151257 0.402623
v 0.145884 0.142597 0.402623
v 0.160085 0.130943 0.402623
v 0.171739 0.116742 0.402623
v 0.180399 0.100541 0.402623
v 0.185732 0.082961 0.402623
v 0.187533 0.064679 0.402623
v 0.185732 0.046397 0.402623
v 0.145884 -0.013239 0.402623
v 0.093821 -0.029032 0.402623
v 0.075539 0.156590 0.402623
v 0.057959 0.151257 0.402623
v 0.041758 0.142597 0.402623
v 0.027557 0.130943 0.402623
v 0.015903 0.116742 0.402623
v 0.007243 0.100541 0.402623
v 0.001910 0.082961 0.402623
v 0.001910 0.046397 0.402623
v 0.007243 0.028817 0.402623
v 0.015903 0.012616 0.402623
v 0.027557 -0.001585 0.402623
v 0.041758 -0.013239 0.402623
v 0.057959 -0.021899 0.402623
v 0.075539 -0.027232 0.402623
v 0.093821 0.158391 0.402623
v 0.180399 0.028817 0.402623
v 0.171739 0.012616 0.402623
v 0.160085 -0.001585 0.402623
v 0.129683 -0.021899 0.402623
v 0.112103 -0.027232 0.402623
v -0.111837 0.156590 0.696995
v -0.129417 0.151257 0.696995
v -0.145618 0.142597 0.696995
v -0.159819 0.130943 0.696995
v -0.171473 0.116742 0.696995
v -0.180133 0.100541 0.696995
v -0.185466 0.082961 0.696995
v -0.187267 0.064679 0.696995
v -0.185466 0.046397 0.696995
v -0.145618 -0.013239 0.696995
v -0.111486 0.156590 0.700562
v -0.128728 0.151257 0.703991
v -0.144618 0.142597 0.707152
v -0.158546 0.130943 0.709923
v -0.169976 0.116742 0.712196
v -0.178470 0.100541 0.713886
v -0.183700 0.082961 0.714926
v -0.185466 0.064679 0.715277
v -0.183700 0.046397 0.714926
v -0.178470 0.028817 0.713886
v -0.169976 0.012616 0.712196
v -0.158546 -0.001585 0.709923
v -0.144618 -0.013239 0.707152
v -0.128728 -0.021899 0.703991
v -0.111486 -0.027232 0.700562
v -0.110446 0.156590 0.703991
v -0.126687 0.151257 0.710719
v -0.141655 0.142597 0.716919
v -0.154775 0.130943 0.722353
v -0.165542 0.116742 0.726813
v -0.173543 0.100541 0.730127
v -0.178470 0.082961 0.732168
v -0.180133 0.064679 0.732857
v -0.178470 0.046397 0.732168
v -0.173543 0.028817 0.730127
v -0.165542 0.012616 0.726813
v -0.154775 -0.001585 0.722353
v -0.141655 -0.013239 0.716919
v -0.126687 -0.021899 0.710719
v -0.110446 -0.027232 0.703991
v -0.108756 0.156590 0.707152
v -0.123373 0.151257 0.716919
v -0.136844 0.142597 0.725920
v -0.148652 0.130943 0.733810
v -0.158342 0.116742 0.740284
v -0.165542 0.100541 0.745095
v -0.169976 0.082961 0.748058
v -0.171473 0.064679 0.749058
v -0.169976 0.046397 0.748058
v -0.165542 0.028817 0.745095
v -0.158342 0.012616 0.740284
v -0.148652 -0.001585 0.733810
v -0.136844 -0.013239 0.725920
v -0.123373 -0.021899 0.716919
v -0.108756 -0.027232 0.707152
v -0.106483 0.156590 0.709923
v -0.118913 0.151257 0.722353
v -0.130369 0.142597 0.733810
v -0.140411 0.130943 0.743851
v -0.148652 0.116742 0.752092
v -0.154775 0.100541 0.758215
v -0.158546 0.082961 0.761986
v -0.159819 0.064679 0.763259
v -0.158546 0.046397 0.761986
v -0.154775 0.028817 0.758215
v -0.148652 0.012616 0.752092
v -0.140411 -0.001585 0.743851
v -0.130369 -0.013239 0.733810
v -0.118913 -0.021899 0.722353
v -0.106483 -0.027232 0.709923
v -0.103712 0.156590 0.712196
v -0.113479 0.151257 0.726813
v -0.122480 0.142597 0.740284
v -0.130369 0.130943 0.752092
v -0.136844 0.116742 0.761782
v -0.141655 0.100541 0.768982
v -0.144618 0.082961 0.773416
v -0.145618 0.064679 0.774913
v -0.144618 0.046397 0.773416
v -0.141655 0.028817 0.768982
v -0.136844 0.012616 0.761782
v -0.130369 -0.001585 0.752092
v -0.122480 -0.013239 0.740284
v -0.113479 -0.021899 0.726813
v -0.103712 -0.027232 0.712196
v -0.100551 0.156590 0.713886
v -0.107279 0.151257 0.730127
v -0.113479 0.142597 0.745095
v -0.118913 0.130943 0.758215
v -0.123373 0.116742 0.768982
v -0.126687 0.100541 0.776983
v -0.128728 0.082961 0.781910
v -0.129417 0.064679 0.783573
v -0.128728 0.046397 0.781910
v -0.126687 0.028817 0.776983
v -0.123373 0.012616 0.768982
v -0.118913 -0.001585 0.758215
v -0.113479 -0.013239 0.745095
v -0.107279 -0.021899 0.730127
v -0.100551 -0.027232 0.713886
v -0.097122 0.156590 0.714926
v -0.100551 0.151257 0.732168
v -0.103712 0.142597 0.748058
v -0.106483 0.130943 0.761986
v -0.108756 0.116742 0.773416
v -0.110446 0.100541 0.781910
v -0.111486 0.082961 0.787140
v -0.111837 0.064679 0.788906
v -0.111486 0.046397 0.787140
v -0.110446 0.028817 0.781910
v -0.108756 0.012616 0.773416
v -0.106483 -0.001585 0.761986
v -0.103712 -0.013239 0.748058
v -0.100551 -0.021899 0.732168
v -0.097122 -0.027232 0.714926
v -0.093555 0.156590 0.715277
v -0.093555 0.151257 0.732857
v -0.093555 0.142597 0.749058
v -0.093555 0.130943 0.763259
v -0.093555 0.116742 0.774913
v -0.093555 0.100541 0.783573
v -0.093555 0.082961 0.788906
v -0.093555 0.064679 0.790707
v -0.093555 0.046397 0.788906
v -0.093555 0.028817 0.783573
v -0.093555 0.012616 0.774913
v -0.093555 -0.001585 0.763259
v -0.093555 -0.013239 0.749058
v -0.093555 -0.021899 0.732857
v -0.093555 -0.027232 0.715277
v -0.089988 0.156590 0.714926
v -0.086559 0.151257 0.732168
v -0.083398 0.142597 0.748058
v -0.080628 0.130943 0.761986
v -0.078354 0.116742 0.773416
v -0.076664 0.100541 0.781910
v -0.075624 0.082961 0.787140
v -0.075273 0.064679 0.788906
v -0.075624 0.046397 0.787140
v -0.076664 0.028817 0.781910
v -0.078354 0.012616 0.773416
v -0.080628 -0.001585 0.761986
v -0.083398 -0.013239 0.748058
v -0.086559 -0.021899 0.732168
v -0.089988 -0.027232 0.714926
v -0.086559 0.156590 0.713886
v -0.079831 0.151257 0.730127
v -0.073631 0.142597 0.745095
v -0.068197 0.130943 0.758215
v -0.063737 0.116742 0.768982
v -0.060423 0.100541 0.776983
v -0.058382 0.082961 0.781910
v -0.057693 0.064679 0.783573
v -0.058382 0.046397 0.781910
v -0.060423 0.028817 0.776983
v -0.063737 0.012616 0.768982
v -0.068197 -0.001585 0.758215
v -0.073631 -0.013239 0.745095
v -0.079831 -0.021899 0.730127
v -0.086559 -0.027232 0.713886
v -0.083398 0.156590 0.712196
v -0.073631 0.151257 0.726813
v -0.064630 0.142597 0.740284
v -0.056741 0.130943 0.752092
v -0.050266 0.116742 0.761782
v -0.045455 0.100541 0.768982
v -0.042492 0.082961 0.773416
v -0.041492 0.064679 0.774913
v -0.042492 0.046397 0.773416
v -0.045455 0.028817 0.768982
v -0.050266 0.012616 0.761782
v -0.056741 -0.001585 0.752092
v -0.064630 -0.013239 0.740284
v -0.073631 -0.021899 0.726813
v -0.083398 -0.027232 0.712196
v -0.080628 0.156590 0.709923
v -0.068197 0.151257 0.722353
v -0.056741 0.142597 0.733810
v -0.046699 0.130943 0.743851
v -0.038458 0.116742 0.752092
v -0.032335 0.100541 0.758215
v -0.028564 0.082961 0.761986
v -0.027291 0.064679 0.763259
v -0.028564 0.046397 0.761986
v -0.032335 0.028817 0.758215
v -0.038458 0.012616 0.752092
v -0.046699 -0.001585 0.743851
v -0.056741 -0.013239 0.733810
v -0.068197 -0.021899 0.722353
v -0.080628 -0.027232 0.709923
v -0.078354 0.156590 0.707152
v -0.063737 0.151257 0.716919
v -0.050266 0.142597 0.725920
v -0.038458 0.130943 0.733810
v -0.028768 0.116742 0.740284
v -0.021568 0.100541 0.745095
v -0.017134 0.082961 0.748058
v -0.015637 0.064679 0.749058
v -0.017134 0.046397 0.748058
v -0.021568 0.028817 0.745095
v -0.028768 0.012616 0.740284
v -0.038458 -0.001585 0.733810
v -0.050266 -0.013239 0.725920
v -0.063737 -0.021899 0.716919
v -0.078354 -0.027232 0.707152
v -0.093555 -0.029032 0.696995
v -0.076664 0.156590 0.703991
v -0.060423 0.151257 0.710719
v -0.045455 0.142597 0.716919
v -0.032335 0.130943 0.722353
v -0.021568 0.116742 0.726813
v -0.013567 0.100541 0.730127
v -0.008640 0.082961 0.732168
v -0.006977 0.064679 0.732857
v -0.008640 0.046397 0.732168
v -0.013567 0.028817 0.730127
v -0.021568 0.012616 0.726813
v -0.032335 -0.001585 0.722353
v -0.045455 -0.013239 0.716919
v -0.060423 -0.021899 0.710719
v -0.076664 -0.027232 0.703991
v -0.075624 0.156590 0.700562
v -0.058382 0.151257 0.703991
v -0.042492 0.142597 0.707152
v -0.028564 0.130943 0.709923
v -0.017134 0.116742 0.712196
v -0.008640 0.100541 0.713886
v -0.003410 0.082961 0.714926
v -0.001644 0.064679 0.715277
v -0.003410 0.046397 0.714926
v -0.008640 0.028817 0.713886
v -0.017134 0.012616 0.712196
v -0.028564 -0.001585 0.709923
v -0.042492 -0.013239 0.707152
v -0.058382 -0.021899 0.703991
v -0.075624 -0.027232 0.700562
v -0.075273 0.156590 0.696995
v -0.057693 0.151257 0.696995
v -0.041492 0.142597 0.696995
v -0.027291 0.130943 0.696995
v -0.015637 0.116742 0.696995
v -0.006977 0.100541 0.696995
v -0.001644 0.082961 0.696995
v 0.000133 0.064679 0.696995
v -0.001644 0.046397 0.696995
v -0.006977 0.028817 0.696995
v -0.015637 0.012616 0.696995
v -0.027291 -0.001585 0.696995
v -0.041492 -0.013239 0.696995
v -0.057693 -0.021899 0.696995
v -0.075273 -0.027232 0.696995
v -0.093555 0.158391 0.696995
v -0.180133 0.028817 0.696995
v -0.171473 0.012616 0.696995
v -0.159819 -0.001585 0.696995
v -0.129417 -0.021899 0.696995
v -0.111837 -0.027232 0.696995
v -0.111837 0.156590 0.108251
v -0.129417 0.151257 0.108251
v -0.145618 0.142597 0.108251
v -0.159819 0.130943 0.108251
v -0.171473 0.116742 0.108251
v -0.180133 0.100541 0.108251
v -0.185466 0.082961 0.108251
v -0.187267 0.064679 0.108251
v -0.185466 0.046397 0.108251
v -0.145618 -0.013239 0.108251
v -0.111486 0.156590 0.104685
v -0.128728 0.151257 0.101255
v -0.144618 0.142597 0.098094
v -0.158546 0.130943 0.095324
v -0.169976 0.116742 0.093050
v -0.178470 0.100541 0.091361
v -0.183700 0.082961 0.090320
v -0.185466 0.064679 0.089969
v -0.183700 0.046397 0.090320
v -0.178470 0.028817 0.091361
v -0.169976 0.012616 0.093050
v -0.158546 -0.001585 0.095324
v -0.144618 -0.013239 0.098094
v -0.128728 -0.021899 0.101255
v -0.111486 -0.027232 0.104685
v -0.110446 0.156590 0.101255
v -0.126687 0.151257 0.094528
v -0.141655 0.142597 0.088327
v -0.154775 0.130943 0.082893
v -0.165542 0.116742 0.078433
v -0.173543 0.100541 0.075119
v -0.178470 0.082961 0.073078
v -0.180133 0.064679 0.072389
v -0.178470 0.046397 0.073078
v -0.173543 0.028817 0.075119
v -0.165542 0.012616 0.078433
v -0.154775 -0.001585 0.082893
v -0.141655 -0.013239 0.088327
v -0.126687 -0.021899 0.094528
v -0.110446 -0.027232 0.101255
v -0.108756 0.156590 0.098094
v -0.123373 0.151257 0.088327
v -0.136844 0.142597 0.079326
v -0.148652 0.130943 0.071437
v -0.158342 0.116742 0.064962
v -0.165542 0.100541 0.060151
v -0.169976 0.082961 0.057188
v -0.171473 0.064679 0.056188
v -0.169976 0.046397 0.057188
v -0.165542 0.028817 0.060151
v -0.158342 0.012616 0.064962
v -0.148652 -0.001585 0.071437
v -0.136844 -0.013239 0.079326
v -0.123373 -0.021899 0.088327
v -0.108756 -0.027232 0.098094
v -0.106483 0.156590 0.095324
v -0.118913 0.151257 0.082893
v -0.130369 0.142597 0.071437
v -0.140411 0.130943 0.061395
v -0.148652 0.116742 0.053155
v -0.154775 0.100541 0.047031
v -0.158546 0.082961 0.043260
v -0.159819 0.064679 0.041987
v -0.158546 0.046397 0.043260
v -0.154775 0.028817 0.047031
v -0.148652 0.012616 0.053155
v -0.140411 -0.001585 0.061395
v -0.130369 -0.013239 0.071437
v -0.118913 -0.021899 0.082893
v -0.106483 -0.027232 0.095324
v -0.103712 0.156590 0.093050
v -0.113479 0.151257 0.078433
v -0.122480 0.142597 0.064962
v -0.130369 0.130943 0.053155
v -0.136844 0.116742 0.043465
v -0.141655 0.100541 0.036264
v -0.144618 0.082961 0.031830
v -0.145618 0.064679 0.030333
v -0.144618 0.046397 0.031830
v -0.141655 0.028817 0.036264
v -0.136844 0.012616 0.043465
v -0.130369 -0.001585 0.053155
v -0.122480 -0.013239 0.064962
v -0.113479 -0.021899 0.078433
v -0.103712 -0.027232 0.093050
v -0.100551 0.156590 0.091361
v -0.107279 0.151257 0.075119
v -0.113479 0.142597 0.060151
v -0.118913 0.130943 0.047031
v -0.123373 0.116742 0.036264
v -0.126687 0.100541 0.028263
v -0.128728 0.082961 0.023337
v -0.129417 0.064679 0.021673
v -0.128728 0.046397 0.023337
v -0.126687 0.028817 0.028263
v -0.123373 0.012616 0.036264
v -0.118913 -0.001585 0.047031
v -0.113479 -0.013239 0.060151
v -0.107279 -0.021899 0.075119
v -0.100551 -0.027232 0.091361
v -0.097122 0.156590 0.090320
v -0.100551 0.151257 0.073078
v -0.103712 0.142597 0.057188
v -0.106483 0.130943 0.043260
v -0.108756 0.116742 0.031830
v -0.110446 0.100541 0.023337
v -0.111486 0.082961 0.018106
v -0.111837 0.064679 0.016340
v -0.111486 0.046397 0.018106
v -0.110446 0.028817 0.023337
v -0.108756 0.012616 0.031830
v -0.106483 -0.001585 0.043260
v -0.103712 -0.013239 0.057188
v -0.100551 -0.021899 0.073078
v -0.097122 -0.027232 0.090320
v -0.093555 0.156590 0.089969
v -0.093555 0.151257 0.072389
v -0.093555 0.142597 0.056188
v -0.093555 0.130943 0.041987
v -0.093555 0.116742 0.030333
v -0.093555 0.100541 0.021673
v -0.093555 0.082961 0.016340
v -0.093555 0.064679 0.014540
v -0.093555 0.046397 0.016340
v -0.093555 0.028817 0.021673
v -0.093555 0.012616 0.030333
v -0.093555 -0.001585 0.041987
v -0.093555 -0.013239 0.056188
v -0.093555 -0.021899 0.072389
v -0.093555 -0.027232 0.089969
v -0.089988 0.156590 0.090320
v -0.086559 0.151257 0.073078
v -0.083398 0.142597 0.057188
v -0.080628 0.130943 0.043260
v -0.078354 0.116742 0.031830
v -0.076665 0.100541 0.023337
v -0.075624 0.082961 0.018106
v -0.075273 0.064679 0.016340
v -0.075624 0.046397 0.018106
v -0.076665 0.028817 0.023337
v -0.078354 0.012616 0.031830
v -0.080628 -0.001585 0.043260
v -0.083398 -0.013239 0.057188
v -0.086559 -0.021899 0.073078
v -0.089988 -0.027232 0.090320
v -0.086559 0.156590 0.091361
v -0.079831 0.151257 0.075119
v -0.073631 0.142597 0.060151
v -0.068197 0.130943 0.047031
v -0.063737 0.116742 0.036264
v -0.060423 0.100541 0.028263
v -0.058382 0.082961 0.023337
v -0.057693 0.064679 0.021673
v -0.058382 0.046397 0.023337
v -0.060423 0.028817 0.028263
v -0.063737 0.012616 0.036264
v -0.068197 -0.001585 0.047031
v -0.073631 -0.013239 0.060151
v -0.079831 -0.021899 0.075119
v -0.086559 -0.027232 0.091361
v -0.083398 0.156590 0.093050
v -0.073631 0.151257 0.078433
v -0.064630 0.142597 0.064962
v -0.056741 0.130943 0.053155
v -0.050266 0.116742 0.043465
v -0.045455 0.100541 0.036264
v -0.042492 0.082961 0.031830
v -0.041492 0.064679 0.030333
v -0.042492 0.046397 0.031830
v -0.045455 0.028817 0.036264
v -0.050266 0.012616 0.043465
v -0.056741 -0.001585 0.053155
v -0.064630 -0.013239 0.064962
v -0.073631 -0.021899 0.078433
v -0.083398 -0.027232 0.093050
v -0.080628 0.156590 0.095324
v -0.068197 0.151257 0.082893
v -0.056741 0.142597 0.071437
v -0.046699 0.130943 0.061395
v -0.038459 0.116742 0.053155
v -0.032335 0.100541 0.047031
v -0.028564 0.082961 0.043260
v -0.027291 0.064679 0.041987
v -0.028564 0.046397 0.043260
v -0.032335 0.028817 0.047031
v -0.038459 0.012616 0.053155
v -0.046699 -0.001585 0.061395
v -0.056741 -0.013239 0.071437
v -0.068197 -0.021899 0.082893
v -0.080628 -0.027232 0.095324
v -0.078354 0.156590 0.098094
v -0.063737 0.151257 0.088327
v -0.050266 0.142597 0.079326
v -0.038459 0.130943 0.071437
v -0.028768 0.116742 0.064962
v -0.021568 0.100541 0.060151
v -0.017134 0.082961 0.057188
v -0.015637 0.064679 0.056188
v -0.017134 0.046397 0.057188
v -0.021568 0.028817 0.060151
v -0.028768 0.012616 0.064962
v -0.038459 -0.001585 0.071437
v -0.050266 -0.013239 0.079326
v -0.063737 -0.021899 0.088327
v -0.078354 -0.027232 0.098094
v -0.093555 -0.029032 0.108251
v -0.076664 0.156590 0.101255
v -0.060423 0.151257 0.094527
v -0.045455 0.142597 0.088327
v -0.032335 0.130943 0.082893
v -0.021568 0.116742 0.078433
v -0.013567 0.100541 0.075119
v -0.008640 0.082961 0.073078
v -0.006977 0.064679 0.072389
v -0.008640 0.046397 0.073078
v -0.013567 0.028817 0.075119
v -0.021568 0.012616 0.078433
v -0.032335 -0.001585 0.082893
v -0.045455 -0.013239 0.088327
v -0.060423 -0.021899 0.094528
v -0.076664 -0.027232 0.101255
v -0.075624 0.156590 0.104685
v -0.058382 0.151257 0.101255
v -0.042492 0.142597 0.098094
v -0.028564 0.130943 0.095324
v -0.017134 0.116742 0.093050
v -0.008640 0.100541 0.091361
v -0.003410 0.082961 0.090320
v -0.001644 0.064679 0.089969
v -0.003410 0.046397 0.090320
v -0.008640 0.028817 0.091361
v -0.017134 0.012616 0.093050
v -0.028564 -0.001585 0.095324
v -0.042492 -0.013239 0.098094
v -0.058382 -0.021899 0.101255
v -0.075624 -0.027232 0.104685
v -0.075273 0.156590 0.108251
v -0.057693 0.151257 0.108251
v -0.041492 0.142597 0.108251
v -0.027291 0.130943 0.108251
v -0.015637 0.116742 0.108251
v -0.006977 0.100541 0.108251
v -0.001644 0.082961 0.108251
v 0.000133 0.064679 0.108251
v -0.001644 0.046397 0.108251
v -0.006977 0.028817 0.108251
v -0.015637 0.012616 0.108251
v -0.027291 -0.001585 0.108251
v -0.041492 -0.013239 0.108251
v -0.057693 -0.021899 0.108251
v -0.075273 -0.027232 0.108251
v -0.093555 0.158391 0.108251
v -0.180133 0.028817 0.108251
v -0.171473 0.012616 0.108251
v -0.159819 -0.001585 0.108251
v -0.129417 -0.021899 0.108251
v -0.111837 -0.027232 0.108251
v -0.111837 0.156590 0.402623
v -0.129417 0.151257 0.402623
v -0.145618 0.142597 0.402623
v -0.159819 0.130943 0.402623
v -0.171473 0.116742 0.402623
v -0.180133 0.100541 0.402623
v -0.185466 0.082961 0.402623
v -0.187267 0.064679 0.402623
v -0.185466 0.046397 0.402623
v -0.145618 -0.013239 0.402623
v -0.093555 -0.029032 0.402623
v -0.075273 0.156590 0.402623
v -0.057693 0.151257 0.402623
v -0.041492 0.142597 0.402623
v -0.027291 0.130943 0.402623
v -0.015637 0.116742 0.402623
v -0.006977 0.100541 0.402623
v -0.001644 0.082961 0.402623
v 0.000133 0.064679 0.402623
v -0.001644 0.046397 0.402623
v -0.006977 0.028817 0.402623
v -0.015637 0.012616 0.402623
v -0.027291 -0.001585 0.402623
v -0.041492 -0.013239 0.402623
v -0.057693 -0.021899 0.402623
v -0.075273 -0.027232 0.402623
v -0.093555 0.158391 0.402623
v -0.180133 0.028817 0.402623
v -0.171473 0.012616 0.402623
v -0.159819 -0.001585 0.402623
v -0.129417 -0.021899 0.402623
v -0.111837 -0.027232 0.402623
v 0.005995 -0.167008 0.416743
v 0.005995 -0.086983 0.416743
v -0.005729 -0.167008 0.416743
v -0.005729 -0.086983 0.416743
v 0.005995 -0.167008 0.306331
v 0.005995 -0.086983 0.306331
v -0.005729 -0.167008 0.306331
v -0.005729 -0.086983 0.306331
v 0.038652 -0.176956 0.403780
v 0.038652 -0.167008 0.403780
v -0.038386 -0.176956 0.403780
v -0.038386 -0.167008 0.403780
v 0.038652 -0.176956 0.234303
v 0.038652 -0.167008 0.223768
v -0.038386 -0.176956 0.234303
v -0.038386 -0.167008 0.223768
v 0.038652 -0.176956 0.234303
v 0.038652 -0.029404 0.146041
v -0.038386 -0.176956 0.234303
v -0.038386 -0.029404 0.146041
v 0.038652 -0.176956 0.203435
v 0.038652 -0.029404 0.115173
v -0.038386 -0.176956 0.203435
v -0.038386 -0.029404 0.115173
v 0.038652 -0.086983 0.641837
v 0.038652 0.045519 0.671147
v -0.038386 -0.086983 0.641837
v -0.038386 0.045519 0.671147
v 0.038652 -0.086983 -0.520270
v 0.038652 0.045519 -0.602518
v -0.038386 -0.086983 -0.520270
v -0.038386 0.045519 -0.602518
v 0.038652 -0.036978 0.671147
v -0.038386 -0.036978 0.671147
v -0.038386 -0.036978 -0.602518
v 0.038652 -0.036978 -0.602518
v -0.038386 -0.061981 0.656492
v -0.038386 -0.061981 -0.561394
v 0.038652 -0.061981 -0.561394
v 0.038652 -0.061981 0.656492
v -0.038386 -0.086983 -0.436133
v -0.038386 -0.086983 -0.011578
v -0.038386 0.045519 -0.011578
v -0.038386 0.045519 -0.436133
v 0.038652 -0.086983 -0.011578
v 0.038652 -0.086983 -0.436133
v 0.038652 0.045519 -0.436133
v 0.038652 0.045519 -0.011578
v 0.038652 -0.036978 -0.436133
v 0.038652 -0.036978 -0.011578
v -0.038386 -0.036978 -0.011578
v -0.038386 -0.036978 -0.436133
v -0.038386 -0.061981 -0.011578
v -0.038386 -0.061981 -0.436133
v 0.038652 -0.061981 -0.436133
v 0.038652 -0.061981 -0.011578
v 0.038652 -0.287386 0.529587
v 0.038652 -0.086983 0.436409
v -0.038386 -0.287386 0.529587
v -0.038386 -0.086983 0.436409
v 0.038652 -0.287386 0.427882
v 0.038652 -0.086983 0.334705
v -0.038386 -0.287386 0.427882
v -0.038386 -0.086983 0.334705
v 0.008651 0.121211 0.000349
v 0.008651 0.128017 0.000349
v -0.008385 0.121211 0.000349
v -0.008385 0.128017 0.000349
v 0.008651 0.121211 -0.351974
v 0.008651 0.128017 -0.351974
v -0.008385 0.121211 -0.351974
v -0.008385 0.128017 -0.351974
v 0.008651 0.128017 -0.612273
v 0.008651 0.153921 -0.612273
v -0.008385 0.128017 -0.612273
v -0.008385 0.153921 -0.612273
v 0.008651 0.128017 -0.635664
v 0.008651 0.153921 -0.635664
v -0.008385 0.128017 -0.635664
v -0.008385 0.153921 -0.635664
v 0.110100 -0.036978 -0.602518
v 0.110100 0.128017 -0.602518
v 0.110100 -0.036978 -0.645100
v 0.110100 0.128017 -0.645100
v 0.164084 0.021019 -0.602518
v 0.164084 0.070019 -0.602518
v 0.164084 0.070019 -0.645100
v 0.164084 0.021019 -0.645100
v -0.109834 -0.036978 -0.602518
v -0.109834 0.128017 -0.602518
v -0.109834 -0.036978 -0.645100
v -0.109834 0.128017 -0.645100
v -0.163818 0.021019 -0.602518
v -0.163818 0.070019 -0.602518
v -0.163818 0.070019 -0.645100
v -0.163818 0.021019 -0.645100
v 0.000133 -0.036978 -0.602518
v 0.000133 0.128017 -0.602518
v 0.000133 -0.036978 -0.645100
v 0.000133 0.128017 -0.645100
v 0.000133 0.021019 -0.645100
v 0.000133 0.070019 -0.645100
v 0.000133 0.021019 -0.602518
v 0.000133 0.070019 -0.602518
v 0.110100 -0.036978 0.000349
v 0.110100 0.128017 0.000349
v 0.110100 -0.036978 -0.379075
v 0.110100 0.128017 -0.379075
v 0.164084 0.021019 0.000349
v 0.164084 0.070019 0.000349
v 0.164084 0.070019 -0.379075
v 0.164084 0.021019 -0.379075
v 0.110100 -0.036978 -0.026753
v 0.110100 -0.036978 -0.053855
v 0.110100 -0.036978 -0.080956
v 0.110100 -0.036978 -0.108058
v 0.110100 -0.036978 -0.135160
v 0.110100 -0.036978 -0.162261
v 0.110100 -0.036978 -0.189363
v 0.110100 -0.036978 -0.216465
v 0.110100 -0.036978 -0.243567
v 0.110100 -0.036978 -0.270668
v 0.110100 -0.036978 -0.297770
v 0.110100 -0.036978 -0.324872
v 0.110100 -0.036978 -0.351973
v 0.110100 0.128017 -0.351973
v 0.110100 0.128017 -0.324872
v 0.110100 0.128017 -0.297770
v 0.110100 0.128017 -0.270668
v 0.110100 0.128017 -0.243567
v 0.110100 0.128017 -0.216465
v 0.110100 0.128017 -0.189363
v 0.110100 0.128017 -0.162261
v 0.110100 0.128017 -0.135160
v 0.110100 0.128017 -0.108058
v 0.110100 0.128017 -0.080956
v 0.110100 0.128017 -0.053855
v 0.110100 0.128017 -0.026753
v 0.164084 0.021019 -0.351973
v 0.164084 0.021019 -0.324872
v 0.164084 0.021019 -0.297770
v 0.164084 0.021019 -0.270668
v 0.164084 0.021019 -0.243567
v 0.164084 0.021019 -0.216465
v 0.164084 0.021019 -0.189363
v 0.164084 0.021019 -0.162261
v 0.164084 0.021019 -0.135160
v 0.164084 0.021019 -0.108058
v 0.164084 0.021019 -0.080956
v 0.164084 0.021019 -0.053855
v 0.164084 0.021019 -0.026753
v 0.164084 0.070019 -0.351973
v 0.164084 0.070019 -0.324872
v 0.164084 0.070019 -0.297770
v 0.164084 0.070019 -0.270668
v 0.164084 0.070019 -0.243567
v 0.164084 0.070019 -0.216465
v 0.164084 0.070019 -0.189363
v 0.164084 0.070019 -0.162261
v 0.164084 0.070019 -0.135160
v 0.164084 0.070019 -0.108058
v 0.164084 0.070019 -0.080956
v 0.164084 0.070019 -0.053855
v 0.164084 0.070019 -0.026753
v 0.107316 -0.030584 -0.053855
v 0.107316 -0.030584 -0.080956
v 0.107316 -0.030584 -0.108058
v 0.107316 -0.030584 -0.135160
v 0.107316 -0.030584 -0.162261
v 0.107316 -0.030584 -0.189363
v 0.107316 -0.030584 -0.216465
v 0.107316 -0.030584 -0.243567
v 0.107316 -0.030584 -0.270668
v 0.107316 -0.030584 -0.297770
v 0.107316 -0.030584 -0.324872
v 0.107316 -0.030584 -0.351973
v 0.107316 0.121622 -0.351973
v 0.107316 0.121622 -0.324872
v 0.107316 0.121622 -0.297770
v 0.107316 0.121622 -0.270668
v 0.107316 0.121622 -0.243567
v 0.107316 0.121622 -0.216465
v 0.107316 0.121622 -0.189363
v 0.107316 0.121622 -0.162261
v 0.107316 0.121622 -0.135160
v 0.107316 0.121622 -0.108058
v 0.107316 0.121622 -0.080956
v 0.107316 0.121622 -0.053855
v 0.157593 0.023573 -0.351973
v 0.157593 0.023573 -0.324872
v 0.157593 0.023573 -0.297770
v 0.157593 0.023573 -0.270668
v 0.157593 0.023573 -0.243567
v 0.157593 0.023573 -0.216465
v 0.157593 0.023573 -0.189363
v 0.157593 0.023573 -0.162261
v 0.157593 0.023573 -0.135160
v 0.157593 0.023573 -0.108058
v 0.157593 0.023573 -0.080956
v 0.157593 0.023573 -0.053855
v 0.157593 0.067466 -0.351973
v 0.157593 0.067466 -0.324872
v 0.157593 0.067466 -0.297770
v 0.157593 0.067466 -0.270668
v 0.157593 0.067466 -0.243567
v 0.157593 0.067466 -0.216465
v 0.157593 0.067466 -0.189363
v 0.157593 0.067466 -0.162261
v 0.157593 0.067466 -0.135160
v 0.157593 0.067466 -0.108058
v 0.157593 0.067466 -0.080956
v 0.157593 0.067466 -0.053855
v 0.110100 -0.036978 0.027451
v 0.110100 0.128017 0.027451
v 0.164084 0.021019 0.027451
v 0.164084 0.070019 0.027451
v 0.107497 -0.030999 0.000349
v 0.158015 0.067632 0.000349
v 0.107497 0.122038 0.000349
v 0.107497 0.122038 -0.026753
v 0.158015 0.023407 0.000349
v 0.158015 0.023407 -0.026753
v 0.158015 0.067632 -0.026753
v 0.107497 -0.030999 -0.026753
v -0.109834 -0.036978 0.000349
v -0.109834 0.128017 0.000349
v -0.109834 -0.036978 -0.379075
v -0.109834 0.128017 -0.379075
v -0.163818 0.021019 0.000349
v -0.163818 0.070019 0.000349
v -0.163818 0.070019 -0.379075
v -0.163818 0.021019 -0.379075
v 0.000133 -0.036978 0.000349
v 0.000133 0.128017 0.000349
v 0.000133 -0.036978 -0.379075
v 0.000133 0.128017 -0.379075
v 0.000133 0.021019 -0.379075
v 0.000133 0.070019 -0.379075
v -0.109834 -0.036978 -0.026753
v -0.109834 -0.036978 -0.053855
v -0.109834 -0.036978 -0.080956
v -0.109834 -0.036978 -0.108058
v -0.109834 -0.036978 -0.135160
v -0.109834 -0.036978 -0.162261
v -0.109834 -0.036978 -0.189363
v -0.109834 -0.036978 -0.216465
v -0.109834 -0.036978 -0.243567
v -0.109834 -0.036978 -0.270668
v -0.109834 -0.036978 -0.297770
v -0.109834 -0.036978 -0.324872
v -0.109834 -0.036978 -0.351973
v -0.109834 0.128017 -0.351973
v -0.109834 0.128017 -0.324872
v -0.109834 0.128017 -0.297770
v -0.109834 0.128017 -0.270668
v -0.109834 0.128017 -0.243567
v -0.109834 0.128017 -0.216465
v -0.109834 0.128017 -0.189363
v -0.109834 0.128017 -0.162261
v -0.109834 0.128017 -0.135160
v -0.109834 0.128017 -0.108058
v -0.109834 0.128017 -0.080956
v -0.109834 0.128017 -0.053855
v -0.109834 0.128017 -0.026753
v -0.163818 0.021019 -0.351973
v -0.163818 0.021019 -0.324872
v -0.163818 0.021019 -0.297770
v -0.163818 0.021019 -0.270668
v -0.163818 0.021019 -0.243567
v -0.163818 0.021019 -0.216465
v -0.163818 0.021019 -0.189363
v -0.163818 0.021019 -0.162261
v -0.163818 0.021019 -0.135160
v -0.163818 0.021019 -0.108058
v -0.163818 0.021019 -0.080956
v -0.163818 0.021019 -0.053855
v -0.163818 0.021019 -0.026753
v -0.163818 0.070019 -0.351973
v -0.163818 0.070019 -0.324872
v -0.163818 0.070019 -0.297770
v -0.163818 0.070019 -0.270668
v -0.163818 0.070019 -0.243567
v -0.163818 0.070019 -0.216465
v -0.163818 0.070019 -0.189363
v -0.163818 0.070019 -0.162261
v -0.163818 0.070019 -0.135160
v -0.163818 0.070019 -0.108058
v -0.163818 0.070019 -0.080956
v -0.163818 0.070019 -0.053855
v -0.163818 0.070019 -0.026753
v 0.000133 0.128017 -0.026753
v 0.000133 0.128017 -0.053855
v 0.000133 0.128017 -0.080956
v 0.000133 0.128017 -0.108058
v 0.000133 0.128017 -0.135160
v 0.000133 0.128017 -0.162261
v 0.000133 0.128017 -0.189363
v 0.000133 0.128017 -0.216465
v 0.000133 0.128017 -0.243567
v 0.000133 0.128017 -0.270668
v 0.000133 0.128017 -0.297770
v 0.000133 0.128017 -0.324872
v 0.000133 0.128017 -0.351973
v 0.000133 -0.036978 -0.351973
v 0.000133 -0.036978 -0.324872
v 0.000133 -0.036978 -0.297770
v 0.000133 -0.036978 -0.270668
v 0.000133 -0.036978 -0.243567
v 0.000133 -0.036978 -0.216465
v 0.000133 -0.036978 -0.189363
v 0.000133 -0.036978 -0.162261
v 0.000133 -0.036978 -0.135160
v 0.000133 -0.036978 -0.108058
v 0.000133 -0.036978 -0.080956
v 0.000133 -0.036978 -0.053855
v 0.000133 -0.036978 -0.026753
v -0.107050 -0.030584 -0.053855
v -0.107050 -0.030584 -0.080956
v -0.107050 -0.030584 -0.108058
v -0.107050 -0.030584 -0.135160
v -0.107050 -0.030584 -0.162261
v -0.107050 -0.030584 -0.189363
v -0.107050 -0.030584 -0.216465
v -0.107050 -0.030584 -0.243567
v -0.107050 -0.030584 -0.270668
v -0.107050 -0.030584 -0.297770
v -0.107050 -0.030584 -0.324872
v -0.107050 -0.030584 -0.351973
v -0.107050 0.121622 -0.351973
v -0.107050 0.121622 -0.324872
v -0.107050 0.121622 -0.297770
v -0.107050 0.121622 -0.270668
v -0.107050 0.121622 -0.243567
v -0.107050 0.121622 -0.216465
v -0.107050 0.121622 -0.189363
v -0.107050 0.121622 -0.162261
v -0.107050 0.121622 -0.135160
v -0.107050 0.121622 -0.108058
v -0.107050 0.121622 -0.080956
v -0.107050 0.121622 -0.053855
v -0.157327 0.023573 -0.351973
v -0.157327 0.023573 -0.324872
v -0.157327 0.023573 -0.297770
v -0.157327 0.023573 -0.270668
v -0.157327 0.023573 -0.243567
v -0.157327 0.023573 -0.216465
v -0.157327 0.023573 -0.189363
v -0.157327 0.023573 -0.162261
v -0.157327 0.023573 -0.135160
v -0.157327 0.023573 -0.108058
v -0.157327 0.023573 -0.080956
v -0.157327 0.023573 -0.053855
v -0.157327 0.067466 -0.351973
v -0.157327 0.067466 -0.324872
v -0.157327 0.067466 -0.297770
v -0.157327 0.067466 -0.270668
v -0.157327 0.067466 -0.243567
v -0.157327 0.067466 -0.216465
v -0.157327 0.067466 -0.189363
v -0.157327 0.067466 -0.162261
v -0.157327 0.067466 -0.135160
v -0.157327 0.067466 -0.108058
v -0.157327 0.067466 -0.080956
v -0.157327 0.067466 -0.053855
v 0.000133 0.121043 -0.053855
v 0.000133 0.121043 -0.080956
v 0.000133 0.121043 -0.108058
v 0.000133 0.121043 -0.135160
v 0.000133 0.121043 -0.162261
v 0.000133 0.121043 -0.189363
v 0.000133 0.121043 -0.216465
v 0.000133 0.121043 -0.243567
v 0.000133 0.121043 -0.270668
v 0.000133 0.121043 -0.297770
v 0.000133 0.121043 -0.324872
v 0.000133 0.121043 -0.351973
v 0.000133 -0.030004 -0.351973
v 0.000133 -0.030004 -0.324872
v 0.000133 -0.030004 -0.297770
v 0.000133 -0.030004 -0.270668
v 0.000133 -0.030004 -0.243567
v 0.000133 -0.030004 -0.216465
v 0.000133 -0.030004 -0.189363
v 0.000133 -0.030004 -0.162261
v 0.000133 -0.030004 -0.135160
v 0.000133 -0.030004 -0.108058
v 0.000133 -0.030004 -0.080956
v 0.000133 -0.030004 -0.053855
v -0.109834 -0.036978 0.027451
v -0.109834 0.128017 0.027451
v -0.163818 0.021019 0.027451
v -0.163818 0.070019 0.027451
v 0.000133 -0.036978 0.027451
v 0.000133 0.128017 0.027451
v 0.000133 0.021019 0.027497
v 0.000133 0.070019 0.027497
v 0.000133 -0.030457 0.000349
v -0.107231 -0.030999 0.000349
v -0.157749 0.067632 0.000349
v -0.107231 0.122038 0.000349
v -0.107231 0.122038 -0.026753
v -0.157749 0.023407 0.000349
v -0.157749 0.023407 -0.026753
v -0.157749 0.067632 -0.026753
v 0.000133 0.121496 0.000349
v 0.000133 -0.030457 -0.026753
v -0.107231 -0.030999 -0.026753
v 0.000133 0.121496 -0.026753
v 0.001545 0.031180 -0.016308
v 0.001545 0.031180 -0.777267
v 0.005728 0.017392 -0.016308
v 0.005728 0.017392 -0.777267
v 0.012520 0.004685 -0.016308
v 0.012520 0.004685 -0.777267
v 0.021661 -0.006453 -0.016308
v 0.021661 -0.006453 -0.777267
v 0.032799 -0.015594 -0.016308
v 0.032799 -0.015594 -0.777267
v 0.045506 -0.022386 -0.016308
v 0.045506 -0.022386 -0.777267
v 0.059294 -0.026568 -0.016308
v 0.059294 -0.026568 -0.777267
v 0.073633 -0.027981 -0.016308
v 0.073633 -0.027981 -0.777267
v 0.087972 -0.026568 -0.016308
v 0.087972 -0.026568 -0.777267
v 0.101760 -0.022386 -0.016308
v 0.101760 -0.022386 -0.777267
v 0.114467 -0.015594 -0.016308
v 0.114467 -0.015594 -0.777267
v 0.125605 -0.006453 -0.016308
v 0.125605 -0.006453 -0.777267
v 0.134746 0.004685 -0.016308
v 0.134746 0.004685 -0.777267
v 0.141538 0.017392 -0.016308
v 0.141538 0.017392 -0.777267
v 0.145721 0.031180 -0.016308
v 0.145721 0.031180 -0.777267
v 0.147133 0.045519 -0.016308
v 0.147133 0.045519 -0.777267
v 0.145721 0.059858 -0.016308
v 0.145721 0.059859 -0.777267
v 0.141538 0.073647 -0.016308
v 0.141538 0.073647 -0.777267
v 0.134746 0.086354 -0.016308
v 0.134746 0.086354 -0.777267
v 0.125605 0.097492 -0.016308
v 0.125605 0.097492 -0.777267
v 0.114467 0.106632 -0.016308
v 0.114467 0.106632 -0.777267
v 0.101760 0.113424 -0.016308
v 0.101760 0.113425 -0.777267
v 0.087972 0.117607 -0.016308
v 0.087972 0.117607 -0.777267
v 0.073633 0.119019 -0.016308
v 0.073633 0.119019 -0.777267
v 0.059294 0.117607 -0.016308
v 0.059294 0.117607 -0.777267
v 0.045506 0.113424 -0.016308
v 0.045506 0.113424 -0.777267
v 0.032799 0.106632 -0.016308
v 0.032799 0.106632 -0.777267
v 0.021661 0.097492 -0.016308
v 0.021661 0.097492 -0.777267
v 0.012520 0.086354 -0.016308
v 0.012520 0.086354 -0.777267
v 0.005728 0.073646 -0.016308
v 0.005728 0.073646 -0.777267
v 0.001545 0.059858 -0.016308
v 0.001545 0.059858 -0.777267
v 0.018781 0.022799 -0.777267
v 0.018781 0.022799 -0.016308
v 0.096353 -0.009332 -0.777267
v 0.096353 -0.009332 -0.016308
v 0.015403 0.033937 -0.777267
v 0.015403 0.033937 -0.016308
v 0.085216 -0.012711 -0.777267
v 0.085216 -0.012711 -0.016308
v 0.024268 0.078504 -0.777267
v 0.024268 0.078504 -0.016308
v 0.018781 0.068240 -0.777267
v 0.018781 0.068240 -0.016308
v 0.050913 0.100371 -0.777267
v 0.050913 0.100371 -0.016308
v 0.040648 0.094885 -0.777267
v 0.040648 0.094885 -0.016308
v 0.031651 0.087501 -0.777267
v 0.031651 0.087501 -0.016308
v 0.015403 0.057102 -0.777267
v 0.015403 0.057102 -0.016308
v 0.062050 -0.012711 -0.777267
v 0.062050 -0.012711 -0.016308
v 0.024268 0.012534 -0.777267
v 0.024268 0.012534 -0.016308
v 0.050913 -0.009332 -0.777267
v 0.050913 -0.009332 -0.016308
v 0.073633 -0.013852 -0.777267
v 0.073633 -0.013852 -0.016308
v 0.014262 0.045519 -0.777267
v 0.014262 0.045519 -0.016308
v 0.085216 0.103750 -0.777267
v 0.085216 0.103750 -0.016308
v 0.073633 0.104890 -0.777267
v 0.073633 0.104890 -0.016308
v 0.062050 0.103750 -0.777267
v 0.062050 0.103750 -0.016308
v 0.106618 -0.003846 -0.777267
v 0.106618 -0.003846 -0.016308
v 0.115615 0.087501 -0.777267
v 0.115615 0.087501 -0.016308
v 0.122998 0.078504 -0.777267
v 0.122998 0.078504 -0.016308
v 0.131863 0.057102 -0.777267
v 0.131863 0.057102 -0.016308
v 0.131863 0.033937 -0.777267
v 0.131863 0.033937 -0.016308
v 0.133004 0.045519 -0.777267
v 0.133004 0.045519 -0.016308
v 0.128485 0.022799 -0.777267
v 0.128485 0.022799 -0.016308
v 0.031651 0.003538 -0.777267
v 0.031651 0.003538 -0.016308
v 0.040648 -0.003846 -0.777267
v 0.040648 -0.003846 -0.016308
v 0.115615 0.003538 -0.777267
v 0.115615 0.003538 -0.016308
v 0.128485 0.068240 -0.777267
v 0.128485 0.068240 -0.016308
v 0.096353 0.100371 -0.777267
v 0.096353 0.100371 -0.016308
v 0.106618 0.094885 -0.777267
v 0.106618 0.094885 -0.016308
v 0.122998 0.012534 -0.777267
v 0.122998 0.012534 -0.016308
v 0.000133 0.045519 -0.016308
v 0.000133 0.045519 -0.777267
v -0.001279 0.031180 -0.016308
v -0.001279 0.031180 -0.777267
v -0.005462 0.017392 -0.016308
v -0.005462 0.017392 -0.777267
v -0.012254 0.004685 -0.016308
v -0.012254 0.004685 -0.777267
v -0.021395 -0.006453 -0.016308
v -0.021395 -0.006453 -0.777267
v -0.032533 -0.015594 -0.016308
v -0.032533 -0.015594 -0.777267
v -0.045240 -0.022386 -0.016308
v -0.045240 -0.022386 -0.777267
v -0.059028 -0.026568 -0.016308
v -0.059028 -0.026568 -0.777267
v -0.073367 -0.027981 -0.016308
v -0.073367 -0.027981 -0.777267
v -0.087706 -0.026568 -0.016308
v -0.087706 -0.026568 -0.777267
v -0.101494 -0.022386 -0.016308
v -0.101494 -0.022386 -0.777267
v -0.114201 -0.015594 -0.016308
v -0.114201 -0.015594 -0.777267
v -0.125339 -0.006453 -0.016308
v -0.125339 -0.006453 -0.777267
v -0.134480 0.004685 -0.016308
v -0.134480 0.004685 -0.777267
v -0.141272 0.017392 -0.016308
v -0.141272 0.017392 -0.777267
v -0.145455 0.031180 -0.016308
v -0.145455 0.031180 -0.777267
v -0.146867 0.045519 -0.016308
v -0.146867 0.045519 -0.777267
v -0.145455 0.059858 -0.016308
v -0.145455 0.059859 -0.777267
v -0.141272 0.073647 -0.016308
v -0.141272 0.073647 -0.777267
v -0.134480 0.086354 -0.016308
v -0.134480 0.086354 -0.777267
v -0.125339 0.097492 -0.016308
v -0.125339 0.097492 -0.777267
v -0.114201 0.106632 -0.016308
v -0.114201 0.106632 -0.777267
v -0.101494 0.113424 -0.016308
v -0.101494 0.113425 -0.777267
v -0.087706 0.117607 -0.016308
v -0.087706 0.117607 -0.777267
v -0.073367 0.119019 -0.016308
v -0.073367 0.119019 -0.777267
v -0.059028 0.117607 -0.016308
v -0.059028 0.117607 -0.777267
v -0.045240 0.113424 -0.016308
v -0.045240 0.113424 -0.777267
v -0.032532 0.106632 -0.016308
v -0.032533 0.106632 -0.777267
v -0.021395 0.097492 -0.016308
v -0.021395 0.097492 -0.777267
v -0.012254 0.086354 -0.016308
v -0.012254 0.086354 -0.777267
v -0.005462 0.073646 -0.016308
v -0.005462 0.073646 -0.777267
v -0.001279 0.059858 -0.016308
v -0.001279 0.059858 -0.777267
v -0.018515 0.022799 -0.777267
v -0.018515 0.022799 -0.016308
v -0.096087 -0.009332 -0.777267
v -0.096087 -0.009332 -0.016308
v -0.015137 0.033937 -0.777267
v -0.015137 0.033937 -0.016308
v -0.084950 -0.012711 -0.777267
v -0.084950 -0.012711 -0.016308
v -0.024002 0.078504 -0.777267
v -0.024002 0.078504 -0.016308
v -0.018515 0.068240 -0.777267
v -0.018515 0.068240 -0.016308
v -0.050647 0.100371 -0.777267
v -0.050647 0.100371 -0.016308
v -0.040382 0.094885 -0.777267
v -0.040382 0.094885 -0.016308
v -0.031385 0.087501 -0.777267
v -0.031385 0.087501 -0.016308
v -0.015137 0.057102 -0.777267
v -0.015137 0.057102 -0.016308
v -0.061784 -0.012711 -0.777267
v -0.061784 -0.012711 -0.016308
v -0.024002 0.012534 -0.777267
v -0.024002 0.012534 -0.016308
v -0.050647 -0.009332 -0.777267
v -0.050647 -0.009332 -0.016308
v -0.073367 -0.013852 -0.777267
v -0.073367 -0.013852 -0.016308
v -0.013996 0.045519 -0.777267
v -0.013996 0.045519 -0.016308
v -0.084950 0.103750 -0.777267
v -0.084950 0.103750 -0.016308
v -0.073367 0.104890 -0.777267
v -0.073367 0.104890 -0.016308
v -0.061784 0.103750 -0.777267
v -0.061784 0.103750 -0.016308
v -0.106352 -0.003846 -0.777267
v -0.106352 -0.003846 -0.016308
v -0.115349 0.087501 -0.777267
v -0.115349 0.087501 -0.016308
v -0.122732 0.078504 -0.777267
v -0.122732 0.078504 -0.016308
v -0.131597 0.057102 -0.777267
v -0.131597 0.057102 -0.016308
v -0.131597 0.033937 -0.777267
v -0.131597 0.033937 -0.016308
v -0.132738 0.045519 -0.777267
v -0.132738 0.045519 -0.016308
v -0.128219 0.022799 -0.777267
v -0.128219 0.022799 -0.016308
v -0.031385 0.003538 -0.777267
v -0.031385 0.003538 -0.016308
v -0.040382 -0.003846 -0.777267
v -0.040382 -0.003846 -0.016308
v -0.115349 0.003538 -0.777267
v -0.115349 0.003538 -0.016308
v -0.128219 0.068240 -0.777267
v -0.128219 0.068240 -0.016308
v -0.096087 0.100371 -0.777267
v -0.096087 0.100371 -0.016308
v -0.106352 0.094885 -0.777267
v -0.106352 0.094885 -0.016308
v -0.122732 0.012534 -0.777267
v -0.122732 0.012534 -0.016308
vn 0.9527 0.2890 0.0938
vn 0.2902 -0.9565 0.0286
vn 0.9904 0.0975 0.0976
vn 0.0980 0.9951 0.0097
vn 0.0980 -0.9951 0.0097
vn 0.9904 -0.0976 0.0975
vn 0.2902 0.9565 0.0286
vn 0.9527 -0.2890 0.0938
vn 0.4709 0.8810 0.0464
vn 0.8786 -0.4696 0.0865
vn 0.6332 0.7715 0.0624
vn 0.7708 -0.6326 0.0759
vn 0.7708 0.6326 0.0759
vn 0.6332 -0.7715 0.0624
vn 0.8786 0.4696 0.0865
vn 0.4709 -0.8810 0.0464
vn 0.6088 -0.7715 0.1847
vn 0.8448 0.4696 0.2563
vn 0.4528 -0.8810 0.1374
vn 0.9161 0.2890 0.2779
vn 0.2790 -0.9566 0.0846
vn 0.9524 0.0975 0.2889
vn 0.0942 0.9951 0.0286
vn 0.0942 -0.9951 0.0286
vn 0.9524 -0.0975 0.2889
vn 0.2790 0.9566 0.0846
vn 0.9161 -0.2890 0.2779
vn 0.4528 0.8810 0.1374
vn 0.8448 -0.4696 0.2563
vn 0.6088 0.7715 0.1847
vn 0.7412 -0.6326 0.2248
vn 0.7412 0.6326 0.2248
vn 0.8443 -0.2890 0.4513
vn 0.4173 0.8810 0.2231
vn 0.7786 -0.4696 0.4162
vn 0.5611 0.7715 0.2999
vn 0.6831 -0.6326 0.3651
vn 0.6831 0.6326 0.3651
vn 0.5611 -0.7715 0.2999
vn 0.7786 0.4696 0.4162
vn 0.4173 -0.8810 0.2230
vn 0.8443 0.2890 0.4513
vn 0.2571 -0.9565 0.1374
vn 0.8777 0.0975 0.4691
vn 0.0869 0.9951 0.0464
vn 0.0869 -0.9951 0.0464
vn 0.8777 -0.0975 0.4691
vn 0.2571 0.9565 0.1374
vn 0.3658 -0.8810 0.3002
vn 0.7400 0.2890 0.6073
vn 0.2254 -0.9566 0.1850
vn 0.7693 0.0975 0.6314
vn 0.0761 0.9951 0.0625
vn 0.0761 -0.9951 0.0625
vn 0.7693 -0.0976 0.6314
vn 0.2254 0.9565 0.1850
vn 0.7400 -0.2890 0.6073
vn 0.3658 0.8810 0.3002
vn 0.6825 -0.4696 0.5601
vn 0.4918 0.7715 0.4036
vn 0.5987 -0.6326 0.4913
vn 0.5987 0.6326 0.4913
vn 0.4918 -0.7715 0.4036
vn 0.6825 0.4696 0.5601
vn 0.3002 0.8810 0.3658
vn 0.5601 -0.4696 0.6825
vn 0.4036 0.7715 0.4918
vn 0.4913 -0.6326 0.5987
vn 0.4913 0.6326 0.5987
vn 0.4036 -0.7715 0.4918
vn 0.5601 0.4696 0.6825
vn 0.3002 -0.8810 0.3658
vn 0.6073 0.2890 0.7400
vn 0.1850 -0.9565 0.2254
vn 0.6314 0.0975 0.7693
vn 0.0625 0.9951 0.0761
vn 0.0625 -0.9951 0.0761
vn 0.6314 -0.0975 0.7693
vn 0.1850 0.9566 0.2254
vn 0.6073 -0.2890 0.7400
vn 0.4513 0.2890 0.8443
vn 0.1374 -0.9566 0.2571
vn 0.4692 0.0975 0.8777
vn 0.0464 0.9951 0.0869
vn 0.0464 -0.9951 0.0869
vn 0.4692 -0.0975 0.8777
vn 0.1374 0.9566 0.2571
vn 0.4513 -0.2890 0.8443
vn 0.2231 0.8810 0.4173
vn 0.4162 -0.4696 0.7786
vn 0.2999 0.7715 0.5611
vn 0.3651 -0.6326 0.6831
vn 0.3651 0.6326 0.6831
vn 0.2999 -0.7715 0.5611
vn 0.4162 0.4696 0.7786
vn 0.2230 -0.8810 0.4173
vn 0.2563 -0.4696 0.8448
vn 0.1847 0.7715 0.6088
vn 0.2248 -0.6326 0.7412
vn 0.2248 0.6326 0.7412
vn 0.1847 -0.7715 0.6088
vn 0.2563 0.4696 0.8448
vn 0.1373 -0.8810 0.4528
vn 0.2779 0.2890 0.9161
vn 0.0846 -0.9565 0.2790
vn 0.2889 0.0975 0.9524
vn 0.0286 0.9951 0.0942
vn 0.0286 -0.9951 0.0942
vn 0.2889 -0.0976 0.9524
vn 0.0846 0.9566 0.2790
vn 0.2779 -0.2890 0.9161
vn 0.1374 0.8810 0.4528
vn 0.0286 -0.9565 0.2902
vn 0.0975 0.0976 0.9904
vn 0.0097 0.9951 0.0980
vn 0.0097 -0.9951 0.0980
vn 0.0976 -0.0975 0.9904
vn 0.0286 0.9566 0.2902
vn 0.0938 -0.2890 0.9527
vn 0.0464 0.8810 0.4709
vn 0.0865 -0.4696 0.8786
vn 0.0624 0.7715 0.6332
vn 0.0759 -0.6326 0.7708
vn 0.0759 0.6326 0.7708
vn 0.0624 -0.7715 0.6332
vn 0.0865 0.4696 0.8786
vn 0.0464 -0.8810 0.4709
vn 0.0938 0.2890 0.9527
vn -0.0624 0.7715 0.6332
vn -0.0759 -0.6326 0.7708
vn -0.0759 0.6326 0.7708
vn -0.0624 -0.7715 0.6332
vn -0.0865 0.4696 0.8786
vn -0.0464 -0.8810 0.4709
vn -0.0938 0.2890 0.9527
vn -0.0286 -0.9565 0.2902
vn -0.0975 0.0976 0.9904
vn -0.0097 0.9951 0.0980
vn -0.0097 -0.9951 0.0980
vn -0.0976 -0.0975 0.9904
vn -0.0286 0.9565 0.2902
vn -0.0938 -0.2890 0.9527
vn -0.0464 0.8810 0.4709
vn -0.0865 -0.4696 0.8786
vn -0.2889 0.0975 0.9524
vn -0.0286 0.9951 0.0942
vn -0.0286 -0.9951 0.0942
vn -0.2889 -0.0976 0.9524
vn -0.0846 0.9565 0.2790
vn -0.2779 -0.2890 0.9161
vn -0.1374 0.8810 0.4528
vn -0.2563 -0.4696 0.8448
vn -0.1847 0.7715 0.6088
vn -0.2248 -0.6326 0.7412
vn -0.2248 0.6326 0.7412
vn -0.1847 -0.7715 0.6088
vn -0.2563 0.4696 0.8448
vn -0.1373 -0.8810 0.4528
vn -0.2779 0.2890 0.9161
vn -0.0846 -0.9565 0.2790
vn -0.3651 -0.6326 0.6831
vn -0.3651 0.6326 0.6831
vn -0.2999 -0.7715 0.5611
vn -0.4162 0.4696 0.7786
vn -0.2231 -0.8810 0.4173
vn -0.4513 0.2890 0.8443
vn -0.1374 -0.9566 0.2571
vn -0.4692 0.0975 0.8777
vn -0.0464 0.9951 0.0869
vn -0.0464 -0.9951 0.0869
vn -0.4691 -0.0975 0.8777
vn -0.1374 0.9566 0.2571
vn -0.4513 -0.2890 0.8443
vn -0.2231 0.8810 0.4173
vn -0.4162 -0.4696 0.7786
vn -0.2999 0.7715 0.5611
vn -0.0625 -0.9951 0.0761
vn -0.6314 -0.0975 0.7693
vn -0.1850 0.9565 0.2254
vn -0.6073 -0.2890 0.7400
vn -0.3002 0.8810 0.3658
vn -0.5601 -0.4696 0.6825
vn -0.4036 0.7715 0.4918
vn -0.4913 -0.6326 0.5987
vn -0.4913 0.6326 0.5987
vn -0.4036 -0.7715 0.4918
vn -0.5601 0.4696 0.6825
vn -0.3002 -0.8810 0.3658
vn -0.6073 0.2890 0.7400
vn -0.1850 -0.9566 0.2254
vn -0.6314 0.0975 0.7693
vn -0.0625 0.9951 0.0761
vn -0.4918 -0.7715 0.4036
vn -0.6825 0.4696 0.5601
vn -0.3658 -0.8810 0.3002
vn -0.7400 0.2890 0.6073
vn -0.2254 -0.9566 0.1850
vn -0.7693 0.0976 0.6314
vn -0.0761 0.9951 0.0625
vn -0.0761 -0.9951 0.0625
vn -0.7693 -0.0976 0.6314
vn -0.2254 0.9566 0.1850
vn -0.7400 -0.2890 0.6073
vn -0.3658 0.8810 0.3002
vn -0.6825 -0.4696 0.5601
vn -0.4918 0.7715 0.4036
vn -0.5987 -0.6326 0.4913
vn -0.5987 0.6326 0.4913
vn -0.2571 0.9565 0.1374
vn -0.8443 -0.2890 0.4513
vn -0.4173 0.8810 0.2231
vn -0.7786 -0.4696 0.4162
vn -0.5611 0.7715 0.2999
vn -0.6831 -0.6326 0.3651
vn -0.6831 0.6326 0.3651
vn -0.5611 -0.7715 0.2999
vn -0.7786 0.4696 0.4162
vn -0.4173 -0.8810 0.2230
vn -0.8443 0.2890 0.4513
vn -0.2571 -0.9565 0.1374
vn -0.8777 0.0976 0.4691
vn -0.0869 0.9951 0.0464
vn -0.0869 -0.9951 0.0464
vn -0.8777 -0.0975 0.4691
vn -0.8448 0.4696 0.2563
vn -0.4528 -0.8810 0.1374
vn -0.9161 0.2890 0.2779
vn -0.2790 -0.9566 0.0846
vn -0.9524 0.0976 0.2889
vn -0.0942 0.9951 0.0286
vn -0.0942 -0.9951 0.0286
vn -0.9524 -0.0976 0.2889
vn -0.2790 0.9566 0.0846
vn -0.9161 -0.2890 0.2779
vn -0.4528 0.8810 0.1374
vn -0.8448 -0.4696 0.2563
vn -0.6088 0.7715 0.1847
vn -0.7412 -0.6326 0.2248
vn -0.7412 0.6326 0.2248
vn -0.6088 -0.7715 0.1847
vn -0.9527 -0.2890 0.0938
vn -0.4709 0.8810 0.0464
vn -0.8786 -0.4696 0.0865
vn -0.6332 0.7715 0.0624
vn -0.7708 -0.6326 0.0759
vn -0.7708 0.6326 0.0759
vn -0.6332 -0.7715 0.0624
vn -0.8786 0.4696 0.0865
vn -0.4709 -0.8810 0.0464
vn -0.9527 0.2890 0.0938
vn -0.2902 -0.9565 0.0286
vn -0.9906 0.0975 0.0963
vn -0.0980 0.9951 0.0097
vn -0.0980 -0.9951 0.0097
vn -0.9906 -0.0963 0.0976
vn -0.2902 0.9565 0.0286
vn 0.4714 -0.8819 -0.0000
vn 0.9569 0.2903 -0.0000
vn -0.8819 -0.4714 0.0000
vn 0.0980 -0.9952 -0.0000
vn 0.9952 0.0980 -0.0000
vn -0.7730 -0.6344 0.0000
vn 0.9952 -0.0980 -0.0000
vn -0.6344 -0.7730 0.0000
vn -0.4714 -0.8819 0.0000
vn -0.2903 -0.9569 0.0000
vn -0.2903 0.9569 0.0000
vn -0.4714 0.8819 0.0000
vn -0.6344 0.7730 0.0000
vn 0.8819 -0.4714 -0.0000
vn -0.7730 0.6344 0.0000
vn 0.7730 -0.6344 -0.0000
vn 0.2903 0.9569 -0.0000
vn -0.0980 0.9952 0.0000
vn -0.8819 0.4714 0.0000
vn 0.2903 -0.9569 -0.0000
vn 0.4714 0.8819 -0.0000
vn -0.0980 -0.9952 0.0000
vn -0.9569 0.2903 0.0000
vn 0.0980 0.9952 0.0000
vn 0.6344 0.7730 -0.0000
vn -0.9953 0.0968 0.0000
vn 0.9569 -0.2903 -0.0000
vn 0.7730 0.6344 -0.0000
vn -0.9953 -0.0968 0.0000
vn 0.8819 0.4714 -0.0000
vn 0.6344 -0.7730 -0.0000
vn -0.9569 -0.2903 0.0000
vn 0.9527 0.2890 -0.0938
vn 0.2902 -0.9565 -0.0286
vn 0.9904 0.0976 -0.0975
vn 0.0980 0.9951 -0.0097
vn 0.0980 -0.9951 -0.0097
vn 0.9904 -0.0976 -0.0975
vn 0.2902 0.9565 -0.0286
vn 0.9527 -0.2890 -0.0938
vn 0.4709 0.8810 -0.0464
vn 0.8786 -0.4696 -0.0865
vn 0.6332 0.7715 -0.0624
vn 0.7708 -0.6326 -0.0759
vn 0.7708 0.6326 -0.0759
vn 0.6332 -0.7715 -0.0624
vn 0.8786 0.4696 -0.0865
vn 0.4709 -0.8810 -0.0464
vn 0.6088 -0.7715 -0.1847
vn 0.8448 0.4696 -0.2563
vn 0.4528 -0.8810 -0.1374
vn 0.9161 0.2890 -0.2779
vn 0.2790 -0.9565 -0.0846
vn 0.9524 0.0975 -0.2889
vn 0.0942 0.9951 -0.0286
vn 0.0942 -0.9951 -0.0286
vn 0.9524 -0.0975 -0.2889
vn 0.2790 0.9566 -0.0846
vn 0.9161 -0.2890 -0.2779
vn 0.4528 0.8810 -0.1374
vn 0.8448 -0.4696 -0.2563
vn 0.6088 0.7715 -0.1847
vn 0.7412 -0.6326 -0.2248
vn 0.7412 0.6326 -0.2248
vn 0.8443 -0.2890 -0.4513
vn 0.4173 0.8810 -0.2231
vn 0.7786 -0.4696 -0.4162
vn 0.5611 0.7715 -0.2999
vn 0.6831 -0.6326 -0.3651
vn 0.6831 0.6326 -0.3651
vn 0.5611 -0.7715 -0.2999
vn 0.7786 0.4696 -0.4162
vn 0.4173 -0.8810 -0.2230
vn 0.8443 0.2890 -0.4513
vn 0.2571 -0.9565 -0.1374
vn 0.8777 0.0975 -0.4691
vn 0.0869 0.9951 -0.0464
vn 0.0869 -0.9951 -0.0464
vn 0.8777 -0.0975 -0.4691
vn 0.2571 0.9566 -0.1374
vn 0.3658 -0.8810 -0.3002
vn 0.7400 0.2890 -0.6073
vn 0.2254 -0.9565 -0.1850
vn 0.7693 0.0975 -0.6314
vn 0.0761 0.9951 -0.0625
vn 0.0761 -0.9951 -0.0625
vn 0.7693 -0.0975 -0.6314
vn 0.2254 0.9566 -0.1850
vn 0.7400 -0.2890 -0.6073
vn 0.3658 0.8810 -0.3002
vn 0.6825 -0.4696 -0.5601
vn 0.4918 0.7715 -0.4036
vn 0.5987 -0.6326 -0.4913
vn 0.5987 0.6326 -0.4913
vn 0.4918 -0.7715 -0.4036
vn 0.6825 0.4696 -0.5601
vn 0.3002 0.8810 -0.3658
vn 0.5601 -0.4696 -0.6825
vn 0.4036 0.7715 -0.4918
vn 0.4913 -0.6326 -0.5987
vn 0.4913 0.6326 -0.5987
vn 0.4036 -0.7715 -0.4918
vn 0.5601 0.4696 -0.6825
vn 0.3002 -0.8810 -0.3658
vn 0.6073 0.2890 -0.7400
vn 0.1850 -0.9565 -0.2254
vn 0.6314 0.0975 -0.7693
vn 0.0625 0.9951 -0.0761
vn 0.0625 -0.9951 -0.0761
vn 0.6314 -0.0975 -0.7693
vn 0.1850 0.9565 -0.2254
vn 0.6073 -0.2890 -0.7400
vn 0.4513 0.2890 -0.8443
vn 0.1374 -0.9565 -0.2571
vn 0.4691 0.0976 -0.8777
vn 0.0464 0.9951 -0.0869
vn 0.0464 -0.9951 -0.0869
vn 0.4691 -0.0976 -0.8777
vn 0.1374 0.9566 -0.2571
vn 0.4513 -0.2890 -0.8443
vn 0.2230 0.8810 -0.4173
vn 0.4162 -0.4696 -0.7786
vn 0.2999 0.7715 -0.5611
vn 0.3651 -0.6326 -0.6831
vn 0.3651 0.6326 -0.6831
vn 0.2999 -0.7715 -0.5611
vn 0.4162 0.4696 -0.7786
vn 0.2230 -0.8810 -0.4173
vn 0.2563 -0.4696 -0.8448
vn 0.1847 0.7715 -0.6088
vn 0.2248 -0.6326 -0.7412
vn 0.2248 0.6326 -0.7412
vn 0.1847 -0.7715 -0.6088
vn 0.2563 0.4696 -0.8448
vn 0.1374 -0.8810 -0.4528
vn 0.2779 0.2890 -0.9161
vn 0.0846 -0.9565 -0.2790
vn 0.2889 0.0975 -0.9524
vn 0.0286 0.9951 -0.0942
vn 0.0286 -0.9951 -0.0942
vn 0.2889 -0.0975 -0.9524
vn 0.0846 0.9566 -0.2790
vn 0.2779 -0.2890 -0.9161
vn 0.1374 0.8810 -0.4528
vn 0.0286 -0.9566 -0.2902
vn 0.0975 0.0976 -0.9904
vn 0.0097 0.9951 -0.0980
vn 0.0097 -0.9951 -0.0980
vn 0.0975 -0.0976 -0.9904
vn 0.0286 0.9566 -0.2902
vn 0.0938 -0.2890 -0.9527
vn 0.0464 0.8810 -0.4709
vn 0.0865 -0.4696 -0.8786
vn 0.0624 0.7715 -0.6332
vn 0.0759 -0.6326 -0.7708
vn 0.0759 0.6326 -0.7708
vn 0.0624 -0.7715 -0.6332
vn 0.0865 0.4696 -0.8786
vn 0.0464 -0.8810 -0.4709
vn 0.0938 0.2890 -0.9527
vn -0.0624 0.7715 -0.6332
vn -0.0759 -0.6326 -0.7708
vn -0.0759 0.6326 -0.7708
vn -0.0624 -0.7715 -0.6332
vn -0.0865 0.4696 -0.8786
vn -0.0464 -0.8810 -0.4709
vn -0.0938 0.2890 -0.9527
vn -0.0286 -0.9565 -0.2902
vn -0.0976 0.0975 -0.9904
vn -0.0097 0.9951 -0.0980
vn -0.0097 -0.9951 -0.0980
vn -0.0976 -0.0975 -0.9904
vn -0.0286 0.9566 -0.2902
vn -0.0938 -0.2890 -0.9527
vn -0.0464 0.8810 -0.4709
vn -0.0865 -0.4696 -0.8786
vn -0.2889 0.0976 -0.9524
vn -0.0286 0.9951 -0.0942
vn -0.0286 -0.9951 -0.0942
vn -0.2889 -0.0976 -0.9524
vn -0.0846 0.9565 -0.2790
vn -0.2779 -0.2890 -0.9161
vn -0.1374 0.8810 -0.4528
vn -0.2563 -0.4696 -0.8448
vn -0.1847 0.7715 -0.6088
vn -0.2248 -0.6326 -0.7412
vn -0.2248 0.6326 -0.7412
vn -0.1847 -0.7715 -0.6088
vn -0.2563 0.4696 -0.8448
vn -0.1374 -0.8810 -0.4528
vn -0.2779 0.2890 -0.9161
vn -0.0846 -0.9565 -0.2790
vn -0.3651 -0.6326 -0.6831
vn -0.3651 0.6326 -0.6831
vn -0.2999 -0.7715 -0.5611
vn -0.4162 0.4696 -0.7786
vn -0.2230 -0.8810 -0.4173
vn -0.4513 0.2890 -0.8443
vn -0.1374 -0.9565 -0.2571
vn -0.4691 0.0975 -0.8777
vn -0.0464 0.9951 -0.0869
vn -0.0464 -0.9951 -0.0869
vn -0.4692 -0.0975 -0.8777
vn -0.1374 0.9565 -0.2571
vn -0.4513 -0.2890 -0.8443
vn -0.2230 0.8810 -0.4173
vn -0.4162 -0.4696 -0.7786
vn -0.2999 0.7715 -0.5611
vn -0.0625 -0.9951 -0.0761
vn -0.6314 -0.0975 -0.7693
vn -0.1850 0.9566 -0.2254
vn -0.6073 -0.2890 -0.7400
vn -0.3002 0.8810 -0.3658
vn -0.5601 -0.4696 -0.6825
vn -0.4036 0.7715 -0.4918
vn -0.4913 -0.6326 -0.5987
vn -0.4913 0.6326 -0.5987
vn -0.4036 -0.7715 -0.4918
vn -0.5601 0.4696 -0.6825
vn -0.3002 -0.8810 -0.3658
vn -0.6073 0.2890 -0.7400
vn -0.1850 -0.9565 -0.2254
vn -0.6314 0.0976 -0.7693
vn -0.0625 0.9951 -0.0761
vn -0.4918 -0.7715 -0.4036
vn -0.6825 0.4696 -0.5601
vn -0.3658 -0.8810 -0.3002
vn -0.7400 0.2890 -0.6073
vn -0.2254 -0.9565 -0.1850
vn -0.7693 0.0976 -0.6314
vn -0.0761 0.9951 -0.0625
vn -0.0761 -0.9951 -0.0625
vn -0.7693 -0.0976 -0.6314
vn -0.2254 0.9565 -0.1850
vn -0.7400 -0.2890 -0.6073
vn -0.3658 0.8810 -0.3002
vn -0.6825 -0.4696 -0.5601
vn -0.4918 0.7715 -0.4036
vn -0.5987 -0.6326 -0.4913
vn -0.5987 0.6326 -0.4913
vn -0.2571 0.9565 -0.1374
vn -0.8443 -0.2890 -0.4513
vn -0.4173 0.8810 -0.2230
vn -0.7786 -0.4696 -0.4162
vn -0.5611 0.7715 -0.2999
vn -0.6831 -0.6326 -0.3651
vn -0.6831 0.6326 -0.3651
vn -0.5611 -0.7715 -0.2999
vn -0.7786 0.4696 -0.4162
vn -0.4173 -0.8810 -0.2231
vn -0.8443 0.2890 -0.4513
vn -0.2571 -0.9565 -0.1374
vn -0.8777 0.0975 -0.4691
vn -0.0869 0.9951 -0.0464
vn -0.0869 -0.9951 -0.0464
vn -0.8777 -0.0975 -0.4691
vn -0.8448 0.4696 -0.2563
vn -0.4528 -0.8810 -0.1374
vn -0.9161 0.2890 -0.2779
vn -0.2790 -0.9565 -0.0846
vn -0.9524 0.0976 -0.2889
vn -0.0942 0.9951 -0.0286
vn -0.0942 -0.9951 -0.0286
vn -0.9524 -0.0976 -0.2889
vn -0.2790 0.9565 -0.0846
vn -0.9161 -0.2890 -0.2779
vn -0.4528 0.8810 -0.1374
vn -0.8448 -0.4696 -0.2563
vn -0.6088 0.7715 -0.1847
vn -0.7412 -0.6326 -0.2248
vn -0.7412 0.6326 -0.2248
vn -0.6088 -0.7715 -0.1847
vn -0.9527 -0.2890 -0.0938
vn -0.4709 0.8810 -0.0464
vn -0.8786 -0.4696 -0.0865
vn -0.6332 0.7715 -0.0624
vn -0.7708 -0.6326 -0.0759
vn -0.7708 0.6326 -0.0759
vn -0.6332 -0.7715 -0.0624
vn -0.8786 0.4696 -0.0865
vn -0.4709 -0.8810 -0.0464
vn -0.9527 0.2890 -0.0938
vn -0.2902 -0.9565 -0.0286
vn -0.9906 0.0975 -0.0963
vn -0.0980 0.9951 -0.0097
vn -0.0980 -0.9951 -0.0097
vn -0.9906 -0.0975 -0.0963
vn -0.2902 0.9565 -0.0286
vn -0.9904 0.0975 0.0975
vn -0.9904 -0.0975 0.0975
vn -0.9524 0.0975 0.2889
vn -0.9524 -0.0975 0.2889
vn -0.8777 0.0975 0.4691
vn -0.2254 -0.9565 0.1850
vn -0.7693 0.0975 0.6314
vn -0.7693 -0.0975 0.6314
vn -0.2254 0.9565 0.1850
vn -0.1850 -0.9565 0.2254
vn -0.1850 0.9566 0.2254
vn -0.1374 -0.9565 0.2571
vn -0.4692 -0.0975 0.8777
vn -0.2230 -0.8810 0.4173
vn -0.1374 -0.8810 0.4528
vn -0.2889 -0.0975 0.9524
vn -0.0846 0.9566 0.2790
vn -0.0975 -0.0976 0.9904
vn -0.0286 0.9566 0.2902
vn 0.0976 0.0975 0.9904
vn 0.2889 0.0976 0.9524
vn 0.0846 0.9565 0.2790
vn 0.1373 0.8810 0.4528
vn 0.1374 -0.9565 0.2571
vn 0.4691 0.0975 0.8777
vn 0.4691 -0.0975 0.8777
vn 0.2230 0.8810 0.4173
vn 0.1850 0.9565 0.2254
vn 0.7693 0.0976 0.6314
vn 0.9524 0.0976 0.2889
vn 0.9524 -0.0976 0.2889
vn 0.2790 0.9565 0.0846
vn 0.9906 0.0975 0.0963
vn 0.9906 -0.0975 0.0963
vn -0.9952 0.0980 -0.0000
vn -0.9952 -0.0980 -0.0000
vn 0.9953 0.0968 -0.0000
vn 0.9953 -0.0968 0.0000
vn -0.9904 0.0975 -0.0976
vn -0.9904 -0.0976 -0.0975
vn -0.9524 0.0975 -0.2889
vn -0.9524 -0.0975 -0.2889
vn -0.4173 0.8810 -0.2231
vn -0.4173 -0.8810 -0.2230
vn -0.2571 0.9566 -0.1374
vn -0.2254 -0.9566 -0.1850
vn -0.7693 0.0975 -0.6314
vn -0.7693 -0.0975 -0.6314
vn -0.4691 0.0976 -0.8777
vn -0.4691 -0.0976 -0.8777
vn -0.1374 0.9566 -0.2571
vn -0.2889 0.0975 -0.9524
vn -0.0846 0.9566 -0.2790
vn -0.0975 0.0976 -0.9904
vn 0.0976 -0.0975 -0.9904
vn 0.0286 0.9565 -0.2902
vn 0.2889 -0.0976 -0.9524
vn 0.4692 -0.0975 -0.8777
vn 0.1374 0.9565 -0.2571
vn 0.6314 -0.0976 -0.7693
vn 0.1850 0.9566 -0.2254
vn 0.6314 0.0976 -0.7693
vn 0.7693 0.0976 -0.6314
vn 0.7693 -0.0976 -0.6314
vn 0.2571 0.9565 -0.1374
vn 0.8777 0.0976 -0.4691
vn 0.9524 0.0976 -0.2889
vn 0.9524 -0.0976 -0.2889
vn 0.2790 0.9565 -0.0846
vn 0.9906 0.0975 -0.0963
vn 0.9906 -0.0963 -0.0976
vn -1.0000 -0.0000 0.0000
vn 0.0000 0.0000 -1.0000
vn 1.0000 -0.0000 -0.0000
vn 0.0000 -1.0000 -0.0000
vn 0.0000 1.0000 -0.0000
vn 0.0000 0.5133 0.8582
vn 0.0000 -0.5133 -0.8582
vn 0.0000 0.0000 1.0000
vn 0.0000 -0.8545 -0.5195
vn 0.0000 -0.5057 0.8627
vn 0.0000 0.4216 0.9068
vn 0.0000 -0.4216 -0.9068
vn 0.7320 0.6813 0.0000
vn 0.7320 -0.6813 0.0000
vn -0.7320 0.6813 0.0000
vn -0.7320 -0.6813 0.0000
vn 0.7329 -0.6804 0.0000
vn -0.0054 1.0000 0.0000
vn -0.0054 -1.0000 0.0000
vn 0.7329 0.6804 0.0000
vn 0.0003 0.0000 1.0000
vn 0.0000 -0.0008 1.0000
vn 0.0003 0.0003 1.0000
vn 0.7328 0.6804 0.0000
vn -0.0050 1.0000 0.0000
vn 0.7328 -0.6804 -0.0000
vn -0.0050 -1.0000 0.0000
vn -0.7329 -0.6804 0.0000
vn 0.0054 1.0000 0.0000
vn 0.0054 -1.0000 0.0000
vn -0.7329 0.6804 0.0000
vn -0.0003 0.0000 1.0000
vn -0.0003 -0.0003 1.0000
vn -0.0003 0.0003 1.0000
vn -0.7328 0.6804 0.0000
vn 0.0050 1.0000 0.0000
vn -0.7328 -0.6804 0.0000
vn 0.0050 -1.0000 0.0000
vn 0.9904 0.0976 0.0975
vn 0.9904 -0.0975 0.0976
vn 0.8449 -0.4696 0.2563
vn 0.4173 0.8810 0.2230
vn 0.2571 -0.9566 0.1374
vn 0.2254 -0.9565 0.1850
vn 0.7693 -0.0975 0.6314
vn 0.1375 0.9565 0.2571
vn 0.1374 -0.8810 0.4528
vn 0.2889 -0.0975 0.9524
vn 0.0975 -0.0976 0.9904
vn 0.0286 0.9565 0.2902
vn -0.0976 0.0975 0.9904
vn -0.2889 0.0976 0.9524
vn -0.1373 0.8810 0.4528
vn -0.4691 0.0975 0.8777
vn -0.1375 0.9565 0.2571
vn -0.2230 0.8810 0.4173
vn -0.6314 -0.0976 0.7693
vn -0.6314 0.0976 0.7693
vn -0.2571 0.9566 0.1374
vn -0.2571 -0.9566 0.1374
vn -0.8777 -0.0976 0.4691
vn -0.2790 0.9565 0.0846
vn -0.9906 0.0963 0.0976
vn -0.9906 -0.0975 0.0963
vn 0.9904 0.0975 -0.0976
vn 0.9904 -0.0975 -0.0976
vn 0.2902 0.9566 -0.0286
vn 0.4173 0.8810 -0.2230
vn 0.2254 0.9565 -0.1850
vn 0.4692 0.0975 -0.8777
vn 0.4691 -0.0975 -0.8777
vn 0.2889 0.0976 -0.9524
vn 0.0846 0.9565 -0.2790
vn 0.0286 -0.9565 -0.2902
vn 0.0976 0.0975 -0.9904
vn -0.0286 -0.9566 -0.2902
vn -0.0975 -0.0976 -0.9904
vn -0.0286 0.9565 -0.2902
vn -0.2889 -0.0975 -0.9524
vn -0.4691 -0.0975 -0.8777
vn -0.6314 -0.0976 -0.7693
vn -0.2254 0.9566 -0.1850
vn -0.8777 0.0976 -0.4691
vn -0.8777 -0.0976 -0.4692
vn -0.9906 0.0963 -0.0976
vn -0.9906 -0.0963 -0.0976
vn -0.2902 0.9566 -0.0286
vn -0.9904 0.0975 0.0976
vn -0.9904 -0.0975 0.0976
vn -0.4173 0.8810 0.2230
vn -0.0846 -0.9566 0.2790
vn 0.0286 -0.9566 0.2902
vn 0.2231 -0.8810 0.4173
vn 0.6314 -0.0976 0.7693
vn 0.6314 0.0976 0.7693
vn 0.2571 0.9566 0.1374
vn 0.8777 0.0976 0.4691
vn 0.8777 -0.0976 0.4691
vn 0.9906 0.0963 0.0976
vn 0.9906 -0.0963 0.0976
vn -0.9904 0.0976 -0.0975
vn -0.9904 -0.0975 -0.0976
vn -0.2790 0.9566 -0.0846
vn -0.6314 0.0975 -0.7693
vn -0.1850 0.9565 -0.2254
vn 0.4691 0.0975 -0.8777
vn 0.4173 -0.8810 -0.2231
vn 0.8777 -0.0976 -0.4692
vn 0.9906 0.0963 -0.0976
vn 0.9906 -0.0975 -0.0963
vn 0.0003 -0.0003 1.0000
vn 0.0000 0.0008 1.0000
s off
f 7//1 16//1 17//1
f 255//2 25//2 256//2
f 8//3 17//3 18//3
f 1//4 251//4 11//4
f 206//5 256//5 25//5
f 8//6 19//6 9//6
f 2//7 11//7 12//7
f 9//8 20//8 252//8
f 3//9 12//9 13//9
f 252//10 21//10 253//10
f 4//11 13//11 14//11
f 253//12 22//12 254//12
f 4//13 15//13 5//13
f 254//14 23//14 10//14
f 5//15 16//15 6//15
f 10//16 24//16 255//16
f 23//17 37//17 38//17
f 15//18 31//18 16//18
f 23//19 39//19 24//19
f 16//20 32//20 17//20
f 24//21 40//21 25//21
f 18//22 32//22 33//22
f 11//23 251//23 26//23
f 206//24 25//24 40//24
f 18//25 34//25 19//25
f 12//26 26//26 27//26
f 20//27 34//27 35//27
f 12//28 28//28 13//28
f 21//29 35//29 36//29
f 13//30 29//30 14//30
f 22//31 36//31 37//31
f 14//32 30//32 15//32
f 35//33 49//33 50//33
f 27//34 43//34 28//34
f 35//35 51//35 36//35
f 29//36 43//36 44//36
f 37//37 51//37 52//37
f 30//38 44//38 45//38
f 37//39 53//39 38//39
f 31//40 45//40 46//40
f 38//41 54//41 39//41
f 31//42 47//42 32//42
f 39//43 55//43 40//43
f 33//44 47//44 48//44
f 26//45 251//45 41//45
f 206//46 40//46 55//46
f 33//47 49//47 34//47
f 26//48 42//48 27//48
f 53//49 69//49 54//49
f 46//50 62//50 47//50
f 55//51 69//51 70//51
f 47//52 63//52 48//52
f 41//53 251//53 56//53
f 206//54 55//54 70//54
f 48//55 64//55 49//55
f 42//56 56//56 57//56
f 50//57 64//57 65//57
f 43//58 57//58 58//58
f 50//59 66//59 51//59
f 43//60 59//60 44//60
f 52//61 66//61 67//61
f 44//62 60//62 45//62
f 53//63 67//63 68//63
f 46//64 60//64 61//64
f 58//65 72//65 73//65
f 66//66 80//66 81//66
f 58//67 74//67 59//67
f 66//68 82//68 67//68
f 60//69 74//69 75//69
f 68//70 82//70 83//70
f 60//71 76//71 61//71
f 68//72 84//72 69//72
f 62//73 76//73 77//73
f 69//74 85//74 70//74
f 63//75 77//75 78//75
f 56//76 251//76 71//76
f 206//77 70//77 85//77
f 63//78 79//78 64//78
f 56//79 72//79 57//79
f 64//80 80//80 65//80
f 77//81 91//81 92//81
f 85//82 99//82 100//82
f 77//83 93//83 78//83
f 71//84 251//84 86//84
f 206//85 85//85 100//85
f 78//86 94//86 79//86
f 71//87 87//87 72//87
f 79//88 95//88 80//88
f 72//89 88//89 73//89
f 81//90 95//90 96//90
f 73//91 89//91 74//91
f 81//92 97//92 82//92
f 74//93 90//93 75//93
f 83//94 97//94 98//94
f 75//95 91//95 76//95
f 84//96 98//96 99//96
f 96//97 110//97 111//97
f 88//98 104//98 89//98
f 96//99 112//99 97//99
f 89//100 105//100 90//100
f 98//101 112//101 113//101
f 90//102 106//102 91//102
f 99//103 113//103 114//103
f 92//104 106//104 107//104
f 100//105 114//105 115//105
f 92//106 108//106 93//106
f 86//107 251//107 101//107
f 206//108 100//108 115//108
f 94//109 108//109 109//109
f 86//110 102//110 87//110
f 94//111 110//111 95//111
f 87//112 103//112 88//112
f 114//113 130//113 115//113
f 107//114 123//114 108//114
f 101//115 251//115 116//115
f 206//116 115//116 130//116
f 109//117 123//117 124//117
f 101//118 117//118 102//118
f 109//119 125//119 110//119
f 102//120 118//120 103//120
f 111//121 125//121 126//121
f 103//122 119//122 104//122
f 111//123 127//123 112//123
f 105//124 119//124 120//124
f 113//125 127//125 128//125
f 105//126 121//126 106//126
f 113//127 129//127 114//127
f 107//128 121//128 122//128
f 119//129 133//129 134//129
f 127//130 141//130 142//130
f 119//131 135//131 120//131
f 127//132 143//132 128//132
f 120//133 136//133 121//133
f 129//134 143//134 144//134
f 122//135 136//135 137//135
f 130//136 144//136 145//136
f 123//137 137//137 138//137
f 116//138 251//138 131//138
f 206//139 130//139 145//139
f 123//140 139//140 124//140
f 117//141 131//141 132//141
f 124//142 140//142 125//142
f 117//143 133//143 118//143
f 126//144 140//144 141//144
f 138//145 152//145 153//145
f 131//146 251//146 146//146
f 206//147 145//147 160//147
f 138//148 154//148 139//148
f 132//149 146//149 147//149
f 140//150 154//150 155//150
f 133//151 147//151 148//151
f 141//152 155//152 156//152
f 134//153 148//153 149//153
f 141//154 157//154 142//154
f 134//155 150//155 135//155
f 142//156 158//156 143//156
f 135//157 151//157 136//157
f 143//158 159//158 144//158
f 136//159 152//159 137//159
f 144//160 160//160 145//160
f 157//161 171//161 172//161
f 149//162 165//162 150//162
f 157//163 173//163 158//163
f 150//164 166//164 151//164
f 159//165 173//165 174//165
f 151//166 167//166 152//166
f 159//167 175//167 160//167
f 153//168 167//168 168//168
f 146//169 251//169 161//169
f 206//170 160//170 175//170
f 153//171 169//171 154//171
f 146//172 162//172 147//172
f 155//173 169//173 170//173
f 148//174 162//174 163//174
f 155//175 171//175 156//175
f 149//176 163//176 164//176
f 206//177 175//177 190//177
f 168//178 184//178 169//178
f 161//179 177//179 162//179
f 169//180 185//180 170//180
f 162//181 178//181 163//181
f 171//182 185//182 186//182
f 164//183 178//183 179//183
f 171//184 187//184 172//184
f 165//185 179//185 180//185
f 172//186 188//186 173//186
f 165//187 181//187 166//187
f 173//188 189//188 174//188
f 167//189 181//189 182//189
f 175//190 189//190 190//190
f 167//191 183//191 168//191
f 161//192 251//192 176//192
f 187//193 203//193 188//193
f 181//194 195//194 196//194
f 189//195 203//195 204//195
f 182//196 196//196 197//196
f 189//197 205//197 190//197
f 182//198 198//198 183//198
f 176//199 251//199 191//199
f 206//200 190//200 205//200
f 183//201 199//201 184//201
f 177//202 191//202 192//202
f 184//203 200//203 185//203
f 177//204 193//204 178//204
f 185//205 201//205 186//205
f 179//206 193//206 194//206
f 186//207 202//207 187//207
f 179//208 195//208 180//208
f 191//209 208//209 192//209
f 199//210 216//210 200//210
f 193//211 208//211 209//211
f 200//212 217//212 201//212
f 193//213 210//213 194//213
f 202//214 217//214 218//214
f 194//215 211//215 195//215
f 203//216 218//216 219//216
f 195//217 212//217 196//217
f 204//218 219//218 220//218
f 196//219 213//219 197//219
f 205//220 220//220 221//220
f 198//221 213//221 214//221
f 191//222 251//222 207//222
f 206//223 205//223 221//223
f 198//224 215//224 199//224
f 211//225 227//225 212//225
f 220//226 234//226 235//226
f 213//227 227//227 228//227
f 220//228 236//228 221//228
f 213//229 229//229 214//229
f 207//230 251//230 222//230
f 206//231 221//231 236//231
f 215//232 229//232 230//232
f 208//233 222//233 223//233
f 215//234 231//234 216//234
f 208//235 224//235 209//235
f 217//236 231//236 232//236
f 209//237 225//237 210//237
f 218//238 232//238 233//238
f 210//239 226//239 211//239
f 218//240 234//240 219//240
f 230//241 245//241 231//241
f 223//242 239//242 224//242
f 232//243 245//243 246//243
f 225//244 239//244 240//244
f 232//245 247//245 233//245
f 226//246 240//246 241//246
f 234//247 247//247 248//247
f 226//248 242//248 227//248
f 235//249 248//249 249//249
f 228//250 242//250 243//250
f 235//251 250//251 236//251
f 228//252 787//252 229//252
f 222//253 251//253 237//253
f 206//254 236//254 250//254
f 230//255 787//255 244//255
f 222//256 238//256 223//256
f 255//257 522//257 10//257
f 7//258 518//258 6//258
f 246//259 532//259 533//259
f 206//260 543//260 256//260
f 8//261 519//261 7//261
f 246//262 534//262 247//262
f 9//263 520//263 8//263
f 247//264 535//264 248//264
f 248//265 536//265 249//265
f 249//266 537//266 250//266
f 237//267 525//267 238//267
f 238//268 526//268 239//268
f 239//269 527//269 240//269
f 252//270 540//270 539//270
f 241//271 527//271 528//271
f 254//272 540//272 253//272
f 2//273 513//273 1//273
f 251//274 524//274 237//274
f 241//275 529//275 242//275
f 256//276 542//276 255//276
f 3//277 514//277 2//277
f 250//278 523//278 206//278
f 242//279 530//279 243//279
f 1//280 538//280 251//280
f 4//281 515//281 3//281
f 243//282 1076//282 787//282
f 252//283 521//283 9//283
f 5//284 516//284 4//284
f 787//285 531//285 244//285
f 6//286 517//286 5//286
f 10//287 541//287 254//287
f 244//288 532//288 245//288
f 263//289 272//289 262//289
f 281//290 511//290 512//290
f 264//291 273//291 263//291
f 257//292 267//292 507//292
f 462//293 281//293 512//293
f 275//294 264//294 265//294
f 258//295 267//295 257//295
f 276//296 265//296 508//296
f 259//297 268//297 258//297
f 277//298 508//298 509//298
f 260//299 269//299 259//299
f 278//300 509//300 510//300
f 271//301 260//301 261//301
f 279//302 510//302 266//302
f 272//303 261//303 262//303
f 280//304 266//304 511//304
f 294//305 278//305 279//305
f 287//306 271//306 272//306
f 295//307 279//307 280//307
f 288//308 272//308 273//308
f 296//309 280//309 281//309
f 274//310 288//310 273//310
f 267//311 282//311 507//311
f 462//312 296//312 281//312
f 290//313 274//313 275//313
f 268//314 282//314 267//314
f 276//315 290//315 275//315
f 284//316 268//316 269//316
f 277//317 291//317 276//317
f 285//318 269//318 270//318
f 278//319 292//319 277//319
f 286//320 270//320 271//320
f 291//321 305//321 290//321
f 299//322 283//322 284//322
f 292//323 306//323 291//323
f 285//324 299//324 284//324
f 293//325 307//325 292//325
f 301//326 285//326 286//326
f 309//327 293//327 294//327
f 287//328 301//328 286//328
f 310//329 294//329 295//329
f 303//330 287//330 288//330
f 296//331 310//331 295//331
f 289//332 303//332 288//332
f 282//333 297//333 507//333
f 462//334 311//334 296//334
f 305//335 289//335 290//335
f 298//336 282//336 283//336
f 325//337 309//337 310//337
f 318//338 302//338 303//338
f 311//339 325//339 310//339
f 304//340 318//340 303//340
f 297//341 312//341 507//341
f 462//342 326//342 311//342
f 320//343 304//343 305//343
f 298//344 312//344 297//344
f 306//345 320//345 305//345
f 299//346 313//346 298//346
f 307//347 321//347 306//347
f 315//348 299//348 300//348
f 308//349 322//349 307//349
f 316//350 300//350 301//350
f 309//351 323//351 308//351
f 302//352 316//352 301//352
f 329//353 313//353 314//353
f 322//354 336//354 321//354
f 330//355 314//355 315//355
f 323//356 337//356 322//356
f 316//357 330//357 315//357
f 324//358 338//358 323//358
f 332//359 316//359 317//359
f 340//360 324//360 325//360
f 318//361 332//361 317//361
f 341//362 325//362 326//362
f 319//363 333//363 318//363
f 312//364 327//364 507//364
f 462//365 341//365 326//365
f 335//366 319//366 320//366
f 328//367 312//367 313//367
f 336//368 320//368 321//368
f 333//369 347//369 332//369
f 341//370 355//370 340//370
f 349//371 333//371 334//371
f 327//372 342//372 507//372
f 462//373 356//373 341//373
f 350//374 334//374 335//374
f 343//375 327//375 328//375
f 351//376 335//376 336//376
f 344//377 328//377 329//377
f 337//378 351//378 336//378
f 345//379 329//379 330//379
f 353//380 337//380 338//380
f 346//381 330//381 331//381
f 339//382 353//382 338//382
f 347//383 331//383 332//383
f 340//384 354//384 339//384
f 352//385 366//385 351//385
f 345//386 359//386 344//386
f 368//387 352//387 353//387
f 346//388 360//388 345//388
f 354//389 368//389 353//389
f 362//390 346//390 347//390
f 355//391 369//391 354//391
f 348//392 362//392 347//392
f 356//393 370//393 355//393
f 364//394 348//394 349//394
f 342//395 357//395 507//395
f 462//396 371//396 356//396
f 365//397 349//397 350//397
f 358//398 342//398 343//398
f 366//399 350//399 351//399
f 359//400 343//400 344//400
f 386//401 370//401 371//401
f 379//402 363//402 364//402
f 357//403 372//403 507//403
f 462//404 386//404 371//404
f 365//405 379//405 364//405
f 373//406 357//406 358//406
f 381//407 365//407 366//407
f 374//408 358//408 359//408
f 382//409 366//409 367//409
f 375//410 359//410 360//410
f 383//411 367//411 368//411
f 376//412 360//412 361//412
f 369//413 383//413 368//413
f 377//414 361//414 362//414
f 370//415 384//415 369//415
f 363//416 377//416 362//416
f 375//417 389//417 374//417
f 398//418 382//418 383//418
f 376//419 390//419 375//419
f 399//420 383//420 384//420
f 392//421 376//421 377//421
f 385//422 399//422 384//422
f 378//423 392//423 377//423
f 386//424 400//424 385//424
f 379//425 393//425 378//425
f 372//426 387//426 507//426
f 462//427 401//427 386//427
f 395//428 379//428 380//428
f 373//429 387//429 372//429
f 396//430 380//430 381//430
f 389//431 373//431 374//431
f 382//432 396//432 381//432
f 394//433 408//433 393//433
f 387//434 402//434 507//434
f 462//435 416//435 401//435
f 410//436 394//436 395//436
f 388//437 402//437 387//437
f 396//438 410//438 395//438
f 389//439 403//439 388//439
f 397//440 411//440 396//440
f 390//441 404//441 389//441
f 398//442 412//442 397//442
f 391//443 405//443 390//443
f 414//444 398//444 399//444
f 407//445 391//445 392//445
f 415//446 399//446 400//446
f 408//447 392//447 393//447
f 416//448 400//448 401//448
f 413//449 427//449 412//449
f 421//450 405//450 406//450
f 429//451 413//451 414//451
f 407//452 421//452 406//452
f 415//453 429//453 414//453
f 423//454 407//454 408//454
f 416//455 430//455 415//455
f 424//456 408//456 409//456
f 402//457 417//457 507//457
f 462//458 431//458 416//458
f 425//459 409//459 410//459
f 418//460 402//460 403//460
f 426//461 410//461 411//461
f 404//462 418//462 403//462
f 427//463 411//463 412//463
f 405//464 419//464 404//464
f 462//465 446//465 431//465
f 440//466 424//466 425//466
f 433//467 417//467 418//467
f 441//468 425//468 426//468
f 434//469 418//469 419//469
f 427//470 441//470 426//470
f 420//471 434//471 419//471
f 428//472 442//472 427//472
f 436//473 420//473 421//473
f 444//474 428//474 429//474
f 437//475 421//475 422//475
f 445//476 429//476 430//476
f 423//477 437//477 422//477
f 431//478 445//478 430//478
f 439//479 423//479 424//479
f 417//480 432//480 507//480
f 459//481 443//481 444//481
f 437//482 451//482 436//482
f 445//483 459//483 444//483
f 438//484 452//484 437//484
f 461//485 445//485 446//485
f 454//486 438//486 439//486
f 432//487 447//487 507//487
f 462//488 461//488 446//488
f 455//489 439//489 440//489
f 448//490 432//490 433//490
f 456//491 440//491 441//491
f 449//492 433//492 434//492
f 457//493 441//493 442//493
f 435//494 449//494 434//494
f 458//495 442//495 443//495
f 451//496 435//496 436//496
f 464//497 447//497 448//497
f 472//498 455//498 456//498
f 449//499 464//499 448//499
f 473//500 456//500 457//500
f 466//501 449//501 450//501
f 458//502 473//502 457//502
f 467//503 450//503 451//503
f 459//504 474//504 458//504
f 468//505 451//505 452//505
f 460//506 475//506 459//506
f 453//507 468//507 452//507
f 477//508 460//508 461//508
f 454//509 469//509 453//509
f 447//510 463//510 507//510
f 462//511 477//511 461//511
f 471//512 454//512 455//512
f 483//513 467//513 468//513
f 476//514 490//514 475//514
f 469//515 483//515 468//515
f 492//516 476//516 477//516
f 485//517 469//517 470//517
f 463//518 478//518 507//518
f 462//519 492//519 477//519
f 471//520 485//520 470//520
f 479//521 463//521 464//521
f 487//522 471//522 472//522
f 480//523 464//523 465//523
f 473//524 487//524 472//524
f 466//525 480//525 465//525
f 474//526 488//526 473//526
f 482//527 466//527 467//527
f 475//528 489//528 474//528
f 501//529 486//529 487//529
f 495//530 479//530 480//530
f 488//531 501//531 487//531
f 496//532 480//532 481//532
f 503//533 488//533 489//533
f 482//534 496//534 481//534
f 490//535 503//535 489//535
f 498//536 482//536 483//536
f 491//537 504//537 490//537
f 484//538 498//538 483//538
f 506//539 491//539 492//539
f 1044//540 484//540 485//540
f 478//541 493//541 507//541
f 462//542 506//542 492//542
f 486//543 1044//543 485//543
f 494//544 478//544 479//544
f 522//257 511//257 266//257
f 518//258 263//258 262//258
f 502//259 532//259 501//259
f 543//260 462//260 512//260
f 519//261 264//261 263//261
f 534//262 502//262 503//262
f 520//263 265//263 264//263
f 535//264 503//264 504//264
f 536//265 504//265 505//265
f 537//266 505//266 506//266
f 525//267 493//267 494//267
f 526//268 494//268 495//268
f 527//269 495//269 496//269
f 508//270 540//270 509//270
f 497//271 527//271 496//271
f 540//272 510//272 509//272
f 513//273 258//273 257//273
f 524//274 507//274 493//274
f 529//275 497//275 498//275
f 542//276 512//276 511//276
f 514//277 259//277 258//277
f 523//278 506//278 462//278
f 530//279 498//279 499//279
f 538//280 257//280 507//280
f 515//281 260//281 259//281
f 1076//282 499//282 1044//282
f 521//283 508//283 265//283
f 516//284 261//284 260//284
f 531//285 1044//285 500//285
f 261//286 518//286 262//286
f 541//287 266//287 510//287
f 532//288 500//288 501//288
f 550//250 559//250 549//250
f 568//251 799//251 800//251
f 551//545 560//545 550//545
f 544//253 554//253 795//253
f 749//254 568//254 800//254
f 562//546 551//546 552//546
f 545//256 554//256 544//256
f 563//241 552//241 796//241
f 546//242 555//242 545//242
f 564//243 796//243 797//243
f 547//244 556//244 546//244
f 565//245 797//245 798//245
f 558//246 547//246 548//246
f 566//247 798//247 553//247
f 559//248 548//248 549//248
f 567//249 553//249 799//249
f 581//240 565//240 566//240
f 574//225 558//225 559//225
f 582//226 566//226 567//226
f 575//227 559//227 560//227
f 583//228 567//228 568//228
f 561//547 575//547 560//547
f 554//230 569//230 795//230
f 749//231 583//231 568//231
f 577//548 561//548 562//548
f 555//233 569//233 554//233
f 563//234 577//234 562//234
f 571//235 555//235 556//235
f 564//236 578//236 563//236
f 572//237 556//237 557//237
f 565//238 579//238 564//238
f 573//239 557//239 558//239
f 578//210 592//210 577//210
f 586//211 570//211 571//211
f 579//212 593//212 578//212
f 572//213 586//213 571//213
f 580//214 594//214 579//214
f 588//215 572//215 573//215
f 596//216 580//216 581//216
f 574//217 588//217 573//217
f 597//218 581//218 582//218
f 590//219 574//219 575//219
f 583//220 597//220 582//220
f 576//549 590//549 575//549
f 569//222 584//222 795//222
f 749//223 598//223 583//223
f 592//224 576//224 577//224
f 585//209 569//209 570//209
f 612//195 596//195 597//195
f 605//196 589//196 590//196
f 598//550 612//550 597//550
f 591//551 605//551 590//551
f 584//199 599//199 795//199
f 749//200 613//200 598//200
f 607//552 591//552 592//552
f 585//553 599//553 584//553
f 593//203 607//203 592//203
f 586//204 600//204 585//204
f 594//205 608//205 593//205
f 602//206 586//206 587//206
f 595//207 609//207 594//207
f 603//208 587//208 588//208
f 596//193 610//193 595//193
f 589//194 603//194 588//194
f 616//181 600//181 601//181
f 609//182 623//182 608//182
f 617//183 601//183 602//183
f 610//184 624//184 609//184
f 603//185 617//185 602//185
f 611//186 625//186 610//186
f 619//187 603//187 604//187
f 627//188 611//188 612//188
f 605//189 619//189 604//189
f 628//554 612//554 613//554
f 606//191 620//191 605//191
f 599//192 614//192 795//192
f 749//177 628//177 613//177
f 622//178 606//178 607//178
f 615//555 599//555 600//555
f 623//180 607//180 608//180
f 620//166 634//166 619//166
f 628//556 642//556 627//556
f 636//168 620//168 621//168
f 614//169 629//169 795//169
f 749//170 643//170 628//170
f 637//557 621//557 622//557
f 630//172 614//172 615//172
f 638//173 622//173 623//173
f 631//174 615//174 616//174
f 624//175 638//175 623//175
f 632//176 616//176 617//176
f 640//161 624//161 625//161
f 633//162 617//162 618//162
f 626//163 640//163 625//163
f 634//164 618//164 619//164
f 627//558 641//558 626//558
f 639//152 653//152 638//152
f 632//153 646//153 631//153
f 655//154 639//154 640//154
f 633//155 647//155 632//155
f 641//156 655//156 640//156
f 649//157 633//157 634//157
f 642//559 656//559 641//559
f 635//159 649//159 634//159
f 643//160 657//160 642//160
f 651//145 635//145 636//145
f 629//146 644//146 795//146
f 749//147 658//147 643//147
f 652//560 636//560 637//560
f 645//561 629//561 630//561
f 653//150 637//150 638//150
f 646//151 630//151 631//151
f 673//136 657//136 658//136
f 666//137 650//137 651//137
f 644//138 659//138 795//138
f 749//139 673//139 658//139
f 652//562 666//562 651//562
f 660//563 644//563 645//563
f 668//142 652//142 653//142
f 661//143 645//143 646//143
f 669//144 653//144 654//144
f 662//129 646//129 647//129
f 670//130 654//130 655//130
f 663//131 647//131 648//131
f 656//132 670//132 655//132
f 664//133 648//133 649//133
f 657//134 671//134 656//134
f 650//135 664//135 649//135
f 662//122 676//122 661//122
f 685//123 669//123 670//123
f 663//124 677//124 662//124
f 686//125 670//125 671//125
f 679//126 663//126 664//126
f 672//127 686//127 671//127
f 665//128 679//128 664//128
f 673//113 687//113 672//113
f 666//564 680//564 665//564
f 659//115 674//115 795//115
f 749//116 688//116 673//116
f 682//117 666//117 667//117
f 660//118 674//118 659//118
f 683//119 667//119 668//119
f 676//120 660//120 661//120
f 669//121 683//121 668//121
f 681//565 695//565 680//565
f 674//107 689//107 795//107
f 749//108 703//108 688//108
f 697//109 681//109 682//109
f 675//566 689//566 674//566
f 683//111 697//111 682//111
f 676//567 690//567 675//567
f 684//97 698//97 683//97
f 677//98 691//98 676//98
f 685//99 699//99 684//99
f 678//100 692//100 677//100
f 701//101 685//101 686//101
f 694//102 678//102 679//102
f 702//103 686//103 687//103
f 695//104 679//104 680//104
f 703//105 687//105 688//105
f 700//92 714//92 699//92
f 708//93 692//93 693//93
f 716//94 700//94 701//94
f 694//95 708//95 693//95
f 702//96 716//96 701//96
f 710//81 694//81 695//81
f 703//568 717//568 702//568
f 711//569 695//569 696//569
f 689//84 704//84 795//84
f 749//85 718//85 703//85
f 712//570 696//570 697//570
f 705//87 689//87 690//87
f 713//88 697//88 698//88
f 691//571 705//571 690//571
f 714//90 698//90 699//90
f 692//91 706//91 691//91
f 749//77 733//77 718//77
f 727//78 711//78 712//78
f 720//572 704//572 705//572
f 728//80 712//80 713//80
f 721//65 705//65 706//65
f 714//66 728//66 713//66
f 707//67 721//67 706//67
f 715//68 729//68 714//68
f 723//69 707//69 708//69
f 731//70 715//70 716//70
f 724//71 708//71 709//71
f 732//72 716//72 717//72
f 710//73 724//73 709//73
f 718//74 732//74 717//74
f 726//75 710//75 711//75
f 704//76 719//76 795//76
f 746//63 730//63 731//63
f 724//64 738//64 723//64
f 732//49 746//49 731//49
f 725//50 739//50 724//50
f 748//51 732//51 733//51
f 741//573 725//573 726//573
f 719//53 734//53 795//53
f 749//54 748//54 733//54
f 742//55 726//55 727//55
f 735//56 719//56 720//56
f 743//57 727//57 728//57
f 736//58 720//58 721//58
f 744//59 728//59 729//59
f 722//60 736//60 721//60
f 745//61 729//61 730//61
f 738//62 722//62 723//62
f 751//48 734//48 735//48
f 759//33 742//33 743//33
f 736//34 751//34 735//34
f 760//35 743//35 744//35
f 753//36 736//36 737//36
f 745//37 760//37 744//37
f 754//38 737//38 738//38
f 746//39 761//39 745//39
f 755//40 738//40 739//40
f 747//41 762//41 746//41
f 740//42 755//42 739//42
f 764//43 747//43 748//43
f 741//44 756//44 740//44
f 734//45 750//45 795//45
f 749//46 764//46 748//46
f 758//47 741//47 742//47
f 770//18 754//18 755//18
f 763//19 777//19 762//19
f 756//20 770//20 755//20
f 779//21 763//21 764//21
f 772//574 756//574 757//574
f 750//23 765//23 795//23
f 749//24 779//24 764//24
f 758//575 772//575 757//575
f 766//576 750//576 751//576
f 774//27 758//27 759//27
f 767//28 751//28 752//28
f 760//29 774//29 759//29
f 753//30 767//30 752//30
f 761//31 775//31 760//31
f 769//32 753//32 754//32
f 762//17 776//17 761//17
f 789//8 773//8 774//8
f 782//9 766//9 767//9
f 775//10 789//10 774//10
f 783//11 767//11 768//11
f 791//12 775//12 776//12
f 769//13 783//13 768//13
f 777//14 791//14 776//14
f 785//15 769//15 770//15
f 778//16 792//16 777//16
f 771//1 785//1 770//1
f 794//2 778//2 779//2
f 787//577 771//577 772//577
f 765//4 780//4 795//4
f 749//5 794//5 779//5
f 773//578 787//578 772//578
f 781//7 765//7 766//7
f 1067//265 799//265 553//265
f 1063//279 550//279 549//279
f 790//270 1078//270 789//270
f 1089//278 749//278 800//278
f 1064//579 551//579 550//579
f 1080//272 790//272 791//272
f 1065//580 552//580 551//580
f 1081//287 791//287 792//287
f 1082//257 792//257 793//257
f 1083//276 793//276 794//276
f 1070//273 780//273 781//273
f 1071//277 781//277 782//277
f 1072//281 782//281 783//281
f 796//259 1086//259 797//259
f 784//284 1072//284 783//284
f 1086//262 798//262 797//262
f 1058//267 545//267 544//267
f 1069//280 795//280 780//280
f 1074//286 784//286 785//286
f 1088//266 800//266 799//266
f 1059//268 546//268 545//268
f 1068//260 794//260 749//260
f 1075//258 785//258 786//258
f 1084//274 544//274 795//274
f 1060//269 547//269 546//269
f 1076//581 786//581 787//581
f 1066//288 796//288 552//288
f 1061//271 548//271 547//271
f 1077//582 787//582 788//582
f 548//275 1063//275 549//275
f 1087//264 553//264 798//264
f 1078//283 788//283 789//283
f 807//538 816//538 817//538
f 1056//539 825//539 1057//539
f 808//583 817//583 818//583
f 801//541 1052//541 811//541
f 1006//542 1057//542 825//542
f 808//584 819//584 809//584
f 802//544 811//544 812//544
f 809//529 820//529 1053//529
f 803//530 812//530 813//530
f 1053//531 821//531 1054//531
f 804//532 813//532 814//532
f 1054//533 822//533 1055//533
f 804//534 815//534 805//534
f 1055//535 823//535 810//535
f 805//536 816//536 806//536
f 810//537 824//537 1056//537
f 823//528 837//528 838//528
f 815//513 831//513 816//513
f 823//514 839//514 824//514
f 816//515 832//515 817//515
f 824//516 840//516 825//516
f 818//585 832//585 833//585
f 811//518 1052//518 826//518
f 1006//519 825//519 840//519
f 818//586 834//586 819//586
f 812//521 826//521 827//521
f 820//522 834//522 835//522
f 812//523 828//523 813//523
f 821//524 835//524 836//524
f 813//525 829//525 814//525
f 822//526 836//526 837//526
f 814//527 830//527 815//527
f 835//498 849//498 850//498
f 827//587 843//587 828//587
f 835//500 851//500 836//500
f 829//501 843//501 844//501
f 837//502 851//502 852//502
f 830//503 844//503 845//503
f 837//504 853//504 838//504
f 831//505 845//505 846//505
f 838//588 854//588 839//588
f 831//507 847//507 832//507
f 839//508 855//508 840//508
f 833//509 847//509 848//509
f 826//510 1052//510 841//510
f 1006//511 840//511 855//511
f 833//512 849//512 834//512
f 826//589 842//589 827//589
f 853//483 869//483 854//483
f 846//484 862//484 847//484
f 855//590 869//590 870//590
f 847//591 863//591 848//591
f 841//487 1052//487 856//487
f 1006//488 855//488 870//488
f 848//592 864//592 849//592
f 842//490 856//490 857//490
f 850//491 864//491 865//491
f 843//492 857//492 858//492
f 850//493 866//493 851//493
f 843//494 859//494 844//494
f 852//495 866//495 867//495
f 844//496 860//496 845//496
f 853//481 867//481 868//481
f 846//482 860//482 861//482
f 858//469 872//469 873//469
f 866//470 880//470 881//470
f 858//471 874//471 859//471
f 866//472 882//472 867//472
f 860//473 874//473 875//473
f 868//474 882//474 883//474
f 860//475 876//475 861//475
f 868//476 884//476 869//476
f 862//477 876//477 877//477
f 869//478 885//478 870//478
f 863//479 877//479 878//479
f 856//480 1052//480 871//480
f 1006//465 870//465 885//465
f 863//466 879//466 864//466
f 856//467 872//467 857//467
f 864//468 880//468 865//468
f 877//454 891//454 892//454
f 885//455 899//455 900//455
f 877//593 893//593 878//593
f 871//457 1052//457 886//457
f 1006//458 885//458 900//458
f 878//594 894//594 879//594
f 871//595 887//595 872//595
f 879//461 895//461 880//461
f 872//462 888//462 873//462
f 881//463 895//463 896//463
f 873//464 889//464 874//464
f 881//449 897//449 882//449
f 874//450 890//450 875//450
f 883//451 897//451 898//451
f 875//452 891//452 876//452
f 884//453 898//453 899//453
f 896//440 910//440 911//440
f 888//441 904//441 889//441
f 896//442 912//442 897//442
f 889//443 905//443 890//443
f 898//444 912//444 913//444
f 890//445 906//445 891//445
f 899//446 913//446 914//446
f 892//447 906//447 907//447
f 900//448 914//448 915//448
f 892//596 908//596 893//596
f 886//434 1052//434 901//434
f 1006//435 900//435 915//435
f 894//436 908//436 909//436
f 886//597 902//597 887//597
f 894//438 910//438 895//438
f 887//439 903//439 888//439
f 914//424 930//424 915//424
f 907//598 923//598 908//598
f 901//426 1052//426 916//426
f 1006//427 915//427 930//427
f 909//428 923//428 924//428
f 901//429 917//429 902//429
f 909//430 925//430 910//430
f 902//431 918//431 903//431
f 911//432 925//432 926//432
f 903//417 919//417 904//417
f 911//418 927//418 912//418
f 905//419 919//419 920//419
f 913//420 927//420 928//420
f 905//421 921//421 906//421
f 913//422 929//422 914//422
f 907//423 921//423 922//423
f 919//410 933//410 934//410
f 927//411 941//411 942//411
f 919//412 935//412 920//412
f 927//413 943//413 928//413
f 920//414 936//414 921//414
f 929//415 943//415 944//415
f 922//416 936//416 937//416
f 930//401 944//401 945//401
f 923//402 937//402 938//402
f 916//403 1052//403 931//403
f 1006//404 930//404 945//404
f 923//599 939//599 924//599
f 917//600 931//600 932//600
f 924//407 940//407 925//407
f 917//408 933//408 918//408
f 926//409 940//409 941//409
f 938//394 952//394 953//394
f 931//395 1052//395 946//395
f 1006//396 945//396 960//396
f 938//601 954//601 939//601
f 932//398 946//398 947//398
f 940//399 954//399 955//399
f 933//400 947//400 948//400
f 941//385 955//385 956//385
f 934//386 948//386 949//386
f 941//387 957//387 942//387
f 934//388 950//388 935//388
f 942//389 958//389 943//389
f 935//390 951//390 936//390
f 943//391 959//391 944//391
f 936//392 952//392 937//392
f 944//393 960//393 945//393
f 957//380 971//380 972//380
f 949//381 965//381 950//381
f 957//382 973//382 958//382
f 950//383 966//383 951//383
f 959//384 973//384 974//384
f 951//369 967//369 952//369
f 959//370 975//370 960//370
f 953//371 967//371 968//371
f 946//372 1052//372 961//372
f 1006//373 960//373 975//373
f 953//602 969//602 954//602
f 946//603 962//603 947//603
f 955//376 969//376 970//376
f 948//377 962//377 963//377
f 955//378 971//378 956//378
f 949//379 963//379 964//379
f 1006//365 975//365 990//365
f 968//604 984//604 969//604
f 961//605 977//605 962//605
f 969//368 985//368 970//368
f 962//353 978//353 963//353
f 971//354 985//354 986//354
f 964//355 978//355 979//355
f 971//356 987//356 972//356
f 965//357 979//357 980//357
f 972//358 988//358 973//358
f 965//359 981//359 966//359
f 973//360 989//360 974//360
f 967//361 981//361 982//361
f 975//362 989//362 990//362
f 967//606 983//606 968//606
f 961//364 1052//364 976//364
f 987//351 1003//351 988//351
f 981//352 995//352 996//352
f 989//337 1003//337 1004//337
f 982//338 996//338 997//338
f 989//339 1005//339 990//339
f 982//607 998//607 983//607
f 976//341 1052//341 991//341
f 1006//342 990//342 1005//342
f 983//608 999//608 984//608
f 977//344 991//344 992//344
f 984//345 1000//345 985//345
f 977//346 993//346 978//346
f 985//347 1001//347 986//347
f 979//348 993//348 994//348
f 986//349 1002//349 987//349
f 979//350 995//350 980//350
f 991//609 1008//609 992//609
f 999//321 1016//321 1000//321
f 993//322 1008//322 1009//322
f 1000//323 1017//323 1001//323
f 993//324 1010//324 994//324
f 1002//325 1017//325 1018//325
f 994//326 1011//326 995//326
f 1003//327 1018//327 1019//327
f 995//328 1012//328 996//328
f 1004//329 1019//329 1020//329
f 996//330 1013//330 997//330
f 1005//331 1020//331 1021//331
f 998//610 1013//610 1014//610
f 991//333 1052//333 1007//333
f 1006//334 1005//334 1021//334
f 998//335 1015//335 999//335
f 1011//306 1027//306 1012//306
f 1020//307 1034//307 1035//307
f 1013//308 1027//308 1028//308
f 1020//309 1036//309 1021//309
f 1013//611 1029//611 1014//611
f 1007//311 1052//311 1022//311
f 1006//312 1021//312 1036//312
f 1015//612 1029//612 1030//612
f 1008//613 1022//613 1023//613
f 1015//315 1031//315 1016//315
f 1008//316 1024//316 1009//316
f 1017//317 1031//317 1032//317
f 1009//318 1025//318 1010//318
f 1018//319 1032//319 1033//319
f 1010//320 1026//320 1011//320
f 1018//305 1034//305 1019//305
f 1030//296 1046//296 1031//296
f 1023//297 1039//297 1024//297
f 1032//298 1046//298 1047//298
f 1025//299 1039//299 1040//299
f 1032//300 1048//300 1033//300
f 1026//301 1040//301 1041//301
f 1034//302 1048//302 1049//302
f 1026//303 1042//303 1027//303
f 1035//304 1049//304 1050//304
f 1028//289 1042//289 1043//289
f 1035//290 1051//290 1036//290
f 1028//614 1044//614 1029//614
f 1022//292 1052//292 1037//292
f 1006//293 1036//293 1051//293
f 1030//615 1044//615 1045//615
f 1022//295 1038//295 1023//295
f 1056//265 1067//265 810//265
f 807//279 1063//279 806//279
f 1047//270 1078//270 1079//270
f 1006//278 1089//278 1057//278
f 808//579 1064//579 807//579
f 1047//272 1080//272 1048//272
f 809//580 1065//580 808//580
f 1048//287 1081//287 1049//287
f 1049//257 1082//257 1050//257
f 1050//276 1083//276 1051//276
f 1037//273 1070//273 1038//273
f 1038//277 1071//277 1039//277
f 1039//281 1072//281 1040//281
f 1053//259 1086//259 1085//259
f 1041//284 1072//284 1073//284
f 1055//262 1086//262 1054//262
f 802//267 1058//267 801//267
f 1052//280 1069//280 1037//280
f 1041//286 1074//286 1042//286
f 1057//266 1088//266 1056//266
f 803//268 1059//268 802//268
f 1051//260 1068//260 1006//260
f 1042//258 1075//258 1043//258
f 801//274 1084//274 1052//274
f 804//269 1060//269 803//269
f 1043//581 1076//581 1044//581
f 1053//288 1066//288 809//288
f 805//271 1061//271 804//271
f 1044//582 1077//582 1045//582
f 806//275 1062//275 805//275
f 810//264 1087//264 1055//264
f 1045//283 1078//283 1046//283
f 1093//616 1096//616 1092//616
f 1097//617 1094//617 1096//617
f 1094//618 1091//618 1090//618
f 1101//616 1104//616 1100//616
f 1102//618 1099//618 1098//618
f 1104//619 1098//619 1100//619
f 1101//620 1103//620 1105//620
f 1107//621 1108//621 1106//621
f 1109//616 1112//616 1108//616
f 1113//622 1110//622 1112//622
f 1110//618 1107//618 1106//618
f 1112//619 1106//619 1108//619
f 1109//620 1111//620 1113//620
f 1115//623 1123//623 1122//623
f 1133//616 1124//616 1141//616
f 1121//617 1125//617 1124//617
f 1137//618 1122//618 1139//618
f 1120//619 1135//619 1130//619
f 1117//620 1137//620 1132//620
f 1139//618 1129//618 1145//618
f 1124//624 1128//624 1127//624
f 1141//616 1127//616 1143//616
f 1122//625 1126//625 1129//625
f 1129//625 1116//625 1114//625
f 1143//616 1120//616 1130//616
f 1127//624 1118//624 1120//624
f 1145//618 1114//618 1134//618
f 1118//618 1144//618 1135//618
f 1144//618 1134//618 1135//618
f 1116//616 1142//616 1131//616
f 1142//616 1130//616 1131//616
f 1126//616 1140//616 1142//616
f 1140//616 1143//616 1142//616
f 1128//618 1138//618 1144//618
f 1138//618 1145//618 1144//618
f 1133//620 1119//620 1121//620
f 1132//620 1136//620 1133//620
f 1131//619 1114//619 1116//619
f 1130//619 1134//619 1131//619
f 1119//618 1138//618 1125//618
f 1136//618 1139//618 1138//618
f 1117//616 1140//616 1123//616
f 1132//616 1141//616 1140//616
f 1147//626 1148//626 1146//626
f 1149//616 1152//616 1148//616
f 1153//627 1150//627 1152//627
f 1150//618 1147//618 1146//618
f 1152//619 1146//619 1148//619
f 1149//620 1151//620 1153//620
f 1157//616 1160//616 1156//616
f 1159//618 1154//618 1158//618
f 1157//620 1159//620 1161//620
f 1163//623 1164//623 1162//623
f 1165//616 1168//616 1164//616
f 1169//617 1166//617 1168//617
f 1167//618 1162//618 1166//618
f 1168//619 1162//619 1164//619
f 1165//620 1167//620 1169//620
f 1191//617 1173//617 1176//617
f 1173//628 1175//628 1176//628
f 1188//619 1170//619 1186//619
f 1187//620 1173//620 1189//620
f 1177//629 1170//629 1172//629
f 1190//617 1172//617 1188//617
f 1191//617 1177//617 1190//617
f 1177//618 1175//618 1174//618
f 1175//623 1192//623 1174//623
f 1170//623 1192//623 1186//623
f 1171//623 1193//623 1175//623
f 1191//617 1181//617 1189//617
f 1183//630 1181//630 1184//630
f 1178//619 1188//619 1186//619
f 1181//620 1187//620 1189//620
f 1178//631 1185//631 1180//631
f 1180//617 1190//617 1188//617
f 1185//617 1191//617 1190//617
f 1183//616 1185//616 1182//616
f 1192//623 1183//623 1182//623
f 1178//623 1192//623 1182//623
f 1193//623 1179//623 1183//623
f 1327//617 1197//617 1200//617
f 1322//617 1306//617 1194//617
f 1324//619 1214//619 1393//619
f 1253//623 1309//623 1312//623
f 1326//617 1196//617 1324//617
f 1327//617 1201//617 1326//617
f 1201//618 1241//618 1228//618
f 1199//618 1304//618 1198//618
f 1239//618 1253//618 1240//618
f 1237//618 1251//618 1238//618
f 1245//623 1282//623 1232//623
f 1235//618 1249//618 1236//618
f 1384//623 1274//623 1223//623
f 1233//618 1247//618 1234//618
f 1249//623 1274//623 1298//623
f 1231//618 1245//618 1232//618
f 1233//617 1295//617 1246//617
f 1229//618 1243//618 1230//618
f 1385//617 1273//617 1458//617
f 1201//629 1214//629 1196//629
f 1248//617 1273//617 1222//617
f 1229//629 1212//629 1213//629
f 1231//629 1210//629 1211//629
f 1247//623 1284//623 1234//623
f 1233//629 1208//629 1209//629
f 1386//623 1272//623 1221//623
f 1235//629 1206//629 1207//629
f 1247//623 1272//623 1296//623
f 1205//629 1238//629 1204//629
f 1235//617 1297//617 1248//617
f 1203//629 1240//629 1202//629
f 1392//620 1197//620 1325//620
f 1387//617 1271//617 1460//617
f 1390//620 1216//620 1391//620
f 1246//617 1271//617 1220//617
f 1388//620 1218//620 1389//620
f 1386//620 1220//620 1387//620
f 1249//623 1286//623 1236//623
f 1384//620 1222//620 1385//620
f 1388//623 1270//623 1219//623
f 1383//620 1225//620 1224//620
f 1245//623 1270//623 1294//623
f 1380//620 1226//620 1381//620
f 1198//617 1306//617 1310//617
f 1404//619 1202//619 1405//619
f 1237//617 1299//617 1250//617
f 1403//619 1205//619 1204//619
f 1389//617 1269//617 1462//617
f 1400//619 1206//619 1401//619
f 1244//617 1269//617 1218//617
f 1398//619 1208//619 1399//619
f 1396//619 1210//619 1397//619
f 1251//623 1288//623 1238//623
f 1394//619 1212//619 1395//619
f 1390//623 1268//623 1217//623
f 1197//628 1241//628 1200//628
f 1243//623 1268//623 1292//623
f 1216//628 1243//628 1242//628
f 1252//617 1289//617 1301//617
f 1218//628 1245//628 1244//628
f 1391//617 1267//617 1464//617
f 1220//628 1247//628 1246//628
f 1242//617 1267//617 1216//617
f 1222//628 1249//628 1248//628
f 1392//623 1266//623 1215//623
f 1224//628 1251//628 1250//628
f 1241//623 1266//623 1290//623
f 1226//628 1253//628 1252//628
f 1288//618 1301//618 1289//618
f 1286//618 1299//618 1287//618
f 1284//618 1297//618 1285//618
f 1282//618 1295//618 1283//618
f 1280//618 1293//618 1281//618
f 1278//618 1291//618 1279//618
f 1278//632 1264//632 1265//632
f 1280//632 1262//632 1263//632
f 1282//632 1260//632 1261//632
f 1284//632 1258//632 1259//632
f 1286//632 1256//632 1257//632
f 1255//632 1289//632 1254//632
f 1464//633 1266//633 1465//633
f 1462//633 1268//633 1463//633
f 1460//633 1270//633 1461//633
f 1458//633 1272//633 1459//633
f 1457//633 1275//633 1274//633
f 1455//633 1277//633 1276//633
f 1477//634 1255//634 1254//634
f 1474//634 1256//634 1475//634
f 1472//634 1258//634 1473//634
f 1470//634 1260//634 1471//634
f 1468//634 1262//634 1469//634
f 1466//634 1264//634 1467//634
f 1266//635 1291//635 1290//635
f 1268//635 1293//635 1292//635
f 1270//635 1295//635 1294//635
f 1272//635 1297//635 1296//635
f 1274//635 1299//635 1298//635
f 1276//635 1301//635 1300//635
f 1250//617 1275//617 1224//617
f 1383//617 1275//617 1456//617
f 1231//617 1293//617 1244//617
f 1251//623 1276//623 1300//623
f 1382//623 1276//623 1225//623
f 1243//623 1280//623 1230//623
f 1252//617 1277//617 1226//617
f 1381//617 1277//617 1454//617
f 1229//617 1291//617 1242//617
f 1241//623 1278//623 1228//623
f 1228//623 1265//623 1214//623
f 1404//617 1254//617 1203//617
f 1229//617 1264//617 1279//617
f 1403//623 1255//623 1476//623
f 1230//623 1263//623 1212//623
f 1402//617 1256//617 1205//617
f 1231//617 1262//617 1281//617
f 1401//623 1257//623 1474//623
f 1232//623 1261//623 1210//623
f 1400//617 1258//617 1207//617
f 1233//617 1260//617 1283//617
f 1399//623 1259//623 1472//623
f 1234//623 1259//623 1208//623
f 1398//617 1260//617 1209//617
f 1235//617 1258//617 1285//617
f 1397//623 1261//623 1470//623
f 1236//623 1257//623 1206//623
f 1396//617 1262//617 1211//617
f 1237//617 1256//617 1287//617
f 1395//623 1263//623 1468//623
f 1238//623 1255//623 1204//623
f 1394//617 1264//617 1213//617
f 1239//617 1254//617 1289//617
f 1393//623 1265//623 1466//623
f 1305//636 1484//636 1304//636
f 1302//637 1484//637 1482//637
f 1303//638 1485//638 1305//638
f 1323//620 1303//620 1195//620
f 1195//628 1305//628 1199//628
f 1198//629 1302//629 1194//629
f 1194//619 1482//619 1322//619
f 1309//639 1307//639 1312//639
f 1494//640 1309//640 1497//640
f 1311//641 1306//641 1313//641
f 1311//618 1307//618 1310//618
f 1495//642 1306//642 1486//642
f 1198//617 1307//617 1199//617
f 1253//623 1311//623 1240//623
f 1323//617 1308//617 1494//617
f 1380//623 1309//623 1227//623
f 1199//617 1308//617 1195//617
f 1240//623 1313//623 1202//623
f 1405//623 1313//623 1495//623
f 1327//617 1317//617 1325//617
f 1487//617 1322//617 1314//617
f 1340//619 1324//619 1393//619
f 1379//623 1490//623 1353//623
f 1316//617 1326//617 1324//617
f 1321//617 1327//617 1326//617
f 1367//616 1321//616 1354//616
f 1480//616 1319//616 1318//616
f 1379//616 1365//616 1366//616
f 1377//616 1363//616 1364//616
f 1358//623 1446//623 1371//623
f 1375//616 1361//616 1362//616
f 1426//623 1384//623 1349//623
f 1373//616 1359//616 1360//616
f 1375//623 1426//623 1349//623
f 1371//616 1357//616 1358//616
f 1372//617 1435//617 1359//617
f 1369//616 1355//616 1356//616
f 1385//617 1425//617 1348//617
f 1340//631 1321//631 1316//631
f 1425//617 1374//617 1348//617
f 1338//631 1355//631 1339//631
f 1336//631 1357//631 1337//631
f 1360//623 1448//623 1373//623
f 1334//631 1359//631 1335//631
f 1424//623 1386//623 1347//623
f 1332//631 1361//631 1333//631
f 1373//623 1424//623 1347//623
f 1331//631 1364//631 1363//631
f 1374//617 1437//617 1361//617
f 1329//631 1366//631 1365//631
f 1317//620 1392//620 1325//620
f 1387//617 1423//617 1346//617
f 1342//620 1390//620 1391//620
f 1423//617 1372//617 1346//617
f 1344//620 1388//620 1389//620
f 1346//620 1386//620 1387//620
f 1362//623 1450//623 1375//623
f 1348//620 1384//620 1385//620
f 1422//623 1388//623 1345//623
f 1383//620 1351//620 1382//620
f 1371//623 1422//623 1345//623
f 1352//620 1380//620 1381//620
f 1318//617 1487//617 1314//617
f 1328//619 1404//619 1405//619
f 1376//617 1439//617 1363//617
f 1403//619 1331//619 1402//619
f 1389//617 1421//617 1344//617
f 1332//619 1400//619 1401//619
f 1421//617 1370//617 1344//617
f 1334//619 1398//619 1399//619
f 1336//619 1396//619 1397//619
f 1364//623 1452//623 1377//623
f 1338//619 1394//619 1395//619
f 1420//623 1390//623 1343//623
f 1367//630 1317//630 1320//630
f 1369//623 1420//623 1343//623
f 1369//630 1342//630 1368//630
f 1378//617 1441//617 1365//617
f 1371//630 1344//630 1370//630
f 1391//617 1419//617 1342//617
f 1373//630 1346//630 1372//630
f 1419//617 1368//617 1342//617
f 1375//630 1348//630 1374//630
f 1418//623 1392//623 1341//623
f 1377//630 1350//630 1376//630
f 1367//623 1418//623 1341//623
f 1379//630 1352//630 1378//630
f 1453//616 1440//616 1441//616
f 1451//616 1438//616 1439//616
f 1449//616 1436//616 1437//616
f 1447//616 1434//616 1435//616
f 1445//616 1432//616 1433//616
f 1443//616 1430//616 1431//616
f 1416//643 1430//643 1417//643
f 1414//643 1432//643 1415//643
f 1412//643 1434//643 1413//643
f 1410//643 1436//643 1411//643
f 1409//643 1439//643 1438//643
f 1407//643 1441//643 1440//643
f 1418//644 1464//644 1465//644
f 1420//644 1462//644 1463//644
f 1422//644 1460//644 1461//644
f 1424//644 1458//644 1459//644
f 1457//644 1427//644 1456//644
f 1455//644 1429//644 1454//644
f 1477//645 1407//645 1476//645
f 1475//645 1409//645 1474//645
f 1410//645 1472//645 1473//645
f 1412//645 1470//645 1471//645
f 1414//645 1468//645 1469//645
f 1416//645 1466//645 1467//645
f 1443//646 1418//646 1442//646
f 1445//646 1420//646 1444//646
f 1447//646 1422//646 1446//646
f 1449//646 1424//646 1448//646
f 1451//646 1426//646 1450//646
f 1453//646 1428//646 1452//646
f 1427//617 1376//617 1350//617
f 1383//617 1427//617 1350//617
f 1370//617 1433//617 1357//617
f 1377//623 1428//623 1351//623
f 1428//623 1382//623 1351//623
f 1356//623 1444//623 1369//623
f 1429//617 1378//617 1352//617
f 1381//617 1429//617 1352//617
f 1368//617 1431//617 1355//617
f 1354//623 1442//623 1367//623
f 1417//623 1354//623 1340//623
f 1406//617 1404//617 1329//617
f 1355//617 1416//617 1339//617
f 1403//623 1407//623 1330//623
f 1415//623 1356//623 1338//623
f 1408//617 1402//617 1331//617
f 1357//617 1414//617 1337//617
f 1401//623 1409//623 1332//623
f 1413//623 1358//623 1336//623
f 1410//617 1400//617 1333//617
f 1359//617 1412//617 1335//617
f 1399//623 1411//623 1334//623
f 1411//623 1360//623 1334//623
f 1412//617 1398//617 1335//617
f 1361//617 1410//617 1333//617
f 1397//623 1413//623 1336//623
f 1409//623 1362//623 1332//623
f 1414//617 1396//617 1337//617
f 1363//617 1408//617 1331//617
f 1395//623 1415//623 1338//623
f 1407//623 1364//623 1330//623
f 1416//617 1394//617 1339//617
f 1365//617 1406//617 1329//617
f 1393//623 1417//623 1340//623
f 1484//647 1481//647 1480//647
f 1478//648 1484//648 1480//648
f 1485//649 1479//649 1481//649
f 1479//620 1323//620 1315//620
f 1481//630 1315//630 1319//630
f 1478//631 1318//631 1314//631
f 1482//619 1314//619 1322//619
f 1488//650 1490//650 1493//650
f 1490//651 1494//651 1497//651
f 1487//652 1492//652 1496//652
f 1488//616 1492//616 1491//616
f 1487//653 1495//653 1486//653
f 1488//617 1318//617 1319//617
f 1492//623 1379//623 1366//623
f 1323//617 1489//617 1315//617
f 1490//623 1380//623 1353//623
f 1489//617 1319//617 1315//617
f 1496//623 1366//623 1328//623
f 1405//623 1496//623 1328//623
f 1625//580 1498//580 1624//580
f 1499//288 1500//288 1498//288
f 1501//259 1502//259 1500//259
f 1503//262 1504//262 1502//262
f 1505//264 1506//264 1504//264
f 1507//265 1508//265 1506//265
f 1509//266 1510//266 1508//266
f 1510//278 1513//278 1512//278
f 1513//260 1514//260 1512//260
f 1515//276 1516//276 1514//276
f 1517//257 1518//257 1516//257
f 1519//287 1520//287 1518//287
f 1521//272 1522//272 1520//272
f 1523//270 1524//270 1522//270
f 1525//283 1526//283 1524//283
f 1526//263 1529//263 1528//263
f 1529//261 1530//261 1528//261
f 1531//258 1532//258 1530//258
f 1533//286 1534//286 1532//286
f 1535//284 1536//284 1534//284
f 1537//281 1538//281 1536//281
f 1539//277 1540//277 1538//277
f 1541//273 1542//273 1540//273
f 1543//280 1544//280 1542//280
f 1544//274 1547//274 1546//274
f 1547//267 1548//267 1546//267
f 1549//268 1550//268 1548//268
f 1551//269 1552//269 1550//269
f 1553//271 1554//271 1552//271
f 1554//275 1557//275 1556//275
f 1557//279 1558//279 1556//279
f 1559//579 1624//579 1558//579
f 1585//277 1612//277 1613//277
f 1589//263 1578//263 1579//263
f 1568//272 1577//272 1569//272
f 1604//279 1609//279 1605//279
f 1586//280 1581//280 1587//280
f 1576//287 1575//287 1577//287
f 1590//266 1619//266 1591//266
f 1610//284 1583//284 1611//284
f 1571//270 1568//270 1569//270
f 1562//267 1567//267 1563//267
f 1564//261 1589//261 1565//261
f 1616//288 1603//288 1617//288
f 1602//580 1607//580 1603//580
f 1606//579 1605//579 1607//579
f 1620//264 1599//264 1621//264
f 1598//262 1601//262 1599//262
f 1622//271 1615//271 1623//271
f 1572//276 1595//276 1573//276
f 1560//258 1565//258 1561//258
f 1618//265 1621//265 1619//265
f 1581//273 1584//273 1585//273
f 1612//281 1611//281 1613//281
f 1596//268 1563//268 1597//268
f 1614//269 1597//269 1615//269
f 1594//260 1593//260 1595//260
f 1609//275 1622//275 1623//275
f 1566//274 1587//274 1567//274
f 1574//257 1573//257 1575//257
f 1579//283 1570//283 1571//283
f 1582//286 1561//286 1583//286
f 1600//259 1617//259 1601//259
f 1592//278 1591//278 1593//278
f 1542//623 1593//623 1591//623
f 1542//623 1619//623 1540//623
f 1540//623 1621//623 1538//623
f 1538//623 1599//623 1536//623
f 1536//623 1601//623 1534//623
f 1534//623 1617//623 1532//623
f 1532//623 1603//623 1530//623
f 1530//623 1607//623 1528//623
f 1528//623 1605//623 1526//623
f 1526//623 1609//623 1524//623
f 1524//623 1623//623 1522//623
f 1522//623 1615//623 1520//623
f 1520//623 1597//623 1518//623
f 1518//623 1563//623 1516//623
f 1516//623 1567//623 1514//623
f 1512//623 1567//623 1587//623
f 1587//623 1510//623 1512//623
f 1508//623 1581//623 1585//623
f 1585//623 1506//623 1508//623
f 1504//623 1613//623 1611//623
f 1611//623 1502//623 1504//623
f 1500//623 1583//623 1561//623
f 1498//623 1561//623 1565//623
f 1565//623 1624//623 1498//623
f 1589//623 1558//623 1624//623
f 1556//623 1579//623 1571//623
f 1571//623 1554//623 1556//623
f 1569//623 1552//623 1554//623
f 1577//623 1550//623 1552//623
f 1548//623 1575//623 1573//623
f 1548//623 1595//623 1546//623
f 1544//623 1595//623 1593//623
f 1545//617 1594//617 1547//617
f 1594//617 1549//617 1547//617
f 1572//617 1551//617 1549//617
f 1574//617 1553//617 1551//617
f 1576//617 1555//617 1553//617
f 1568//617 1557//617 1555//617
f 1570//617 1559//617 1557//617
f 1578//617 1625//617 1559//617
f 1588//617 1499//617 1625//617
f 1564//617 1501//617 1499//617
f 1560//617 1503//617 1501//617
f 1582//617 1505//617 1503//617
f 1610//617 1507//617 1505//617
f 1612//617 1509//617 1507//617
f 1584//617 1511//617 1509//617
f 1511//617 1586//617 1513//617
f 1513//617 1566//617 1515//617
f 1566//617 1517//617 1515//617
f 1517//617 1596//617 1519//617
f 1519//617 1614//617 1521//617
f 1521//617 1622//617 1523//617
f 1523//617 1608//617 1525//617
f 1525//617 1604//617 1527//617
f 1527//617 1606//617 1529//617
f 1529//617 1602//617 1531//617
f 1531//617 1616//617 1533//617
f 1533//617 1600//617 1535//617
f 1535//617 1598//617 1537//617
f 1537//617 1620//617 1539//617
f 1539//617 1618//617 1541//617
f 1618//617 1543//617 1541//617
f 1543//617 1592//617 1545//617
f 1626//263 1625//263 1624//263
f 1628//283 1627//283 1626//283
f 1630//270 1629//270 1628//270
f 1632//272 1631//272 1630//272
f 1634//287 1633//287 1632//287
f 1636//257 1635//257 1634//257
f 1638//276 1637//276 1636//276
f 1638//260 1641//260 1639//260
f 1642//278 1641//278 1640//278
f 1644//266 1643//266 1642//266
f 1646//265 1645//265 1644//265
f 1648//264 1647//264 1646//264
f 1650//262 1649//262 1648//262
f 1652//259 1651//259 1650//259
f 1654//288 1653//288 1652//288
f 1656//580 1655//580 1654//580
f 1658//579 1657//579 1656//579
f 1660//279 1659//279 1658//279
f 1662//275 1661//275 1660//275
f 1664//271 1663//271 1662//271
f 1666//269 1665//269 1664//269
f 1668//268 1667//268 1666//268
f 1670//267 1669//267 1668//267
f 1672//274 1671//274 1670//274
f 1672//280 1675//280 1673//280
f 1676//273 1675//273 1674//273
f 1678//277 1677//277 1676//277
f 1680//281 1679//281 1678//281
f 1682//284 1681//284 1680//284
f 1684//286 1683//286 1682//286
f 1686//258 1685//258 1684//258
f 1624//261 1687//261 1686//261
f 1741//268 1712//268 1713//268
f 1707//580 1716//580 1717//580
f 1705//262 1696//262 1697//262
f 1733//258 1736//258 1732//258
f 1709//274 1714//274 1715//274
f 1703//264 1704//264 1705//264
f 1719//276 1746//276 1718//276
f 1711//271 1738//271 1739//271
f 1699//259 1696//259 1698//259
f 1695//273 1690//273 1691//273
f 1717//579 1692//579 1693//579
f 1731//283 1744//283 1745//283
f 1731//263 1734//263 1730//263
f 1733//261 1734//261 1735//261
f 1727//287 1748//287 1749//287
f 1729//272 1726//272 1727//272
f 1743//284 1750//284 1751//284
f 1723//266 1700//266 1701//266
f 1693//279 1688//279 1689//279
f 1749//257 1746//257 1747//257
f 1713//267 1708//267 1709//267
f 1739//269 1740//269 1741//269
f 1691//277 1724//277 1725//277
f 1725//281 1742//281 1743//281
f 1721//278 1722//278 1723//278
f 1737//286 1750//286 1736//286
f 1715//280 1694//280 1695//280
f 1703//265 1700//265 1702//265
f 1707//288 1698//288 1706//288
f 1689//275 1710//275 1711//275
f 1745//270 1728//270 1729//270
f 1719//260 1720//260 1721//260
f 1670//623 1721//623 1672//623
f 1670//623 1747//623 1719//623
f 1749//623 1668//623 1666//623
f 1666//623 1727//623 1749//623
f 1729//623 1664//623 1662//623
f 1745//623 1662//623 1660//623
f 1660//623 1731//623 1745//623
f 1658//623 1735//623 1731//623
f 1656//623 1733//623 1735//623
f 1654//623 1737//623 1733//623
f 1751//623 1652//623 1650//623
f 1743//623 1650//623 1648//623
f 1725//623 1648//623 1646//623
f 1644//623 1725//623 1646//623
f 1642//623 1691//623 1644//623
f 1640//623 1695//623 1642//623
f 1638//623 1715//623 1640//623
f 1636//623 1709//623 1638//623
f 1634//623 1713//623 1636//623
f 1632//623 1741//623 1634//623
f 1630//623 1739//623 1632//623
f 1628//623 1711//623 1630//623
f 1626//623 1689//623 1628//623
f 1624//623 1693//623 1626//623
f 1686//623 1717//623 1624//623
f 1684//623 1707//623 1686//623
f 1682//623 1699//623 1684//623
f 1680//623 1697//623 1682//623
f 1678//623 1705//623 1680//623
f 1676//623 1703//623 1678//623
f 1723//623 1676//623 1674//623
f 1672//623 1723//623 1674//623
f 1673//617 1722//617 1720//617
f 1677//617 1722//617 1675//617
f 1679//617 1700//617 1677//617
f 1681//617 1702//617 1679//617
f 1683//617 1704//617 1681//617
f 1685//617 1696//617 1683//617
f 1687//617 1698//617 1685//617
f 1625//617 1706//617 1687//617
f 1627//617 1716//617 1625//617
f 1629//617 1692//617 1627//617
f 1631//617 1688//617 1629//617
f 1633//617 1710//617 1631//617
f 1635//617 1738//617 1633//617
f 1637//617 1740//617 1635//617
f 1639//617 1712//617 1637//617
f 1714//617 1639//617 1641//617
f 1641//617 1694//617 1714//617
f 1643//617 1690//617 1694//617
f 1724//617 1645//617 1647//617
f 1647//617 1742//617 1724//617
f 1649//617 1750//617 1742//617
f 1651//617 1736//617 1750//617
f 1653//617 1732//617 1736//617
f 1655//617 1734//617 1732//617
f 1657//617 1730//617 1734//617
f 1659//617 1744//617 1730//617
f 1661//617 1728//617 1744//617
f 1663//617 1726//617 1728//617
f 1665//617 1748//617 1726//617
f 1746//617 1667//617 1669//617
f 1671//617 1746//617 1669//617
f 1671//617 1720//617 1718//617
f 7//1 6//1 16//1
f 255//2 24//2 25//2
f 8//654 7//654 17//654
f 8//655 18//655 19//655
f 2//7 1//7 11//7
f 9//8 19//8 20//8
f 3//9 2//9 12//9
f 252//10 20//10 21//10
f 4//11 3//11 13//11
f 253//12 21//12 22//12
f 4//13 14//13 15//13
f 254//14 22//14 23//14
f 5//15 15//15 16//15
f 10//16 23//16 24//16
f 23//17 22//17 37//17
f 15//18 30//18 31//18
f 23//19 38//19 39//19
f 16//20 31//20 32//20
f 24//21 39//21 40//21
f 18//22 17//22 32//22
f 18//25 33//25 34//25
f 12//26 11//26 26//26
f 20//27 19//27 34//27
f 12//28 27//28 28//28
f 21//656 20//656 35//656
f 13//30 28//30 29//30
f 22//31 21//31 36//31
f 14//32 29//32 30//32
f 35//33 34//33 49//33
f 27//657 42//657 43//657
f 35//35 50//35 51//35
f 29//36 28//36 43//36
f 37//37 36//37 51//37
f 30//38 29//38 44//38
f 37//39 52//39 53//39
f 31//40 30//40 45//40
f 38//41 53//41 54//41
f 31//42 46//42 47//42
f 39//658 54//658 55//658
f 33//44 32//44 47//44
f 33//47 48//47 49//47
f 26//48 41//48 42//48
f 53//49 68//49 69//49
f 46//50 61//50 62//50
f 55//659 54//659 69//659
f 47//52 62//52 63//52
f 48//660 63//660 64//660
f 42//56 41//56 56//56
f 50//57 49//57 64//57
f 43//58 42//58 57//58
f 50//59 65//59 66//59
f 43//60 58//60 59//60
f 52//61 51//61 66//61
f 44//62 59//62 60//62
f 53//63 52//63 67//63
f 46//64 45//64 60//64
f 58//65 57//65 72//65
f 66//66 65//66 80//66
f 58//67 73//67 74//67
f 66//68 81//68 82//68
f 60//69 59//69 74//69
f 68//70 67//70 82//70
f 60//71 75//71 76//71
f 68//72 83//72 84//72
f 62//73 61//73 76//73
f 69//74 84//74 85//74
f 63//75 62//75 77//75
f 63//78 78//78 79//78
f 56//572 71//572 72//572
f 64//80 79//80 80//80
f 77//81 76//81 91//81
f 85//568 84//568 99//568
f 77//569 92//569 93//569
f 78//570 93//570 94//570
f 71//661 86//661 87//661
f 79//88 94//88 95//88
f 72//571 87//571 88//571
f 81//90 80//90 95//90
f 73//91 88//91 89//91
f 81//92 96//92 97//92
f 74//93 89//93 90//93
f 83//94 82//94 97//94
f 75//95 90//95 91//95
f 84//96 83//96 98//96
f 96//97 95//97 110//97
f 88//98 103//98 104//98
f 96//99 111//99 112//99
f 89//100 104//100 105//100
f 98//101 97//101 112//101
f 90//102 105//102 106//102
f 99//662 98//662 113//662
f 92//104 91//104 106//104
f 100//105 99//105 114//105
f 92//565 107//565 108//565
f 94//663 93//663 108//663
f 86//566 101//566 102//566
f 94//111 109//111 110//111
f 87//567 102//567 103//567
f 114//113 129//113 130//113
f 107//564 122//564 123//564
f 109//664 108//664 123//664
f 101//665 116//665 117//665
f 109//119 124//119 125//119
f 102//120 117//120 118//120
f 111//121 110//121 125//121
f 103//122 118//122 119//122
f 111//123 126//123 127//123
f 105//124 104//124 119//124
f 113//125 112//125 127//125
f 105//126 120//126 121//126
f 113//127 128//127 129//127
f 107//128 106//128 121//128
f 119//129 118//129 133//129
f 127//130 126//130 141//130
f 119//131 134//131 135//131
f 127//132 142//132 143//132
f 120//133 135//133 136//133
f 129//134 128//134 143//134
f 122//135 121//135 136//135
f 130//136 129//136 144//136
f 123//666 122//666 137//666
f 123//562 138//562 139//562
f 117//563 116//563 131//563
f 124//142 139//142 140//142
f 117//143 132//143 133//143
f 126//144 125//144 140//144
f 138//667 137//667 152//667
f 138//560 153//560 154//560
f 132//149 131//149 146//149
f 140//150 139//150 154//150
f 133//668 132//668 147//668
f 141//152 140//152 155//152
f 134//153 133//153 148//153
f 141//154 156//154 157//154
f 134//155 149//155 150//155
f 142//156 157//156 158//156
f 135//157 150//157 151//157
f 143//559 158//559 159//559
f 136//159 151//159 152//159
f 144//160 159//160 160//160
f 157//161 156//161 171//161
f 149//162 164//162 165//162
f 157//163 172//163 173//163
f 150//164 165//164 166//164
f 159//558 158//558 173//558
f 151//166 166//166 167//166
f 159//556 174//556 175//556
f 153//669 152//669 167//669
f 153//557 168//557 169//557
f 146//670 161//670 162//670
f 155//173 154//173 169//173
f 148//671 147//671 162//671
f 155//175 170//175 171//175
f 149//176 148//176 163//176
f 168//672 183//672 184//672
f 161//555 176//555 177//555
f 169//180 184//180 185//180
f 162//181 177//181 178//181
f 171//182 170//182 185//182
f 164//183 163//183 178//183
f 171//184 186//184 187//184
f 165//185 164//185 179//185
f 172//186 187//186 188//186
f 165//187 180//187 181//187
f 173//188 188//188 189//188
f 167//189 166//189 181//189
f 175//554 174//554 189//554
f 167//673 182//673 183//673
f 187//193 202//193 203//193
f 181//194 180//194 195//194
f 189//195 188//195 203//195
f 182//196 181//196 196//196
f 189//550 204//550 205//550
f 182//551 197//551 198//551
f 183//552 198//552 199//552
f 177//553 176//553 191//553
f 184//203 199//203 200//203
f 177//204 192//204 193//204
f 185//205 200//205 201//205
f 179//206 178//206 193//206
f 186//207 201//207 202//207
f 179//208 194//208 195//208
f 191//674 207//674 208//674
f 199//210 215//210 216//210
f 193//211 192//211 208//211
f 200//212 216//212 217//212
f 193//213 209//213 210//213
f 202//214 201//214 217//214
f 194//215 210//215 211//215
f 203//216 202//216 218//216
f 195//217 211//217 212//217
f 204//218 203//218 219//218
f 196//219 212//219 213//219
f 205//675 204//675 220//675
f 198//549 197//549 213//549
f 198//676 214//676 215//676
f 211//225 226//225 227//225
f 220//226 219//226 234//226
f 213//227 212//227 227//227
f 220//228 235//228 236//228
f 213//229 228//229 229//229
f 215//232 214//232 229//232
f 208//677 207//677 222//677
f 215//234 230//234 231//234
f 208//235 223//235 224//235
f 217//236 216//236 231//236
f 209//237 224//237 225//237
f 218//238 217//238 232//238
f 210//239 225//239 226//239
f 218//240 233//240 234//240
f 230//241 244//241 245//241
f 223//242 238//242 239//242
f 232//243 231//243 245//243
f 225//244 224//244 239//244
f 232//245 246//245 247//245
f 226//246 225//246 240//246
f 234//247 233//247 247//247
f 226//248 241//248 242//248
f 235//249 234//249 248//249
f 228//250 227//250 242//250
f 235//251 249//251 250//251
f 228//678 243//678 787//678
f 230//679 229//679 787//679
f 222//256 237//256 238//256
f 255//257 542//257 522//257
f 7//258 519//258 518//258
f 246//259 245//259 532//259
f 206//260 523//260 543//260
f 8//261 520//261 519//261
f 246//262 533//262 534//262
f 9//263 521//263 520//263
f 247//264 534//264 535//264
f 248//265 535//265 536//265
f 249//266 536//266 537//266
f 237//267 524//267 525//267
f 238//268 525//268 526//268
f 239//269 526//269 527//269
f 252//270 253//270 540//270
f 241//271 240//271 527//271
f 254//272 541//272 540//272
f 2//273 514//273 513//273
f 251//274 538//274 524//274
f 241//275 528//275 529//275
f 256//276 543//276 542//276
f 3//277 515//277 514//277
f 250//278 537//278 523//278
f 242//279 529//279 530//279
f 1//280 513//280 538//280
f 4//281 516//281 515//281
f 243//282 530//282 1076//282
f 252//283 539//283 521//283
f 5//284 517//284 516//284
f 787//285 1076//285 531//285
f 6//286 518//286 517//286
f 10//287 522//287 541//287
f 244//288 531//288 532//288
f 263//289 273//289 272//289
f 281//290 280//290 511//290
f 264//680 274//680 273//680
f 275//681 274//681 264//681
f 258//682 268//682 267//682
f 276//296 275//296 265//296
f 259//297 269//297 268//297
f 277//298 276//298 508//298
f 260//299 270//299 269//299
f 278//300 277//300 509//300
f 271//301 270//301 260//301
f 279//302 278//302 510//302
f 272//303 271//303 261//303
f 280//304 279//304 266//304
f 294//305 293//305 278//305
f 287//306 286//306 271//306
f 295//307 294//307 279//307
f 288//308 287//308 272//308
f 296//309 295//309 280//309
f 274//310 289//310 288//310
f 290//313 289//313 274//313
f 268//613 283//613 282//613
f 276//315 291//315 290//315
f 284//316 283//316 268//316
f 277//317 292//317 291//317
f 285//318 284//318 269//318
f 278//319 293//319 292//319
f 286//320 285//320 270//320
f 291//321 306//321 305//321
f 299//683 298//683 283//683
f 292//323 307//323 306//323
f 285//324 300//324 299//324
f 293//325 308//325 307//325
f 301//326 300//326 285//326
f 309//327 308//327 293//327
f 287//328 302//328 301//328
f 310//329 309//329 294//329
f 303//330 302//330 287//330
f 296//331 311//331 310//331
f 289//332 304//332 303//332
f 305//335 304//335 289//335
f 298//609 297//609 282//609
f 325//337 324//337 309//337
f 318//338 317//338 302//338
f 311//339 326//339 325//339
f 304//340 319//340 318//340
f 320//343 319//343 304//343
f 298//684 313//684 312//684
f 306//345 321//345 320//345
f 299//346 314//346 313//346
f 307//347 322//347 321//347
f 315//348 314//348 299//348
f 308//349 323//349 322//349
f 316//350 315//350 300//350
f 309//351 324//351 323//351
f 302//352 317//352 316//352
f 329//353 328//353 313//353
f 322//354 337//354 336//354
f 330//355 329//355 314//355
f 323//356 338//356 337//356
f 316//357 331//357 330//357
f 324//358 339//358 338//358
f 332//359 331//359 316//359
f 340//360 339//360 324//360
f 318//361 333//361 332//361
f 341//362 340//362 325//362
f 319//606 334//606 333//606
f 335//604 334//604 319//604
f 328//367 327//367 312//367
f 336//368 335//368 320//368
f 333//369 348//369 347//369
f 341//370 356//370 355//370
f 349//685 348//685 333//685
f 350//686 349//686 334//686
f 343//603 342//603 327//603
f 351//376 350//376 335//376
f 344//377 343//377 328//377
f 337//378 352//378 351//378
f 345//379 344//379 329//379
f 353//380 352//380 337//380
f 346//381 345//381 330//381
f 339//382 354//382 353//382
f 347//383 346//383 331//383
f 340//384 355//384 354//384
f 352//385 367//385 366//385
f 345//386 360//386 359//386
f 368//387 367//387 352//387
f 346//388 361//388 360//388
f 354//389 369//389 368//389
f 362//390 361//390 346//390
f 355//391 370//391 369//391
f 348//392 363//392 362//392
f 356//393 371//393 370//393
f 364//687 363//687 348//687
f 365//601 364//601 349//601
f 358//688 357//688 342//688
f 366//399 365//399 350//399
f 359//400 358//400 343//400
f 386//689 385//689 370//689
f 379//690 378//690 363//690
f 365//599 380//599 379//599
f 373//600 372//600 357//600
f 381//407 380//407 365//407
f 374//408 373//408 358//408
f 382//409 381//409 366//409
f 375//410 374//410 359//410
f 383//411 382//411 367//411
f 376//412 375//412 360//412
f 369//413 384//413 383//413
f 377//414 376//414 361//414
f 370//415 385//415 384//415
f 363//416 378//416 377//416
f 375//417 390//417 389//417
f 398//418 397//418 382//418
f 376//419 391//419 390//419
f 399//420 398//420 383//420
f 392//421 391//421 376//421
f 385//422 400//422 399//422
f 378//423 393//423 392//423
f 386//691 401//691 400//691
f 379//598 394//598 393//598
f 395//692 394//692 379//692
f 373//693 388//693 387//693
f 396//430 395//430 380//430
f 389//431 388//431 373//431
f 382//432 397//432 396//432
f 394//596 409//596 408//596
f 410//694 409//694 394//694
f 388//597 403//597 402//597
f 396//438 411//438 410//438
f 389//439 404//439 403//439
f 397//440 412//440 411//440
f 390//441 405//441 404//441
f 398//442 413//442 412//442
f 391//443 406//443 405//443
f 414//444 413//444 398//444
f 407//445 406//445 391//445
f 415//446 414//446 399//446
f 408//447 407//447 392//447
f 416//448 415//448 400//448
f 413//449 428//449 427//449
f 421//450 420//450 405//450
f 429//451 428//451 413//451
f 407//452 422//452 421//452
f 415//453 430//453 429//453
f 423//454 422//454 407//454
f 416//455 431//455 430//455
f 424//456 423//456 408//456
f 425//695 424//695 409//695
f 418//460 417//460 402//460
f 426//461 425//461 410//461
f 404//462 419//462 418//462
f 427//463 426//463 411//463
f 405//464 420//464 419//464
f 440//696 439//696 424//696
f 433//467 432//467 417//467
f 441//468 440//468 425//468
f 434//469 433//469 418//469
f 427//470 442//470 441//470
f 420//471 435//471 434//471
f 428//472 443//472 442//472
f 436//473 435//473 420//473
f 444//474 443//474 428//474
f 437//475 436//475 421//475
f 445//476 444//476 429//476
f 423//477 438//477 437//477
f 431//478 446//478 445//478
f 439//479 438//479 423//479
f 459//481 458//481 443//481
f 437//482 452//482 451//482
f 445//483 460//483 459//483
f 438//484 453//484 452//484
f 461//485 460//485 445//485
f 454//591 453//591 438//591
f 455//592 454//592 439//592
f 448//697 447//697 432//697
f 456//491 455//491 440//491
f 449//492 448//492 433//492
f 457//493 456//493 441//493
f 435//494 450//494 449//494
f 458//495 457//495 442//495
f 451//496 450//496 435//496
f 464//589 463//589 447//589
f 472//498 471//498 455//498
f 449//587 465//587 464//587
f 473//500 472//500 456//500
f 466//501 465//501 449//501
f 458//502 474//502 473//502
f 467//503 466//503 450//503
f 459//504 475//504 474//504
f 468//505 467//505 451//505
f 460//588 476//588 475//588
f 453//507 469//507 468//507
f 477//508 476//508 460//508
f 454//698 470//698 469//698
f 471//699 470//699 454//699
f 483//513 482//513 467//513
f 476//514 491//514 490//514
f 469//515 484//515 483//515
f 492//516 491//516 476//516
f 485//517 484//517 469//517
f 471//520 486//520 485//520
f 479//521 478//521 463//521
f 487//522 486//522 471//522
f 480//523 479//523 464//523
f 473//524 488//524 487//524
f 466//525 481//525 480//525
f 474//526 489//526 488//526
f 482//527 481//527 466//527
f 475//528 490//528 489//528
f 501//529 500//529 486//529
f 495//530 494//530 479//530
f 488//531 502//531 501//531
f 496//532 495//532 480//532
f 503//533 502//533 488//533
f 482//534 497//534 496//534
f 490//535 504//535 503//535
f 498//536 497//536 482//536
f 491//537 505//537 504//537
f 484//538 499//538 498//538
f 506//539 505//539 491//539
f 1044//700 499//700 484//700
f 486//701 500//701 1044//701
f 494//702 493//702 478//702
f 522//257 542//257 511//257
f 518//258 519//258 263//258
f 502//259 533//259 532//259
f 543//260 523//260 462//260
f 519//261 520//261 264//261
f 534//262 533//262 502//262
f 520//263 521//263 265//263
f 535//264 534//264 503//264
f 536//265 535//265 504//265
f 537//266 536//266 505//266
f 525//267 524//267 493//267
f 526//268 525//268 494//268
f 527//269 526//269 495//269
f 508//270 539//270 540//270
f 497//271 528//271 527//271
f 540//272 541//272 510//272
f 513//273 514//273 258//273
f 524//274 538//274 507//274
f 529//275 528//275 497//275
f 542//276 543//276 512//276
f 514//277 515//277 259//277
f 523//278 537//278 506//278
f 530//279 529//279 498//279
f 538//280 513//280 257//280
f 515//281 516//281 260//281
f 1076//282 530//282 499//282
f 521//283 539//283 508//283
f 516//284 517//284 261//284
f 531//285 1076//285 1044//285
f 261//286 517//286 518//286
f 541//287 522//287 266//287
f 532//288 531//288 500//288
f 550//250 560//250 559//250
f 568//251 567//251 799//251
f 551//703 561//703 560//703
f 562//704 561//704 551//704
f 545//256 555//256 554//256
f 563//241 562//241 552//241
f 546//242 556//242 555//242
f 564//243 563//243 796//243
f 547//244 557//244 556//244
f 565//245 564//245 797//245
f 558//246 557//246 547//246
f 566//247 565//247 798//247
f 559//248 558//248 548//248
f 567//249 566//249 553//249
f 581//240 580//240 565//240
f 574//225 573//225 558//225
f 582//226 581//226 566//226
f 575//227 574//227 559//227
f 583//228 582//228 567//228
f 561//547 576//547 575//547
f 577//548 576//548 561//548
f 555//233 570//233 569//233
f 563//234 578//234 577//234
f 571//235 570//235 555//235
f 564//236 579//236 578//236
f 572//237 571//237 556//237
f 565//238 580//238 579//238
f 573//239 572//239 557//239
f 578//210 593//210 592//210
f 586//705 585//705 570//705
f 579//212 594//212 593//212
f 572//213 587//213 586//213
f 580//214 595//214 594//214
f 588//215 587//215 572//215
f 596//216 595//216 580//216
f 574//217 589//217 588//217
f 597//218 596//218 581//218
f 590//219 589//219 574//219
f 583//220 598//220 597//220
f 576//549 591//549 590//549
f 592//224 591//224 576//224
f 585//209 584//209 569//209
f 612//195 611//195 596//195
f 605//196 604//196 589//196
f 598//197 613//197 612//197
f 591//551 606//551 605//551
f 607//552 606//552 591//552
f 585//553 600//553 599//553
f 593//203 608//203 607//203
f 586//204 601//204 600//204
f 594//205 609//205 608//205
f 602//206 601//206 586//206
f 595//207 610//207 609//207
f 603//208 602//208 587//208
f 596//193 611//193 610//193
f 589//194 604//194 603//194
f 616//181 615//181 600//181
f 609//182 624//182 623//182
f 617//183 616//183 601//183
f 610//184 625//184 624//184
f 603//185 618//185 617//185
f 611//186 626//186 625//186
f 619//187 618//187 603//187
f 627//188 626//188 611//188
f 605//189 620//189 619//189
f 628//554 627//554 612//554
f 606//191 621//191 620//191
f 622//178 621//178 606//178
f 615//179 614//179 599//179
f 623//180 622//180 607//180
f 620//166 635//166 634//166
f 628//167 643//167 642//167
f 636//669 635//669 620//669
f 637//171 636//171 621//171
f 630//670 629//670 614//670
f 638//173 637//173 622//173
f 631//671 630//671 615//671
f 624//175 639//175 638//175
f 632//176 631//176 616//176
f 640//161 639//161 624//161
f 633//162 632//162 617//162
f 626//163 641//163 640//163
f 634//164 633//164 618//164
f 627//558 642//558 641//558
f 639//152 654//152 653//152
f 632//153 647//153 646//153
f 655//154 654//154 639//154
f 633//155 648//155 647//155
f 641//156 656//156 655//156
f 649//157 648//157 633//157
f 642//158 657//158 656//158
f 635//159 650//159 649//159
f 643//706 658//706 657//706
f 651//667 650//667 635//667
f 652//148 651//148 636//148
f 645//149 644//149 629//149
f 653//150 652//150 637//150
f 646//668 645//668 630//668
f 673//136 672//136 657//136
f 666//666 665//666 650//666
f 652//140 667//140 666//140
f 660//141 659//141 644//141
f 668//142 667//142 652//142
f 661//143 660//143 645//143
f 669//144 668//144 653//144
f 662//129 661//129 646//129
f 670//130 669//130 654//130
f 663//131 662//131 647//131
f 656//132 671//132 670//132
f 664//133 663//133 648//133
f 657//134 672//134 671//134
f 650//135 665//135 664//135
f 662//122 677//122 676//122
f 685//123 684//123 669//123
f 663//124 678//124 677//124
f 686//125 685//125 670//125
f 679//126 678//126 663//126
f 672//127 687//127 686//127
f 665//128 680//128 679//128
f 673//707 688//707 687//707
f 666//114 681//114 680//114
f 682//664 681//664 666//664
f 660//665 675//665 674//665
f 683//119 682//119 667//119
f 676//120 675//120 660//120
f 669//121 684//121 683//121
f 681//106 696//106 695//106
f 697//663 696//663 681//663
f 675//110 690//110 689//110
f 683//111 698//111 697//111
f 676//112 691//112 690//112
f 684//97 699//97 698//97
f 677//98 692//98 691//98
f 685//99 700//99 699//99
f 678//100 693//100 692//100
f 701//101 700//101 685//101
f 694//102 693//102 678//102
f 702//662 701//662 686//662
f 695//104 694//104 679//104
f 703//105 702//105 687//105
f 700//92 715//92 714//92
f 708//93 707//93 692//93
f 716//94 715//94 700//94
f 694//95 709//95 708//95
f 702//708 717//708 716//708
f 710//81 709//81 694//81
f 703//568 718//568 717//568
f 711//83 710//83 695//83
f 712//86 711//86 696//86
f 705//661 704//661 689//661
f 713//88 712//88 697//88
f 691//89 706//89 705//89
f 714//90 713//90 698//90
f 692//91 707//91 706//91
f 727//709 726//709 711//709
f 720//79 719//79 704//79
f 728//80 727//80 712//80
f 721//65 720//65 705//65
f 714//66 729//66 728//66
f 707//67 722//67 721//67
f 715//68 730//68 729//68
f 723//69 722//69 707//69
f 731//70 730//70 715//70
f 724//71 723//71 708//71
f 732//72 731//72 716//72
f 710//73 725//73 724//73
f 718//74 733//74 732//74
f 726//710 725//710 710//710
f 746//63 745//63 730//63
f 724//64 739//64 738//64
f 732//49 747//49 746//49
f 725//50 740//50 739//50
f 748//659 747//659 732//659
f 741//52 740//52 725//52
f 742//660 741//660 726//660
f 735//56 734//56 719//56
f 743//57 742//57 727//57
f 736//58 735//58 720//58
f 744//59 743//59 728//59
f 722//60 737//60 736//60
f 745//61 744//61 729//61
f 738//62 737//62 722//62
f 751//711 750//711 734//711
f 759//33 758//33 742//33
f 736//34 752//34 751//34
f 760//35 759//35 743//35
f 753//36 752//36 736//36
f 745//37 761//37 760//37
f 754//38 753//38 737//38
f 746//39 762//39 761//39
f 755//40 754//40 738//40
f 747//41 763//41 762//41
f 740//42 756//42 755//42
f 764//43 763//43 747//43
f 741//712 757//712 756//712
f 758//713 757//713 741//713
f 770//18 769//18 754//18
f 763//19 778//19 777//19
f 756//20 771//20 770//20
f 779//21 778//21 763//21
f 772//574 771//574 756//574
f 758//575 773//575 772//575
f 766//26 765//26 750//26
f 774//27 773//27 758//27
f 767//28 766//28 751//28
f 760//29 775//29 774//29
f 753//30 768//30 767//30
f 761//31 776//31 775//31
f 769//32 768//32 753//32
f 762//17 777//17 776//17
f 789//8 788//8 773//8
f 782//9 781//9 766//9
f 775//10 790//10 789//10
f 783//11 782//11 767//11
f 791//12 790//12 775//12
f 769//13 784//13 783//13
f 777//14 792//14 791//14
f 785//15 784//15 769//15
f 778//16 793//16 792//16
f 771//1 786//1 785//1
f 794//2 793//2 778//2
f 787//714 786//714 771//714
f 773//715 788//715 787//715
f 781//7 780//7 765//7
f 1067//265 1088//265 799//265
f 1063//279 1064//279 550//279
f 790//270 1079//270 1078//270
f 1089//278 1068//278 749//278
f 1064//579 1065//579 551//579
f 1080//272 1079//272 790//272
f 1065//580 1066//580 552//580
f 1081//287 1080//287 791//287
f 1082//257 1081//257 792//257
f 1083//276 1082//276 793//276
f 1070//273 1069//273 780//273
f 1071//277 1070//277 781//277
f 1072//281 1071//281 782//281
f 796//259 1085//259 1086//259
f 784//284 1073//284 1072//284
f 1086//262 1087//262 798//262
f 1058//267 1059//267 545//267
f 1069//280 1084//280 795//280
f 1074//286 1073//286 784//286
f 1088//266 1089//266 800//266
f 1059//268 1060//268 546//268
f 1068//260 1083//260 794//260
f 1075//258 1074//258 785//258
f 1084//274 1058//274 544//274
f 1060//269 1061//269 547//269
f 1076//581 1075//581 786//581
f 1066//288 1085//288 796//288
f 1061//271 1062//271 548//271
f 1077//582 1076//582 787//582
f 548//275 1062//275 1063//275
f 1087//264 1067//264 553//264
f 1078//283 1077//283 788//283
f 807//538 806//538 816//538
f 1056//539 824//539 825//539
f 808//716 807//716 817//716
f 808//717 818//717 819//717
f 802//544 801//544 811//544
f 809//529 819//529 820//529
f 803//530 802//530 812//530
f 1053//531 820//531 821//531
f 804//532 803//532 813//532
f 1054//533 821//533 822//533
f 804//534 814//534 815//534
f 1055//535 822//535 823//535
f 805//536 815//536 816//536
f 810//537 823//537 824//537
f 823//528 822//528 837//528
f 815//513 830//513 831//513
f 823//514 838//514 839//514
f 816//515 831//515 832//515
f 824//516 839//516 840//516
f 818//585 817//585 832//585
f 818//586 833//586 834//586
f 812//718 811//718 826//718
f 820//522 819//522 834//522
f 812//523 827//523 828//523
f 821//524 820//524 835//524
f 813//525 828//525 829//525
f 822//526 821//526 836//526
f 814//527 829//527 830//527
f 835//498 834//498 849//498
f 827//499 842//499 843//499
f 835//500 850//500 851//500
f 829//501 828//501 843//501
f 837//502 836//502 851//502
f 830//503 829//503 844//503
f 837//504 852//504 853//504
f 831//505 830//505 845//505
f 838//588 853//588 854//588
f 831//507 846//507 847//507
f 839//508 854//508 855//508
f 833//509 832//509 847//509
f 833//512 848//512 849//512
f 826//497 841//497 842//497
f 853//483 868//483 869//483
f 846//484 861//484 862//484
f 855//485 854//485 869//485
f 847//591 862//591 863//591
f 848//592 863//592 864//592
f 842//697 841//697 856//697
f 850//491 849//491 864//491
f 843//492 842//492 857//492
f 850//493 865//493 866//493
f 843//494 858//494 859//494
f 852//495 851//495 866//495
f 844//496 859//496 860//496
f 853//481 852//481 867//481
f 846//482 845//482 860//482
f 858//469 857//469 872//469
f 866//470 865//470 880//470
f 858//471 873//471 874//471
f 866//472 881//472 882//472
f 860//473 859//473 874//473
f 868//474 867//474 882//474
f 860//475 875//475 876//475
f 868//476 883//476 884//476
f 862//477 861//477 876//477
f 869//478 884//478 885//478
f 863//719 862//719 877//719
f 863//696 878//696 879//696
f 856//720 871//720 872//720
f 864//468 879//468 880//468
f 877//454 876//454 891//454
f 885//455 884//455 899//455
f 877//456 892//456 893//456
f 878//695 893//695 894//695
f 871//460 886//460 887//460
f 879//461 894//461 895//461
f 872//462 887//462 888//462
f 881//463 880//463 895//463
f 873//464 888//464 889//464
f 881//449 896//449 897//449
f 874//450 889//450 890//450
f 883//451 882//451 897//451
f 875//452 890//452 891//452
f 884//453 883//453 898//453
f 896//440 895//440 910//440
f 888//441 903//441 904//441
f 896//442 911//442 912//442
f 889//443 904//443 905//443
f 898//444 897//444 912//444
f 890//445 905//445 906//445
f 899//446 898//446 913//446
f 892//447 891//447 906//447
f 900//448 899//448 914//448
f 892//433 907//433 908//433
f 894//694 893//694 908//694
f 886//437 901//437 902//437
f 894//438 909//438 910//438
f 887//439 902//439 903//439
f 914//424 929//424 930//424
f 907//425 922//425 923//425
f 909//692 908//692 923//692
f 901//693 916//693 917//693
f 909//430 924//430 925//430
f 902//431 917//431 918//431
f 911//432 910//432 925//432
f 903//417 918//417 919//417
f 911//418 926//418 927//418
f 905//419 904//419 919//419
f 913//420 912//420 927//420
f 905//421 920//421 921//421
f 913//422 928//422 929//422
f 907//423 906//423 921//423
f 919//410 918//410 933//410
f 927//411 926//411 941//411
f 919//412 934//412 935//412
f 927//413 942//413 943//413
f 920//414 935//414 936//414
f 929//415 928//415 943//415
f 922//416 921//416 936//416
f 930//689 929//689 944//689
f 923//690 922//690 937//690
f 923//405 938//405 939//405
f 917//406 916//406 931//406
f 924//407 939//407 940//407
f 917//408 932//408 933//408
f 926//409 925//409 940//409
f 938//687 937//687 952//687
f 938//397 953//397 954//397
f 932//688 931//688 946//688
f 940//399 939//399 954//399
f 933//400 932//400 947//400
f 941//385 940//385 955//385
f 934//386 933//386 948//386
f 941//387 956//387 957//387
f 934//388 949//388 950//388
f 942//389 957//389 958//389
f 935//390 950//390 951//390
f 943//391 958//391 959//391
f 936//392 951//392 952//392
f 944//393 959//393 960//393
f 957//380 956//380 971//380
f 949//381 964//381 965//381
f 957//382 972//382 973//382
f 950//383 965//383 966//383
f 959//384 958//384 973//384
f 951//369 966//369 967//369
f 959//370 974//370 975//370
f 953//721 952//721 967//721
f 953//374 968//374 969//374
f 946//603 961//603 962//603
f 955//376 954//376 969//376
f 948//377 947//377 962//377
f 955//378 970//378 971//378
f 949//379 948//379 963//379
f 968//604 983//604 984//604
f 961//605 976//605 977//605
f 969//368 984//368 985//368
f 962//353 977//353 978//353
f 971//354 970//354 985//354
f 964//355 963//355 978//355
f 971//356 986//356 987//356
f 965//357 964//357 979//357
f 972//358 987//358 988//358
f 965//359 980//359 981//359
f 973//360 988//360 989//360
f 967//361 966//361 981//361
f 975//362 974//362 989//362
f 967//606 982//606 983//606
f 987//351 1002//351 1003//351
f 981//352 980//352 995//352
f 989//337 988//337 1003//337
f 982//338 981//338 996//338
f 989//339 1004//339 1005//339
f 982//340 997//340 998//340
f 983//343 998//343 999//343
f 977//684 976//684 991//684
f 984//345 999//345 1000//345
f 977//346 992//346 993//346
f 985//347 1000//347 1001//347
f 979//348 978//348 993//348
f 986//349 1001//349 1002//349
f 979//350 994//350 995//350
f 991//336 1007//336 1008//336
f 999//321 1015//321 1016//321
f 993//322 992//322 1008//322
f 1000//323 1016//323 1017//323
f 993//324 1009//324 1010//324
f 1002//325 1001//325 1017//325
f 994//326 1010//326 1011//326
f 1003//327 1002//327 1018//327
f 995//328 1011//328 1012//328
f 1004//722 1003//722 1019//722
f 996//330 1012//330 1013//330
f 1005//331 1004//331 1020//331
f 998//332 997//332 1013//332
f 998//723 1014//723 1015//723
f 1011//306 1026//306 1027//306
f 1020//307 1019//307 1034//307
f 1013//308 1012//308 1027//308
f 1020//309 1035//309 1036//309
f 1013//611 1028//611 1029//611
f 1015//612 1014//612 1029//612
f 1008//314 1007//314 1022//314
f 1015//315 1030//315 1031//315
f 1008//316 1023//316 1024//316
f 1017//317 1016//317 1031//317
f 1009//318 1024//318 1025//318
f 1018//319 1017//319 1032//319
f 1010//320 1025//320 1026//320
f 1018//305 1033//305 1034//305
f 1030//296 1045//296 1046//296
f 1023//297 1038//297 1039//297
f 1032//298 1031//298 1046//298
f 1025//299 1024//299 1039//299
f 1032//300 1047//300 1048//300
f 1026//301 1025//301 1040//301
f 1034//302 1033//302 1048//302
f 1026//303 1041//303 1042//303
f 1035//304 1034//304 1049//304
f 1028//289 1027//289 1042//289
f 1035//290 1050//290 1051//290
f 1028//724 1043//724 1044//724
f 1030//725 1029//725 1044//725
f 1022//682 1037//682 1038//682
f 1056//265 1088//265 1067//265
f 807//279 1064//279 1063//279
f 1047//270 1046//270 1078//270
f 1006//278 1068//278 1089//278
f 808//579 1065//579 1064//579
f 1047//272 1079//272 1080//272
f 809//580 1066//580 1065//580
f 1048//287 1080//287 1081//287
f 1049//257 1081//257 1082//257
f 1050//276 1082//276 1083//276
f 1037//273 1069//273 1070//273
f 1038//277 1070//277 1071//277
f 1039//281 1071//281 1072//281
f 1053//259 1054//259 1086//259
f 1041//284 1040//284 1072//284
f 1055//262 1087//262 1086//262
f 802//267 1059//267 1058//267
f 1052//280 1084//280 1069//280
f 1041//286 1073//286 1074//286
f 1057//266 1089//266 1088//266
f 803//268 1060//268 1059//268
f 1051//260 1083//260 1068//260
f 1042//258 1074//258 1075//258
f 801//274 1058//274 1084//274
f 804//269 1061//269 1060//269
f 1043//581 1075//581 1076//581
f 1053//288 1085//288 1066//288
f 805//271 1062//271 1061//271
f 1044//582 1076//582 1077//582
f 806//275 1063//275 1062//275
f 810//264 1067//264 1087//264
f 1045//283 1077//283 1078//283
f 1093//616 1097//616 1096//616
f 1097//617 1095//617 1094//617
f 1094//618 1095//618 1091//618
f 1101//616 1105//616 1104//616
f 1102//618 1103//618 1099//618
f 1104//619 1102//619 1098//619
f 1101//620 1099//620 1103//620
f 1107//621 1109//621 1108//621
f 1109//616 1113//616 1112//616
f 1113//622 1111//622 1110//622
f 1110//618 1111//618 1107//618
f 1112//619 1110//619 1106//619
f 1109//620 1107//620 1111//620
f 1115//623 1117//623 1123//623
f 1133//616 1121//616 1124//616
f 1121//617 1119//617 1125//617
f 1137//618 1115//618 1122//618
f 1120//619 1118//619 1135//619
f 1117//620 1115//620 1137//620
f 1139//618 1122//618 1129//618
f 1124//624 1125//624 1128//624
f 1141//616 1124//616 1127//616
f 1122//625 1123//625 1126//625
f 1129//625 1126//625 1116//625
f 1143//616 1127//616 1120//616
f 1127//624 1128//624 1118//624
f 1145//618 1129//618 1114//618
f 1118//618 1128//618 1144//618
f 1144//618 1145//618 1134//618
f 1116//616 1126//616 1142//616
f 1142//616 1143//616 1130//616
f 1126//616 1123//616 1140//616
f 1140//616 1141//616 1143//616
f 1128//618 1125//618 1138//618
f 1138//618 1139//618 1145//618
f 1133//620 1136//620 1119//620
f 1132//620 1137//620 1136//620
f 1131//619 1134//619 1114//619
f 1130//619 1135//619 1134//619
f 1119//618 1136//618 1138//618
f 1136//618 1137//618 1139//618
f 1117//616 1132//616 1140//616
f 1132//616 1133//616 1141//616
f 1147//626 1149//626 1148//626
f 1149//616 1153//616 1152//616
f 1153//627 1151//627 1150//627
f 1150//618 1151//618 1147//618
f 1152//619 1150//619 1146//619
f 1149//620 1147//620 1151//620
f 1157//616 1161//616 1160//616
f 1159//618 1155//618 1154//618
f 1157//620 1155//620 1159//620
f 1163//623 1165//623 1164//623
f 1165//616 1169//616 1168//616
f 1169//617 1167//617 1166//617
f 1167//618 1163//618 1162//618
f 1168//619 1166//619 1162//619
f 1165//620 1163//620 1167//620
f 1191//617 1189//617 1173//617
f 1173//628 1171//628 1175//628
f 1188//619 1172//619 1170//619
f 1187//620 1171//620 1173//620
f 1177//629 1174//629 1170//629
f 1190//617 1177//617 1172//617
f 1191//617 1176//617 1177//617
f 1177//618 1176//618 1175//618
f 1175//623 1193//623 1192//623
f 1170//623 1174//623 1192//623
f 1171//623 1187//623 1193//623
f 1191//617 1184//617 1181//617
f 1183//630 1179//630 1181//630
f 1178//619 1180//619 1188//619
f 1181//620 1179//620 1187//620
f 1178//631 1182//631 1185//631
f 1180//617 1185//617 1190//617
f 1185//617 1184//617 1191//617
f 1183//616 1184//616 1185//616
f 1192//623 1193//623 1183//623
f 1178//623 1186//623 1192//623
f 1193//623 1187//623 1179//623
f 1327//617 1325//617 1197//617
f 1322//617 1486//617 1306//617
f 1324//619 1196//619 1214//619
f 1253//623 1227//623 1309//623
f 1326//617 1201//617 1196//617
f 1327//617 1200//617 1201//617
f 1201//618 1200//618 1241//618
f 1199//618 1305//618 1304//618
f 1239//618 1252//618 1253//618
f 1237//618 1250//618 1251//618
f 1245//623 1294//623 1282//623
f 1235//618 1248//618 1249//618
f 1384//623 1457//623 1274//623
f 1233//618 1246//618 1247//618
f 1249//623 1223//623 1274//623
f 1231//618 1244//618 1245//618
f 1233//617 1283//617 1295//617
f 1229//618 1242//618 1243//618
f 1385//617 1222//617 1273//617
f 1201//629 1228//629 1214//629
f 1248//617 1297//617 1273//617
f 1229//629 1230//629 1212//629
f 1231//629 1232//629 1210//629
f 1247//623 1296//623 1284//623
f 1233//629 1234//629 1208//629
f 1386//623 1459//623 1272//623
f 1235//629 1236//629 1206//629
f 1247//623 1221//623 1272//623
f 1205//629 1237//629 1238//629
f 1235//617 1285//617 1297//617
f 1203//629 1239//629 1240//629
f 1392//620 1215//620 1197//620
f 1387//617 1220//617 1271//617
f 1390//620 1217//620 1216//620
f 1246//617 1295//617 1271//617
f 1388//620 1219//620 1218//620
f 1386//620 1221//620 1220//620
f 1249//623 1298//623 1286//623
f 1384//620 1223//620 1222//620
f 1388//623 1461//623 1270//623
f 1383//620 1382//620 1225//620
f 1245//623 1219//623 1270//623
f 1380//620 1227//620 1226//620
f 1198//617 1194//617 1306//617
f 1404//619 1203//619 1202//619
f 1237//617 1287//617 1299//617
f 1403//619 1402//619 1205//619
f 1389//617 1218//617 1269//617
f 1400//619 1207//619 1206//619
f 1244//617 1293//617 1269//617
f 1398//619 1209//619 1208//619
f 1396//619 1211//619 1210//619
f 1251//623 1300//623 1288//623
f 1394//619 1213//619 1212//619
f 1390//623 1463//623 1268//623
f 1197//628 1215//628 1241//628
f 1243//623 1217//623 1268//623
f 1216//628 1217//628 1243//628
f 1252//617 1239//617 1289//617
f 1218//628 1219//628 1245//628
f 1391//617 1216//617 1267//617
f 1220//628 1221//628 1247//628
f 1242//617 1291//617 1267//617
f 1222//628 1223//628 1249//628
f 1392//623 1465//623 1266//623
f 1224//628 1225//628 1251//628
f 1241//623 1215//623 1266//623
f 1226//628 1227//628 1253//628
f 1288//618 1300//618 1301//618
f 1286//618 1298//618 1299//618
f 1284//618 1296//618 1297//618
f 1282//618 1294//618 1295//618
f 1280//618 1292//618 1293//618
f 1278//618 1290//618 1291//618
f 1278//632 1279//632 1264//632
f 1280//632 1281//632 1262//632
f 1282//632 1283//632 1260//632
f 1284//632 1285//632 1258//632
f 1286//632 1287//632 1256//632
f 1255//632 1288//632 1289//632
f 1464//633 1267//633 1266//633
f 1462//633 1269//633 1268//633
f 1460//633 1271//633 1270//633
f 1458//633 1273//633 1272//633
f 1457//633 1456//633 1275//633
f 1455//633 1454//633 1277//633
f 1477//634 1476//634 1255//634
f 1474//634 1257//634 1256//634
f 1472//634 1259//634 1258//634
f 1470//634 1261//634 1260//634
f 1468//634 1263//634 1262//634
f 1466//634 1265//634 1264//634
f 1266//635 1267//635 1291//635
f 1268//635 1269//635 1293//635
f 1270//635 1271//635 1295//635
f 1272//635 1273//635 1297//635
f 1274//635 1275//635 1299//635
f 1276//635 1277//635 1301//635
f 1250//617 1299//617 1275//617
f 1383//617 1224//617 1275//617
f 1231//617 1281//617 1293//617
f 1251//623 1225//623 1276//623
f 1382//623 1455//623 1276//623
f 1243//623 1292//623 1280//623
f 1252//617 1301//617 1277//617
f 1381//617 1226//617 1277//617
f 1229//617 1279//617 1291//617
f 1241//623 1290//623 1278//623
f 1228//623 1278//623 1265//623
f 1404//617 1477//617 1254//617
f 1229//617 1213//617 1264//617
f 1403//623 1204//623 1255//623
f 1230//623 1280//623 1263//623
f 1402//617 1475//617 1256//617
f 1231//617 1211//617 1262//617
f 1401//623 1206//623 1257//623
f 1232//623 1282//623 1261//623
f 1400//617 1473//617 1258//617
f 1233//617 1209//617 1260//617
f 1399//623 1208//623 1259//623
f 1234//623 1284//623 1259//623
f 1398//617 1471//617 1260//617
f 1235//617 1207//617 1258//617
f 1397//623 1210//623 1261//623
f 1236//623 1286//623 1257//623
f 1396//617 1469//617 1262//617
f 1237//617 1205//617 1256//617
f 1395//623 1212//623 1263//623
f 1238//623 1288//623 1255//623
f 1394//617 1467//617 1264//617
f 1239//617 1203//617 1254//617
f 1393//623 1214//623 1265//623
f 1305//636 1485//636 1484//636
f 1302//726 1304//726 1484//726
f 1303//727 1483//727 1485//727
f 1323//620 1483//620 1303//620
f 1195//628 1303//628 1305//628
f 1198//629 1304//629 1302//629
f 1194//619 1302//619 1482//619
f 1309//639 1308//639 1307//639
f 1494//640 1308//640 1309//640
f 1311//641 1310//641 1306//641
f 1311//618 1312//618 1307//618
f 1495//642 1313//642 1306//642
f 1198//617 1310//617 1307//617
f 1253//623 1312//623 1311//623
f 1323//617 1195//617 1308//617
f 1380//623 1497//623 1309//623
f 1199//617 1307//617 1308//617
f 1240//623 1311//623 1313//623
f 1405//623 1202//623 1313//623
f 1327//617 1320//617 1317//617
f 1487//617 1486//617 1322//617
f 1340//619 1316//619 1324//619
f 1379//623 1493//623 1490//623
f 1316//617 1321//617 1326//617
f 1321//617 1320//617 1327//617
f 1367//616 1320//616 1321//616
f 1480//616 1481//616 1319//616
f 1379//616 1378//616 1365//616
f 1377//616 1376//616 1363//616
f 1358//623 1434//623 1446//623
f 1375//616 1374//616 1361//616
f 1426//623 1457//623 1384//623
f 1373//616 1372//616 1359//616
f 1375//623 1450//623 1426//623
f 1371//616 1370//616 1357//616
f 1372//617 1447//617 1435//617
f 1369//616 1368//616 1355//616
f 1385//617 1458//617 1425//617
f 1340//631 1354//631 1321//631
f 1425//617 1449//617 1374//617
f 1338//631 1356//631 1355//631
f 1336//631 1358//631 1357//631
f 1360//623 1436//623 1448//623
f 1334//631 1360//631 1359//631
f 1424//623 1459//623 1386//623
f 1332//631 1362//631 1361//631
f 1373//623 1448//623 1424//623
f 1331//631 1330//631 1364//631
f 1374//617 1449//617 1437//617
f 1329//631 1328//631 1366//631
f 1317//620 1341//620 1392//620
f 1387//617 1460//617 1423//617
f 1342//620 1343//620 1390//620
f 1423//617 1447//617 1372//617
f 1344//620 1345//620 1388//620
f 1346//620 1347//620 1386//620
f 1362//623 1438//623 1450//623
f 1348//620 1349//620 1384//620
f 1422//623 1461//623 1388//623
f 1383//620 1350//620 1351//620
f 1371//623 1446//623 1422//623
f 1352//620 1353//620 1380//620
f 1318//617 1491//617 1487//617
f 1328//619 1329//619 1404//619
f 1376//617 1451//617 1439//617
f 1403//619 1330//619 1331//619
f 1389//617 1462//617 1421//617
f 1332//619 1333//619 1400//619
f 1421//617 1445//617 1370//617
f 1334//619 1335//619 1398//619
f 1336//619 1337//619 1396//619
f 1364//623 1440//623 1452//623
f 1338//619 1339//619 1394//619
f 1420//623 1463//623 1390//623
f 1367//630 1341//630 1317//630
f 1369//623 1444//623 1420//623
f 1369//630 1343//630 1342//630
f 1378//617 1453//617 1441//617
f 1371//630 1345//630 1344//630
f 1391//617 1464//617 1419//617
f 1373//630 1347//630 1346//630
f 1419//617 1443//617 1368//617
f 1375//630 1349//630 1348//630
f 1418//623 1465//623 1392//623
f 1377//630 1351//630 1350//630
f 1367//623 1442//623 1418//623
f 1379//630 1353//630 1352//630
f 1453//616 1452//616 1440//616
f 1451//616 1450//616 1438//616
f 1449//616 1448//616 1436//616
f 1447//616 1446//616 1434//616
f 1445//616 1444//616 1432//616
f 1443//616 1442//616 1430//616
f 1416//643 1431//643 1430//643
f 1414//643 1433//643 1432//643
f 1412//643 1435//643 1434//643
f 1410//643 1437//643 1436//643
f 1409//643 1408//643 1439//643
f 1407//643 1406//643 1441//643
f 1418//644 1419//644 1464//644
f 1420//644 1421//644 1462//644
f 1422//644 1423//644 1460//644
f 1424//644 1425//644 1458//644
f 1457//644 1426//644 1427//644
f 1455//644 1428//644 1429//644
f 1477//645 1406//645 1407//645
f 1475//645 1408//645 1409//645
f 1410//645 1411//645 1472//645
f 1412//645 1413//645 1470//645
f 1414//645 1415//645 1468//645
f 1416//645 1417//645 1466//645
f 1443//646 1419//646 1418//646
f 1445//646 1421//646 1420//646
f 1447//646 1423//646 1422//646
f 1449//646 1425//646 1424//646
f 1451//646 1427//646 1426//646
f 1453//646 1429//646 1428//646
f 1427//617 1451//617 1376//617
f 1383//617 1456//617 1427//617
f 1370//617 1445//617 1433//617
f 1377//623 1452//623 1428//623
f 1428//623 1455//623 1382//623
f 1356//623 1432//623 1444//623
f 1429//617 1453//617 1378//617
f 1381//617 1454//617 1429//617
f 1368//617 1443//617 1431//617
f 1354//623 1430//623 1442//623
f 1417//623 1430//623 1354//623
f 1406//617 1477//617 1404//617
f 1355//617 1431//617 1416//617
f 1403//623 1476//623 1407//623
f 1415//623 1432//623 1356//623
f 1408//617 1475//617 1402//617
f 1357//617 1433//617 1414//617
f 1401//623 1474//623 1409//623
f 1413//623 1434//623 1358//623
f 1410//617 1473//617 1400//617
f 1359//617 1435//617 1412//617
f 1399//623 1472//623 1411//623
f 1411//623 1436//623 1360//623
f 1412//617 1471//617 1398//617
f 1361//617 1437//617 1410//617
f 1397//623 1470//623 1413//623
f 1409//623 1438//623 1362//623
f 1414//617 1469//617 1396//617
f 1363//617 1439//617 1408//617
f 1395//623 1468//623 1415//623
f 1407//623 1440//623 1364//623
f 1416//617 1467//617 1394//617
f 1365//617 1441//617 1406//617
f 1393//623 1466//623 1417//623
f 1484//647 1485//647 1481//647
f 1478//637 1482//637 1484//637
f 1485//727 1483//727 1479//727
f 1479//620 1483//620 1323//620
f 1481//630 1479//630 1315//630
f 1478//631 1480//631 1318//631
f 1482//619 1478//619 1314//619
f 1488//650 1489//650 1490//650
f 1490//651 1489//651 1494//651
f 1487//652 1491//652 1492//652
f 1488//616 1493//616 1492//616
f 1487//653 1496//653 1495//653
f 1488//617 1491//617 1318//617
f 1492//623 1493//623 1379//623
f 1323//617 1494//617 1489//617
f 1490//623 1497//623 1380//623
f 1489//617 1488//617 1319//617
f 1496//623 1492//623 1366//623
f 1405//623 1495//623 1496//623
f 1625//580 1499//580 1498//580
f 1499//288 1501//288 1500//288
f 1501//259 1503//259 1502//259
f 1503//262 1505//262 1504//262
f 1505//264 1507//264 1506//264
f 1507//265 1509//265 1508//265
f 1509//266 1511//266 1510//266
f 1510//278 1511//278 1513//278
f 1513//260 1515//260 1514//260
f 1515//276 1517//276 1516//276
f 1517//257 1519//257 1518//257
f 1519//287 1521//287 1520//287
f 1521//272 1523//272 1522//272
f 1523//270 1525//270 1524//270
f 1525//283 1527//283 1526//283
f 1526//263 1527//263 1529//263
f 1529//261 1531//261 1530//261
f 1531//258 1533//258 1532//258
f 1533//286 1535//286 1534//286
f 1535//284 1537//284 1536//284
f 1537//281 1539//281 1538//281
f 1539//277 1541//277 1540//277
f 1541//273 1543//273 1542//273
f 1543//280 1545//280 1544//280
f 1544//274 1545//274 1547//274
f 1547//267 1549//267 1548//267
f 1549//268 1551//268 1550//268
f 1551//269 1553//269 1552//269
f 1553//271 1555//271 1554//271
f 1554//275 1555//275 1557//275
f 1557//279 1559//279 1558//279
f 1559//579 1625//579 1624//579
f 1585//277 1584//277 1612//277
f 1589//263 1588//263 1578//263
f 1568//272 1576//272 1577//272
f 1604//279 1608//279 1609//279
f 1586//280 1580//280 1581//280
f 1576//287 1574//287 1575//287
f 1590//266 1618//266 1619//266
f 1610//284 1582//284 1583//284
f 1571//270 1570//270 1568//270
f 1562//267 1566//267 1567//267
f 1564//261 1588//261 1589//261
f 1616//288 1602//288 1603//288
f 1602//580 1606//580 1607//580
f 1606//579 1604//579 1605//579
f 1620//264 1598//264 1599//264
f 1598//262 1600//262 1601//262
f 1622//271 1614//271 1615//271
f 1572//276 1594//276 1595//276
f 1560//258 1564//258 1565//258
f 1618//265 1620//265 1621//265
f 1581//273 1580//273 1584//273
f 1612//281 1610//281 1611//281
f 1596//268 1562//268 1563//268
f 1614//269 1596//269 1597//269
f 1594//260 1592//260 1593//260
f 1609//275 1608//275 1622//275
f 1566//274 1586//274 1587//274
f 1574//257 1572//257 1573//257
f 1579//283 1578//283 1570//283
f 1582//286 1560//286 1561//286
f 1600//259 1616//259 1617//259
f 1592//278 1590//278 1591//278
f 1542//623 1544//623 1593//623
f 1542//623 1591//623 1619//623
f 1540//623 1619//623 1621//623
f 1538//623 1621//623 1599//623
f 1536//623 1599//623 1601//623
f 1534//623 1601//623 1617//623
f 1532//623 1617//623 1603//623
f 1530//623 1603//623 1607//623
f 1528//623 1607//623 1605//623
f 1526//623 1605//623 1609//623
f 1524//623 1609//623 1623//623
f 1522//623 1623//623 1615//623
f 1520//623 1615//623 1597//623
f 1518//623 1597//623 1563//623
f 1516//623 1563//623 1567//623
f 1512//623 1514//623 1567//623
f 1587//623 1581//623 1510//623
f 1508//623 1510//623 1581//623
f 1585//623 1613//623 1506//623
f 1504//623 1506//623 1613//623
f 1611//623 1583//623 1502//623
f 1500//623 1502//623 1583//623
f 1498//623 1500//623 1561//623
f 1565//623 1589//623 1624//623
f 1589//623 1579//623 1558//623
f 1556//623 1558//623 1579//623
f 1571//623 1569//623 1554//623
f 1569//623 1577//623 1552//623
f 1577//623 1575//623 1550//623
f 1548//623 1550//623 1575//623
f 1548//623 1573//623 1595//623
f 1544//623 1546//623 1595//623
f 1545//617 1592//617 1594//617
f 1594//617 1572//617 1549//617
f 1572//617 1574//617 1551//617
f 1574//617 1576//617 1553//617
f 1576//617 1568//617 1555//617
f 1568//617 1570//617 1557//617
f 1570//617 1578//617 1559//617
f 1578//617 1588//617 1625//617
f 1588//617 1564//617 1499//617
f 1564//617 1560//617 1501//617
f 1560//617 1582//617 1503//617
f 1582//617 1610//617 1505//617
f 1610//617 1612//617 1507//617
f 1612//617 1584//617 1509//617
f 1584//617 1580//617 1511//617
f 1511//617 1580//617 1586//617
f 1513//617 1586//617 1566//617
f 1566//617 1562//617 1517//617
f 1517//617 1562//617 1596//617
f 1519//617 1596//617 1614//617
f 1521//617 1614//617 1622//617
f 1523//617 1622//617 1608//617
f 1525//617 1608//617 1604//617
f 1527//617 1604//617 1606//617
f 1529//617 1606//617 1602//617
f 1531//617 1602//617 1616//617
f 1533//617 1616//617 1600//617
f 1535//617 1600//617 1598//617
f 1537//617 1598//617 1620//617
f 1539//617 1620//617 1618//617
f 1618//617 1590//617 1543//617
f 1543//617 1590//617 1592//617
f 1626//263 1627//263 1625//263
f 1628//283 1629//283 1627//283
f 1630//270 1631//270 1629//270
f 1632//272 1633//272 1631//272
f 1634//287 1635//287 1633//287
f 1636//257 1637//257 1635//257
f 1638//276 1639//276 1637//276
f 1638//260 1640//260 1641//260
f 1642//278 1643//278 1641//278
f 1644//266 1645//266 1643//266
f 1646//265 1647//265 1645//265
f 1648//264 1649//264 1647//264
f 1650//262 1651//262 1649//262
f 1652//259 1653//259 1651//259
f 1654//288 1655//288 1653//288
f 1656//580 1657//580 1655//580
f 1658//579 1659//579 1657//579
f 1660//279 1661//279 1659//279
f 1662//275 1663//275 1661//275
f 1664//271 1665//271 1663//271
f 1666//269 1667//269 1665//269
f 1668//268 1669//268 1667//268
f 1670//267 1671//267 1669//267
f 1672//274 1673//274 1671//274
f 1672//280 1674//280 1675//280
f 1676//273 1677//273 1675//273
f 1678//277 1679//277 1677//277
f 1680//281 1681//281 1679//281
f 1682//284 1683//284 1681//284
f 1684//286 1685//286 1683//286
f 1686//258 1687//258 1685//258
f 1624//261 1625//261 1687//261
f 1741//268 1740//268 1712//268
f 1707//580 1706//580 1716//580
f 1705//262 1704//262 1696//262
f 1733//258 1737//258 1736//258
f 1709//274 1708//274 1714//274
f 1703//264 1702//264 1704//264
f 1719//276 1747//276 1746//276
f 1711//271 1710//271 1738//271
f 1699//259 1697//259 1696//259
f 1695//273 1694//273 1690//273
f 1717//579 1716//579 1692//579
f 1731//283 1730//283 1744//283
f 1731//263 1735//263 1734//263
f 1733//261 1732//261 1734//261
f 1727//287 1726//287 1748//287
f 1729//272 1728//272 1726//272
f 1743//284 1742//284 1750//284
f 1723//266 1722//266 1700//266
f 1693//279 1692//279 1688//279
f 1749//257 1748//257 1746//257
f 1713//267 1712//267 1708//267
f 1739//269 1738//269 1740//269
f 1691//277 1690//277 1724//277
f 1725//281 1724//281 1742//281
f 1721//278 1720//278 1722//278
f 1737//286 1751//286 1750//286
f 1715//280 1714//280 1694//280
f 1703//265 1701//265 1700//265
f 1707//288 1699//288 1698//288
f 1689//275 1688//275 1710//275
f 1745//270 1744//270 1728//270
f 1719//260 1718//260 1720//260
f 1670//623 1719//623 1721//623
f 1670//623 1668//623 1747//623
f 1749//623 1747//623 1668//623
f 1666//623 1664//623 1727//623
f 1729//623 1727//623 1664//623
f 1745//623 1729//623 1662//623
f 1660//623 1658//623 1731//623
f 1658//623 1656//623 1735//623
f 1656//623 1654//623 1733//623
f 1654//623 1652//623 1737//623
f 1751//623 1737//623 1652//623
f 1743//623 1751//623 1650//623
f 1725//623 1743//623 1648//623
f 1644//623 1691//623 1725//623
f 1642//623 1695//623 1691//623
f 1640//623 1715//623 1695//623
f 1638//623 1709//623 1715//623
f 1636//623 1713//623 1709//623
f 1634//623 1741//623 1713//623
f 1632//623 1739//623 1741//623
f 1630//623 1711//623 1739//623
f 1628//623 1689//623 1711//623
f 1626//623 1693//623 1689//623
f 1624//623 1717//623 1693//623
f 1686//623 1707//623 1717//623
f 1684//623 1699//623 1707//623
f 1682//623 1697//623 1699//623
f 1680//623 1705//623 1697//623
f 1678//623 1703//623 1705//623
f 1676//623 1701//623 1703//623
f 1723//623 1701//623 1676//623
f 1672//623 1721//623 1723//623
f 1673//617 1675//617 1722//617
f 1677//617 1700//617 1722//617
f 1679//617 1702//617 1700//617
f 1681//617 1704//617 1702//617
f 1683//617 1696//617 1704//617
f 1685//617 1698//617 1696//617
f 1687//617 1706//617 1698//617
f 1625//617 1716//617 1706//617
f 1627//617 1692//617 1716//617
f 1629//617 1688//617 1692//617
f 1631//617 1710//617 1688//617
f 1633//617 1738//617 1710//617
f 1635//617 1740//617 1738//617
f 1637//617 1712//617 1740//617
f 1639//617 1708//617 1712//617
f 1714//617 1708//617 1639//617
f 1641//617 1643//617 1694//617
f 1643//617 1645//617 1690//617
f 1724//617 1690//617 1645//617
f 1647//617 1649//617 1742//617
f 1649//617 1651//617 1750//617
f 1651//617 1653//617 1736//617
f 1653//617 1655//617 1732//617
f 1655//617 1657//617 1734//617
f 1657//617 1659//617 1730//617
f 1659//617 1661//617 1744//617
f 1661//617 1663//617 1728//617
f 1663//617 1665//617 1726//617
f 1665//617 1667//617 1748//617
f 1746//617 1748//617 1667//617
f 1671//617 1718//617 1746//617
f 1671//617 1673//617 1720//617
