ply
format ascii 1.0
comment Created by Blender 2.79 (sub 0) - www.blender.org, source file: 'MagnetGun.blend'
element vertex 8678
property float x
property float y
property float z
property float nx
property float ny
property float nz
property uchar red
property uchar green
property uchar blue
element face 3784
property list uchar uint vertex_indices
end_header
0.185732 0.082961 0.696995 0.952718 0.289004 0.093833 38 106 183
0.178736 0.100541 0.713886 0.952718 0.289004 0.093833 38 106 183
0.183966 0.082961 0.714926 0.952718 0.289004 0.093833 38 106 183
0.129683 -0.021899 0.696995 0.290166 -0.956550 0.028577 38 106 183
0.111752 -0.027232 0.700562 0.290166 -0.956550 0.028577 38 106 183
0.112103 -0.027232 0.696995 0.290166 -0.956550 0.028577 38 106 183
0.187533 0.064679 0.696995 0.990438 0.097548 0.097550 38 106 183
0.183966 0.082961 0.714926 0.990438 0.097548 0.097550 38 106 183
0.185732 0.064679 0.715277 0.990438 0.097548 0.097550 38 106 183
0.112103 0.156590 0.696995 0.098013 0.995138 0.009654 38 106 183
0.093821 0.158391 0.696995 0.098013 0.995138 0.009654 38 106 183
0.111752 0.156590 0.700562 0.098013 0.995138 0.009654 38 106 183
0.093821 -0.029032 0.696995 0.098013 -0.995138 0.009653 38 106 183
0.112103 -0.027232 0.696995 0.098013 -0.995138 0.009653 38 106 183
0.111752 -0.027232 0.700562 0.098013 -0.995138 0.009653 38 106 183
0.187533 0.064679 0.696995 0.990438 -0.097551 0.097548 38 106 183
0.183966 0.046397 0.714926 0.990438 -0.097551 0.097548 38 106 183
0.185732 0.046397 0.696995 0.990438 -0.097551 0.097548 38 106 183
0.129683 0.151257 0.696995 0.290164 0.956550 0.028577 38 106 183
0.111752 0.156590 0.700562 0.290164 0.956550 0.028577 38 106 183
0.128994 0.151257 0.703991 0.290164 0.956550 0.028577 38 106 183
0.185732 0.046397 0.696995 0.952718 -0.289006 0.093832 38 106 183
0.178736 0.028817 0.713886 0.952718 -0.289006 0.093832 38 106 183
0.180399 0.028817 0.696995 0.952718 -0.289006 0.093832 38 106 183
0.145884 0.142597 0.696995 0.470890 0.880972 0.046378 38 106 183
0.128994 0.151257 0.703991 0.470890 0.880972 0.046378 38 106 183
0.144884 0.142597 0.707152 0.470890 0.880972 0.046378 38 106 183
0.180399 0.028817 0.696995 0.878613 -0.469630 0.086529 38 106 183
0.170242 0.012616 0.712196 0.878613 -0.469630 0.086529 38 106 183
0.171739 0.012616 0.696995 0.878613 -0.469630 0.086529 38 106 183
0.145884 0.142597 0.696995 0.633159 0.771506 0.062360 38 106 183
0.158812 0.130943 0.709923 0.633159 0.771506 0.062360 38 106 183
0.160085 0.130943 0.696995 0.633159 0.771506 0.062360 38 106 183
0.171739 0.012616 0.696995 0.770782 -0.632560 0.075912 38 106 183
0.158812 -0.001585 0.709923 0.770782 -0.632560 0.075912 38 106 183
0.160085 -0.001585 0.696995 0.770782 -0.632560 0.075912 38 106 183
0.160085 0.130943 0.696995 0.770779 0.632563 0.075915 38 106 183
0.170242 0.116742 0.712196 0.770779 0.632563 0.075915 38 106 183
0.171739 0.116742 0.696995 0.770779 0.632563 0.075915 38 106 183
0.160085 -0.001585 0.696995 0.633160 -0.771505 0.062361 38 106 183
0.144884 -0.013239 0.707152 0.633160 -0.771505 0.062361 38 106 183
0.145884 -0.013239 0.696995 0.633160 -0.771505 0.062361 38 106 183
0.171739 0.116742 0.696995 0.878613 0.469628 0.086536 38 106 183
0.178736 0.100541 0.713886 0.878613 0.469628 0.086536 38 106 183
0.180399 0.100541 0.696995 0.878613 0.469628 0.086536 38 106 183
0.145884 -0.013239 0.696995 0.470888 -0.880973 0.046375 38 106 183
0.128994 -0.021899 0.703991 0.470888 -0.880973 0.046375 38 106 183
0.129683 -0.021899 0.696995 0.470888 -0.880973 0.046375 38 106 183
0.144884 -0.013239 0.707152 0.608826 -0.771506 0.184686 38 106 183
0.155041 -0.001585 0.722353 0.608826 -0.771506 0.184686 38 106 183
0.141921 -0.013239 0.716919 0.608826 -0.771506 0.184686 38 106 183
0.170242 0.116742 0.712196 0.844849 0.469627 0.256282 38 106 183
0.173809 0.100541 0.730127 0.844849 0.469627 0.256282 38 106 183
0.178736 0.100541 0.713886 0.844849 0.469627 0.256282 38 106 183
0.144884 -0.013239 0.707152 0.452793 -0.880973 0.137354 38 106 183
0.126953 -0.021899 0.710719 0.452793 -0.880973 0.137354 38 106 183
0.128994 -0.021899 0.703991 0.452793 -0.880973 0.137354 38 106 183
0.178736 0.100541 0.713886 0.916106 0.289005 0.277897 38 106 183
0.178736 0.082961 0.732168 0.916106 0.289005 0.277897 38 106 183
0.183966 0.082961 0.714926 0.916106 0.289005 0.277897 38 106 183
0.128994 -0.021899 0.703991 0.279015 -0.956550 0.084639 38 106 183
0.110712 -0.027232 0.703991 0.279015 -0.956550 0.084639 38 106 183
0.111752 -0.027232 0.700562 0.279015 -0.956550 0.084639 38 106 183
0.185732 0.064679 0.715277 0.952377 0.097548 0.288900 38 106 183
0.178736 0.082961 0.732168 0.952377 0.097548 0.288900 38 106 183
0.180399 0.064679 0.732857 0.952377 0.097548 0.288900 38 106 183
0.111752 0.156590 0.700562 0.094247 0.995138 0.028589 38 106 183
0.093821 0.158391 0.696995 0.094247 0.995138 0.028589 38 106 183
0.110712 0.156590 0.703991 0.094247 0.995138 0.028589 38 106 183
0.093821 -0.029032 0.696995 0.094246 -0.995138 0.028590 38 106 183
0.111752 -0.027232 0.700562 0.094246 -0.995138 0.028590 38 106 183
0.110712 -0.027232 0.703991 0.094246 -0.995138 0.028590 38 106 183
0.185732 0.064679 0.715277 0.952377 -0.097548 0.288900 38 106 183
0.178736 0.046397 0.732168 0.952377 -0.097548 0.288900 38 106 183
0.183966 0.046397 0.714926 0.952377 -0.097548 0.288900 38 106 183
0.128994 0.151257 0.703991 0.279013 0.956550 0.084639 38 106 183
0.110712 0.156590 0.703991 0.279013 0.956550 0.084639 38 106 183
0.126953 0.151257 0.710719 0.279013 0.956550 0.084639 38 106 183
0.178736 0.028817 0.713886 0.916106 -0.289005 0.277897 38 106 183
0.178736 0.046397 0.732168 0.916106 -0.289005 0.277897 38 106 183
0.173809 0.028817 0.730127 0.916106 -0.289005 0.277897 38 106 183
0.128994 0.151257 0.703991 0.452794 0.880972 0.137354 38 106 183
0.141921 0.142597 0.716919 0.452794 0.880972 0.137354 38 106 183
0.144884 0.142597 0.707152 0.452794 0.880972 0.137354 38 106 183
0.170242 0.012616 0.712196 0.844849 -0.469627 0.256283 38 106 183
0.173809 0.028817 0.730127 0.844849 -0.469627 0.256283 38 106 183
0.165808 0.012616 0.726813 0.844849 -0.469627 0.256283 38 106 183
0.144884 0.142597 0.707152 0.608826 0.771506 0.184686 38 106 183
0.155041 0.130943 0.722353 0.608826 0.771506 0.184686 38 106 183
0.158812 0.130943 0.709923 0.608826 0.771506 0.184686 38 106 183
0.170242 0.012616 0.712196 0.741159 -0.632562 0.224829 38 106 183
0.155041 -0.001585 0.722353 0.741159 -0.632562 0.224829 38 106 183
0.158812 -0.001585 0.709923 0.741159 -0.632562 0.224829 38 106 183
0.158812 0.130943 0.709923 0.741159 0.632562 0.224829 38 106 183
0.165808 0.116742 0.726813 0.741159 0.632562 0.224829 38 106 183
0.170242 0.116742 0.712196 0.741159 0.632562 0.224829 38 106 183
0.173809 0.028817 0.730127 0.844289 -0.289003 0.451280 38 106 183
0.170242 0.046397 0.748058 0.844289 -0.289003 0.451280 38 106 183
0.165808 0.028817 0.745095 0.844289 -0.289003 0.451280 38 106 183
0.141921 0.142597 0.716919 0.417297 0.880972 0.223050 38 106 183
0.123639 0.151257 0.716919 0.417297 0.880972 0.223050 38 106 183
0.137110 0.142597 0.725920 0.417297 0.880972 0.223050 38 106 183
0.165808 0.012616 0.726813 0.778617 -0.469629 0.416179 38 106 183
0.165808 0.028817 0.745095 0.778617 -0.469629 0.416179 38 106 183
0.158608 0.012616 0.740284 0.778617 -0.469629 0.416179 38 106 183
0.155041 0.130943 0.722353 0.561098 0.771506 0.299913 38 106 183
0.137110 0.142597 0.725920 0.561098 0.771506 0.299913 38 106 183
0.148918 0.130943 0.733810 0.561098 0.771506 0.299913 38 106 183
0.165808 0.012616 0.726813 0.683057 -0.632562 0.365101 38 106 183
0.148918 -0.001585 0.733810 0.683057 -0.632562 0.365101 38 106 183
0.155041 -0.001585 0.722353 0.683057 -0.632562 0.365101 38 106 183
0.165808 0.116742 0.726813 0.683057 0.632562 0.365101 38 106 183
0.148918 0.130943 0.733810 0.683057 0.632562 0.365101 38 106 183
0.158608 0.116742 0.740284 0.683057 0.632562 0.365101 38 106 183
0.141921 -0.013239 0.716919 0.561099 -0.771506 0.299912 38 106 183
0.148918 -0.001585 0.733810 0.561099 -0.771506 0.299912 38 106 183
0.137110 -0.013239 0.725920 0.561099 -0.771506 0.299912 38 106 183
0.165808 0.116742 0.726813 0.778617 0.469628 0.416178 38 106 183
0.165808 0.100541 0.745095 0.778617 0.469628 0.416178 38 106 183
0.173809 0.100541 0.730127 0.778617 0.469628 0.416178 38 106 183
0.141921 -0.013239 0.716919 0.417297 -0.880973 0.223048 38 106 183
0.123639 -0.021899 0.716919 0.417297 -0.880973 0.223048 38 106 183
0.126953 -0.021899 0.710719 0.417297 -0.880973 0.223048 38 106 183
0.173809 0.100541 0.730127 0.844287 0.289005 0.451281 38 106 183
0.170242 0.082961 0.748058 0.844287 0.289005 0.451281 38 106 183
0.178736 0.082961 0.732168 0.844287 0.289005 0.451281 38 106 183
0.110712 -0.027232 0.703991 0.257142 -0.956550 0.137444 38 106 183
0.123639 -0.021899 0.716919 0.257142 -0.956550 0.137444 38 106 183
0.109022 -0.027232 0.707152 0.257142 -0.956550 0.137444 38 106 183
0.180399 0.064679 0.732857 0.877716 0.097550 0.469147 38 106 183
0.170242 0.082961 0.748058 0.877716 0.097550 0.469147 38 106 183
0.171739 0.064679 0.749058 0.877716 0.097550 0.469147 38 106 183
0.110712 0.156590 0.703991 0.086858 0.995138 0.046427 38 106 183
0.093821 0.158391 0.696995 0.086858 0.995138 0.046427 38 106 183
0.109022 0.156590 0.707152 0.086858 0.995138 0.046427 38 106 183
0.093821 -0.029032 0.696995 0.086858 -0.995138 0.046426 38 106 183
0.110712 -0.027232 0.703991 0.086858 -0.995138 0.046426 38 106 183
0.109022 -0.027232 0.707152 0.086858 -0.995138 0.046426 38 106 183
0.180399 0.064679 0.732857 0.877715 -0.097548 0.469149 38 106 183
0.170242 0.046397 0.748058 0.877715 -0.097548 0.469149 38 106 183
0.178736 0.046397 0.732168 0.877715 -0.097548 0.469149 38 106 183
0.110712 0.156590 0.703991 0.257141 0.956550 0.137444 38 106 183
0.123639 0.151257 0.716919 0.257141 0.956550 0.137444 38 106 183
0.126953 0.151257 0.710719 0.257141 0.956550 0.137444 38 106 183
0.123639 -0.021899 0.716919 0.365763 -0.880973 0.300174 38 106 183
0.130635 -0.013239 0.733810 0.365763 -0.880973 0.300174 38 106 183
0.119179 -0.021899 0.722353 0.365763 -0.880973 0.300174 38 106 183
0.165808 0.100541 0.745095 0.740026 0.289003 0.607321 38 106 183
0.158812 0.082961 0.761986 0.740026 0.289003 0.607321 38 106 183
0.170242 0.082961 0.748058 0.740026 0.289003 0.607321 38 106 183
0.109022 -0.027232 0.707152 0.225386 -0.956550 0.184970 38 106 183
0.119179 -0.021899 0.722353 0.225386 -0.956550 0.184970 38 106 183
0.106749 -0.027232 0.709923 0.225386 -0.956550 0.184970 38 106 183
0.170242 0.082961 0.748058 0.769323 0.097550 0.631369 38 106 183
0.160085 0.064679 0.763259 0.769323 0.097550 0.631369 38 106 183
0.171739 0.064679 0.749058 0.769323 0.097550 0.631369 38 106 183
0.109022 0.156590 0.707152 0.076132 0.995138 0.062480 38 106 183
0.093821 0.158391 0.696995 0.076132 0.995138 0.062480 38 106 183
0.106749 0.156590 0.709923 0.076132 0.995138 0.062480 38 106 183
0.093821 -0.029032 0.696995 0.076131 -0.995138 0.062479 38 106 183
0.109022 -0.027232 0.707152 0.076131 -0.995138 0.062479 38 106 183
0.106749 -0.027232 0.709923 0.076131 -0.995138 0.062479 38 106 183
0.171739 0.064679 0.749058 0.769325 -0.097550 0.631366 38 106 183
0.158812 0.046397 0.761986 0.769325 -0.097550 0.631366 38 106 183
0.170242 0.046397 0.748058 0.769325 -0.097550 0.631366 38 106 183
0.109022 0.156590 0.707152 0.225386 0.956550 0.184969 38 106 183
0.119179 0.151257 0.722353 0.225386 0.956550 0.184969 38 106 183
0.123639 0.151257 0.716919 0.225386 0.956550 0.184969 38 106 183
0.170242 0.046397 0.748058 0.740025 -0.289003 0.607323 38 106 183
0.155041 0.028817 0.758215 0.740025 -0.289003 0.607323 38 106 183
0.165808 0.028817 0.745095 0.740025 -0.289003 0.607323 38 106 183
0.123639 0.151257 0.716919 0.365764 0.880972 0.300174 38 106 183
0.130635 0.142597 0.733810 0.365764 0.880972 0.300174 38 106 183
0.137110 0.142597 0.725920 0.365764 0.880972 0.300174 38 106 183
0.158608 0.012616 0.740284 0.682465 -0.469627 0.560082 38 106 183
0.155041 0.028817 0.758215 0.682465 -0.469627 0.560082 38 106 183
0.148918 0.012616 0.752092 0.682465 -0.469627 0.560082 38 106 183
0.137110 0.142597 0.725920 0.491806 0.771506 0.403615 38 106 183
0.140677 0.130943 0.743851 0.491806 0.771506 0.403615 38 106 183
0.148918 0.130943 0.733810 0.491806 0.771506 0.403615 38 106 183
0.148918 -0.001585 0.733810 0.598703 -0.632563 0.491344 38 106 183
0.148918 0.012616 0.752092 0.598703 -0.632563 0.491344 38 106 183
0.140677 -0.001585 0.743851 0.598703 -0.632563 0.491344 38 106 183
0.158608 0.116742 0.740284 0.598704 0.632563 0.491342 38 106 183
0.140677 0.130943 0.743851 0.598704 0.632563 0.491342 38 106 183
0.148918 0.116742 0.752092 0.598704 0.632563 0.491342 38 106 183
0.137110 -0.013239 0.725920 0.491807 -0.771505 0.403615 38 106 183
0.140677 -0.001585 0.743851 0.491807 -0.771505 0.403615 38 106 183
0.130635 -0.013239 0.733810 0.491807 -0.771505 0.403615 38 106 183
0.158608 0.116742 0.740284 0.682463 0.469628 0.560083 38 106 183
0.155041 0.100541 0.758215 0.682463 0.469628 0.560083 38 106 183
0.165808 0.100541 0.745095 0.682463 0.469628 0.560083 38 106 183
0.130635 0.142597 0.733810 0.300175 0.880972 0.365763 38 106 183
0.113745 0.151257 0.726813 0.300175 0.880972 0.365763 38 106 183
0.122746 0.142597 0.740284 0.300175 0.880972 0.365763 38 106 183
0.148918 0.012616 0.752092 0.560082 -0.469628 0.682464 38 106 183
0.141921 0.028817 0.768982 0.560082 -0.469628 0.682464 38 106 183
0.137110 0.012616 0.761782 0.560082 -0.469628 0.682464 38 106 183
0.130635 0.142597 0.733810 0.403616 0.771506 0.491805 38 106 183
0.130635 0.130943 0.752092 0.403616 0.771506 0.491805 38 106 183
0.140677 0.130943 0.743851 0.403616 0.771506 0.491805 38 106 183
0.148918 0.012616 0.752092 0.491345 -0.632563 0.598702 38 106 183
0.130635 -0.001585 0.752092 0.491345 -0.632563 0.598702 38 106 183
0.140677 -0.001585 0.743851 0.491345 -0.632563 0.598702 38 106 183
0.148918 0.116742 0.752092 0.491343 0.632562 0.598705 38 106 183
0.130635 0.130943 0.752092 0.491343 0.632562 0.598705 38 106 183
0.137110 0.116742 0.761782 0.491343 0.632562 0.598705 38 106 183
0.140677 -0.001585 0.743851 0.403615 -0.771505 0.491807 38 106 183
0.122746 -0.013239 0.740284 0.403615 -0.771505 0.491807 38 106 183
0.130635 -0.013239 0.733810 0.403615 -0.771505 0.491807 38 106 183
0.148918 0.116742 0.752092 0.560083 0.469627 0.682464 38 106 183
0.141921 0.100541 0.768982 0.560083 0.469627 0.682464 38 106 183
0.155041 0.100541 0.758215 0.560083 0.469627 0.682464 38 106 183
0.119179 -0.021899 0.722353 0.300173 -0.880973 0.365764 38 106 183
0.122746 -0.013239 0.740284 0.300173 -0.880973 0.365764 38 106 183
0.113745 -0.021899 0.726813 0.300173 -0.880973 0.365764 38 106 183
0.158812 0.082961 0.761986 0.607321 0.289003 0.740026 38 106 183
0.141921 0.100541 0.768982 0.607321 0.289003 0.740026 38 106 183
0.144884 0.082961 0.773416 0.607321 0.289003 0.740026 38 106 183
0.119179 -0.021899 0.722353 0.184970 -0.956550 0.225387 38 106 183
0.103978 -0.027232 0.712196 0.184970 -0.956550 0.225387 38 106 183
0.106749 -0.027232 0.709923 0.184970 -0.956550 0.225387 38 106 183
0.158812 0.082961 0.761986 0.631369 0.097545 0.769323 38 106 183
0.145884 0.064679 0.774913 0.631369 0.097545 0.769323 38 106 183
0.160085 0.064679 0.763259 0.631369 0.097545 0.769323 38 106 183
0.106749 0.156590 0.709923 0.062480 0.995138 0.076132 38 106 183
0.093821 0.158391 0.696995 0.062480 0.995138 0.076132 38 106 183
0.103978 0.156590 0.712196 0.062480 0.995138 0.076132 38 106 183
0.093821 -0.029032 0.696995 0.062479 -0.995138 0.076131 38 106 183
0.106749 -0.027232 0.709923 0.062479 -0.995138 0.076131 38 106 183
0.103978 -0.027232 0.712196 0.062479 -0.995138 0.076131 38 106 183
0.158812 0.046397 0.761986 0.631366 -0.097549 0.769325 38 106 183
0.145884 0.064679 0.774913 0.631366 -0.097549 0.769325 38 106 183
0.144884 0.046397 0.773416 0.631366 -0.097549 0.769325 38 106 183
0.106749 0.156590 0.709923 0.184970 0.956550 0.225385 38 106 183
0.113745 0.151257 0.726813 0.184970 0.956550 0.225385 38 106 183
0.119179 0.151257 0.722353 0.184970 0.956550 0.225385 38 106 183
0.158812 0.046397 0.761986 0.607322 -0.289005 0.740024 38 106 183
0.141921 0.028817 0.768982 0.607322 -0.289005 0.740024 38 106 183
0.155041 0.028817 0.758215 0.607322 -0.289005 0.740024 38 106 183
0.144884 0.082961 0.773416 0.451284 0.289006 0.844286 38 106 183
0.126953 0.100541 0.776983 0.451284 0.289006 0.844286 38 106 183
0.128994 0.082961 0.781910 0.451284 0.289006 0.844286 38 106 183
0.103978 -0.027232 0.712196 0.137443 -0.956550 0.257142 38 106 183
0.107545 -0.021899 0.730127 0.137443 -0.956550 0.257142 38 106 183
0.100817 -0.027232 0.713886 0.137443 -0.956550 0.257142 38 106 183
0.144884 0.082961 0.773416 0.469149 0.097549 0.877715 38 106 183
0.129683 0.064679 0.783573 0.469149 0.097549 0.877715 38 106 183
0.145884 0.064679 0.774913 0.469149 0.097549 0.877715 38 106 183
0.103978 0.156590 0.712196 0.046427 0.995138 0.086858 38 106 183
0.093821 0.158391 0.696995 0.046427 0.995138 0.086858 38 106 183
0.100817 0.156590 0.713886 0.046427 0.995138 0.086858 38 106 183
0.093821 -0.029032 0.696995 0.046426 -0.995138 0.086858 38 106 183
0.103978 -0.027232 0.712196 0.046426 -0.995138 0.086858 38 106 183
0.100817 -0.027232 0.713886 0.046426 -0.995138 0.086858 38 106 183
0.144884 0.046397 0.773416 0.469151 -0.097546 0.877714 38 106 183
0.129683 0.064679 0.783573 0.469151 -0.097546 0.877714 38 106 183
0.128994 0.046397 0.781910 0.469151 -0.097546 0.877714 38 106 183
0.113745 0.151257 0.726813 0.137443 0.956550 0.257141 38 106 183
0.100817 0.156590 0.713886 0.137443 0.956550 0.257141 38 106 183
0.107545 0.151257 0.730127 0.137443 0.956550 0.257141 38 106 183
0.144884 0.046397 0.773416 0.451281 -0.289003 0.844288 38 106 183
0.126953 0.028817 0.776983 0.451281 -0.289003 0.844288 38 106 183
0.141921 0.028817 0.768982 0.451281 -0.289003 0.844288 38 106 183
0.113745 0.151257 0.726813 0.223048 0.880972 0.417298 38 106 183
0.113745 0.142597 0.745095 0.223048 0.880972 0.417298 38 106 183
0.122746 0.142597 0.740284 0.223048 0.880972 0.417298 38 106 183
0.137110 0.012616 0.761782 0.416179 -0.469628 0.778617 38 106 183
0.126953 0.028817 0.776983 0.416179 -0.469628 0.778617 38 106 183
0.123639 0.012616 0.768982 0.416179 -0.469628 0.778617 38 106 183
0.122746 0.142597 0.740284 0.299911 0.771506 0.561099 38 106 183
0.119179 0.130943 0.758215 0.299911 0.771506 0.561099 38 106 183
0.130635 0.130943 0.752092 0.299911 0.771506 0.561099 38 106 183
0.130635 -0.001585 0.752092 0.365099 -0.632563 0.683057 38 106 183
0.123639 0.012616 0.768982 0.365099 -0.632563 0.683057 38 106 183
0.119179 -0.001585 0.758215 0.365099 -0.632563 0.683057 38 106 183
0.130635 0.130943 0.752092 0.365102 0.632561 0.683057 38 106 183
0.123639 0.116742 0.768982 0.365102 0.632561 0.683057 38 106 183
0.137110 0.116742 0.761782 0.365102 0.632561 0.683057 38 106 183
0.122746 -0.013239 0.740284 0.299913 -0.771506 0.561098 38 106 183
0.119179 -0.001585 0.758215 0.299913 -0.771506 0.561098 38 106 183
0.113745 -0.013239 0.745095 0.299913 -0.771506 0.561098 38 106 183
0.137110 0.116742 0.761782 0.416179 0.469629 0.778617 38 106 183
0.126953 0.100541 0.776983 0.416179 0.469629 0.778617 38 106 183
0.141921 0.100541 0.768982 0.416179 0.469629 0.778617 38 106 183
0.113745 -0.021899 0.726813 0.223051 -0.880972 0.417296 38 106 183
0.113745 -0.013239 0.745095 0.223051 -0.880972 0.417296 38 106 183
0.107545 -0.021899 0.730127 0.223051 -0.880972 0.417296 38 106 183
0.123639 0.012616 0.768982 0.256281 -0.469631 0.844847 38 106 183
0.110712 0.028817 0.781910 0.256281 -0.469631 0.844847 38 106 183
0.109022 0.012616 0.773416 0.256281 -0.469631 0.844847 38 106 183
0.113745 0.142597 0.745095 0.184687 0.771506 0.608826 38 106 183
0.106749 0.130943 0.761986 0.184687 0.771506 0.608826 38 106 183
0.119179 0.130943 0.758215 0.184687 0.771506 0.608826 38 106 183
0.123639 0.012616 0.768982 0.224830 -0.632562 0.741159 38 106 183
0.106749 -0.001585 0.761986 0.224830 -0.632562 0.741159 38 106 183
0.119179 -0.001585 0.758215 0.224830 -0.632562 0.741159 38 106 183
0.123639 0.116742 0.768982 0.224828 0.632562 0.741160 38 106 183
0.106749 0.130943 0.761986 0.224828 0.632562 0.741160 38 106 183
0.109022 0.116742 0.773416 0.224828 0.632562 0.741160 38 106 183
0.119179 -0.001585 0.758215 0.184686 -0.771506 0.608827 38 106 183
0.103978 -0.013239 0.748058 0.184686 -0.771506 0.608827 38 106 183
0.113745 -0.013239 0.745095 0.184686 -0.771506 0.608827 38 106 183
0.123639 0.116742 0.768982 0.256285 0.469628 0.844847 38 106 183
0.110712 0.100541 0.781910 0.256285 0.469628 0.844847 38 106 183
0.126953 0.100541 0.776983 0.256285 0.469628 0.844847 38 106 183
0.107545 -0.021899 0.730127 0.137353 -0.880972 0.452793 38 106 183
0.103978 -0.013239 0.748058 0.137353 -0.880972 0.452793 38 106 183
0.100817 -0.021899 0.732168 0.137353 -0.880972 0.452793 38 106 183
0.128994 0.082961 0.781910 0.277895 0.289001 0.916108 38 106 183
0.110712 0.100541 0.781910 0.277895 0.289001 0.916108 38 106 183
0.111752 0.082961 0.787140 0.277895 0.289001 0.916108 38 106 183
0.107545 -0.021899 0.730127 0.084641 -0.956550 0.279013 38 106 183
0.097388 -0.027232 0.714926 0.084641 -0.956550 0.279013 38 106 183
0.100817 -0.027232 0.713886 0.084641 -0.956550 0.279013 38 106 183
0.128994 0.082961 0.781910 0.288903 0.097546 0.952376 38 106 183
0.112103 0.064679 0.788906 0.288903 0.097546 0.952376 38 106 183
0.129683 0.064679 0.783573 0.288903 0.097546 0.952376 38 106 183
0.100817 0.156590 0.713886 0.028589 0.995138 0.094247 38 106 183
0.093821 0.158391 0.696995 0.028589 0.995138 0.094247 38 106 183
0.097388 0.156590 0.714926 0.028589 0.995138 0.094247 38 106 183
0.093821 -0.029032 0.696995 0.028590 -0.995138 0.094246 38 106 183
0.100817 -0.027232 0.713886 0.028590 -0.995138 0.094246 38 106 183
0.097388 -0.027232 0.714926 0.028590 -0.995138 0.094246 38 106 183
0.128994 0.046397 0.781910 0.288897 -0.097552 0.952377 38 106 183
0.112103 0.064679 0.788906 0.288897 -0.097552 0.952377 38 106 183
0.111752 0.046397 0.787140 0.288897 -0.097552 0.952377 38 106 183
0.107545 0.151257 0.730127 0.084638 0.956550 0.279014 38 106 183
0.097388 0.156590 0.714926 0.084638 0.956550 0.279014 38 106 183
0.100817 0.151257 0.732168 0.084638 0.956550 0.279014 38 106 183
0.128994 0.046397 0.781910 0.277901 -0.289007 0.916104 38 106 183
0.110712 0.028817 0.781910 0.277901 -0.289007 0.916104 38 106 183
0.126953 0.028817 0.776983 0.277901 -0.289007 0.916104 38 106 183
0.107545 0.151257 0.730127 0.137354 0.880972 0.452794 38 106 183
0.103978 0.142597 0.748058 0.137354 0.880972 0.452794 38 106 183
0.113745 0.142597 0.745095 0.137354 0.880972 0.452794 38 106 183
0.100817 -0.021899 0.732168 0.028581 -0.956550 0.290166 38 106 183
0.093821 -0.027232 0.715277 0.028581 -0.956550 0.290166 38 106 183
0.097388 -0.027232 0.714926 0.028581 -0.956550 0.290166 38 106 183
0.111752 0.082961 0.787140 0.097544 0.097552 0.990439 38 106 183
0.093821 0.064679 0.790707 0.097544 0.097552 0.990439 38 106 183
0.112103 0.064679 0.788906 0.097544 0.097552 0.990439 38 106 183
0.097388 0.156590 0.714926 0.009654 0.995138 0.098013 38 106 183
0.093821 0.158391 0.696995 0.009654 0.995138 0.098013 38 106 183
0.093821 0.156590 0.715277 0.009654 0.995138 0.098013 38 106 183
0.093821 -0.029032 0.696995 0.009654 -0.995138 0.098012 38 106 183
0.097388 -0.027232 0.714926 0.009654 -0.995138 0.098012 38 106 183
0.093821 -0.027232 0.715277 0.009654 -0.995138 0.098012 38 106 183
0.111752 0.046397 0.787140 0.097552 -0.097544 0.990439 38 106 183
0.093821 0.064679 0.790707 0.097552 -0.097544 0.990439 38 106 183
0.093821 0.046397 0.788906 0.097552 -0.097544 0.990439 38 106 183
0.097388 0.156590 0.714926 0.028579 0.956550 0.290165 38 106 183
0.093821 0.151257 0.732857 0.028579 0.956550 0.290165 38 106 183
0.100817 0.151257 0.732168 0.028579 0.956550 0.290165 38 106 183
0.111752 0.046397 0.787140 0.093831 -0.289000 0.952720 38 106 183
0.093821 0.028817 0.783573 0.093831 -0.289000 0.952720 38 106 183
0.110712 0.028817 0.781910 0.093831 -0.289000 0.952720 38 106 183
0.100817 0.151257 0.732168 0.046377 0.880972 0.470890 38 106 183
0.093821 0.142597 0.749058 0.046377 0.880972 0.470890 38 106 183
0.103978 0.142597 0.748058 0.046377 0.880972 0.470890 38 106 183
0.109022 0.012616 0.773416 0.086534 -0.469629 0.878613 38 106 183
0.093821 0.028817 0.783573 0.086534 -0.469629 0.878613 38 106 183
0.093821 0.012616 0.774913 0.086534 -0.469629 0.878613 38 106 183
0.103978 0.142597 0.748058 0.062356 0.771506 0.633159 38 106 183
0.093821 0.130943 0.763259 0.062356 0.771506 0.633159 38 106 183
0.106749 0.130943 0.761986 0.062356 0.771506 0.633159 38 106 183
0.106749 -0.001585 0.761986 0.075910 -0.632564 0.770780 38 106 183
0.093821 0.012616 0.774913 0.075910 -0.632564 0.770780 38 106 183
0.093821 -0.001585 0.763259 0.075910 -0.632564 0.770780 38 106 183
0.106749 0.130943 0.761986 0.075914 0.632562 0.770781 38 106 183
0.093821 0.116742 0.774913 0.075914 0.632562 0.770781 38 106 183
0.109022 0.116742 0.773416 0.075914 0.632562 0.770781 38 106 183
0.103978 -0.013239 0.748058 0.062358 -0.771505 0.633160 38 106 183
0.093821 -0.001585 0.763259 0.062358 -0.771505 0.633160 38 106 183
0.093821 -0.013239 0.749058 0.062358 -0.771505 0.633160 38 106 183
0.109022 0.116742 0.773416 0.086532 0.469631 0.878612 38 106 183
0.093821 0.100541 0.783573 0.086532 0.469631 0.878612 38 106 183
0.110712 0.100541 0.781910 0.086532 0.469631 0.878612 38 106 183
0.100817 -0.021899 0.732168 0.046380 -0.880972 0.470890 38 106 183
0.093821 -0.013239 0.749058 0.046380 -0.880972 0.470890 38 106 183
0.093821 -0.021899 0.732857 0.046380 -0.880972 0.470890 38 106 183
0.111752 0.082961 0.787140 0.093837 0.289006 0.952717 38 106 183
0.093821 0.100541 0.783573 0.093837 0.289006 0.952717 38 106 183
0.093821 0.082961 0.788906 0.093837 0.289006 0.952717 38 106 183
0.093821 0.130943 0.763259 -0.062356 0.771506 0.633159 38 106 183
0.083664 0.142597 0.748058 -0.062356 0.771506 0.633159 38 106 183
0.080894 0.130943 0.761986 -0.062356 0.771506 0.633159 38 106 183
0.093821 0.012616 0.774913 -0.075910 -0.632564 0.770779 38 106 183
0.080894 -0.001585 0.761986 -0.075910 -0.632564 0.770779 38 106 183
0.093821 -0.001585 0.763259 -0.075910 -0.632564 0.770779 38 106 183
0.093821 0.116742 0.774913 -0.075914 0.632562 0.770781 38 106 183
0.080894 0.130943 0.761986 -0.075914 0.632562 0.770781 38 106 183
0.078620 0.116742 0.773416 -0.075914 0.632562 0.770781 38 106 183
0.093821 -0.001585 0.763259 -0.062358 -0.771505 0.633160 38 106 183
0.083664 -0.013239 0.748058 -0.062358 -0.771505 0.633160 38 106 183
0.093821 -0.013239 0.749058 -0.062358 -0.771505 0.633160 38 106 183
0.093821 0.100541 0.783573 -0.086532 0.469631 0.878612 38 106 183
0.078620 0.116742 0.773416 -0.086532 0.469631 0.878612 38 106 183
0.076931 0.100541 0.781910 -0.086532 0.469631 0.878612 38 106 183
0.093821 -0.013239 0.749058 -0.046379 -0.880972 0.470890 38 106 183
0.086825 -0.021899 0.732168 -0.046379 -0.880972 0.470890 38 106 183
0.093821 -0.021899 0.732857 -0.046379 -0.880972 0.470890 38 106 183
0.093821 0.082961 0.788906 -0.093837 0.289001 0.952719 38 106 183
0.076931 0.100541 0.781910 -0.093837 0.289001 0.952719 38 106 183
0.075890 0.082961 0.787140 -0.093837 0.289001 0.952719 38 106 183
0.093821 -0.027232 0.715277 -0.028581 -0.956550 0.290165 38 106 183
0.086825 -0.021899 0.732168 -0.028581 -0.956550 0.290165 38 106 183
0.090254 -0.027232 0.714926 -0.028581 -0.956550 0.290165 38 106 183
0.093821 0.064679 0.790707 -0.097544 0.097552 0.990439 38 106 183
0.075890 0.082961 0.787140 -0.097544 0.097552 0.990439 38 106 183
0.075539 0.064679 0.788906 -0.097544 0.097552 0.990439 38 106 183
0.093821 0.156590 0.715277 -0.009654 0.995138 0.098013 38 106 183
0.093821 0.158391 0.696995 -0.009654 0.995138 0.098013 38 106 183
0.090254 0.156590 0.714926 -0.009654 0.995138 0.098013 38 106 183
0.093821 -0.029032 0.696995 -0.009654 -0.995138 0.098012 38 106 183
0.093821 -0.027232 0.715277 -0.009654 -0.995138 0.098012 38 106 183
0.090254 -0.027232 0.714926 -0.009654 -0.995138 0.098012 38 106 183
0.093821 0.064679 0.790707 -0.097552 -0.097544 0.990439 38 106 183
0.075890 0.046397 0.787140 -0.097552 -0.097544 0.990439 38 106 183
0.093821 0.046397 0.788906 -0.097552 -0.097544 0.990439 38 106 183
0.093821 0.151257 0.732857 -0.028579 0.956550 0.290165 38 106 183
0.090254 0.156590 0.714926 -0.028579 0.956550 0.290165 38 106 183
0.086825 0.151257 0.732168 -0.028579 0.956550 0.290165 38 106 183
0.093821 0.046397 0.788906 -0.093831 -0.289006 0.952718 38 106 183
0.076931 0.028817 0.781910 -0.093831 -0.289006 0.952718 38 106 183
0.093821 0.028817 0.783573 -0.093831 -0.289006 0.952718 38 106 183
0.093821 0.142597 0.749058 -0.046377 0.880972 0.470890 38 106 183
0.086825 0.151257 0.732168 -0.046377 0.880972 0.470890 38 106 183
0.083664 0.142597 0.748058 -0.046377 0.880972 0.470890 38 106 183
0.093821 0.028817 0.783573 -0.086534 -0.469629 0.878613 38 106 183
0.078620 0.012616 0.773416 -0.086534 -0.469629 0.878613 38 106 183
0.093821 0.012616 0.774913 -0.086534 -0.469629 0.878613 38 106 183
0.075539 0.064679 0.788906 -0.288902 0.097546 0.952376 38 106 183
0.058648 0.082961 0.781910 -0.288902 0.097546 0.952376 38 106 183
0.057959 0.064679 0.783573 -0.288902 0.097546 0.952376 38 106 183
0.090254 0.156590 0.714926 -0.028589 0.995138 0.094247 38 106 183
0.093821 0.158391 0.696995 -0.028589 0.995138 0.094247 38 106 183
0.086825 0.156590 0.713886 -0.028589 0.995138 0.094247 38 106 183
0.093821 -0.029032 0.696995 -0.028590 -0.995138 0.094246 38 106 183
0.090254 -0.027232 0.714926 -0.028590 -0.995138 0.094246 38 106 183
0.086825 -0.027232 0.713886 -0.028590 -0.995138 0.094246 38 106 183
0.075539 0.064679 0.788906 -0.288897 -0.097552 0.952377 38 106 183
0.058648 0.046397 0.781910 -0.288897 -0.097552 0.952377 38 106 183
0.075890 0.046397 0.787140 -0.288897 -0.097552 0.952377 38 106 183
0.086825 0.151257 0.732168 -0.084638 0.956550 0.279014 38 106 183
0.086825 0.156590 0.713886 -0.084638 0.956550 0.279014 38 106 183
0.080097 0.151257 0.730127 -0.084638 0.956550 0.279014 38 106 183
0.075890 0.046397 0.787140 -0.277901 -0.289001 0.916106 38 106 183
0.060689 0.028817 0.776983 -0.277901 -0.289001 0.916106 38 106 183
0.076931 0.028817 0.781910 -0.277901 -0.289001 0.916106 38 106 183
0.086825 0.151257 0.732168 -0.137354 0.880972 0.452794 38 106 183
0.073897 0.142597 0.745095 -0.137354 0.880972 0.452794 38 106 183
0.083664 0.142597 0.748058 -0.137354 0.880972 0.452794 38 106 183
0.078620 0.012616 0.773416 -0.256282 -0.469628 0.844849 38 106 183
0.060689 0.028817 0.776983 -0.256282 -0.469628 0.844849 38 106 183
0.064003 0.012616 0.768982 -0.256282 -0.469628 0.844849 38 106 183
0.083664 0.142597 0.748058 -0.184686 0.771506 0.608826 38 106 183
0.068463 0.130943 0.758215 -0.184686 0.771506 0.608826 38 106 183
0.080894 0.130943 0.761986 -0.184686 0.771506 0.608826 38 106 183
0.078620 0.012616 0.773416 -0.224830 -0.632561 0.741160 38 106 183
0.068463 -0.001585 0.758215 -0.224830 -0.632561 0.741160 38 106 183
0.080894 -0.001585 0.761986 -0.224830 -0.632561 0.741160 38 106 183
0.080894 0.130943 0.761986 -0.224828 0.632562 0.741160 38 106 183
0.064003 0.116742 0.768982 -0.224828 0.632562 0.741160 38 106 183
0.078620 0.116742 0.773416 -0.224828 0.632562 0.741160 38 106 183
0.080894 -0.001585 0.761986 -0.184686 -0.771506 0.608827 38 106 183
0.073897 -0.013239 0.745095 -0.184686 -0.771506 0.608827 38 106 183
0.083664 -0.013239 0.748058 -0.184686 -0.771506 0.608827 38 106 183
0.078620 0.116742 0.773416 -0.256285 0.469631 0.844846 38 106 183
0.060689 0.100541 0.776983 -0.256285 0.469631 0.844846 38 106 183
0.076931 0.100541 0.781910 -0.256285 0.469631 0.844846 38 106 183
0.086825 -0.021899 0.732168 -0.137353 -0.880972 0.452794 38 106 183
0.073897 -0.013239 0.745095 -0.137353 -0.880972 0.452794 38 106 183
0.080097 -0.021899 0.730127 -0.137353 -0.880972 0.452794 38 106 183
0.075890 0.082961 0.787140 -0.277894 0.289007 0.916106 38 106 183
0.060689 0.100541 0.776983 -0.277894 0.289007 0.916106 38 106 183
0.058648 0.082961 0.781910 -0.277894 0.289007 0.916106 38 106 183
0.090254 -0.027232 0.714926 -0.084640 -0.956550 0.279014 38 106 183
0.080097 -0.021899 0.730127 -0.084640 -0.956550 0.279014 38 106 183
0.086825 -0.027232 0.713886 -0.084640 -0.956550 0.279014 38 106 183
0.068463 -0.001585 0.758215 -0.365100 -0.632561 0.683058 38 106 183
0.050532 0.012616 0.761782 -0.365100 -0.632561 0.683058 38 106 183
0.057007 -0.001585 0.752092 -0.365100 -0.632561 0.683058 38 106 183
0.068463 0.130943 0.758215 -0.365101 0.632562 0.683056 38 106 183
0.050532 0.116742 0.761782 -0.365101 0.632562 0.683056 38 106 183
0.064003 0.116742 0.768982 -0.365101 0.632562 0.683056 38 106 183
0.068463 -0.001585 0.758215 -0.299910 -0.771506 0.561100 38 106 183
0.064896 -0.013239 0.740284 -0.299910 -0.771506 0.561100 38 106 183
0.073897 -0.013239 0.745095 -0.299910 -0.771506 0.561100 38 106 183
0.064003 0.116742 0.768982 -0.416179 0.469628 0.778617 38 106 183
0.045721 0.100541 0.768982 -0.416179 0.469628 0.778617 38 106 183
0.060689 0.100541 0.776983 -0.416179 0.469628 0.778617 38 106 183
0.080097 -0.021899 0.730127 -0.223051 -0.880973 0.417294 38 106 183
0.064896 -0.013239 0.740284 -0.223051 -0.880973 0.417294 38 106 183
0.073897 -0.021899 0.726813 -0.223051 -0.880973 0.417294 38 106 183
0.060689 0.100541 0.776983 -0.451284 0.289007 0.844286 38 106 183
0.042758 0.082961 0.773416 -0.451284 0.289007 0.844286 38 106 183
0.058648 0.082961 0.781910 -0.451284 0.289007 0.844286 38 106 183
0.080097 -0.021899 0.730127 -0.137444 -0.956550 0.257142 38 106 183
0.083664 -0.027232 0.712196 -0.137444 -0.956550 0.257142 38 106 183
0.086825 -0.027232 0.713886 -0.137444 -0.956550 0.257142 38 106 183
0.057959 0.064679 0.783573 -0.469150 0.097548 0.877715 38 106 183
0.042758 0.082961 0.773416 -0.469150 0.097548 0.877715 38 106 183
0.041758 0.064679 0.774913 -0.469150 0.097548 0.877715 38 106 183
0.086825 0.156590 0.713886 -0.046427 0.995138 0.086858 38 106 183
0.093821 0.158391 0.696995 -0.046427 0.995138 0.086858 38 106 183
0.083664 0.156590 0.712196 -0.046427 0.995138 0.086858 38 106 183
0.093821 -0.029032 0.696995 -0.046426 -0.995138 0.086858 38 106 183
0.086825 -0.027232 0.713886 -0.046426 -0.995138 0.086858 38 106 183
0.083664 -0.027232 0.712196 -0.046426 -0.995138 0.086858 38 106 183
0.057959 0.064679 0.783573 -0.469151 -0.097547 0.877714 38 106 183
0.042758 0.046397 0.773416 -0.469151 -0.097547 0.877714 38 106 183
0.058648 0.046397 0.781910 -0.469151 -0.097547 0.877714 38 106 183
0.086825 0.156590 0.713886 -0.137444 0.956550 0.257141 38 106 183
0.073897 0.151257 0.726813 -0.137444 0.956550 0.257141 38 106 183
0.080097 0.151257 0.730127 -0.137444 0.956550 0.257141 38 106 183
0.058648 0.046397 0.781910 -0.451280 -0.289007 0.844287 38 106 183
0.045721 0.028817 0.768982 -0.451280 -0.289007 0.844287 38 106 183
0.060689 0.028817 0.776983 -0.451280 -0.289007 0.844287 38 106 183
0.073897 0.142597 0.745095 -0.223048 0.880972 0.417298 38 106 183
0.073897 0.151257 0.726813 -0.223048 0.880972 0.417298 38 106 183
0.064896 0.142597 0.740284 -0.223048 0.880972 0.417298 38 106 183
0.060689 0.028817 0.776983 -0.416179 -0.469628 0.778617 38 106 183
0.050532 0.012616 0.761782 -0.416179 -0.469628 0.778617 38 106 183
0.064003 0.012616 0.768982 -0.416179 -0.469628 0.778617 38 106 183
0.073897 0.142597 0.745095 -0.299912 0.771506 0.561098 38 106 183
0.057007 0.130943 0.752092 -0.299912 0.771506 0.561098 38 106 183
0.068463 0.130943 0.758215 -0.299912 0.771506 0.561098 38 106 183
0.093821 -0.029032 0.696995 -0.062479 -0.995138 0.076131 38 106 183
0.083664 -0.027232 0.712196 -0.062479 -0.995138 0.076131 38 106 183
0.080894 -0.027232 0.709923 -0.062479 -0.995138 0.076131 38 106 183
0.041758 0.064679 0.774913 -0.631367 -0.097549 0.769325 38 106 183
0.028830 0.046397 0.761986 -0.631367 -0.097549 0.769325 38 106 183
0.042758 0.046397 0.773416 -0.631367 -0.097549 0.769325 38 106 183
0.073897 0.151257 0.726813 -0.184970 0.956550 0.225385 38 106 183
0.080894 0.156590 0.709923 -0.184970 0.956550 0.225385 38 106 183
0.068463 0.151257 0.722353 -0.184970 0.956550 0.225385 38 106 183
0.042758 0.046397 0.773416 -0.607322 -0.289004 0.740025 38 106 183
0.032601 0.028817 0.758215 -0.607322 -0.289004 0.740025 38 106 183
0.045721 0.028817 0.768982 -0.607322 -0.289004 0.740025 38 106 183
0.073897 0.151257 0.726813 -0.300176 0.880972 0.365763 38 106 183
0.057007 0.142597 0.733810 -0.300176 0.880972 0.365763 38 106 183
0.064896 0.142597 0.740284 -0.300176 0.880972 0.365763 38 106 183
0.045721 0.028817 0.768982 -0.560082 -0.469628 0.682464 38 106 183
0.038725 0.012616 0.752092 -0.560082 -0.469628 0.682464 38 106 183
0.050532 0.012616 0.761782 -0.560082 -0.469628 0.682464 38 106 183
0.057007 0.130943 0.752092 -0.403616 0.771506 0.491806 38 106 183
0.057007 0.142597 0.733810 -0.403616 0.771506 0.491806 38 106 183
0.046965 0.130943 0.743851 -0.403616 0.771506 0.491806 38 106 183
0.057007 -0.001585 0.752092 -0.491344 -0.632563 0.598702 38 106 183
0.038725 0.012616 0.752092 -0.491344 -0.632563 0.598702 38 106 183
0.046965 -0.001585 0.743851 -0.491344 -0.632563 0.598702 38 106 183
0.057007 0.130943 0.752092 -0.491343 0.632562 0.598705 38 106 183
0.038725 0.116742 0.752092 -0.491343 0.632562 0.598705 38 106 183
0.050532 0.116742 0.761782 -0.491343 0.632562 0.598705 38 106 183
0.057007 -0.001585 0.752092 -0.403618 -0.771505 0.491806 38 106 183
0.057007 -0.013239 0.733810 -0.403618 -0.771505 0.491806 38 106 183
0.064896 -0.013239 0.740284 -0.403618 -0.771505 0.491806 38 106 183
0.050532 0.116742 0.761782 -0.560083 0.469628 0.682463 38 106 183
0.032601 0.100541 0.758215 -0.560083 0.469628 0.682463 38 106 183
0.045721 0.100541 0.768982 -0.560083 0.469628 0.682463 38 106 183
0.073897 -0.021899 0.726813 -0.300174 -0.880972 0.365764 38 106 183
0.057007 -0.013239 0.733810 -0.300174 -0.880972 0.365764 38 106 183
0.068463 -0.021899 0.722353 -0.300174 -0.880972 0.365764 38 106 183
0.045721 0.100541 0.768982 -0.607322 0.289004 0.740025 38 106 183
0.028830 0.082961 0.761986 -0.607322 0.289004 0.740025 38 106 183
0.042758 0.082961 0.773416 -0.607322 0.289004 0.740025 38 106 183
0.083664 -0.027232 0.712196 -0.184969 -0.956550 0.225387 38 106 183
0.068463 -0.021899 0.722353 -0.184969 -0.956550 0.225387 38 106 183
0.080894 -0.027232 0.709923 -0.184969 -0.956550 0.225387 38 106 183
0.042758 0.082961 0.773416 -0.631365 0.097549 0.769326 38 106 183
0.027557 0.064679 0.763259 -0.631365 0.097549 0.769326 38 106 183
0.041758 0.064679 0.774913 -0.631365 0.097549 0.769326 38 106 183
0.083664 0.156590 0.712196 -0.062480 0.995138 0.076132 38 106 183
0.093821 0.158391 0.696995 -0.062480 0.995138 0.076132 38 106 183
0.080894 0.156590 0.709923 -0.062480 0.995138 0.076132 38 106 183
0.046965 -0.001585 0.743851 -0.491807 -0.771505 0.403615 38 106 183
0.050532 -0.013239 0.725920 -0.491807 -0.771505 0.403615 38 106 183
0.057007 -0.013239 0.733810 -0.491807 -0.771505 0.403615 38 106 183
0.032601 0.100541 0.758215 -0.682464 0.469627 0.560084 38 106 183
0.029034 0.116742 0.740284 -0.682464 0.469627 0.560084 38 106 183
0.021834 0.100541 0.745095 -0.682464 0.469627 0.560084 38 106 183
0.057007 -0.013239 0.733810 -0.365764 -0.880972 0.300174 38 106 183
0.064003 -0.021899 0.716919 -0.365764 -0.880972 0.300174 38 106 183
0.068463 -0.021899 0.722353 -0.365764 -0.880972 0.300174 38 106 183
0.028830 0.082961 0.761986 -0.740025 0.289004 0.607322 38 106 183
0.021834 0.100541 0.745095 -0.740025 0.289004 0.607322 38 106 183
0.017400 0.082961 0.748058 -0.740025 0.289004 0.607322 38 106 183
0.068463 -0.021899 0.722353 -0.225387 -0.956549 0.184970 38 106 183
0.078620 -0.027232 0.707152 -0.225387 -0.956549 0.184970 38 106 183
0.080894 -0.027232 0.709923 -0.225387 -0.956549 0.184970 38 106 183
0.028830 0.082961 0.761986 -0.769325 0.097551 0.631365 38 106 183
0.015903 0.064679 0.749058 -0.769325 0.097551 0.631365 38 106 183
0.027557 0.064679 0.763259 -0.769325 0.097551 0.631365 38 106 183
0.080894 0.156590 0.709923 -0.076132 0.995138 0.062480 38 106 183
0.093821 0.158391 0.696995 -0.076132 0.995138 0.062480 38 106 183
0.078620 0.156590 0.707152 -0.076132 0.995138 0.062480 38 106 183
0.093821 -0.029032 0.696995 -0.076131 -0.995138 0.062479 38 106 183
0.080894 -0.027232 0.709923 -0.076131 -0.995138 0.062479 38 106 183
0.078620 -0.027232 0.707152 -0.076131 -0.995138 0.062479 38 106 183
0.027557 0.064679 0.763259 -0.769324 -0.097551 0.631367 38 106 183
0.017400 0.046397 0.748058 -0.769324 -0.097551 0.631367 38 106 183
0.028830 0.046397 0.761986 -0.769324 -0.097551 0.631367 38 106 183
0.080894 0.156590 0.709923 -0.225386 0.956550 0.184969 38 106 183
0.064003 0.151257 0.716919 -0.225386 0.956550 0.184969 38 106 183
0.068463 0.151257 0.722353 -0.225386 0.956550 0.184969 38 106 183
0.028830 0.046397 0.761986 -0.740024 -0.289005 0.607323 38 106 183
0.021834 0.028817 0.745095 -0.740024 -0.289005 0.607323 38 106 183
0.032601 0.028817 0.758215 -0.740024 -0.289005 0.607323 38 106 183
0.057007 0.142597 0.733810 -0.365764 0.880972 0.300175 38 106 183
0.064003 0.151257 0.716919 -0.365764 0.880972 0.300175 38 106 183
0.050532 0.142597 0.725920 -0.365764 0.880972 0.300175 38 106 183
0.032601 0.028817 0.758215 -0.682463 -0.469627 0.560084 38 106 183
0.029034 0.012616 0.740284 -0.682463 -0.469627 0.560084 38 106 183
0.038725 0.012616 0.752092 -0.682463 -0.469627 0.560084 38 106 183
0.046965 0.130943 0.743851 -0.491806 0.771506 0.403615 38 106 183
0.050532 0.142597 0.725920 -0.491806 0.771506 0.403615 38 106 183
0.038725 0.130943 0.733810 -0.491806 0.771506 0.403615 38 106 183
0.038725 0.012616 0.752092 -0.598703 -0.632563 0.491344 38 106 183
0.038725 -0.001585 0.733810 -0.598703 -0.632563 0.491344 38 106 183
0.046965 -0.001585 0.743851 -0.598703 -0.632563 0.491344 38 106 183
0.046965 0.130943 0.743851 -0.598703 0.632563 0.491344 38 106 183
0.029034 0.116742 0.740284 -0.598703 0.632563 0.491344 38 106 183
0.038725 0.116742 0.752092 -0.598703 0.632563 0.491344 38 106 183
0.078620 0.156590 0.707152 -0.257140 0.956550 0.137446 38 106 183
0.060689 0.151257 0.710719 -0.257140 0.956550 0.137446 38 106 183
0.064003 0.151257 0.716919 -0.257140 0.956550 0.137446 38 106 183
0.021834 0.028817 0.745095 -0.844288 -0.289004 0.451281 38 106 183
0.008907 0.046397 0.732168 -0.844288 -0.289004 0.451281 38 106 183
0.013833 0.028817 0.730127 -0.844288 -0.289004 0.451281 38 106 183
0.050532 0.142597 0.725920 -0.417298 0.880972 0.223050 38 106 183
0.060689 0.151257 0.710719 -0.417298 0.880972 0.223050 38 106 183
0.045721 0.142597 0.716919 -0.417298 0.880972 0.223050 38 106 183
0.021834 0.028817 0.745095 -0.778618 -0.469627 0.416179 38 106 183
0.021834 0.012616 0.726813 -0.778618 -0.469627 0.416179 38 106 183
0.029034 0.012616 0.740284 -0.778618 -0.469627 0.416179 38 106 183
0.050532 0.142597 0.725920 -0.561098 0.771506 0.299913 38 106 183
0.032601 0.130943 0.722353 -0.561098 0.771506 0.299913 38 106 183
0.038725 0.130943 0.733810 -0.561098 0.771506 0.299913 38 106 183
0.038725 -0.001585 0.733810 -0.683056 -0.632563 0.365100 38 106 183
0.021834 0.012616 0.726813 -0.683056 -0.632563 0.365100 38 106 183
0.032601 -0.001585 0.722353 -0.683056 -0.632563 0.365100 38 106 183
0.038725 0.130943 0.733810 -0.683056 0.632563 0.365100 38 106 183
0.021834 0.116742 0.726813 -0.683056 0.632563 0.365100 38 106 183
0.029034 0.116742 0.740284 -0.683056 0.632563 0.365100 38 106 183
0.038725 -0.001585 0.733810 -0.561098 -0.771506 0.299913 38 106 183
0.045721 -0.013239 0.716919 -0.561098 -0.771506 0.299913 38 106 183
0.050532 -0.013239 0.725920 -0.561098 -0.771506 0.299913 38 106 183
0.021834 0.100541 0.745095 -0.778617 0.469628 0.416179 38 106 183
0.021834 0.116742 0.726813 -0.778617 0.469628 0.416179 38 106 183
0.013833 0.100541 0.730127 -0.778617 0.469628 0.416179 38 106 183
0.064003 -0.021899 0.716919 -0.417297 -0.880973 0.223048 38 106 183
0.045721 -0.013239 0.716919 -0.417297 -0.880973 0.223048 38 106 183
0.060689 -0.021899 0.710719 -0.417297 -0.880973 0.223048 38 106 183
0.021834 0.100541 0.745095 -0.844288 0.289004 0.451281 38 106 183
0.008907 0.082961 0.732168 -0.844288 0.289004 0.451281 38 106 183
0.017400 0.082961 0.748058 -0.844288 0.289004 0.451281 38 106 183
0.078620 -0.027232 0.707152 -0.257142 -0.956549 0.137445 38 106 183
0.060689 -0.021899 0.710719 -0.257142 -0.956549 0.137445 38 106 183
0.076931 -0.027232 0.703991 -0.257142 -0.956549 0.137445 38 106 183
0.015903 0.064679 0.749058 -0.877714 0.097551 0.469150 38 106 183
0.008907 0.082961 0.732168 -0.877714 0.097551 0.469150 38 106 183
0.007243 0.064679 0.732857 -0.877714 0.097551 0.469150 38 106 183
0.078620 0.156590 0.707152 -0.086858 0.995138 0.046426 38 106 183
0.093821 0.158391 0.696995 -0.086858 0.995138 0.046426 38 106 183
0.076931 0.156590 0.703991 -0.086858 0.995138 0.046426 38 106 183
0.093821 -0.029032 0.696995 -0.086858 -0.995138 0.046426 38 106 183
0.078620 -0.027232 0.707152 -0.086858 -0.995138 0.046426 38 106 183
0.076931 -0.027232 0.703991 -0.086858 -0.995138 0.046426 38 106 183
0.015903 0.064679 0.749058 -0.877715 -0.097550 0.469149 38 106 183
0.008907 0.046397 0.732168 -0.877715 -0.097550 0.469149 38 106 183
0.017400 0.046397 0.748058 -0.877715 -0.097550 0.469149 38 106 183
0.021834 0.116742 0.726813 -0.844848 0.469628 0.256282 38 106 183
0.008907 0.100541 0.713886 -0.844848 0.469628 0.256282 38 106 183
0.013833 0.100541 0.730127 -0.844848 0.469628 0.256282 38 106 183
0.060689 -0.021899 0.710719 -0.452793 -0.880972 0.137354 38 106 183
0.042758 -0.013239 0.707152 -0.452793 -0.880972 0.137354 38 106 183
0.058648 -0.021899 0.703991 -0.452793 -0.880972 0.137354 38 106 183
0.008907 0.082961 0.732168 -0.916106 0.289003 0.277898 38 106 183
0.008907 0.100541 0.713886 -0.916106 0.289003 0.277898 38 106 183
0.003676 0.082961 0.714926 -0.916106 0.289003 0.277898 38 106 183
0.060689 -0.021899 0.710719 -0.279015 -0.956550 0.084639 38 106 183
0.075890 -0.027232 0.700562 -0.279015 -0.956550 0.084639 38 106 183
0.076931 -0.027232 0.703991 -0.279015 -0.956550 0.084639 38 106 183
0.008907 0.082961 0.732168 -0.952376 0.097551 0.288900 38 106 183
0.001910 0.064679 0.715277 -0.952376 0.097551 0.288900 38 106 183
0.007243 0.064679 0.732857 -0.952376 0.097551 0.288900 38 106 183
0.076931 0.156590 0.703991 -0.094247 0.995138 0.028590 38 106 183
0.093821 0.158391 0.696995 -0.094247 0.995138 0.028590 38 106 183
0.075890 0.156590 0.700562 -0.094247 0.995138 0.028590 38 106 183
0.093821 -0.029032 0.696995 -0.094246 -0.995138 0.028590 38 106 183
0.076931 -0.027232 0.703991 -0.094246 -0.995138 0.028590 38 106 183
0.075890 -0.027232 0.700562 -0.094246 -0.995138 0.028590 38 106 183
0.007243 0.064679 0.732857 -0.952376 -0.097551 0.288900 38 106 183
0.003676 0.046397 0.714926 -0.952376 -0.097551 0.288900 38 106 183
0.008907 0.046397 0.732168 -0.952376 -0.097551 0.288900 38 106 183
0.076931 0.156590 0.703991 -0.279014 0.956550 0.084637 38 106 183
0.058648 0.151257 0.703991 -0.279014 0.956550 0.084637 38 106 183
0.060689 0.151257 0.710719 -0.279014 0.956550 0.084637 38 106 183
0.008907 0.046397 0.732168 -0.916106 -0.289004 0.277898 38 106 183
0.008907 0.028817 0.713886 -0.916106 -0.289004 0.277898 38 106 183
0.013833 0.028817 0.730127 -0.916106 -0.289004 0.277898 38 106 183
0.060689 0.151257 0.710719 -0.452794 0.880972 0.137354 38 106 183
0.042758 0.142597 0.707152 -0.452794 0.880972 0.137354 38 106 183
0.045721 0.142597 0.716919 -0.452794 0.880972 0.137354 38 106 183
0.013833 0.028817 0.730127 -0.844849 -0.469628 0.256281 38 106 183
0.017400 0.012616 0.712196 -0.844849 -0.469628 0.256281 38 106 183
0.021834 0.012616 0.726813 -0.844849 -0.469628 0.256281 38 106 183
0.032601 0.130943 0.722353 -0.608827 0.771506 0.184686 38 106 183
0.042758 0.142597 0.707152 -0.608827 0.771506 0.184686 38 106 183
0.028830 0.130943 0.709923 -0.608827 0.771506 0.184686 38 106 183
0.032601 -0.001585 0.722353 -0.741160 -0.632561 0.224829 38 106 183
0.017400 0.012616 0.712196 -0.741160 -0.632561 0.224829 38 106 183
0.028830 -0.001585 0.709923 -0.741160 -0.632561 0.224829 38 106 183
0.032601 0.130943 0.722353 -0.741159 0.632563 0.224827 38 106 183
0.017400 0.116742 0.712196 -0.741159 0.632563 0.224827 38 106 183
0.021834 0.116742 0.726813 -0.741159 0.632563 0.224827 38 106 183
0.032601 -0.001585 0.722353 -0.608827 -0.771505 0.184686 38 106 183
0.042758 -0.013239 0.707152 -0.608827 -0.771505 0.184686 38 106 183
0.045721 -0.013239 0.716919 -0.608827 -0.771505 0.184686 38 106 183
0.003676 0.046397 0.714926 -0.952718 -0.289003 0.093836 38 106 183
0.007243 0.028817 0.696995 -0.952718 -0.289003 0.093836 38 106 183
0.008907 0.028817 0.713886 -0.952718 -0.289003 0.093836 38 106 183
0.058648 0.151257 0.703991 -0.470890 0.880972 0.046379 38 106 183
0.041758 0.142597 0.696995 -0.470890 0.880972 0.046379 38 106 183
0.042758 0.142597 0.707152 -0.470890 0.880972 0.046379 38 106 183
0.017400 0.012616 0.712196 -0.878612 -0.469630 0.086535 38 106 183
0.007243 0.028817 0.696995 -0.878612 -0.469630 0.086535 38 106 183
0.015903 0.012616 0.696995 -0.878612 -0.469630 0.086535 38 106 183
0.042758 0.142597 0.707152 -0.633159 0.771506 0.062361 38 106 183
0.027557 0.130943 0.696995 -0.633159 0.771506 0.062361 38 106 183
0.028830 0.130943 0.709923 -0.633159 0.771506 0.062361 38 106 183
0.017400 0.012616 0.712196 -0.770781 -0.632562 0.075916 38 106 183
0.027557 -0.001585 0.696995 -0.770781 -0.632562 0.075916 38 106 183
0.028830 -0.001585 0.709923 -0.770781 -0.632562 0.075916 38 106 183
0.017400 0.116742 0.712196 -0.770781 0.632561 0.075915 38 106 183
0.027557 0.130943 0.696995 -0.770781 0.632561 0.075915 38 106 183
0.015903 0.116742 0.696995 -0.770781 0.632561 0.075915 38 106 183
0.042758 -0.013239 0.707152 -0.633159 -0.771506 0.062360 38 106 183
0.027557 -0.001585 0.696995 -0.633159 -0.771506 0.062360 38 106 183
0.041758 -0.013239 0.696995 -0.633159 -0.771506 0.062360 38 106 183
0.017400 0.116742 0.712196 -0.878613 0.469629 0.086537 38 106 183
0.007243 0.100541 0.696995 -0.878613 0.469629 0.086537 38 106 183
0.008907 0.100541 0.713886 -0.878613 0.469629 0.086537 38 106 183
0.058648 -0.021899 0.703991 -0.470890 -0.880972 0.046379 38 106 183
0.041758 -0.013239 0.696995 -0.470890 -0.880972 0.046379 38 106 183
0.057959 -0.021899 0.696995 -0.470890 -0.880972 0.046379 38 106 183
0.003676 0.082961 0.714926 -0.952718 0.289003 0.093836 38 106 183
0.007243 0.100541 0.696995 -0.952718 0.289003 0.093836 38 106 183
0.001910 0.082961 0.696995 -0.952718 0.289003 0.093836 38 106 183
0.058648 -0.021899 0.703991 -0.290166 -0.956549 0.028578 38 106 183
0.075539 -0.027232 0.696995 -0.290166 -0.956549 0.028578 38 106 183
0.075890 -0.027232 0.700562 -0.290166 -0.956549 0.028578 38 106 183
0.003676 0.082961 0.714926 -0.990563 0.097539 0.096292 38 106 183
0.000133 0.064679 0.696995 -0.990563 0.097539 0.096292 38 106 183
0.001910 0.064679 0.715277 -0.990563 0.097539 0.096292 38 106 183
0.075890 0.156590 0.700562 -0.098013 0.995138 0.009653 38 106 183
0.093821 0.158391 0.696995 -0.098013 0.995138 0.009653 38 106 183
0.075539 0.156590 0.696995 -0.098013 0.995138 0.009653 38 106 183
0.093821 -0.029032 0.696995 -0.098013 -0.995138 0.009653 38 106 183
0.075890 -0.027232 0.700562 -0.098013 -0.995138 0.009653 38 106 183
0.075539 -0.027232 0.696995 -0.098013 -0.995138 0.009653 38 106 183
0.003676 0.046397 0.714926 -0.990560 -0.096292 0.097563 38 106 183
0.000133 0.064679 0.696995 -0.990560 -0.096292 0.097563 38 106 183
0.001910 0.046397 0.696995 -0.990560 -0.096292 0.097563 38 106 183
0.075890 0.156590 0.700562 -0.290165 0.956550 0.028579 38 106 183
0.057959 0.151257 0.696995 -0.290165 0.956550 0.028579 38 106 183
0.058648 0.151257 0.703991 -0.290165 0.956550 0.028579 38 106 183
0.129683 -0.021899 0.696995 0.471395 -0.881922 -0.000000 38 106 183
0.145884 -0.013239 0.402623 0.471395 -0.881922 -0.000000 38 106 183
0.145884 -0.013239 0.696995 0.471395 -0.881922 -0.000000 38 106 183
0.185732 0.082961 0.696995 0.956941 0.290284 -0.000000 38 106 183
0.180399 0.100541 0.402623 0.956941 0.290284 -0.000000 38 106 183
0.180399 0.100541 0.696995 0.956941 0.290284 -0.000000 38 106 183
0.015903 0.012616 0.696995 -0.881921 -0.471398 0.000000 38 106 183
0.007243 0.028817 0.402623 -0.881921 -0.471398 0.000000 38 106 183
0.015903 0.012616 0.402623 -0.881921 -0.471398 0.000000 38 106 183
0.093821 -0.029032 0.696995 0.098017 -0.995185 0.000000 38 106 183
0.112103 -0.027232 0.402623 0.098017 -0.995185 0.000000 38 106 183
0.112103 -0.027232 0.696995 0.098017 -0.995185 0.000000 38 106 183
0.187533 0.064679 0.696995 0.995185 0.098018 -0.000000 38 106 183
0.185732 0.082961 0.402623 0.995185 0.098018 -0.000000 38 106 183
0.185732 0.082961 0.696995 0.995185 0.098018 -0.000000 38 106 183
0.015903 0.012616 0.696995 -0.773011 -0.634392 0.000000 38 106 183
0.027557 -0.001585 0.402623 -0.773011 -0.634392 0.000000 38 106 183
0.027557 -0.001585 0.696995 -0.773011 -0.634392 0.000000 38 106 183
0.187533 0.064679 0.696995 0.995185 -0.098016 -0.000000 38 106 183
0.185732 0.046397 0.402623 0.995185 -0.098016 -0.000000 38 106 183
0.187533 0.064679 0.402623 0.995185 -0.098016 -0.000000 38 106 183
0.041758 -0.013239 0.696995 -0.634394 -0.773010 0.000000 38 106 183
0.027557 -0.001585 0.402623 -0.634394 -0.773010 0.000000 38 106 183
0.041758 -0.013239 0.402623 -0.634394 -0.773010 0.000000 38 106 183
0.041758 -0.013239 0.696995 -0.471397 -0.881921 0.000000 38 106 183
0.057959 -0.021899 0.402623 -0.471397 -0.881921 0.000000 38 106 183
0.057959 -0.021899 0.696995 -0.471397 -0.881921 0.000000 38 106 183
0.057959 -0.021899 0.696995 -0.290284 -0.956940 0.000000 38 106 183
0.075539 -0.027232 0.402623 -0.290284 -0.956940 0.000000 38 106 183
0.075539 -0.027232 0.696995 -0.290284 -0.956940 0.000000 38 106 183
0.057959 0.151257 0.696995 -0.290283 0.956941 0.000000 38 106 183
0.075539 0.156590 0.402623 -0.290283 0.956941 0.000000 38 106 183
0.057959 0.151257 0.402623 -0.290283 0.956941 0.000000 38 106 183
0.057959 0.151257 0.696995 -0.471397 0.881921 0.000000 38 106 183
0.041758 0.142597 0.402623 -0.471397 0.881921 0.000000 38 106 183
0.041758 0.142597 0.696995 -0.471397 0.881921 0.000000 38 106 183
0.041758 0.142597 0.696995 -0.634394 0.773010 0.000000 38 106 183
0.027557 0.130943 0.402623 -0.634394 0.773010 0.000000 38 106 183
0.027557 0.130943 0.696995 -0.634394 0.773010 0.000000 38 106 183
0.171739 0.012616 0.696995 0.881921 -0.471398 -0.000000 38 106 183
0.180399 0.028817 0.402623 0.881921 -0.471398 -0.000000 38 106 183
0.180399 0.028817 0.696995 0.881921 -0.471398 -0.000000 38 106 183
0.015903 0.116742 0.696995 -0.773011 0.634392 0.000000 38 106 183
0.027557 0.130943 0.402623 -0.773011 0.634392 0.000000 38 106 183
0.015903 0.116742 0.402623 -0.773011 0.634392 0.000000 38 106 183
0.160085 -0.001585 0.696995 0.773012 -0.634391 -0.000000 38 106 183
0.171739 0.012616 0.402623 0.773012 -0.634391 -0.000000 38 106 183
0.171739 0.012616 0.696995 0.773012 -0.634391 -0.000000 38 106 183
0.112103 0.156590 0.696995 0.290283 0.956941 -0.000000 38 106 183
0.129683 0.151257 0.402623 0.290283 0.956941 -0.000000 38 106 183
0.112103 0.156590 0.402623 0.290283 0.956941 -0.000000 38 106 183
0.075539 0.156590 0.696995 -0.098018 0.995185 -0.000000 38 106 183
0.093821 0.158391 0.402623 -0.098018 0.995185 -0.000000 38 106 183
0.075539 0.156590 0.402623 -0.098018 0.995185 -0.000000 38 106 183
0.015903 0.116742 0.696995 -0.881921 0.471398 0.000000 38 106 183
0.007243 0.100541 0.402623 -0.881921 0.471398 0.000000 38 106 183
0.007243 0.100541 0.696995 -0.881921 0.471398 0.000000 38 106 183
0.112103 -0.027232 0.696995 0.290284 -0.956940 -0.000000 38 106 183
0.129683 -0.021899 0.402623 0.290284 -0.956940 -0.000000 38 106 183
0.129683 -0.021899 0.696995 0.290284 -0.956940 -0.000000 38 106 183
0.145884 0.142597 0.696995 0.471397 0.881921 -0.000000 38 106 183
0.129683 0.151257 0.402623 0.471397 0.881921 -0.000000 38 106 183
0.129683 0.151257 0.696995 0.471397 0.881921 -0.000000 38 106 183
0.075539 -0.027232 0.696995 -0.098017 -0.995185 0.000000 38 106 183
0.093821 -0.029032 0.402623 -0.098017 -0.995185 0.000000 38 106 183
0.093821 -0.029032 0.696995 -0.098017 -0.995185 0.000000 38 106 183
0.007243 0.100541 0.696995 -0.956941 0.290284 0.000000 38 106 183
0.001910 0.082961 0.402623 -0.956941 0.290284 0.000000 38 106 183
0.001910 0.082961 0.696995 -0.956941 0.290284 0.000000 38 106 183
0.093821 0.158391 0.696995 0.098018 0.995185 -0.000000 38 106 183
0.112103 0.156590 0.402623 0.098018 0.995185 -0.000000 38 106 183
0.093821 0.158391 0.402623 0.098018 0.995185 -0.000000 38 106 183
0.160085 0.130943 0.696995 0.634393 0.773010 -0.000000 38 106 183
0.145884 0.142597 0.402623 0.634393 0.773010 -0.000000 38 106 183
0.145884 0.142597 0.696995 0.634393 0.773010 -0.000000 38 106 183
0.001910 0.082961 0.696995 -0.995308 0.096753 0.000000 38 106 183
0.000133 0.064679 0.402623 -0.995308 0.096753 0.000000 38 106 183
0.000133 0.064679 0.696995 -0.995308 0.096753 0.000000 38 106 183
0.180399 0.028817 0.696995 0.956940 -0.290286 -0.000000 38 106 183
0.185732 0.046397 0.402623 0.956940 -0.290286 -0.000000 38 106 183
0.185732 0.046397 0.696995 0.956940 -0.290286 -0.000000 38 106 183
0.171739 0.116742 0.696995 0.773010 0.634394 -0.000000 38 106 183
0.160085 0.130943 0.402623 0.773010 0.634394 -0.000000 38 106 183
0.160085 0.130943 0.696995 0.773010 0.634394 -0.000000 38 106 183
0.000133 0.064679 0.696995 -0.995308 -0.096753 0.000000 38 106 183
0.001910 0.046397 0.402623 -0.995308 -0.096753 0.000000 38 106 183
0.001910 0.046397 0.696995 -0.995308 -0.096753 0.000000 38 106 183
0.180399 0.100541 0.696995 0.881922 0.471396 -0.000000 38 106 183
0.171739 0.116742 0.402623 0.881922 0.471396 -0.000000 38 106 183
0.171739 0.116742 0.696995 0.881922 0.471396 -0.000000 38 106 183
0.160085 -0.001585 0.696995 0.634395 -0.773009 -0.000000 38 106 183
0.145884 -0.013239 0.402623 0.634395 -0.773009 -0.000000 38 106 183
0.160085 -0.001585 0.402623 0.634395 -0.773009 -0.000000 38 106 183
0.001910 0.046397 0.696995 -0.956941 -0.290284 0.000000 38 106 183
0.007243 0.028817 0.402623 -0.956941 -0.290284 0.000000 38 106 183
0.007243 0.028817 0.696995 -0.956941 -0.290284 0.000000 38 106 183
0.185732 0.082961 0.108251 0.952718 0.289003 -0.093834 38 106 183
0.178736 0.100541 0.091361 0.952718 0.289003 -0.093834 38 106 183
0.180399 0.100541 0.108251 0.952718 0.289003 -0.093834 38 106 183
0.111752 -0.027232 0.104685 0.290166 -0.956550 -0.028577 38 106 183
0.129683 -0.021899 0.108251 0.290166 -0.956550 -0.028577 38 106 183
0.112103 -0.027232 0.108251 0.290166 -0.956550 -0.028577 38 106 183
0.187533 0.064679 0.108251 0.990438 0.097551 -0.097548 38 106 183
0.183966 0.082961 0.090320 0.990438 0.097551 -0.097548 38 106 183
0.185732 0.082961 0.108251 0.990438 0.097551 -0.097548 38 106 183
0.112103 0.156590 0.108251 0.098013 0.995138 -0.009654 38 106 183
0.111752 0.156590 0.104685 0.098013 0.995138 -0.009654 38 106 183
0.093821 0.158391 0.108251 0.098013 0.995138 -0.009654 38 106 183
0.093821 -0.029032 0.108251 0.098013 -0.995138 -0.009652 38 106 183
0.111752 -0.027232 0.104685 0.098013 -0.995138 -0.009652 38 106 183
0.112103 -0.027232 0.108251 0.098013 -0.995138 -0.009652 38 106 183
0.183966 0.046397 0.090320 0.990438 -0.097551 -0.097548 38 106 183
0.187533 0.064679 0.108251 0.990438 -0.097551 -0.097548 38 106 183
0.185732 0.046397 0.108251 0.990438 -0.097551 -0.097548 38 106 183
0.129683 0.151257 0.108251 0.290165 0.956550 -0.028579 38 106 183
0.111752 0.156590 0.104685 0.290165 0.956550 -0.028579 38 106 183
0.112103 0.156590 0.108251 0.290165 0.956550 -0.028579 38 106 183
0.178736 0.028817 0.091361 0.952718 -0.289006 -0.093831 38 106 183
0.185732 0.046397 0.108251 0.952718 -0.289006 -0.093831 38 106 183
0.180399 0.028817 0.108251 0.952718 -0.289006 -0.093831 38 106 183
0.145884 0.142597 0.108251 0.470890 0.880972 -0.046376 38 106 183
0.128994 0.151257 0.101255 0.470890 0.880972 -0.046376 38 106 183
0.129683 0.151257 0.108251 0.470890 0.880972 -0.046376 38 106 183
0.170242 0.012616 0.093050 0.878613 -0.469630 -0.086529 38 106 183
0.180399 0.028817 0.108251 0.878613 -0.469630 -0.086529 38 106 183
0.171739 0.012616 0.108251 0.878613 -0.469630 -0.086529 38 106 183
0.158812 0.130943 0.095324 0.633159 0.771506 -0.062360 38 106 183
0.145884 0.142597 0.108251 0.633159 0.771506 -0.062360 38 106 183
0.160085 0.130943 0.108251 0.633159 0.771506 -0.062360 38 106 183
0.158812 -0.001585 0.095324 0.770782 -0.632560 -0.075913 38 106 183
0.171739 0.012616 0.108251 0.770782 -0.632560 -0.075913 38 106 183
0.160085 -0.001585 0.108251 0.770782 -0.632560 -0.075913 38 106 183
0.171739 0.116742 0.108251 0.770779 0.632563 -0.075914 38 106 183
0.158812 0.130943 0.095324 0.770779 0.632563 -0.075914 38 106 183
0.160085 0.130943 0.108251 0.770779 0.632563 -0.075914 38 106 183
0.144884 -0.013239 0.098094 0.633160 -0.771505 -0.062361 38 106 183
0.160085 -0.001585 0.108251 0.633160 -0.771505 -0.062361 38 106 183
0.145884 -0.013239 0.108251 0.633160 -0.771505 -0.062361 38 106 183
0.178736 0.100541 0.091361 0.878613 0.469628 -0.086535 38 106 183
0.171739 0.116742 0.108251 0.878613 0.469628 -0.086535 38 106 183
0.180399 0.100541 0.108251 0.878613 0.469628 -0.086535 38 106 183
0.128994 -0.021899 0.101255 0.470888 -0.880973 -0.046375 38 106 183
0.145884 -0.013239 0.108251 0.470888 -0.880973 -0.046375 38 106 183
0.129683 -0.021899 0.108251 0.470888 -0.880973 -0.046375 38 106 183
0.144884 -0.013239 0.098094 0.608827 -0.771506 -0.184686 38 106 183
0.155041 -0.001585 0.082893 0.608827 -0.771506 -0.184686 38 106 183
0.158812 -0.001585 0.095324 0.608827 -0.771506 -0.184686 38 106 183
0.173809 0.100541 0.075119 0.844849 0.469627 -0.256283 38 106 183
0.170242 0.116742 0.093050 0.844849 0.469627 -0.256283 38 106 183
0.178736 0.100541 0.091361 0.844849 0.469627 -0.256283 38 106 183
0.126953 -0.021899 0.094528 0.452793 -0.880972 -0.137353 38 106 183
0.144884 -0.013239 0.098094 0.452793 -0.880972 -0.137353 38 106 183
0.128994 -0.021899 0.101255 0.452793 -0.880972 -0.137353 38 106 183
0.178736 0.082961 0.073078 0.916106 0.289004 -0.277898 38 106 183
0.178736 0.100541 0.091361 0.916106 0.289004 -0.277898 38 106 183
0.183966 0.082961 0.090320 0.916106 0.289004 -0.277898 38 106 183
0.110712 -0.027232 0.101255 0.279015 -0.956550 -0.084637 38 106 183
0.128994 -0.021899 0.101255 0.279015 -0.956550 -0.084637 38 106 183
0.111752 -0.027232 0.104685 0.279015 -0.956550 -0.084637 38 106 183
0.185732 0.064679 0.089969 0.952376 0.097548 -0.288900 38 106 183
0.178736 0.082961 0.073078 0.952376 0.097548 -0.288900 38 106 183
0.183966 0.082961 0.090320 0.952376 0.097548 -0.288900 38 106 183
0.111752 0.156590 0.104685 0.094247 0.995138 -0.028589 38 106 183
0.110712 0.156590 0.101255 0.094247 0.995138 -0.028589 38 106 183
0.093821 0.158391 0.108251 0.094247 0.995138 -0.028589 38 106 183
0.093821 -0.029032 0.108251 0.094246 -0.995138 -0.028589 38 106 183
0.110712 -0.027232 0.101255 0.094246 -0.995138 -0.028589 38 106 183
0.111752 -0.027232 0.104685 0.094246 -0.995138 -0.028589 38 106 183
0.178736 0.046397 0.073078 0.952377 -0.097548 -0.288900 38 106 183
0.185732 0.064679 0.089969 0.952377 -0.097548 -0.288900 38 106 183
0.183966 0.046397 0.090320 0.952377 -0.097548 -0.288900 38 106 183
0.126953 0.151257 0.094528 0.279013 0.956550 -0.084638 38 106 183
0.111752 0.156590 0.104685 0.279013 0.956550 -0.084638 38 106 183
0.128994 0.151257 0.101255 0.279013 0.956550 -0.084638 38 106 183
0.178736 0.028817 0.091361 0.916106 -0.289004 -0.277898 38 106 183
0.178736 0.046397 0.073078 0.916106 -0.289004 -0.277898 38 106 183
0.183966 0.046397 0.090320 0.916106 -0.289004 -0.277898 38 106 183
0.141921 0.142597 0.088327 0.452794 0.880972 -0.137353 38 106 183
0.128994 0.151257 0.101255 0.452794 0.880972 -0.137353 38 106 183
0.144884 0.142597 0.098094 0.452794 0.880972 -0.137353 38 106 183
0.170242 0.012616 0.093050 0.844849 -0.469627 -0.256283 38 106 183
0.173809 0.028817 0.075119 0.844849 -0.469627 -0.256283 38 106 183
0.178736 0.028817 0.091361 0.844849 -0.469627 -0.256283 38 106 183
0.158812 0.130943 0.095324 0.608827 0.771506 -0.184685 38 106 183
0.141921 0.142597 0.088327 0.608827 0.771506 -0.184685 38 106 183
0.144884 0.142597 0.098094 0.608827 0.771506 -0.184685 38 106 183
0.158812 -0.001585 0.095324 0.741159 -0.632563 -0.224829 38 106 183
0.165808 0.012616 0.078433 0.741159 -0.632563 -0.224829 38 106 183
0.170242 0.012616 0.093050 0.741159 -0.632563 -0.224829 38 106 183
0.165808 0.116742 0.078433 0.741159 0.632563 -0.224829 38 106 183
0.158812 0.130943 0.095324 0.741159 0.632563 -0.224829 38 106 183
0.170242 0.116742 0.093050 0.741159 0.632563 -0.224829 38 106 183
0.173809 0.028817 0.075119 0.844288 -0.289005 -0.451281 38 106 183
0.170242 0.046397 0.057188 0.844288 -0.289005 -0.451281 38 106 183
0.178736 0.046397 0.073078 0.844288 -0.289005 -0.451281 38 106 183
0.141921 0.142597 0.088327 0.417297 0.880972 -0.223050 38 106 183
0.123639 0.151257 0.088327 0.417297 0.880972 -0.223050 38 106 183
0.126953 0.151257 0.094528 0.417297 0.880972 -0.223050 38 106 183
0.165808 0.012616 0.078433 0.778619 -0.469627 -0.416178 38 106 183
0.165808 0.028817 0.060151 0.778619 -0.469627 -0.416178 38 106 183
0.173809 0.028817 0.075119 0.778619 -0.469627 -0.416178 38 106 183
0.148918 0.130943 0.071437 0.561098 0.771506 -0.299913 38 106 183
0.141921 0.142597 0.088327 0.561098 0.771506 -0.299913 38 106 183
0.155041 0.130943 0.082893 0.561098 0.771506 -0.299913 38 106 183
0.148918 -0.001585 0.071437 0.683056 -0.632562 -0.365101 38 106 183
0.165808 0.012616 0.078433 0.683056 -0.632562 -0.365101 38 106 183
0.155041 -0.001585 0.082893 0.683056 -0.632562 -0.365101 38 106 183
0.165808 0.116742 0.078433 0.683056 0.632563 -0.365101 38 106 183
0.148918 0.130943 0.071437 0.683056 0.632563 -0.365101 38 106 183
0.155041 0.130943 0.082893 0.683056 0.632563 -0.365101 38 106 183
0.137110 -0.013239 0.079326 0.561098 -0.771506 -0.299913 38 106 183
0.155041 -0.001585 0.082893 0.561098 -0.771506 -0.299913 38 106 183
0.141921 -0.013239 0.088327 0.561098 -0.771506 -0.299913 38 106 183
0.173809 0.100541 0.075119 0.778617 0.469627 -0.416180 38 106 183
0.158608 0.116742 0.064962 0.778617 0.469627 -0.416180 38 106 183
0.165808 0.116742 0.078433 0.778617 0.469627 -0.416180 38 106 183
0.123639 -0.021899 0.088327 0.417297 -0.880973 -0.223048 38 106 183
0.141921 -0.013239 0.088327 0.417297 -0.880973 -0.223048 38 106 183
0.126953 -0.021899 0.094528 0.417297 -0.880973 -0.223048 38 106 183
0.170242 0.082961 0.057188 0.844288 0.289005 -0.451281 38 106 183
0.173809 0.100541 0.075119 0.844288 0.289005 -0.451281 38 106 183
0.178736 0.082961 0.073078 0.844288 0.289005 -0.451281 38 106 183
0.109022 -0.027232 0.098094 0.257142 -0.956550 -0.137444 38 106 183
0.126953 -0.021899 0.094528 0.257142 -0.956550 -0.137444 38 106 183
0.110712 -0.027232 0.101255 0.257142 -0.956550 -0.137444 38 106 183
0.171739 0.064679 0.056188 0.877715 0.097550 -0.469148 38 106 183
0.178736 0.082961 0.073078 0.877715 0.097550 -0.469148 38 106 183
0.180399 0.064679 0.072389 0.877715 0.097550 -0.469148 38 106 183
0.110712 0.156590 0.101255 0.086858 0.995138 -0.046427 38 106 183
0.109022 0.156590 0.098094 0.086858 0.995138 -0.046427 38 106 183
0.093821 0.158391 0.108251 0.086858 0.995138 -0.046427 38 106 183
0.093821 -0.029032 0.108251 0.086858 -0.995138 -0.046426 38 106 183
0.109022 -0.027232 0.098094 0.086858 -0.995138 -0.046426 38 106 183
0.110712 -0.027232 0.101255 0.086858 -0.995138 -0.046426 38 106 183
0.170242 0.046397 0.057188 0.877715 -0.097550 -0.469148 38 106 183
0.180399 0.064679 0.072389 0.877715 -0.097550 -0.469148 38 106 183
0.178736 0.046397 0.073078 0.877715 -0.097550 -0.469148 38 106 183
0.123639 0.151257 0.088327 0.257141 0.956550 -0.137444 38 106 183
0.110712 0.156590 0.101255 0.257141 0.956550 -0.137444 38 106 183
0.126953 0.151257 0.094528 0.257141 0.956550 -0.137444 38 106 183
0.123639 -0.021899 0.088327 0.365764 -0.880972 -0.300174 38 106 183
0.130635 -0.013239 0.071437 0.365764 -0.880972 -0.300174 38 106 183
0.137110 -0.013239 0.079326 0.365764 -0.880972 -0.300174 38 106 183
0.158812 0.082961 0.043260 0.740025 0.289003 -0.607322 38 106 183
0.165808 0.100541 0.060151 0.740025 0.289003 -0.607322 38 106 183
0.170242 0.082961 0.057188 0.740025 0.289003 -0.607322 38 106 183
0.109022 -0.027232 0.098094 0.225386 -0.956550 -0.184970 38 106 183
0.119179 -0.021899 0.082893 0.225386 -0.956550 -0.184970 38 106 183
0.123639 -0.021899 0.088327 0.225386 -0.956550 -0.184970 38 106 183
0.171739 0.064679 0.056188 0.769324 0.097550 -0.631367 38 106 183
0.158812 0.082961 0.043260 0.769324 0.097550 -0.631367 38 106 183
0.170242 0.082961 0.057188 0.769324 0.097550 -0.631367 38 106 183
0.109022 0.156590 0.098094 0.076132 0.995138 -0.062479 38 106 183
0.106749 0.156590 0.095324 0.076132 0.995138 -0.062479 38 106 183
0.093821 0.158391 0.108251 0.076132 0.995138 -0.062479 38 106 183
0.093821 -0.029032 0.108251 0.076131 -0.995138 -0.062480 38 106 183
0.106749 -0.027232 0.095324 0.076131 -0.995138 -0.062480 38 106 183
0.109022 -0.027232 0.098094 0.076131 -0.995138 -0.062480 38 106 183
0.158812 0.046397 0.043260 0.769324 -0.097550 -0.631367 38 106 183
0.171739 0.064679 0.056188 0.769324 -0.097550 -0.631367 38 106 183
0.170242 0.046397 0.057188 0.769324 -0.097550 -0.631367 38 106 183
0.123639 0.151257 0.088327 0.225387 0.956550 -0.184967 38 106 183
0.106749 0.156590 0.095324 0.225387 0.956550 -0.184967 38 106 183
0.109022 0.156590 0.098094 0.225387 0.956550 -0.184967 38 106 183
0.165808 0.028817 0.060151 0.740026 -0.289003 -0.607322 38 106 183
0.158812 0.046397 0.043260 0.740026 -0.289003 -0.607322 38 106 183
0.170242 0.046397 0.057188 0.740026 -0.289003 -0.607322 38 106 183
0.130635 0.142597 0.071437 0.365765 0.880972 -0.300174 38 106 183
0.123639 0.151257 0.088327 0.365765 0.880972 -0.300174 38 106 183
0.137110 0.142597 0.079326 0.365765 0.880972 -0.300174 38 106 183
0.158608 0.012616 0.064962 0.682462 -0.469628 -0.560084 38 106 183
0.155041 0.028817 0.047031 0.682462 -0.469628 -0.560084 38 106 183
0.165808 0.028817 0.060151 0.682462 -0.469628 -0.560084 38 106 183
0.140677 0.130943 0.061395 0.491805 0.771506 -0.403616 38 106 183
0.137110 0.142597 0.079326 0.491805 0.771506 -0.403616 38 106 183
0.148918 0.130943 0.071437 0.491805 0.771506 -0.403616 38 106 183
0.148918 -0.001585 0.071437 0.598704 -0.632562 -0.491343 38 106 183
0.148918 0.012616 0.053155 0.598704 -0.632562 -0.491343 38 106 183
0.158608 0.012616 0.064962 0.598704 -0.632562 -0.491343 38 106 183
0.148918 0.116742 0.053155 0.598704 0.632562 -0.491344 38 106 183
0.148918 0.130943 0.071437 0.598704 0.632562 -0.491344 38 106 183
0.158608 0.116742 0.064962 0.598704 0.632562 -0.491344 38 106 183
0.137110 -0.013239 0.079326 0.491806 -0.771506 -0.403616 38 106 183
0.140677 -0.001585 0.061395 0.491806 -0.771506 -0.403616 38 106 183
0.148918 -0.001585 0.071437 0.491806 -0.771506 -0.403616 38 106 183
0.155041 0.100541 0.047031 0.682463 0.469628 -0.560084 38 106 183
0.158608 0.116742 0.064962 0.682463 0.469628 -0.560084 38 106 183
0.165808 0.100541 0.060151 0.682463 0.469628 -0.560084 38 106 183
0.130635 0.142597 0.071437 0.300176 0.880972 -0.365762 38 106 183
0.113745 0.151257 0.078433 0.300176 0.880972 -0.365762 38 106 183
0.119179 0.151257 0.082893 0.300176 0.880972 -0.365762 38 106 183
0.148918 0.012616 0.053155 0.560083 -0.469627 -0.682464 38 106 183
0.141921 0.028817 0.036264 0.560083 -0.469627 -0.682464 38 106 183
0.155041 0.028817 0.047031 0.560083 -0.469627 -0.682464 38 106 183
0.130635 0.130943 0.053155 0.403617 0.771505 -0.491806 38 106 183
0.130635 0.142597 0.071437 0.403617 0.771505 -0.491806 38 106 183
0.140677 0.130943 0.061395 0.403617 0.771505 -0.491806 38 106 183
0.130635 -0.001585 0.053155 0.491345 -0.632563 -0.598702 38 106 183
0.148918 0.012616 0.053155 0.491345 -0.632563 -0.598702 38 106 183
0.140677 -0.001585 0.061395 0.491345 -0.632563 -0.598702 38 106 183
0.148918 0.116742 0.053155 0.491344 0.632563 -0.598702 38 106 183
0.130635 0.130943 0.053155 0.491344 0.632563 -0.598702 38 106 183
0.140677 0.130943 0.061395 0.491344 0.632563 -0.598702 38 106 183
0.130635 -0.013239 0.071437 0.403617 -0.771505 -0.491806 38 106 183
0.130635 -0.001585 0.053155 0.403617 -0.771505 -0.491806 38 106 183
0.140677 -0.001585 0.061395 0.403617 -0.771505 -0.491806 38 106 183
0.141921 0.100541 0.036264 0.560083 0.469627 -0.682464 38 106 183
0.148918 0.116742 0.053155 0.560083 0.469627 -0.682464 38 106 183
0.155041 0.100541 0.047031 0.560083 0.469627 -0.682464 38 106 183
0.119179 -0.021899 0.082893 0.300174 -0.880973 -0.365764 38 106 183
0.122746 -0.013239 0.064962 0.300174 -0.880973 -0.365764 38 106 183
0.130635 -0.013239 0.071437 0.300174 -0.880973 -0.365764 38 106 183
0.158812 0.082961 0.043260 0.607322 0.289005 -0.740024 38 106 183
0.141921 0.100541 0.036264 0.607322 0.289005 -0.740024 38 106 183
0.155041 0.100541 0.047031 0.607322 0.289005 -0.740024 38 106 183
0.103978 -0.027232 0.093050 0.184971 -0.956550 -0.225385 38 106 183
0.119179 -0.021899 0.082893 0.184971 -0.956550 -0.225385 38 106 183
0.106749 -0.027232 0.095324 0.184971 -0.956550 -0.225385 38 106 183
0.145884 0.064679 0.030333 0.631369 0.097548 -0.769323 38 106 183
0.158812 0.082961 0.043260 0.631369 0.097548 -0.769323 38 106 183
0.160085 0.064679 0.041987 0.631369 0.097548 -0.769323 38 106 183
0.106749 0.156590 0.095324 0.062479 0.995138 -0.076132 38 106 183
0.103978 0.156590 0.093050 0.062479 0.995138 -0.076132 38 106 183
0.093821 0.158391 0.108251 0.062479 0.995138 -0.076132 38 106 183
0.093821 -0.029032 0.108251 0.062480 -0.995138 -0.076131 38 106 183
0.103978 -0.027232 0.093050 0.062480 -0.995138 -0.076131 38 106 183
0.106749 -0.027232 0.095324 0.062480 -0.995138 -0.076131 38 106 183
0.158812 0.046397 0.043260 0.631369 -0.097548 -0.769323 38 106 183
0.145884 0.064679 0.030333 0.631369 -0.097548 -0.769323 38 106 183
0.160085 0.064679 0.041987 0.631369 -0.097548 -0.769323 38 106 183
0.119179 0.151257 0.082893 0.184968 0.956550 -0.225388 38 106 183
0.103978 0.156590 0.093050 0.184968 0.956550 -0.225388 38 106 183
0.106749 0.156590 0.095324 0.184968 0.956550 -0.225388 38 106 183
0.141921 0.028817 0.036264 0.607322 -0.289005 -0.740024 38 106 183
0.158812 0.046397 0.043260 0.607322 -0.289005 -0.740024 38 106 183
0.155041 0.028817 0.047031 0.607322 -0.289005 -0.740024 38 106 183
0.144884 0.082961 0.031830 0.451282 0.289005 -0.844287 38 106 183
0.126953 0.100541 0.028263 0.451282 0.289005 -0.844287 38 106 183
0.141921 0.100541 0.036264 0.451282 0.289005 -0.844287 38 106 183
0.103978 -0.027232 0.093050 0.137445 -0.956550 -0.257142 38 106 183
0.107545 -0.021899 0.075119 0.137445 -0.956550 -0.257142 38 106 183
0.113745 -0.021899 0.078433 0.137445 -0.956550 -0.257142 38 106 183
0.129683 0.064679 0.021673 0.469148 0.097550 -0.877715 38 106 183
0.144884 0.082961 0.031830 0.469148 0.097550 -0.877715 38 106 183
0.145884 0.064679 0.030333 0.469148 0.097550 -0.877715 38 106 183
0.103978 0.156590 0.093050 0.046427 0.995138 -0.086858 38 106 183
0.100817 0.156590 0.091361 0.046427 0.995138 -0.086858 38 106 183
0.093821 0.158391 0.108251 0.046427 0.995138 -0.086858 38 106 183
0.093821 -0.029032 0.108251 0.046426 -0.995138 -0.086858 38 106 183
0.100817 -0.027232 0.091361 0.046426 -0.995138 -0.086858 38 106 183
0.103978 -0.027232 0.093050 0.046426 -0.995138 -0.086858 38 106 183
0.144884 0.046397 0.031830 0.469148 -0.097550 -0.877715 38 106 183
0.129683 0.064679 0.021673 0.469148 -0.097550 -0.877715 38 106 183
0.145884 0.064679 0.030333 0.469148 -0.097550 -0.877715 38 106 183
0.107545 0.151257 0.075119 0.137443 0.956550 -0.257141 38 106 183
0.103978 0.156590 0.093050 0.137443 0.956550 -0.257141 38 106 183
0.113745 0.151257 0.078433 0.137443 0.956550 -0.257141 38 106 183
0.126953 0.028817 0.028263 0.451283 -0.289005 -0.844287 38 106 183
0.144884 0.046397 0.031830 0.451283 -0.289005 -0.844287 38 106 183
0.141921 0.028817 0.036264 0.451283 -0.289005 -0.844287 38 106 183
0.113745 0.142597 0.060151 0.223049 0.880972 -0.417298 38 106 183
0.113745 0.151257 0.078433 0.223049 0.880972 -0.417298 38 106 183
0.122746 0.142597 0.064962 0.223049 0.880972 -0.417298 38 106 183
0.137110 0.012616 0.043465 0.416181 -0.469627 -0.778617 38 106 183
0.126953 0.028817 0.028263 0.416181 -0.469627 -0.778617 38 106 183
0.141921 0.028817 0.036264 0.416181 -0.469627 -0.778617 38 106 183
0.119179 0.130943 0.047031 0.299911 0.771506 -0.561099 38 106 183
0.122746 0.142597 0.064962 0.299911 0.771506 -0.561099 38 106 183
0.130635 0.130943 0.053155 0.299911 0.771506 -0.561099 38 106 183
0.130635 -0.001585 0.053155 0.365101 -0.632562 -0.683057 38 106 183
0.123639 0.012616 0.036264 0.365101 -0.632562 -0.683057 38 106 183
0.137110 0.012616 0.043465 0.365101 -0.632562 -0.683057 38 106 183
0.123639 0.116742 0.036264 0.365101 0.632562 -0.683057 38 106 183
0.130635 0.130943 0.053155 0.365101 0.632562 -0.683057 38 106 183
0.137110 0.116742 0.043465 0.365101 0.632562 -0.683057 38 106 183
0.122746 -0.013239 0.064962 0.299911 -0.771506 -0.561099 38 106 183
0.119179 -0.001585 0.047031 0.299911 -0.771506 -0.561099 38 106 183
0.130635 -0.001585 0.053155 0.299911 -0.771506 -0.561099 38 106 183
0.126953 0.100541 0.028263 0.416180 0.469627 -0.778617 38 106 183
0.137110 0.116742 0.043465 0.416180 0.469627 -0.778617 38 106 183
0.141921 0.100541 0.036264 0.416180 0.469627 -0.778617 38 106 183
0.113745 -0.021899 0.078433 0.223050 -0.880972 -0.417297 38 106 183
0.113745 -0.013239 0.060151 0.223050 -0.880972 -0.417297 38 106 183
0.122746 -0.013239 0.064962 0.223050 -0.880972 -0.417297 38 106 183
0.123639 0.012616 0.036264 0.256283 -0.469628 -0.844848 38 106 183
0.110712 0.028817 0.023337 0.256283 -0.469628 -0.844848 38 106 183
0.126953 0.028817 0.028263 0.256283 -0.469628 -0.844848 38 106 183
0.119179 0.130943 0.047031 0.184686 0.771505 -0.608827 38 106 183
0.103978 0.142597 0.057188 0.184686 0.771505 -0.608827 38 106 183
0.113745 0.142597 0.060151 0.184686 0.771505 -0.608827 38 106 183
0.119179 -0.001585 0.047031 0.224828 -0.632563 -0.741159 38 106 183
0.109022 0.012616 0.031830 0.224828 -0.632563 -0.741159 38 106 183
0.123639 0.012616 0.036264 0.224828 -0.632563 -0.741159 38 106 183
0.109022 0.116742 0.031830 0.224828 0.632563 -0.741159 38 106 183
0.119179 0.130943 0.047031 0.224828 0.632563 -0.741159 38 106 183
0.123639 0.116742 0.036264 0.224828 0.632563 -0.741159 38 106 183
0.103978 -0.013239 0.057188 0.184686 -0.771505 -0.608828 38 106 183
0.119179 -0.001585 0.047031 0.184686 -0.771505 -0.608828 38 106 183
0.113745 -0.013239 0.060151 0.184686 -0.771505 -0.608828 38 106 183
0.110712 0.100541 0.023337 0.256284 0.469628 -0.844848 38 106 183
0.123639 0.116742 0.036264 0.256284 0.469628 -0.844848 38 106 183
0.126953 0.100541 0.028263 0.256284 0.469628 -0.844848 38 106 183
0.107545 -0.021899 0.075119 0.137353 -0.880972 -0.452793 38 106 183
0.103978 -0.013239 0.057188 0.137353 -0.880972 -0.452793 38 106 183
0.113745 -0.013239 0.060151 0.137353 -0.880972 -0.452793 38 106 183
0.128994 0.082961 0.023337 0.277899 0.289005 -0.916105 38 106 183
0.110712 0.100541 0.023337 0.277899 0.289005 -0.916105 38 106 183
0.126953 0.100541 0.028263 0.277899 0.289005 -0.916105 38 106 183
0.100817 -0.027232 0.091361 0.084638 -0.956550 -0.279014 38 106 183
0.100817 -0.021899 0.073078 0.084638 -0.956550 -0.279014 38 106 183
0.107545 -0.021899 0.075119 0.084638 -0.956550 -0.279014 38 106 183
0.112103 0.064679 0.016340 0.288901 0.097548 -0.952376 38 106 183
0.128994 0.082961 0.023337 0.288901 0.097548 -0.952376 38 106 183
0.129683 0.064679 0.021673 0.288901 0.097548 -0.952376 38 106 183
0.100817 0.156590 0.091361 0.028589 0.995138 -0.094246 38 106 183
0.097388 0.156590 0.090320 0.028589 0.995138 -0.094246 38 106 183
0.093821 0.158391 0.108251 0.028589 0.995138 -0.094246 38 106 183
0.093821 -0.029032 0.108251 0.028589 -0.995138 -0.094246 38 106 183
0.097388 -0.027232 0.090320 0.028589 -0.995138 -0.094246 38 106 183
0.100817 -0.027232 0.091361 0.028589 -0.995138 -0.094246 38 106 183
0.128994 0.046397 0.023337 0.288901 -0.097548 -0.952376 38 106 183
0.112103 0.064679 0.016340 0.288901 -0.097548 -0.952376 38 106 183
0.129683 0.064679 0.021673 0.288901 -0.097548 -0.952376 38 106 183
0.107545 0.151257 0.075119 0.084638 0.956550 -0.279014 38 106 183
0.097388 0.156590 0.090320 0.084638 0.956550 -0.279014 38 106 183
0.100817 0.156590 0.091361 0.084638 0.956550 -0.279014 38 106 183
0.110712 0.028817 0.023337 0.277899 -0.289005 -0.916105 38 106 183
0.128994 0.046397 0.023337 0.277899 -0.289005 -0.916105 38 106 183
0.126953 0.028817 0.028263 0.277899 -0.289005 -0.916105 38 106 183
0.113745 0.142597 0.060151 0.137353 0.880972 -0.452794 38 106 183
0.100817 0.151257 0.073078 0.137353 0.880972 -0.452794 38 106 183
0.107545 0.151257 0.075119 0.137353 0.880972 -0.452794 38 106 183
0.093821 -0.027232 0.089969 0.028581 -0.956550 -0.290165 38 106 183
0.100817 -0.021899 0.073078 0.028581 -0.956550 -0.290165 38 106 183
0.097388 -0.027232 0.090320 0.028581 -0.956550 -0.290165 38 106 183
0.093821 0.064679 0.014540 0.097547 0.097550 -0.990438 38 106 183
0.111752 0.082961 0.018106 0.097547 0.097550 -0.990438 38 106 183
0.112103 0.064679 0.016340 0.097547 0.097550 -0.990438 38 106 183
0.097388 0.156590 0.090320 0.009652 0.995138 -0.098013 38 106 183
0.093821 0.156590 0.089969 0.009652 0.995138 -0.098013 38 106 183
0.093821 0.158391 0.108251 0.009652 0.995138 -0.098013 38 106 183
0.093821 -0.029032 0.108251 0.009654 -0.995138 -0.098012 38 106 183
0.093821 -0.027232 0.089969 0.009654 -0.995138 -0.098012 38 106 183
0.097388 -0.027232 0.090320 0.009654 -0.995138 -0.098012 38 106 183
0.111752 0.046397 0.018106 0.097547 -0.097551 -0.990439 38 106 183
0.093821 0.064679 0.014540 0.097547 -0.097551 -0.990439 38 106 183
0.112103 0.064679 0.016340 0.097547 -0.097551 -0.990439 38 106 183
0.093821 0.151257 0.072389 0.028579 0.956550 -0.290165 38 106 183
0.097388 0.156590 0.090320 0.028579 0.956550 -0.290165 38 106 183
0.100817 0.151257 0.073078 0.028579 0.956550 -0.290165 38 106 183
0.093821 0.028817 0.021673 0.093832 -0.289002 -0.952719 38 106 183
0.111752 0.046397 0.018106 0.093832 -0.289002 -0.952719 38 106 183
0.110712 0.028817 0.023337 0.093832 -0.289002 -0.952719 38 106 183
0.093821 0.142597 0.056188 0.046377 0.880972 -0.470890 38 106 183
0.100817 0.151257 0.073078 0.046377 0.880972 -0.470890 38 106 183
0.103978 0.142597 0.057188 0.046377 0.880972 -0.470890 38 106 183
0.109022 0.012616 0.031830 0.086534 -0.469630 -0.878612 38 106 183
0.093821 0.028817 0.021673 0.086534 -0.469630 -0.878612 38 106 183
0.110712 0.028817 0.023337 0.086534 -0.469630 -0.878612 38 106 183
0.093821 0.130943 0.041987 0.062359 0.771506 -0.633159 38 106 183
0.103978 0.142597 0.057188 0.062359 0.771506 -0.633159 38 106 183
0.106749 0.130943 0.043260 0.062359 0.771506 -0.633159 38 106 183
0.106749 -0.001585 0.043260 0.075915 -0.632562 -0.770780 38 106 183
0.093821 0.012616 0.030333 0.075915 -0.632562 -0.770780 38 106 183
0.109022 0.012616 0.031830 0.075915 -0.632562 -0.770780 38 106 183
0.093821 0.116742 0.030333 0.075915 0.632562 -0.770780 38 106 183
0.106749 0.130943 0.043260 0.075915 0.632562 -0.770780 38 106 183
0.109022 0.116742 0.031830 0.075915 0.632562 -0.770780 38 106 183
0.103978 -0.013239 0.057188 0.062359 -0.771505 -0.633159 38 106 183
0.093821 -0.001585 0.041987 0.062359 -0.771505 -0.633159 38 106 183
0.106749 -0.001585 0.043260 0.062359 -0.771505 -0.633159 38 106 183
0.093821 0.100541 0.021673 0.086534 0.469630 -0.878612 38 106 183
0.109022 0.116742 0.031830 0.086534 0.469630 -0.878612 38 106 183
0.110712 0.100541 0.023337 0.086534 0.469630 -0.878612 38 106 183
0.100817 -0.021899 0.073078 0.046377 -0.880972 -0.470889 38 106 183
0.093821 -0.013239 0.056188 0.046377 -0.880972 -0.470889 38 106 183
0.103978 -0.013239 0.057188 0.046377 -0.880972 -0.470889 38 106 183
0.111752 0.082961 0.018106 0.093832 0.289002 -0.952719 38 106 183
0.093821 0.100541 0.021673 0.093832 0.289002 -0.952719 38 106 183
0.110712 0.100541 0.023337 0.093832 0.289002 -0.952719 38 106 183
0.093821 0.130943 0.041987 -0.062358 0.771506 -0.633159 38 106 183
0.083664 0.142597 0.057188 -0.062358 0.771506 -0.633159 38 106 183
0.093821 0.142597 0.056188 -0.062358 0.771506 -0.633159 38 106 183
0.080894 -0.001585 0.043260 -0.075913 -0.632563 -0.770779 38 106 183
0.093821 0.012616 0.030333 -0.075913 -0.632563 -0.770779 38 106 183
0.093821 -0.001585 0.041987 -0.075913 -0.632563 -0.770779 38 106 183
0.078620 0.116742 0.031830 -0.075915 0.632563 -0.770779 38 106 183
0.093821 0.130943 0.041987 -0.075915 0.632563 -0.770779 38 106 183
0.093821 0.116742 0.030333 -0.075915 0.632563 -0.770779 38 106 183
0.083664 -0.013239 0.057188 -0.062358 -0.771506 -0.633159 38 106 183
0.093821 -0.001585 0.041987 -0.062358 -0.771506 -0.633159 38 106 183
0.093821 -0.013239 0.056188 -0.062358 -0.771506 -0.633159 38 106 183
0.093821 0.100541 0.021673 -0.086536 0.469628 -0.878613 38 106 183
0.078620 0.116742 0.031830 -0.086536 0.469628 -0.878613 38 106 183
0.093821 0.116742 0.030333 -0.086536 0.469628 -0.878613 38 106 183
0.086825 -0.021899 0.073078 -0.046379 -0.880972 -0.470890 38 106 183
0.093821 -0.013239 0.056188 -0.046379 -0.880972 -0.470890 38 106 183
0.093821 -0.021899 0.072389 -0.046379 -0.880972 -0.470890 38 106 183
0.093821 0.082961 0.016340 -0.093832 0.289005 -0.952718 38 106 183
0.076931 0.100541 0.023337 -0.093832 0.289005 -0.952718 38 106 183
0.093821 0.100541 0.021673 -0.093832 0.289005 -0.952718 38 106 183
0.093821 -0.027232 0.089969 -0.028579 -0.956550 -0.290166 38 106 183
0.086825 -0.021899 0.073078 -0.028579 -0.956550 -0.290166 38 106 183
0.093821 -0.021899 0.072389 -0.028579 -0.956550 -0.290166 38 106 183
0.093821 0.064679 0.014540 -0.097550 0.097547 -0.990439 38 106 183
0.075890 0.082961 0.018106 -0.097550 0.097547 -0.990439 38 106 183
0.093821 0.082961 0.016340 -0.097550 0.097547 -0.990439 38 106 183
0.093821 0.156590 0.089969 -0.009652 0.995138 -0.098013 38 106 183
0.090254 0.156590 0.090320 -0.009652 0.995138 -0.098013 38 106 183
0.093821 0.158391 0.108251 -0.009652 0.995138 -0.098013 38 106 183
0.093821 -0.029032 0.108251 -0.009654 -0.995138 -0.098012 38 106 183
0.090254 -0.027232 0.090320 -0.009654 -0.995138 -0.098012 38 106 183
0.093821 -0.027232 0.089969 -0.009654 -0.995138 -0.098012 38 106 183
0.075890 0.046397 0.018106 -0.097550 -0.097547 -0.990438 38 106 183
0.093821 0.064679 0.014540 -0.097550 -0.097547 -0.990438 38 106 183
0.093821 0.046397 0.016340 -0.097550 -0.097547 -0.990438 38 106 183
0.093821 0.151257 0.072389 -0.028576 0.956550 -0.290164 38 106 183
0.090254 0.156590 0.090320 -0.028576 0.956550 -0.290164 38 106 183
0.093821 0.156590 0.089969 -0.028576 0.956550 -0.290164 38 106 183
0.076931 0.028817 0.023337 -0.093832 -0.289005 -0.952718 38 106 183
0.093821 0.046397 0.016340 -0.093832 -0.289005 -0.952718 38 106 183
0.093821 0.028817 0.021673 -0.093832 -0.289005 -0.952718 38 106 183
0.093821 0.142597 0.056188 -0.046379 0.880971 -0.470891 38 106 183
0.086825 0.151257 0.073078 -0.046379 0.880971 -0.470891 38 106 183
0.093821 0.151257 0.072389 -0.046379 0.880971 -0.470891 38 106 183
0.093821 0.012616 0.030333 -0.086534 -0.469628 -0.878613 38 106 183
0.076931 0.028817 0.023337 -0.086534 -0.469628 -0.878613 38 106 183
0.093821 0.028817 0.021673 -0.086534 -0.469628 -0.878613 38 106 183
0.075539 0.064679 0.016340 -0.288898 0.097551 -0.952377 38 106 183
0.058648 0.082961 0.023337 -0.288898 0.097551 -0.952377 38 106 183
0.075890 0.082961 0.018106 -0.288898 0.097551 -0.952377 38 106 183
0.090254 0.156590 0.090320 -0.028589 0.995138 -0.094246 38 106 183
0.086825 0.156590 0.091361 -0.028589 0.995138 -0.094246 38 106 183
0.093821 0.158391 0.108251 -0.028589 0.995138 -0.094246 38 106 183
0.093821 -0.029032 0.108251 -0.028589 -0.995138 -0.094246 38 106 183
0.086825 -0.027232 0.091361 -0.028589 -0.995138 -0.094246 38 106 183
0.090254 -0.027232 0.090320 -0.028589 -0.995138 -0.094246 38 106 183
0.075890 0.046397 0.018106 -0.288901 -0.097551 -0.952376 38 106 183
0.057959 0.064679 0.021673 -0.288901 -0.097551 -0.952376 38 106 183
0.075539 0.064679 0.016340 -0.288901 -0.097551 -0.952376 38 106 183
0.080097 0.151257 0.075119 -0.084638 0.956550 -0.279014 38 106 183
0.090254 0.156590 0.090320 -0.084638 0.956550 -0.279014 38 106 183
0.086825 0.151257 0.073078 -0.084638 0.956550 -0.279014 38 106 183
0.060689 0.028817 0.028263 -0.277900 -0.289002 -0.916106 38 106 183
0.075890 0.046397 0.018106 -0.277900 -0.289002 -0.916106 38 106 183
0.076931 0.028817 0.023337 -0.277900 -0.289002 -0.916106 38 106 183
0.073897 0.142597 0.060151 -0.137354 0.880972 -0.452794 38 106 183
0.086825 0.151257 0.073078 -0.137354 0.880972 -0.452794 38 106 183
0.083664 0.142597 0.057188 -0.137354 0.880972 -0.452794 38 106 183
0.078620 0.012616 0.031830 -0.256283 -0.469630 -0.844847 38 106 183
0.060689 0.028817 0.028263 -0.256283 -0.469630 -0.844847 38 106 183
0.076931 0.028817 0.023337 -0.256283 -0.469630 -0.844847 38 106 183
0.080894 0.130943 0.043260 -0.184686 0.771506 -0.608827 38 106 183
0.073897 0.142597 0.060151 -0.184686 0.771506 -0.608827 38 106 183
0.083664 0.142597 0.057188 -0.184686 0.771506 -0.608827 38 106 183
0.080894 -0.001585 0.043260 -0.224828 -0.632562 -0.741159 38 106 183
0.064003 0.012616 0.036264 -0.224828 -0.632562 -0.741159 38 106 183
0.078620 0.012616 0.031830 -0.224828 -0.632562 -0.741159 38 106 183
0.064003 0.116742 0.036264 -0.224828 0.632562 -0.741160 38 106 183
0.080894 0.130943 0.043260 -0.224828 0.632562 -0.741160 38 106 183
0.078620 0.116742 0.031830 -0.224828 0.632562 -0.741160 38 106 183
0.083664 -0.013239 0.057188 -0.184685 -0.771505 -0.608827 38 106 183
0.068463 -0.001585 0.047031 -0.184685 -0.771505 -0.608827 38 106 183
0.080894 -0.001585 0.043260 -0.184685 -0.771505 -0.608827 38 106 183
0.060689 0.100541 0.028263 -0.256283 0.469630 -0.844847 38 106 183
0.078620 0.116742 0.031830 -0.256283 0.469630 -0.844847 38 106 183
0.076931 0.100541 0.023337 -0.256283 0.469630 -0.844847 38 106 183
0.080097 -0.021899 0.075119 -0.137353 -0.880972 -0.452793 38 106 183
0.083664 -0.013239 0.057188 -0.137353 -0.880972 -0.452793 38 106 183
0.086825 -0.021899 0.073078 -0.137353 -0.880972 -0.452793 38 106 183
0.075890 0.082961 0.018106 -0.277900 0.289002 -0.916106 38 106 183
0.060689 0.100541 0.028263 -0.277900 0.289002 -0.916106 38 106 183
0.076931 0.100541 0.023337 -0.277900 0.289002 -0.916106 38 106 183
0.090254 -0.027232 0.090320 -0.084638 -0.956550 -0.279014 38 106 183
0.080097 -0.021899 0.075119 -0.084638 -0.956550 -0.279014 38 106 183
0.086825 -0.021899 0.073078 -0.084638 -0.956550 -0.279014 38 106 183
0.057007 -0.001585 0.053155 -0.365101 -0.632562 -0.683057 38 106 183
0.064003 0.012616 0.036264 -0.365101 -0.632562 -0.683057 38 106 183
0.068463 -0.001585 0.047031 -0.365101 -0.632562 -0.683057 38 106 183
0.050532 0.116742 0.043465 -0.365101 0.632562 -0.683057 38 106 183
0.068463 0.130943 0.047031 -0.365101 0.632562 -0.683057 38 106 183
0.064003 0.116742 0.036264 -0.365101 0.632562 -0.683057 38 106 183
0.064896 -0.013239 0.064962 -0.299912 -0.771506 -0.561099 38 106 183
0.068463 -0.001585 0.047031 -0.299912 -0.771506 -0.561099 38 106 183
0.073897 -0.013239 0.060151 -0.299912 -0.771506 -0.561099 38 106 183
0.045721 0.100541 0.036264 -0.416179 0.469628 -0.778617 38 106 183
0.064003 0.116742 0.036264 -0.416179 0.469628 -0.778617 38 106 183
0.060689 0.100541 0.028263 -0.416179 0.469628 -0.778617 38 106 183
0.073897 -0.021899 0.078433 -0.223050 -0.880972 -0.417297 38 106 183
0.073897 -0.013239 0.060151 -0.223050 -0.880972 -0.417297 38 106 183
0.080097 -0.021899 0.075119 -0.223050 -0.880972 -0.417297 38 106 183
0.042758 0.082961 0.031830 -0.451283 0.289006 -0.844287 38 106 183
0.060689 0.100541 0.028263 -0.451283 0.289006 -0.844287 38 106 183
0.058648 0.082961 0.023337 -0.451283 0.289006 -0.844287 38 106 183
0.083664 -0.027232 0.093050 -0.137444 -0.956550 -0.257142 38 106 183
0.080097 -0.021899 0.075119 -0.137444 -0.956550 -0.257142 38 106 183
0.086825 -0.027232 0.091361 -0.137444 -0.956550 -0.257142 38 106 183
0.057959 0.064679 0.021673 -0.469150 0.097548 -0.877714 38 106 183
0.042758 0.082961 0.031830 -0.469150 0.097548 -0.877714 38 106 183
0.058648 0.082961 0.023337 -0.469150 0.097548 -0.877714 38 106 183
0.086825 0.156590 0.091361 -0.046427 0.995138 -0.086858 38 106 183
0.083664 0.156590 0.093050 -0.046427 0.995138 -0.086858 38 106 183
0.093821 0.158391 0.108251 -0.046427 0.995138 -0.086858 38 106 183
0.093821 -0.029032 0.108251 -0.046426 -0.995138 -0.086858 38 106 183
0.083664 -0.027232 0.093050 -0.046426 -0.995138 -0.086858 38 106 183
0.086825 -0.027232 0.091361 -0.046426 -0.995138 -0.086858 38 106 183
0.042758 0.046397 0.031830 -0.469150 -0.097548 -0.877714 38 106 183
0.057959 0.064679 0.021673 -0.469150 -0.097548 -0.877714 38 106 183
0.058648 0.046397 0.023337 -0.469150 -0.097548 -0.877714 38 106 183
0.073897 0.151257 0.078433 -0.137444 0.956550 -0.257141 38 106 183
0.086825 0.156590 0.091361 -0.137444 0.956550 -0.257141 38 106 183
0.080097 0.151257 0.075119 -0.137444 0.956550 -0.257141 38 106 183
0.060689 0.028817 0.028263 -0.451282 -0.289006 -0.844287 38 106 183
0.042758 0.046397 0.031830 -0.451282 -0.289006 -0.844287 38 106 183
0.058648 0.046397 0.023337 -0.451282 -0.289006 -0.844287 38 106 183
0.073897 0.142597 0.060151 -0.223049 0.880972 -0.417298 38 106 183
0.073897 0.151257 0.078433 -0.223049 0.880972 -0.417298 38 106 183
0.080097 0.151257 0.075119 -0.223049 0.880972 -0.417298 38 106 183
0.064003 0.012616 0.036264 -0.416179 -0.469628 -0.778617 38 106 183
0.045721 0.028817 0.036264 -0.416179 -0.469628 -0.778617 38 106 183
0.060689 0.028817 0.028263 -0.416179 -0.469628 -0.778617 38 106 183
0.068463 0.130943 0.047031 -0.299912 0.771506 -0.561098 38 106 183
0.064896 0.142597 0.064962 -0.299912 0.771506 -0.561098 38 106 183
0.073897 0.142597 0.060151 -0.299912 0.771506 -0.561098 38 106 183
0.093821 -0.029032 0.108251 -0.062480 -0.995138 -0.076131 38 106 183
0.080894 -0.027232 0.095324 -0.062480 -0.995138 -0.076131 38 106 183
0.083664 -0.027232 0.093050 -0.062480 -0.995138 -0.076131 38 106 183
0.042758 0.046397 0.031830 -0.631366 -0.097550 -0.769325 38 106 183
0.027557 0.064679 0.041987 -0.631366 -0.097550 -0.769325 38 106 183
0.041758 0.064679 0.030333 -0.631366 -0.097550 -0.769325 38 106 183
0.068463 0.151257 0.082893 -0.184970 0.956550 -0.225385 38 106 183
0.083664 0.156590 0.093050 -0.184970 0.956550 -0.225385 38 106 183
0.073897 0.151257 0.078433 -0.184970 0.956550 -0.225385 38 106 183
0.032601 0.028817 0.047031 -0.607322 -0.289004 -0.740025 38 106 183
0.042758 0.046397 0.031830 -0.607322 -0.289004 -0.740025 38 106 183
0.045721 0.028817 0.036264 -0.607322 -0.289004 -0.740025 38 106 183
0.057007 0.142597 0.071437 -0.300176 0.880972 -0.365764 38 106 183
0.073897 0.151257 0.078433 -0.300176 0.880972 -0.365764 38 106 183
0.064896 0.142597 0.064962 -0.300176 0.880972 -0.365764 38 106 183
0.050532 0.012616 0.043465 -0.560083 -0.469628 -0.682464 38 106 183
0.032601 0.028817 0.047031 -0.560083 -0.469628 -0.682464 38 106 183
0.045721 0.028817 0.036264 -0.560083 -0.469628 -0.682464 38 106 183
0.057007 0.130943 0.053155 -0.403616 0.771505 -0.491806 38 106 183
0.057007 0.142597 0.071437 -0.403616 0.771505 -0.491806 38 106 183
0.064896 0.142597 0.064962 -0.403616 0.771505 -0.491806 38 106 183
0.057007 -0.001585 0.053155 -0.491343 -0.632562 -0.598704 38 106 183
0.038725 0.012616 0.053155 -0.491343 -0.632562 -0.598704 38 106 183
0.050532 0.012616 0.043465 -0.491343 -0.632562 -0.598704 38 106 183
0.038725 0.116742 0.053155 -0.491343 0.632562 -0.598704 38 106 183
0.057007 0.130943 0.053155 -0.491343 0.632562 -0.598704 38 106 183
0.050532 0.116742 0.043465 -0.491343 0.632562 -0.598704 38 106 183
0.057007 -0.013239 0.071437 -0.403617 -0.771505 -0.491807 38 106 183
0.057007 -0.001585 0.053155 -0.403617 -0.771505 -0.491807 38 106 183
0.064896 -0.013239 0.064962 -0.403617 -0.771505 -0.491807 38 106 183
0.032601 0.100541 0.047031 -0.560083 0.469628 -0.682463 38 106 183
0.050532 0.116742 0.043465 -0.560083 0.469628 -0.682463 38 106 183
0.045721 0.100541 0.036264 -0.560083 0.469628 -0.682463 38 106 183
0.073897 -0.021899 0.078433 -0.300175 -0.880973 -0.365763 38 106 183
0.057007 -0.013239 0.071437 -0.300175 -0.880973 -0.365763 38 106 183
0.064896 -0.013239 0.064962 -0.300175 -0.880973 -0.365763 38 106 183
0.042758 0.082961 0.031830 -0.607322 0.289004 -0.740025 38 106 183
0.032601 0.100541 0.047031 -0.607322 0.289004 -0.740025 38 106 183
0.045721 0.100541 0.036264 -0.607322 0.289004 -0.740025 38 106 183
0.083664 -0.027232 0.093050 -0.184970 -0.956550 -0.225386 38 106 183
0.068463 -0.021899 0.082893 -0.184970 -0.956550 -0.225386 38 106 183
0.073897 -0.021899 0.078433 -0.184970 -0.956550 -0.225386 38 106 183
0.027557 0.064679 0.041987 -0.631366 0.097550 -0.769325 38 106 183
0.042758 0.082961 0.031830 -0.631366 0.097550 -0.769325 38 106 183
0.041758 0.064679 0.030333 -0.631366 0.097550 -0.769325 38 106 183
0.083664 0.156590 0.093050 -0.062479 0.995138 -0.076132 38 106 183
0.080894 0.156590 0.095324 -0.062479 0.995138 -0.076132 38 106 183
0.093821 0.158391 0.108251 -0.062479 0.995138 -0.076132 38 106 183
0.050532 -0.013239 0.079326 -0.491808 -0.771505 -0.403615 38 106 183
0.046965 -0.001585 0.061395 -0.491808 -0.771505 -0.403615 38 106 183
0.057007 -0.013239 0.071437 -0.491808 -0.771505 -0.403615 38 106 183
0.032601 0.100541 0.047031 -0.682463 0.469628 -0.560084 38 106 183
0.029034 0.116742 0.064962 -0.682463 0.469628 -0.560084 38 106 183
0.038725 0.116742 0.053155 -0.682463 0.469628 -0.560084 38 106 183
0.064003 -0.021899 0.088327 -0.365763 -0.880972 -0.300175 38 106 183
0.057007 -0.013239 0.071437 -0.365763 -0.880972 -0.300175 38 106 183
0.068463 -0.021899 0.082893 -0.365763 -0.880972 -0.300175 38 106 183
0.028830 0.082961 0.043260 -0.740024 0.289003 -0.607323 38 106 183
0.021834 0.100541 0.060151 -0.740024 0.289003 -0.607323 38 106 183
0.032601 0.100541 0.047031 -0.740024 0.289003 -0.607323 38 106 183
0.078620 -0.027232 0.098094 -0.225386 -0.956550 -0.184971 38 106 183
0.068463 -0.021899 0.082893 -0.225386 -0.956550 -0.184971 38 106 183
0.080894 -0.027232 0.095324 -0.225386 -0.956550 -0.184971 38 106 183
0.027557 0.064679 0.041987 -0.769323 0.097551 -0.631368 38 106 183
0.017400 0.082961 0.057188 -0.769323 0.097551 -0.631368 38 106 183
0.028830 0.082961 0.043260 -0.769323 0.097551 -0.631368 38 106 183
0.080894 0.156590 0.095324 -0.076132 0.995138 -0.062479 38 106 183
0.078620 0.156590 0.098094 -0.076132 0.995138 -0.062479 38 106 183
0.093821 0.158391 0.108251 -0.076132 0.995138 -0.062479 38 106 183
0.093821 -0.029032 0.108251 -0.076131 -0.995138 -0.062480 38 106 183
0.078620 -0.027232 0.098094 -0.076131 -0.995138 -0.062480 38 106 183
0.080894 -0.027232 0.095324 -0.076131 -0.995138 -0.062480 38 106 183
0.017400 0.046397 0.057188 -0.769323 -0.097551 -0.631368 38 106 183
0.027557 0.064679 0.041987 -0.769323 -0.097551 -0.631368 38 106 183
0.028830 0.046397 0.043260 -0.769323 -0.097551 -0.631368 38 106 183
0.068463 0.151257 0.082893 -0.225387 0.956550 -0.184969 38 106 183
0.078620 0.156590 0.098094 -0.225387 0.956550 -0.184969 38 106 183
0.080894 0.156590 0.095324 -0.225387 0.956550 -0.184969 38 106 183
0.021834 0.028817 0.060151 -0.740024 -0.289004 -0.607323 38 106 183
0.028830 0.046397 0.043260 -0.740024 -0.289004 -0.607323 38 106 183
0.032601 0.028817 0.047031 -0.740024 -0.289004 -0.607323 38 106 183
0.057007 0.142597 0.071437 -0.365764 0.880972 -0.300175 38 106 183
0.064003 0.151257 0.088327 -0.365764 0.880972 -0.300175 38 106 183
0.068463 0.151257 0.082893 -0.365764 0.880972 -0.300175 38 106 183
0.029034 0.012616 0.064962 -0.682463 -0.469628 -0.560084 38 106 183
0.032601 0.028817 0.047031 -0.682463 -0.469628 -0.560084 38 106 183
0.038725 0.012616 0.053155 -0.682463 -0.469628 -0.560084 38 106 183
0.046965 0.130943 0.061395 -0.491807 0.771505 -0.403615 38 106 183
0.050532 0.142597 0.079326 -0.491807 0.771505 -0.403615 38 106 183
0.057007 0.142597 0.071437 -0.491807 0.771505 -0.403615 38 106 183
0.038725 -0.001585 0.071437 -0.598702 -0.632563 -0.491344 38 106 183
0.038725 0.012616 0.053155 -0.598702 -0.632563 -0.491344 38 106 183
0.046965 -0.001585 0.061395 -0.598702 -0.632563 -0.491344 38 106 183
0.029034 0.116742 0.064962 -0.598703 0.632563 -0.491344 38 106 183
0.046965 0.130943 0.061395 -0.598703 0.632563 -0.491344 38 106 183
0.038725 0.116742 0.053155 -0.598703 0.632563 -0.491344 38 106 183
0.060689 0.151257 0.094527 -0.257141 0.956550 -0.137445 38 106 183
0.078620 0.156590 0.098094 -0.257141 0.956550 -0.137445 38 106 183
0.064003 0.151257 0.088327 -0.257141 0.956550 -0.137445 38 106 183
0.021834 0.028817 0.060151 -0.844288 -0.289004 -0.451281 38 106 183
0.008907 0.046397 0.073078 -0.844288 -0.289004 -0.451281 38 106 183
0.017400 0.046397 0.057188 -0.844288 -0.289004 -0.451281 38 106 183
0.050532 0.142597 0.079326 -0.417297 0.880972 -0.223051 38 106 183
0.060689 0.151257 0.094527 -0.417297 0.880972 -0.223051 38 106 183
0.064003 0.151257 0.088327 -0.417297 0.880972 -0.223051 38 106 183
0.021834 0.012616 0.078433 -0.778617 -0.469628 -0.416180 38 106 183
0.021834 0.028817 0.060151 -0.778617 -0.469628 -0.416180 38 106 183
0.029034 0.012616 0.064962 -0.778617 -0.469628 -0.416180 38 106 183
0.032601 0.130943 0.082893 -0.561098 0.771506 -0.299913 38 106 183
0.050532 0.142597 0.079326 -0.561098 0.771506 -0.299913 38 106 183
0.038725 0.130943 0.071437 -0.561098 0.771506 -0.299913 38 106 183
0.038725 -0.001585 0.071437 -0.683056 -0.632563 -0.365101 38 106 183
0.021834 0.012616 0.078433 -0.683056 -0.632563 -0.365101 38 106 183
0.029034 0.012616 0.064962 -0.683056 -0.632563 -0.365101 38 106 183
0.021834 0.116742 0.078433 -0.683056 0.632563 -0.365101 38 106 183
0.038725 0.130943 0.071437 -0.683056 0.632563 -0.365101 38 106 183
0.029034 0.116742 0.064962 -0.683056 0.632563 -0.365101 38 106 183
0.045721 -0.013239 0.088327 -0.561098 -0.771506 -0.299914 38 106 183
0.038725 -0.001585 0.071437 -0.561098 -0.771506 -0.299914 38 106 183
0.050532 -0.013239 0.079326 -0.561098 -0.771506 -0.299914 38 106 183
0.021834 0.100541 0.060151 -0.778617 0.469628 -0.416180 38 106 183
0.021834 0.116742 0.078433 -0.778617 0.469628 -0.416180 38 106 183
0.029034 0.116742 0.064962 -0.778617 0.469628 -0.416180 38 106 183
0.064003 -0.021899 0.088327 -0.417297 -0.880972 -0.223051 38 106 183
0.045721 -0.013239 0.088327 -0.417297 -0.880972 -0.223051 38 106 183
0.050532 -0.013239 0.079326 -0.417297 -0.880972 -0.223051 38 106 183
0.008907 0.082961 0.073078 -0.844288 0.289003 -0.451281 38 106 183
0.021834 0.100541 0.060151 -0.844288 0.289003 -0.451281 38 106 183
0.017400 0.082961 0.057188 -0.844288 0.289003 -0.451281 38 106 183
0.078620 -0.027232 0.098094 -0.257142 -0.956550 -0.137444 38 106 183
0.060689 -0.021899 0.094528 -0.257142 -0.956550 -0.137444 38 106 183
0.064003 -0.021899 0.088327 -0.257142 -0.956550 -0.137444 38 106 183
0.015903 0.064679 0.056188 -0.877715 0.097550 -0.469148 38 106 183
0.008907 0.082961 0.073078 -0.877715 0.097550 -0.469148 38 106 183
0.017400 0.082961 0.057188 -0.877715 0.097550 -0.469148 38 106 183
0.078620 0.156590 0.098094 -0.086858 0.995138 -0.046426 38 106 183
0.076930 0.156590 0.101255 -0.086858 0.995138 -0.046426 38 106 183
0.093821 0.158391 0.108251 -0.086858 0.995138 -0.046426 38 106 183
0.093821 -0.029032 0.108251 -0.086857 -0.995138 -0.046426 38 106 183
0.076931 -0.027232 0.101255 -0.086857 -0.995138 -0.046426 38 106 183
0.078620 -0.027232 0.098094 -0.086857 -0.995138 -0.046426 38 106 183
0.008907 0.046397 0.073078 -0.877715 -0.097550 -0.469148 38 106 183
0.015903 0.064679 0.056188 -0.877715 -0.097550 -0.469148 38 106 183
0.017400 0.046397 0.057188 -0.877715 -0.097550 -0.469148 38 106 183
0.008907 0.100541 0.091361 -0.844848 0.469628 -0.256283 38 106 183
0.021834 0.116742 0.078433 -0.844848 0.469628 -0.256283 38 106 183
0.013833 0.100541 0.075119 -0.844848 0.469628 -0.256283 38 106 183
0.060689 -0.021899 0.094528 -0.452793 -0.880972 -0.137353 38 106 183
0.042758 -0.013239 0.098094 -0.452793 -0.880972 -0.137353 38 106 183
0.045721 -0.013239 0.088327 -0.452793 -0.880972 -0.137353 38 106 183
0.008907 0.082961 0.073078 -0.916106 0.289004 -0.277898 38 106 183
0.008907 0.100541 0.091361 -0.916106 0.289004 -0.277898 38 106 183
0.013833 0.100541 0.075119 -0.916106 0.289004 -0.277898 38 106 183
0.075890 -0.027232 0.104685 -0.279015 -0.956550 -0.084638 38 106 183
0.060689 -0.021899 0.094528 -0.279015 -0.956550 -0.084638 38 106 183
0.076931 -0.027232 0.101255 -0.279015 -0.956550 -0.084638 38 106 183
0.001910 0.064679 0.089969 -0.952376 0.097551 -0.288900 38 106 183
0.008907 0.082961 0.073078 -0.952376 0.097551 -0.288900 38 106 183
0.007243 0.064679 0.072389 -0.952376 0.097551 -0.288900 38 106 183
0.076930 0.156590 0.101255 -0.094247 0.995138 -0.028590 38 106 183
0.075890 0.156590 0.104685 -0.094247 0.995138 -0.028590 38 106 183
0.093821 0.158391 0.108251 -0.094247 0.995138 -0.028590 38 106 183
0.093821 -0.029032 0.108251 -0.094246 -0.995138 -0.028589 38 106 183
0.075890 -0.027232 0.104685 -0.094246 -0.995138 -0.028589 38 106 183
0.076931 -0.027232 0.101255 -0.094246 -0.995138 -0.028589 38 106 183
0.003676 0.046397 0.090320 -0.952376 -0.097551 -0.288900 38 106 183
0.007243 0.064679 0.072389 -0.952376 -0.097551 -0.288900 38 106 183
0.008907 0.046397 0.073078 -0.952376 -0.097551 -0.288900 38 106 183
0.058648 0.151257 0.101255 -0.279014 0.956550 -0.084638 38 106 183
0.076930 0.156590 0.101255 -0.279014 0.956550 -0.084638 38 106 183
0.060689 0.151257 0.094527 -0.279014 0.956550 -0.084638 38 106 183
0.008907 0.028817 0.091361 -0.916106 -0.289004 -0.277898 38 106 183
0.008907 0.046397 0.073078 -0.916106 -0.289004 -0.277898 38 106 183
0.013833 0.028817 0.075119 -0.916106 -0.289004 -0.277898 38 106 183
0.045721 0.142597 0.088327 -0.452794 0.880972 -0.137353 38 106 183
0.058648 0.151257 0.101255 -0.452794 0.880972 -0.137353 38 106 183
0.060689 0.151257 0.094527 -0.452794 0.880972 -0.137353 38 106 183
0.017400 0.012616 0.093050 -0.844849 -0.469628 -0.256281 38 106 183
0.013833 0.028817 0.075119 -0.844849 -0.469628 -0.256281 38 106 183
0.021834 0.012616 0.078433 -0.844849 -0.469628 -0.256281 38 106 183
0.028830 0.130943 0.095324 -0.608827 0.771506 -0.184687 38 106 183
0.045721 0.142597 0.088327 -0.608827 0.771506 -0.184687 38 106 183
0.032601 0.130943 0.082893 -0.608827 0.771506 -0.184687 38 106 183
0.032601 -0.001585 0.082893 -0.741159 -0.632563 -0.224827 38 106 183
0.017400 0.012616 0.093050 -0.741159 -0.632563 -0.224827 38 106 183
0.021834 0.012616 0.078433 -0.741159 -0.632563 -0.224827 38 106 183
0.017400 0.116742 0.093050 -0.741159 0.632563 -0.224827 38 106 183
0.032601 0.130943 0.082893 -0.741159 0.632563 -0.224827 38 106 183
0.021834 0.116742 0.078433 -0.741159 0.632563 -0.224827 38 106 183
0.045721 -0.013239 0.088327 -0.608827 -0.771505 -0.184687 38 106 183
0.028830 -0.001585 0.095324 -0.608827 -0.771505 -0.184687 38 106 183
0.032601 -0.001585 0.082893 -0.608827 -0.771505 -0.184687 38 106 183
0.007243 0.028817 0.108251 -0.952718 -0.289003 -0.093835 38 106 183
0.003676 0.046397 0.090320 -0.952718 -0.289003 -0.093835 38 106 183
0.008907 0.028817 0.091361 -0.952718 -0.289003 -0.093835 38 106 183
0.041758 0.142597 0.108251 -0.470890 0.880972 -0.046379 38 106 183
0.058648 0.151257 0.101255 -0.470890 0.880972 -0.046379 38 106 183
0.042758 0.142597 0.098094 -0.470890 0.880972 -0.046379 38 106 183
0.017400 0.012616 0.093050 -0.878613 -0.469629 -0.086536 38 106 183
0.007243 0.028817 0.108251 -0.878613 -0.469629 -0.086536 38 106 183
0.008907 0.028817 0.091361 -0.878613 -0.469629 -0.086536 38 106 183
0.027557 0.130943 0.108251 -0.633159 0.771506 -0.062361 38 106 183
0.042758 0.142597 0.098094 -0.633159 0.771506 -0.062361 38 106 183
0.028830 0.130943 0.095324 -0.633159 0.771506 -0.062361 38 106 183
0.027557 -0.001585 0.108251 -0.770781 -0.632561 -0.075915 38 106 183
0.017400 0.012616 0.093050 -0.770781 -0.632561 -0.075915 38 106 183
0.028830 -0.001585 0.095324 -0.770781 -0.632561 -0.075915 38 106 183
0.017400 0.116742 0.093050 -0.770780 0.632562 -0.075915 38 106 183
0.027557 0.130943 0.108251 -0.770780 0.632562 -0.075915 38 106 183
0.028830 0.130943 0.095324 -0.770780 0.632562 -0.075915 38 106 183
0.042758 -0.013239 0.098094 -0.633159 -0.771506 -0.062361 38 106 183
0.027557 -0.001585 0.108251 -0.633159 -0.771506 -0.062361 38 106 183
0.028830 -0.001585 0.095324 -0.633159 -0.771506 -0.062361 38 106 183
0.007243 0.100541 0.108251 -0.878613 0.469629 -0.086536 38 106 183
0.017400 0.116742 0.093050 -0.878613 0.469629 -0.086536 38 106 183
0.008907 0.100541 0.091361 -0.878613 0.469629 -0.086536 38 106 183
0.058648 -0.021899 0.101255 -0.470889 -0.880972 -0.046378 38 106 183
0.041758 -0.013239 0.108251 -0.470889 -0.880972 -0.046378 38 106 183
0.042758 -0.013239 0.098094 -0.470889 -0.880972 -0.046378 38 106 183
0.003676 0.082961 0.090320 -0.952718 0.289003 -0.093835 38 106 183
0.007243 0.100541 0.108251 -0.952718 0.289003 -0.093835 38 106 183
0.008907 0.100541 0.091361 -0.952718 0.289003 -0.093835 38 106 183
0.075890 -0.027232 0.104685 -0.290166 -0.956550 -0.028579 38 106 183
0.057959 -0.021899 0.108251 -0.290166 -0.956550 -0.028579 38 106 183
0.058648 -0.021899 0.101255 -0.290166 -0.956550 -0.028579 38 106 183
0.000133 0.064679 0.108251 -0.990563 0.097539 -0.096292 38 106 183
0.003676 0.082961 0.090320 -0.990563 0.097539 -0.096292 38 106 183
0.001910 0.064679 0.089969 -0.990563 0.097539 -0.096292 38 106 183
0.075890 0.156590 0.104685 -0.098013 0.995138 -0.009653 38 106 183
0.075539 0.156590 0.108251 -0.098013 0.995138 -0.009653 38 106 183
0.093821 0.158391 0.108251 -0.098013 0.995138 -0.009653 38 106 183
0.093821 -0.029032 0.108251 -0.098013 -0.995138 -0.009653 38 106 183
0.075539 -0.027232 0.108251 -0.098013 -0.995138 -0.009653 38 106 183
0.075890 -0.027232 0.104685 -0.098013 -0.995138 -0.009653 38 106 183
0.003676 0.046397 0.090320 -0.990562 -0.097539 -0.096292 38 106 183
0.000133 0.064679 0.108251 -0.990562 -0.097539 -0.096292 38 106 183
0.001910 0.064679 0.089969 -0.990562 -0.097539 -0.096292 38 106 183
0.057959 0.151257 0.108251 -0.290165 0.956550 -0.028579 38 106 183
0.075890 0.156590 0.104685 -0.290165 0.956550 -0.028579 38 106 183
0.058648 0.151257 0.101255 -0.290165 0.956550 -0.028579 38 106 183
0.145884 -0.013239 0.108251 0.471395 -0.881922 0.000000 38 106 183
0.129683 -0.021899 0.402623 0.471395 -0.881922 0.000000 38 106 183
0.129683 -0.021899 0.108251 0.471395 -0.881922 0.000000 38 106 183
0.185732 0.082961 0.108251 0.956941 0.290284 0.000000 38 106 183
0.180399 0.100541 0.108251 0.956941 0.290284 0.000000 38 106 183
0.007243 0.028817 0.108251 -0.881921 -0.471398 -0.000000 38 106 183
0.015903 0.012616 0.108251 -0.881921 -0.471398 -0.000000 38 106 183
0.093821 -0.029032 0.108251 0.098017 -0.995185 0.000000 38 106 183
0.112103 -0.027232 0.108251 0.098017 -0.995185 0.000000 38 106 183
0.187533 0.064679 0.108251 0.995185 0.098018 0.000000 38 106 183
0.185732 0.082961 0.108251 0.995185 0.098018 0.000000 38 106 183
0.015903 0.012616 0.108251 -0.773011 -0.634392 -0.000000 38 106 183
0.027557 -0.001585 0.108251 -0.773011 -0.634392 -0.000000 38 106 183
0.187533 0.064679 0.402623 0.995185 -0.098018 0.000000 38 106 183
0.185732 0.046397 0.108251 0.995185 -0.098018 0.000000 38 106 183
0.187533 0.064679 0.108251 0.995185 -0.098018 0.000000 38 106 183
0.041758 -0.013239 0.108251 -0.634394 -0.773010 -0.000000 38 106 183
0.027557 -0.001585 0.108251 -0.634394 -0.773010 -0.000000 38 106 183
0.041758 -0.013239 0.108251 -0.471397 -0.881921 -0.000000 38 106 183
0.057959 -0.021899 0.108251 -0.471397 -0.881921 -0.000000 38 106 183
0.057959 -0.021899 0.108251 -0.290284 -0.956940 -0.000000 38 106 183
0.075539 -0.027232 0.108251 -0.290284 -0.956940 -0.000000 38 106 183
0.075539 0.156590 0.108251 -0.290283 0.956941 -0.000000 38 106 183
0.057959 0.151257 0.108251 -0.290283 0.956941 -0.000000 38 106 183
0.057959 0.151257 0.108251 -0.471397 0.881921 -0.000000 38 106 183
0.041758 0.142597 0.108251 -0.471397 0.881921 -0.000000 38 106 183
0.041758 0.142597 0.108251 -0.634394 0.773010 -0.000000 38 106 183
0.027557 0.130943 0.108251 -0.634394 0.773010 -0.000000 38 106 183
0.171739 0.012616 0.108251 0.881921 -0.471398 0.000000 38 106 183
0.180399 0.028817 0.108251 0.881921 -0.471398 0.000000 38 106 183
0.015903 0.116742 0.108251 -0.773011 0.634392 -0.000000 38 106 183
0.027557 0.130943 0.108251 -0.773011 0.634392 -0.000000 38 106 183
0.160085 -0.001585 0.108251 0.773012 -0.634391 0.000000 38 106 183
0.171739 0.012616 0.108251 0.773012 -0.634391 0.000000 38 106 183
0.129683 0.151257 0.108251 0.290283 0.956941 -0.000000 38 106 183
0.112103 0.156590 0.108251 0.290283 0.956941 -0.000000 38 106 183
0.093821 0.158391 0.108251 -0.098018 0.995185 -0.000000 38 106 183
0.075539 0.156590 0.108251 -0.098018 0.995185 -0.000000 38 106 183
0.015903 0.116742 0.108251 -0.881921 0.471398 -0.000000 38 106 183
0.007243 0.100541 0.108251 -0.881921 0.471398 -0.000000 38 106 183
0.112103 -0.027232 0.108251 0.290284 -0.956940 0.000000 38 106 183
0.129683 -0.021899 0.108251 0.290284 -0.956940 0.000000 38 106 183
0.145884 0.142597 0.108251 0.471397 0.881921 0.000000 38 106 183
0.129683 0.151257 0.108251 0.471397 0.881921 0.000000 38 106 183
0.075539 -0.027232 0.108251 -0.098017 -0.995185 0.000000 38 106 183
0.093821 -0.029032 0.108251 -0.098017 -0.995185 0.000000 38 106 183
0.007243 0.100541 0.108251 -0.956941 0.290284 -0.000000 38 106 183
0.001910 0.082961 0.108251 -0.956941 0.290284 -0.000000 38 106 183
0.112103 0.156590 0.108251 0.098018 0.995185 -0.000000 38 106 183
0.093821 0.158391 0.108251 0.098018 0.995185 -0.000000 38 106 183
0.145884 0.142597 0.402623 0.634393 0.773011 0.000000 38 106 183
0.160085 0.130943 0.108251 0.634393 0.773011 0.000000 38 106 183
0.145884 0.142597 0.108251 0.634393 0.773011 0.000000 38 106 183
0.001910 0.082961 0.108251 -0.995308 0.096753 0.000000 38 106 183
0.000133 0.064679 0.108251 -0.995308 0.096753 0.000000 38 106 183
0.180399 0.028817 0.108251 0.956940 -0.290286 0.000000 38 106 183
0.185732 0.046397 0.108251 0.956940 -0.290286 0.000000 38 106 183
0.171739 0.116742 0.108251 0.773010 0.634394 0.000000 38 106 183
0.160085 0.130943 0.108251 0.773010 0.634394 0.000000 38 106 183
0.000133 0.064679 0.108251 -0.995308 -0.096753 -0.000000 38 106 183
0.001910 0.046397 0.108251 -0.995308 -0.096753 -0.000000 38 106 183
0.171739 0.116742 0.108251 0.881922 0.471396 0.000000 38 106 183
0.180399 0.100541 0.402623 0.881922 0.471396 0.000000 38 106 183
0.180399 0.100541 0.108251 0.881922 0.471396 0.000000 38 106 183
0.145884 -0.013239 0.108251 0.634395 -0.773009 0.000000 38 106 183
0.160085 -0.001585 0.108251 0.634395 -0.773009 0.000000 38 106 183
0.007243 0.028817 0.402623 -0.956940 -0.290284 -0.000000 38 106 183
0.001910 0.046397 0.108251 -0.956940 -0.290284 -0.000000 38 106 183
0.007243 0.028817 0.108251 -0.956940 -0.290284 -0.000000 38 106 183
0.008518 0.144707 -0.617900 0.000000 -0.000000 1.000000 255 255 255
-0.008518 0.128017 -0.617900 0.000000 -0.000000 1.000000 255 255 255
0.008518 0.128017 -0.617900 0.000000 -0.000000 1.000000 255 255 255
-0.008518 0.144707 -0.617900 -1.000000 0.000000 0.000000 255 255 255
-0.008518 0.128017 -0.630872 -1.000000 0.000000 0.000000 255 255 255
-0.008518 0.128017 -0.617900 -1.000000 0.000000 0.000000 255 255 255
-0.008518 0.144707 -0.630872 0.000000 0.000000 -1.000000 255 255 255
0.008518 0.128017 -0.630872 0.000000 0.000000 -1.000000 255 255 255
-0.008518 0.128017 -0.630872 0.000000 0.000000 -1.000000 255 255 255
0.008518 0.144707 -0.630872 1.000000 -0.000000 0.000000 255 255 255
0.008518 0.128017 -0.617900 1.000000 -0.000000 0.000000 255 255 255
0.008518 0.128017 -0.630872 1.000000 -0.000000 0.000000 255 255 255
-0.008518 0.128017 -0.630872 0.000000 -1.000000 -0.000000 255 255 255
0.008518 0.128017 -0.617900 0.000000 -1.000000 -0.000000 255 255 255
-0.008518 0.128017 -0.617900 0.000000 -1.000000 -0.000000 255 255 255
-0.008518 0.144707 -0.617900 0.000000 1.000000 -0.000000 255 255 255
0.008518 0.144707 -0.630872 0.000000 1.000000 -0.000000 255 255 255
-0.008518 0.144707 -0.630872 0.000000 1.000000 -0.000000 255 255 255
0.001878 0.164604 -0.617900 0.000000 -0.000000 1.000000 255 255 255
-0.001878 0.144707 -0.617900 0.000000 -0.000000 1.000000 255 255 255
0.001878 0.144707 -0.617900 0.000000 -0.000000 1.000000 255 255 255
-0.001878 0.164604 -0.617900 -1.000000 0.000000 0.000000 255 255 255
-0.001878 0.144707 -0.630872 -1.000000 0.000000 0.000000 255 255 255
-0.001878 0.144707 -0.617900 -1.000000 0.000000 0.000000 255 255 255
-0.001878 0.164604 -0.630872 0.000000 0.000000 -1.000000 255 255 255
0.001878 0.144707 -0.630872 0.000000 0.000000 -1.000000 255 255 255
-0.001878 0.144707 -0.630872 0.000000 0.000000 -1.000000 255 255 255
0.001878 0.164604 -0.630872 1.000000 -0.000000 0.000000 255 255 255
0.001878 0.144707 -0.617900 1.000000 -0.000000 0.000000 255 255 255
0.001878 0.144707 -0.630872 1.000000 -0.000000 0.000000 255 255 255
-0.001878 0.144707 -0.630872 0.000000 -1.000000 -0.000000 255 255 255
0.001878 0.144707 -0.617900 0.000000 -1.000000 -0.000000 255 255 255
-0.001878 0.144707 -0.617900 0.000000 -1.000000 -0.000000 255 255 255
-0.001878 0.164604 -0.617900 0.000000 1.000000 -0.000000 255 255 255
0.001878 0.164604 -0.630872 0.000000 1.000000 -0.000000 255 255 255
-0.001878 0.164604 -0.630872 0.000000 1.000000 -0.000000 255 255 255
0.001280 0.155849 -0.359481 0.000000 -0.000000 1.000000 38 106 183
0.000000 0.142943 -0.359481 0.000000 -0.000000 1.000000 38 106 183
0.002584 0.142943 -0.359481 0.000000 -0.000000 1.000000 38 106 183
-0.001280 0.155849 -0.372453 0.000000 0.000000 -1.000000 234 22 22
-0.000000 0.142943 -0.372453 0.000000 0.000000 -1.000000 234 22 22
-0.002584 0.142943 -0.372453 0.000000 0.000000 -1.000000 234 22 22
0.012731 0.185100 -0.359481 -0.000000 0.000000 1.000000 38 106 183
0.025702 0.187575 -0.359481 -0.000000 0.000000 1.000000 38 106 183
0.012731 0.187575 -0.359481 -0.000000 0.000000 1.000000 38 106 183
0.012731 0.182625 -0.359481 -0.000000 0.000000 1.000000 38 106 183
0.025702 0.185100 -0.359481 -0.000000 0.000000 1.000000 38 106 183
0.012731 0.180149 -0.359481 -0.000000 0.000000 1.000000 38 106 183
0.025702 0.182625 -0.359481 -0.000000 0.000000 1.000000 38 106 183
0.025702 0.177674 -0.359481 0.000000 0.000000 1.000000 38 106 183
0.025702 0.180149 -0.359481 0.000000 0.000000 1.000000 38 106 183
0.012731 0.175199 -0.359481 -0.000000 0.000000 1.000000 38 106 183
0.012731 0.177674 -0.359481 -0.000000 0.000000 1.000000 38 106 183
0.025702 0.172724 -0.359481 0.000000 0.000000 1.000000 38 106 183
0.025702 0.175199 -0.359481 0.000000 0.000000 1.000000 38 106 183
0.012731 0.170248 -0.359481 -0.000000 0.000000 1.000000 38 106 183
0.012731 0.172724 -0.359481 -0.000000 0.000000 1.000000 38 106 183
0.012708 0.167747 -0.359481 -0.000000 0.000000 1.000000 38 106 183
0.025702 0.170248 -0.359481 -0.000000 0.000000 1.000000 38 106 183
0.024827 0.161863 -0.359481 0.000000 0.000000 1.000000 38 106 183
0.025656 0.166964 -0.359481 0.000000 0.000000 1.000000 38 106 183
0.012297 0.165221 -0.359481 0.000000 0.000000 1.000000 38 106 183
0.022994 0.157032 -0.359481 0.000000 0.000000 1.000000 38 106 183
0.011389 0.162828 -0.359481 0.000000 0.000000 1.000000 38 106 183
0.020233 0.152664 -0.359481 0.000000 0.000000 1.000000 38 106 183
0.010021 0.160664 -0.359481 0.000000 0.000000 1.000000 38 106 183
0.016653 0.148938 -0.359481 0.000000 0.000000 1.000000 38 106 183
0.008248 0.158818 -0.359481 0.000000 0.000000 1.000000 38 106 183
0.012400 0.146002 -0.359481 0.000000 0.000000 1.000000 38 106 183
0.003787 0.156361 -0.359481 0.000000 0.000000 1.000000 38 106 183
0.006142 0.157364 -0.359481 0.000000 0.000000 1.000000 38 106 183
0.007647 0.143977 -0.359481 0.000000 -0.000000 1.000000 38 106 183
-0.001280 0.155849 -0.359481 0.000000 0.000000 1.000000 234 22 22
0.000000 0.142943 -0.359481 0.000000 0.000000 1.000000 234 22 22
-0.000000 0.155849 -0.359481 0.000000 0.000000 1.000000 234 22 22
-0.003787 0.156361 -0.359481 0.000000 0.000000 1.000000 234 22 22
-0.002584 0.142943 -0.359481 0.000000 0.000000 1.000000 234 22 22
-0.012400 0.146002 -0.359481 0.000000 -0.000000 1.000000 234 22 22
-0.007647 0.143977 -0.359481 0.000000 -0.000000 1.000000 234 22 22
-0.008248 0.158818 -0.359481 0.000000 -0.000000 1.000000 234 22 22
-0.006142 0.157364 -0.359481 0.000000 -0.000000 1.000000 234 22 22
-0.010021 0.160664 -0.359481 0.000000 -0.000000 1.000000 234 22 22
-0.016653 0.148938 -0.359481 0.000000 -0.000000 1.000000 234 22 22
-0.022994 0.157032 -0.359481 0.000000 -0.000000 1.000000 234 22 22
-0.020233 0.152664 -0.359481 0.000000 -0.000000 1.000000 234 22 22
-0.011389 0.162828 -0.359481 0.000000 -0.000000 1.000000 234 22 22
-0.024827 0.161863 -0.359481 0.000000 -0.000000 1.000000 234 22 22
-0.012297 0.165221 -0.359481 -0.000000 -0.000000 1.000000 234 22 22
-0.025656 0.166964 -0.359481 -0.000000 -0.000000 1.000000 234 22 22
-0.012708 0.167747 -0.359481 -0.000000 -0.000000 1.000000 234 22 22
-0.025702 0.170248 -0.359481 -0.000000 -0.000000 1.000000 234 22 22
-0.012731 0.172724 -0.359481 0.000000 -0.000000 1.000000 234 22 22
-0.012731 0.170248 -0.359481 0.000000 -0.000000 1.000000 234 22 22
-0.025702 0.175199 -0.359481 -0.000000 0.000000 1.000000 234 22 22
-0.025702 0.172724 -0.359481 -0.000000 0.000000 1.000000 234 22 22
-0.012731 0.177674 -0.359481 0.000000 -0.000000 1.000000 234 22 22
-0.012731 0.175199 -0.359481 0.000000 -0.000000 1.000000 234 22 22
-0.012731 0.180149 -0.359481 0.000000 -0.000000 1.000000 234 22 22
-0.025702 0.177674 -0.359481 0.000000 -0.000000 1.000000 234 22 22
-0.012731 0.182625 -0.359481 0.000000 -0.000000 1.000000 234 22 22
-0.025702 0.180149 -0.359481 0.000000 -0.000000 1.000000 234 22 22
-0.012731 0.185100 -0.359481 0.000000 -0.000000 1.000000 234 22 22
-0.025702 0.182625 -0.359481 0.000000 -0.000000 1.000000 234 22 22
-0.012731 0.187575 -0.359481 0.000000 -0.000000 1.000000 234 22 22
-0.025702 0.185100 -0.359481 0.000000 -0.000000 1.000000 234 22 22
-0.012731 0.185100 -0.372453 -0.000000 -0.000000 -1.000000 234 22 22
-0.025702 0.187575 -0.372453 -0.000000 -0.000000 -1.000000 234 22 22
-0.012731 0.187575 -0.372453 -0.000000 -0.000000 -1.000000 234 22 22
-0.012731 0.182625 -0.372453 -0.000000 -0.000000 -1.000000 234 22 22
-0.025702 0.185100 -0.372453 -0.000000 -0.000000 -1.000000 234 22 22
-0.012731 0.180149 -0.372453 -0.000000 -0.000000 -1.000000 234 22 22
-0.025702 0.182625 -0.372453 -0.000000 -0.000000 -1.000000 234 22 22
-0.012731 0.177674 -0.372453 -0.000000 -0.000000 -1.000000 234 22 22
-0.025702 0.180149 -0.372453 -0.000000 -0.000000 -1.000000 234 22 22
-0.012731 0.175199 -0.372453 -0.000000 -0.000000 -1.000000 234 22 22
-0.025702 0.177674 -0.372453 -0.000000 -0.000000 -1.000000 234 22 22
-0.012731 0.172724 -0.372453 -0.000000 -0.000000 -1.000000 234 22 22
-0.025702 0.175199 -0.372453 -0.000000 -0.000000 -1.000000 234 22 22
-0.012731 0.170248 -0.372453 -0.000000 -0.000000 -1.000000 234 22 22
-0.025702 0.172724 -0.372453 -0.000000 -0.000000 -1.000000 234 22 22
-0.012708 0.167747 -0.372453 -0.000000 -0.000000 -1.000000 234 22 22
-0.025702 0.170248 -0.372453 -0.000000 -0.000000 -1.000000 234 22 22
-0.024827 0.161863 -0.372453 0.000000 0.000000 -1.000000 234 22 22
-0.025656 0.166964 -0.372453 0.000000 0.000000 -1.000000 234 22 22
-0.011389 0.162828 -0.372453 0.000000 -0.000000 -1.000000 234 22 22
-0.012297 0.165221 -0.372453 0.000000 -0.000000 -1.000000 234 22 22
-0.020233 0.152664 -0.372453 0.000000 0.000000 -1.000000 234 22 22
-0.022994 0.157032 -0.372453 0.000000 0.000000 -1.000000 234 22 22
-0.010021 0.160664 -0.372453 0.000000 0.000000 -1.000000 234 22 22
-0.016653 0.148938 -0.372453 0.000000 0.000000 -1.000000 234 22 22
-0.008248 0.158818 -0.372453 0.000000 0.000000 -1.000000 234 22 22
-0.012400 0.146002 -0.372453 0.000000 0.000000 -1.000000 234 22 22
-0.003787 0.156361 -0.372453 0.000000 -0.000000 -1.000000 234 22 22
-0.006142 0.157364 -0.372453 0.000000 -0.000000 -1.000000 234 22 22
-0.007647 0.143977 -0.372453 0.000000 0.000000 -1.000000 234 22 22
0.001280 0.155849 -0.372453 0.000000 -0.000000 -1.000000 38 106 183
-0.000000 0.142943 -0.372453 0.000000 -0.000000 -1.000000 38 106 183
0.000000 0.155849 -0.372453 0.000000 -0.000000 -1.000000 38 106 183
0.003787 0.156361 -0.372453 0.000000 0.000000 -1.000000 38 106 183
0.002584 0.142943 -0.372453 0.000000 0.000000 -1.000000 38 106 183
0.012400 0.146002 -0.372453 0.000000 0.000000 -1.000000 38 106 183
0.007647 0.143977 -0.372453 0.000000 0.000000 -1.000000 38 106 183
0.008248 0.158818 -0.372453 0.000000 0.000000 -1.000000 38 106 183
0.006142 0.157364 -0.372453 0.000000 0.000000 -1.000000 38 106 183
0.010021 0.160664 -0.372453 0.000000 0.000000 -1.000000 38 106 183
0.016653 0.148938 -0.372453 0.000000 0.000000 -1.000000 38 106 183
0.022994 0.157032 -0.372453 0.000000 0.000000 -1.000000 38 106 183
0.020233 0.152664 -0.372453 0.000000 0.000000 -1.000000 38 106 183
0.012297 0.165221 -0.372453 0.000000 0.000000 -1.000000 38 106 183
0.011389 0.162828 -0.372453 0.000000 0.000000 -1.000000 38 106 183
0.025656 0.166964 -0.372453 -0.000000 0.000000 -1.000000 38 106 183
0.024827 0.161863 -0.372453 -0.000000 0.000000 -1.000000 38 106 183
0.012708 0.167747 -0.372453 -0.000000 0.000000 -1.000000 38 106 183
0.025702 0.170248 -0.372453 -0.000000 0.000000 -1.000000 38 106 183
0.012731 0.172724 -0.372453 0.000000 0.000000 -1.000000 38 106 183
0.012731 0.170248 -0.372453 0.000000 0.000000 -1.000000 38 106 183
0.012731 0.175199 -0.372453 0.000000 0.000000 -1.000000 38 106 183
0.025702 0.172724 -0.372453 0.000000 0.000000 -1.000000 38 106 183
0.012731 0.177674 -0.372453 0.000000 0.000000 -1.000000 38 106 183
0.025702 0.175199 -0.372453 0.000000 0.000000 -1.000000 38 106 183
0.012731 0.180149 -0.372453 0.000000 0.000000 -1.000000 38 106 183
0.025702 0.177674 -0.372453 0.000000 0.000000 -1.000000 38 106 183
0.012731 0.182625 -0.372453 0.000000 0.000000 -1.000000 38 106 183
0.025702 0.180149 -0.372453 0.000000 0.000000 -1.000000 38 106 183
0.012731 0.185100 -0.372453 0.000000 0.000000 -1.000000 38 106 183
0.025702 0.182625 -0.372453 0.000000 0.000000 -1.000000 38 106 183
0.025702 0.187575 -0.372453 -0.000000 0.000000 -1.000000 38 106 183
0.025702 0.185100 -0.372453 -0.000000 0.000000 -1.000000 38 106 183
0.002584 0.142943 -0.359481 0.000000 -1.000000 0.000000 38 106 183
-0.000000 0.142943 -0.372453 0.000000 -1.000000 0.000000 38 106 183
0.002584 0.142943 -0.372453 0.000000 -1.000000 0.000000 38 106 183
-0.001280 0.155849 -0.372453 0.000000 1.000000 0.000000 234 22 22
-0.000000 0.155849 -0.359481 0.000000 1.000000 0.000000 234 22 22
0.000000 0.155849 -0.372453 0.000000 1.000000 0.000000 234 22 22
0.012731 0.187575 -0.372453 -0.000000 0.000000 -1.000000 178 178 178
0.025702 0.197476 -0.372453 -0.000000 0.000000 -1.000000 178 178 178
0.025702 0.187575 -0.372453 -0.000000 0.000000 -1.000000 178 178 178
0.012731 0.187575 -0.372453 -1.000000 -0.000000 0.000000 178 178 178
0.012731 0.197476 -0.359481 -1.000000 -0.000000 0.000000 178 178 178
0.012731 0.197476 -0.372453 -1.000000 -0.000000 0.000000 178 178 178
0.025702 0.187575 -0.359481 1.000000 0.000000 -0.000000 38 106 183
0.025702 0.185100 -0.372453 1.000000 0.000000 -0.000000 38 106 183
0.025702 0.187575 -0.372453 1.000000 0.000000 -0.000000 38 106 183
0.025702 0.185100 -0.359481 1.000000 0.000000 -0.000000 38 106 183
0.025702 0.182625 -0.372453 1.000000 0.000000 -0.000000 38 106 183
0.025702 0.182625 -0.359481 1.000000 0.000000 -0.000000 38 106 183
0.025702 0.180149 -0.372453 1.000000 0.000000 -0.000000 38 106 183
0.025702 0.180149 -0.359481 1.000000 -0.000002 0.000000 38 106 183
0.025702 0.177674 -0.372453 1.000000 -0.000002 0.000000 38 106 183
0.025702 0.180149 -0.372453 1.000000 -0.000002 0.000000 38 106 183
0.025702 0.177674 -0.359481 1.000000 0.000000 -0.000000 38 106 183
0.025702 0.175199 -0.372453 1.000000 0.000000 -0.000000 38 106 183
0.025702 0.177674 -0.372453 1.000000 0.000000 -0.000000 38 106 183
0.025702 0.175199 -0.359481 1.000000 0.000000 -0.000000 38 106 183
0.025702 0.172724 -0.372453 1.000000 0.000000 -0.000000 38 106 183
0.025702 0.172724 -0.359481 1.000000 0.000000 -0.000000 38 106 183
0.025702 0.170248 -0.372453 1.000000 0.000000 -0.000000 38 106 183
0.025702 0.170248 -0.372453 0.999898 -0.014274 0.000000 38 106 183
0.025656 0.166964 -0.359481 0.999898 -0.014274 0.000000 38 106 183
0.025656 0.166964 -0.372453 0.999898 -0.014274 0.000000 38 106 183
0.025656 0.166964 -0.372453 0.987050 -0.160412 -0.000000 38 106 183
0.024827 0.161863 -0.359481 0.987050 -0.160412 -0.000000 38 106 183
0.024827 0.161863 -0.372453 0.987050 -0.160412 -0.000000 38 106 183
0.024827 0.161863 -0.372453 0.935016 -0.354605 0.000000 38 106 183
0.022994 0.157032 -0.359481 0.935016 -0.354605 0.000000 38 106 183
0.022994 0.157032 -0.372453 0.935016 -0.354605 0.000000 38 106 183
0.022994 0.157032 -0.372453 0.845190 -0.534466 0.000000 38 106 183
0.020233 0.152664 -0.359481 0.845190 -0.534466 0.000000 38 106 183
0.020233 0.152664 -0.372453 0.845190 -0.534466 0.000000 38 106 183
0.020233 0.152664 -0.372453 0.721202 -0.692725 -0.000000 38 106 183
0.016653 0.148938 -0.359481 0.721202 -0.692725 -0.000000 38 106 183
0.016653 0.148938 -0.372453 0.721202 -0.692725 -0.000000 38 106 183
0.016653 0.148938 -0.359481 0.568064 -0.822985 -0.000000 38 106 183
0.012400 0.146002 -0.372453 0.568064 -0.822985 -0.000000 38 106 183
0.016653 0.148938 -0.372453 0.568064 -0.822985 -0.000000 38 106 183
0.012400 0.146002 -0.359481 0.391968 -0.919979 -0.000000 38 106 183
0.007647 0.143977 -0.372453 0.391968 -0.919979 -0.000000 38 106 183
0.012400 0.146002 -0.372453 0.391968 -0.919979 -0.000000 38 106 183
0.007647 0.143977 -0.359481 0.200027 -0.979790 -0.000000 38 106 183
0.002584 0.142943 -0.372453 0.200027 -0.979790 -0.000000 38 106 183
0.007647 0.143977 -0.372453 0.200027 -0.979790 -0.000000 38 106 183
0.000000 0.142943 -0.359481 0.000000 -1.000000 0.000000 234 22 22
-0.002584 0.142943 -0.372453 0.000000 -1.000000 0.000000 234 22 22
-0.000000 0.142943 -0.372453 0.000000 -1.000000 0.000000 234 22 22
-0.002584 0.142943 -0.359481 -0.200027 -0.979790 0.000000 234 22 22
-0.007647 0.143977 -0.372453 -0.200027 -0.979790 0.000000 234 22 22
-0.002584 0.142943 -0.372453 -0.200027 -0.979790 0.000000 234 22 22
-0.007647 0.143977 -0.359481 -0.391968 -0.919979 0.000000 234 22 22
-0.012400 0.146002 -0.372453 -0.391968 -0.919979 0.000000 234 22 22
-0.007647 0.143977 -0.372453 -0.391968 -0.919979 0.000000 234 22 22
-0.012400 0.146002 -0.359481 -0.568064 -0.822985 0.000000 234 22 22
-0.016653 0.148938 -0.372453 -0.568064 -0.822985 0.000000 234 22 22
-0.012400 0.146002 -0.372453 -0.568064 -0.822985 0.000000 234 22 22
-0.016653 0.148938 -0.372453 -0.721203 -0.692724 -0.000000 234 22 22
-0.020233 0.152664 -0.359481 -0.721203 -0.692724 -0.000000 234 22 22
-0.020233 0.152664 -0.372453 -0.721203 -0.692724 -0.000000 234 22 22
-0.020233 0.152664 -0.372453 -0.845190 -0.534466 -0.000000 234 22 22
-0.022994 0.157032 -0.359481 -0.845190 -0.534466 -0.000000 234 22 22
-0.022994 0.157032 -0.372453 -0.845190 -0.534466 -0.000000 234 22 22
-0.022994 0.157032 -0.372453 -0.935017 -0.354604 -0.000000 234 22 22
-0.024827 0.161863 -0.359481 -0.935017 -0.354604 -0.000000 234 22 22
-0.024827 0.161863 -0.372453 -0.935017 -0.354604 -0.000000 234 22 22
-0.024827 0.161863 -0.372453 -0.987050 -0.160411 -0.000000 234 22 22
-0.025656 0.166964 -0.359481 -0.987050 -0.160411 -0.000000 234 22 22
-0.025656 0.166964 -0.372453 -0.987050 -0.160411 -0.000000 234 22 22
-0.025656 0.166964 -0.372453 -0.999898 -0.014276 0.000000 234 22 22
-0.025702 0.170248 -0.359481 -0.999898 -0.014276 0.000000 234 22 22
-0.025702 0.170248 -0.372453 -0.999898 -0.014276 0.000000 234 22 22
-0.025702 0.170248 -0.359481 -1.000000 0.000000 0.000000 234 22 22
-0.025702 0.172724 -0.372453 -1.000000 0.000000 0.000000 234 22 22
-0.025702 0.170248 -0.372453 -1.000000 0.000000 0.000000 234 22 22
-0.025702 0.172724 -0.359481 -1.000000 0.000002 0.000000 234 22 22
-0.025702 0.175199 -0.372453 -1.000000 0.000002 0.000000 234 22 22
-0.025702 0.172724 -0.372453 -1.000000 0.000002 0.000000 234 22 22
-0.025702 0.175199 -0.359481 -1.000000 0.000000 0.000000 234 22 22
-0.025702 0.177674 -0.372453 -1.000000 0.000000 0.000000 234 22 22
-0.025702 0.175199 -0.372453 -1.000000 0.000000 0.000000 234 22 22
-0.025702 0.177674 -0.359481 -1.000000 0.000000 0.000000 234 22 22
-0.025702 0.180149 -0.372453 -1.000000 0.000000 0.000000 234 22 22
-0.025702 0.180149 -0.359481 -1.000000 0.000000 0.000000 234 22 22
-0.025702 0.182625 -0.372453 -1.000000 0.000000 0.000000 234 22 22
-0.025702 0.182625 -0.359481 -1.000000 0.000000 0.000000 234 22 22
-0.025702 0.185100 -0.372453 -1.000000 0.000000 0.000000 234 22 22
-0.025702 0.185100 -0.359481 -1.000000 0.000000 0.000000 234 22 22
-0.025702 0.187575 -0.372453 -1.000000 0.000000 0.000000 234 22 22
-0.012731 0.187575 -0.359481 -0.000000 0.000000 1.000000 178 178 178
-0.025702 0.197476 -0.359481 -0.000000 0.000000 1.000000 178 178 178
-0.025702 0.187575 -0.359481 -0.000000 0.000000 1.000000 178 178 178
-0.012731 0.187575 -0.372453 1.000000 -0.000000 0.000000 178 178 178
-0.012731 0.197476 -0.359481 1.000000 -0.000000 0.000000 178 178 178
-0.012731 0.187575 -0.359481 1.000000 -0.000000 0.000000 178 178 178
-0.025702 0.187575 -0.359481 -1.000000 0.000000 0.000000 178 178 178
-0.025702 0.197476 -0.372453 -1.000000 0.000000 0.000000 178 178 178
-0.025702 0.187575 -0.372453 -1.000000 0.000000 0.000000 178 178 178
-0.012731 0.197476 -0.359481 -0.000000 1.000000 0.000000 178 178 178
-0.025702 0.197476 -0.372453 -0.000000 1.000000 0.000000 178 178 178
-0.025702 0.197476 -0.359481 -0.000000 1.000000 0.000000 178 178 178
-0.025702 0.187575 -0.372453 -0.000000 0.000000 -1.000000 178 178 178
-0.012731 0.197476 -0.372453 -0.000000 0.000000 -1.000000 178 178 178
-0.012731 0.187575 -0.372453 -0.000000 0.000000 -1.000000 178 178 178
-0.012731 0.187575 -0.359481 1.000000 0.000000 -0.000000 234 22 22
-0.012731 0.185100 -0.372453 1.000000 0.000000 -0.000000 234 22 22
-0.012731 0.187575 -0.372453 1.000000 0.000000 -0.000000 234 22 22
-0.012731 0.185100 -0.359481 1.000000 0.000000 -0.000000 234 22 22
-0.012731 0.182625 -0.372453 1.000000 0.000000 -0.000000 234 22 22
-0.012731 0.182625 -0.359481 1.000000 -0.000001 0.000000 234 22 22
-0.012731 0.180149 -0.372453 1.000000 -0.000001 0.000000 234 22 22
-0.012731 0.182625 -0.372453 1.000000 -0.000001 0.000000 234 22 22
-0.012731 0.180149 -0.359481 1.000000 0.000000 -0.000000 234 22 22
-0.012731 0.177674 -0.372453 1.000000 0.000000 -0.000000 234 22 22
-0.012731 0.180149 -0.372453 1.000000 0.000000 -0.000000 234 22 22
-0.012731 0.177674 -0.359481 1.000000 0.000000 -0.000000 234 22 22
-0.012731 0.175199 -0.372453 1.000000 0.000000 -0.000000 234 22 22
-0.012731 0.175199 -0.359481 1.000000 0.000000 -0.000000 234 22 22
-0.012731 0.172724 -0.372453 1.000000 0.000000 -0.000000 234 22 22
-0.012731 0.172724 -0.359481 1.000000 -0.000001 0.000000 234 22 22
-0.012731 0.170248 -0.372453 1.000000 -0.000001 0.000000 234 22 22
-0.012731 0.172724 -0.372453 1.000000 -0.000001 0.000000 234 22 22
-0.012731 0.170248 -0.359481 0.999957 0.009285 0.000000 234 22 22
-0.012708 0.167747 -0.372453 0.999957 0.009285 0.000000 234 22 22
-0.012731 0.170248 -0.372453 0.999957 0.009285 0.000000 234 22 22
-0.012708 0.167747 -0.359481 0.987050 0.160411 0.000000 234 22 22
-0.012297 0.165221 -0.372453 0.987050 0.160411 0.000000 234 22 22
-0.012708 0.167747 -0.372453 0.987050 0.160411 0.000000 234 22 22
-0.012297 0.165221 -0.372453 0.935017 0.354603 -0.000000 234 22 22
-0.011389 0.162828 -0.359481 0.935017 0.354603 -0.000000 234 22 22
-0.011389 0.162828 -0.372453 0.935017 0.354603 -0.000000 234 22 22
-0.011389 0.162828 -0.372453 0.845189 0.534467 0.000000 234 22 22
-0.010021 0.160664 -0.359481 0.845189 0.534467 0.000000 234 22 22
-0.010021 0.160664 -0.372453 0.845189 0.534467 0.000000 234 22 22
-0.010021 0.160664 -0.359481 0.721202 0.692725 0.000000 234 22 22
-0.008248 0.158818 -0.372453 0.721202 0.692725 0.000000 234 22 22
-0.010021 0.160664 -0.372453 0.721202 0.692725 0.000000 234 22 22
-0.008248 0.158818 -0.359481 0.568061 0.822986 0.000000 234 22 22
-0.006142 0.157364 -0.372453 0.568061 0.822986 0.000000 234 22 22
-0.008248 0.158818 -0.372453 0.568061 0.822986 0.000000 234 22 22
-0.006142 0.157364 -0.359481 0.391972 0.919977 0.000000 234 22 22
-0.003787 0.156361 -0.372453 0.391972 0.919977 0.000000 234 22 22
-0.006142 0.157364 -0.372453 0.391972 0.919977 0.000000 234 22 22
-0.003787 0.156361 -0.359481 0.200021 0.979792 0.000000 234 22 22
-0.001280 0.155849 -0.372453 0.200021 0.979792 0.000000 234 22 22
-0.003787 0.156361 -0.372453 0.200021 0.979792 0.000000 234 22 22
0.000000 0.155849 -0.372453 0.000000 1.000000 0.000000 38 106 183
0.001280 0.155849 -0.359481 0.000000 1.000000 0.000000 38 106 183
0.001280 0.155849 -0.372453 0.000000 1.000000 0.000000 38 106 183
0.001280 0.155849 -0.359481 -0.200021 0.979792 -0.000000 38 106 183
0.003787 0.156361 -0.372453 -0.200021 0.979792 -0.000000 38 106 183
0.001280 0.155849 -0.372453 -0.200021 0.979792 -0.000000 38 106 183
0.003787 0.156361 -0.359481 -0.391972 0.919977 -0.000000 38 106 183
0.006142 0.157364 -0.372453 -0.391972 0.919977 -0.000000 38 106 183
0.003787 0.156361 -0.372453 -0.391972 0.919977 -0.000000 38 106 183
0.006142 0.157364 -0.359481 -0.568061 0.822986 -0.000000 38 106 183
0.008248 0.158818 -0.372453 -0.568061 0.822986 -0.000000 38 106 183
0.006142 0.157364 -0.372453 -0.568061 0.822986 -0.000000 38 106 183
0.008248 0.158818 -0.359481 -0.721202 0.692725 -0.000000 38 106 183
0.010021 0.160664 -0.372453 -0.721202 0.692725 -0.000000 38 106 183
0.008248 0.158818 -0.372453 -0.721202 0.692725 -0.000000 38 106 183
0.010021 0.160664 -0.372453 -0.845191 0.534464 0.000000 38 106 183
0.011389 0.162828 -0.359481 -0.845191 0.534464 0.000000 38 106 183
0.011389 0.162828 -0.372453 -0.845191 0.534464 0.000000 38 106 183
0.011389 0.162828 -0.359481 -0.935016 0.354605 0.000000 38 106 183
0.012297 0.165221 -0.372453 -0.935016 0.354605 0.000000 38 106 183
0.011389 0.162828 -0.372453 -0.935016 0.354605 0.000000 38 106 183
0.012297 0.165221 -0.359481 -0.987050 0.160410 -0.000000 38 106 183
0.012708 0.167747 -0.372453 -0.987050 0.160410 -0.000000 38 106 183
0.012297 0.165221 -0.372453 -0.987050 0.160410 -0.000000 38 106 183
0.012708 0.167747 -0.359481 -0.999957 0.009285 0.000000 38 106 183
0.012731 0.170248 -0.372453 -0.999957 0.009285 0.000000 38 106 183
0.012708 0.167747 -0.372453 -0.999957 0.009285 0.000000 38 106 183
0.012731 0.170248 -0.359481 -1.000000 0.000000 0.000000 38 106 183
0.012731 0.172724 -0.372453 -1.000000 0.000000 0.000000 38 106 183
0.012731 0.170248 -0.372453 -1.000000 0.000000 0.000000 38 106 183
0.012731 0.172724 -0.359481 -1.000000 0.000001 0.000000 38 106 183
0.012731 0.175199 -0.372453 -1.000000 0.000001 0.000000 38 106 183
0.012731 0.172724 -0.372453 -1.000000 0.000001 0.000000 38 106 183
0.012731 0.175199 -0.359481 -1.000000 0.000000 0.000000 38 106 183
0.012731 0.177674 -0.372453 -1.000000 0.000000 0.000000 38 106 183
0.012731 0.175199 -0.372453 -1.000000 0.000000 0.000000 38 106 183
0.012731 0.177674 -0.359481 -1.000000 0.000000 0.000000 38 106 183
0.012731 0.180149 -0.372453 -1.000000 0.000000 0.000000 38 106 183
0.012731 0.180149 -0.359481 -1.000000 0.000000 0.000000 38 106 183
0.012731 0.182625 -0.372453 -1.000000 0.000000 0.000000 38 106 183
0.012731 0.182625 -0.359481 -1.000000 0.000000 0.000000 38 106 183
0.012731 0.185100 -0.372453 -1.000000 0.000000 0.000000 38 106 183
0.012731 0.185100 -0.359481 -1.000000 0.000000 0.000000 38 106 183
0.012731 0.187575 -0.372453 -1.000000 0.000000 0.000000 38 106 183
0.012731 0.197476 -0.359481 0.000000 0.000000 1.000000 178 178 178
0.025702 0.187575 -0.359481 0.000000 0.000000 1.000000 178 178 178
0.025702 0.197476 -0.359481 0.000000 0.000000 1.000000 178 178 178
0.025702 0.197476 -0.372453 0.000000 1.000000 0.000000 178 178 178
0.012731 0.197476 -0.359481 0.000000 1.000000 0.000000 178 178 178
0.025702 0.197476 -0.359481 0.000000 1.000000 0.000000 178 178 178
0.025702 0.187575 -0.359481 1.000000 0.000000 0.000000 178 178 178
0.025702 0.197476 -0.372453 1.000000 0.000000 0.000000 178 178 178
0.025702 0.197476 -0.359481 1.000000 0.000000 0.000000 178 178 178
-0.005729 -0.086983 0.416743 -1.000000 0.000000 0.000000 77 77 77
-0.005729 -0.167008 0.306331 -1.000000 0.000000 0.000000 77 77 77
-0.005729 -0.167008 0.416744 -1.000000 0.000000 0.000000 77 77 77
-0.005729 -0.086983 0.306331 0.000000 0.000000 -1.000000 77 77 77
0.005995 -0.167008 0.306331 0.000000 0.000000 -1.000000 77 77 77
-0.005729 -0.167008 0.306331 0.000000 0.000000 -1.000000 77 77 77
0.005995 -0.086983 0.306331 1.000000 0.000000 -0.000000 77 77 77
0.005995 -0.167008 0.416744 1.000000 0.000000 -0.000000 77 77 77
0.005995 -0.167008 0.306331 1.000000 0.000000 -0.000000 77 77 77
-0.038386 -0.167008 0.403780 -1.000000 -0.000000 0.000000 255 255 255
-0.038386 -0.176956 0.234304 -1.000000 -0.000000 0.000000 255 255 255
-0.038386 -0.176956 0.403780 -1.000000 -0.000000 0.000000 255 255 255
0.038652 -0.176956 0.234304 1.000000 0.000000 -0.000000 255 255 255
0.038652 -0.167008 0.403780 1.000000 0.000000 -0.000000 255 255 255
0.038652 -0.176956 0.403780 1.000000 0.000000 -0.000000 255 255 255
-0.038386 -0.176956 0.403780 -0.000000 -1.000000 0.000000 255 255 255
0.038652 -0.176956 0.234304 -0.000000 -1.000000 0.000000 255 255 255
0.038652 -0.176956 0.403780 -0.000000 -1.000000 0.000000 255 255 255
-0.038386 -0.167008 0.223768 0.000000 1.000000 -0.000000 255 255 255
0.038652 -0.167008 0.403780 0.000000 1.000000 -0.000000 255 255 255
0.038652 -0.167008 0.223768 0.000000 1.000000 -0.000000 255 255 255
0.038652 -0.029404 0.146041 0.000000 0.513346 0.858182 255 255 255
-0.038386 -0.176956 0.234303 0.000000 0.513346 0.858182 255 255 255
0.038652 -0.176956 0.234303 0.000000 0.513346 0.858182 255 255 255
-0.038386 -0.029404 0.146041 -1.000000 -0.000000 -0.000000 255 255 255
-0.038386 -0.176956 0.203435 -1.000000 -0.000000 -0.000000 255 255 255
-0.038386 -0.176956 0.234303 -1.000000 -0.000000 -0.000000 255 255 255
-0.038386 -0.029404 0.115173 0.000000 -0.513346 -0.858182 255 255 255
0.038652 -0.176956 0.203435 0.000000 -0.513346 -0.858182 255 255 255
-0.038386 -0.176956 0.203435 0.000000 -0.513346 -0.858182 255 255 255
0.038652 -0.176956 0.203435 1.000000 0.000000 0.000000 255 255 255
0.038652 -0.029404 0.146041 1.000000 0.000000 0.000000 255 255 255
0.038652 -0.176956 0.234303 1.000000 0.000000 0.000000 255 255 255
-0.038386 -0.176956 0.203435 0.000000 -1.000000 -0.000000 255 255 255
0.038652 -0.176956 0.234303 0.000000 -1.000000 -0.000000 255 255 255
-0.038386 -0.176956 0.234303 0.000000 -1.000000 -0.000000 255 255 255
-0.038386 -0.029404 0.146041 0.000000 1.000000 -0.000000 255 255 255
0.038652 -0.029404 0.115173 0.000000 1.000000 -0.000000 255 255 255
-0.038386 -0.029404 0.115173 0.000000 1.000000 -0.000000 255 255 255
0.038652 0.045519 0.671147 0.000000 -0.000000 1.000000 255 255 255
-0.038386 -0.036978 0.671147 0.000000 -0.000000 1.000000 255 255 255
0.038652 -0.036978 0.671147 0.000000 -0.000000 1.000000 255 255 255
-0.038386 0.045519 -0.436133 -1.000000 0.000000 0.000000 255 255 255
-0.038386 -0.036978 -0.602518 -1.000000 0.000000 0.000000 255 255 255
-0.038386 -0.036978 -0.436133 -1.000000 0.000000 0.000000 255 255 255
-0.038386 0.045519 -0.602518 0.000000 0.000000 -1.000000 255 255 255
0.038652 -0.036978 -0.602518 0.000000 0.000000 -1.000000 255 255 255
-0.038386 -0.036978 -0.602518 0.000000 0.000000 -1.000000 255 255 255
0.038652 0.045519 -0.011578 1.000000 -0.000000 -0.000000 255 255 255
0.038652 -0.036978 0.671147 1.000000 -0.000000 -0.000000 255 255 255
0.038652 -0.036978 -0.011578 1.000000 -0.000000 -0.000000 255 255 255
-0.038386 -0.086983 -0.520270 0.000000 -1.000000 -0.000000 255 255 255
0.038652 -0.086983 -0.436133 0.000000 -1.000000 -0.000000 255 255 255
-0.038386 -0.086983 -0.436133 0.000000 -1.000000 -0.000000 255 255 255
-0.038386 0.045519 0.671147 0.000000 1.000000 -0.000000 255 255 255
0.038652 0.045519 -0.011578 0.000000 1.000000 -0.000000 255 255 255
-0.038386 0.045519 -0.011578 0.000000 1.000000 -0.000000 255 255 255
0.038652 -0.061981 0.656492 1.000000 0.000000 -0.000000 255 255 255
0.038652 -0.061981 -0.011578 1.000000 0.000000 -0.000000 255 255 255
-0.038386 -0.036978 -0.602518 0.000000 -0.854472 -0.519497 255 255 255
0.038652 -0.061981 -0.561394 0.000000 -0.854472 -0.519497 255 255 255
-0.038386 -0.061981 -0.561394 0.000000 -0.854472 -0.519497 255 255 255
-0.038386 -0.061981 -0.561394 -1.000000 0.000000 0.000000 255 255 255
-0.038386 -0.061981 -0.436133 -1.000000 0.000000 0.000000 255 255 255
0.038652 -0.036978 0.671147 0.000000 -0.505677 0.862723 255 255 255
-0.038386 -0.061981 0.656492 0.000000 -0.505677 0.862723 255 255 255
0.038652 -0.061981 0.656492 0.000000 -0.505677 0.862723 255 255 255
0.038652 -0.061981 0.656492 0.000000 -0.505674 0.862724 255 255 255
-0.038386 -0.086983 0.641837 0.000000 -0.505674 0.862724 255 255 255
0.038652 -0.086983 0.641837 0.000000 -0.505674 0.862724 255 255 255
-0.038386 -0.086983 -0.520270 -1.000000 0.000000 0.000000 255 255 255
-0.038386 -0.086983 -0.436133 -1.000000 0.000000 0.000000 255 255 255
-0.038386 -0.086983 -0.520270 0.000000 -0.854473 -0.519497 255 255 255
0.038652 -0.061981 -0.561394 0.000000 -0.854473 -0.519497 255 255 255
0.038652 -0.086983 -0.520270 0.000000 -0.854473 -0.519497 255 255 255
0.038652 -0.086983 0.641837 1.000000 0.000000 -0.000000 255 255 255
0.038652 -0.086983 -0.011578 1.000000 0.000000 -0.000000 255 255 255
0.038652 -0.086983 -0.520270 1.000000 0.000000 -0.000000 255 255 255
0.038652 -0.061981 -0.436133 1.000000 0.000000 -0.000000 255 255 255
0.038652 -0.086983 -0.436133 1.000000 0.000000 -0.000000 255 255 255
-0.038386 -0.086983 0.641837 -1.000000 0.000000 0.000000 255 255 255
-0.038386 -0.061981 -0.011578 -1.000000 0.000000 0.000000 255 255 255
-0.038386 -0.086983 -0.011578 -1.000000 0.000000 0.000000 255 255 255
-0.038386 -0.061981 0.656492 -1.000000 0.000000 0.000000 255 255 255
-0.038386 -0.036978 -0.011578 -1.000000 0.000000 0.000000 255 255 255
0.038652 -0.061981 -0.561394 1.000000 -0.000000 -0.000000 255 255 255
0.038652 -0.036978 -0.436133 1.000000 -0.000000 -0.000000 255 255 255
-0.038386 0.045519 -0.602518 0.000000 1.000000 -0.000000 255 255 255
0.038652 0.045519 -0.436133 0.000000 1.000000 -0.000000 255 255 255
0.038652 0.045519 -0.602518 0.000000 1.000000 -0.000000 255 255 255
-0.038386 0.045519 -0.436133 -0.000000 1.000000 -0.000000 255 255 255
-0.038386 -0.086983 -0.011578 0.000000 -1.000000 0.000000 255 255 255
0.038652 -0.086983 0.641837 0.000000 -1.000000 0.000000 255 255 255
-0.038386 -0.086983 0.641837 0.000000 -1.000000 0.000000 255 255 255
0.038652 -0.086983 -0.011578 0.000000 -1.000000 0.000000 255 255 255
0.038652 0.045519 -0.602518 1.000000 0.000000 -0.000000 255 255 255
0.038652 -0.036978 -0.602518 1.000000 0.000000 -0.000000 255 255 255
0.038652 0.045519 -0.436133 1.000000 0.000000 -0.000000 255 255 255
-0.038386 0.045519 0.671147 -1.000000 0.000000 0.000000 255 255 255
-0.038386 -0.036978 0.671147 -1.000000 0.000000 0.000000 255 255 255
-0.038386 0.045519 -0.011578 -1.000000 0.000000 0.000000 255 255 255
0.038652 -0.086983 0.436409 0.000000 0.421609 0.906778 255 255 255
-0.038386 -0.287386 0.529587 0.000000 0.421609 0.906778 255 255 255
0.038652 -0.287386 0.529587 0.000000 0.421609 0.906778 255 255 255
-0.038386 -0.086983 0.436409 -1.000000 0.000000 0.000000 255 255 255
-0.038386 -0.287386 0.427882 -1.000000 0.000000 0.000000 255 255 255
-0.038386 -0.287386 0.529587 -1.000000 0.000000 0.000000 255 255 255
-0.038386 -0.086983 0.334705 0.000000 -0.421609 -0.906778 255 255 255
0.038652 -0.287386 0.427882 0.000000 -0.421609 -0.906778 255 255 255
-0.038386 -0.287386 0.427882 0.000000 -0.421609 -0.906778 255 255 255
0.038652 -0.287386 0.427882 1.000000 -0.000000 -0.000000 255 255 255
0.038652 -0.086983 0.436409 1.000000 -0.000000 -0.000000 255 255 255
0.038652 -0.287386 0.529587 1.000000 -0.000000 -0.000000 255 255 255
-0.038386 -0.287386 0.529587 -0.000000 -1.000000 0.000000 255 255 255
0.038652 -0.287386 0.427882 -0.000000 -1.000000 0.000000 255 255 255
0.038652 -0.287386 0.529587 -0.000000 -1.000000 0.000000 255 255 255
-0.038386 -0.086983 0.436409 0.000000 1.000000 -0.000000 255 255 255
0.038652 -0.086983 0.334705 0.000000 1.000000 -0.000000 255 255 255
-0.038386 -0.086983 0.334705 0.000000 1.000000 -0.000000 255 255 255
-0.008385 0.128017 0.000349 -1.000000 0.000000 0.000000 255 255 255
-0.008385 0.121211 -0.351974 -1.000000 0.000000 0.000000 255 255 255
-0.008385 0.121211 0.000349 -1.000000 0.000000 0.000000 255 255 255
0.008651 0.128017 -0.351974 1.000000 0.000000 -0.000000 255 255 255
0.008651 0.121211 0.000349 1.000000 0.000000 -0.000000 255 255 255
0.008651 0.121211 -0.351974 1.000000 0.000000 -0.000000 255 255 255
-0.008385 0.128017 0.000349 0.000000 1.000000 -0.000000 255 255 255
0.008651 0.128017 -0.351974 0.000000 1.000000 -0.000000 255 255 255
-0.008385 0.128017 -0.351974 0.000000 1.000000 -0.000000 255 255 255
-0.007647 0.143977 -0.359481 0.000000 -0.000000 1.000000 255 255 255
-0.008518 0.128017 -0.359481 0.000000 -0.000000 1.000000 255 255 255
-0.007647 0.128017 -0.359481 0.000000 -0.000000 1.000000 255 255 255
-0.008518 0.144347 -0.359481 -1.000000 0.000000 0.000000 255 255 255
-0.008518 0.128017 -0.372453 -1.000000 0.000000 0.000000 255 255 255
-0.008518 0.128017 -0.359481 -1.000000 0.000000 0.000000 255 255 255
0.007647 0.143977 -0.372453 0.000000 0.000000 -1.000000 255 255 255
0.008518 0.128017 -0.372453 0.000000 0.000000 -1.000000 255 255 255
0.007647 0.128017 -0.372453 0.000000 0.000000 -1.000000 255 255 255
0.008518 0.144347 -0.372453 1.000000 -0.000000 0.000000 255 255 255
0.008518 0.128017 -0.359481 1.000000 -0.000000 0.000000 255 255 255
0.008518 0.128017 -0.372453 1.000000 -0.000000 0.000000 255 255 255
0.007647 0.128017 -0.372453 0.000000 -1.000000 -0.000000 255 255 255
0.008518 0.128017 -0.359481 0.000000 -1.000000 -0.000000 255 255 255
0.007647 0.128017 -0.359481 0.000000 -1.000000 -0.000000 255 255 255
0.007647 0.143977 -0.359481 -0.390859 0.920450 0.000000 255 255 255
0.008518 0.144347 -0.372453 -0.390859 0.920450 0.000000 255 255 255
0.007647 0.143977 -0.372453 -0.390859 0.920450 0.000000 255 255 255
-0.008518 0.144347 -0.359481 0.390869 0.920446 0.000000 255 255 255
-0.007647 0.143977 -0.372453 0.390869 0.920446 0.000000 255 255 255
-0.008518 0.144347 -0.372453 0.390869 0.920446 0.000000 255 255 255
-0.007647 0.143977 -0.359481 0.200027 0.979790 0.000000 255 255 255
-0.002584 0.142943 -0.372453 0.200027 0.979790 0.000000 255 255 255
-0.007647 0.143977 -0.372453 0.200027 0.979790 0.000000 255 255 255
-0.002584 0.142943 -0.359481 0.000000 1.000000 -0.000000 255 255 255
0.002584 0.142943 -0.372453 0.000000 1.000000 -0.000000 255 255 255
-0.002584 0.142943 -0.372453 0.000000 1.000000 -0.000000 255 255 255
0.002584 0.142943 -0.359481 -0.200027 0.979790 0.000000 255 255 255
0.007647 0.143977 -0.372453 -0.200027 0.979790 0.000000 255 255 255
0.002584 0.142943 -0.372453 -0.200027 0.979790 0.000000 255 255 255
-0.008518 0.128017 -0.372453 0.000000 -1.000000 -0.000000 255 255 255
-0.007647 0.128017 -0.359481 0.000000 -1.000000 -0.000000 255 255 255
-0.008518 0.128017 -0.359481 0.000000 -1.000000 -0.000000 255 255 255
-0.007647 0.128017 -0.372453 0.000000 -1.000000 -0.000000 255 255 255
-0.002584 0.128017 -0.359481 0.000000 -1.000000 -0.000000 255 255 255
-0.002584 0.128017 -0.372453 0.000000 -1.000000 -0.000000 255 255 255
0.002584 0.128017 -0.359481 0.000000 -1.000000 -0.000000 255 255 255
0.002584 0.128017 -0.372453 0.000000 -1.000000 -0.000000 255 255 255
-0.008518 0.128017 -0.372453 -0.000000 0.000000 -1.000000 255 255 255
-0.007647 0.143977 -0.372453 -0.000000 0.000000 -1.000000 255 255 255
-0.007647 0.128017 -0.372453 -0.000000 0.000000 -1.000000 255 255 255
-0.002584 0.142943 -0.372453 -0.000000 0.000000 -1.000000 255 255 255
-0.002584 0.128017 -0.372453 -0.000000 0.000000 -1.000000 255 255 255
0.002584 0.128017 -0.372453 0.000000 0.000000 -1.000000 255 255 255
0.002584 0.142943 -0.372453 0.000000 0.000000 -1.000000 255 255 255
0.008518 0.128017 -0.359481 -0.000000 0.000000 1.000000 255 255 255
0.007647 0.143977 -0.359481 -0.000000 0.000000 1.000000 255 255 255
0.007647 0.128017 -0.359481 -0.000000 0.000000 1.000000 255 255 255
0.002584 0.142943 -0.359481 -0.000000 0.000000 1.000000 255 255 255
0.002584 0.128017 -0.359481 -0.000000 0.000000 1.000000 255 255 255
-0.002584 0.128017 -0.359481 0.000000 -0.000000 1.000000 255 255 255
-0.002584 0.142943 -0.359481 0.000000 -0.000000 1.000000 255 255 255
-0.185466 0.082961 0.696995 -0.952718 0.289003 0.093834 234 22 22
-0.178470 0.100541 0.713886 -0.952718 0.289003 0.093834 234 22 22
-0.180133 0.100541 0.696995 -0.952718 0.289003 0.093834 234 22 22
-0.111486 -0.027232 0.700562 -0.290166 -0.956550 0.028577 234 22 22
-0.129417 -0.021899 0.696995 -0.290166 -0.956550 0.028577 234 22 22
-0.111837 -0.027232 0.696995 -0.290166 -0.956550 0.028577 234 22 22
-0.187267 0.064679 0.696995 -0.990438 0.097551 0.097548 234 22 22
-0.183700 0.082961 0.714926 -0.990438 0.097551 0.097548 234 22 22
-0.185466 0.082961 0.696995 -0.990438 0.097551 0.097548 234 22 22
-0.111837 0.156590 0.696995 -0.098013 0.995138 0.009653 234 22 22
-0.111486 0.156590 0.700562 -0.098013 0.995138 0.009653 234 22 22
-0.093555 0.158391 0.696995 -0.098013 0.995138 0.009653 234 22 22
-0.093555 -0.029032 0.696995 -0.098013 -0.995138 0.009653 234 22 22
-0.111486 -0.027232 0.700562 -0.098013 -0.995138 0.009653 234 22 22
-0.111837 -0.027232 0.696995 -0.098013 -0.995138 0.009653 234 22 22
-0.183700 0.046397 0.714926 -0.990438 -0.097551 0.097548 234 22 22
-0.187267 0.064679 0.696995 -0.990438 -0.097551 0.097548 234 22 22
-0.185466 0.046397 0.696995 -0.990438 -0.097551 0.097548 234 22 22
-0.129417 0.151257 0.696995 -0.290165 0.956550 0.028579 234 22 22
-0.111486 0.156590 0.700562 -0.290165 0.956550 0.028579 234 22 22
-0.111837 0.156590 0.696995 -0.290165 0.956550 0.028579 234 22 22
-0.178470 0.028817 0.713886 -0.952718 -0.289006 0.093832 234 22 22
-0.185466 0.046397 0.696995 -0.952718 -0.289006 0.093832 234 22 22
-0.180133 0.028817 0.696995 -0.952718 -0.289006 0.093832 234 22 22
-0.145618 0.142597 0.696995 -0.470890 0.880972 0.046376 234 22 22
-0.128728 0.151257 0.703991 -0.470890 0.880972 0.046376 234 22 22
-0.129417 0.151257 0.696995 -0.470890 0.880972 0.046376 234 22 22
-0.169976 0.012616 0.712196 -0.878613 -0.469630 0.086529 234 22 22
-0.180133 0.028817 0.696995 -0.878613 -0.469630 0.086529 234 22 22
-0.171473 0.012616 0.696995 -0.878613 -0.469630 0.086529 234 22 22
-0.158546 0.130943 0.709923 -0.633159 0.771506 0.062360 234 22 22
-0.145618 0.142597 0.696995 -0.633159 0.771506 0.062360 234 22 22
-0.159819 0.130943 0.696995 -0.633159 0.771506 0.062360 234 22 22
-0.158546 -0.001585 0.709923 -0.770782 -0.632560 0.075912 234 22 22
-0.171473 0.012616 0.696995 -0.770782 -0.632560 0.075912 234 22 22
-0.159819 -0.001585 0.696995 -0.770782 -0.632560 0.075912 234 22 22
-0.171473 0.116742 0.696995 -0.770780 0.632563 0.075914 234 22 22
-0.158546 0.130943 0.709923 -0.770780 0.632563 0.075914 234 22 22
-0.159819 0.130943 0.696995 -0.770780 0.632563 0.075914 234 22 22
-0.144618 -0.013239 0.707152 -0.633160 -0.771505 0.062361 234 22 22
-0.159819 -0.001585 0.696995 -0.633160 -0.771505 0.062361 234 22 22
-0.145618 -0.013239 0.696995 -0.633160 -0.771505 0.062361 234 22 22
-0.178470 0.100541 0.713886 -0.878613 0.469628 0.086536 234 22 22
-0.171473 0.116742 0.696995 -0.878613 0.469628 0.086536 234 22 22
-0.180133 0.100541 0.696995 -0.878613 0.469628 0.086536 234 22 22
-0.128728 -0.021899 0.703991 -0.470888 -0.880973 0.046375 234 22 22
-0.145618 -0.013239 0.696995 -0.470888 -0.880973 0.046375 234 22 22
-0.129417 -0.021899 0.696995 -0.470888 -0.880973 0.046375 234 22 22
-0.144618 -0.013239 0.707152 -0.608826 -0.771506 0.184686 234 22 22
-0.154775 -0.001585 0.722353 -0.608826 -0.771506 0.184686 234 22 22
-0.158546 -0.001585 0.709923 -0.608826 -0.771506 0.184686 234 22 22
-0.173543 0.100541 0.730127 -0.844849 0.469627 0.256282 234 22 22
-0.169976 0.116742 0.712196 -0.844849 0.469627 0.256282 234 22 22
-0.178470 0.100541 0.713886 -0.844849 0.469627 0.256282 234 22 22
-0.126687 -0.021899 0.710719 -0.452793 -0.880973 0.137354 234 22 22
-0.144618 -0.013239 0.707152 -0.452793 -0.880973 0.137354 234 22 22
-0.128728 -0.021899 0.703991 -0.452793 -0.880973 0.137354 234 22 22
-0.178470 0.082961 0.732168 -0.916106 0.289005 0.277897 234 22 22
-0.178470 0.100541 0.713886 -0.916106 0.289005 0.277897 234 22 22
-0.183700 0.082961 0.714926 -0.916106 0.289005 0.277897 234 22 22
-0.110446 -0.027232 0.703991 -0.279015 -0.956550 0.084639 234 22 22
-0.128728 -0.021899 0.703991 -0.279015 -0.956550 0.084639 234 22 22
-0.111486 -0.027232 0.700562 -0.279015 -0.956550 0.084639 234 22 22
-0.185466 0.064679 0.715277 -0.952377 0.097548 0.288900 234 22 22
-0.178470 0.082961 0.732168 -0.952377 0.097548 0.288900 234 22 22
-0.183700 0.082961 0.714926 -0.952377 0.097548 0.288900 234 22 22
-0.111486 0.156590 0.700562 -0.094247 0.995138 0.028589 234 22 22
-0.110446 0.156590 0.703991 -0.094247 0.995138 0.028589 234 22 22
-0.093555 0.158391 0.696995 -0.094247 0.995138 0.028589 234 22 22
-0.093555 -0.029032 0.696995 -0.094246 -0.995138 0.028590 234 22 22
-0.110446 -0.027232 0.703991 -0.094246 -0.995138 0.028590 234 22 22
-0.111486 -0.027232 0.700562 -0.094246 -0.995138 0.028590 234 22 22
-0.178470 0.046397 0.732168 -0.952377 -0.097548 0.288900 234 22 22
-0.185466 0.064679 0.715277 -0.952377 -0.097548 0.288900 234 22 22
-0.183700 0.046397 0.714926 -0.952377 -0.097548 0.288900 234 22 22
-0.126687 0.151257 0.710719 -0.279013 0.956550 0.084639 234 22 22
-0.111486 0.156590 0.700562 -0.279013 0.956550 0.084639 234 22 22
-0.128728 0.151257 0.703991 -0.279013 0.956550 0.084639 234 22 22
-0.178470 0.028817 0.713886 -0.916106 -0.289005 0.277897 234 22 22
-0.178470 0.046397 0.732168 -0.916106 -0.289005 0.277897 234 22 22
-0.183700 0.046397 0.714926 -0.916106 -0.289005 0.277897 234 22 22
-0.141655 0.142597 0.716919 -0.452794 0.880972 0.137354 234 22 22
-0.128728 0.151257 0.703991 -0.452794 0.880972 0.137354 234 22 22
-0.144618 0.142597 0.707152 -0.452794 0.880972 0.137354 234 22 22
-0.169976 0.012616 0.712196 -0.844849 -0.469627 0.256282 234 22 22
-0.173543 0.028817 0.730127 -0.844849 -0.469627 0.256282 234 22 22
-0.178470 0.028817 0.713886 -0.844849 -0.469627 0.256282 234 22 22
-0.158546 0.130943 0.709923 -0.608826 0.771506 0.184686 234 22 22
-0.141655 0.142597 0.716919 -0.608826 0.771506 0.184686 234 22 22
-0.144618 0.142597 0.707152 -0.608826 0.771506 0.184686 234 22 22
-0.158546 -0.001585 0.709923 -0.741159 -0.632562 0.224829 234 22 22
-0.165542 0.012616 0.726813 -0.741159 -0.632562 0.224829 234 22 22
-0.169976 0.012616 0.712196 -0.741159 -0.632562 0.224829 234 22 22
-0.165542 0.116742 0.726813 -0.741159 0.632562 0.224829 234 22 22
-0.158546 0.130943 0.709923 -0.741159 0.632562 0.224829 234 22 22
-0.169976 0.116742 0.712196 -0.741159 0.632562 0.224829 234 22 22
-0.173543 0.028817 0.730127 -0.844287 -0.289005 0.451281 234 22 22
-0.169976 0.046397 0.748058 -0.844287 -0.289005 0.451281 234 22 22
-0.178470 0.046397 0.732168 -0.844287 -0.289005 0.451281 234 22 22
-0.141655 0.142597 0.716919 -0.417297 0.880972 0.223050 234 22 22
-0.123373 0.151257 0.716919 -0.417297 0.880972 0.223050 234 22 22
-0.126687 0.151257 0.710719 -0.417297 0.880972 0.223050 234 22 22
-0.165542 0.012616 0.726813 -0.778618 -0.469628 0.416178 234 22 22
-0.165542 0.028817 0.745095 -0.778618 -0.469628 0.416178 234 22 22
-0.173543 0.028817 0.730127 -0.778618 -0.469628 0.416178 234 22 22
-0.148652 0.130943 0.733810 -0.561098 0.771506 0.299913 234 22 22
-0.141655 0.142597 0.716919 -0.561098 0.771506 0.299913 234 22 22
-0.154775 0.130943 0.722353 -0.561098 0.771506 0.299913 234 22 22
-0.148652 -0.001585 0.733810 -0.683057 -0.632562 0.365101 234 22 22
-0.165542 0.012616 0.726813 -0.683057 -0.632562 0.365101 234 22 22
-0.154775 -0.001585 0.722353 -0.683057 -0.632562 0.365101 234 22 22
-0.165542 0.116742 0.726813 -0.683057 0.632562 0.365101 234 22 22
-0.148652 0.130943 0.733810 -0.683057 0.632562 0.365101 234 22 22
-0.154775 0.130943 0.722353 -0.683057 0.632562 0.365101 234 22 22
-0.136844 -0.013239 0.725920 -0.561098 -0.771506 0.299912 234 22 22
-0.154775 -0.001585 0.722353 -0.561098 -0.771506 0.299912 234 22 22
-0.141655 -0.013239 0.716919 -0.561098 -0.771506 0.299912 234 22 22
-0.173543 0.100541 0.730127 -0.778617 0.469628 0.416179 234 22 22
-0.158342 0.116742 0.740284 -0.778617 0.469628 0.416179 234 22 22
-0.165542 0.116742 0.726813 -0.778617 0.469628 0.416179 234 22 22
-0.123373 -0.021899 0.716919 -0.417297 -0.880973 0.223048 234 22 22
-0.141655 -0.013239 0.716919 -0.417297 -0.880973 0.223048 234 22 22
-0.126687 -0.021899 0.710719 -0.417297 -0.880973 0.223048 234 22 22
-0.169976 0.082961 0.748058 -0.844287 0.289005 0.451281 234 22 22
-0.173543 0.100541 0.730127 -0.844287 0.289005 0.451281 234 22 22
-0.178470 0.082961 0.732168 -0.844287 0.289005 0.451281 234 22 22
-0.108756 -0.027232 0.707152 -0.257142 -0.956550 0.137444 234 22 22
-0.126687 -0.021899 0.710719 -0.257142 -0.956550 0.137444 234 22 22
-0.110446 -0.027232 0.703991 -0.257142 -0.956550 0.137444 234 22 22
-0.171473 0.064679 0.749058 -0.877716 0.097548 0.469148 234 22 22
-0.178470 0.082961 0.732168 -0.877716 0.097548 0.469148 234 22 22
-0.180133 0.064679 0.732857 -0.877716 0.097548 0.469148 234 22 22
-0.110446 0.156590 0.703991 -0.086858 0.995138 0.046427 234 22 22
-0.108756 0.156590 0.707152 -0.086858 0.995138 0.046427 234 22 22
-0.093555 0.158391 0.696995 -0.086858 0.995138 0.046427 234 22 22
-0.093555 -0.029032 0.696995 -0.086858 -0.995138 0.046426 234 22 22
-0.108756 -0.027232 0.707152 -0.086858 -0.995138 0.046426 234 22 22
-0.110446 -0.027232 0.703991 -0.086858 -0.995138 0.046426 234 22 22
-0.169976 0.046397 0.748058 -0.877715 -0.097548 0.469149 234 22 22
-0.180133 0.064679 0.732857 -0.877715 -0.097548 0.469149 234 22 22
-0.178470 0.046397 0.732168 -0.877715 -0.097548 0.469149 234 22 22
-0.123373 0.151257 0.716919 -0.257141 0.956550 0.137444 234 22 22
-0.110446 0.156590 0.703991 -0.257141 0.956550 0.137444 234 22 22
-0.126687 0.151257 0.710719 -0.257141 0.956550 0.137444 234 22 22
-0.123373 -0.021899 0.716919 -0.365763 -0.880973 0.300174 234 22 22
-0.130369 -0.013239 0.733810 -0.365763 -0.880973 0.300174 234 22 22
-0.136844 -0.013239 0.725920 -0.365763 -0.880973 0.300174 234 22 22
-0.158546 0.082961 0.761986 -0.740026 0.289003 0.607321 234 22 22
-0.165542 0.100541 0.745095 -0.740026 0.289003 0.607321 234 22 22
-0.169976 0.082961 0.748058 -0.740026 0.289003 0.607321 234 22 22
-0.108756 -0.027232 0.707152 -0.225387 -0.956550 0.184970 234 22 22
-0.118913 -0.021899 0.722353 -0.225387 -0.956550 0.184970 234 22 22
-0.123373 -0.021899 0.716919 -0.225387 -0.956550 0.184970 234 22 22
-0.171473 0.064679 0.749058 -0.769325 0.097550 0.631366 234 22 22
-0.158546 0.082961 0.761986 -0.769325 0.097550 0.631366 234 22 22
-0.169976 0.082961 0.748058 -0.769325 0.097550 0.631366 234 22 22
-0.108756 0.156590 0.707152 -0.076132 0.995138 0.062480 234 22 22
-0.106483 0.156590 0.709923 -0.076132 0.995138 0.062480 234 22 22
-0.093555 0.158391 0.696995 -0.076132 0.995138 0.062480 234 22 22
-0.093555 -0.029032 0.696995 -0.076131 -0.995138 0.062479 234 22 22
-0.106483 -0.027232 0.709923 -0.076131 -0.995138 0.062479 234 22 22
-0.108756 -0.027232 0.707152 -0.076131 -0.995138 0.062479 234 22 22
-0.158546 0.046397 0.761986 -0.769325 -0.097550 0.631366 234 22 22
-0.171473 0.064679 0.749058 -0.769325 -0.097550 0.631366 234 22 22
-0.169976 0.046397 0.748058 -0.769325 -0.097550 0.631366 234 22 22
-0.123373 0.151257 0.716919 -0.225386 0.956550 0.184969 234 22 22
-0.106483 0.156590 0.709923 -0.225386 0.956550 0.184969 234 22 22
-0.108756 0.156590 0.707152 -0.225386 0.956550 0.184969 234 22 22
-0.165542 0.028817 0.745095 -0.740026 -0.289003 0.607321 234 22 22
-0.158546 0.046397 0.761986 -0.740026 -0.289003 0.607321 234 22 22
-0.169976 0.046397 0.748058 -0.740026 -0.289003 0.607321 234 22 22
-0.130369 0.142597 0.733810 -0.365764 0.880972 0.300174 234 22 22
-0.123373 0.151257 0.716919 -0.365764 0.880972 0.300174 234 22 22
-0.136844 0.142597 0.725920 -0.365764 0.880972 0.300174 234 22 22
-0.158342 0.012616 0.740284 -0.682463 -0.469629 0.560083 234 22 22
-0.154775 0.028817 0.758215 -0.682463 -0.469629 0.560083 234 22 22
-0.165542 0.028817 0.745095 -0.682463 -0.469629 0.560083 234 22 22
-0.140411 0.130943 0.743851 -0.491806 0.771506 0.403615 234 22 22
-0.136844 0.142597 0.725920 -0.491806 0.771506 0.403615 234 22 22
-0.148652 0.130943 0.733810 -0.491806 0.771506 0.403615 234 22 22
-0.148652 -0.001585 0.733810 -0.598705 -0.632562 0.491343 234 22 22
-0.148652 0.012616 0.752092 -0.598705 -0.632562 0.491343 234 22 22
-0.158342 0.012616 0.740284 -0.598705 -0.632562 0.491343 234 22 22
-0.148652 0.116742 0.752092 -0.598705 0.632562 0.491343 234 22 22
-0.148652 0.130943 0.733810 -0.598705 0.632562 0.491343 234 22 22
-0.158342 0.116742 0.740284 -0.598705 0.632562 0.491343 234 22 22
-0.136844 -0.013239 0.725920 -0.491806 -0.771506 0.403616 234 22 22
-0.140411 -0.001585 0.743851 -0.491806 -0.771506 0.403616 234 22 22
-0.148652 -0.001585 0.733810 -0.491806 -0.771506 0.403616 234 22 22
-0.154775 0.100541 0.758215 -0.682463 0.469628 0.560083 234 22 22
-0.158342 0.116742 0.740284 -0.682463 0.469628 0.560083 234 22 22
-0.165542 0.100541 0.745095 -0.682463 0.469628 0.560083 234 22 22
-0.130369 0.142597 0.733810 -0.300176 0.880972 0.365762 234 22 22
-0.113479 0.151257 0.726813 -0.300176 0.880972 0.365762 234 22 22
-0.118913 0.151257 0.722353 -0.300176 0.880972 0.365762 234 22 22
-0.148652 0.012616 0.752092 -0.560083 -0.469627 0.682464 234 22 22
-0.141655 0.028817 0.768982 -0.560083 -0.469627 0.682464 234 22 22
-0.154775 0.028817 0.758215 -0.560083 -0.469627 0.682464 234 22 22
-0.130369 0.130943 0.752092 -0.403616 0.771506 0.491805 234 22 22
-0.130369 0.142597 0.733810 -0.403616 0.771506 0.491805 234 22 22
-0.140411 0.130943 0.743851 -0.403616 0.771506 0.491805 234 22 22
-0.130369 -0.001585 0.752092 -0.491345 -0.632563 0.598702 234 22 22
-0.148652 0.012616 0.752092 -0.491345 -0.632563 0.598702 234 22 22
-0.140411 -0.001585 0.743851 -0.491345 -0.632563 0.598702 234 22 22
-0.148652 0.116742 0.752092 -0.491344 0.632563 0.598702 234 22 22
-0.130369 0.130943 0.752092 -0.491344 0.632563 0.598702 234 22 22
-0.140411 0.130943 0.743851 -0.491344 0.632563 0.598702 234 22 22
-0.130369 -0.013239 0.733810 -0.403617 -0.771505 0.491806 234 22 22
-0.130369 -0.001585 0.752092 -0.403617 -0.771505 0.491806 234 22 22
-0.140411 -0.001585 0.743851 -0.403617 -0.771505 0.491806 234 22 22
-0.141655 0.100541 0.768982 -0.560083 0.469627 0.682464 234 22 22
-0.148652 0.116742 0.752092 -0.560083 0.469627 0.682464 234 22 22
-0.154775 0.100541 0.758215 -0.560083 0.469627 0.682464 234 22 22
-0.118913 -0.021899 0.722353 -0.300174 -0.880973 0.365764 234 22 22
-0.122480 -0.013239 0.740284 -0.300174 -0.880973 0.365764 234 22 22
-0.130369 -0.013239 0.733810 -0.300174 -0.880973 0.365764 234 22 22
-0.158546 0.082961 0.761986 -0.607322 0.289005 0.740024 234 22 22
-0.141655 0.100541 0.768982 -0.607322 0.289005 0.740024 234 22 22
-0.154775 0.100541 0.758215 -0.607322 0.289005 0.740024 234 22 22
-0.103712 -0.027232 0.712196 -0.184970 -0.956550 0.225387 234 22 22
-0.118913 -0.021899 0.722353 -0.184970 -0.956550 0.225387 234 22 22
-0.106483 -0.027232 0.709923 -0.184970 -0.956550 0.225387 234 22 22
-0.145618 0.064679 0.774913 -0.631369 0.097545 0.769323 234 22 22
-0.158546 0.082961 0.761986 -0.631369 0.097545 0.769323 234 22 22
-0.159819 0.064679 0.763259 -0.631369 0.097545 0.769323 234 22 22
-0.106483 0.156590 0.709923 -0.062480 0.995138 0.076132 234 22 22
-0.103712 0.156590 0.712196 -0.062480 0.995138 0.076132 234 22 22
-0.093555 0.158391 0.696995 -0.062480 0.995138 0.076132 234 22 22
-0.093555 -0.029032 0.696995 -0.062479 -0.995138 0.076131 234 22 22
-0.103712 -0.027232 0.712196 -0.062479 -0.995138 0.076131 234 22 22
-0.106483 -0.027232 0.709923 -0.062479 -0.995138 0.076131 234 22 22
-0.158546 0.046397 0.761986 -0.631369 -0.097545 0.769323 234 22 22
-0.145618 0.064679 0.774913 -0.631369 -0.097545 0.769323 234 22 22
-0.159819 0.064679 0.763259 -0.631369 -0.097545 0.769323 234 22 22
-0.118913 0.151257 0.722353 -0.184969 0.956550 0.225386 234 22 22
-0.103712 0.156590 0.712196 -0.184969 0.956550 0.225386 234 22 22
-0.106483 0.156590 0.709923 -0.184969 0.956550 0.225386 234 22 22
-0.141655 0.028817 0.768982 -0.607322 -0.289005 0.740024 234 22 22
-0.158546 0.046397 0.761986 -0.607322 -0.289005 0.740024 234 22 22
-0.154775 0.028817 0.758215 -0.607322 -0.289005 0.740024 234 22 22
-0.144618 0.082961 0.773416 -0.451281 0.289003 0.844288 234 22 22
-0.126687 0.100541 0.776983 -0.451281 0.289003 0.844288 234 22 22
-0.141655 0.100541 0.768982 -0.451281 0.289003 0.844288 234 22 22
-0.103712 -0.027232 0.712196 -0.137446 -0.956550 0.257141 234 22 22
-0.107279 -0.021899 0.730127 -0.137446 -0.956550 0.257141 234 22 22
-0.113479 -0.021899 0.726813 -0.137446 -0.956550 0.257141 234 22 22
-0.129417 0.064679 0.783573 -0.469149 0.097549 0.877715 234 22 22
-0.144618 0.082961 0.773416 -0.469149 0.097549 0.877715 234 22 22
-0.145618 0.064679 0.774913 -0.469149 0.097549 0.877715 234 22 22
-0.103712 0.156590 0.712196 -0.046427 0.995138 0.086858 234 22 22
-0.100551 0.156590 0.713886 -0.046427 0.995138 0.086858 234 22 22
-0.093555 0.158391 0.696995 -0.046427 0.995138 0.086858 234 22 22
-0.093555 -0.029032 0.696995 -0.046426 -0.995138 0.086858 234 22 22
-0.100551 -0.027232 0.713886 -0.046426 -0.995138 0.086858 234 22 22
-0.103712 -0.027232 0.712196 -0.046426 -0.995138 0.086858 234 22 22
-0.144618 0.046397 0.773416 -0.469149 -0.097549 0.877715 234 22 22
-0.129417 0.064679 0.783573 -0.469149 -0.097549 0.877715 234 22 22
-0.145618 0.064679 0.774913 -0.469149 -0.097549 0.877715 234 22 22
-0.107279 0.151257 0.730127 -0.137443 0.956550 0.257141 234 22 22
-0.103712 0.156590 0.712196 -0.137443 0.956550 0.257141 234 22 22
-0.113479 0.151257 0.726813 -0.137443 0.956550 0.257141 234 22 22
-0.126687 0.028817 0.776983 -0.451281 -0.289003 0.844288 234 22 22
-0.144618 0.046397 0.773416 -0.451281 -0.289003 0.844288 234 22 22
-0.141655 0.028817 0.768982 -0.451281 -0.289003 0.844288 234 22 22
-0.113479 0.142597 0.745095 -0.223048 0.880972 0.417298 234 22 22
-0.113479 0.151257 0.726813 -0.223048 0.880972 0.417298 234 22 22
-0.122480 0.142597 0.740284 -0.223048 0.880972 0.417298 234 22 22
-0.136844 0.012616 0.761782 -0.416179 -0.469628 0.778617 234 22 22
-0.126687 0.028817 0.776983 -0.416179 -0.469628 0.778617 234 22 22
-0.141655 0.028817 0.768982 -0.416179 -0.469628 0.778617 234 22 22
-0.118913 0.130943 0.758215 -0.299911 0.771506 0.561099 234 22 22
-0.122480 0.142597 0.740284 -0.299911 0.771506 0.561099 234 22 22
-0.130369 0.130943 0.752092 -0.299911 0.771506 0.561099 234 22 22
-0.130369 -0.001585 0.752092 -0.365101 -0.632561 0.683057 234 22 22
-0.123373 0.012616 0.768982 -0.365101 -0.632561 0.683057 234 22 22
-0.136844 0.012616 0.761782 -0.365101 -0.632561 0.683057 234 22 22
-0.123373 0.116742 0.768982 -0.365102 0.632561 0.683057 234 22 22
-0.130369 0.130943 0.752092 -0.365102 0.632561 0.683057 234 22 22
-0.136844 0.116742 0.761782 -0.365102 0.632561 0.683057 234 22 22
-0.122480 -0.013239 0.740284 -0.299911 -0.771506 0.561098 234 22 22
-0.118913 -0.001585 0.758215 -0.299911 -0.771506 0.561098 234 22 22
-0.130369 -0.001585 0.752092 -0.299911 -0.771506 0.561098 234 22 22
-0.126687 0.100541 0.776983 -0.416179 0.469629 0.778617 234 22 22
-0.136844 0.116742 0.761782 -0.416179 0.469629 0.778617 234 22 22
-0.141655 0.100541 0.768982 -0.416179 0.469629 0.778617 234 22 22
-0.113479 -0.021899 0.726813 -0.223049 -0.880973 0.417296 234 22 22
-0.113479 -0.013239 0.745095 -0.223049 -0.880973 0.417296 234 22 22
-0.122480 -0.013239 0.740284 -0.223049 -0.880973 0.417296 234 22 22
-0.123373 0.012616 0.768982 -0.256285 -0.469628 0.844848 234 22 22
-0.110446 0.028817 0.781910 -0.256285 -0.469628 0.844848 234 22 22
-0.126687 0.028817 0.776983 -0.256285 -0.469628 0.844848 234 22 22
-0.118913 0.130943 0.758215 -0.184686 0.771506 0.608826 234 22 22
-0.103712 0.142597 0.748058 -0.184686 0.771506 0.608826 234 22 22
-0.113479 0.142597 0.745095 -0.184686 0.771506 0.608826 234 22 22
-0.118913 -0.001585 0.758215 -0.224828 -0.632562 0.741159 234 22 22
-0.108756 0.012616 0.773416 -0.224828 -0.632562 0.741159 234 22 22
-0.123373 0.012616 0.768982 -0.224828 -0.632562 0.741159 234 22 22
-0.108756 0.116742 0.773416 -0.224828 0.632563 0.741159 234 22 22
-0.118913 0.130943 0.758215 -0.224828 0.632563 0.741159 234 22 22
-0.123373 0.116742 0.768982 -0.224828 0.632563 0.741159 234 22 22
-0.103712 -0.013239 0.748058 -0.184686 -0.771506 0.608827 234 22 22
-0.118913 -0.001585 0.758215 -0.184686 -0.771506 0.608827 234 22 22
-0.113479 -0.013239 0.745095 -0.184686 -0.771506 0.608827 234 22 22
-0.110446 0.100541 0.781910 -0.256285 0.469628 0.844847 234 22 22
-0.123373 0.116742 0.768982 -0.256285 0.469628 0.844847 234 22 22
-0.126687 0.100541 0.776983 -0.256285 0.469628 0.844847 234 22 22
-0.107279 -0.021899 0.730127 -0.137354 -0.880972 0.452793 234 22 22
-0.103712 -0.013239 0.748058 -0.137354 -0.880972 0.452793 234 22 22
-0.113479 -0.013239 0.745095 -0.137354 -0.880972 0.452793 234 22 22
-0.128728 0.082961 0.781910 -0.277901 0.289007 0.916104 234 22 22
-0.110446 0.100541 0.781910 -0.277901 0.289007 0.916104 234 22 22
-0.126687 0.100541 0.776983 -0.277901 0.289007 0.916104 234 22 22
-0.100551 -0.027232 0.713886 -0.084638 -0.956550 0.279014 234 22 22
-0.100551 -0.021899 0.732168 -0.084638 -0.956550 0.279014 234 22 22
-0.107279 -0.021899 0.730127 -0.084638 -0.956550 0.279014 234 22 22
-0.111837 0.064679 0.788906 -0.288903 0.097546 0.952376 234 22 22
-0.128728 0.082961 0.781910 -0.288903 0.097546 0.952376 234 22 22
-0.129417 0.064679 0.783573 -0.288903 0.097546 0.952376 234 22 22
-0.100551 0.156590 0.713886 -0.028589 0.995138 0.094247 234 22 22
-0.097122 0.156590 0.714926 -0.028589 0.995138 0.094247 234 22 22
-0.093555 0.158391 0.696995 -0.028589 0.995138 0.094247 234 22 22
-0.093555 -0.029032 0.696995 -0.028590 -0.995138 0.094246 234 22 22
-0.097122 -0.027232 0.714926 -0.028590 -0.995138 0.094246 234 22 22
-0.100551 -0.027232 0.713886 -0.028590 -0.995138 0.094246 234 22 22
-0.128728 0.046397 0.781910 -0.288903 -0.097546 0.952376 234 22 22
-0.111837 0.064679 0.788906 -0.288903 -0.097546 0.952376 234 22 22
-0.129417 0.064679 0.783573 -0.288903 -0.097546 0.952376 234 22 22
-0.107279 0.151257 0.730127 -0.084636 0.956550 0.279015 234 22 22
-0.097122 0.156590 0.714926 -0.084636 0.956550 0.279015 234 22 22
-0.100551 0.156590 0.713886 -0.084636 0.956550 0.279015 234 22 22
-0.110446 0.028817 0.781910 -0.277900 -0.289007 0.916104 234 22 22
-0.128728 0.046397 0.781910 -0.277900 -0.289007 0.916104 234 22 22
-0.126687 0.028817 0.776983 -0.277900 -0.289007 0.916104 234 22 22
-0.113479 0.142597 0.745095 -0.137353 0.880972 0.452794 234 22 22
-0.100551 0.151257 0.732168 -0.137353 0.880972 0.452794 234 22 22
-0.107279 0.151257 0.730127 -0.137353 0.880972 0.452794 234 22 22
-0.093555 -0.027232 0.715277 -0.028581 -0.956550 0.290166 234 22 22
-0.100551 -0.021899 0.732168 -0.028581 -0.956550 0.290166 234 22 22
-0.097122 -0.027232 0.714926 -0.028581 -0.956550 0.290166 234 22 22
-0.093555 0.064679 0.790707 -0.097544 0.097552 0.990439 234 22 22
-0.111486 0.082961 0.787140 -0.097544 0.097552 0.990439 234 22 22
-0.111837 0.064679 0.788906 -0.097544 0.097552 0.990439 234 22 22
-0.097122 0.156590 0.714926 -0.009654 0.995138 0.098013 234 22 22
-0.093555 0.156590 0.715277 -0.009654 0.995138 0.098013 234 22 22
-0.093555 0.158391 0.696995 -0.009654 0.995138 0.098013 234 22 22
-0.093555 -0.029032 0.696995 -0.009654 -0.995138 0.098012 234 22 22
-0.093555 -0.027232 0.715277 -0.009654 -0.995138 0.098012 234 22 22
-0.097122 -0.027232 0.714926 -0.009654 -0.995138 0.098012 234 22 22
-0.111486 0.046397 0.787140 -0.097544 -0.097552 0.990439 234 22 22
-0.093555 0.064679 0.790707 -0.097544 -0.097552 0.990439 234 22 22
-0.111837 0.064679 0.788906 -0.097544 -0.097552 0.990439 234 22 22
-0.093555 0.151257 0.732857 -0.028579 0.956550 0.290165 234 22 22
-0.097122 0.156590 0.714926 -0.028579 0.956550 0.290165 234 22 22
-0.100551 0.151257 0.732168 -0.028579 0.956550 0.290165 234 22 22
-0.093555 0.028817 0.783573 -0.093831 -0.289000 0.952720 234 22 22
-0.111486 0.046397 0.787140 -0.093831 -0.289000 0.952720 234 22 22
-0.110446 0.028817 0.781910 -0.093831 -0.289000 0.952720 234 22 22
-0.093555 0.142597 0.749058 -0.046377 0.880972 0.470890 234 22 22
-0.100551 0.151257 0.732168 -0.046377 0.880972 0.470890 234 22 22
-0.103712 0.142597 0.748058 -0.046377 0.880972 0.470890 234 22 22
-0.108756 0.012616 0.773416 -0.086532 -0.469631 0.878612 234 22 22
-0.093555 0.028817 0.783573 -0.086532 -0.469631 0.878612 234 22 22
-0.110446 0.028817 0.781910 -0.086532 -0.469631 0.878612 234 22 22
-0.093555 0.130943 0.763259 -0.062356 0.771506 0.633159 234 22 22
-0.103712 0.142597 0.748058 -0.062356 0.771506 0.633159 234 22 22
-0.106483 0.130943 0.761986 -0.062356 0.771506 0.633159 234 22 22
-0.106483 -0.001585 0.761986 -0.075914 -0.632561 0.770781 234 22 22
-0.093555 0.012616 0.774913 -0.075914 -0.632561 0.770781 234 22 22
-0.108756 0.012616 0.773416 -0.075914 -0.632561 0.770781 234 22 22
-0.093555 0.116742 0.774913 -0.075914 0.632562 0.770781 234 22 22
-0.106483 0.130943 0.761986 -0.075914 0.632562 0.770781 234 22 22
-0.108756 0.116742 0.773416 -0.075914 0.632562 0.770781 234 22 22
-0.103712 -0.013239 0.748058 -0.062356 -0.771506 0.633159 234 22 22
-0.093555 -0.001585 0.763259 -0.062356 -0.771506 0.633159 234 22 22
-0.106483 -0.001585 0.761986 -0.062356 -0.771506 0.633159 234 22 22
-0.093555 0.100541 0.783573 -0.086532 0.469631 0.878612 234 22 22
-0.108756 0.116742 0.773416 -0.086532 0.469631 0.878612 234 22 22
-0.110446 0.100541 0.781910 -0.086532 0.469631 0.878612 234 22 22
-0.100551 -0.021899 0.732168 -0.046377 -0.880972 0.470890 234 22 22
-0.093555 -0.013239 0.749058 -0.046377 -0.880972 0.470890 234 22 22
-0.103712 -0.013239 0.748058 -0.046377 -0.880972 0.470890 234 22 22
-0.111486 0.082961 0.787140 -0.093831 0.289000 0.952720 234 22 22
-0.093555 0.100541 0.783573 -0.093831 0.289000 0.952720 234 22 22
-0.110446 0.100541 0.781910 -0.093831 0.289000 0.952720 234 22 22
-0.093555 0.130943 0.763259 0.062358 0.771505 0.633159 234 22 22
-0.083398 0.142597 0.748058 0.062358 0.771505 0.633159 234 22 22
-0.093555 0.142597 0.749058 0.062358 0.771505 0.633159 234 22 22
-0.080628 -0.001585 0.761986 0.075910 -0.632564 0.770779 234 22 22
-0.093555 0.012616 0.774913 0.075910 -0.632564 0.770779 234 22 22
-0.093555 -0.001585 0.763259 0.075910 -0.632564 0.770779 234 22 22
-0.078354 0.116742 0.773416 0.075914 0.632564 0.770779 234 22 22
-0.093555 0.130943 0.763259 0.075914 0.632564 0.770779 234 22 22
-0.093555 0.116742 0.774913 0.075914 0.632564 0.770779 234 22 22
-0.083398 -0.013239 0.748058 0.062358 -0.771505 0.633160 234 22 22
-0.093555 -0.001585 0.763259 0.062358 -0.771505 0.633160 234 22 22
-0.093555 -0.013239 0.749058 0.062358 -0.771505 0.633160 234 22 22
-0.093555 0.100541 0.783573 0.086534 0.469630 0.878613 234 22 22
-0.078354 0.116742 0.773416 0.086534 0.469630 0.878613 234 22 22
-0.093555 0.116742 0.774913 0.086534 0.469630 0.878613 234 22 22
-0.086559 -0.021899 0.732168 0.046380 -0.880972 0.470890 234 22 22
-0.093555 -0.013239 0.749058 0.046380 -0.880972 0.470890 234 22 22
-0.093555 -0.021899 0.732857 0.046380 -0.880972 0.470890 234 22 22
-0.093555 0.082961 0.788906 0.093831 0.289006 0.952718 234 22 22
-0.076664 0.100541 0.781910 0.093831 0.289006 0.952718 234 22 22
-0.093555 0.100541 0.783573 0.093831 0.289006 0.952718 234 22 22
-0.093555 -0.027232 0.715277 0.028579 -0.956550 0.290166 234 22 22
-0.086559 -0.021899 0.732168 0.028579 -0.956550 0.290166 234 22 22
-0.093555 -0.021899 0.732857 0.028579 -0.956550 0.290166 234 22 22
-0.093555 0.064679 0.790707 0.097552 0.097544 0.990439 234 22 22
-0.075624 0.082961 0.787140 0.097552 0.097544 0.990439 234 22 22
-0.093555 0.082961 0.788906 0.097552 0.097544 0.990439 234 22 22
-0.093555 0.156590 0.715277 0.009654 0.995138 0.098013 234 22 22
-0.089988 0.156590 0.714926 0.009654 0.995138 0.098013 234 22 22
-0.093555 0.158391 0.696995 0.009654 0.995138 0.098013 234 22 22
-0.093555 -0.029032 0.696995 0.009654 -0.995138 0.098012 234 22 22
-0.089988 -0.027232 0.714926 0.009654 -0.995138 0.098012 234 22 22
-0.093555 -0.027232 0.715277 0.009654 -0.995138 0.098012 234 22 22
-0.075624 0.046397 0.787140 0.097552 -0.097544 0.990439 234 22 22
-0.093555 0.064679 0.790707 0.097552 -0.097544 0.990439 234 22 22
-0.093555 0.046397 0.788906 0.097552 -0.097544 0.990439 234 22 22
-0.093555 0.151257 0.732857 0.028580 0.956550 0.290165 234 22 22
-0.089988 0.156590 0.714926 0.028580 0.956550 0.290165 234 22 22
-0.093555 0.156590 0.715277 0.028580 0.956550 0.290165 234 22 22
-0.076664 0.028817 0.781910 0.093831 -0.289006 0.952718 234 22 22
-0.093555 0.046397 0.788906 0.093831 -0.289006 0.952718 234 22 22
-0.093555 0.028817 0.783573 0.093831 -0.289006 0.952718 234 22 22
-0.093555 0.142597 0.749058 0.046379 0.880971 0.470891 234 22 22
-0.086559 0.151257 0.732168 0.046379 0.880971 0.470891 234 22 22
-0.093555 0.151257 0.732857 0.046379 0.880971 0.470891 234 22 22
-0.093555 0.012616 0.774913 0.086532 -0.469629 0.878613 234 22 22
-0.076664 0.028817 0.781910 0.086532 -0.469629 0.878613 234 22 22
-0.093555 0.028817 0.783573 0.086532 -0.469629 0.878613 234 22 22
-0.075273 0.064679 0.788906 0.288897 0.097552 0.952377 234 22 22
-0.058382 0.082961 0.781910 0.288897 0.097552 0.952377 234 22 22
-0.075624 0.082961 0.787140 0.288897 0.097552 0.952377 234 22 22
-0.089988 0.156590 0.714926 0.028589 0.995138 0.094247 234 22 22
-0.086559 0.156590 0.713886 0.028589 0.995138 0.094247 234 22 22
-0.093555 0.158391 0.696995 0.028589 0.995138 0.094247 234 22 22
-0.093555 -0.029032 0.696995 0.028590 -0.995138 0.094246 234 22 22
-0.086559 -0.027232 0.713886 0.028590 -0.995138 0.094246 234 22 22
-0.089988 -0.027232 0.714926 0.028590 -0.995138 0.094246 234 22 22
-0.075624 0.046397 0.787140 0.288902 -0.097552 0.952376 234 22 22
-0.057693 0.064679 0.783573 0.288902 -0.097552 0.952376 234 22 22
-0.075273 0.064679 0.788906 0.288902 -0.097552 0.952376 234 22 22
-0.079831 0.151257 0.730127 0.084638 0.956550 0.279014 234 22 22
-0.089988 0.156590 0.714926 0.084638 0.956550 0.279014 234 22 22
-0.086559 0.151257 0.732168 0.084638 0.956550 0.279014 234 22 22
-0.060423 0.028817 0.776983 0.277901 -0.289001 0.916106 234 22 22
-0.075624 0.046397 0.787140 0.277901 -0.289001 0.916106 234 22 22
-0.076664 0.028817 0.781910 0.277901 -0.289001 0.916106 234 22 22
-0.073631 0.142597 0.745095 0.137354 0.880972 0.452794 234 22 22
-0.086559 0.151257 0.732168 0.137354 0.880972 0.452794 234 22 22
-0.083398 0.142597 0.748058 0.137354 0.880972 0.452794 234 22 22
-0.078354 0.012616 0.773416 0.256285 -0.469631 0.844846 234 22 22
-0.060423 0.028817 0.776983 0.256285 -0.469631 0.844846 234 22 22
-0.076664 0.028817 0.781910 0.256285 -0.469631 0.844846 234 22 22
-0.080628 0.130943 0.761986 0.184685 0.771506 0.608826 234 22 22
-0.073631 0.142597 0.745095 0.184685 0.771506 0.608826 234 22 22
-0.083398 0.142597 0.748058 0.184685 0.771506 0.608826 234 22 22
-0.080628 -0.001585 0.761986 0.224828 -0.632561 0.741160 234 22 22
-0.063737 0.012616 0.768982 0.224828 -0.632561 0.741160 234 22 22
-0.078354 0.012616 0.773416 0.224828 -0.632561 0.741160 234 22 22
-0.063737 0.116742 0.768982 0.224828 0.632562 0.741160 234 22 22
-0.080628 0.130943 0.761986 0.224828 0.632562 0.741160 234 22 22
-0.078354 0.116742 0.773416 0.224828 0.632562 0.741160 234 22 22
-0.083398 -0.013239 0.748058 0.184686 -0.771506 0.608826 234 22 22
-0.068197 -0.001585 0.758215 0.184686 -0.771506 0.608826 234 22 22
-0.080628 -0.001585 0.761986 0.184686 -0.771506 0.608826 234 22 22
-0.060423 0.100541 0.776983 0.256285 0.469631 0.844846 234 22 22
-0.078354 0.116742 0.773416 0.256285 0.469631 0.844846 234 22 22
-0.076664 0.100541 0.781910 0.256285 0.469631 0.844846 234 22 22
-0.079831 -0.021899 0.730127 0.137353 -0.880972 0.452793 234 22 22
-0.083398 -0.013239 0.748058 0.137353 -0.880972 0.452793 234 22 22
-0.086559 -0.021899 0.732168 0.137353 -0.880972 0.452793 234 22 22
-0.075624 0.082961 0.787140 0.277901 0.289001 0.916106 234 22 22
-0.060423 0.100541 0.776983 0.277901 0.289001 0.916106 234 22 22
-0.076664 0.100541 0.781910 0.277901 0.289001 0.916106 234 22 22
-0.089988 -0.027232 0.714926 0.084638 -0.956550 0.279015 234 22 22
-0.079831 -0.021899 0.730127 0.084638 -0.956550 0.279015 234 22 22
-0.086559 -0.021899 0.732168 0.084638 -0.956550 0.279015 234 22 22
-0.056741 -0.001585 0.752092 0.365100 -0.632562 0.683057 234 22 22
-0.063737 0.012616 0.768982 0.365100 -0.632562 0.683057 234 22 22
-0.068197 -0.001585 0.758215 0.365100 -0.632562 0.683057 234 22 22
-0.050266 0.116742 0.761782 0.365101 0.632562 0.683056 234 22 22
-0.068197 0.130943 0.758215 0.365101 0.632562 0.683056 234 22 22
-0.063737 0.116742 0.768982 0.365101 0.632562 0.683056 234 22 22
-0.064630 -0.013239 0.740284 0.299910 -0.771506 0.561100 234 22 22
-0.068197 -0.001585 0.758215 0.299910 -0.771506 0.561100 234 22 22
-0.073631 -0.013239 0.745095 0.299910 -0.771506 0.561100 234 22 22
-0.045455 0.100541 0.768982 0.416179 0.469628 0.778617 234 22 22
-0.063737 0.116742 0.768982 0.416179 0.469628 0.778617 234 22 22
-0.060423 0.100541 0.776983 0.416179 0.469628 0.778617 234 22 22
-0.073631 -0.021899 0.726813 0.223052 -0.880972 0.417296 234 22 22
-0.073631 -0.013239 0.745095 0.223052 -0.880972 0.417296 234 22 22
-0.079831 -0.021899 0.730127 0.223052 -0.880972 0.417296 234 22 22
-0.042492 0.082961 0.773416 0.451284 0.289007 0.844286 234 22 22
-0.060423 0.100541 0.776983 0.451284 0.289007 0.844286 234 22 22
-0.058382 0.082961 0.781910 0.451284 0.289007 0.844286 234 22 22
-0.083398 -0.027232 0.712196 0.137444 -0.956550 0.257142 234 22 22
-0.079831 -0.021899 0.730127 0.137444 -0.956550 0.257142 234 22 22
-0.086559 -0.027232 0.713886 0.137444 -0.956550 0.257142 234 22 22
-0.057693 0.064679 0.783573 0.469151 0.097546 0.877714 234 22 22
-0.042492 0.082961 0.773416 0.469151 0.097546 0.877714 234 22 22
-0.058382 0.082961 0.781910 0.469151 0.097546 0.877714 234 22 22
-0.086559 0.156590 0.713886 0.046427 0.995138 0.086858 234 22 22
-0.083398 0.156590 0.712196 0.046427 0.995138 0.086858 234 22 22
-0.093555 0.158391 0.696995 0.046427 0.995138 0.086858 234 22 22
-0.093555 -0.029032 0.696995 0.046426 -0.995138 0.086858 234 22 22
-0.083398 -0.027232 0.712196 0.046426 -0.995138 0.086858 234 22 22
-0.086559 -0.027232 0.713886 0.046426 -0.995138 0.086858 234 22 22
-0.042492 0.046397 0.773416 0.469151 -0.097547 0.877714 234 22 22
-0.057693 0.064679 0.783573 0.469151 -0.097547 0.877714 234 22 22
-0.058382 0.046397 0.781910 0.469151 -0.097547 0.877714 234 22 22
-0.073631 0.151257 0.726813 0.137444 0.956550 0.257141 234 22 22
-0.086559 0.156590 0.713886 0.137444 0.956550 0.257141 234 22 22
-0.079831 0.151257 0.730127 0.137444 0.956550 0.257141 234 22 22
-0.060423 0.028817 0.776983 0.451284 -0.289007 0.844286 234 22 22
-0.042492 0.046397 0.773416 0.451284 -0.289007 0.844286 234 22 22
-0.058382 0.046397 0.781910 0.451284 -0.289007 0.844286 234 22 22
-0.073631 0.142597 0.745095 0.223049 0.880972 0.417298 234 22 22
-0.073631 0.151257 0.726813 0.223049 0.880972 0.417298 234 22 22
-0.079831 0.151257 0.730127 0.223049 0.880972 0.417298 234 22 22
-0.063737 0.012616 0.768982 0.416179 -0.469628 0.778617 234 22 22
-0.045455 0.028817 0.768982 0.416179 -0.469628 0.778617 234 22 22
-0.060423 0.028817 0.776983 0.416179 -0.469628 0.778617 234 22 22
-0.068197 0.130943 0.758215 0.299910 0.771506 0.561099 234 22 22
-0.064630 0.142597 0.740284 0.299910 0.771506 0.561099 234 22 22
-0.073631 0.142597 0.745095 0.299910 0.771506 0.561099 234 22 22
-0.093555 -0.029032 0.696995 0.062479 -0.995138 0.076131 234 22 22
-0.080628 -0.027232 0.709923 0.062479 -0.995138 0.076131 234 22 22
-0.083398 -0.027232 0.712196 0.062479 -0.995138 0.076131 234 22 22
-0.042492 0.046397 0.773416 0.631364 -0.097549 0.769326 234 22 22
-0.027291 0.064679 0.763259 0.631364 -0.097549 0.769326 234 22 22
-0.041492 0.064679 0.774913 0.631364 -0.097549 0.769326 234 22 22
-0.068197 0.151257 0.722353 0.184970 0.956550 0.225385 234 22 22
-0.083398 0.156590 0.712196 0.184970 0.956550 0.225385 234 22 22
-0.073631 0.151257 0.726813 0.184970 0.956550 0.225385 234 22 22
-0.032335 0.028817 0.758215 0.607322 -0.289004 0.740025 234 22 22
-0.042492 0.046397 0.773416 0.607322 -0.289004 0.740025 234 22 22
-0.045455 0.028817 0.768982 0.607322 -0.289004 0.740025 234 22 22
-0.056741 0.142597 0.733810 0.300176 0.880972 0.365763 234 22 22
-0.073631 0.151257 0.726813 0.300176 0.880972 0.365763 234 22 22
-0.064630 0.142597 0.740284 0.300176 0.880972 0.365763 234 22 22
-0.050266 0.012616 0.761782 0.560083 -0.469628 0.682464 234 22 22
-0.032335 0.028817 0.758215 0.560083 -0.469628 0.682464 234 22 22
-0.045455 0.028817 0.768982 0.560083 -0.469628 0.682464 234 22 22
-0.056741 0.130943 0.752092 0.403617 0.771505 0.491805 234 22 22
-0.056741 0.142597 0.733810 0.403617 0.771505 0.491805 234 22 22
-0.064630 0.142597 0.740284 0.403617 0.771505 0.491805 234 22 22
-0.056741 -0.001585 0.752092 0.491343 -0.632562 0.598705 234 22 22
-0.038458 0.012616 0.752092 0.491343 -0.632562 0.598705 234 22 22
-0.050266 0.012616 0.761782 0.491343 -0.632562 0.598705 234 22 22
-0.038458 0.116742 0.752092 0.491343 0.632562 0.598705 234 22 22
-0.056741 0.130943 0.752092 0.491343 0.632562 0.598705 234 22 22
-0.050266 0.116742 0.761782 0.491343 0.632562 0.598705 234 22 22
-0.056741 -0.013239 0.733810 0.403617 -0.771505 0.491806 234 22 22
-0.056741 -0.001585 0.752092 0.403617 -0.771505 0.491806 234 22 22
-0.064630 -0.013239 0.740284 0.403617 -0.771505 0.491806 234 22 22
-0.032335 0.100541 0.758215 0.560083 0.469628 0.682463 234 22 22
-0.050266 0.116742 0.761782 0.560083 0.469628 0.682463 234 22 22
-0.045455 0.100541 0.768982 0.560083 0.469628 0.682463 234 22 22
-0.073631 -0.021899 0.726813 0.300175 -0.880973 0.365762 234 22 22
-0.056741 -0.013239 0.733810 0.300175 -0.880973 0.365762 234 22 22
-0.064630 -0.013239 0.740284 0.300175 -0.880973 0.365762 234 22 22
-0.042492 0.082961 0.773416 0.607322 0.289004 0.740025 234 22 22
-0.032335 0.100541 0.758215 0.607322 0.289004 0.740025 234 22 22
-0.045455 0.100541 0.768982 0.607322 0.289004 0.740025 234 22 22
-0.083398 -0.027232 0.712196 0.184969 -0.956550 0.225387 234 22 22
-0.068197 -0.021899 0.722353 0.184969 -0.956550 0.225387 234 22 22
-0.073631 -0.021899 0.726813 0.184969 -0.956550 0.225387 234 22 22
-0.027291 0.064679 0.763259 0.631365 0.097549 0.769326 234 22 22
-0.042492 0.082961 0.773416 0.631365 0.097549 0.769326 234 22 22
-0.041492 0.064679 0.774913 0.631365 0.097549 0.769326 234 22 22
-0.083398 0.156590 0.712196 0.062480 0.995138 0.076132 234 22 22
-0.080628 0.156590 0.709923 0.062480 0.995138 0.076132 234 22 22
-0.093555 0.158391 0.696995 0.062480 0.995138 0.076132 234 22 22
-0.050266 -0.013239 0.725920 0.491807 -0.771505 0.403615 234 22 22
-0.046699 -0.001585 0.743851 0.491807 -0.771505 0.403615 234 22 22
-0.056741 -0.013239 0.733810 0.491807 -0.771505 0.403615 234 22 22
-0.032335 0.100541 0.758215 0.682463 0.469627 0.560084 234 22 22
-0.028768 0.116742 0.740284 0.682463 0.469627 0.560084 234 22 22
-0.038458 0.116742 0.752092 0.682463 0.469627 0.560084 234 22 22
-0.063737 -0.021899 0.716919 0.365764 -0.880973 0.300174 234 22 22
-0.056741 -0.013239 0.733810 0.365764 -0.880973 0.300174 234 22 22
-0.068197 -0.021899 0.722353 0.365764 -0.880973 0.300174 234 22 22
-0.028564 0.082961 0.761986 0.740024 0.289004 0.607323 234 22 22
-0.021568 0.100541 0.745095 0.740024 0.289004 0.607323 234 22 22
-0.032335 0.100541 0.758215 0.740024 0.289004 0.607323 234 22 22
-0.078354 -0.027232 0.707152 0.225387 -0.956549 0.184970 234 22 22
-0.068197 -0.021899 0.722353 0.225387 -0.956549 0.184970 234 22 22
-0.080628 -0.027232 0.709923 0.225387 -0.956549 0.184970 234 22 22
-0.027291 0.064679 0.763259 0.769324 0.097551 0.631367 234 22 22
-0.017134 0.082961 0.748058 0.769324 0.097551 0.631367 234 22 22
-0.028564 0.082961 0.761986 0.769324 0.097551 0.631367 234 22 22
-0.080628 0.156590 0.709923 0.076132 0.995138 0.062480 234 22 22
-0.078354 0.156590 0.707152 0.076132 0.995138 0.062480 234 22 22
-0.093555 0.158391 0.696995 0.076132 0.995138 0.062480 234 22 22
-0.093555 -0.029032 0.696995 0.076131 -0.995138 0.062479 234 22 22
-0.078354 -0.027232 0.707152 0.076131 -0.995138 0.062479 234 22 22
-0.080628 -0.027232 0.709923 0.076131 -0.995138 0.062479 234 22 22
-0.017134 0.046397 0.748058 0.769324 -0.097551 0.631367 234 22 22
-0.027291 0.064679 0.763259 0.769324 -0.097551 0.631367 234 22 22
-0.028564 0.046397 0.761986 0.769324 -0.097551 0.631367 234 22 22
-0.068197 0.151257 0.722353 0.225385 0.956550 0.184970 234 22 22
-0.078354 0.156590 0.707152 0.225385 0.956550 0.184970 234 22 22
-0.080628 0.156590 0.709923 0.225385 0.956550 0.184970 234 22 22
-0.021568 0.028817 0.745095 0.740024 -0.289005 0.607323 234 22 22
-0.028564 0.046397 0.761986 0.740024 -0.289005 0.607323 234 22 22
-0.032335 0.028817 0.758215 0.740024 -0.289005 0.607323 234 22 22
-0.056741 0.142597 0.733810 0.365764 0.880972 0.300174 234 22 22
-0.063737 0.151257 0.716919 0.365764 0.880972 0.300174 234 22 22
-0.068197 0.151257 0.722353 0.365764 0.880972 0.300174 234 22 22
-0.028768 0.012616 0.740284 0.682463 -0.469627 0.560084 234 22 22
-0.032335 0.028817 0.758215 0.682463 -0.469627 0.560084 234 22 22
-0.038458 0.012616 0.752092 0.682463 -0.469627 0.560084 234 22 22
-0.046699 0.130943 0.743851 0.491807 0.771506 0.403615 234 22 22
-0.050266 0.142597 0.725920 0.491807 0.771506 0.403615 234 22 22
-0.056741 0.142597 0.733810 0.491807 0.771506 0.403615 234 22 22
-0.038458 -0.001585 0.733810 0.598703 -0.632563 0.491344 234 22 22
-0.038458 0.012616 0.752092 0.598703 -0.632563 0.491344 234 22 22
-0.046699 -0.001585 0.743851 0.598703 -0.632563 0.491344 234 22 22
-0.028768 0.116742 0.740284 0.598703 0.632563 0.491344 234 22 22
-0.046699 0.130943 0.743851 0.598703 0.632563 0.491344 234 22 22
-0.038458 0.116742 0.752092 0.598703 0.632563 0.491344 234 22 22
-0.060423 0.151257 0.710719 0.257140 0.956550 0.137446 234 22 22
-0.078354 0.156590 0.707152 0.257140 0.956550 0.137446 234 22 22
-0.063737 0.151257 0.716919 0.257140 0.956550 0.137446 234 22 22
-0.021568 0.028817 0.745095 0.844288 -0.289004 0.451281 234 22 22
-0.008640 0.046397 0.732168 0.844288 -0.289004 0.451281 234 22 22
-0.017134 0.046397 0.748058 0.844288 -0.289004 0.451281 234 22 22
-0.050266 0.142597 0.725920 0.417296 0.880972 0.223052 234 22 22
-0.060423 0.151257 0.710719 0.417296 0.880972 0.223052 234 22 22
-0.063737 0.151257 0.716919 0.417296 0.880972 0.223052 234 22 22
-0.021568 0.012616 0.726813 0.778618 -0.469627 0.416179 234 22 22
-0.021568 0.028817 0.745095 0.778618 -0.469627 0.416179 234 22 22
-0.028768 0.012616 0.740284 0.778618 -0.469627 0.416179 234 22 22
-0.032335 0.130943 0.722353 0.561098 0.771506 0.299913 234 22 22
-0.050266 0.142597 0.725920 0.561098 0.771506 0.299913 234 22 22
-0.038458 0.130943 0.733810 0.561098 0.771506 0.299913 234 22 22
-0.038458 -0.001585 0.733810 0.683056 -0.632563 0.365101 234 22 22
-0.021568 0.012616 0.726813 0.683056 -0.632563 0.365101 234 22 22
-0.028768 0.012616 0.740284 0.683056 -0.632563 0.365101 234 22 22
-0.021568 0.116742 0.726813 0.683056 0.632563 0.365100 234 22 22
-0.038458 0.130943 0.733810 0.683056 0.632563 0.365100 234 22 22
-0.028768 0.116742 0.740284 0.683056 0.632563 0.365100 234 22 22
-0.045455 -0.013239 0.716919 0.561098 -0.771506 0.299913 234 22 22
-0.038458 -0.001585 0.733810 0.561098 -0.771506 0.299913 234 22 22
-0.050266 -0.013239 0.725920 0.561098 -0.771506 0.299913 234 22 22
-0.021568 0.100541 0.745095 0.778618 0.469627 0.416179 234 22 22
-0.021568 0.116742 0.726813 0.778618 0.469627 0.416179 234 22 22
-0.028768 0.116742 0.740284 0.778618 0.469627 0.416179 234 22 22
-0.063737 -0.021899 0.716919 0.417297 -0.880972 0.223050 234 22 22
-0.045455 -0.013239 0.716919 0.417297 -0.880972 0.223050 234 22 22
-0.050266 -0.013239 0.725920 0.417297 -0.880972 0.223050 234 22 22
-0.008640 0.082961 0.732168 0.844288 0.289003 0.451281 234 22 22
-0.021568 0.100541 0.745095 0.844288 0.289003 0.451281 234 22 22
-0.017134 0.082961 0.748058 0.844288 0.289003 0.451281 234 22 22
-0.078354 -0.027232 0.707152 0.257142 -0.956550 0.137445 234 22 22
-0.060423 -0.021899 0.710719 0.257142 -0.956550 0.137445 234 22 22
-0.063737 -0.021899 0.716919 0.257142 -0.956550 0.137445 234 22 22
-0.015637 0.064679 0.749058 0.877715 0.097550 0.469148 234 22 22
-0.008640 0.082961 0.732168 0.877715 0.097550 0.469148 234 22 22
-0.017134 0.082961 0.748058 0.877715 0.097550 0.469148 234 22 22
-0.078354 0.156590 0.707152 0.086858 0.995138 0.046426 234 22 22
-0.076664 0.156590 0.703991 0.086858 0.995138 0.046426 234 22 22
-0.093555 0.158391 0.696995 0.086858 0.995138 0.046426 234 22 22
-0.093555 -0.029032 0.696995 0.086858 -0.995138 0.046426 234 22 22
-0.076664 -0.027232 0.703991 0.086858 -0.995138 0.046426 234 22 22
-0.078354 -0.027232 0.707152 0.086858 -0.995138 0.046426 234 22 22
-0.008640 0.046397 0.732168 0.877715 -0.097550 0.469149 234 22 22
-0.015637 0.064679 0.749058 0.877715 -0.097550 0.469149 234 22 22
-0.017134 0.046397 0.748058 0.877715 -0.097550 0.469149 234 22 22
-0.008640 0.100541 0.713886 0.844849 0.469628 0.256282 234 22 22
-0.021568 0.116742 0.726813 0.844849 0.469628 0.256282 234 22 22
-0.013567 0.100541 0.730127 0.844849 0.469628 0.256282 234 22 22
-0.060423 -0.021899 0.710719 0.452793 -0.880973 0.137354 234 22 22
-0.042492 -0.013239 0.707152 0.452793 -0.880973 0.137354 234 22 22
-0.045455 -0.013239 0.716919 0.452793 -0.880973 0.137354 234 22 22
-0.008640 0.082961 0.732168 0.916106 0.289004 0.277898 234 22 22
-0.008640 0.100541 0.713886 0.916106 0.289004 0.277898 234 22 22
-0.013567 0.100541 0.730127 0.916106 0.289004 0.277898 234 22 22
-0.075624 -0.027232 0.700562 0.279015 -0.956550 0.084639 234 22 22
-0.060423 -0.021899 0.710719 0.279015 -0.956550 0.084639 234 22 22
-0.076664 -0.027232 0.703991 0.279015 -0.956550 0.084639 234 22 22
-0.001644 0.064679 0.715277 0.952376 0.097551 0.288900 234 22 22
-0.008640 0.082961 0.732168 0.952376 0.097551 0.288900 234 22 22
-0.006977 0.064679 0.732857 0.952376 0.097551 0.288900 234 22 22
-0.076664 0.156590 0.703991 0.094247 0.995138 0.028590 234 22 22
-0.075624 0.156590 0.700562 0.094247 0.995138 0.028590 234 22 22
-0.093555 0.158391 0.696995 0.094247 0.995138 0.028590 234 22 22
-0.093555 -0.029032 0.696995 0.094246 -0.995138 0.028590 234 22 22
-0.075624 -0.027232 0.700562 0.094246 -0.995138 0.028590 234 22 22
-0.076664 -0.027232 0.703991 0.094246 -0.995138 0.028590 234 22 22
-0.003410 0.046397 0.714926 0.952376 -0.097551 0.288900 234 22 22
-0.006977 0.064679 0.732857 0.952376 -0.097551 0.288900 234 22 22
-0.008640 0.046397 0.732168 0.952376 -0.097551 0.288900 234 22 22
-0.058382 0.151257 0.703991 0.279014 0.956550 0.084637 234 22 22
-0.076664 0.156590 0.703991 0.279014 0.956550 0.084637 234 22 22
-0.060423 0.151257 0.710719 0.279014 0.956550 0.084637 234 22 22
-0.008640 0.028817 0.713886 0.916106 -0.289004 0.277898 234 22 22
-0.008640 0.046397 0.732168 0.916106 -0.289004 0.277898 234 22 22
-0.013567 0.028817 0.730127 0.916106 -0.289004 0.277898 234 22 22
-0.045455 0.142597 0.716919 0.452795 0.880972 0.137353 234 22 22
-0.058382 0.151257 0.703991 0.452795 0.880972 0.137353 234 22 22
-0.060423 0.151257 0.710719 0.452795 0.880972 0.137353 234 22 22
-0.017134 0.012616 0.712196 0.844849 -0.469628 0.256281 234 22 22
-0.013567 0.028817 0.730127 0.844849 -0.469628 0.256281 234 22 22
-0.021568 0.012616 0.726813 0.844849 -0.469628 0.256281 234 22 22
-0.028564 0.130943 0.709923 0.608827 0.771506 0.184686 234 22 22
-0.045455 0.142597 0.716919 0.608827 0.771506 0.184686 234 22 22
-0.032335 0.130943 0.722353 0.608827 0.771506 0.184686 234 22 22
-0.032335 -0.001585 0.722353 0.741159 -0.632563 0.224827 234 22 22
-0.017134 0.012616 0.712196 0.741159 -0.632563 0.224827 234 22 22
-0.021568 0.012616 0.726813 0.741159 -0.632563 0.224827 234 22 22
-0.017134 0.116742 0.712196 0.741159 0.632563 0.224827 234 22 22
-0.032335 0.130943 0.722353 0.741159 0.632563 0.224827 234 22 22
-0.021568 0.116742 0.726813 0.741159 0.632563 0.224827 234 22 22
-0.045455 -0.013239 0.716919 0.608827 -0.771506 0.184686 234 22 22
-0.028564 -0.001585 0.709923 0.608827 -0.771506 0.184686 234 22 22
-0.032335 -0.001585 0.722353 0.608827 -0.771506 0.184686 234 22 22
-0.006977 0.028817 0.696995 0.952718 -0.289003 0.093836 234 22 22
-0.003410 0.046397 0.714926 0.952718 -0.289003 0.093836 234 22 22
-0.008640 0.028817 0.713886 0.952718 -0.289003 0.093836 234 22 22
-0.041492 0.142597 0.696995 0.470890 0.880972 0.046379 234 22 22
-0.058382 0.151257 0.703991 0.470890 0.880972 0.046379 234 22 22
-0.042492 0.142597 0.707152 0.470890 0.880972 0.046379 234 22 22
-0.017134 0.012616 0.712196 0.878613 -0.469629 0.086537 234 22 22
-0.006977 0.028817 0.696995 0.878613 -0.469629 0.086537 234 22 22
-0.008640 0.028817 0.713886 0.878613 -0.469629 0.086537 234 22 22
-0.027291 0.130943 0.696995 0.633159 0.771506 0.062361 234 22 22
-0.042492 0.142597 0.707152 0.633159 0.771506 0.062361 234 22 22
-0.028564 0.130943 0.709923 0.633159 0.771506 0.062361 234 22 22
-0.027291 -0.001585 0.696995 0.770781 -0.632562 0.075915 234 22 22
-0.017134 0.012616 0.712196 0.770781 -0.632562 0.075915 234 22 22
-0.028564 -0.001585 0.709923 0.770781 -0.632562 0.075915 234 22 22
-0.017134 0.116742 0.712196 0.770781 0.632562 0.075915 234 22 22
-0.027291 0.130943 0.696995 0.770781 0.632562 0.075915 234 22 22
-0.028564 0.130943 0.709923 0.770781 0.632562 0.075915 234 22 22
-0.042492 -0.013239 0.707152 0.633159 -0.771506 0.062361 234 22 22
-0.027291 -0.001585 0.696995 0.633159 -0.771506 0.062361 234 22 22
-0.028564 -0.001585 0.709923 0.633159 -0.771506 0.062361 234 22 22
-0.006977 0.100541 0.696995 0.878613 0.469629 0.086537 234 22 22
-0.017134 0.116742 0.712196 0.878613 0.469629 0.086537 234 22 22
-0.008640 0.100541 0.713886 0.878613 0.469629 0.086537 234 22 22
-0.058382 -0.021899 0.703991 0.470889 -0.880972 0.046378 234 22 22
-0.041492 -0.013239 0.696995 0.470889 -0.880972 0.046378 234 22 22
-0.042492 -0.013239 0.707152 0.470889 -0.880972 0.046378 234 22 22
-0.003410 0.082961 0.714926 0.952718 0.289003 0.093836 234 22 22
-0.006977 0.100541 0.696995 0.952718 0.289003 0.093836 234 22 22
-0.008640 0.100541 0.713886 0.952718 0.289003 0.093836 234 22 22
-0.075624 -0.027232 0.700562 0.290166 -0.956550 0.028579 234 22 22
-0.057693 -0.021899 0.696995 0.290166 -0.956550 0.028579 234 22 22
-0.058382 -0.021899 0.703991 0.290166 -0.956550 0.028579 234 22 22
0.000133 0.064679 0.696995 0.990563 0.097539 0.096292 234 22 22
-0.003410 0.082961 0.714926 0.990563 0.097539 0.096292 234 22 22
-0.001644 0.064679 0.715277 0.990563 0.097539 0.096292 234 22 22
-0.075624 0.156590 0.700562 0.098013 0.995138 0.009653 234 22 22
-0.075273 0.156590 0.696995 0.098013 0.995138 0.009653 234 22 22
-0.093555 0.158391 0.696995 0.098013 0.995138 0.009653 234 22 22
-0.093555 -0.029032 0.696995 0.098013 -0.995138 0.009653 234 22 22
-0.075273 -0.027232 0.696995 0.098013 -0.995138 0.009653 234 22 22
-0.075624 -0.027232 0.700562 0.098013 -0.995138 0.009653 234 22 22
-0.003410 0.046397 0.714926 0.990563 -0.097539 0.096292 234 22 22
0.000133 0.064679 0.696995 0.990563 -0.097539 0.096292 234 22 22
-0.001644 0.064679 0.715277 0.990563 -0.097539 0.096292 234 22 22
-0.057693 0.151257 0.696995 0.290165 0.956550 0.028579 234 22 22
-0.075624 0.156590 0.700562 0.290165 0.956550 0.028579 234 22 22
-0.058382 0.151257 0.703991 0.290165 0.956550 0.028579 234 22 22
-0.145618 -0.013239 0.696995 -0.471395 -0.881922 0.000000 234 22 22
-0.129417 -0.021899 0.402623 -0.471395 -0.881922 0.000000 234 22 22
-0.129417 -0.021899 0.696995 -0.471395 -0.881922 0.000000 234 22 22
-0.180133 0.100541 0.402623 -0.956941 0.290284 -0.000000 234 22 22
-0.185466 0.082961 0.696995 -0.956941 0.290284 -0.000000 234 22 22
-0.180133 0.100541 0.696995 -0.956941 0.290284 -0.000000 234 22 22
-0.015637 0.012616 0.402623 0.881921 -0.471397 0.000000 234 22 22
-0.006977 0.028817 0.696995 0.881921 -0.471397 0.000000 234 22 22
-0.015637 0.012616 0.696995 0.881921 -0.471397 0.000000 234 22 22
-0.111837 -0.027232 0.402623 -0.098017 -0.995185 0.000000 234 22 22
-0.093555 -0.029032 0.696995 -0.098017 -0.995185 0.000000 234 22 22
-0.111837 -0.027232 0.696995 -0.098017 -0.995185 0.000000 234 22 22
-0.185466 0.082961 0.402623 -0.995185 0.098018 -0.000000 234 22 22
-0.187267 0.064679 0.696995 -0.995185 0.098018 -0.000000 234 22 22
-0.185466 0.082961 0.696995 -0.995185 0.098018 -0.000000 234 22 22
-0.027291 -0.001585 0.402623 0.773011 -0.634392 0.000000 234 22 22
-0.015637 0.012616 0.696995 0.773011 -0.634392 0.000000 234 22 22
-0.027291 -0.001585 0.696995 0.773011 -0.634392 0.000000 234 22 22
-0.187267 0.064679 0.402623 -0.995185 -0.098018 -0.000000 234 22 22
-0.185466 0.046397 0.696995 -0.995185 -0.098018 -0.000000 234 22 22
-0.187267 0.064679 0.696995 -0.995185 -0.098018 -0.000000 234 22 22
-0.041492 -0.013239 0.696995 0.634394 -0.773010 0.000000 234 22 22
-0.027291 -0.001585 0.402623 0.634394 -0.773010 0.000000 234 22 22
-0.027291 -0.001585 0.696995 0.634394 -0.773010 0.000000 234 22 22
-0.057693 -0.021899 0.402623 0.471397 -0.881921 0.000000 234 22 22
-0.041492 -0.013239 0.696995 0.471397 -0.881921 0.000000 234 22 22
-0.057693 -0.021899 0.696995 0.471397 -0.881921 0.000000 234 22 22
-0.075273 -0.027232 0.402623 0.290284 -0.956940 0.000000 234 22 22
-0.057693 -0.021899 0.696995 0.290284 -0.956940 0.000000 234 22 22
-0.075273 -0.027232 0.696995 0.290284 -0.956940 0.000000 234 22 22
-0.057693 0.151257 0.402623 0.290283 0.956941 -0.000000 234 22 22
-0.075273 0.156590 0.696995 0.290283 0.956941 -0.000000 234 22 22
-0.057693 0.151257 0.696995 0.290283 0.956941 -0.000000 234 22 22
-0.041492 0.142597 0.402623 0.471397 0.881921 0.000000 234 22 22
-0.057693 0.151257 0.696995 0.471397 0.881921 0.000000 234 22 22
-0.041492 0.142597 0.696995 0.471397 0.881921 0.000000 234 22 22
-0.027291 0.130943 0.402623 0.634394 0.773010 0.000000 234 22 22
-0.041492 0.142597 0.696995 0.634394 0.773010 0.000000 234 22 22
-0.027291 0.130943 0.696995 0.634394 0.773010 0.000000 234 22 22
-0.180133 0.028817 0.402623 -0.881921 -0.471398 -0.000000 234 22 22
-0.171473 0.012616 0.696995 -0.881921 -0.471398 -0.000000 234 22 22
-0.180133 0.028817 0.696995 -0.881921 -0.471398 -0.000000 234 22 22
-0.015637 0.116742 0.696995 0.773011 0.634392 0.000000 234 22 22
-0.027291 0.130943 0.402623 0.773011 0.634392 0.000000 234 22 22
-0.027291 0.130943 0.696995 0.773011 0.634392 0.000000 234 22 22
-0.171473 0.012616 0.402623 -0.773012 -0.634391 -0.000000 234 22 22
-0.159819 -0.001585 0.696995 -0.773012 -0.634391 -0.000000 234 22 22
-0.171473 0.012616 0.696995 -0.773012 -0.634391 -0.000000 234 22 22
-0.111837 0.156590 0.402623 -0.290283 0.956941 -0.000000 234 22 22
-0.129417 0.151257 0.696995 -0.290283 0.956941 -0.000000 234 22 22
-0.111837 0.156590 0.696995 -0.290283 0.956941 -0.000000 234 22 22
-0.075273 0.156590 0.402623 0.098018 0.995185 -0.000000 234 22 22
-0.093555 0.158391 0.696995 0.098018 0.995185 -0.000000 234 22 22
-0.075273 0.156590 0.696995 0.098018 0.995185 -0.000000 234 22 22
-0.006977 0.100541 0.402623 0.881921 0.471398 0.000000 234 22 22
-0.015637 0.116742 0.696995 0.881921 0.471398 0.000000 234 22 22
-0.006977 0.100541 0.696995 0.881921 0.471398 0.000000 234 22 22
-0.129417 -0.021899 0.402623 -0.290284 -0.956940 0.000000 234 22 22
-0.111837 -0.027232 0.696995 -0.290284 -0.956940 0.000000 234 22 22
-0.129417 -0.021899 0.696995 -0.290284 -0.956940 0.000000 234 22 22
-0.129417 0.151257 0.402623 -0.471397 0.881921 -0.000000 234 22 22
-0.145618 0.142597 0.696995 -0.471397 0.881921 -0.000000 234 22 22
-0.129417 0.151257 0.696995 -0.471397 0.881921 -0.000000 234 22 22
-0.093555 -0.029032 0.402623 0.098017 -0.995185 0.000000 234 22 22
-0.075273 -0.027232 0.696995 0.098017 -0.995185 0.000000 234 22 22
-0.093555 -0.029032 0.696995 0.098017 -0.995185 0.000000 234 22 22
-0.001644 0.082961 0.402623 0.956941 0.290284 0.000000 234 22 22
-0.006977 0.100541 0.696995 0.956941 0.290284 0.000000 234 22 22
-0.001644 0.082961 0.696995 0.956941 0.290284 0.000000 234 22 22
-0.093555 0.158391 0.402623 -0.098018 0.995185 -0.000000 234 22 22
-0.111837 0.156590 0.696995 -0.098018 0.995185 -0.000000 234 22 22
-0.093555 0.158391 0.696995 -0.098018 0.995185 -0.000000 234 22 22
-0.145618 0.142597 0.402623 -0.634393 0.773010 -0.000000 234 22 22
-0.159819 0.130943 0.696995 -0.634393 0.773010 -0.000000 234 22 22
-0.145618 0.142597 0.696995 -0.634393 0.773010 -0.000000 234 22 22
0.000133 0.064679 0.402623 0.995308 0.096753 -0.000000 234 22 22
-0.001644 0.082961 0.696995 0.995308 0.096753 -0.000000 234 22 22
0.000133 0.064679 0.696995 0.995308 0.096753 -0.000000 234 22 22
-0.185466 0.046397 0.402623 -0.956940 -0.290286 -0.000000 234 22 22
-0.180133 0.028817 0.696995 -0.956940 -0.290286 -0.000000 234 22 22
-0.185466 0.046397 0.696995 -0.956940 -0.290286 -0.000000 234 22 22
-0.159819 0.130943 0.402623 -0.773010 0.634394 -0.000000 234 22 22
-0.171473 0.116742 0.696995 -0.773010 0.634394 -0.000000 234 22 22
-0.159819 0.130943 0.696995 -0.773010 0.634394 -0.000000 234 22 22
-0.001644 0.046397 0.402623 0.995308 -0.096753 0.000000 234 22 22
0.000133 0.064679 0.696995 0.995308 -0.096753 0.000000 234 22 22
-0.001644 0.046397 0.696995 0.995308 -0.096753 0.000000 234 22 22
-0.171473 0.116742 0.696995 -0.881922 0.471396 -0.000000 234 22 22
-0.180133 0.100541 0.402623 -0.881922 0.471396 -0.000000 234 22 22
-0.180133 0.100541 0.696995 -0.881922 0.471396 -0.000000 234 22 22
-0.159819 -0.001585 0.402623 -0.634395 -0.773009 -0.000000 234 22 22
-0.145618 -0.013239 0.696995 -0.634395 -0.773009 -0.000000 234 22 22
-0.159819 -0.001585 0.696995 -0.634395 -0.773009 -0.000000 234 22 22
-0.006977 0.028817 0.402623 0.956941 -0.290284 0.000000 234 22 22
-0.001644 0.046397 0.696995 0.956941 -0.290284 0.000000 234 22 22
-0.006977 0.028817 0.696995 0.956941 -0.290284 0.000000 234 22 22
-0.185466 0.082961 0.108251 -0.952718 0.289004 -0.093833 234 22 22
-0.178470 0.100541 0.091361 -0.952718 0.289004 -0.093833 234 22 22
-0.183700 0.082961 0.090320 -0.952718 0.289004 -0.093833 234 22 22
-0.129417 -0.021899 0.108251 -0.290166 -0.956550 -0.028577 234 22 22
-0.111486 -0.027232 0.104685 -0.290166 -0.956550 -0.028577 234 22 22
-0.111837 -0.027232 0.108251 -0.290166 -0.956550 -0.028577 234 22 22
-0.187267 0.064679 0.108251 -0.990438 0.097548 -0.097550 234 22 22
-0.183700 0.082961 0.090320 -0.990438 0.097548 -0.097550 234 22 22
-0.185466 0.064679 0.089969 -0.990438 0.097548 -0.097550 234 22 22
-0.111837 0.156590 0.108251 -0.098013 0.995138 -0.009654 234 22 22
-0.093555 0.158391 0.108251 -0.098013 0.995138 -0.009654 234 22 22
-0.111486 0.156590 0.104685 -0.098013 0.995138 -0.009654 234 22 22
-0.093555 -0.029032 0.108251 -0.098013 -0.995138 -0.009652 234 22 22
-0.111837 -0.027232 0.108251 -0.098013 -0.995138 -0.009652 234 22 22
-0.111486 -0.027232 0.104685 -0.098013 -0.995138 -0.009652 234 22 22
-0.187267 0.064679 0.108251 -0.990438 -0.097551 -0.097548 234 22 22
-0.183700 0.046397 0.090320 -0.990438 -0.097551 -0.097548 234 22 22
-0.185466 0.046397 0.108251 -0.990438 -0.097551 -0.097548 234 22 22
-0.129417 0.151257 0.108251 -0.290164 0.956550 -0.028577 234 22 22
-0.111486 0.156590 0.104685 -0.290164 0.956550 -0.028577 234 22 22
-0.128728 0.151257 0.101255 -0.290164 0.956550 -0.028577 234 22 22
-0.185466 0.046397 0.108251 -0.952718 -0.289006 -0.093831 234 22 22
-0.178470 0.028817 0.091361 -0.952718 -0.289006 -0.093831 234 22 22
-0.180133 0.028817 0.108251 -0.952718 -0.289006 -0.093831 234 22 22
-0.145618 0.142597 0.108251 -0.470890 0.880972 -0.046378 234 22 22
-0.128728 0.151257 0.101255 -0.470890 0.880972 -0.046378 234 22 22
-0.144618 0.142597 0.098094 -0.470890 0.880972 -0.046378 234 22 22
-0.180133 0.028817 0.108251 -0.878613 -0.469630 -0.086529 234 22 22
-0.169976 0.012616 0.093050 -0.878613 -0.469630 -0.086529 234 22 22
-0.171473 0.012616 0.108251 -0.878613 -0.469630 -0.086529 234 22 22
-0.145618 0.142597 0.108251 -0.633159 0.771506 -0.062360 234 22 22
-0.158546 0.130943 0.095324 -0.633159 0.771506 -0.062360 234 22 22
-0.159819 0.130943 0.108251 -0.633159 0.771506 -0.062360 234 22 22
-0.171473 0.012616 0.108251 -0.770782 -0.632561 -0.075913 234 22 22
-0.158546 -0.001585 0.095324 -0.770782 -0.632561 -0.075913 234 22 22
-0.159819 -0.001585 0.108251 -0.770782 -0.632561 -0.075913 234 22 22
-0.159819 0.130943 0.108251 -0.770779 0.632563 -0.075914 234 22 22
-0.169976 0.116742 0.093050 -0.770779 0.632563 -0.075914 234 22 22
-0.171473 0.116742 0.108251 -0.770779 0.632563 -0.075914 234 22 22
-0.159819 -0.001585 0.108251 -0.633160 -0.771505 -0.062361 234 22 22
-0.144618 -0.013239 0.098094 -0.633160 -0.771505 -0.062361 234 22 22
-0.145618 -0.013239 0.108251 -0.633160 -0.771505 -0.062361 234 22 22
-0.171473 0.116742 0.108251 -0.878613 0.469628 -0.086535 234 22 22
-0.178470 0.100541 0.091361 -0.878613 0.469628 -0.086535 234 22 22
-0.180133 0.100541 0.108251 -0.878613 0.469628 -0.086535 234 22 22
-0.145618 -0.013239 0.108251 -0.470888 -0.880973 -0.046375 234 22 22
-0.128728 -0.021899 0.101255 -0.470888 -0.880973 -0.046375 234 22 22
-0.129417 -0.021899 0.108251 -0.470888 -0.880973 -0.046375 234 22 22
-0.144618 -0.013239 0.098094 -0.608827 -0.771506 -0.184685 234 22 22
-0.154775 -0.001585 0.082893 -0.608827 -0.771506 -0.184685 234 22 22
-0.141655 -0.013239 0.088327 -0.608827 -0.771506 -0.184685 234 22 22
-0.169976 0.116742 0.093050 -0.844849 0.469627 -0.256283 234 22 22
-0.173543 0.100541 0.075119 -0.844849 0.469627 -0.256283 234 22 22
-0.178470 0.100541 0.091361 -0.844849 0.469627 -0.256283 234 22 22
-0.144618 -0.013239 0.098094 -0.452793 -0.880972 -0.137353 234 22 22
-0.126687 -0.021899 0.094528 -0.452793 -0.880972 -0.137353 234 22 22
-0.128728 -0.021899 0.101255 -0.452793 -0.880972 -0.137353 234 22 22
-0.178470 0.100541 0.091361 -0.916106 0.289004 -0.277898 234 22 22
-0.178470 0.082961 0.073078 -0.916106 0.289004 -0.277898 234 22 22
-0.183700 0.082961 0.090320 -0.916106 0.289004 -0.277898 234 22 22
-0.128728 -0.021899 0.101255 -0.279015 -0.956550 -0.084637 234 22 22
-0.110446 -0.027232 0.101255 -0.279015 -0.956550 -0.084637 234 22 22
-0.111486 -0.027232 0.104685 -0.279015 -0.956550 -0.084637 234 22 22
-0.185466 0.064679 0.089969 -0.952377 0.097549 -0.288899 234 22 22
-0.178470 0.082961 0.073078 -0.952377 0.097549 -0.288899 234 22 22
-0.180133 0.064679 0.072389 -0.952377 0.097549 -0.288899 234 22 22
-0.111486 0.156590 0.104685 -0.094247 0.995138 -0.028589 234 22 22
-0.093555 0.158391 0.108251 -0.094247 0.995138 -0.028589 234 22 22
-0.110446 0.156590 0.101255 -0.094247 0.995138 -0.028589 234 22 22
-0.093555 -0.029032 0.108251 -0.094246 -0.995138 -0.028589 234 22 22
-0.111486 -0.027232 0.104685 -0.094246 -0.995138 -0.028589 234 22 22
-0.110446 -0.027232 0.101255 -0.094246 -0.995138 -0.028589 234 22 22
-0.185466 0.064679 0.089969 -0.952377 -0.097548 -0.288900 234 22 22
-0.178470 0.046397 0.073078 -0.952377 -0.097548 -0.288900 234 22 22
-0.183700 0.046397 0.090320 -0.952377 -0.097548 -0.288900 234 22 22
-0.128728 0.151257 0.101255 -0.279013 0.956550 -0.084638 234 22 22
-0.110446 0.156590 0.101255 -0.279013 0.956550 -0.084638 234 22 22
-0.126687 0.151257 0.094528 -0.279013 0.956550 -0.084638 234 22 22
-0.178470 0.028817 0.091361 -0.916105 -0.289005 -0.277898 234 22 22
-0.178470 0.046397 0.073078 -0.916105 -0.289005 -0.277898 234 22 22
-0.173543 0.028817 0.075119 -0.916105 -0.289005 -0.277898 234 22 22
-0.128728 0.151257 0.101255 -0.452794 0.880972 -0.137353 234 22 22
-0.141655 0.142597 0.088327 -0.452794 0.880972 -0.137353 234 22 22
-0.144618 0.142597 0.098094 -0.452794 0.880972 -0.137353 234 22 22
-0.169976 0.012616 0.093050 -0.844849 -0.469627 -0.256283 234 22 22
-0.173543 0.028817 0.075119 -0.844849 -0.469627 -0.256283 234 22 22
-0.165542 0.012616 0.078433 -0.844849 -0.469627 -0.256283 234 22 22
-0.144618 0.142597 0.098094 -0.608826 0.771506 -0.184686 234 22 22
-0.154775 0.130943 0.082893 -0.608826 0.771506 -0.184686 234 22 22
-0.158546 0.130943 0.095324 -0.608826 0.771506 -0.184686 234 22 22
-0.169976 0.012616 0.093050 -0.741159 -0.632563 -0.224828 234 22 22
-0.154775 -0.001585 0.082893 -0.741159 -0.632563 -0.224828 234 22 22
-0.158546 -0.001585 0.095324 -0.741159 -0.632563 -0.224828 234 22 22
-0.158546 0.130943 0.095324 -0.741159 0.632563 -0.224829 234 22 22
-0.165542 0.116742 0.078433 -0.741159 0.632563 -0.224829 234 22 22
-0.169976 0.116742 0.093050 -0.741159 0.632563 -0.224829 234 22 22
-0.173543 0.028817 0.075119 -0.844289 -0.289003 -0.451279 234 22 22
-0.169976 0.046397 0.057188 -0.844289 -0.289003 -0.451279 234 22 22
-0.165542 0.028817 0.060151 -0.844289 -0.289003 -0.451279 234 22 22
-0.141655 0.142597 0.088327 -0.417297 0.880972 -0.223050 234 22 22
-0.123373 0.151257 0.088327 -0.417297 0.880972 -0.223050 234 22 22
-0.136844 0.142597 0.079326 -0.417297 0.880972 -0.223050 234 22 22
-0.165542 0.012616 0.078433 -0.778617 -0.469629 -0.416179 234 22 22
-0.165542 0.028817 0.060151 -0.778617 -0.469629 -0.416179 234 22 22
-0.158342 0.012616 0.064962 -0.778617 -0.469629 -0.416179 234 22 22
-0.154775 0.130943 0.082893 -0.561098 0.771506 -0.299913 234 22 22
-0.136844 0.142597 0.079326 -0.561098 0.771506 -0.299913 234 22 22
-0.148652 0.130943 0.071437 -0.561098 0.771506 -0.299913 234 22 22
-0.165542 0.012616 0.078433 -0.683056 -0.632562 -0.365101 234 22 22
-0.148652 -0.001585 0.071437 -0.683056 -0.632562 -0.365101 234 22 22
-0.154775 -0.001585 0.082893 -0.683056 -0.632562 -0.365101 234 22 22
-0.165542 0.116742 0.078433 -0.683056 0.632562 -0.365101 234 22 22
-0.148652 0.130943 0.071437 -0.683056 0.632562 -0.365101 234 22 22
-0.158342 0.116742 0.064962 -0.683056 0.632562 -0.365101 234 22 22
-0.141655 -0.013239 0.088327 -0.561098 -0.771506 -0.299913 234 22 22
-0.148652 -0.001585 0.071437 -0.561098 -0.771506 -0.299913 234 22 22
-0.136844 -0.013239 0.079326 -0.561098 -0.771506 -0.299913 234 22 22
-0.165542 0.116742 0.078433 -0.778618 0.469627 -0.416178 234 22 22
-0.165542 0.100541 0.060151 -0.778618 0.469627 -0.416178 234 22 22
-0.173543 0.100541 0.075119 -0.778618 0.469627 -0.416178 234 22 22
-0.141655 -0.013239 0.088327 -0.417297 -0.880973 -0.223048 234 22 22
-0.123373 -0.021899 0.088327 -0.417297 -0.880973 -0.223048 234 22 22
-0.126687 -0.021899 0.094528 -0.417297 -0.880973 -0.223048 234 22 22
-0.173543 0.100541 0.075119 -0.844288 0.289005 -0.451281 234 22 22
-0.169976 0.082961 0.057188 -0.844288 0.289005 -0.451281 234 22 22
-0.178470 0.082961 0.073078 -0.844288 0.289005 -0.451281 234 22 22
-0.110446 -0.027232 0.101255 -0.257142 -0.956550 -0.137444 234 22 22
-0.123373 -0.021899 0.088327 -0.257142 -0.956550 -0.137444 234 22 22
-0.108756 -0.027232 0.098094 -0.257142 -0.956550 -0.137444 234 22 22
-0.180133 0.064679 0.072389 -0.877715 0.097550 -0.469148 234 22 22
-0.169976 0.082961 0.057188 -0.877715 0.097550 -0.469148 234 22 22
-0.171473 0.064679 0.056188 -0.877715 0.097550 -0.469148 234 22 22
-0.110446 0.156590 0.101255 -0.086858 0.995138 -0.046427 234 22 22
-0.093555 0.158391 0.108251 -0.086858 0.995138 -0.046427 234 22 22
-0.108756 0.156590 0.098094 -0.086858 0.995138 -0.046427 234 22 22
-0.093555 -0.029032 0.108251 -0.086858 -0.995138 -0.046426 234 22 22
-0.110446 -0.027232 0.101255 -0.086858 -0.995138 -0.046426 234 22 22
-0.108756 -0.027232 0.098094 -0.086858 -0.995138 -0.046426 234 22 22
-0.180133 0.064679 0.072389 -0.877715 -0.097550 -0.469148 234 22 22
-0.169976 0.046397 0.057188 -0.877715 -0.097550 -0.469148 234 22 22
-0.178470 0.046397 0.073078 -0.877715 -0.097550 -0.469148 234 22 22
-0.110446 0.156590 0.101255 -0.257141 0.956550 -0.137444 234 22 22
-0.123373 0.151257 0.088327 -0.257141 0.956550 -0.137444 234 22 22
-0.126687 0.151257 0.094528 -0.257141 0.956550 -0.137444 234 22 22
-0.123373 -0.021899 0.088327 -0.365763 -0.880973 -0.300175 234 22 22
-0.130369 -0.013239 0.071437 -0.365763 -0.880973 -0.300175 234 22 22
-0.118913 -0.021899 0.082893 -0.365763 -0.880973 -0.300175 234 22 22
-0.165542 0.100541 0.060151 -0.740025 0.289003 -0.607322 234 22 22
-0.158546 0.082961 0.043260 -0.740025 0.289003 -0.607322 234 22 22
-0.169976 0.082961 0.057188 -0.740025 0.289003 -0.607322 234 22 22
-0.108756 -0.027232 0.098094 -0.225385 -0.956550 -0.184971 234 22 22
-0.118913 -0.021899 0.082893 -0.225385 -0.956550 -0.184971 234 22 22
-0.106483 -0.027232 0.095324 -0.225385 -0.956550 -0.184971 234 22 22
-0.169976 0.082961 0.057188 -0.769323 0.097550 -0.631368 234 22 22
-0.159819 0.064679 0.041987 -0.769323 0.097550 -0.631368 234 22 22
-0.171473 0.064679 0.056188 -0.769323 0.097550 -0.631368 234 22 22
-0.108756 0.156590 0.098094 -0.076132 0.995138 -0.062479 234 22 22
-0.093555 0.158391 0.108251 -0.076132 0.995138 -0.062479 234 22 22
-0.106483 0.156590 0.095324 -0.076132 0.995138 -0.062479 234 22 22
-0.093555 -0.029032 0.108251 -0.076131 -0.995138 -0.062480 234 22 22
-0.108756 -0.027232 0.098094 -0.076131 -0.995138 -0.062480 234 22 22
-0.106483 -0.027232 0.095324 -0.076131 -0.995138 -0.062480 234 22 22
-0.171473 0.064679 0.056188 -0.769324 -0.097550 -0.631367 234 22 22
-0.158546 0.046397 0.043260 -0.769324 -0.097550 -0.631367 234 22 22
-0.169976 0.046397 0.057188 -0.769324 -0.097550 -0.631367 234 22 22
-0.108756 0.156590 0.098094 -0.225385 0.956550 -0.184970 234 22 22
-0.118913 0.151257 0.082893 -0.225385 0.956550 -0.184970 234 22 22
-0.123373 0.151257 0.088327 -0.225385 0.956550 -0.184970 234 22 22
-0.169976 0.046397 0.057188 -0.740024 -0.289003 -0.607324 234 22 22
-0.154775 0.028817 0.047031 -0.740024 -0.289003 -0.607324 234 22 22
-0.165542 0.028817 0.060151 -0.740024 -0.289003 -0.607324 234 22 22
-0.123373 0.151257 0.088327 -0.365765 0.880972 -0.300174 234 22 22
-0.130369 0.142597 0.071437 -0.365765 0.880972 -0.300174 234 22 22
-0.136844 0.142597 0.079326 -0.365765 0.880972 -0.300174 234 22 22
-0.158342 0.012616 0.064962 -0.682464 -0.469627 -0.560083 234 22 22
-0.154775 0.028817 0.047031 -0.682464 -0.469627 -0.560083 234 22 22
-0.148652 0.012616 0.053155 -0.682464 -0.469627 -0.560083 234 22 22
-0.136844 0.142597 0.079326 -0.491805 0.771506 -0.403616 234 22 22
-0.140411 0.130943 0.061395 -0.491805 0.771506 -0.403616 234 22 22
-0.148652 0.130943 0.071437 -0.491805 0.771506 -0.403616 234 22 22
-0.148652 -0.001585 0.071437 -0.598702 -0.632563 -0.491344 234 22 22
-0.148652 0.012616 0.053155 -0.598702 -0.632563 -0.491344 234 22 22
-0.140411 -0.001585 0.061395 -0.598702 -0.632563 -0.491344 234 22 22
-0.158342 0.116742 0.064962 -0.598703 0.632563 -0.491343 234 22 22
-0.140411 0.130943 0.061395 -0.598703 0.632563 -0.491343 234 22 22
-0.148652 0.116742 0.053155 -0.598703 0.632563 -0.491343 234 22 22
-0.136844 -0.013239 0.079326 -0.491807 -0.771505 -0.403615 234 22 22
-0.140411 -0.001585 0.061395 -0.491807 -0.771505 -0.403615 234 22 22
-0.130369 -0.013239 0.071437 -0.491807 -0.771505 -0.403615 234 22 22
-0.158342 0.116742 0.064962 -0.682463 0.469628 -0.560084 234 22 22
-0.154775 0.100541 0.047031 -0.682463 0.469628 -0.560084 234 22 22
-0.165542 0.100541 0.060151 -0.682463 0.469628 -0.560084 234 22 22
-0.130369 0.142597 0.071437 -0.300175 0.880972 -0.365764 234 22 22
-0.113479 0.151257 0.078433 -0.300175 0.880972 -0.365764 234 22 22
-0.122480 0.142597 0.064962 -0.300175 0.880972 -0.365764 234 22 22
-0.148652 0.012616 0.053155 -0.560083 -0.469627 -0.682464 234 22 22
-0.141655 0.028817 0.036264 -0.560083 -0.469627 -0.682464 234 22 22
-0.136844 0.012616 0.043465 -0.560083 -0.469627 -0.682464 234 22 22
-0.130369 0.142597 0.071437 -0.403617 0.771505 -0.491806 234 22 22
-0.130369 0.130943 0.053155 -0.403617 0.771505 -0.491806 234 22 22
-0.140411 0.130943 0.061395 -0.403617 0.771505 -0.491806 234 22 22
-0.148652 0.012616 0.053155 -0.491345 -0.632563 -0.598702 234 22 22
-0.130369 -0.001585 0.053155 -0.491345 -0.632563 -0.598702 234 22 22
-0.140411 -0.001585 0.061395 -0.491345 -0.632563 -0.598702 234 22 22
-0.148652 0.116742 0.053155 -0.491344 0.632562 -0.598704 234 22 22
-0.130369 0.130943 0.053155 -0.491344 0.632562 -0.598704 234 22 22
-0.136844 0.116742 0.043465 -0.491344 0.632562 -0.598704 234 22 22
-0.140411 -0.001585 0.061395 -0.403615 -0.771505 -0.491808 234 22 22
-0.122480 -0.013239 0.064962 -0.403615 -0.771505 -0.491808 234 22 22
-0.130369 -0.013239 0.071437 -0.403615 -0.771505 -0.491808 234 22 22
-0.148652 0.116742 0.053155 -0.560083 0.469627 -0.682464 234 22 22
-0.141655 0.100541 0.036264 -0.560083 0.469627 -0.682464 234 22 22
-0.154775 0.100541 0.047031 -0.560083 0.469627 -0.682464 234 22 22
-0.118913 -0.021899 0.082893 -0.300175 -0.880972 -0.365763 234 22 22
-0.122480 -0.013239 0.064962 -0.300175 -0.880972 -0.365763 234 22 22
-0.113479 -0.021899 0.078433 -0.300175 -0.880972 -0.365763 234 22 22
-0.158546 0.082961 0.043260 -0.607322 0.289005 -0.740025 234 22 22
-0.141655 0.100541 0.036264 -0.607322 0.289005 -0.740025 234 22 22
-0.144618 0.082961 0.031830 -0.607322 0.289005 -0.740025 234 22 22
-0.118913 -0.021899 0.082893 -0.184971 -0.956550 -0.225385 234 22 22
-0.103712 -0.027232 0.093050 -0.184971 -0.956550 -0.225385 234 22 22
-0.106483 -0.027232 0.095324 -0.184971 -0.956550 -0.225385 234 22 22
-0.158546 0.082961 0.043260 -0.631369 0.097548 -0.769323 234 22 22
-0.145618 0.064679 0.030333 -0.631369 0.097548 -0.769323 234 22 22
-0.159819 0.064679 0.041987 -0.631369 0.097548 -0.769323 234 22 22
-0.106483 0.156590 0.095324 -0.062479 0.995138 -0.076132 234 22 22
-0.093555 0.158391 0.108251 -0.062479 0.995138 -0.076132 234 22 22
-0.103712 0.156590 0.093050 -0.062479 0.995138 -0.076132 234 22 22
-0.093555 -0.029032 0.108251 -0.062480 -0.995138 -0.076131 234 22 22
-0.106483 -0.027232 0.095324 -0.062480 -0.995138 -0.076131 234 22 22
-0.103712 -0.027232 0.093050 -0.062480 -0.995138 -0.076131 234 22 22
-0.158546 0.046397 0.043260 -0.631367 -0.097551 -0.769324 234 22 22
-0.145618 0.064679 0.030333 -0.631367 -0.097551 -0.769324 234 22 22
-0.144618 0.046397 0.031830 -0.631367 -0.097551 -0.769324 234 22 22
-0.106483 0.156590 0.095324 -0.184970 0.956550 -0.225385 234 22 22
-0.113479 0.151257 0.078433 -0.184970 0.956550 -0.225385 234 22 22
-0.118913 0.151257 0.082893 -0.184970 0.956550 -0.225385 234 22 22
-0.158546 0.046397 0.043260 -0.607322 -0.289005 -0.740024 234 22 22
-0.141655 0.028817 0.036264 -0.607322 -0.289005 -0.740024 234 22 22
-0.154775 0.028817 0.047031 -0.607322 -0.289005 -0.740024 234 22 22
-0.144618 0.082961 0.031830 -0.451283 0.289005 -0.844287 234 22 22
-0.126687 0.100541 0.028263 -0.451283 0.289005 -0.844287 234 22 22
-0.128728 0.082961 0.023337 -0.451283 0.289005 -0.844287 234 22 22
-0.103712 -0.027232 0.093050 -0.137443 -0.956550 -0.257142 234 22 22
-0.107279 -0.021899 0.075119 -0.137443 -0.956550 -0.257142 234 22 22
-0.100551 -0.027232 0.091361 -0.137443 -0.956550 -0.257142 234 22 22
-0.144618 0.082961 0.031830 -0.469148 0.097550 -0.877715 234 22 22
-0.129417 0.064679 0.021673 -0.469148 0.097550 -0.877715 234 22 22
-0.145618 0.064679 0.030333 -0.469148 0.097550 -0.877715 234 22 22
-0.103712 0.156590 0.093050 -0.046427 0.995138 -0.086858 234 22 22
-0.093555 0.158391 0.108251 -0.046427 0.995138 -0.086858 234 22 22
-0.100551 0.156590 0.091361 -0.046427 0.995138 -0.086858 234 22 22
-0.093555 -0.029032 0.108251 -0.046426 -0.995138 -0.086858 234 22 22
-0.103712 -0.027232 0.093050 -0.046426 -0.995138 -0.086858 234 22 22
-0.100551 -0.027232 0.091361 -0.046426 -0.995138 -0.086858 234 22 22
-0.144618 0.046397 0.031830 -0.469150 -0.097548 -0.877714 234 22 22
-0.129417 0.064679 0.021673 -0.469150 -0.097548 -0.877714 234 22 22
-0.128728 0.046397 0.023337 -0.469150 -0.097548 -0.877714 234 22 22
-0.113479 0.151257 0.078433 -0.137443 0.956550 -0.257141 234 22 22
-0.100551 0.156590 0.091361 -0.137443 0.956550 -0.257141 234 22 22
-0.107279 0.151257 0.075119 -0.137443 0.956550 -0.257141 234 22 22
-0.144618 0.046397 0.031830 -0.451283 -0.289005 -0.844287 234 22 22
-0.126687 0.028817 0.028263 -0.451283 -0.289005 -0.844287 234 22 22
-0.141655 0.028817 0.036264 -0.451283 -0.289005 -0.844287 234 22 22
-0.113479 0.151257 0.078433 -0.223049 0.880972 -0.417298 234 22 22
-0.113479 0.142597 0.060151 -0.223049 0.880972 -0.417298 234 22 22
-0.122480 0.142597 0.064962 -0.223049 0.880972 -0.417298 234 22 22
-0.136844 0.012616 0.043465 -0.416179 -0.469629 -0.778617 234 22 22
-0.126687 0.028817 0.028263 -0.416179 -0.469629 -0.778617 234 22 22
-0.123373 0.012616 0.036264 -0.416179 -0.469629 -0.778617 234 22 22
-0.122480 0.142597 0.064962 -0.299911 0.771506 -0.561099 234 22 22
-0.118913 0.130943 0.047031 -0.299911 0.771506 -0.561099 234 22 22
-0.130369 0.130943 0.053155 -0.299911 0.771506 -0.561099 234 22 22
-0.130369 -0.001585 0.053155 -0.365099 -0.632563 -0.683057 234 22 22
-0.123373 0.012616 0.036264 -0.365099 -0.632563 -0.683057 234 22 22
-0.118913 -0.001585 0.047031 -0.365099 -0.632563 -0.683057 234 22 22
-0.130369 0.130943 0.053155 -0.365101 0.632562 -0.683057 234 22 22
-0.123373 0.116742 0.036264 -0.365101 0.632562 -0.683057 234 22 22
-0.136844 0.116742 0.043465 -0.365101 0.632562 -0.683057 234 22 22
-0.122480 -0.013239 0.064962 -0.299913 -0.771505 -0.561099 234 22 22
-0.118913 -0.001585 0.047031 -0.299913 -0.771505 -0.561099 234 22 22
-0.113479 -0.013239 0.060151 -0.299913 -0.771505 -0.561099 234 22 22
-0.136844 0.116742 0.043465 -0.416181 0.469627 -0.778617 234 22 22
-0.126687 0.100541 0.028263 -0.416181 0.469627 -0.778617 234 22 22
-0.141655 0.100541 0.036264 -0.416181 0.469627 -0.778617 234 22 22
-0.113479 -0.021899 0.078433 -0.223049 -0.880972 -0.417297 234 22 22
-0.113479 -0.013239 0.060151 -0.223049 -0.880972 -0.417297 234 22 22
-0.107279 -0.021899 0.075119 -0.223049 -0.880972 -0.417297 234 22 22
-0.123373 0.012616 0.036264 -0.256281 -0.469630 -0.844848 234 22 22
-0.110446 0.028817 0.023337 -0.256281 -0.469630 -0.844848 234 22 22
-0.108756 0.012616 0.031830 -0.256281 -0.469630 -0.844848 234 22 22
-0.113479 0.142597 0.060151 -0.184687 0.771505 -0.608827 234 22 22
-0.106483 0.130943 0.043260 -0.184687 0.771505 -0.608827 234 22 22
-0.118913 0.130943 0.047031 -0.184687 0.771505 -0.608827 234 22 22
-0.123373 0.012616 0.036264 -0.224829 -0.632563 -0.741158 234 22 22
-0.106483 -0.001585 0.043260 -0.224829 -0.632563 -0.741158 234 22 22
-0.118913 -0.001585 0.047031 -0.224829 -0.632563 -0.741158 234 22 22
-0.123373 0.116742 0.036264 -0.224828 0.632562 -0.741160 234 22 22
-0.106483 0.130943 0.043260 -0.224828 0.632562 -0.741160 234 22 22
-0.108756 0.116742 0.031830 -0.224828 0.632562 -0.741160 234 22 22
-0.118913 -0.001585 0.047031 -0.184686 -0.771505 -0.608828 234 22 22
-0.103712 -0.013239 0.057188 -0.184686 -0.771505 -0.608828 234 22 22
-0.113479 -0.013239 0.060151 -0.184686 -0.771505 -0.608828 234 22 22
-0.123373 0.116742 0.036264 -0.256284 0.469628 -0.844848 234 22 22
-0.110446 0.100541 0.023337 -0.256284 0.469628 -0.844848 234 22 22
-0.126687 0.100541 0.028263 -0.256284 0.469628 -0.844848 234 22 22
-0.107279 -0.021899 0.075119 -0.137353 -0.880972 -0.452793 234 22 22
-0.103712 -0.013239 0.057188 -0.137353 -0.880972 -0.452793 234 22 22
-0.100551 -0.021899 0.073078 -0.137353 -0.880972 -0.452793 234 22 22
-0.128728 0.082961 0.023337 -0.277896 0.289002 -0.916107 234 22 22
-0.110446 0.100541 0.023337 -0.277896 0.289002 -0.916107 234 22 22
-0.111486 0.082961 0.018106 -0.277896 0.289002 -0.916107 234 22 22
-0.107279 -0.021899 0.075119 -0.084638 -0.956550 -0.279014 234 22 22
-0.097122 -0.027232 0.090320 -0.084638 -0.956550 -0.279014 234 22 22
-0.100551 -0.027232 0.091361 -0.084638 -0.956550 -0.279014 234 22 22
-0.128728 0.082961 0.023337 -0.288901 0.097548 -0.952376 234 22 22
-0.111837 0.064679 0.016340 -0.288901 0.097548 -0.952376 234 22 22
-0.129417 0.064679 0.021673 -0.288901 0.097548 -0.952376 234 22 22
-0.100551 0.156590 0.091361 -0.028589 0.995138 -0.094246 234 22 22
-0.093555 0.158391 0.108251 -0.028589 0.995138 -0.094246 234 22 22
-0.097122 0.156590 0.090320 -0.028589 0.995138 -0.094246 234 22 22
-0.093555 -0.029032 0.108251 -0.028589 -0.995138 -0.094246 234 22 22
-0.100551 -0.027232 0.091361 -0.028589 -0.995138 -0.094246 234 22 22
-0.097122 -0.027232 0.090320 -0.028589 -0.995138 -0.094246 234 22 22
-0.128728 0.046397 0.023337 -0.288898 -0.097551 -0.952377 234 22 22
-0.111837 0.064679 0.016340 -0.288898 -0.097551 -0.952377 234 22 22
-0.111486 0.046397 0.018106 -0.288898 -0.097551 -0.952377 234 22 22
-0.107279 0.151257 0.075119 -0.084638 0.956550 -0.279014 234 22 22
-0.097122 0.156590 0.090320 -0.084638 0.956550 -0.279014 234 22 22
-0.100551 0.151257 0.073078 -0.084638 0.956550 -0.279014 234 22 22
-0.128728 0.046397 0.023337 -0.277899 -0.289005 -0.916105 234 22 22
-0.110446 0.028817 0.023337 -0.277899 -0.289005 -0.916105 234 22 22
-0.126687 0.028817 0.028263 -0.277899 -0.289005 -0.916105 234 22 22
-0.107279 0.151257 0.075119 -0.137354 0.880972 -0.452794 234 22 22
-0.103712 0.142597 0.057188 -0.137354 0.880972 -0.452794 234 22 22
-0.113479 0.142597 0.060151 -0.137354 0.880972 -0.452794 234 22 22
-0.100551 -0.021899 0.073078 -0.028581 -0.956550 -0.290165 234 22 22
-0.093555 -0.027232 0.089969 -0.028581 -0.956550 -0.290165 234 22 22
-0.097122 -0.027232 0.090320 -0.028581 -0.956550 -0.290165 234 22 22
-0.111486 0.082961 0.018106 -0.097547 0.097550 -0.990438 234 22 22
-0.093555 0.064679 0.014540 -0.097547 0.097550 -0.990438 234 22 22
-0.111837 0.064679 0.016340 -0.097547 0.097550 -0.990438 234 22 22
-0.097122 0.156590 0.090320 -0.009652 0.995138 -0.098013 234 22 22
-0.093555 0.158391 0.108251 -0.009652 0.995138 -0.098013 234 22 22
-0.093555 0.156590 0.089969 -0.009652 0.995138 -0.098013 234 22 22
-0.093555 -0.029032 0.108251 -0.009654 -0.995138 -0.098012 234 22 22
-0.097122 -0.027232 0.090320 -0.009654 -0.995138 -0.098012 234 22 22
-0.093555 -0.027232 0.089969 -0.009654 -0.995138 -0.098012 234 22 22
-0.111486 0.046397 0.018106 -0.097550 -0.097547 -0.990438 234 22 22
-0.093555 0.064679 0.014540 -0.097550 -0.097547 -0.990438 234 22 22
-0.093555 0.046397 0.016340 -0.097550 -0.097547 -0.990438 234 22 22
-0.097122 0.156590 0.090320 -0.028579 0.956550 -0.290165 234 22 22
-0.093555 0.151257 0.072389 -0.028579 0.956550 -0.290165 234 22 22
-0.100551 0.151257 0.073078 -0.028579 0.956550 -0.290165 234 22 22
-0.111486 0.046397 0.018106 -0.093832 -0.289002 -0.952719 234 22 22
-0.093555 0.028817 0.021673 -0.093832 -0.289002 -0.952719 234 22 22
-0.110446 0.028817 0.023337 -0.093832 -0.289002 -0.952719 234 22 22
-0.100551 0.151257 0.073078 -0.046377 0.880972 -0.470890 234 22 22
-0.093555 0.142597 0.056188 -0.046377 0.880972 -0.470890 234 22 22
-0.103712 0.142597 0.057188 -0.046377 0.880972 -0.470890 234 22 22
-0.108756 0.012616 0.031830 -0.086536 -0.469628 -0.878613 234 22 22
-0.093555 0.028817 0.021673 -0.086536 -0.469628 -0.878613 234 22 22
-0.093555 0.012616 0.030333 -0.086536 -0.469628 -0.878613 234 22 22
-0.103712 0.142597 0.057188 -0.062359 0.771506 -0.633159 234 22 22
-0.093555 0.130943 0.041987 -0.062359 0.771506 -0.633159 234 22 22
-0.106483 0.130943 0.043260 -0.062359 0.771506 -0.633159 234 22 22
-0.106483 -0.001585 0.043260 -0.075913 -0.632563 -0.770779 234 22 22
-0.093555 0.012616 0.030333 -0.075913 -0.632563 -0.770779 234 22 22
-0.093555 -0.001585 0.041987 -0.075913 -0.632563 -0.770779 234 22 22
-0.106483 0.130943 0.043260 -0.075915 0.632562 -0.770780 234 22 22
-0.093555 0.116742 0.030333 -0.075915 0.632562 -0.770780 234 22 22
-0.108756 0.116742 0.031830 -0.075915 0.632562 -0.770780 234 22 22
-0.103712 -0.013239 0.057188 -0.062358 -0.771506 -0.633159 234 22 22
-0.093555 -0.001585 0.041987 -0.062358 -0.771506 -0.633159 234 22 22
-0.093555 -0.013239 0.056188 -0.062358 -0.771506 -0.633159 234 22 22
-0.108756 0.116742 0.031830 -0.086534 0.469630 -0.878612 234 22 22
-0.093555 0.100541 0.021673 -0.086534 0.469630 -0.878612 234 22 22
-0.110446 0.100541 0.023337 -0.086534 0.469630 -0.878612 234 22 22
-0.100551 -0.021899 0.073078 -0.046380 -0.880972 -0.470890 234 22 22
-0.093555 -0.013239 0.056188 -0.046380 -0.880972 -0.470890 234 22 22
-0.093555 -0.021899 0.072389 -0.046380 -0.880972 -0.470890 234 22 22
-0.111486 0.082961 0.018106 -0.093835 0.289005 -0.952718 234 22 22
-0.093555 0.100541 0.021673 -0.093835 0.289005 -0.952718 234 22 22
-0.093555 0.082961 0.016340 -0.093835 0.289005 -0.952718 234 22 22
-0.093555 0.130943 0.041987 0.062359 0.771506 -0.633159 234 22 22
-0.083398 0.142597 0.057188 0.062359 0.771506 -0.633159 234 22 22
-0.080628 0.130943 0.043260 0.062359 0.771506 -0.633159 234 22 22
-0.093555 0.012616 0.030333 0.075913 -0.632563 -0.770779 234 22 22
-0.080628 -0.001585 0.043260 0.075913 -0.632563 -0.770779 234 22 22
-0.093555 -0.001585 0.041987 0.075913 -0.632563 -0.770779 234 22 22
-0.093555 0.116742 0.030333 0.075915 0.632562 -0.770780 234 22 22
-0.080628 0.130943 0.043260 0.075915 0.632562 -0.770780 234 22 22
-0.078354 0.116742 0.031830 0.075915 0.632562 -0.770780 234 22 22
-0.093555 -0.001585 0.041987 0.062358 -0.771506 -0.633159 234 22 22
-0.083398 -0.013239 0.057188 0.062358 -0.771506 -0.633159 234 22 22
-0.093555 -0.013239 0.056188 0.062358 -0.771506 -0.633159 234 22 22
-0.093555 0.100541 0.021673 0.086534 0.469630 -0.878612 234 22 22
-0.078354 0.116742 0.031830 0.086534 0.469630 -0.878612 234 22 22
-0.076665 0.100541 0.023337 0.086534 0.469630 -0.878612 234 22 22
-0.093555 -0.013239 0.056188 0.046379 -0.880972 -0.470890 234 22 22
-0.086559 -0.021899 0.073078 0.046379 -0.880972 -0.470890 234 22 22
-0.093555 -0.021899 0.072389 0.046379 -0.880972 -0.470890 234 22 22
-0.093555 0.082961 0.016340 0.093835 0.289002 -0.952719 234 22 22
-0.076665 0.100541 0.023337 0.093835 0.289002 -0.952719 234 22 22
-0.075624 0.082961 0.018106 0.093835 0.289002 -0.952719 234 22 22
-0.093555 -0.027232 0.089969 0.028581 -0.956550 -0.290165 234 22 22
-0.086559 -0.021899 0.073078 0.028581 -0.956550 -0.290165 234 22 22
-0.089988 -0.027232 0.090320 0.028581 -0.956550 -0.290165 234 22 22
-0.093555 0.064679 0.014540 0.097547 0.097550 -0.990439 234 22 22
-0.075624 0.082961 0.018106 0.097547 0.097550 -0.990439 234 22 22
-0.075273 0.064679 0.016340 0.097547 0.097550 -0.990439 234 22 22
-0.093555 0.156590 0.089969 0.009652 0.995138 -0.098013 234 22 22
-0.093555 0.158391 0.108251 0.009652 0.995138 -0.098013 234 22 22
-0.089988 0.156590 0.090320 0.009652 0.995138 -0.098013 234 22 22
-0.093555 -0.029032 0.108251 0.009654 -0.995138 -0.098012 234 22 22
-0.093555 -0.027232 0.089969 0.009654 -0.995138 -0.098012 234 22 22
-0.089988 -0.027232 0.090320 0.009654 -0.995138 -0.098012 234 22 22
-0.093555 0.064679 0.014540 0.097550 -0.097547 -0.990438 234 22 22
-0.075624 0.046397 0.018106 0.097550 -0.097547 -0.990438 234 22 22
-0.093555 0.046397 0.016340 0.097550 -0.097547 -0.990438 234 22 22
-0.093555 0.151257 0.072389 0.028579 0.956550 -0.290165 234 22 22
-0.089988 0.156590 0.090320 0.028579 0.956550 -0.290165 234 22 22
-0.086559 0.151257 0.073078 0.028579 0.956550 -0.290165 234 22 22
-0.093555 0.046397 0.016340 0.093832 -0.289005 -0.952718 234 22 22
-0.076665 0.028817 0.023337 0.093832 -0.289005 -0.952718 234 22 22
-0.093555 0.028817 0.021673 0.093832 -0.289005 -0.952718 234 22 22
-0.093555 0.142597 0.056188 0.046377 0.880972 -0.470890 234 22 22
-0.086559 0.151257 0.073078 0.046377 0.880972 -0.470890 234 22 22
-0.083398 0.142597 0.057188 0.046377 0.880972 -0.470890 234 22 22
-0.093555 0.028817 0.021673 0.086536 -0.469628 -0.878613 234 22 22
-0.078354 0.012616 0.031830 0.086536 -0.469628 -0.878613 234 22 22
-0.093555 0.012616 0.030333 0.086536 -0.469628 -0.878613 234 22 22
-0.075273 0.064679 0.016340 0.288901 0.097548 -0.952376 234 22 22
-0.058382 0.082961 0.023337 0.288901 0.097548 -0.952376 234 22 22
-0.057693 0.064679 0.021673 0.288901 0.097548 -0.952376 234 22 22
-0.089988 0.156590 0.090320 0.028589 0.995138 -0.094246 234 22 22
-0.093555 0.158391 0.108251 0.028589 0.995138 -0.094246 234 22 22
-0.086559 0.156590 0.091361 0.028589 0.995138 -0.094246 234 22 22
-0.093555 -0.029032 0.108251 0.028589 -0.995138 -0.094246 234 22 22
-0.089988 -0.027232 0.090320 0.028589 -0.995138 -0.094246 234 22 22
-0.086559 -0.027232 0.091361 0.028589 -0.995138 -0.094246 234 22 22
-0.075273 0.064679 0.016340 0.288898 -0.097551 -0.952377 234 22 22
-0.058382 0.046397 0.023337 0.288898 -0.097551 -0.952377 234 22 22
-0.075624 0.046397 0.018106 0.288898 -0.097551 -0.952377 234 22 22
-0.086559 0.151257 0.073078 0.084638 0.956550 -0.279014 234 22 22
-0.086559 0.156590 0.091361 0.084638 0.956550 -0.279014 234 22 22
-0.079831 0.151257 0.075119 0.084638 0.956550 -0.279014 234 22 22
-0.075624 0.046397 0.018106 0.277900 -0.289002 -0.916106 234 22 22
-0.060423 0.028817 0.028263 0.277900 -0.289002 -0.916106 234 22 22
-0.076665 0.028817 0.023337 0.277900 -0.289002 -0.916106 234 22 22
-0.086559 0.151257 0.073078 0.137354 0.880972 -0.452794 234 22 22
-0.073631 0.142597 0.060151 0.137354 0.880972 -0.452794 234 22 22
-0.083398 0.142597 0.057188 0.137354 0.880972 -0.452794 234 22 22
-0.078354 0.012616 0.031830 0.256282 -0.469628 -0.844849 234 22 22
-0.060423 0.028817 0.028263 0.256282 -0.469628 -0.844849 234 22 22
-0.063737 0.012616 0.036264 0.256282 -0.469628 -0.844849 234 22 22
-0.083398 0.142597 0.057188 0.184685 0.771506 -0.608827 234 22 22
-0.068197 0.130943 0.047031 0.184685 0.771506 -0.608827 234 22 22
-0.080628 0.130943 0.043260 0.184685 0.771506 -0.608827 234 22 22
-0.078354 0.012616 0.031830 0.224828 -0.632562 -0.741160 234 22 22
-0.068197 -0.001585 0.047031 0.224828 -0.632562 -0.741160 234 22 22
-0.080628 -0.001585 0.043260 0.224828 -0.632562 -0.741160 234 22 22
-0.080628 0.130943 0.043260 0.224828 0.632562 -0.741160 234 22 22
-0.063737 0.116742 0.036264 0.224828 0.632562 -0.741160 234 22 22
-0.078354 0.116742 0.031830 0.224828 0.632562 -0.741160 234 22 22
-0.080628 -0.001585 0.043260 0.184686 -0.771505 -0.608827 234 22 22
-0.073631 -0.013239 0.060151 0.184686 -0.771505 -0.608827 234 22 22
-0.083398 -0.013239 0.057188 0.184686 -0.771505 -0.608827 234 22 22
-0.078354 0.116742 0.031830 0.256283 0.469630 -0.844847 234 22 22
-0.060423 0.100541 0.028263 0.256283 0.469630 -0.844847 234 22 22
-0.076665 0.100541 0.023337 0.256283 0.469630 -0.844847 234 22 22
-0.086559 -0.021899 0.073078 0.137353 -0.880972 -0.452793 234 22 22
-0.073631 -0.013239 0.060151 0.137353 -0.880972 -0.452793 234 22 22
-0.079831 -0.021899 0.075119 0.137353 -0.880972 -0.452793 234 22 22
-0.075624 0.082961 0.018106 0.277895 0.289006 -0.916106 234 22 22
-0.060423 0.100541 0.028263 0.277895 0.289006 -0.916106 234 22 22
-0.058382 0.082961 0.023337 0.277895 0.289006 -0.916106 234 22 22
-0.089988 -0.027232 0.090320 0.084638 -0.956550 -0.279014 234 22 22
-0.079831 -0.021899 0.075119 0.084638 -0.956550 -0.279014 234 22 22
-0.086559 -0.027232 0.091361 0.084638 -0.956550 -0.279014 234 22 22
-0.068197 -0.001585 0.047031 0.365101 -0.632562 -0.683057 234 22 22
-0.050266 0.012616 0.043465 0.365101 -0.632562 -0.683057 234 22 22
-0.056741 -0.001585 0.053155 0.365101 -0.632562 -0.683057 234 22 22
-0.068197 0.130943 0.047031 0.365101 0.632562 -0.683057 234 22 22
-0.050266 0.116742 0.043465 0.365101 0.632562 -0.683057 234 22 22
-0.063737 0.116742 0.036264 0.365101 0.632562 -0.683057 234 22 22
-0.068197 -0.001585 0.047031 0.299912 -0.771506 -0.561099 234 22 22
-0.064630 -0.013239 0.064962 0.299912 -0.771506 -0.561099 234 22 22
-0.073631 -0.013239 0.060151 0.299912 -0.771506 -0.561099 234 22 22
-0.063737 0.116742 0.036264 0.416179 0.469628 -0.778617 234 22 22
-0.045455 0.100541 0.036264 0.416179 0.469628 -0.778617 234 22 22
-0.060423 0.100541 0.028263 0.416179 0.469628 -0.778617 234 22 22
-0.079831 -0.021899 0.075119 0.223050 -0.880973 -0.417296 234 22 22
-0.064630 -0.013239 0.064962 0.223050 -0.880973 -0.417296 234 22 22
-0.073631 -0.021899 0.078433 0.223050 -0.880973 -0.417296 234 22 22
-0.060423 0.100541 0.028263 0.451283 0.289006 -0.844287 234 22 22
-0.042492 0.082961 0.031830 0.451283 0.289006 -0.844287 234 22 22
-0.058382 0.082961 0.023337 0.451283 0.289006 -0.844287 234 22 22
-0.079831 -0.021899 0.075119 0.137444 -0.956550 -0.257142 234 22 22
-0.083398 -0.027232 0.093050 0.137444 -0.956550 -0.257142 234 22 22
-0.086559 -0.027232 0.091361 0.137444 -0.956550 -0.257142 234 22 22
-0.057693 0.064679 0.021673 0.469148 0.097550 -0.877715 234 22 22
-0.042492 0.082961 0.031830 0.469148 0.097550 -0.877715 234 22 22
-0.041492 0.064679 0.030333 0.469148 0.097550 -0.877715 234 22 22
-0.086559 0.156590 0.091361 0.046427 0.995138 -0.086858 234 22 22
-0.093555 0.158391 0.108251 0.046427 0.995138 -0.086858 234 22 22
-0.083398 0.156590 0.093050 0.046427 0.995138 -0.086858 234 22 22
-0.093555 -0.029032 0.108251 0.046426 -0.995138 -0.086858 234 22 22
-0.086559 -0.027232 0.091361 0.046426 -0.995138 -0.086858 234 22 22
-0.083398 -0.027232 0.093050 0.046426 -0.995138 -0.086858 234 22 22
-0.057693 0.064679 0.021673 0.469150 -0.097548 -0.877714 234 22 22
-0.042492 0.046397 0.031830 0.469150 -0.097548 -0.877714 234 22 22
-0.058382 0.046397 0.023337 0.469150 -0.097548 -0.877714 234 22 22
-0.086559 0.156590 0.091361 0.137444 0.956550 -0.257141 234 22 22
-0.073631 0.151257 0.078433 0.137444 0.956550 -0.257141 234 22 22
-0.079831 0.151257 0.075119 0.137444 0.956550 -0.257141 234 22 22
-0.058382 0.046397 0.023337 0.451281 -0.289006 -0.844288 234 22 22
-0.045455 0.028817 0.036264 0.451281 -0.289006 -0.844288 234 22 22
-0.060423 0.028817 0.028263 0.451281 -0.289006 -0.844288 234 22 22
-0.073631 0.142597 0.060151 0.223049 0.880972 -0.417298 234 22 22
-0.073631 0.151257 0.078433 0.223049 0.880972 -0.417298 234 22 22
-0.064630 0.142597 0.064962 0.223049 0.880972 -0.417298 234 22 22
-0.060423 0.028817 0.028263 0.416179 -0.469628 -0.778617 234 22 22
-0.050266 0.012616 0.043465 0.416179 -0.469628 -0.778617 234 22 22
-0.063737 0.012616 0.036264 0.416179 -0.469628 -0.778617 234 22 22
-0.073631 0.142597 0.060151 0.299913 0.771506 -0.561098 234 22 22
-0.056741 0.130943 0.053155 0.299913 0.771506 -0.561098 234 22 22
-0.068197 0.130943 0.047031 0.299913 0.771506 -0.561098 234 22 22
-0.093555 -0.029032 0.108251 0.062480 -0.995138 -0.076131 234 22 22
-0.083398 -0.027232 0.093050 0.062480 -0.995138 -0.076131 234 22 22
-0.080628 -0.027232 0.095324 0.062480 -0.995138 -0.076131 234 22 22
-0.041492 0.064679 0.030333 0.631368 -0.097550 -0.769324 234 22 22
-0.028564 0.046397 0.043260 0.631368 -0.097550 -0.769324 234 22 22
-0.042492 0.046397 0.031830 0.631368 -0.097550 -0.769324 234 22 22
-0.073631 0.151257 0.078433 0.184970 0.956550 -0.225385 234 22 22
-0.080628 0.156590 0.095324 0.184970 0.956550 -0.225385 234 22 22
-0.068197 0.151257 0.082893 0.184970 0.956550 -0.225385 234 22 22
-0.042492 0.046397 0.031830 0.607322 -0.289004 -0.740025 234 22 22
-0.032335 0.028817 0.047031 0.607322 -0.289004 -0.740025 234 22 22
-0.045455 0.028817 0.036264 0.607322 -0.289004 -0.740025 234 22 22
-0.073631 0.151257 0.078433 0.300175 0.880972 -0.365764 234 22 22
-0.056741 0.142597 0.071437 0.300175 0.880972 -0.365764 234 22 22
-0.064630 0.142597 0.064962 0.300175 0.880972 -0.365764 234 22 22
-0.045455 0.028817 0.036264 0.560083 -0.469628 -0.682464 234 22 22
-0.038459 0.012616 0.053155 0.560083 -0.469628 -0.682464 234 22 22
-0.050266 0.012616 0.043465 0.560083 -0.469628 -0.682464 234 22 22
-0.056741 0.130943 0.053155 0.403617 0.771505 -0.491806 234 22 22
-0.056741 0.142597 0.071437 0.403617 0.771505 -0.491806 234 22 22
-0.046699 0.130943 0.061395 0.403617 0.771505 -0.491806 234 22 22
-0.056741 -0.001585 0.053155 0.491344 -0.632563 -0.598702 234 22 22
-0.038459 0.012616 0.053155 0.491344 -0.632563 -0.598702 234 22 22
-0.046699 -0.001585 0.061395 0.491344 -0.632563 -0.598702 234 22 22
-0.056741 0.130943 0.053155 0.491343 0.632562 -0.598704 234 22 22
-0.038459 0.116742 0.053155 0.491343 0.632562 -0.598704 234 22 22
-0.050266 0.116742 0.043465 0.491343 0.632562 -0.598704 234 22 22
-0.056741 -0.001585 0.053155 0.403616 -0.771505 -0.491807 234 22 22
-0.056741 -0.013239 0.071437 0.403616 -0.771505 -0.491807 234 22 22
-0.064630 -0.013239 0.064962 0.403616 -0.771505 -0.491807 234 22 22
-0.050266 0.116742 0.043465 0.560083 0.469628 -0.682463 234 22 22
-0.032335 0.100541 0.047031 0.560083 0.469628 -0.682463 234 22 22
-0.045455 0.100541 0.036264 0.560083 0.469628 -0.682463 234 22 22
-0.073631 -0.021899 0.078433 0.300175 -0.880973 -0.365763 234 22 22
-0.056741 -0.013239 0.071437 0.300175 -0.880973 -0.365763 234 22 22
-0.068197 -0.021899 0.082893 0.300175 -0.880973 -0.365763 234 22 22
-0.045455 0.100541 0.036264 0.607322 0.289004 -0.740025 234 22 22
-0.028564 0.082961 0.043260 0.607322 0.289004 -0.740025 234 22 22
-0.042492 0.082961 0.031830 0.607322 0.289004 -0.740025 234 22 22
-0.083398 -0.027232 0.093050 0.184970 -0.956550 -0.225386 234 22 22
-0.068197 -0.021899 0.082893 0.184970 -0.956550 -0.225386 234 22 22
-0.080628 -0.027232 0.095324 0.184970 -0.956550 -0.225386 234 22 22
-0.042492 0.082961 0.031830 0.631366 0.097550 -0.769325 234 22 22
-0.027291 0.064679 0.041987 0.631366 0.097550 -0.769325 234 22 22
-0.041492 0.064679 0.030333 0.631366 0.097550 -0.769325 234 22 22
-0.083398 0.156590 0.093050 0.062479 0.995138 -0.076132 234 22 22
-0.093555 0.158391 0.108251 0.062479 0.995138 -0.076132 234 22 22
-0.080628 0.156590 0.095324 0.062479 0.995138 -0.076132 234 22 22
-0.046699 -0.001585 0.061395 0.491808 -0.771505 -0.403615 234 22 22
-0.050266 -0.013239 0.079326 0.491808 -0.771505 -0.403615 234 22 22
-0.056741 -0.013239 0.071437 0.491808 -0.771505 -0.403615 234 22 22
-0.032335 0.100541 0.047031 0.682463 0.469628 -0.560084 234 22 22
-0.028768 0.116742 0.064962 0.682463 0.469628 -0.560084 234 22 22
-0.021568 0.100541 0.060151 0.682463 0.469628 -0.560084 234 22 22
-0.056741 -0.013239 0.071437 0.365763 -0.880973 -0.300175 234 22 22
-0.063737 -0.021899 0.088327 0.365763 -0.880973 -0.300175 234 22 22
-0.068197 -0.021899 0.082893 0.365763 -0.880973 -0.300175 234 22 22
-0.028564 0.082961 0.043260 0.740024 0.289004 -0.607323 234 22 22
-0.021568 0.100541 0.060151 0.740024 0.289004 -0.607323 234 22 22
-0.017134 0.082961 0.057188 0.740024 0.289004 -0.607323 234 22 22
-0.068197 -0.021899 0.082893 0.225386 -0.956550 -0.184971 234 22 22
-0.078354 -0.027232 0.098094 0.225386 -0.956550 -0.184971 234 22 22
-0.080628 -0.027232 0.095324 0.225386 -0.956550 -0.184971 234 22 22
-0.028564 0.082961 0.043260 0.769325 0.097551 -0.631366 234 22 22
-0.015637 0.064679 0.056188 0.769325 0.097551 -0.631366 234 22 22
-0.027291 0.064679 0.041987 0.769325 0.097551 -0.631366 234 22 22
-0.080628 0.156590 0.095324 0.076132 0.995138 -0.062479 234 22 22
-0.093555 0.158391 0.108251 0.076132 0.995138 -0.062479 234 22 22
-0.078354 0.156590 0.098094 0.076132 0.995138 -0.062479 234 22 22
-0.093555 -0.029032 0.108251 0.076131 -0.995138 -0.062480 234 22 22
-0.080628 -0.027232 0.095324 0.076131 -0.995138 -0.062480 234 22 22
-0.078354 -0.027232 0.098094 0.076131 -0.995138 -0.062480 234 22 22
-0.027291 0.064679 0.041987 0.769323 -0.097551 -0.631368 234 22 22
-0.017134 0.046397 0.057188 0.769323 -0.097551 -0.631368 234 22 22
-0.028564 0.046397 0.043260 0.769323 -0.097551 -0.631368 234 22 22
-0.080628 0.156590 0.095324 0.225386 0.956550 -0.184970 234 22 22
-0.063737 0.151257 0.088327 0.225386 0.956550 -0.184970 234 22 22
-0.068197 0.151257 0.082893 0.225386 0.956550 -0.184970 234 22 22
-0.028564 0.046397 0.043260 0.740024 -0.289004 -0.607323 234 22 22
-0.021568 0.028817 0.060151 0.740024 -0.289004 -0.607323 234 22 22
-0.032335 0.028817 0.047031 0.740024 -0.289004 -0.607323 234 22 22
-0.056741 0.142597 0.071437 0.365764 0.880972 -0.300175 234 22 22
-0.063737 0.151257 0.088327 0.365764 0.880972 -0.300175 234 22 22
-0.050266 0.142597 0.079326 0.365764 0.880972 -0.300175 234 22 22
-0.032335 0.028817 0.047031 0.682463 -0.469628 -0.560084 234 22 22
-0.028768 0.012616 0.064962 0.682463 -0.469628 -0.560084 234 22 22
-0.038459 0.012616 0.053155 0.682463 -0.469628 -0.560084 234 22 22
-0.046699 0.130943 0.061395 0.491805 0.771506 -0.403616 234 22 22
-0.050266 0.142597 0.079326 0.491805 0.771506 -0.403616 234 22 22
-0.038459 0.130943 0.071437 0.491805 0.771506 -0.403616 234 22 22
-0.038459 0.012616 0.053155 0.598702 -0.632563 -0.491344 234 22 22
-0.038459 -0.001585 0.071437 0.598702 -0.632563 -0.491344 234 22 22
-0.046699 -0.001585 0.061395 0.598702 -0.632563 -0.491344 234 22 22
-0.046699 0.130943 0.061395 0.598703 0.632563 -0.491344 234 22 22
-0.028768 0.116742 0.064962 0.598703 0.632563 -0.491344 234 22 22
-0.038459 0.116742 0.053155 0.598703 0.632563 -0.491344 234 22 22
-0.078354 0.156590 0.098094 0.257140 0.956550 -0.137445 234 22 22
-0.060423 0.151257 0.094527 0.257140 0.956550 -0.137445 234 22 22
-0.063737 0.151257 0.088327 0.257140 0.956550 -0.137445 234 22 22
-0.021568 0.028817 0.060151 0.844288 -0.289004 -0.451281 234 22 22
-0.008640 0.046397 0.073078 0.844288 -0.289004 -0.451281 234 22 22
-0.013567 0.028817 0.075119 0.844288 -0.289004 -0.451281 234 22 22
-0.050266 0.142597 0.079326 0.417297 0.880972 -0.223051 234 22 22
-0.060423 0.151257 0.094527 0.417297 0.880972 -0.223051 234 22 22
-0.045455 0.142597 0.088327 0.417297 0.880972 -0.223051 234 22 22
-0.021568 0.028817 0.060151 0.778617 -0.469628 -0.416180 234 22 22
-0.021568 0.012616 0.078433 0.778617 -0.469628 -0.416180 234 22 22
-0.028768 0.012616 0.064962 0.778617 -0.469628 -0.416180 234 22 22
-0.050266 0.142597 0.079326 0.561098 0.771506 -0.299913 234 22 22
-0.032335 0.130943 0.082893 0.561098 0.771506 -0.299913 234 22 22
-0.038459 0.130943 0.071437 0.561098 0.771506 -0.299913 234 22 22
-0.038459 -0.001585 0.071437 0.683056 -0.632563 -0.365100 234 22 22
-0.021568 0.012616 0.078433 0.683056 -0.632563 -0.365100 234 22 22
-0.032335 -0.001585 0.082893 0.683056 -0.632563 -0.365100 234 22 22
-0.038459 0.130943 0.071437 0.683056 0.632563 -0.365101 234 22 22
-0.021568 0.116742 0.078433 0.683056 0.632563 -0.365101 234 22 22
-0.028768 0.116742 0.064962 0.683056 0.632563 -0.365101 234 22 22
-0.038459 -0.001585 0.071437 0.561098 -0.771506 -0.299914 234 22 22
-0.045455 -0.013239 0.088327 0.561098 -0.771506 -0.299914 234 22 22
-0.050266 -0.013239 0.079326 0.561098 -0.771506 -0.299914 234 22 22
-0.021568 0.100541 0.060151 0.778617 0.469628 -0.416180 234 22 22
-0.021568 0.116742 0.078433 0.778617 0.469628 -0.416180 234 22 22
-0.013567 0.100541 0.075119 0.778617 0.469628 -0.416180 234 22 22
-0.063737 -0.021899 0.088327 0.417297 -0.880973 -0.223049 234 22 22
-0.045455 -0.013239 0.088327 0.417297 -0.880973 -0.223049 234 22 22
-0.060423 -0.021899 0.094528 0.417297 -0.880973 -0.223049 234 22 22
-0.021568 0.100541 0.060151 0.844288 0.289003 -0.451281 234 22 22
-0.008640 0.082961 0.073078 0.844288 0.289003 -0.451281 234 22 22
-0.017134 0.082961 0.057188 0.844288 0.289003 -0.451281 234 22 22
-0.078354 -0.027232 0.098094 0.257142 -0.956550 -0.137445 234 22 22
-0.060423 -0.021899 0.094528 0.257142 -0.956550 -0.137445 234 22 22
-0.076664 -0.027232 0.101255 0.257142 -0.956550 -0.137445 234 22 22
-0.015637 0.064679 0.056188 0.877714 0.097551 -0.469150 234 22 22
-0.008640 0.082961 0.073078 0.877714 0.097551 -0.469150 234 22 22
-0.006977 0.064679 0.072389 0.877714 0.097551 -0.469150 234 22 22
-0.078354 0.156590 0.098094 0.086858 0.995138 -0.046426 234 22 22
-0.093555 0.158391 0.108251 0.086858 0.995138 -0.046426 234 22 22
-0.076664 0.156590 0.101255 0.086858 0.995138 -0.046426 234 22 22
-0.093555 -0.029032 0.108251 0.086857 -0.995138 -0.046426 234 22 22
-0.078354 -0.027232 0.098094 0.086857 -0.995138 -0.046426 234 22 22
-0.076664 -0.027232 0.101255 0.086857 -0.995138 -0.046426 234 22 22
-0.015637 0.064679 0.056188 0.877715 -0.097550 -0.469148 234 22 22
-0.008640 0.046397 0.073078 0.877715 -0.097550 -0.469148 234 22 22
-0.017134 0.046397 0.057188 0.877715 -0.097550 -0.469148 234 22 22
-0.021568 0.116742 0.078433 0.844848 0.469628 -0.256283 234 22 22
-0.008640 0.100541 0.091361 0.844848 0.469628 -0.256283 234 22 22
-0.013567 0.100541 0.075119 0.844848 0.469628 -0.256283 234 22 22
-0.060423 -0.021899 0.094528 0.452793 -0.880972 -0.137353 234 22 22
-0.042492 -0.013239 0.098094 0.452793 -0.880972 -0.137353 234 22 22
-0.058382 -0.021899 0.101255 0.452793 -0.880972 -0.137353 234 22 22
-0.008640 0.082961 0.073078 0.916106 0.289003 -0.277897 234 22 22
-0.008640 0.100541 0.091361 0.916106 0.289003 -0.277897 234 22 22
-0.003410 0.082961 0.090320 0.916106 0.289003 -0.277897 234 22 22
-0.060423 -0.021899 0.094528 0.279015 -0.956550 -0.084638 234 22 22
-0.075624 -0.027232 0.104685 0.279015 -0.956550 -0.084638 234 22 22
-0.076664 -0.027232 0.101255 0.279015 -0.956550 -0.084638 234 22 22
-0.008640 0.082961 0.073078 0.952376 0.097551 -0.288900 234 22 22
-0.001644 0.064679 0.089969 0.952376 0.097551 -0.288900 234 22 22
-0.006977 0.064679 0.072389 0.952376 0.097551 -0.288900 234 22 22
-0.076664 0.156590 0.101255 0.094247 0.995138 -0.028590 234 22 22
-0.093555 0.158391 0.108251 0.094247 0.995138 -0.028590 234 22 22
-0.075624 0.156590 0.104685 0.094247 0.995138 -0.028590 234 22 22
-0.093555 -0.029032 0.108251 0.094246 -0.995138 -0.028589 234 22 22
-0.076664 -0.027232 0.101255 0.094246 -0.995138 -0.028589 234 22 22
-0.075624 -0.027232 0.104685 0.094246 -0.995138 -0.028589 234 22 22
-0.006977 0.064679 0.072389 0.952376 -0.097551 -0.288900 234 22 22
-0.003410 0.046397 0.090320 0.952376 -0.097551 -0.288900 234 22 22
-0.008640 0.046397 0.073078 0.952376 -0.097551 -0.288900 234 22 22
-0.076664 0.156590 0.101255 0.279014 0.956550 -0.084638 234 22 22
-0.058382 0.151257 0.101255 0.279014 0.956550 -0.084638 234 22 22
-0.060423 0.151257 0.094527 0.279014 0.956550 -0.084638 234 22 22
-0.008640 0.046397 0.073078 0.916106 -0.289004 -0.277898 234 22 22
-0.008640 0.028817 0.091361 0.916106 -0.289004 -0.277898 234 22 22
-0.013567 0.028817 0.075119 0.916106 -0.289004 -0.277898 234 22 22
-0.060423 0.151257 0.094527 0.452794 0.880972 -0.137354 234 22 22
-0.042492 0.142597 0.098094 0.452794 0.880972 -0.137354 234 22 22
-0.045455 0.142597 0.088327 0.452794 0.880972 -0.137354 234 22 22
-0.013567 0.028817 0.075119 0.844849 -0.469628 -0.256281 234 22 22
-0.017134 0.012616 0.093050 0.844849 -0.469628 -0.256281 234 22 22
-0.021568 0.012616 0.078433 0.844849 -0.469628 -0.256281 234 22 22
-0.032335 0.130943 0.082893 0.608826 0.771506 -0.184687 234 22 22
-0.042492 0.142597 0.098094 0.608826 0.771506 -0.184687 234 22 22
-0.028564 0.130943 0.095324 0.608826 0.771506 -0.184687 234 22 22
-0.032335 -0.001585 0.082893 0.741160 -0.632561 -0.224830 234 22 22
-0.017134 0.012616 0.093050 0.741160 -0.632561 -0.224830 234 22 22
-0.028564 -0.001585 0.095324 0.741160 -0.632561 -0.224830 234 22 22
-0.032335 0.130943 0.082893 0.741159 0.632563 -0.224827 234 22 22
-0.017134 0.116742 0.093050 0.741159 0.632563 -0.224827 234 22 22
-0.021568 0.116742 0.078433 0.741159 0.632563 -0.224827 234 22 22
-0.032335 -0.001585 0.082893 0.608828 -0.771505 -0.184686 234 22 22
-0.042492 -0.013239 0.098094 0.608828 -0.771505 -0.184686 234 22 22
-0.045455 -0.013239 0.088327 0.608828 -0.771505 -0.184686 234 22 22
-0.003410 0.046397 0.090320 0.952718 -0.289003 -0.093835 234 22 22
-0.006977 0.028817 0.108251 0.952718 -0.289003 -0.093835 234 22 22
-0.008640 0.028817 0.091361 0.952718 -0.289003 -0.093835 234 22 22
-0.058382 0.151257 0.101255 0.470890 0.880972 -0.046379 234 22 22
-0.041492 0.142597 0.108251 0.470890 0.880972 -0.046379 234 22 22
-0.042492 0.142597 0.098094 0.470890 0.880972 -0.046379 234 22 22
-0.017134 0.012616 0.093050 0.878612 -0.469629 -0.086535 234 22 22
-0.006977 0.028817 0.108251 0.878612 -0.469629 -0.086535 234 22 22
-0.015637 0.012616 0.108251 0.878612 -0.469629 -0.086535 234 22 22
-0.042492 0.142597 0.098094 0.633159 0.771506 -0.062361 234 22 22
-0.027291 0.130943 0.108251 0.633159 0.771506 -0.062361 234 22 22
-0.028564 0.130943 0.095324 0.633159 0.771506 -0.062361 234 22 22
-0.017134 0.012616 0.093050 0.770781 -0.632561 -0.075915 234 22 22
-0.027291 -0.001585 0.108251 0.770781 -0.632561 -0.075915 234 22 22
-0.028564 -0.001585 0.095324 0.770781 -0.632561 -0.075915 234 22 22
-0.017134 0.116742 0.093050 0.770781 0.632562 -0.075915 234 22 22
-0.027291 0.130943 0.108251 0.770781 0.632562 -0.075915 234 22 22
-0.015637 0.116742 0.108251 0.770781 0.632562 -0.075915 234 22 22
-0.042492 -0.013239 0.098094 0.633159 -0.771506 -0.062360 234 22 22
-0.027291 -0.001585 0.108251 0.633159 -0.771506 -0.062360 234 22 22
-0.041492 -0.013239 0.108251 0.633159 -0.771506 -0.062360 234 22 22
-0.017134 0.116742 0.093050 0.878613 0.469629 -0.086537 234 22 22
-0.006977 0.100541 0.108251 0.878613 0.469629 -0.086537 234 22 22
-0.008640 0.100541 0.091361 0.878613 0.469629 -0.086537 234 22 22
-0.058382 -0.021899 0.101255 0.470889 -0.880972 -0.046379 234 22 22
-0.041492 -0.013239 0.108251 0.470889 -0.880972 -0.046379 234 22 22
-0.057693 -0.021899 0.108251 0.470889 -0.880972 -0.046379 234 22 22
-0.003410 0.082961 0.090320 0.952718 0.289003 -0.093836 234 22 22
-0.006977 0.100541 0.108251 0.952718 0.289003 -0.093836 234 22 22
-0.001644 0.082961 0.108251 0.952718 0.289003 -0.093836 234 22 22
-0.058382 -0.021899 0.101255 0.290166 -0.956550 -0.028578 234 22 22
-0.075273 -0.027232 0.108251 0.290166 -0.956550 -0.028578 234 22 22
-0.075624 -0.027232 0.104685 0.290166 -0.956550 -0.028578 234 22 22
-0.003410 0.082961 0.090320 0.990563 0.097539 -0.096292 234 22 22
0.000133 0.064679 0.108251 0.990563 0.097539 -0.096292 234 22 22
-0.001644 0.064679 0.089969 0.990563 0.097539 -0.096292 234 22 22
-0.075624 0.156590 0.104685 0.098013 0.995138 -0.009653 234 22 22
-0.093555 0.158391 0.108251 0.098013 0.995138 -0.009653 234 22 22
-0.075273 0.156590 0.108251 0.098013 0.995138 -0.009653 234 22 22
-0.093555 -0.029032 0.108251 0.098013 -0.995138 -0.009653 234 22 22
-0.075624 -0.027232 0.104685 0.098013 -0.995138 -0.009653 234 22 22
-0.075273 -0.027232 0.108251 0.098013 -0.995138 -0.009653 234 22 22
-0.003410 0.046397 0.090320 0.990560 -0.096292 -0.097563 234 22 22
0.000133 0.064679 0.108251 0.990560 -0.096292 -0.097563 234 22 22
-0.001644 0.046397 0.108251 0.990560 -0.096292 -0.097563 234 22 22
-0.075624 0.156590 0.104685 0.290165 0.956550 -0.028579 234 22 22
-0.057693 0.151257 0.108251 0.290165 0.956550 -0.028579 234 22 22
-0.058382 0.151257 0.101255 0.290165 0.956550 -0.028579 234 22 22
-0.129417 -0.021899 0.108251 -0.471395 -0.881922 0.000000 234 22 22
-0.145618 -0.013239 0.402623 -0.471395 -0.881922 0.000000 234 22 22
-0.145618 -0.013239 0.108251 -0.471395 -0.881922 0.000000 234 22 22
-0.185466 0.082961 0.108251 -0.956941 0.290284 0.000000 234 22 22
-0.180133 0.100541 0.108251 -0.956941 0.290284 0.000000 234 22 22
-0.015637 0.012616 0.108251 0.881921 -0.471398 -0.000000 234 22 22
-0.006977 0.028817 0.402623 0.881921 -0.471398 -0.000000 234 22 22
-0.015637 0.012616 0.402623 0.881921 -0.471398 -0.000000 234 22 22
-0.093555 -0.029032 0.108251 -0.098017 -0.995185 0.000000 234 22 22
-0.111837 -0.027232 0.108251 -0.098017 -0.995185 0.000000 234 22 22
-0.187267 0.064679 0.108251 -0.995185 0.098018 0.000000 234 22 22
-0.185466 0.082961 0.108251 -0.995185 0.098018 0.000000 234 22 22
-0.015637 0.012616 0.108251 0.773011 -0.634392 -0.000000 234 22 22
-0.027291 -0.001585 0.108251 0.773011 -0.634392 -0.000000 234 22 22
-0.187267 0.064679 0.108251 -0.995185 -0.098016 0.000000 234 22 22
-0.185466 0.046397 0.402623 -0.995185 -0.098016 0.000000 234 22 22
-0.187267 0.064679 0.402623 -0.995185 -0.098016 0.000000 234 22 22
-0.041492 -0.013239 0.108251 0.634394 -0.773010 -0.000000 234 22 22
-0.041492 -0.013239 0.402623 0.634394 -0.773010 -0.000000 234 22 22
-0.041492 -0.013239 0.108251 0.471397 -0.881921 -0.000000 234 22 22
-0.057693 -0.021899 0.108251 0.471397 -0.881921 -0.000000 234 22 22
-0.057693 -0.021899 0.108251 0.290284 -0.956941 -0.000000 234 22 22
-0.075273 -0.027232 0.402623 0.290284 -0.956941 -0.000000 234 22 22
-0.075273 -0.027232 0.108251 0.290284 -0.956941 -0.000000 234 22 22
-0.057693 0.151257 0.108251 0.290283 0.956941 -0.000000 234 22 22
-0.075273 0.156590 0.402623 0.290283 0.956941 -0.000000 234 22 22
-0.057693 0.151257 0.108251 0.471397 0.881921 -0.000000 234 22 22
-0.041492 0.142597 0.108251 0.471397 0.881921 -0.000000 234 22 22
-0.041492 0.142597 0.108251 0.634394 0.773010 -0.000000 234 22 22
-0.027291 0.130943 0.108251 0.634394 0.773010 -0.000000 234 22 22
-0.171473 0.012616 0.108251 -0.881921 -0.471398 0.000000 234 22 22
-0.180133 0.028817 0.108251 -0.881921 -0.471398 0.000000 234 22 22
-0.015637 0.116742 0.108251 0.773011 0.634392 -0.000000 234 22 22
-0.015637 0.116742 0.402623 0.773011 0.634392 -0.000000 234 22 22
-0.159819 -0.001585 0.108251 -0.773012 -0.634391 0.000000 234 22 22
-0.171473 0.012616 0.108251 -0.773012 -0.634391 0.000000 234 22 22
-0.111837 0.156590 0.108251 -0.290283 0.956941 0.000000 234 22 22
-0.129417 0.151257 0.402623 -0.290283 0.956941 0.000000 234 22 22
-0.075273 0.156590 0.108251 0.098018 0.995185 -0.000000 234 22 22
-0.093555 0.158391 0.402623 0.098018 0.995185 -0.000000 234 22 22
-0.015637 0.116742 0.108251 0.881921 0.471398 -0.000000 234 22 22
-0.006977 0.100541 0.108251 0.881921 0.471398 -0.000000 234 22 22
-0.111837 -0.027232 0.108251 -0.290284 -0.956940 0.000000 234 22 22
-0.129417 -0.021899 0.108251 -0.290284 -0.956940 0.000000 234 22 22
-0.145618 0.142597 0.108251 -0.471397 0.881921 0.000000 234 22 22
-0.129417 0.151257 0.108251 -0.471397 0.881921 0.000000 234 22 22
-0.075273 -0.027232 0.108251 0.098017 -0.995185 0.000000 234 22 22
-0.093555 -0.029032 0.108251 0.098017 -0.995185 0.000000 234 22 22
-0.006977 0.100541 0.108251 0.956941 0.290284 -0.000000 234 22 22
-0.001644 0.082961 0.108251 0.956941 0.290284 -0.000000 234 22 22
-0.093555 0.158391 0.108251 -0.098018 0.995185 -0.000000 234 22 22
-0.111837 0.156590 0.402623 -0.098018 0.995185 -0.000000 234 22 22
-0.159819 0.130943 0.108251 -0.634393 0.773011 0.000000 234 22 22
-0.145618 0.142597 0.402623 -0.634393 0.773011 0.000000 234 22 22
-0.145618 0.142597 0.108251 -0.634393 0.773011 0.000000 234 22 22
-0.001644 0.082961 0.108251 0.995308 0.096753 -0.000000 234 22 22
0.000133 0.064679 0.108251 0.995308 0.096753 -0.000000 234 22 22
-0.180133 0.028817 0.108251 -0.956940 -0.290286 0.000000 234 22 22
-0.185466 0.046397 0.108251 -0.956940 -0.290286 0.000000 234 22 22
-0.171473 0.116742 0.108251 -0.773010 0.634394 0.000000 234 22 22
-0.159819 0.130943 0.108251 -0.773010 0.634394 0.000000 234 22 22
0.000133 0.064679 0.108251 0.995308 -0.096753 -0.000000 234 22 22
-0.001644 0.046397 0.108251 0.995308 -0.096753 -0.000000 234 22 22
-0.180133 0.100541 0.108251 -0.881922 0.471396 0.000000 234 22 22
-0.171473 0.116742 0.402623 -0.881922 0.471396 0.000000 234 22 22
-0.171473 0.116742 0.108251 -0.881922 0.471396 0.000000 234 22 22
-0.159819 -0.001585 0.108251 -0.634395 -0.773009 0.000000 234 22 22
-0.145618 -0.013239 0.402623 -0.634395 -0.773009 0.000000 234 22 22
-0.001644 0.046397 0.108251 0.956940 -0.290284 -0.000000 234 22 22
-0.006977 0.028817 0.402623 0.956940 -0.290284 -0.000000 234 22 22
-0.006977 0.028817 0.108251 0.956940 -0.290284 -0.000000 234 22 22
0.000133 0.070019 -0.645100 -0.000000 0.000000 -1.000000 255 255 255
0.110100 0.128017 -0.645100 -0.000000 0.000000 -1.000000 255 255 255
0.164084 0.070019 -0.645100 -0.000000 0.000000 -1.000000 255 255 255
0.110100 0.128017 -0.645100 0.731983 0.681323 -0.000000 255 255 255
0.164084 0.070019 -0.602518 0.731983 0.681323 -0.000000 255 255 255
0.164084 0.070019 -0.645100 0.731983 0.681323 -0.000000 255 255 255
0.000133 -0.036978 -0.645100 0.000000 -1.000000 0.000000 255 255 255
0.110100 -0.036978 -0.602518 0.000000 -1.000000 0.000000 255 255 255
0.000133 -0.036978 -0.602518 0.000000 -1.000000 0.000000 255 255 255
0.000133 0.128017 -0.602518 0.000000 1.000000 -0.000000 255 255 255
0.110100 0.128017 -0.645100 0.000000 1.000000 -0.000000 255 255 255
0.000133 0.128017 -0.645100 0.000000 1.000000 -0.000000 255 255 255
0.164084 0.021019 -0.645100 0.731983 -0.681323 0.000000 255 255 255
0.110100 -0.036978 -0.602518 0.731983 -0.681323 0.000000 255 255 255
0.110100 -0.036978 -0.645100 0.731983 -0.681323 0.000000 255 255 255
0.000133 0.021019 -0.645100 0.000000 0.000000 -1.000000 255 255 255
0.110100 -0.036978 -0.645100 0.000000 0.000000 -1.000000 255 255 255
0.000133 -0.036978 -0.645100 0.000000 0.000000 -1.000000 255 255 255
0.164084 0.021019 -0.645100 0.000000 0.000000 -1.000000 255 255 255
0.164084 0.021019 -0.645100 1.000000 -0.000000 0.000000 255 255 255
0.164084 0.070019 -0.602518 1.000000 -0.000000 0.000000 255 255 255
0.164084 0.021019 -0.602518 1.000000 -0.000000 0.000000 255 255 255
0.164084 0.070019 -0.602518 0.000000 -0.000000 1.000000 255 255 255
0.000133 0.021019 -0.602518 0.000000 -0.000000 1.000000 255 255 255
0.164084 0.021019 -0.602518 0.000000 -0.000000 1.000000 255 255 255
0.110100 -0.036978 -0.602518 -0.000000 0.000000 1.000000 255 255 255
0.000133 -0.036978 -0.602518 -0.000000 0.000000 1.000000 255 255 255
0.110100 0.128017 -0.602518 0.000000 -0.000000 1.000000 255 255 255
0.000133 0.070019 -0.602518 0.000000 -0.000000 1.000000 255 255 255
-0.109834 0.128017 -0.645100 -0.000000 -0.000000 -1.000000 255 255 255
0.000133 0.128017 -0.645100 -0.000000 -0.000000 -1.000000 255 255 255
-0.163818 0.070019 -0.602518 -0.731983 0.681323 0.000000 255 255 255
-0.109834 0.128017 -0.645100 -0.731983 0.681323 0.000000 255 255 255
-0.163818 0.070019 -0.645100 -0.731983 0.681323 0.000000 255 255 255
-0.109834 -0.036978 -0.602518 0.000000 -1.000000 0.000000 255 255 255
-0.109834 0.128017 -0.645100 0.000000 1.000000 -0.000000 255 255 255
-0.109834 -0.036978 -0.602518 -0.731983 -0.681323 0.000000 255 255 255
-0.163818 0.021019 -0.645100 -0.731983 -0.681323 0.000000 255 255 255
-0.109834 -0.036978 -0.645100 -0.731983 -0.681323 0.000000 255 255 255
-0.109834 -0.036978 -0.645100 -0.000000 0.000000 -1.000000 255 255 255
-0.163818 0.021019 -0.645100 -0.000000 0.000000 -1.000000 255 255 255
-0.163818 0.070019 -0.602518 -1.000000 0.000000 -0.000000 255 255 255
-0.163818 0.021019 -0.645100 -1.000000 0.000000 -0.000000 255 255 255
-0.163818 0.021019 -0.602518 -1.000000 0.000000 -0.000000 255 255 255
-0.163818 0.070019 -0.602518 -0.000000 0.000000 1.000000 255 255 255
-0.163818 0.021019 -0.602518 -0.000000 0.000000 1.000000 255 255 255
-0.109834 -0.036978 -0.602518 -0.000000 0.000000 1.000000 255 255 255
-0.109834 0.128017 -0.602518 -0.000000 0.000000 1.000000 255 255 255
0.000133 0.070019 -0.379075 -0.000000 0.000000 -1.000000 255 255 255
0.110100 0.128017 -0.379075 -0.000000 0.000000 -1.000000 255 255 255
0.164084 0.070019 -0.379075 -0.000000 0.000000 -1.000000 255 255 255
0.000133 -0.036978 0.000349 0.000000 -0.000000 -1.000000 255 255 255
0.107497 -0.030999 0.000349 0.000000 -0.000000 -1.000000 255 255 255
0.110100 -0.036978 0.000349 0.000000 -0.000000 -1.000000 255 255 255
0.000133 -0.036978 -0.379075 0.000000 -1.000000 -0.000000 255 255 255
0.110100 -0.036978 -0.351973 0.000000 -1.000000 -0.000000 255 255 255
0.000133 -0.036978 -0.351973 0.000000 -1.000000 -0.000000 255 255 255
0.164084 0.070019 -0.026753 -0.000000 0.000000 1.000000 255 255 255
0.107497 0.122038 -0.026753 -0.000000 0.000000 1.000000 255 255 255
0.158015 0.067632 -0.026753 -0.000000 0.000000 1.000000 255 255 255
0.000133 0.021019 -0.379075 0.000000 0.000000 -1.000000 255 255 255
0.110100 -0.036978 -0.379075 0.000000 0.000000 -1.000000 255 255 255
0.000133 -0.036978 -0.379075 0.000000 0.000000 -1.000000 255 255 255
0.164084 0.021019 -0.379075 0.000000 0.000000 -1.000000 255 255 255
0.164084 0.021019 -0.379075 1.000000 -0.000000 0.000000 255 255 255
0.164084 0.070019 -0.351973 1.000000 -0.000000 0.000000 255 255 255
0.164084 0.021019 -0.351973 1.000000 -0.000000 0.000000 255 255 255
0.164084 0.070019 0.000349 1.000000 -0.000000 0.000000 255 255 255
0.164084 0.021019 0.027451 1.000000 -0.000000 0.000000 255 255 255
0.164084 0.021019 0.000349 1.000000 -0.000000 0.000000 255 255 255
0.164084 0.021019 -0.053855 1.000000 0.000000 0.000000 255 255 255
0.164084 0.070019 -0.026753 1.000000 0.000000 0.000000 255 255 255
0.164084 0.021019 -0.026753 1.000000 0.000000 0.000000 255 255 255
0.164084 0.021019 -0.108058 1.000000 -0.000000 0.000000 255 255 255
0.164084 0.070019 -0.080956 1.000000 -0.000000 0.000000 255 255 255
0.164084 0.021019 -0.080956 1.000000 -0.000000 0.000000 255 255 255
0.164084 0.021019 -0.243567 -0.000000 0.000000 1.000000 255 255 255
0.157593 0.067466 -0.243567 -0.000000 0.000000 1.000000 255 255 255
0.157593 0.023573 -0.243567 -0.000000 0.000000 1.000000 255 255 255
0.164084 0.021019 -0.162261 1.000000 -0.000000 0.000000 255 255 255
0.164084 0.070019 -0.135160 1.000000 -0.000000 0.000000 255 255 255
0.164084 0.021019 -0.135160 1.000000 -0.000000 0.000000 255 255 255
0.000133 0.128017 -0.135160 0.000000 0.000000 1.000000 255 255 255
0.107316 0.121622 -0.135160 0.000000 0.000000 1.000000 255 255 255
0.110100 0.128017 -0.135160 0.000000 0.000000 1.000000 255 255 255
0.164084 0.021019 -0.216465 1.000000 -0.000000 0.000000 255 255 255
0.164084 0.070019 -0.189363 1.000000 -0.000000 0.000000 255 255 255
0.164084 0.021019 -0.189363 1.000000 -0.000000 0.000000 255 255 255
0.164084 0.070019 -0.135160 -0.000000 -0.000000 1.000000 255 255 255
0.157593 0.067466 -0.135160 -0.000000 -0.000000 1.000000 255 255 255
0.164084 0.021019 -0.270668 1.000000 -0.000000 0.000000 255 255 255
0.164084 0.070019 -0.243567 1.000000 -0.000000 0.000000 255 255 255
0.164084 0.021019 -0.243567 1.000000 -0.000000 0.000000 255 255 255
0.164084 0.070019 -0.216465 0.000000 0.000000 -1.000000 255 255 255
0.157593 0.023573 -0.216465 0.000000 0.000000 -1.000000 255 255 255
0.157593 0.067466 -0.216465 0.000000 0.000000 -1.000000 255 255 255
0.164084 0.021019 -0.324872 1.000000 -0.000000 0.000000 255 255 255
0.164084 0.070019 -0.297770 1.000000 -0.000000 0.000000 255 255 255
0.164084 0.021019 -0.297770 1.000000 -0.000000 0.000000 255 255 255
0.000133 0.128017 -0.162261 0.000000 0.000000 -1.000000 255 255 255
0.107316 0.121622 -0.162261 0.000000 0.000000 -1.000000 255 255 255
0.000133 0.121043 -0.162261 0.000000 0.000000 -1.000000 255 255 255
0.164084 0.021019 -0.379075 0.731983 -0.681323 0.000000 255 255 255
0.110100 -0.036978 -0.351973 0.731983 -0.681323 0.000000 255 255 255
0.110100 -0.036978 -0.379075 0.731983 -0.681323 0.000000 255 255 255
0.164084 0.070019 -0.162261 0.000000 -0.000000 -1.000000 255 255 255
0.110100 0.128017 -0.162261 0.000000 -0.000000 -1.000000 255 255 255
0.164084 0.021019 -0.324872 0.731983 -0.681323 0.000000 255 255 255
0.110100 -0.036978 -0.297770 0.731983 -0.681323 0.000000 255 255 255
0.110100 -0.036978 -0.324872 0.731983 -0.681323 0.000000 255 255 255
0.164084 0.021019 -0.270668 0.731983 -0.681323 -0.000000 255 255 255
0.110100 -0.036978 -0.243567 0.731983 -0.681323 -0.000000 255 255 255
0.110100 -0.036978 -0.270668 0.731983 -0.681323 -0.000000 255 255 255
0.164084 0.021019 -0.189363 -0.000000 0.000000 1.000000 255 255 255
0.157593 0.067466 -0.189363 -0.000000 0.000000 1.000000 255 255 255
0.157593 0.023573 -0.189363 -0.000000 0.000000 1.000000 255 255 255
0.164084 0.021019 -0.216465 0.731983 -0.681323 0.000000 255 255 255
0.110100 -0.036978 -0.189363 0.731983 -0.681323 0.000000 255 255 255
0.110100 -0.036978 -0.216465 0.731983 -0.681323 0.000000 255 255 255
0.000133 0.128017 -0.189363 0.000000 0.000000 1.000000 255 255 255
0.107316 0.121622 -0.189363 0.000000 0.000000 1.000000 255 255 255
0.110100 0.128017 -0.189363 0.000000 0.000000 1.000000 255 255 255
0.164084 0.021019 -0.162261 0.731983 -0.681323 0.000000 255 255 255
0.110100 -0.036978 -0.135160 0.731983 -0.681323 0.000000 255 255 255
0.110100 -0.036978 -0.162261 0.731983 -0.681323 0.000000 255 255 255
0.164084 0.070019 -0.189363 -0.000000 -0.000000 1.000000 255 255 255
0.164084 0.021019 -0.108058 0.731983 -0.681323 0.000000 255 255 255
0.110100 -0.036978 -0.080956 0.731983 -0.681323 0.000000 255 255 255
0.110100 -0.036978 -0.108058 0.731983 -0.681323 0.000000 255 255 255
0.157593 0.023573 -0.162261 0.000000 0.000000 -1.000000 255 255 255
0.157593 0.067466 -0.162261 0.000000 0.000000 -1.000000 255 255 255
0.164084 0.021019 -0.053855 0.731983 -0.681323 0.000000 255 255 255
0.110100 -0.036978 -0.026753 0.731983 -0.681323 0.000000 255 255 255
0.110100 -0.036978 -0.053855 0.731983 -0.681323 0.000000 255 255 255
0.000133 0.128017 -0.351973 0.000000 1.000000 -0.000000 255 255 255
0.110100 0.128017 -0.379075 0.000000 1.000000 -0.000000 255 255 255
0.000133 0.128017 -0.379075 0.000000 1.000000 -0.000000 255 255 255
0.000133 0.128017 -0.216465 0.000000 0.000000 -1.000000 255 255 255
0.107316 0.121622 -0.216465 0.000000 0.000000 -1.000000 255 255 255
0.000133 0.121043 -0.216465 0.000000 0.000000 -1.000000 255 255 255
0.000133 0.128017 -0.297770 0.000000 1.000000 -0.000000 255 255 255
0.110100 0.128017 -0.324872 0.000000 1.000000 -0.000000 255 255 255
0.000133 0.128017 -0.324872 0.000000 1.000000 -0.000000 255 255 255
0.110100 0.128017 -0.216465 0.000000 -0.000000 -1.000000 255 255 255
0.000133 0.128017 -0.243567 0.000000 1.000000 -0.000000 255 255 255
0.110100 0.128017 -0.270668 0.000000 1.000000 -0.000000 255 255 255
0.000133 0.128017 -0.270668 0.000000 1.000000 -0.000000 255 255 255
0.000133 0.128017 -0.189363 0.000000 1.000000 -0.000000 255 255 255
0.110100 0.128017 -0.216465 0.000000 1.000000 -0.000000 255 255 255
0.000133 0.128017 -0.216465 0.000000 1.000000 -0.000000 255 255 255
0.164084 0.021019 -0.135160 -0.000000 0.000000 1.000000 255 255 255
0.157593 0.023573 -0.135160 -0.000000 0.000000 1.000000 255 255 255
0.000133 0.128017 -0.135160 0.000000 1.000000 -0.000000 255 255 255
0.110100 0.128017 -0.162261 0.000000 1.000000 -0.000000 255 255 255
0.000133 0.128017 -0.162261 0.000000 1.000000 -0.000000 255 255 255
0.000133 0.128017 -0.243567 0.000000 0.000000 1.000000 255 255 255
0.107316 0.121622 -0.243567 0.000000 0.000000 1.000000 255 255 255
0.110100 0.128017 -0.243567 0.000000 0.000000 1.000000 255 255 255
0.000133 0.128017 -0.080956 0.000000 1.000000 -0.000000 255 255 255
0.110100 0.128017 -0.108058 0.000000 1.000000 -0.000000 255 255 255
0.000133 0.128017 -0.108058 0.000000 1.000000 -0.000000 255 255 255
0.164084 0.070019 -0.243567 -0.000000 -0.000000 1.000000 255 255 255
0.000133 0.128017 -0.053855 0.000000 1.000000 -0.000000 255 255 255
0.110100 0.128017 -0.026753 0.000000 1.000000 -0.000000 255 255 255
0.110100 0.128017 -0.053855 0.000000 1.000000 -0.000000 255 255 255
0.164084 0.021019 0.000349 -0.000000 -0.000000 -1.000000 255 255 255
0.158015 0.023407 0.000349 -0.000000 -0.000000 -1.000000 255 255 255
0.000133 -0.036978 -0.026753 0.000000 -1.000000 0.000000 255 255 255
0.110100 -0.036978 -0.053855 0.000000 -1.000000 0.000000 255 255 255
0.110100 -0.036978 -0.026753 0.000000 -1.000000 0.000000 255 255 255
0.164084 0.070019 -0.108058 0.000000 0.000000 -1.000000 255 255 255
0.157593 0.023573 -0.108058 0.000000 0.000000 -1.000000 255 255 255
0.157593 0.067466 -0.108058 0.000000 0.000000 -1.000000 255 255 255
0.000133 -0.036978 -0.108058 0.000000 -1.000000 -0.000000 255 255 255
0.110100 -0.036978 -0.080956 0.000000 -1.000000 -0.000000 255 255 255
0.000133 -0.036978 -0.080956 0.000000 -1.000000 -0.000000 255 255 255
0.000133 0.128017 -0.270668 0.000000 0.000000 -1.000000 255 255 255
0.107316 0.121622 -0.270668 0.000000 0.000000 -1.000000 255 255 255
0.000133 0.121043 -0.270668 0.000000 0.000000 -1.000000 255 255 255
0.000133 -0.036978 -0.162261 0.000000 -1.000000 -0.000000 255 255 255
0.110100 -0.036978 -0.135160 0.000000 -1.000000 -0.000000 255 255 255
0.000133 -0.036978 -0.135160 0.000000 -1.000000 -0.000000 255 255 255
0.164084 0.070019 -0.270668 0.000000 -0.000000 -1.000000 255 255 255
0.110100 0.128017 -0.270668 0.000000 -0.000000 -1.000000 255 255 255
0.000133 -0.036978 -0.216465 0.000000 -1.000000 0.000000 255 255 255
0.110100 -0.036978 -0.189363 0.000000 -1.000000 0.000000 255 255 255
0.000133 -0.036978 -0.189363 0.000000 -1.000000 0.000000 255 255 255
0.000133 -0.036978 -0.243567 -0.000000 -1.000000 0.000000 255 255 255
0.110100 -0.036978 -0.270668 -0.000000 -1.000000 0.000000 255 255 255
0.110100 -0.036978 -0.243567 -0.000000 -1.000000 0.000000 255 255 255
0.164084 0.021019 -0.080956 -0.000000 0.000000 1.000000 255 255 255
0.157593 0.067466 -0.080956 -0.000000 0.000000 1.000000 255 255 255
0.157593 0.023573 -0.080956 -0.000000 0.000000 1.000000 255 255 255
0.000133 -0.036978 -0.324872 0.000000 -1.000000 0.000000 255 255 255
0.110100 -0.036978 -0.297770 0.000000 -1.000000 0.000000 255 255 255
0.000133 -0.036978 -0.297770 0.000000 -1.000000 0.000000 255 255 255
0.000133 0.128017 -0.297770 0.000000 0.000000 1.000000 255 255 255
0.107316 0.121622 -0.297770 0.000000 0.000000 1.000000 255 255 255
0.110100 0.128017 -0.297770 0.000000 0.000000 1.000000 255 255 255
0.110100 0.128017 -0.379075 0.731983 0.681323 -0.000000 255 255 255
0.164084 0.070019 -0.351973 0.731983 0.681323 -0.000000 255 255 255
0.164084 0.070019 -0.379075 0.731983 0.681323 -0.000000 255 255 255
0.164084 0.070019 -0.297770 -0.000000 -0.000000 1.000000 255 255 255
0.157593 0.067466 -0.297770 -0.000000 -0.000000 1.000000 255 255 255
0.110100 0.128017 -0.324872 0.731983 0.681323 -0.000000 255 255 255
0.164084 0.070019 -0.297770 0.731983 0.681323 -0.000000 255 255 255
0.164084 0.070019 -0.324872 0.731983 0.681323 -0.000000 255 255 255
0.164084 0.070019 -0.053855 0.000000 -0.000000 -1.000000 255 255 255
0.157593 0.023573 -0.053855 0.000000 -0.000000 -1.000000 255 255 255
0.157593 0.067466 -0.053855 0.000000 -0.000000 -1.000000 255 255 255
0.164084 0.070019 -0.270668 0.731983 0.681323 -0.000000 255 255 255
0.110100 0.128017 -0.243567 0.731983 0.681323 -0.000000 255 255 255
0.164084 0.070019 -0.243567 0.731983 0.681323 -0.000000 255 255 255
0.000133 0.128017 -0.324872 0.000000 0.000000 -1.000000 255 255 255
0.107316 0.121622 -0.324872 0.000000 0.000000 -1.000000 255 255 255
0.000133 0.121043 -0.324872 0.000000 0.000000 -1.000000 255 255 255
0.110100 0.128017 -0.216465 0.731983 0.681323 -0.000000 255 255 255
0.164084 0.070019 -0.189363 0.731983 0.681323 -0.000000 255 255 255
0.164084 0.070019 -0.216465 0.731983 0.681323 -0.000000 255 255 255
0.164084 0.070019 -0.324872 0.000000 -0.000000 -1.000000 255 255 255
0.110100 0.128017 -0.324872 0.000000 -0.000000 -1.000000 255 255 255
0.110100 0.128017 -0.162261 0.731983 0.681323 -0.000000 255 255 255
0.164084 0.070019 -0.135160 0.731983 0.681323 -0.000000 255 255 255
0.164084 0.070019 -0.162261 0.731983 0.681323 -0.000000 255 255 255
0.000133 0.128017 -0.351973 0.000000 0.000000 1.000000 255 255 255
0.107316 0.121622 -0.351973 0.000000 0.000000 1.000000 255 255 255
0.110100 0.128017 -0.351973 0.000000 0.000000 1.000000 255 255 255
0.110100 0.128017 -0.108058 0.731983 0.681323 -0.000000 255 255 255
0.164084 0.070019 -0.080956 0.731983 0.681323 -0.000000 255 255 255
0.164084 0.070019 -0.108058 0.731983 0.681323 -0.000000 255 255 255
0.164084 0.070019 -0.351973 -0.000000 -0.000000 1.000000 255 255 255
0.157593 0.067466 -0.351973 -0.000000 -0.000000 1.000000 255 255 255
0.110100 0.128017 -0.053855 0.731983 0.681323 -0.000000 255 255 255
0.164084 0.070019 -0.026753 0.731983 0.681323 -0.000000 255 255 255
0.164084 0.070019 -0.053855 0.731983 0.681323 -0.000000 255 255 255
0.157593 0.023573 -0.080956 1.000000 0.000000 0.000000 255 255 255
0.157593 0.067466 -0.053855 1.000000 0.000000 0.000000 255 255 255
0.157593 0.023573 -0.053855 1.000000 0.000000 0.000000 255 255 255
0.157593 0.023573 -0.135160 1.000000 -0.000000 0.000000 255 255 255
0.157593 0.067466 -0.108058 1.000000 -0.000000 0.000000 255 255 255
0.157593 0.023573 -0.108058 1.000000 -0.000000 0.000000 255 255 255
0.157593 0.023573 -0.189363 1.000000 0.000000 -0.000001 255 255 255
0.157593 0.067466 -0.162261 1.000000 0.000000 -0.000001 255 255 255
0.157593 0.023573 -0.162261 1.000000 0.000000 -0.000001 255 255 255
0.157593 0.023573 -0.243567 1.000000 -0.000000 0.000000 255 255 255
0.157593 0.067466 -0.216465 1.000000 -0.000000 0.000000 255 255 255
0.157593 0.023573 -0.216465 1.000000 -0.000000 0.000000 255 255 255
0.157593 0.023573 -0.297770 1.000000 -0.000000 0.000000 255 255 255
0.157593 0.067466 -0.270668 1.000000 -0.000000 0.000000 255 255 255
0.157593 0.023573 -0.270668 1.000000 -0.000000 0.000000 255 255 255
0.157593 0.023573 -0.351973 1.000000 -0.000000 0.000000 255 255 255
0.157593 0.067466 -0.324872 1.000000 -0.000000 0.000000 255 255 255
0.157593 0.023573 -0.324872 1.000000 -0.000000 0.000000 255 255 255
0.157593 0.023573 -0.351973 0.732864 -0.680375 0.000000 255 255 255
0.107316 -0.030584 -0.324872 0.732864 -0.680375 0.000000 255 255 255
0.107316 -0.030584 -0.351973 0.732864 -0.680375 0.000000 255 255 255
0.157593 0.023573 -0.297770 0.732864 -0.680375 0.000000 255 255 255
0.107316 -0.030584 -0.270668 0.732864 -0.680375 0.000000 255 255 255
0.107316 -0.030584 -0.297770 0.732864 -0.680375 0.000000 255 255 255
0.157593 0.023573 -0.243567 0.732864 -0.680375 0.000000 255 255 255
0.107316 -0.030584 -0.216465 0.732864 -0.680375 0.000000 255 255 255
0.107316 -0.030584 -0.243567 0.732864 -0.680375 0.000000 255 255 255
0.157593 0.023573 -0.189363 0.732864 -0.680375 0.000000 255 255 255
0.107316 -0.030584 -0.162261 0.732864 -0.680375 0.000000 255 255 255
0.107316 -0.030584 -0.189363 0.732864 -0.680375 0.000000 255 255 255
0.157593 0.023573 -0.135160 0.732864 -0.680375 0.000000 255 255 255
0.107316 -0.030584 -0.108058 0.732864 -0.680375 0.000000 255 255 255
0.107316 -0.030584 -0.135160 0.732864 -0.680375 0.000000 255 255 255
0.157593 0.023573 -0.080956 0.732864 -0.680375 -0.000000 255 255 255
0.107316 -0.030584 -0.053855 0.732864 -0.680375 -0.000000 255 255 255
0.107316 -0.030584 -0.080956 0.732864 -0.680375 -0.000000 255 255 255
0.000133 0.121043 -0.324872 -0.005409 0.999985 0.000000 255 255 255
0.107316 0.121622 -0.351973 -0.005409 0.999985 0.000000 255 255 255
0.000133 0.121043 -0.351973 -0.005409 0.999985 0.000000 255 255 255
0.000133 0.121043 -0.270668 -0.005409 0.999985 0.000000 255 255 255
0.107316 0.121622 -0.297770 -0.005409 0.999985 0.000000 255 255 255
0.000133 0.121043 -0.297770 -0.005409 0.999985 0.000000 255 255 255
0.000133 0.121043 -0.216465 -0.005409 0.999985 0.000000 255 255 255
0.107316 0.121622 -0.243567 -0.005409 0.999985 0.000000 255 255 255
0.000133 0.121043 -0.243567 -0.005409 0.999985 0.000000 255 255 255
0.000133 0.121043 -0.162261 -0.005409 0.999985 0.000000 255 255 255
0.107316 0.121622 -0.189363 -0.005409 0.999985 0.000000 255 255 255
0.000133 0.121043 -0.189363 -0.005409 0.999985 0.000000 255 255 255
0.000133 0.121043 -0.108058 -0.005409 0.999985 0.000000 255 255 255
0.107316 0.121622 -0.135160 -0.005409 0.999985 0.000000 255 255 255
0.000133 0.121043 -0.135160 -0.005409 0.999985 0.000000 255 255 255
0.000133 0.121043 -0.053855 -0.005409 0.999985 0.000000 255 255 255
0.107316 0.121622 -0.080956 -0.005409 0.999985 0.000000 255 255 255
0.000133 0.121043 -0.080956 -0.005409 0.999985 0.000000 255 255 255
0.000133 -0.030004 -0.053855 -0.005409 -0.999985 0.000000 255 255 255
0.107316 -0.030584 -0.080956 -0.005409 -0.999985 0.000000 255 255 255
0.107316 -0.030584 -0.053855 -0.005409 -0.999985 0.000000 255 255 255
0.000133 -0.030004 -0.135160 -0.005409 -0.999985 0.000000 255 255 255
0.107316 -0.030584 -0.108058 -0.005409 -0.999985 0.000000 255 255 255
0.000133 -0.030004 -0.108058 -0.005409 -0.999985 0.000000 255 255 255
0.000133 -0.030004 -0.189363 -0.005409 -0.999985 0.000000 255 255 255
0.107316 -0.030584 -0.162261 -0.005409 -0.999985 0.000000 255 255 255
0.000133 -0.030004 -0.162261 -0.005409 -0.999985 0.000000 255 255 255
0.000133 -0.030004 -0.243567 -0.005409 -0.999985 0.000000 255 255 255
0.107316 -0.030584 -0.216465 -0.005409 -0.999985 0.000000 255 255 255
0.000133 -0.030004 -0.216465 -0.005409 -0.999985 0.000000 255 255 255
0.000133 -0.030004 -0.297770 -0.005409 -0.999985 0.000000 255 255 255
0.107316 -0.030584 -0.270668 -0.005409 -0.999985 0.000000 255 255 255
0.000133 -0.030004 -0.270668 -0.005409 -0.999985 0.000000 255 255 255
0.000133 -0.030004 -0.351973 -0.005409 -0.999985 0.000000 255 255 255
0.107316 -0.030584 -0.324872 -0.005409 -0.999985 0.000000 255 255 255
0.000133 -0.030004 -0.324872 -0.005409 -0.999985 0.000000 255 255 255
0.107316 0.121622 -0.351973 0.732864 0.680375 -0.000000 255 255 255
0.157593 0.067466 -0.324872 0.732864 0.680375 -0.000000 255 255 255
0.157593 0.067466 -0.351973 0.732864 0.680375 -0.000000 255 255 255
0.107316 0.121622 -0.297770 0.732864 0.680375 -0.000000 255 255 255
0.157593 0.067466 -0.270668 0.732864 0.680375 -0.000000 255 255 255
0.157593 0.067466 -0.297770 0.732864 0.680375 -0.000000 255 255 255
0.107316 0.121622 -0.243567 0.732864 0.680375 -0.000000 255 255 255
0.157593 0.067466 -0.216465 0.732864 0.680375 -0.000000 255 255 255
0.157593 0.067466 -0.243567 0.732864 0.680375 -0.000000 255 255 255
0.107316 0.121622 -0.189363 0.732864 0.680375 -0.000001 255 255 255
0.157593 0.067466 -0.162261 0.732864 0.680375 -0.000001 255 255 255
0.157593 0.067466 -0.189363 0.732864 0.680375 -0.000001 255 255 255
0.107316 0.121622 -0.135160 0.732864 0.680375 -0.000000 255 255 255
0.157593 0.067466 -0.108058 0.732864 0.680375 -0.000000 255 255 255
0.157593 0.067466 -0.135160 0.732864 0.680375 -0.000000 255 255 255
0.107316 0.121622 -0.080956 0.732864 0.680375 -0.000000 255 255 255
0.157593 0.067466 -0.053855 0.732864 0.680375 -0.000000 255 255 255
0.157593 0.067466 -0.080956 0.732864 0.680375 -0.000000 255 255 255
0.107316 0.121622 -0.108058 0.000000 -0.000000 -1.000000 255 255 255
0.110100 0.128017 -0.108058 0.000000 -0.000000 -1.000000 255 255 255
0.000133 0.128017 -0.108058 0.000000 0.000000 -1.000000 255 255 255
0.000133 0.121043 -0.108058 0.000000 0.000000 -1.000000 255 255 255
0.157593 0.023573 -0.270668 0.000000 0.000000 -1.000000 255 255 255
0.157593 0.067466 -0.270668 0.000000 0.000000 -1.000000 255 255 255
0.164084 0.070019 -0.080956 -0.000000 0.000000 1.000000 255 255 255
0.107316 0.121622 -0.080956 -0.000000 0.000000 1.000000 255 255 255
0.000133 0.128017 -0.080956 0.000000 -0.000000 1.000000 255 255 255
0.110100 0.128017 -0.080956 0.000000 -0.000000 1.000000 255 255 255
0.164084 0.021019 -0.297770 -0.000000 0.000000 1.000000 255 255 255
0.157593 0.023573 -0.297770 -0.000000 0.000000 1.000000 255 255 255
0.107316 0.121622 -0.053855 -0.000000 -0.000000 -1.000000 255 255 255
0.110100 0.128017 -0.053855 -0.000000 -0.000000 -1.000000 255 255 255
0.000133 0.128017 -0.053855 -0.000000 -0.000001 -1.000000 255 255 255
0.107316 0.121622 -0.053855 -0.000000 -0.000001 -1.000000 255 255 255
0.000133 0.121043 -0.053855 -0.000000 -0.000001 -1.000000 255 255 255
0.157593 0.023573 -0.324872 0.000000 0.000000 -1.000000 255 255 255
0.157593 0.067466 -0.324872 0.000000 0.000000 -1.000000 255 255 255
0.164084 0.021019 -0.351973 -0.000000 0.000000 1.000000 255 255 255
0.157593 0.023573 -0.351973 -0.000000 0.000000 1.000000 255 255 255
0.107316 -0.030584 -0.351973 0.000000 -0.000000 1.000000 255 255 255
0.110100 -0.036978 -0.351973 0.000000 -0.000000 1.000000 255 255 255
0.000133 -0.036978 -0.053855 0.000000 0.000000 -1.000000 255 255 255
0.107316 -0.030584 -0.053855 0.000000 0.000000 -1.000000 255 255 255
0.110100 -0.036978 -0.053855 0.000000 0.000000 -1.000000 255 255 255
0.164084 0.021019 -0.324872 0.000000 -0.000000 -1.000000 255 255 255
0.107316 -0.030584 -0.324872 0.000000 -0.000000 -1.000000 255 255 255
0.000133 -0.036978 -0.080956 -0.000000 0.000000 1.000000 255 255 255
0.107316 -0.030584 -0.080956 -0.000000 0.000000 1.000000 255 255 255
0.000133 -0.030004 -0.080956 -0.000000 0.000000 1.000000 255 255 255
0.107316 -0.030584 -0.297770 0.000000 -0.000000 1.000000 255 255 255
0.110100 -0.036978 -0.297770 0.000000 -0.000000 1.000000 255 255 255
0.000133 -0.036978 -0.108058 -0.000000 0.000000 -1.000000 255 255 255
0.107316 -0.030584 -0.108058 -0.000000 0.000000 -1.000000 255 255 255
0.110100 -0.036978 -0.108058 -0.000000 0.000000 -1.000000 255 255 255
0.164084 0.021019 -0.270668 0.000000 -0.000000 -1.000000 255 255 255
0.107316 -0.030584 -0.270668 0.000000 -0.000000 -1.000000 255 255 255
0.000133 -0.036978 -0.135160 0.000000 0.000000 1.000000 255 255 255
0.107316 -0.030584 -0.135160 0.000000 0.000000 1.000000 255 255 255
0.000133 -0.030004 -0.135160 0.000000 0.000000 1.000000 255 255 255
0.107316 -0.030584 -0.243567 0.000000 -0.000000 1.000000 255 255 255
0.110100 -0.036978 -0.243567 0.000000 -0.000000 1.000000 255 255 255
0.000133 -0.036978 -0.162261 -0.000000 0.000000 -1.000000 255 255 255
0.107316 -0.030584 -0.162261 -0.000000 0.000000 -1.000000 255 255 255
0.110100 -0.036978 -0.162261 -0.000000 0.000000 -1.000000 255 255 255
0.164084 0.021019 -0.216465 0.000000 -0.000000 -1.000000 255 255 255
0.107316 -0.030584 -0.216465 0.000000 -0.000000 -1.000000 255 255 255
0.000133 -0.036978 -0.189363 0.000000 0.000000 1.000000 255 255 255
0.107316 -0.030584 -0.189363 0.000000 0.000000 1.000000 255 255 255
0.000133 -0.030004 -0.189363 0.000000 0.000000 1.000000 255 255 255
0.110100 -0.036978 -0.189363 0.000000 -0.000000 1.000000 255 255 255
0.000133 -0.036978 -0.216465 -0.000000 0.000000 -1.000000 255 255 255
0.110100 -0.036978 -0.216465 -0.000000 0.000000 -1.000000 255 255 255
0.164084 0.021019 -0.162261 0.000000 -0.000000 -1.000000 255 255 255
0.000133 -0.036978 -0.243567 0.000000 0.000000 1.000000 255 255 255
0.000133 -0.030004 -0.243567 0.000000 0.000000 1.000000 255 255 255
0.110100 -0.036978 -0.135160 0.000000 -0.000000 1.000000 255 255 255
0.000133 -0.036978 -0.270668 -0.000000 0.000000 -1.000000 255 255 255
0.110100 -0.036978 -0.270668 -0.000000 0.000000 -1.000000 255 255 255
0.164084 0.021019 -0.108058 0.000000 -0.000000 -1.000000 255 255 255
0.000133 -0.036978 -0.297770 0.000000 0.000000 1.000000 255 255 255
0.000133 -0.030004 -0.297770 0.000000 0.000000 1.000000 255 255 255
0.110100 -0.036978 -0.080956 0.000000 0.000000 1.000000 255 255 255
0.000133 -0.036978 -0.324872 -0.000000 0.000000 -1.000000 255 255 255
0.110100 -0.036978 -0.324872 -0.000000 0.000000 -1.000000 255 255 255
0.164084 0.021019 -0.053855 -0.000000 -0.000000 -1.000000 255 255 255
0.000133 -0.036978 -0.351973 0.000000 0.000000 1.000000 255 255 255
0.000133 -0.030004 -0.351973 0.000000 0.000000 1.000000 255 255 255
0.164084 0.070019 0.027451 0.000280 0.000000 1.000000 255 255 255
0.000133 0.021019 0.027497 0.000280 0.000000 1.000000 255 255 255
0.164084 0.021019 0.027451 0.000280 0.000000 1.000000 255 255 255
0.110100 -0.036978 0.027451 0.000000 -0.000790 1.000000 255 255 255
0.000133 0.021019 0.027497 0.000000 -0.000790 1.000000 255 255 255
0.000133 -0.036978 0.027451 0.000000 -0.000790 1.000000 255 255 255
0.110100 0.128017 0.027451 0.000280 0.000260 1.000000 255 255 255
0.000133 0.070019 0.027497 0.000280 0.000260 1.000000 255 255 255
0.164084 0.070019 0.027451 0.000280 0.000260 1.000000 255 255 255
0.000133 0.128017 0.000349 0.000000 1.000000 -0.000000 255 255 255
0.110100 0.128017 0.027451 0.000000 1.000000 -0.000000 255 255 255
0.110100 0.128017 0.000349 0.000000 1.000000 -0.000000 255 255 255
0.110100 0.128017 0.000349 0.731983 0.681323 -0.000000 255 255 255
0.164084 0.070019 0.027451 0.731983 0.681323 -0.000000 255 255 255
0.164084 0.070019 0.000349 0.731983 0.681323 -0.000000 255 255 255
0.110100 -0.036978 0.000349 0.731983 -0.681323 0.000000 255 255 255
0.164084 0.021019 0.027451 0.731983 -0.681323 0.000000 255 255 255
0.110100 -0.036978 0.027451 0.731983 -0.681323 0.000000 255 255 255
0.110100 -0.036978 0.000349 0.000000 -1.000000 0.000000 255 255 255
0.000133 -0.036978 0.027451 0.000000 -1.000000 0.000000 255 255 255
0.000133 -0.036978 0.000349 0.000000 -1.000000 0.000000 255 255 255
0.107497 0.122038 -0.026753 0.732803 0.680441 -0.000000 255 255 255
0.158015 0.067632 0.000349 0.732803 0.680441 -0.000000 255 255 255
0.158015 0.067632 -0.026753 0.732803 0.680441 -0.000000 255 255 255
0.000133 0.121496 0.000349 -0.005049 0.999987 0.000000 255 255 255
0.107497 0.122038 -0.026753 -0.005049 0.999987 0.000000 255 255 255
0.000133 0.121496 -0.026753 -0.005049 0.999987 0.000000 255 255 255
0.158015 0.023407 -0.026753 0.732803 -0.680441 0.000000 255 255 255
0.107497 -0.030999 0.000349 0.732803 -0.680441 0.000000 255 255 255
0.107497 -0.030999 -0.026753 0.732803 -0.680441 0.000000 255 255 255
0.158015 0.023407 -0.026753 1.000000 0.000000 0.000000 255 255 255
0.158015 0.067632 0.000349 1.000000 0.000000 0.000000 255 255 255
0.158015 0.023407 0.000349 1.000000 0.000000 0.000000 255 255 255
0.000133 -0.030457 -0.026753 -0.005049 -0.999987 0.000000 255 255 255
0.107497 -0.030999 0.000349 -0.005049 -0.999987 0.000000 255 255 255
0.000133 -0.030457 0.000349 -0.005049 -0.999987 0.000000 255 255 255
0.158015 0.067632 0.000349 0.000000 -0.000000 -1.000000 255 255 255
0.164084 0.070019 0.000349 0.000000 -0.000000 -1.000000 255 255 255
0.158015 0.023407 -0.026753 -0.000000 0.000000 1.000000 255 255 255
0.164084 0.021019 -0.026753 -0.000000 0.000000 1.000000 255 255 255
0.000133 0.128017 0.000349 -0.000000 -0.000000 -1.000000 255 255 255
0.107497 0.122038 0.000349 -0.000000 -0.000000 -1.000000 255 255 255
0.000133 0.121496 0.000349 -0.000000 -0.000000 -1.000000 255 255 255
0.000133 0.128017 -0.026753 0.000000 0.000000 1.000000 255 255 255
0.110100 0.128017 -0.026753 0.000000 0.000000 1.000000 255 255 255
0.110100 0.128017 0.000349 -0.000000 0.000000 -1.000000 255 255 255
0.107497 -0.030999 -0.026753 0.000000 0.000000 1.000000 255 255 255
0.110100 -0.036978 -0.026753 0.000000 0.000000 1.000000 255 255 255
0.000133 -0.036978 -0.026753 0.000000 0.000000 1.000000 255 255 255
0.000133 -0.030457 -0.026753 0.000000 0.000000 1.000000 255 255 255
-0.109834 0.128017 -0.379075 -0.000000 -0.000000 -1.000000 255 255 255
0.000133 0.128017 -0.379075 -0.000000 -0.000000 -1.000000 255 255 255
-0.107231 -0.030999 0.000349 0.000000 -0.000000 -1.000000 255 255 255
-0.109834 -0.036978 0.000349 0.000000 -0.000000 -1.000000 255 255 255
-0.109834 -0.036978 -0.351973 -0.000000 -1.000000 0.000000 255 255 255
-0.163818 0.070019 -0.026753 0.000000 0.000000 1.000000 255 255 255
-0.107231 0.122038 -0.026753 0.000000 0.000000 1.000000 255 255 255
-0.109834 0.128017 -0.026753 0.000000 0.000000 1.000000 255 255 255
-0.109834 -0.036978 -0.379075 -0.000000 0.000000 -1.000000 255 255 255
-0.163818 0.021019 -0.379075 -0.000000 0.000000 -1.000000 255 255 255
-0.163818 0.070019 -0.351973 -1.000000 0.000000 -0.000000 255 255 255
-0.163818 0.021019 -0.379075 -1.000000 0.000000 -0.000000 255 255 255
-0.163818 0.021019 -0.351973 -1.000000 0.000000 -0.000000 255 255 255
-0.163818 0.021019 0.027451 -1.000000 0.000000 0.000000 255 255 255
-0.163818 0.070019 0.000349 -1.000000 0.000000 0.000000 255 255 255
-0.163818 0.021019 0.000349 -1.000000 0.000000 0.000000 255 255 255
-0.163818 0.070019 -0.026753 -1.000000 0.000000 0.000000 255 255 255
-0.163818 0.021019 -0.053855 -1.000000 0.000000 0.000000 255 255 255
-0.163818 0.021019 -0.026753 -1.000000 0.000000 0.000000 255 255 255
-0.163818 0.070019 -0.080956 -1.000000 0.000000 -0.000000 255 255 255
-0.163818 0.021019 -0.108058 -1.000000 0.000000 -0.000000 255 255 255
-0.163818 0.021019 -0.080956 -1.000000 0.000000 -0.000000 255 255 255
-0.157327 0.023573 -0.243567 -0.000000 0.000000 1.000000 255 255 255
-0.163818 0.070019 -0.243567 -0.000000 0.000000 1.000000 255 255 255
-0.163818 0.021019 -0.243567 -0.000000 0.000000 1.000000 255 255 255
-0.163818 0.070019 -0.135160 -1.000000 0.000000 -0.000000 255 255 255
-0.163818 0.021019 -0.162261 -1.000000 0.000000 -0.000000 255 255 255
-0.163818 0.021019 -0.135160 -1.000000 0.000000 -0.000000 255 255 255
-0.107050 0.121622 -0.135160 -0.000000 0.000000 1.000000 255 255 255
-0.109834 0.128017 -0.135160 -0.000000 0.000000 1.000000 255 255 255
-0.163818 0.070019 -0.189363 -1.000000 0.000000 -0.000000 255 255 255
-0.163818 0.021019 -0.216465 -1.000000 0.000000 -0.000000 255 255 255
-0.163818 0.021019 -0.189363 -1.000000 0.000000 -0.000000 255 255 255
-0.163818 0.070019 -0.135160 0.000000 0.000000 1.000000 255 255 255
-0.163818 0.070019 -0.243567 -1.000000 0.000000 0.000000 255 255 255
-0.163818 0.021019 -0.270668 -1.000000 0.000000 0.000000 255 255 255
-0.163818 0.021019 -0.243567 -1.000000 0.000000 0.000000 255 255 255
-0.157327 0.067466 -0.216465 0.000000 0.000000 -1.000000 255 255 255
-0.163818 0.021019 -0.216465 0.000000 0.000000 -1.000000 255 255 255
-0.163818 0.070019 -0.216465 0.000000 0.000000 -1.000000 255 255 255
-0.163818 0.070019 -0.297770 -1.000000 0.000000 -0.000000 255 255 255
-0.163818 0.021019 -0.324872 -1.000000 0.000000 -0.000000 255 255 255
-0.163818 0.021019 -0.297770 -1.000000 0.000000 -0.000000 255 255 255
-0.107050 0.121622 -0.162261 0.000000 0.000000 -1.000000 255 255 255
-0.109834 0.128017 -0.162261 0.000000 0.000000 -1.000000 255 255 255
-0.109834 -0.036978 -0.351973 -0.731983 -0.681323 0.000000 255 255 255
-0.163818 0.021019 -0.379075 -0.731983 -0.681323 0.000000 255 255 255
-0.109834 -0.036978 -0.379075 -0.731983 -0.681323 0.000000 255 255 255
-0.163818 0.070019 -0.162261 0.000000 -0.000000 -1.000000 255 255 255
-0.109834 -0.036978 -0.297770 -0.731983 -0.681323 0.000000 255 255 255
-0.163818 0.021019 -0.324872 -0.731983 -0.681323 0.000000 255 255 255
-0.109834 -0.036978 -0.324872 -0.731983 -0.681323 0.000000 255 255 255
-0.109834 -0.036978 -0.243567 -0.731983 -0.681323 0.000000 255 255 255
-0.163818 0.021019 -0.270668 -0.731983 -0.681323 0.000000 255 255 255
-0.109834 -0.036978 -0.270668 -0.731983 -0.681323 0.000000 255 255 255
-0.157327 0.023573 -0.189363 -0.000000 0.000000 1.000000 255 255 255
-0.163818 0.070019 -0.189363 -0.000000 0.000000 1.000000 255 255 255
-0.163818 0.021019 -0.189363 -0.000000 0.000000 1.000000 255 255 255
-0.109834 -0.036978 -0.189363 -0.731983 -0.681323 0.000000 255 255 255
-0.163818 0.021019 -0.216465 -0.731983 -0.681323 0.000000 255 255 255
-0.109834 -0.036978 -0.216465 -0.731983 -0.681323 0.000000 255 255 255
-0.107050 0.121622 -0.189363 -0.000000 0.000000 1.000000 255 255 255
-0.109834 0.128017 -0.189363 -0.000000 0.000000 1.000000 255 255 255
-0.109834 -0.036978 -0.135160 -0.731983 -0.681323 0.000000 255 255 255
-0.163818 0.021019 -0.162261 -0.731983 -0.681323 0.000000 255 255 255
-0.109834 -0.036978 -0.162261 -0.731983 -0.681323 0.000000 255 255 255
-0.109834 -0.036978 -0.080956 -0.731983 -0.681323 0.000000 255 255 255
-0.163818 0.021019 -0.108058 -0.731983 -0.681323 0.000000 255 255 255
-0.109834 -0.036978 -0.108058 -0.731983 -0.681323 0.000000 255 255 255
-0.157327 0.067466 -0.162261 0.000000 0.000000 -1.000000 255 255 255
-0.163818 0.021019 -0.162261 0.000000 0.000000 -1.000000 255 255 255
-0.109834 -0.036978 -0.026753 -0.731983 -0.681323 0.000000 255 255 255
-0.163818 0.021019 -0.053855 -0.731983 -0.681323 0.000000 255 255 255
-0.109834 -0.036978 -0.053855 -0.731983 -0.681323 0.000000 255 255 255
-0.109834 0.128017 -0.379075 0.000000 1.000000 -0.000000 255 255 255
-0.107050 0.121622 -0.216465 0.000000 0.000000 -1.000000 255 255 255
-0.109834 0.128017 -0.216465 0.000000 0.000000 -1.000000 255 255 255
-0.109834 0.128017 -0.324872 0.000000 1.000000 -0.000000 255 255 255
-0.109834 0.128017 -0.270668 0.000000 1.000000 -0.000000 255 255 255
-0.109834 0.128017 -0.216465 0.000000 1.000000 -0.000000 255 255 255
-0.157327 0.023573 -0.135160 -0.000000 0.000000 1.000000 255 255 255
-0.163818 0.021019 -0.135160 -0.000000 0.000000 1.000000 255 255 255
-0.109834 0.128017 -0.162261 0.000000 1.000000 -0.000000 255 255 255
-0.107050 0.121622 -0.243567 -0.000000 0.000000 1.000000 255 255 255
-0.109834 0.128017 -0.243567 -0.000000 0.000000 1.000000 255 255 255
-0.109834 0.128017 -0.108058 0.000000 1.000000 -0.000000 255 255 255
-0.109834 0.128017 -0.026753 0.000000 1.000000 0.000000 255 255 255
0.000133 0.128017 -0.026753 0.000000 1.000000 0.000000 255 255 255
-0.163818 0.021019 0.000349 0.000000 -0.000000 -1.000000 255 255 255
-0.109834 -0.036978 -0.053855 0.000000 -1.000000 0.000000 255 255 255
0.000133 -0.036978 -0.053855 0.000000 -1.000000 0.000000 255 255 255
-0.157327 0.067466 -0.108058 0.000000 0.000000 -1.000000 255 255 255
-0.163818 0.021019 -0.108058 0.000000 0.000000 -1.000000 255 255 255
-0.163818 0.070019 -0.108058 0.000000 0.000000 -1.000000 255 255 255
-0.109834 -0.036978 -0.080956 -0.000000 -1.000000 0.000000 255 255 255
-0.107050 0.121622 -0.270668 0.000000 0.000000 -1.000000 255 255 255
-0.109834 0.128017 -0.270668 0.000000 0.000000 -1.000000 255 255 255
-0.109834 -0.036978 -0.135160 -0.000000 -1.000000 0.000000 255 255 255
-0.163818 0.070019 -0.270668 0.000000 -0.000000 -1.000000 255 255 255
-0.109834 -0.036978 -0.189363 0.000000 -1.000000 0.000000 255 255 255
-0.109834 -0.036978 -0.243567 -0.000000 -1.000000 0.000000 255 255 255
0.000133 -0.036978 -0.270668 -0.000000 -1.000000 0.000000 255 255 255
-0.157327 0.023573 -0.080956 -0.000000 0.000000 1.000000 255 255 255
-0.163818 0.070019 -0.080956 -0.000000 0.000000 1.000000 255 255 255
-0.163818 0.021019 -0.080956 -0.000000 0.000000 1.000000 255 255 255
-0.109834 -0.036978 -0.297770 0.000000 -1.000000 0.000000 255 255 255
-0.107050 0.121622 -0.297770 -0.000000 0.000000 1.000000 255 255 255
-0.109834 0.128017 -0.297770 -0.000000 0.000000 1.000000 255 255 255
-0.163818 0.070019 -0.351973 -0.731983 0.681323 0.000000 255 255 255
-0.109834 0.128017 -0.379075 -0.731983 0.681323 0.000000 255 255 255
-0.163818 0.070019 -0.379075 -0.731983 0.681323 0.000000 255 255 255
-0.163818 0.070019 -0.297770 0.000000 0.000000 1.000000 255 255 255
-0.163818 0.070019 -0.297770 -0.731983 0.681323 0.000000 255 255 255
-0.109834 0.128017 -0.324872 -0.731983 0.681323 0.000000 255 255 255
-0.163818 0.070019 -0.324872 -0.731983 0.681323 0.000000 255 255 255
-0.163818 0.070019 -0.053855 0.000000 -0.000000 -1.000000 255 255 255
-0.157327 0.023573 -0.053855 0.000000 -0.000000 -1.000000 255 255 255
-0.163818 0.021019 -0.053855 0.000000 -0.000000 -1.000000 255 255 255
-0.163818 0.070019 -0.243567 -0.731983 0.681323 -0.000000 255 255 255
-0.109834 0.128017 -0.270668 -0.731983 0.681323 -0.000000 255 255 255
-0.163818 0.070019 -0.270668 -0.731983 0.681323 -0.000000 255 255 255
-0.107050 0.121622 -0.324872 0.000000 0.000000 -1.000000 255 255 255
-0.109834 0.128017 -0.324872 0.000000 0.000000 -1.000000 255 255 255
-0.163818 0.070019 -0.189363 -0.731983 0.681323 0.000000 255 255 255
-0.109834 0.128017 -0.216465 -0.731983 0.681323 0.000000 255 255 255
-0.163818 0.070019 -0.216465 -0.731983 0.681323 0.000000 255 255 255
-0.163818 0.070019 -0.324872 0.000000 -0.000000 -1.000000 255 255 255
-0.163818 0.070019 -0.135160 -0.731983 0.681323 0.000000 255 255 255
-0.109834 0.128017 -0.162261 -0.731983 0.681323 0.000000 255 255 255
-0.163818 0.070019 -0.162261 -0.731983 0.681323 0.000000 255 255 255
-0.107050 0.121622 -0.351973 -0.000000 0.000000 1.000000 255 255 255
-0.109834 0.128017 -0.351973 -0.000000 0.000000 1.000000 255 255 255
-0.163818 0.070019 -0.080956 -0.731983 0.681323 -0.000000 255 255 255
-0.109834 0.128017 -0.108058 -0.731983 0.681323 -0.000000 255 255 255
-0.163818 0.070019 -0.108058 -0.731983 0.681323 -0.000000 255 255 255
-0.163818 0.070019 -0.351973 0.000000 0.000000 1.000000 255 255 255
-0.163818 0.070019 -0.026753 -0.731983 0.681323 0.000000 255 255 255
-0.109834 0.128017 -0.053855 -0.731983 0.681323 0.000000 255 255 255
-0.163818 0.070019 -0.053855 -0.731983 0.681323 0.000000 255 255 255
-0.157327 0.067466 -0.053855 -1.000000 0.000001 -0.000001 255 255 255
-0.157327 0.023573 -0.080956 -1.000000 0.000001 -0.000001 255 255 255
-0.157327 0.023573 -0.053855 -1.000000 0.000001 -0.000001 255 255 255
-0.157327 0.067466 -0.108058 -1.000000 0.000000 0.000000 255 255 255
-0.157327 0.023573 -0.135160 -1.000000 0.000000 0.000000 255 255 255
-0.157327 0.023573 -0.108058 -1.000000 0.000000 0.000000 255 255 255
-0.157327 0.067466 -0.162261 -1.000000 0.000000 0.000001 255 255 255
-0.157327 0.023573 -0.189363 -1.000000 0.000000 0.000001 255 255 255
-0.157327 0.023573 -0.162261 -1.000000 0.000000 0.000001 255 255 255
-0.157327 0.067466 -0.216465 -1.000000 0.000000 -0.000000 255 255 255
-0.157327 0.023573 -0.243567 -1.000000 0.000000 -0.000000 255 255 255
-0.157327 0.023573 -0.216465 -1.000000 0.000000 -0.000000 255 255 255
-0.157327 0.067466 -0.270668 -1.000000 0.000000 -0.000000 255 255 255
-0.157327 0.023573 -0.297770 -1.000000 0.000000 -0.000000 255 255 255
-0.157327 0.023573 -0.270668 -1.000000 0.000000 -0.000000 255 255 255
-0.157327 0.067466 -0.324872 -1.000000 0.000000 0.000000 255 255 255
-0.157327 0.023573 -0.351973 -1.000000 0.000000 0.000000 255 255 255
-0.157327 0.023573 -0.324872 -1.000000 0.000000 0.000000 255 255 255
-0.107050 -0.030584 -0.324872 -0.732864 -0.680375 0.000000 255 255 255
-0.157327 0.023573 -0.351973 -0.732864 -0.680375 0.000000 255 255 255
-0.107050 -0.030584 -0.351973 -0.732864 -0.680375 0.000000 255 255 255
-0.107050 -0.030584 -0.270668 -0.732864 -0.680375 0.000000 255 255 255
-0.157327 0.023573 -0.297770 -0.732864 -0.680375 0.000000 255 255 255
-0.107050 -0.030584 -0.297770 -0.732864 -0.680375 0.000000 255 255 255
-0.107050 -0.030584 -0.216465 -0.732864 -0.680375 0.000000 255 255 255
-0.157327 0.023573 -0.243567 -0.732864 -0.680375 0.000000 255 255 255
-0.107050 -0.030584 -0.243567 -0.732864 -0.680375 0.000000 255 255 255
-0.107050 -0.030584 -0.162261 -0.732864 -0.680375 0.000000 255 255 255
-0.157327 0.023573 -0.189363 -0.732864 -0.680375 0.000000 255 255 255
-0.107050 -0.030584 -0.189363 -0.732864 -0.680375 0.000000 255 255 255
-0.107050 -0.030584 -0.108058 -0.732864 -0.680375 0.000000 255 255 255
-0.157327 0.023573 -0.135160 -0.732864 -0.680375 0.000000 255 255 255
-0.107050 -0.030584 -0.135160 -0.732864 -0.680375 0.000000 255 255 255
-0.107050 -0.030584 -0.053855 -0.732864 -0.680375 0.000000 255 255 255
-0.157327 0.023573 -0.080956 -0.732864 -0.680375 0.000000 255 255 255
-0.107050 -0.030584 -0.080956 -0.732864 -0.680375 0.000000 255 255 255
-0.107050 0.121622 -0.351973 0.005409 0.999985 -0.000000 255 255 255
0.000133 0.121043 -0.324872 0.005409 0.999985 -0.000000 255 255 255
0.000133 0.121043 -0.351973 0.005409 0.999985 -0.000000 255 255 255
-0.107050 0.121622 -0.297770 0.005409 0.999985 -0.000000 255 255 255
0.000133 0.121043 -0.270668 0.005409 0.999985 -0.000000 255 255 255
0.000133 0.121043 -0.297770 0.005409 0.999985 -0.000000 255 255 255
-0.107050 0.121622 -0.243567 0.005409 0.999985 -0.000000 255 255 255
0.000133 0.121043 -0.216465 0.005409 0.999985 -0.000000 255 255 255
0.000133 0.121043 -0.243567 0.005409 0.999985 -0.000000 255 255 255
-0.107050 0.121622 -0.189363 0.005409 0.999985 -0.000000 255 255 255
0.000133 0.121043 -0.162261 0.005409 0.999985 -0.000000 255 255 255
0.000133 0.121043 -0.189363 0.005409 0.999985 -0.000000 255 255 255
-0.107050 0.121622 -0.135160 0.005409 0.999985 -0.000000 255 255 255
0.000133 0.121043 -0.108058 0.005409 0.999985 -0.000000 255 255 255
0.000133 0.121043 -0.135160 0.005409 0.999985 -0.000000 255 255 255
0.000133 0.121043 -0.080956 0.005409 0.999985 0.000000 255 255 255
-0.107050 0.121622 -0.053855 0.005409 0.999985 0.000000 255 255 255
0.000133 0.121043 -0.053855 0.005409 0.999985 0.000000 255 255 255
-0.107050 -0.030584 -0.053855 0.005409 -0.999985 0.000000 255 255 255
0.000133 -0.030004 -0.080956 0.005409 -0.999985 0.000000 255 255 255
0.000133 -0.030004 -0.053855 0.005409 -0.999985 0.000000 255 255 255
-0.107050 -0.030584 -0.108058 0.005409 -0.999985 -0.000000 255 255 255
0.000133 -0.030004 -0.135160 0.005409 -0.999985 -0.000000 255 255 255
0.000133 -0.030004 -0.108058 0.005409 -0.999985 -0.000000 255 255 255
-0.107050 -0.030584 -0.162261 0.005409 -0.999985 -0.000000 255 255 255
0.000133 -0.030004 -0.189363 0.005409 -0.999985 -0.000000 255 255 255
0.000133 -0.030004 -0.162261 0.005409 -0.999985 -0.000000 255 255 255
-0.107050 -0.030584 -0.216465 0.005409 -0.999985 0.000000 255 255 255
0.000133 -0.030004 -0.243567 0.005409 -0.999985 0.000000 255 255 255
0.000133 -0.030004 -0.216465 0.005409 -0.999985 0.000000 255 255 255
-0.107050 -0.030584 -0.270668 0.005409 -0.999985 0.000000 255 255 255
0.000133 -0.030004 -0.297770 0.005409 -0.999985 0.000000 255 255 255
0.000133 -0.030004 -0.270668 0.005409 -0.999985 0.000000 255 255 255
-0.107050 -0.030584 -0.324872 0.005409 -0.999985 -0.000000 255 255 255
0.000133 -0.030004 -0.351973 0.005409 -0.999985 -0.000000 255 255 255
0.000133 -0.030004 -0.324872 0.005409 -0.999985 -0.000000 255 255 255
-0.157327 0.067466 -0.324872 -0.732864 0.680375 0.000000 255 255 255
-0.107050 0.121622 -0.351973 -0.732864 0.680375 0.000000 255 255 255
-0.157327 0.067466 -0.351973 -0.732864 0.680375 0.000000 255 255 255
-0.157327 0.067466 -0.270668 -0.732864 0.680375 0.000000 255 255 255
-0.107050 0.121622 -0.297770 -0.732864 0.680375 0.000000 255 255 255
-0.157327 0.067466 -0.297770 -0.732864 0.680375 0.000000 255 255 255
-0.157327 0.067466 -0.216465 -0.732864 0.680375 0.000000 255 255 255
-0.107050 0.121622 -0.243567 -0.732864 0.680375 0.000000 255 255 255
-0.157327 0.067466 -0.243567 -0.732864 0.680375 0.000000 255 255 255
-0.157327 0.067466 -0.189363 -0.732864 0.680375 0.000000 255 255 255
-0.107050 0.121622 -0.162261 -0.732864 0.680375 0.000000 255 255 255
-0.107050 0.121622 -0.189363 -0.732864 0.680375 0.000000 255 255 255
-0.157327 0.067466 -0.108058 -0.732864 0.680375 0.000000 255 255 255
-0.107050 0.121622 -0.135160 -0.732864 0.680375 0.000000 255 255 255
-0.157327 0.067466 -0.135160 -0.732864 0.680375 0.000000 255 255 255
-0.157327 0.067466 -0.053855 -0.732864 0.680375 0.000000 255 255 255
-0.107050 0.121622 -0.080956 -0.732864 0.680375 0.000000 255 255 255
-0.157327 0.067466 -0.080956 -0.732864 0.680375 0.000000 255 255 255
-0.107050 0.121622 -0.108058 -0.000000 -0.000000 -1.000000 255 255 255
-0.109834 0.128017 -0.108058 -0.000000 -0.000000 -1.000000 255 255 255
-0.157327 0.067466 -0.270668 0.000000 0.000000 -1.000000 255 255 255
-0.163818 0.021019 -0.270668 0.000000 0.000000 -1.000000 255 255 255
-0.107050 0.121622 -0.080956 0.000000 0.000000 1.000000 255 255 255
-0.109834 0.128017 -0.080956 0.000000 0.000000 1.000000 255 255 255
-0.157327 0.023573 -0.297770 -0.000000 0.000000 1.000000 255 255 255
-0.163818 0.021019 -0.297770 -0.000000 0.000000 1.000000 255 255 255
-0.107050 0.121622 -0.053855 0.000000 -0.000000 -1.000000 255 255 255
-0.109834 0.128017 -0.053855 0.000000 -0.000000 -1.000000 255 255 255
0.000133 0.128017 -0.053855 0.000000 -0.000000 -1.000000 255 255 255
-0.157327 0.067466 -0.324872 0.000000 0.000000 -1.000000 255 255 255
-0.163818 0.021019 -0.324872 0.000000 0.000000 -1.000000 255 255 255
-0.157327 0.023573 -0.351973 -0.000000 0.000000 1.000000 255 255 255
-0.163818 0.021019 -0.351973 -0.000000 0.000000 1.000000 255 255 255
-0.107050 -0.030584 -0.351973 -0.000000 -0.000000 1.000000 255 255 255
-0.109834 -0.036978 -0.351973 -0.000000 -0.000000 1.000000 255 255 255
-0.107050 -0.030584 -0.053855 -0.000000 0.000000 -1.000000 255 255 255
-0.109834 -0.036978 -0.053855 -0.000000 0.000000 -1.000000 255 255 255
-0.107050 -0.030584 -0.324872 0.000000 0.000000 -1.000000 255 255 255
-0.109834 -0.036978 -0.324872 0.000000 0.000000 -1.000000 255 255 255
0.000133 -0.036978 -0.080956 0.000001 -0.000000 1.000000 255 255 255
-0.107050 -0.030584 -0.080956 0.000001 -0.000000 1.000000 255 255 255
-0.109834 -0.036978 -0.080956 0.000001 -0.000000 1.000000 255 255 255
-0.107050 -0.030584 -0.297770 -0.000000 -0.000000 1.000000 255 255 255
-0.109834 -0.036978 -0.297770 -0.000000 -0.000000 1.000000 255 255 255
-0.107050 -0.030584 -0.108058 0.000000 0.000000 -1.000000 255 255 255
-0.109834 -0.036978 -0.108058 0.000000 0.000000 -1.000000 255 255 255
-0.107050 -0.030584 -0.270668 0.000000 0.000000 -1.000000 255 255 255
-0.109834 -0.036978 -0.270668 0.000000 0.000000 -1.000000 255 255 255
-0.107050 -0.030584 -0.135160 -0.000000 0.000000 1.000000 255 255 255
-0.109834 -0.036978 -0.135160 -0.000000 0.000000 1.000000 255 255 255
-0.107050 -0.030584 -0.243567 -0.000000 -0.000000 1.000000 255 255 255
-0.109834 -0.036978 -0.243567 -0.000000 -0.000000 1.000000 255 255 255
-0.107050 -0.030584 -0.162261 0.000000 0.000000 -1.000000 255 255 255
-0.109834 -0.036978 -0.162261 0.000000 0.000000 -1.000000 255 255 255
-0.107050 -0.030584 -0.216465 0.000000 0.000000 -1.000000 255 255 255
-0.109834 -0.036978 -0.216465 0.000000 0.000000 -1.000000 255 255 255
-0.107050 -0.030584 -0.189363 -0.000000 0.000000 1.000000 255 255 255
-0.109834 -0.036978 -0.189363 -0.000000 0.000000 1.000000 255 255 255
-0.107050 -0.030584 -0.080956 -0.000000 0.000000 1.000000 255 255 255
-0.109834 -0.036978 -0.080956 -0.000000 0.000000 1.000000 255 255 255
0.000133 0.021019 0.027497 -0.000280 0.000000 1.000000 255 255 255
-0.163818 0.070019 0.027451 -0.000280 0.000000 1.000000 255 255 255
-0.163818 0.021019 0.027451 -0.000280 0.000000 1.000000 255 255 255
-0.109834 -0.036978 0.027451 -0.000280 -0.000260 1.000000 255 255 255
0.000133 0.021019 0.027497 -0.000280 -0.000260 1.000000 255 255 255
-0.163818 0.021019 0.027451 -0.000280 -0.000260 1.000000 255 255 255
0.000133 0.070019 0.027497 -0.000280 0.000260 1.000000 255 255 255
-0.109834 0.128017 0.027451 -0.000280 0.000260 1.000000 255 255 255
-0.163818 0.070019 0.027451 -0.000280 0.000260 1.000000 255 255 255
-0.109834 0.128017 0.027451 0.000000 1.000000 -0.000000 255 255 255
-0.109834 0.128017 0.000349 0.000000 1.000000 -0.000000 255 255 255
-0.163818 0.070019 0.027451 -0.731983 0.681323 0.000000 255 255 255
-0.109834 0.128017 0.000349 -0.731983 0.681323 0.000000 255 255 255
-0.163818 0.070019 0.000349 -0.731983 0.681323 0.000000 255 255 255
-0.109834 -0.036978 0.027451 -0.731983 -0.681323 0.000000 255 255 255
-0.163818 0.021019 0.000349 -0.731983 -0.681323 0.000000 255 255 255
-0.109834 -0.036978 0.000349 -0.731983 -0.681323 0.000000 255 255 255
-0.109834 -0.036978 0.000349 0.000000 -1.000000 0.000000 255 255 255
-0.157749 0.067632 0.000349 -0.732803 0.680441 0.000000 255 255 255
-0.107231 0.122038 -0.026753 -0.732803 0.680441 0.000000 255 255 255
-0.157749 0.067632 -0.026753 -0.732803 0.680441 0.000000 255 255 255
-0.107231 0.122038 -0.026753 0.005049 0.999987 -0.000000 255 255 255
0.000133 0.121496 0.000349 0.005049 0.999987 -0.000000 255 255 255
0.000133 0.121496 -0.026753 0.005049 0.999987 -0.000000 255 255 255
-0.107231 -0.030999 0.000349 -0.732803 -0.680441 0.000000 255 255 255
-0.157749 0.023407 -0.026753 -0.732803 -0.680441 0.000000 255 255 255
-0.107231 -0.030999 -0.026753 -0.732803 -0.680441 0.000000 255 255 255
-0.157749 0.067632 0.000349 -1.000000 0.000000 -0.000000 255 255 255
-0.157749 0.023407 -0.026753 -1.000000 0.000000 -0.000000 255 255 255
-0.157749 0.023407 0.000349 -1.000000 0.000000 -0.000000 255 255 255
-0.107231 -0.030999 0.000349 0.005049 -0.999987 0.000000 255 255 255
0.000133 -0.030457 -0.026753 0.005049 -0.999987 0.000000 255 255 255
0.000133 -0.030457 0.000349 0.005049 -0.999987 0.000000 255 255 255
-0.163818 0.070019 0.000349 0.000000 -0.000000 -1.000000 255 255 255
-0.157749 0.023407 0.000349 0.000000 -0.000000 -1.000000 255 255 255
-0.157749 0.023407 -0.026753 0.000000 0.000000 1.000000 255 255 255
-0.163818 0.021019 -0.026753 0.000000 0.000000 1.000000 255 255 255
-0.107231 0.122038 0.000349 0.000000 -0.000000 -1.000000 255 255 255
-0.109834 0.128017 0.000349 0.000000 -0.000000 -1.000000 255 255 255
-0.107231 -0.030999 -0.026753 -0.000000 0.000000 1.000000 255 255 255
-0.109834 -0.036978 -0.026753 -0.000000 0.000000 1.000000 255 255 255
0.000133 0.045519 -0.777267 -0.995185 -0.098017 0.000000 179 179 179
0.001545 0.031180 -0.379075 -0.995185 -0.098017 0.000000 179 179 179
0.000133 0.045519 -0.379075 -0.995185 -0.098017 0.000000 179 179 179
0.001545 0.031180 -0.379075 -0.956940 -0.290285 0.000000 179 179 179
0.005728 0.017392 -0.777267 -0.956940 -0.290285 0.000000 179 179 179
0.005728 0.017392 -0.379075 -0.956940 -0.290285 0.000000 179 179 179
0.005728 0.017392 -0.777267 -0.881921 -0.471397 0.000000 179 179 179
0.012520 0.004685 -0.379075 -0.881921 -0.471397 0.000000 179 179 179
0.005728 0.017392 -0.379075 -0.881921 -0.471397 0.000000 179 179 179
0.012520 0.004685 -0.777267 -0.773011 -0.634393 0.000000 179 179 179
0.021661 -0.006453 -0.379075 -0.773011 -0.634393 0.000000 179 179 179
0.012520 0.004685 -0.379075 -0.773011 -0.634393 0.000000 179 179 179
0.021661 -0.006453 -0.777267 -0.634394 -0.773010 -0.000000 179 179 179
0.032799 -0.015594 -0.379075 -0.634394 -0.773010 -0.000000 179 179 179
0.021661 -0.006453 -0.379075 -0.634394 -0.773010 -0.000000 179 179 179
0.032799 -0.015594 -0.379075 -0.471396 -0.881921 -0.000000 179 179 179
0.045506 -0.022386 -0.777267 -0.471396 -0.881921 -0.000000 179 179 179
0.045506 -0.022386 -0.379075 -0.471396 -0.881921 -0.000000 179 179 179
0.045506 -0.022386 -0.379075 -0.290285 -0.956940 -0.000000 179 179 179
0.059294 -0.026568 -0.777267 -0.290285 -0.956940 -0.000000 179 179 179
0.059294 -0.026568 -0.379075 -0.290285 -0.956940 -0.000000 179 179 179
0.059294 -0.026568 -0.379075 -0.098017 -0.995185 -0.000000 179 179 179
0.073633 -0.027981 -0.777267 -0.098017 -0.995185 -0.000000 179 179 179
0.073633 -0.027981 -0.379075 -0.098017 -0.995185 -0.000000 179 179 179
0.073633 -0.027981 -0.777267 0.098017 -0.995185 -0.000000 179 179 179
0.087972 -0.026568 -0.379075 0.098017 -0.995185 -0.000000 179 179 179
0.073633 -0.027981 -0.379075 0.098017 -0.995185 -0.000000 179 179 179
0.087972 -0.026568 -0.379075 0.290285 -0.956940 -0.000000 179 179 179
0.101760 -0.022386 -0.777267 0.290285 -0.956940 -0.000000 179 179 179
0.101760 -0.022386 -0.379075 0.290285 -0.956940 -0.000000 179 179 179
0.101760 -0.022386 -0.777267 0.471396 -0.881922 -0.000000 179 179 179
0.114467 -0.015594 -0.379075 0.471396 -0.881922 -0.000000 179 179 179
0.101760 -0.022386 -0.379075 0.471396 -0.881922 -0.000000 179 179 179
0.114467 -0.015594 -0.777267 0.634394 -0.773010 -0.000000 179 179 179
0.125605 -0.006453 -0.379075 0.634394 -0.773010 -0.000000 179 179 179
0.114467 -0.015594 -0.379075 0.634394 -0.773010 -0.000000 179 179 179
0.125605 -0.006453 -0.777267 0.773010 -0.634394 -0.000000 179 179 179
0.134746 0.004685 -0.379075 0.773010 -0.634394 -0.000000 179 179 179
0.125605 -0.006453 -0.379075 0.773010 -0.634394 -0.000000 179 179 179
0.134746 0.004685 -0.777267 0.881921 -0.471396 -0.000000 179 179 179
0.141538 0.017392 -0.379075 0.881921 -0.471396 -0.000000 179 179 179
0.134746 0.004685 -0.379075 0.881921 -0.471396 -0.000000 179 179 179
0.141538 0.017392 -0.777267 0.956940 -0.290285 -0.000000 179 179 179
0.145721 0.031180 -0.379075 0.956940 -0.290285 -0.000000 179 179 179
0.141538 0.017392 -0.379075 0.956940 -0.290285 -0.000000 179 179 179
0.145721 0.031180 -0.777267 0.995185 -0.098016 -0.000000 179 179 179
0.147133 0.045519 -0.379075 0.995185 -0.098016 -0.000000 179 179 179
0.145721 0.031180 -0.379075 0.995185 -0.098016 -0.000000 179 179 179
0.147133 0.045519 -0.777267 0.995185 0.098016 -0.000000 179 179 179
0.145721 0.059858 -0.379075 0.995185 0.098016 -0.000000 179 179 179
0.147133 0.045519 -0.379075 0.995185 0.098016 -0.000000 179 179 179
0.145721 0.059858 -0.777267 0.956940 0.290287 -0.000000 179 179 179
0.141538 0.073647 -0.379075 0.956940 0.290287 -0.000000 179 179 179
0.145721 0.059858 -0.379075 0.956940 0.290287 -0.000000 179 179 179
0.141538 0.073647 -0.777267 0.881921 0.471397 -0.000000 179 179 179
0.134746 0.086354 -0.379075 0.881921 0.471397 -0.000000 179 179 179
0.141538 0.073647 -0.379075 0.881921 0.471397 -0.000000 179 179 179
0.134746 0.086354 -0.777267 0.773010 0.634394 -0.000000 179 179 179
0.125605 0.097492 -0.379075 0.773010 0.634394 -0.000000 179 179 179
0.134746 0.086354 -0.379075 0.773010 0.634394 -0.000000 179 179 179
0.125605 0.097492 -0.379075 0.634393 0.773011 0.000000 179 179 179
0.114467 0.106632 -0.777267 0.634393 0.773011 0.000000 179 179 179
0.114467 0.106632 -0.379075 0.634393 0.773011 0.000000 179 179 179
0.114467 0.106632 -0.777267 0.471396 0.881922 0.000000 179 179 179
0.101760 0.113424 -0.379075 0.471396 0.881922 0.000000 179 179 179
0.114467 0.106632 -0.379075 0.471396 0.881922 0.000000 179 179 179
0.101760 0.113424 -0.777267 0.290283 0.956941 0.000000 179 179 179
0.087972 0.117607 -0.379075 0.290283 0.956941 0.000000 179 179 179
0.101760 0.113424 -0.379075 0.290283 0.956941 0.000000 179 179 179
0.087972 0.117607 -0.777267 0.098016 0.995185 0.000000 179 179 179
0.073633 0.119019 -0.379075 0.098016 0.995185 0.000000 179 179 179
0.087972 0.117607 -0.379075 0.098016 0.995185 0.000000 179 179 179
0.073633 0.119019 -0.379075 -0.098017 0.995185 0.000000 179 179 179
0.059294 0.117607 -0.777267 -0.098017 0.995185 0.000000 179 179 179
0.059294 0.117607 -0.379075 -0.098017 0.995185 0.000000 179 179 179
0.059294 0.117607 -0.777267 -0.290286 0.956940 0.000000 179 179 179
0.045506 0.113424 -0.379075 -0.290286 0.956940 0.000000 179 179 179
0.059294 0.117607 -0.379075 -0.290286 0.956940 0.000000 179 179 179
0.045506 0.113424 -0.777267 -0.471398 0.881921 0.000000 179 179 179
0.032799 0.106632 -0.379075 -0.471398 0.881921 0.000000 179 179 179
0.045506 0.113424 -0.379075 -0.471398 0.881921 0.000000 179 179 179
0.032799 0.106632 -0.777267 -0.634394 0.773010 0.000000 179 179 179
0.021661 0.097492 -0.379075 -0.634394 0.773010 0.000000 179 179 179
0.032799 0.106632 -0.379075 -0.634394 0.773010 0.000000 179 179 179
0.021661 0.097492 -0.777267 -0.773011 0.634392 0.000000 179 179 179
0.012520 0.086354 -0.379075 -0.773011 0.634392 0.000000 179 179 179
0.021661 0.097492 -0.379075 -0.773011 0.634392 0.000000 179 179 179
0.012520 0.086354 -0.777267 -0.881922 0.471396 0.000000 179 179 179
0.005728 0.073646 -0.379075 -0.881922 0.471396 0.000000 179 179 179
0.012520 0.086354 -0.379075 -0.881922 0.471396 0.000000 179 179 179
0.005728 0.073646 -0.777267 -0.956941 0.290283 0.000000 179 179 179
0.001545 0.059858 -0.379075 -0.956941 0.290283 0.000000 179 179 179
0.005728 0.073646 -0.379075 -0.956941 0.290283 0.000000 179 179 179
0.001545 0.059858 -0.379075 -0.995185 0.098016 0.000000 179 179 179
0.000133 0.045519 -0.777267 -0.995185 0.098016 0.000000 179 179 179
0.000133 0.045519 -0.379075 -0.995185 0.098016 0.000000 179 179 179
0.050913 -0.009332 -0.379075 0.471397 0.881921 -0.000000 179 179 179
0.040648 -0.003846 -0.777267 0.471397 0.881921 -0.000000 179 179 179
0.040648 -0.003846 -0.379075 0.471397 0.881921 -0.000000 179 179 179
0.014262 0.045519 -0.379075 0.995185 -0.098016 -0.000000 179 179 179
0.015403 0.057102 -0.777267 0.995185 -0.098016 -0.000000 179 179 179
0.015403 0.057102 -0.379075 0.995185 -0.098016 -0.000000 179 179 179
0.024268 0.078504 -0.777267 0.773012 -0.634392 -0.000000 179 179 179
0.031651 0.087501 -0.379075 0.773012 -0.634392 -0.000000 179 179 179
0.024268 0.078504 -0.379075 0.773012 -0.634392 -0.000000 179 179 179
0.131863 0.033937 -0.777267 -0.956940 0.290285 0.000000 179 179 179
0.128485 0.022799 -0.379075 -0.956940 0.290285 0.000000 179 179 179
0.131863 0.033937 -0.379075 -0.956940 0.290285 0.000000 179 179 179
0.073633 -0.013852 -0.777267 0.098017 0.995185 0.000000 179 179 179
0.062050 -0.012711 -0.379075 0.098017 0.995185 0.000000 179 179 179
0.073633 -0.013852 -0.379075 0.098017 0.995185 0.000000 179 179 179
0.031651 0.087501 -0.777267 0.634394 -0.773010 -0.000000 179 179 179
0.040648 0.094885 -0.379075 0.634394 -0.773010 -0.000000 179 179 179
0.031651 0.087501 -0.379075 0.634394 -0.773010 -0.000000 179 179 179
0.085216 0.103750 -0.777267 -0.290284 -0.956941 0.000000 179 179 179
0.096353 0.100371 -0.379075 -0.290284 -0.956941 0.000000 179 179 179
0.085216 0.103750 -0.379075 -0.290284 -0.956941 0.000000 179 179 179
0.031651 0.003538 -0.777267 0.773010 0.634393 -0.000000 179 179 179
0.024268 0.012534 -0.379075 0.773010 0.634393 -0.000000 179 179 179
0.031651 0.003538 -0.379075 0.773010 0.634393 -0.000000 179 179 179
0.018781 0.068240 -0.379075 0.881922 -0.471396 -0.000000 179 179 179
0.024268 0.078504 -0.777267 0.881922 -0.471396 -0.000000 179 179 179
0.024268 0.078504 -0.379075 0.881922 -0.471396 -0.000000 179 179 179
0.096353 -0.009332 -0.777267 -0.290285 0.956940 0.000000 179 179 179
0.085216 -0.012711 -0.379075 -0.290285 0.956940 0.000000 179 179 179
0.096353 -0.009332 -0.379075 -0.290285 0.956940 0.000000 179 179 179
0.015403 0.033937 -0.777267 0.995185 0.098017 -0.000000 179 179 179
0.014262 0.045519 -0.379075 0.995185 0.098017 -0.000000 179 179 179
0.015403 0.033937 -0.379075 0.995185 0.098017 -0.000000 179 179 179
0.128485 0.068240 -0.777267 -0.956939 -0.290288 0.000000 179 179 179
0.131863 0.057102 -0.379075 -0.956939 -0.290288 0.000000 179 179 179
0.128485 0.068240 -0.379075 -0.956939 -0.290288 0.000000 179 179 179
0.131863 0.057102 -0.379075 -0.995185 -0.098017 0.000000 179 179 179
0.133004 0.045519 -0.777267 -0.995185 -0.098017 0.000000 179 179 179
0.133004 0.045519 -0.379075 -0.995185 -0.098017 0.000000 179 179 179
0.133004 0.045519 -0.777267 -0.995185 0.098017 0.000000 179 179 179
0.131863 0.033937 -0.379075 -0.995185 0.098017 0.000000 179 179 179
0.133004 0.045519 -0.379075 -0.995185 0.098017 0.000000 179 179 179
0.106618 0.094885 -0.777267 -0.634393 -0.773011 0.000000 179 179 179
0.115615 0.087501 -0.379075 -0.634393 -0.773011 0.000000 179 179 179
0.106618 0.094885 -0.379075 -0.634393 -0.773011 0.000000 179 179 179
0.115615 0.087501 -0.777267 -0.773010 -0.634393 0.000000 179 179 179
0.122998 0.078504 -0.379075 -0.773010 -0.634393 0.000000 179 179 179
0.115615 0.087501 -0.379075 -0.773010 -0.634393 0.000000 179 179 179
0.122998 0.012534 -0.777267 -0.773010 0.634393 0.000000 179 179 179
0.115615 0.003538 -0.379075 -0.773010 0.634393 0.000000 179 179 179
0.122998 0.012534 -0.379075 -0.773010 0.634393 0.000000 179 179 179
0.050913 0.100371 -0.777267 0.290286 -0.956940 -0.000000 179 179 179
0.062050 0.103750 -0.379075 0.290286 -0.956940 -0.000000 179 179 179
0.050913 0.100371 -0.379075 0.290286 -0.956940 -0.000000 179 179 179
0.018781 0.022799 -0.777267 0.956940 0.290285 -0.000000 179 179 179
0.015403 0.033937 -0.379075 0.956940 0.290285 -0.000000 179 179 179
0.018781 0.022799 -0.379075 0.956940 0.290285 -0.000000 179 179 179
0.096353 0.100371 -0.777267 -0.471396 -0.881922 0.000000 179 179 179
0.106618 0.094885 -0.379075 -0.471396 -0.881922 0.000000 179 179 179
0.096353 0.100371 -0.379075 -0.471396 -0.881922 0.000000 179 179 179
0.062050 -0.012711 -0.379075 0.290285 0.956940 -0.000000 179 179 179
0.050913 -0.009332 -0.777267 0.290285 0.956940 -0.000000 179 179 179
0.050913 -0.009332 -0.379075 0.290285 0.956940 -0.000000 179 179 179
0.040648 -0.003846 -0.777267 0.634394 0.773010 -0.000000 179 179 179
0.031651 0.003538 -0.379075 0.634394 0.773010 -0.000000 179 179 179
0.040648 -0.003846 -0.379075 0.634394 0.773010 -0.000000 179 179 179
0.106618 -0.003846 -0.777267 -0.471396 0.881922 0.000000 179 179 179
0.096353 -0.009332 -0.379075 -0.471396 0.881922 0.000000 179 179 179
0.106618 -0.003846 -0.379075 -0.471396 0.881922 0.000000 179 179 179
0.115615 0.003538 -0.777267 -0.634394 0.773010 0.000000 179 179 179
0.106618 -0.003846 -0.379075 -0.634394 0.773010 0.000000 179 179 179
0.115615 0.003538 -0.379075 -0.634394 0.773010 0.000000 179 179 179
0.062050 0.103750 -0.777267 0.098018 -0.995184 -0.000000 179 179 179
0.073633 0.104890 -0.379075 0.098018 -0.995184 -0.000000 179 179 179
0.062050 0.103750 -0.379075 0.098018 -0.995184 -0.000000 179 179 179
0.128485 0.022799 -0.777267 -0.881922 0.471396 0.000000 179 179 179
0.122998 0.012534 -0.379075 -0.881922 0.471396 0.000000 179 179 179
0.128485 0.022799 -0.379075 -0.881922 0.471396 0.000000 179 179 179
0.085216 -0.012711 -0.777267 -0.098017 0.995185 0.000000 179 179 179
0.073633 -0.013852 -0.379075 -0.098017 0.995185 0.000000 179 179 179
0.085216 -0.012711 -0.379075 -0.098017 0.995185 0.000000 179 179 179
0.040648 0.094885 -0.379075 0.471398 -0.881921 -0.000000 179 179 179
0.050913 0.100371 -0.777267 0.471398 -0.881921 -0.000000 179 179 179
0.050913 0.100371 -0.379075 0.471398 -0.881921 -0.000000 179 179 179
0.015403 0.057102 -0.777267 0.956941 -0.290283 -0.000000 179 179 179
0.018781 0.068240 -0.379075 0.956941 -0.290283 -0.000000 179 179 179
0.015403 0.057102 -0.379075 0.956941 -0.290283 -0.000000 179 179 179
0.024268 0.012534 -0.777267 0.881921 0.471397 -0.000000 179 179 179
0.018781 0.022799 -0.379075 0.881921 0.471397 -0.000000 179 179 179
0.024268 0.012534 -0.379075 0.881921 0.471397 -0.000000 179 179 179
0.122998 0.078504 -0.777267 -0.881922 -0.471396 0.000000 179 179 179
0.128485 0.068240 -0.379075 -0.881922 -0.471396 0.000000 179 179 179
0.122998 0.078504 -0.379075 -0.881922 -0.471396 0.000000 179 179 179
0.073633 0.104890 -0.379075 -0.098017 -0.995185 0.000000 179 179 179
0.085216 0.103750 -0.777267 -0.098017 -0.995185 0.000000 179 179 179
0.085216 0.103750 -0.379075 -0.098017 -0.995185 0.000000 179 179 179
0.087972 0.117607 -0.379075 0.000000 0.000004 1.000000 179 179 179
0.073633 0.104890 -0.379075 0.000000 0.000004 1.000000 179 179 179
0.085216 0.103750 -0.379075 0.000000 0.000004 1.000000 179 179 179
0.087972 0.117607 -0.379075 0.000001 0.000004 1.000000 179 179 179
0.096353 0.100371 -0.379075 0.000001 0.000004 1.000000 179 179 179
0.101760 0.113424 -0.379075 0.000001 0.000004 1.000000 179 179 179
0.101760 0.113424 -0.379075 0.000000 0.000000 1.000000 179 179 179
0.106618 0.094885 -0.379075 0.000000 0.000000 1.000000 179 179 179
0.114467 0.106632 -0.379075 0.000000 0.000000 1.000000 179 179 179
0.115615 0.087501 -0.379075 0.000000 0.000000 1.000000 179 179 179
0.125605 0.097492 -0.379075 0.000000 0.000000 1.000000 179 179 179
0.122998 0.078504 -0.379075 0.000000 -0.000000 1.000000 179 179 179
0.134746 0.086354 -0.379075 0.000000 -0.000000 1.000000 179 179 179
0.128485 0.068240 -0.379075 0.000000 -0.000000 1.000000 179 179 179
0.141538 0.073647 -0.379075 0.000000 -0.000000 1.000000 179 179 179
0.131863 0.057102 -0.379075 0.000000 -0.000000 1.000000 179 179 179
0.145721 0.059858 -0.379075 0.000000 -0.000000 1.000000 179 179 179
0.145721 0.059858 -0.379075 0.000004 0.000000 1.000000 179 179 179
0.133004 0.045519 -0.379075 0.000004 0.000000 1.000000 179 179 179
0.147133 0.045519 -0.379075 0.000004 0.000000 1.000000 179 179 179
0.131863 0.033937 -0.379075 0.000004 -0.000000 1.000000 179 179 179
0.145721 0.031180 -0.379075 0.000004 -0.000000 1.000000 179 179 179
0.131863 0.033937 -0.379075 0.000004 -0.000001 1.000000 179 179 179
0.141538 0.017392 -0.379075 0.000004 -0.000001 1.000000 179 179 179
0.145721 0.031180 -0.379075 0.000004 -0.000001 1.000000 179 179 179
0.141538 0.017392 -0.379075 0.000004 -0.000002 1.000000 179 179 179
0.122998 0.012534 -0.379075 0.000004 -0.000002 1.000000 179 179 179
0.134746 0.004685 -0.379075 0.000004 -0.000002 1.000000 179 179 179
0.134746 0.004685 -0.379075 0.000003 -0.000003 1.000000 179 179 179
0.115615 0.003538 -0.379075 0.000003 -0.000003 1.000000 179 179 179
0.125605 -0.006453 -0.379075 0.000003 -0.000003 1.000000 179 179 179
0.106618 -0.003846 -0.379075 0.000003 -0.000003 1.000000 179 179 179
0.114467 -0.015594 -0.379075 0.000003 -0.000003 1.000000 179 179 179
0.106618 -0.003846 -0.379075 0.000002 -0.000004 1.000000 179 179 179
0.101760 -0.022386 -0.379075 0.000002 -0.000004 1.000000 179 179 179
0.114467 -0.015594 -0.379075 0.000002 -0.000004 1.000000 179 179 179
0.101760 -0.022386 -0.379075 0.000001 -0.000004 1.000000 179 179 179
0.085216 -0.012711 -0.379075 0.000001 -0.000004 1.000000 179 179 179
0.087972 -0.026568 -0.379075 0.000001 -0.000004 1.000000 179 179 179
0.073633 -0.027981 -0.379075 -0.000005 -0.000000 1.000000 179 179 179
0.085216 -0.012711 -0.379075 -0.000005 -0.000000 1.000000 179 179 179
0.073633 -0.013852 -0.379075 -0.000005 -0.000000 1.000000 179 179 179
0.073633 -0.013852 -0.379075 0.000000 -0.000000 1.000000 179 179 179
0.059294 -0.026568 -0.379075 0.000000 -0.000000 1.000000 179 179 179
0.073633 -0.027981 -0.379075 0.000000 -0.000000 1.000000 179 179 179
0.045506 -0.022386 -0.379075 0.000000 0.000000 1.000000 179 179 179
0.062050 -0.012711 -0.379075 0.000000 0.000000 1.000000 179 179 179
0.050913 -0.009332 -0.379075 0.000000 0.000000 1.000000 179 179 179
0.032799 -0.015594 -0.379075 0.000000 -0.000000 1.000000 179 179 179
0.021661 -0.006453 -0.379075 -0.000003 -0.000003 1.000000 179 179 179
0.040648 -0.003846 -0.379075 -0.000003 -0.000003 1.000000 179 179 179
0.031651 0.003538 -0.379075 -0.000003 -0.000003 1.000000 179 179 179
0.012520 0.004685 -0.379075 -0.000003 -0.000003 1.000000 179 179 179
0.005728 0.017392 -0.379075 -0.000004 -0.000002 1.000000 179 179 179
0.024268 0.012534 -0.379075 -0.000004 -0.000002 1.000000 179 179 179
0.018781 0.022799 -0.379075 -0.000004 -0.000002 1.000000 179 179 179
0.001545 0.031180 -0.379075 -0.000004 -0.000001 1.000000 179 179 179
0.018781 0.022799 -0.379075 -0.000004 -0.000001 1.000000 179 179 179
0.015403 0.033937 -0.379075 -0.000004 -0.000001 1.000000 179 179 179
0.015403 0.033937 -0.379075 -0.000004 -0.000000 1.000000 179 179 179
0.000133 0.045519 -0.379075 -0.000004 -0.000000 1.000000 179 179 179
0.001545 0.031180 -0.379075 -0.000004 -0.000000 1.000000 179 179 179
0.014262 0.045519 -0.379075 -0.000000 0.000000 1.000000 179 179 179
0.001545 0.059858 -0.379075 -0.000000 0.000000 1.000000 179 179 179
0.000133 0.045519 -0.379075 -0.000000 0.000000 1.000000 179 179 179
0.005728 0.073646 -0.379075 -0.000004 0.000001 1.000000 179 179 179
0.015403 0.057102 -0.379075 -0.000004 0.000001 1.000000 179 179 179
0.018781 0.068240 -0.379075 -0.000004 0.000001 1.000000 179 179 179
0.018781 0.068240 -0.379075 -0.000004 0.000002 1.000000 179 179 179
0.012520 0.086354 -0.379075 -0.000004 0.000002 1.000000 179 179 179
0.005728 0.073646 -0.379075 -0.000004 0.000002 1.000000 179 179 179
0.024268 0.078504 -0.379075 -0.000003 0.000003 1.000000 179 179 179
0.021661 0.097492 -0.379075 -0.000003 0.000003 1.000000 179 179 179
0.012520 0.086354 -0.379075 -0.000003 0.000003 1.000000 179 179 179
0.031651 0.087501 -0.379075 -0.000003 0.000003 1.000000 179 179 179
0.032799 0.106632 -0.379075 -0.000003 0.000003 1.000000 179 179 179
0.045506 0.113424 -0.379075 -0.000002 0.000004 1.000000 179 179 179
0.040648 0.094885 -0.379075 -0.000002 0.000004 1.000000 179 179 179
0.050913 0.100371 -0.379075 -0.000002 0.000004 1.000000 179 179 179
0.045506 0.113424 -0.379075 -0.000001 0.000004 1.000000 179 179 179
0.062050 0.103750 -0.379075 -0.000001 0.000004 1.000000 179 179 179
0.059294 0.117607 -0.379075 -0.000001 0.000004 1.000000 179 179 179
0.073633 0.119019 -0.379075 -0.000000 0.000004 1.000000 179 179 179
0.062050 0.103750 -0.379075 -0.000000 0.000004 1.000000 179 179 179
0.073633 0.119019 -0.777267 0.000002 -0.000017 -1.000000 179 179 179
0.062050 0.103750 -0.777267 0.000002 -0.000017 -1.000000 179 179 179
0.059294 0.117607 -0.777267 0.000002 -0.000017 -1.000000 179 179 179
0.062050 0.103750 -0.777267 0.000005 -0.000016 -1.000000 179 179 179
0.045506 0.113424 -0.777267 0.000005 -0.000016 -1.000000 179 179 179
0.059294 0.117607 -0.777267 0.000005 -0.000016 -1.000000 179 179 179
0.050913 0.100371 -0.777267 0.000008 -0.000015 -1.000000 179 179 179
0.032799 0.106632 -0.777267 0.000008 -0.000015 -1.000000 179 179 179
0.045506 0.113424 -0.777267 0.000008 -0.000015 -1.000000 179 179 179
0.040648 0.094885 -0.777267 0.000011 -0.000013 -1.000000 179 179 179
0.021661 0.097492 -0.777267 0.000011 -0.000013 -1.000000 179 179 179
0.032799 0.106632 -0.777267 0.000011 -0.000013 -1.000000 179 179 179
0.031651 0.087501 -0.777267 0.000013 -0.000011 -1.000000 179 179 179
0.012520 0.086354 -0.777267 0.000013 -0.000011 -1.000000 179 179 179
0.021661 0.097492 -0.777267 0.000013 -0.000011 -1.000000 179 179 179
0.024268 0.078504 -0.777267 0.000015 -0.000008 -1.000000 179 179 179
0.005728 0.073646 -0.777267 0.000015 -0.000008 -1.000000 179 179 179
0.012520 0.086354 -0.777267 0.000015 -0.000008 -1.000000 179 179 179
0.018781 0.068240 -0.777267 0.000000 -0.000000 -1.000000 179 179 179
0.001545 0.059858 -0.777267 0.000000 -0.000000 -1.000000 179 179 179
0.005728 0.073646 -0.777267 0.000000 -0.000000 -1.000000 179 179 179
0.015403 0.057102 -0.777267 0.000000 -0.000000 -1.000000 179 179 179
0.000133 0.045519 -0.777267 0.000000 -0.000000 -1.000000 179 179 179
0.014262 0.045519 -0.777267 0.000000 0.000000 -1.000000 179 179 179
0.001545 0.031180 -0.777267 0.000000 0.000000 -1.000000 179 179 179
0.015403 0.033937 -0.777267 0.000000 0.000000 -1.000000 179 179 179
0.005728 0.017392 -0.777267 0.000000 0.000000 -1.000000 179 179 179
0.018781 0.022799 -0.777267 0.000007 0.000004 -1.000000 179 179 179
0.012520 0.004685 -0.777267 0.000007 0.000004 -1.000000 179 179 179
0.005728 0.017392 -0.777267 0.000007 0.000004 -1.000000 179 179 179
0.024268 0.012534 -0.777267 0.000013 0.000011 -1.000000 179 179 179
0.021661 -0.006453 -0.777267 0.000013 0.000011 -1.000000 179 179 179
0.012520 0.004685 -0.777267 0.000013 0.000011 -1.000000 179 179 179
0.031651 0.003538 -0.777267 0.000011 0.000013 -1.000000 179 179 179
0.032799 -0.015594 -0.777267 0.000011 0.000013 -1.000000 179 179 179
0.021661 -0.006453 -0.777267 0.000011 0.000013 -1.000000 179 179 179
0.040648 -0.003846 -0.777267 0.000008 0.000015 -1.000000 179 179 179
0.045506 -0.022386 -0.777267 0.000008 0.000015 -1.000000 179 179 179
0.032799 -0.015594 -0.777267 0.000008 0.000015 -1.000000 179 179 179
0.050913 -0.009332 -0.777267 0.000005 0.000016 -1.000000 179 179 179
0.059294 -0.026568 -0.777267 0.000005 0.000016 -1.000000 179 179 179
0.045506 -0.022386 -0.777267 0.000005 0.000016 -1.000000 179 179 179
0.059294 -0.026568 -0.777267 -0.000000 0.000000 -1.000000 179 179 179
0.073633 -0.013852 -0.777267 -0.000000 0.000000 -1.000000 179 179 179
0.073633 -0.027981 -0.777267 -0.000000 0.000000 -1.000000 179 179 179
0.085216 -0.012711 -0.777267 -0.000000 0.000000 -1.000000 179 179 179
0.087972 -0.026568 -0.777267 -0.000000 0.000000 -1.000000 179 179 179
0.096353 -0.009332 -0.777267 -0.000000 0.000000 -1.000000 179 179 179
0.101760 -0.022386 -0.777267 -0.000000 0.000000 -1.000000 179 179 179
0.106618 -0.003846 -0.777267 -0.000000 0.000000 -1.000000 179 179 179
0.114467 -0.015594 -0.777267 -0.000000 0.000000 -1.000000 179 179 179
0.115615 0.003538 -0.777267 -0.000000 0.000000 -1.000000 179 179 179
0.125605 -0.006453 -0.777267 -0.000000 0.000000 -1.000000 179 179 179
0.122998 0.012534 -0.777267 -0.000000 -0.000000 -1.000000 179 179 179
0.134746 0.004685 -0.777267 -0.000000 -0.000000 -1.000000 179 179 179
0.128485 0.022799 -0.777267 -0.000000 -0.000000 -1.000000 179 179 179
0.141538 0.017392 -0.777267 -0.000000 -0.000000 -1.000000 179 179 179
0.131863 0.033937 -0.777267 -0.000000 -0.000000 -1.000000 179 179 179
0.145721 0.031180 -0.777267 -0.000000 -0.000000 -1.000000 179 179 179
0.147133 0.045519 -0.777267 -0.000000 0.000000 -1.000000 179 179 179
0.131863 0.057102 -0.777267 0.000000 -0.000000 -1.000000 179 179 179
0.145721 0.059858 -0.777267 0.000000 -0.000000 -1.000000 179 179 179
0.145721 0.059858 -0.777267 -0.000008 -0.000002 -1.000000 179 179 179
0.128485 0.068240 -0.777267 -0.000008 -0.000002 -1.000000 179 179 179
0.141538 0.073647 -0.777267 -0.000008 -0.000002 -1.000000 179 179 179
0.141538 0.073647 -0.777267 -0.000015 -0.000008 -1.000000 179 179 179
0.122998 0.078504 -0.777267 -0.000015 -0.000008 -1.000000 179 179 179
0.134746 0.086354 -0.777267 -0.000015 -0.000008 -1.000000 179 179 179
0.134746 0.086354 -0.777267 -0.000013 -0.000011 -1.000000 179 179 179
0.115615 0.087501 -0.777267 -0.000013 -0.000011 -1.000000 179 179 179
0.125605 0.097492 -0.777267 -0.000013 -0.000011 -1.000000 179 179 179
0.115615 0.087501 -0.777267 -0.000011 -0.000013 -1.000000 179 179 179
0.114467 0.106632 -0.777267 -0.000011 -0.000013 -1.000000 179 179 179
0.125605 0.097492 -0.777267 -0.000011 -0.000013 -1.000000 179 179 179
0.114467 0.106632 -0.777267 -0.000008 -0.000015 -1.000000 179 179 179
0.096353 0.100371 -0.777267 -0.000008 -0.000015 -1.000000 179 179 179
0.101760 0.113424 -0.777267 -0.000008 -0.000015 -1.000000 179 179 179
0.096353 0.100371 -0.777267 -0.000005 -0.000016 -1.000000 179 179 179
0.087972 0.117607 -0.777267 -0.000005 -0.000016 -1.000000 179 179 179
0.101760 0.113424 -0.777267 -0.000005 -0.000016 -1.000000 179 179 179
0.085216 0.103750 -0.777267 -0.000002 -0.000017 -1.000000 179 179 179
0.073633 0.119019 -0.777267 -0.000002 -0.000017 -1.000000 179 179 179
0.087972 0.117607 -0.777267 -0.000002 -0.000017 -1.000000 179 179 179
-0.001279 0.031180 -0.379075 0.995185 -0.098017 -0.000000 179 179 179
0.000133 0.045519 -0.777267 0.995185 -0.098017 -0.000000 179 179 179
0.000133 0.045519 -0.379075 0.995185 -0.098017 -0.000000 179 179 179
-0.005462 0.017392 -0.379075 0.956940 -0.290285 -0.000000 179 179 179
-0.001279 0.031180 -0.777267 0.956940 -0.290285 -0.000000 179 179 179
-0.001279 0.031180 -0.379075 0.956940 -0.290285 -0.000000 179 179 179
-0.012254 0.004685 -0.379075 0.881921 -0.471397 -0.000000 179 179 179
-0.005462 0.017392 -0.777267 0.881921 -0.471397 -0.000000 179 179 179
-0.005462 0.017392 -0.379075 0.881921 -0.471397 -0.000000 179 179 179
-0.021395 -0.006453 -0.379075 0.773010 -0.634393 -0.000000 179 179 179
-0.012254 0.004685 -0.777267 0.773010 -0.634393 -0.000000 179 179 179
-0.012254 0.004685 -0.379075 0.773010 -0.634393 -0.000000 179 179 179
-0.032533 -0.015594 -0.379075 0.634394 -0.773010 -0.000000 179 179 179
-0.021395 -0.006453 -0.777267 0.634394 -0.773010 -0.000000 179 179 179
-0.021395 -0.006453 -0.379075 0.634394 -0.773010 -0.000000 179 179 179
-0.045240 -0.022386 -0.379075 0.471396 -0.881921 -0.000000 179 179 179
-0.032533 -0.015594 -0.777267 0.471396 -0.881921 -0.000000 179 179 179
-0.032533 -0.015594 -0.379075 0.471396 -0.881921 -0.000000 179 179 179
-0.059028 -0.026568 -0.379075 0.290285 -0.956940 -0.000000 179 179 179
-0.045240 -0.022386 -0.777267 0.290285 -0.956940 -0.000000 179 179 179
-0.045240 -0.022386 -0.379075 0.290285 -0.956940 -0.000000 179 179 179
-0.059028 -0.026568 -0.379075 0.098018 -0.995185 -0.000000 179 179 179
-0.073367 -0.027981 -0.777267 0.098018 -0.995185 -0.000000 179 179 179
-0.059028 -0.026568 -0.777267 0.098018 -0.995185 -0.000000 179 179 179
-0.087706 -0.026568 -0.379075 -0.098017 -0.995185 -0.000000 179 179 179
-0.073367 -0.027981 -0.777267 -0.098017 -0.995185 -0.000000 179 179 179
-0.073367 -0.027981 -0.379075 -0.098017 -0.995185 -0.000000 179 179 179
-0.101494 -0.022386 -0.379075 -0.290285 -0.956940 -0.000000 179 179 179
-0.087706 -0.026568 -0.777267 -0.290285 -0.956940 -0.000000 179 179 179
-0.087706 -0.026568 -0.379075 -0.290285 -0.956940 -0.000000 179 179 179
-0.114201 -0.015594 -0.379075 -0.471396 -0.881922 -0.000000 179 179 179
-0.101494 -0.022386 -0.777267 -0.471396 -0.881922 -0.000000 179 179 179
-0.101494 -0.022386 -0.379075 -0.471396 -0.881922 -0.000000 179 179 179
-0.125339 -0.006453 -0.379075 -0.634394 -0.773010 -0.000000 179 179 179
-0.114201 -0.015594 -0.777267 -0.634394 -0.773010 -0.000000 179 179 179
-0.114201 -0.015594 -0.379075 -0.634394 -0.773010 -0.000000 179 179 179
-0.134480 0.004685 -0.379075 -0.773010 -0.634394 0.000000 179 179 179
-0.125339 -0.006453 -0.777267 -0.773010 -0.634394 0.000000 179 179 179
-0.125339 -0.006453 -0.379075 -0.773010 -0.634394 0.000000 179 179 179
-0.141272 0.017392 -0.379075 -0.881921 -0.471396 0.000000 179 179 179
-0.134480 0.004685 -0.777267 -0.881921 -0.471396 0.000000 179 179 179
-0.134480 0.004685 -0.379075 -0.881921 -0.471396 0.000000 179 179 179
-0.145455 0.031180 -0.379075 -0.956940 -0.290285 0.000000 179 179 179
-0.141272 0.017392 -0.777267 -0.956940 -0.290285 0.000000 179 179 179
-0.141272 0.017392 -0.379075 -0.956940 -0.290285 0.000000 179 179 179
-0.146867 0.045519 -0.379075 -0.995185 -0.098016 0.000000 179 179 179
-0.145455 0.031180 -0.777267 -0.995185 -0.098016 0.000000 179 179 179
-0.145455 0.031180 -0.379075 -0.995185 -0.098016 0.000000 179 179 179
-0.145455 0.059858 -0.379075 -0.995185 0.098019 0.000000 179 179 179
-0.146867 0.045519 -0.777267 -0.995185 0.098019 0.000000 179 179 179
-0.146867 0.045519 -0.379075 -0.995185 0.098019 0.000000 179 179 179
-0.141272 0.073647 -0.379075 -0.956940 0.290285 0.000000 179 179 179
-0.145455 0.059858 -0.777267 -0.956940 0.290285 0.000000 179 179 179
-0.145455 0.059858 -0.379075 -0.956940 0.290285 0.000000 179 179 179
-0.134480 0.086354 -0.379075 -0.881921 0.471397 0.000000 179 179 179
-0.141272 0.073647 -0.777267 -0.881921 0.471397 0.000000 179 179 179
-0.141272 0.073647 -0.379075 -0.881921 0.471397 0.000000 179 179 179
-0.125339 0.097492 -0.379075 -0.773010 0.634394 0.000000 179 179 179
-0.134480 0.086354 -0.777267 -0.773010 0.634394 0.000000 179 179 179
-0.134480 0.086354 -0.379075 -0.773010 0.634394 0.000000 179 179 179
-0.114201 0.106632 -0.379075 -0.634393 0.773011 0.000000 179 179 179
-0.125339 0.097492 -0.777267 -0.634393 0.773011 0.000000 179 179 179
-0.125339 0.097492 -0.379075 -0.634393 0.773011 0.000000 179 179 179
-0.101494 0.113424 -0.379075 -0.471397 0.881921 0.000000 179 179 179
-0.114201 0.106632 -0.777267 -0.471397 0.881921 0.000000 179 179 179
-0.114201 0.106632 -0.379075 -0.471397 0.881921 0.000000 179 179 179
-0.087706 0.117607 -0.379075 -0.290283 0.956941 0.000000 179 179 179
-0.101494 0.113424 -0.777267 -0.290283 0.956941 0.000000 179 179 179
-0.101494 0.113424 -0.379075 -0.290283 0.956941 0.000000 179 179 179
-0.073367 0.119019 -0.379075 -0.098016 0.995185 0.000000 179 179 179
-0.087706 0.117607 -0.777267 -0.098016 0.995185 0.000000 179 179 179
-0.087706 0.117607 -0.379075 -0.098016 0.995185 0.000000 179 179 179
-0.059028 0.117607 -0.379075 0.098017 0.995185 0.000000 179 179 179
-0.073367 0.119019 -0.777267 0.098017 0.995185 0.000000 179 179 179
-0.073367 0.119019 -0.379075 0.098017 0.995185 0.000000 179 179 179
-0.059028 0.117607 -0.379075 0.290286 0.956940 0.000000 179 179 179
-0.045240 0.113424 -0.777267 0.290286 0.956940 0.000000 179 179 179
-0.059028 0.117607 -0.777267 0.290286 0.956940 0.000000 179 179 179
-0.032532 0.106632 -0.379075 0.471398 0.881921 0.000000 179 179 179
-0.045240 0.113424 -0.777267 0.471398 0.881921 0.000000 179 179 179
-0.045240 0.113424 -0.379075 0.471398 0.881921 0.000000 179 179 179
-0.021395 0.097492 -0.379075 0.634394 0.773010 0.000000 179 179 179
-0.032533 0.106632 -0.777267 0.634394 0.773010 0.000000 179 179 179
-0.032532 0.106632 -0.379075 0.634394 0.773010 0.000000 179 179 179
-0.021395 0.097492 -0.379075 0.773011 0.634392 -0.000000 179 179 179
-0.012254 0.086354 -0.777267 0.773011 0.634392 -0.000000 179 179 179
-0.021395 0.097492 -0.777267 0.773011 0.634392 -0.000000 179 179 179
-0.005462 0.073646 -0.379075 0.881922 0.471396 -0.000000 179 179 179
-0.012254 0.086354 -0.777267 0.881922 0.471396 -0.000000 179 179 179
-0.012254 0.086354 -0.379075 0.881922 0.471396 -0.000000 179 179 179
-0.001279 0.059858 -0.379075 0.956941 0.290283 -0.000000 179 179 179
-0.005462 0.073646 -0.777267 0.956941 0.290283 -0.000000 179 179 179
-0.005462 0.073646 -0.379075 0.956941 0.290283 -0.000000 179 179 179
0.000133 0.045519 -0.379075 0.995185 0.098016 -0.000000 179 179 179
-0.001279 0.059858 -0.777267 0.995185 0.098016 -0.000000 179 179 179
-0.001279 0.059858 -0.379075 0.995185 0.098016 -0.000000 179 179 179
-0.050647 -0.009332 -0.379075 -0.471397 0.881921 0.000000 179 179 179
-0.040382 -0.003846 -0.777267 -0.471397 0.881921 0.000000 179 179 179
-0.050647 -0.009332 -0.777267 -0.471397 0.881921 0.000000 179 179 179
-0.015137 0.057102 -0.379075 -0.995185 -0.098016 0.000000 179 179 179
-0.013996 0.045519 -0.777267 -0.995185 -0.098016 0.000000 179 179 179
-0.013996 0.045519 -0.379075 -0.995185 -0.098016 0.000000 179 179 179
-0.031385 0.087501 -0.379075 -0.773011 -0.634392 0.000000 179 179 179
-0.024002 0.078504 -0.777267 -0.773011 -0.634392 0.000000 179 179 179
-0.024002 0.078504 -0.379075 -0.773011 -0.634392 0.000000 179 179 179
-0.128219 0.022799 -0.379075 0.956940 0.290285 -0.000000 179 179 179
-0.131597 0.033937 -0.777267 0.956940 0.290285 -0.000000 179 179 179
-0.131597 0.033937 -0.379075 0.956940 0.290285 -0.000000 179 179 179
-0.061784 -0.012711 -0.379075 -0.098017 0.995185 0.000000 179 179 179
-0.073367 -0.013852 -0.777267 -0.098017 0.995185 0.000000 179 179 179
-0.073367 -0.013852 -0.379075 -0.098017 0.995185 0.000000 179 179 179
-0.040382 0.094885 -0.379075 -0.634394 -0.773010 0.000000 179 179 179
-0.031385 0.087501 -0.777267 -0.634394 -0.773010 0.000000 179 179 179
-0.031385 0.087501 -0.379075 -0.634394 -0.773010 0.000000 179 179 179
-0.096087 0.100371 -0.379075 0.290284 -0.956941 -0.000000 179 179 179
-0.084950 0.103750 -0.777267 0.290284 -0.956941 -0.000000 179 179 179
-0.084950 0.103750 -0.379075 0.290284 -0.956941 -0.000000 179 179 179
-0.024002 0.012534 -0.379075 -0.773010 0.634394 0.000000 179 179 179
-0.031385 0.003538 -0.777267 -0.773010 0.634394 0.000000 179 179 179
-0.031385 0.003538 -0.379075 -0.773010 0.634394 0.000000 179 179 179
-0.018515 0.068240 -0.379075 -0.881922 -0.471396 0.000000 179 179 179
-0.024002 0.078504 -0.777267 -0.881922 -0.471396 0.000000 179 179 179
-0.018515 0.068240 -0.777267 -0.881922 -0.471396 0.000000 179 179 179
-0.084950 -0.012711 -0.379075 0.290285 0.956940 -0.000000 179 179 179
-0.096087 -0.009332 -0.777267 0.290285 0.956940 -0.000000 179 179 179
-0.096087 -0.009332 -0.379075 0.290285 0.956940 -0.000000 179 179 179
-0.013996 0.045519 -0.379075 -0.995185 0.098017 0.000000 179 179 179
-0.015137 0.033937 -0.777267 -0.995185 0.098017 0.000000 179 179 179
-0.015137 0.033937 -0.379075 -0.995185 0.098017 0.000000 179 179 179
-0.131597 0.057102 -0.379075 0.956940 -0.290285 -0.000000 179 179 179
-0.128219 0.068240 -0.777267 0.956940 -0.290285 -0.000000 179 179 179
-0.128219 0.068240 -0.379075 0.956940 -0.290285 -0.000000 179 179 179
-0.131597 0.057102 -0.379075 0.995185 -0.098017 -0.000000 179 179 179
-0.132738 0.045519 -0.777267 0.995185 -0.098017 -0.000000 179 179 179
-0.131597 0.057102 -0.777267 0.995185 -0.098017 -0.000000 179 179 179
-0.131597 0.033937 -0.379075 0.995185 0.098017 -0.000000 179 179 179
-0.132738 0.045519 -0.777267 0.995185 0.098017 -0.000000 179 179 179
-0.132738 0.045519 -0.379075 0.995185 0.098017 -0.000000 179 179 179
-0.115349 0.087501 -0.379075 0.634393 -0.773011 -0.000000 179 179 179
-0.106352 0.094885 -0.777267 0.634393 -0.773011 -0.000000 179 179 179
-0.106352 0.094885 -0.379075 0.634393 -0.773011 -0.000000 179 179 179
-0.122732 0.078504 -0.379075 0.773010 -0.634393 -0.000000 179 179 179
-0.115349 0.087501 -0.777267 0.773010 -0.634393 -0.000000 179 179 179
-0.115349 0.087501 -0.379075 0.773010 -0.634393 -0.000000 179 179 179
-0.115349 0.003538 -0.379075 0.773010 0.634393 -0.000000 179 179 179
-0.122732 0.012534 -0.777267 0.773010 0.634393 -0.000000 179 179 179
-0.122732 0.012534 -0.379075 0.773010 0.634393 -0.000000 179 179 179
-0.061784 0.103750 -0.379075 -0.290285 -0.956940 0.000000 179 179 179
-0.050647 0.100371 -0.777267 -0.290285 -0.956940 0.000000 179 179 179
-0.050647 0.100371 -0.379075 -0.290285 -0.956940 0.000000 179 179 179
-0.015137 0.033937 -0.379075 -0.956940 0.290284 0.000000 179 179 179
-0.018515 0.022799 -0.777267 -0.956940 0.290284 0.000000 179 179 179
-0.018515 0.022799 -0.379075 -0.956940 0.290284 0.000000 179 179 179
-0.106352 0.094885 -0.379075 0.471397 -0.881921 -0.000000 179 179 179
-0.096087 0.100371 -0.777267 0.471397 -0.881921 -0.000000 179 179 179
-0.096087 0.100371 -0.379075 0.471397 -0.881921 -0.000000 179 179 179
-0.061784 -0.012711 -0.379075 -0.290284 0.956940 0.000000 179 179 179
-0.050647 -0.009332 -0.777267 -0.290284 0.956940 0.000000 179 179 179
-0.061784 -0.012711 -0.777267 -0.290284 0.956940 0.000000 179 179 179
-0.031385 0.003538 -0.379075 -0.634394 0.773010 0.000000 179 179 179
-0.040382 -0.003846 -0.777267 -0.634394 0.773010 0.000000 179 179 179
-0.040382 -0.003846 -0.379075 -0.634394 0.773010 0.000000 179 179 179
-0.096087 -0.009332 -0.379075 0.471397 0.881921 -0.000000 179 179 179
-0.106352 -0.003846 -0.777267 0.471397 0.881921 -0.000000 179 179 179
-0.106352 -0.003846 -0.379075 0.471397 0.881921 -0.000000 179 179 179
-0.106352 -0.003846 -0.379075 0.634393 0.773010 -0.000000 179 179 179
-0.115349 0.003538 -0.777267 0.634393 0.773010 -0.000000 179 179 179
-0.115349 0.003538 -0.379075 0.634393 0.773010 -0.000000 179 179 179
-0.073367 0.104890 -0.379075 -0.098018 -0.995185 -0.000000 179 179 179
-0.061784 0.103750 -0.777267 -0.098018 -0.995185 -0.000000 179 179 179
-0.061784 0.103750 -0.379075 -0.098018 -0.995185 -0.000000 179 179 179
-0.128219 0.022799 -0.379075 0.881921 0.471398 -0.000000 179 179 179
-0.122732 0.012534 -0.777267 0.881921 0.471398 -0.000000 179 179 179
-0.128219 0.022799 -0.777267 0.881921 0.471398 -0.000000 179 179 179
-0.073367 -0.013852 -0.379075 0.098017 0.995185 0.000000 179 179 179
-0.084950 -0.012711 -0.777267 0.098017 0.995185 0.000000 179 179 179
-0.084950 -0.012711 -0.379075 0.098017 0.995185 0.000000 179 179 179
-0.050647 0.100371 -0.379075 -0.471398 -0.881921 0.000000 179 179 179
-0.040382 0.094885 -0.777267 -0.471398 -0.881921 0.000000 179 179 179
-0.040382 0.094885 -0.379075 -0.471398 -0.881921 0.000000 179 179 179
-0.018515 0.068240 -0.379075 -0.956941 -0.290283 0.000000 179 179 179
-0.015137 0.057102 -0.777267 -0.956941 -0.290283 0.000000 179 179 179
-0.015137 0.057102 -0.379075 -0.956941 -0.290283 0.000000 179 179 179
-0.018515 0.022799 -0.379075 -0.881921 0.471397 0.000000 179 179 179
-0.024002 0.012534 -0.777267 -0.881921 0.471397 0.000000 179 179 179
-0.024002 0.012534 -0.379075 -0.881921 0.471397 0.000000 179 179 179
-0.128219 0.068240 -0.379075 0.881921 -0.471396 -0.000000 179 179 179
-0.122732 0.078504 -0.777267 0.881921 -0.471396 -0.000000 179 179 179
-0.122732 0.078504 -0.379075 0.881921 -0.471396 -0.000000 179 179 179
-0.073367 0.104890 -0.379075 0.098016 -0.995185 0.000000 179 179 179
-0.084950 0.103750 -0.777267 0.098016 -0.995185 0.000000 179 179 179
-0.073367 0.104890 -0.777267 0.098016 -0.995185 0.000000 179 179 179
-0.087706 0.117607 -0.379075 -0.000000 0.000004 1.000000 179 179 179
-0.073367 0.104890 -0.379075 -0.000000 0.000004 1.000000 179 179 179
-0.073367 0.119019 -0.379075 -0.000000 0.000004 1.000000 179 179 179
-0.087706 0.117607 -0.379075 -0.000001 0.000004 1.000000 179 179 179
-0.096087 0.100371 -0.379075 -0.000001 0.000004 1.000000 179 179 179
-0.084950 0.103750 -0.379075 -0.000001 0.000004 1.000000 179 179 179
-0.106352 0.094885 -0.379075 -0.000000 0.000000 1.000000 179 179 179
-0.101494 0.113424 -0.379075 -0.000000 0.000000 1.000000 179 179 179
-0.114201 0.106632 -0.379075 -0.000000 0.000000 1.000000 179 179 179
-0.115349 0.087501 -0.379075 0.000000 -0.000000 1.000000 179 179 179
-0.122732 0.078504 -0.379075 -0.000000 0.000000 1.000000 179 179 179
-0.125339 0.097492 -0.379075 -0.000000 0.000000 1.000000 179 179 179
-0.134480 0.086354 -0.379075 -0.000000 0.000000 1.000000 179 179 179
-0.128219 0.068240 -0.379075 -0.000000 0.000000 1.000000 179 179 179
-0.141272 0.073647 -0.379075 -0.000000 0.000000 1.000000 179 179 179
-0.131597 0.057102 -0.379075 0.000000 0.000000 1.000000 179 179 179
-0.145455 0.059858 -0.379075 0.000001 0.000005 1.000000 179 179 179
-0.132738 0.045519 -0.379075 0.000001 0.000005 1.000000 179 179 179
-0.131597 0.057102 -0.379075 0.000001 0.000005 1.000000 179 179 179
-0.146867 0.045519 -0.379075 -0.000004 -0.000000 1.000000 179 179 179
-0.131597 0.033937 -0.379075 -0.000004 -0.000000 1.000000 179 179 179
-0.132738 0.045519 -0.379075 -0.000004 -0.000000 1.000000 179 179 179
-0.141272 0.017392 -0.379075 -0.000004 -0.000001 1.000000 179 179 179
-0.131597 0.033937 -0.379075 -0.000004 -0.000001 1.000000 179 179 179
-0.145455 0.031180 -0.379075 -0.000004 -0.000001 1.000000 179 179 179
-0.122732 0.012534 -0.379075 -0.000004 -0.000002 1.000000 179 179 179
-0.141272 0.017392 -0.379075 -0.000004 -0.000002 1.000000 179 179 179
-0.134480 0.004685 -0.379075 -0.000004 -0.000002 1.000000 179 179 179
-0.115349 0.003538 -0.379075 -0.000003 -0.000003 1.000000 179 179 179
-0.134480 0.004685 -0.379075 -0.000003 -0.000003 1.000000 179 179 179
-0.125339 -0.006453 -0.379075 -0.000003 -0.000003 1.000000 179 179 179
-0.106352 -0.003846 -0.379075 -0.000003 -0.000003 1.000000 179 179 179
-0.114201 -0.015594 -0.379075 -0.000003 -0.000003 1.000000 179 179 179
-0.101494 -0.022386 -0.379075 -0.000002 -0.000004 1.000000 179 179 179
-0.106352 -0.003846 -0.379075 -0.000002 -0.000004 1.000000 179 179 179
-0.114201 -0.015594 -0.379075 -0.000002 -0.000004 1.000000 179 179 179
-0.101494 -0.022386 -0.379075 -0.000001 -0.000004 1.000000 179 179 179
-0.084950 -0.012711 -0.379075 -0.000001 -0.000004 1.000000 179 179 179
-0.096087 -0.009332 -0.379075 -0.000001 -0.000004 1.000000 179 179 179
-0.073367 -0.027981 -0.379075 -0.000000 -0.000004 1.000000 179 179 179
-0.084950 -0.012711 -0.379075 -0.000000 -0.000004 1.000000 179 179 179
-0.087706 -0.026568 -0.379075 -0.000000 -0.000004 1.000000 179 179 179
-0.059028 -0.026568 -0.379075 -0.000000 0.000000 1.000000 179 179 179
-0.073367 -0.013852 -0.379075 -0.000000 0.000000 1.000000 179 179 179
-0.073367 -0.027981 -0.379075 -0.000000 0.000000 1.000000 179 179 179
-0.045240 -0.022386 -0.379075 -0.000000 -0.000000 1.000000 179 179 179
-0.061784 -0.012711 -0.379075 -0.000000 -0.000000 1.000000 179 179 179
-0.032533 -0.015594 -0.379075 -0.000000 -0.000000 1.000000 179 179 179
-0.050647 -0.009332 -0.379075 -0.000000 -0.000000 1.000000 179 179 179
-0.021395 -0.006453 -0.379075 0.000003 -0.000003 1.000000 179 179 179
-0.040382 -0.003846 -0.379075 0.000003 -0.000003 1.000000 179 179 179
-0.032533 -0.015594 -0.379075 0.000003 -0.000003 1.000000 179 179 179
-0.012254 0.004685 -0.379075 0.000003 -0.000003 1.000000 179 179 179
-0.031385 0.003538 -0.379075 0.000003 -0.000003 1.000000 179 179 179
-0.005462 0.017392 -0.379075 0.000004 -0.000002 1.000000 179 179 179
-0.024002 0.012534 -0.379075 0.000004 -0.000002 1.000000 179 179 179
-0.012254 0.004685 -0.379075 0.000004 -0.000002 1.000000 179 179 179
-0.001279 0.031180 -0.379075 0.000004 -0.000001 1.000000 179 179 179
-0.018515 0.022799 -0.379075 0.000004 -0.000001 1.000000 179 179 179
-0.005462 0.017392 -0.379075 0.000004 -0.000001 1.000000 179 179 179
0.000133 0.045519 -0.379075 0.000004 -0.000000 1.000000 179 179 179
-0.015137 0.033937 -0.379075 0.000004 -0.000000 1.000000 179 179 179
-0.001279 0.031180 -0.379075 0.000004 -0.000000 1.000000 179 179 179
-0.001279 0.059858 -0.379075 0.000000 -0.000000 1.000000 179 179 179
-0.013996 0.045519 -0.379075 0.000000 -0.000000 1.000000 179 179 179
-0.005462 0.073646 -0.379075 0.000004 0.000001 1.000000 179 179 179
-0.015137 0.057102 -0.379075 0.000004 0.000001 1.000000 179 179 179
-0.001279 0.059858 -0.379075 0.000004 0.000001 1.000000 179 179 179
-0.012254 0.086354 -0.379075 0.000004 0.000002 1.000000 179 179 179
-0.018515 0.068240 -0.379075 0.000004 0.000002 1.000000 179 179 179
-0.005462 0.073646 -0.379075 0.000004 0.000002 1.000000 179 179 179
-0.021395 0.097492 -0.379075 0.000003 0.000003 1.000000 179 179 179
-0.024002 0.078504 -0.379075 0.000003 0.000003 1.000000 179 179 179
-0.012254 0.086354 -0.379075 0.000003 0.000003 1.000000 179 179 179
-0.032532 0.106632 -0.379075 0.000003 0.000003 1.000000 179 179 179
-0.031385 0.087501 -0.379075 0.000003 0.000003 1.000000 179 179 179
-0.050647 0.100371 -0.379075 0.000002 0.000004 1.000000 179 179 179
-0.032532 0.106632 -0.379075 0.000002 0.000004 1.000000 179 179 179
-0.045240 0.113424 -0.379075 0.000002 0.000004 1.000000 179 179 179
-0.059028 0.117607 -0.379075 0.000001 0.000004 1.000000 179 179 179
-0.050647 0.100371 -0.379075 0.000001 0.000004 1.000000 179 179 179
-0.045240 0.113424 -0.379075 0.000001 0.000004 1.000000 179 179 179
-0.061784 0.103750 -0.379075 0.000000 0.000004 1.000000 179 179 179
-0.059028 0.117607 -0.379075 0.000000 0.000004 1.000000 179 179 179
-0.073367 0.119019 -0.777267 0.000009 -0.000008 -1.000000 179 179 179
-0.061784 0.103750 -0.777267 0.000009 -0.000008 -1.000000 179 179 179
-0.073367 0.104890 -0.777267 0.000009 -0.000008 -1.000000 179 179 179
-0.045240 0.113424 -0.777267 -0.000005 -0.000016 -1.000000 179 179 179
-0.061784 0.103750 -0.777267 -0.000005 -0.000016 -1.000000 179 179 179
-0.059028 0.117607 -0.777267 -0.000005 -0.000016 -1.000000 179 179 179
-0.032533 0.106632 -0.777267 -0.000008 -0.000015 -1.000000 179 179 179
-0.050647 0.100371 -0.777267 -0.000008 -0.000015 -1.000000 179 179 179
-0.045240 0.113424 -0.777267 -0.000008 -0.000015 -1.000000 179 179 179
-0.021395 0.097492 -0.777267 -0.000011 -0.000013 -1.000000 179 179 179
-0.040382 0.094885 -0.777267 -0.000011 -0.000013 -1.000000 179 179 179
-0.032533 0.106632 -0.777267 -0.000011 -0.000013 -1.000000 179 179 179
-0.012254 0.086354 -0.777267 -0.000013 -0.000011 -1.000000 179 179 179
-0.031385 0.087501 -0.777267 -0.000013 -0.000011 -1.000000 179 179 179
-0.021395 0.097492 -0.777267 -0.000013 -0.000011 -1.000000 179 179 179
-0.005462 0.073646 -0.777267 -0.000015 -0.000008 -1.000000 179 179 179
-0.024002 0.078504 -0.777267 -0.000015 -0.000008 -1.000000 179 179 179
-0.012254 0.086354 -0.777267 -0.000015 -0.000008 -1.000000 179 179 179
-0.001279 0.059858 -0.777267 0.000000 -0.000000 -1.000000 179 179 179
-0.018515 0.068240 -0.777267 0.000000 -0.000000 -1.000000 179 179 179
-0.005462 0.073646 -0.777267 0.000000 -0.000000 -1.000000 179 179 179
-0.015137 0.057102 -0.777267 0.000000 -0.000000 -1.000000 179 179 179
-0.001279 0.031180 -0.777267 0.000000 -0.000000 -1.000000 179 179 179
-0.013996 0.045519 -0.777267 0.000000 -0.000000 -1.000000 179 179 179
-0.005462 0.017392 -0.777267 -0.000000 -0.000000 -1.000000 179 179 179
-0.015137 0.033937 -0.777267 -0.000000 -0.000000 -1.000000 179 179 179
-0.012254 0.004685 -0.777267 -0.000007 0.000004 -1.000000 179 179 179
-0.018515 0.022799 -0.777267 -0.000007 0.000004 -1.000000 179 179 179
-0.005462 0.017392 -0.777267 -0.000007 0.000004 -1.000000 179 179 179
-0.021395 -0.006453 -0.777267 -0.000013 0.000011 -1.000000 179 179 179
-0.024002 0.012534 -0.777267 -0.000013 0.000011 -1.000000 179 179 179
-0.012254 0.004685 -0.777267 -0.000013 0.000011 -1.000000 179 179 179
-0.032533 -0.015594 -0.777267 -0.000011 0.000013 -1.000000 179 179 179
-0.031385 0.003538 -0.777267 -0.000011 0.000013 -1.000000 179 179 179
-0.021395 -0.006453 -0.777267 -0.000011 0.000013 -1.000000 179 179 179
-0.045240 -0.022386 -0.777267 -0.000008 0.000015 -1.000000 179 179 179
-0.040382 -0.003846 -0.777267 -0.000008 0.000015 -1.000000 179 179 179
-0.032533 -0.015594 -0.777267 -0.000008 0.000015 -1.000000 179 179 179
-0.059028 -0.026568 -0.777267 -0.000005 0.000016 -1.000000 179 179 179
-0.050647 -0.009332 -0.777267 -0.000005 0.000016 -1.000000 179 179 179
-0.045240 -0.022386 -0.777267 -0.000005 0.000016 -1.000000 179 179 179
-0.073367 -0.013852 -0.777267 0.000000 0.000000 -1.000000 179 179 179
-0.059028 -0.026568 -0.777267 0.000000 0.000000 -1.000000 179 179 179
-0.073367 -0.027981 -0.777267 0.000000 0.000000 -1.000000 179 179 179
-0.084950 -0.012711 -0.777267 -0.000000 -0.000000 -1.000000 179 179 179
-0.087706 -0.026568 -0.777267 -0.000000 -0.000000 -1.000000 179 179 179
-0.096087 -0.009332 -0.777267 -0.000000 -0.000000 -1.000000 179 179 179
-0.106352 -0.003846 -0.777267 0.000000 0.000000 -1.000000 179 179 179
-0.101494 -0.022386 -0.777267 0.000000 0.000000 -1.000000 179 179 179
-0.114201 -0.015594 -0.777267 0.000000 0.000000 -1.000000 179 179 179
-0.115349 0.003538 -0.777267 -0.000000 -0.000000 -1.000000 179 179 179
-0.125339 -0.006453 -0.777267 -0.000000 0.000000 -1.000000 179 179 179
-0.122732 0.012534 -0.777267 -0.000000 0.000000 -1.000000 179 179 179
-0.134480 0.004685 -0.777267 -0.000000 0.000000 -1.000000 179 179 179
-0.128219 0.022799 -0.777267 -0.000000 0.000000 -1.000000 179 179 179
-0.141272 0.017392 -0.777267 -0.000000 0.000000 -1.000000 179 179 179
-0.131597 0.033937 -0.777267 -0.000000 0.000000 -1.000000 179 179 179
-0.145455 0.031180 -0.777267 -0.000000 0.000000 -1.000000 179 179 179
-0.132738 0.045519 -0.777267 -0.000000 0.000000 -1.000000 179 179 179
-0.146867 0.045519 -0.777267 -0.000000 0.000000 -1.000000 179 179 179
-0.131597 0.057102 -0.777267 -0.000000 0.000000 -1.000000 179 179 179
-0.145455 0.059858 -0.777267 0.000002 0.000010 -1.000000 179 179 179
-0.128219 0.068240 -0.777267 0.000002 0.000010 -1.000000 179 179 179
-0.131597 0.057102 -0.777267 0.000002 0.000010 -1.000000 179 179 179
-0.141272 0.073647 -0.777267 0.000011 0.000006 -1.000000 179 179 179
-0.122732 0.078504 -0.777267 0.000011 0.000006 -1.000000 179 179 179
-0.128219 0.068240 -0.777267 0.000011 0.000006 -1.000000 179 179 179
-0.134480 0.086354 -0.777267 0.000013 -0.000011 -1.000000 179 179 179
-0.115349 0.087501 -0.777267 0.000013 -0.000011 -1.000000 179 179 179
-0.122732 0.078504 -0.777267 0.000013 -0.000011 -1.000000 179 179 179
-0.125339 0.097492 -0.777267 0.000011 -0.000013 -1.000000 179 179 179
-0.106352 0.094885 -0.777267 0.000011 -0.000013 -1.000000 179 179 179
-0.115349 0.087501 -0.777267 0.000011 -0.000013 -1.000000 179 179 179
-0.096087 0.100371 -0.777267 0.000008 -0.000015 -1.000000 179 179 179
-0.114201 0.106632 -0.777267 0.000008 -0.000015 -1.000000 179 179 179
-0.101494 0.113424 -0.777267 0.000008 -0.000015 -1.000000 179 179 179
-0.087706 0.117607 -0.777267 0.000005 -0.000016 -1.000000 179 179 179
-0.096087 0.100371 -0.777267 0.000005 -0.000016 -1.000000 179 179 179
-0.101494 0.113424 -0.777267 0.000005 -0.000016 -1.000000 179 179 179
-0.073367 0.119019 -0.777267 0.000002 -0.000017 -1.000000 179 179 179
-0.084950 0.103750 -0.777267 0.000002 -0.000017 -1.000000 179 179 179
-0.087706 0.117607 -0.777267 0.000002 -0.000017 -1.000000 179 179 179
0.185732 0.082961 0.696995 0.952718 0.289003 0.093834 38 106 183
0.180399 0.100541 0.696995 0.952718 0.289003 0.093834 38 106 183
0.178736 0.100541 0.713886 0.952718 0.289003 0.093834 38 106 183
0.128994 -0.021899 0.703991 0.290166 -0.956550 0.028577 38 106 183
0.187533 0.064679 0.696995 0.990438 0.097551 0.097548 38 106 183
0.185732 0.082961 0.696995 0.990438 0.097551 0.097548 38 106 183
0.183966 0.082961 0.714926 0.990438 0.097551 0.097548 38 106 183
0.187533 0.064679 0.696995 0.990438 -0.097548 0.097550 38 106 183
0.185732 0.064679 0.715277 0.990438 -0.097548 0.097550 38 106 183
0.183966 0.046397 0.714926 0.990438 -0.097548 0.097550 38 106 183
0.129683 0.151257 0.696995 0.290165 0.956550 0.028579 38 106 183
0.112103 0.156590 0.696995 0.290165 0.956550 0.028579 38 106 183
0.111752 0.156590 0.700562 0.290165 0.956550 0.028579 38 106 183
0.185732 0.046397 0.696995 0.952718 -0.289004 0.093833 38 106 183
0.183966 0.046397 0.714926 0.952718 -0.289004 0.093833 38 106 183
0.178736 0.028817 0.713886 0.952718 -0.289004 0.093833 38 106 183
0.145884 0.142597 0.696995 0.470890 0.880972 0.046376 38 106 183
0.129683 0.151257 0.696995 0.470890 0.880972 0.046376 38 106 183
0.128994 0.151257 0.703991 0.470890 0.880972 0.046376 38 106 183
0.180399 0.028817 0.696995 0.878614 -0.469627 0.086533 38 106 183
0.178736 0.028817 0.713886 0.878614 -0.469627 0.086533 38 106 183
0.170242 0.012616 0.712196 0.878614 -0.469627 0.086533 38 106 183
0.145884 0.142597 0.696995 0.633158 0.771506 0.062360 38 106 183
0.144884 0.142597 0.707152 0.633158 0.771506 0.062360 38 106 183
0.158812 0.130943 0.709923 0.633158 0.771506 0.062360 38 106 183
0.171739 0.012616 0.696995 0.770781 -0.632562 0.075909 38 106 183
0.170242 0.012616 0.712196 0.770781 -0.632562 0.075909 38 106 183
0.158812 -0.001585 0.709923 0.770781 -0.632562 0.075909 38 106 183
0.160085 0.130943 0.696995 0.770780 0.632563 0.075914 38 106 183
0.158812 0.130943 0.709923 0.770780 0.632563 0.075914 38 106 183
0.170242 0.116742 0.712196 0.770780 0.632563 0.075914 38 106 183
0.160085 -0.001585 0.696995 0.633159 -0.771506 0.062358 38 106 183
0.158812 -0.001585 0.709923 0.633159 -0.771506 0.062358 38 106 183
0.144884 -0.013239 0.707152 0.633159 -0.771506 0.062358 38 106 183
0.171739 0.116742 0.696995 0.878614 0.469627 0.086535 38 106 183
0.170242 0.116742 0.712196 0.878614 0.469627 0.086535 38 106 183
0.178736 0.100541 0.713886 0.878614 0.469627 0.086535 38 106 183
0.145884 -0.013239 0.696995 0.470889 -0.880972 0.046379 38 106 183
0.144884 -0.013239 0.707152 0.470889 -0.880972 0.046379 38 106 183
0.128994 -0.021899 0.703991 0.470889 -0.880972 0.046379 38 106 183
0.158812 -0.001585 0.709923 0.608826 -0.771506 0.184686 38 106 183
0.170242 0.116742 0.712196 0.844848 0.469628 0.256283 38 106 183
0.165808 0.116742 0.726813 0.844848 0.469628 0.256283 38 106 183
0.173809 0.100541 0.730127 0.844848 0.469628 0.256283 38 106 183
0.141921 -0.013239 0.716919 0.452793 -0.880973 0.137354 38 106 183
0.178736 0.100541 0.713886 0.916105 0.289005 0.277897 38 106 183
0.173809 0.100541 0.730127 0.916105 0.289005 0.277897 38 106 183
0.178736 0.082961 0.732168 0.916105 0.289005 0.277897 38 106 183
0.126953 -0.021899 0.710719 0.279015 -0.956550 0.084639 38 106 183
0.183966 0.082961 0.714926 0.952377 0.097548 0.288900 38 106 183
0.185732 0.064679 0.715277 0.952377 -0.097549 0.288900 38 106 183
0.180399 0.064679 0.732857 0.952377 -0.097549 0.288900 38 106 183
0.178736 0.046397 0.732168 0.952377 -0.097549 0.288900 38 106 183
0.128994 0.151257 0.703991 0.279014 0.956550 0.084637 38 106 183
0.111752 0.156590 0.700562 0.279014 0.956550 0.084637 38 106 183
0.110712 0.156590 0.703991 0.279014 0.956550 0.084637 38 106 183
0.183966 0.046397 0.714926 0.916106 -0.289005 0.277897 38 106 183
0.128994 0.151257 0.703991 0.452793 0.880972 0.137355 38 106 183
0.126953 0.151257 0.710719 0.452793 0.880972 0.137355 38 106 183
0.141921 0.142597 0.716919 0.452793 0.880972 0.137355 38 106 183
0.170242 0.012616 0.712196 0.844849 -0.469627 0.256282 38 106 183
0.178736 0.028817 0.713886 0.844849 -0.469627 0.256282 38 106 183
0.173809 0.028817 0.730127 0.844849 -0.469627 0.256282 38 106 183
0.141921 0.142597 0.716919 0.608826 0.771506 0.184686 38 106 183
0.165808 0.012616 0.726813 0.741159 -0.632562 0.224829 38 106 183
0.155041 0.130943 0.722353 0.741159 0.632562 0.224829 38 106 183
0.173809 0.028817 0.730127 0.844287 -0.289005 0.451281 38 106 183
0.178736 0.046397 0.732168 0.844287 -0.289005 0.451281 38 106 183
0.170242 0.046397 0.748058 0.844287 -0.289005 0.451281 38 106 183
0.126953 0.151257 0.710719 0.417297 0.880972 0.223050 38 106 183
0.165808 0.012616 0.726813 0.778618 -0.469628 0.416178 38 106 183
0.173809 0.028817 0.730127 0.778618 -0.469628 0.416178 38 106 183
0.165808 0.028817 0.745095 0.778618 -0.469628 0.416178 38 106 183
0.141921 0.142597 0.716919 0.561098 0.771506 0.299913 38 106 183
0.158608 0.012616 0.740284 0.683057 -0.632562 0.365101 38 106 183
0.155041 0.130943 0.722353 0.683057 0.632562 0.365101 38 106 183
0.141921 -0.013239 0.716919 0.561098 -0.771506 0.299913 38 106 183
0.155041 -0.001585 0.722353 0.561098 -0.771506 0.299913 38 106 183
0.148918 -0.001585 0.733810 0.561098 -0.771506 0.299913 38 106 183
0.165808 0.116742 0.726813 0.778617 0.469628 0.416179 38 106 183
0.158608 0.116742 0.740284 0.778617 0.469628 0.416179 38 106 183
0.165808 0.100541 0.745095 0.778617 0.469628 0.416179 38 106 183
0.141921 -0.013239 0.716919 0.417297 -0.880973 0.223049 38 106 183
0.137110 -0.013239 0.725920 0.417297 -0.880973 0.223049 38 106 183
0.123639 -0.021899 0.716919 0.417297 -0.880973 0.223049 38 106 183
0.173809 0.100541 0.730127 0.844288 0.289004 0.451280 38 106 183
0.165808 0.100541 0.745095 0.844288 0.289004 0.451280 38 106 183
0.170242 0.082961 0.748058 0.844288 0.289004 0.451280 38 106 183
0.126953 -0.021899 0.710719 0.257142 -0.956550 0.137444 38 106 183
0.180399 0.064679 0.732857 0.877715 0.097548 0.469149 38 106 183
0.178736 0.082961 0.732168 0.877715 0.097548 0.469149 38 106 183
0.170242 0.082961 0.748058 0.877715 0.097548 0.469149 38 106 183
0.180399 0.064679 0.732857 0.877716 -0.097550 0.469147 38 106 183
0.171739 0.064679 0.749058 0.877716 -0.097550 0.469147 38 106 183
0.170242 0.046397 0.748058 0.877716 -0.097550 0.469147 38 106 183
0.110712 0.156590 0.703991 0.257141 0.956550 0.137445 38 106 183
0.109022 0.156590 0.707152 0.257141 0.956550 0.137445 38 106 183
0.123639 0.151257 0.716919 0.257141 0.956550 0.137445 38 106 183
0.137110 -0.013239 0.725920 0.365763 -0.880973 0.300174 38 106 183
0.165808 0.100541 0.745095 0.740024 0.289005 0.607322 38 106 183
0.155041 0.100541 0.758215 0.740024 0.289005 0.607322 38 106 183
0.158812 0.082961 0.761986 0.740024 0.289005 0.607322 38 106 183
0.109022 -0.027232 0.707152 0.225387 -0.956550 0.184970 38 106 183
0.123639 -0.021899 0.716919 0.225387 -0.956550 0.184970 38 106 183
0.119179 -0.021899 0.722353 0.225387 -0.956550 0.184970 38 106 183
0.170242 0.082961 0.748058 0.769325 0.097546 0.631366 38 106 183
0.158812 0.082961 0.761986 0.769325 0.097546 0.631366 38 106 183
0.160085 0.064679 0.763259 0.769325 0.097546 0.631366 38 106 183
0.171739 0.064679 0.749058 0.769323 -0.097546 0.631369 38 106 183
0.160085 0.064679 0.763259 0.769323 -0.097546 0.631369 38 106 183
0.158812 0.046397 0.761986 0.769323 -0.097546 0.631369 38 106 183
0.106749 0.156590 0.709923 0.225386 0.956550 0.184969 38 106 183
0.170242 0.046397 0.748058 0.740026 -0.289005 0.607320 38 106 183
0.158812 0.046397 0.761986 0.740026 -0.289005 0.607320 38 106 183
0.155041 0.028817 0.758215 0.740026 -0.289005 0.607320 38 106 183
0.119179 0.151257 0.722353 0.365764 0.880972 0.300174 38 106 183
0.158608 0.012616 0.740284 0.682463 -0.469629 0.560083 38 106 183
0.165808 0.028817 0.745095 0.682463 -0.469629 0.560083 38 106 183
0.155041 0.028817 0.758215 0.682463 -0.469629 0.560083 38 106 183
0.137110 0.142597 0.725920 0.491807 0.771506 0.403615 38 106 183
0.130635 0.142597 0.733810 0.491807 0.771506 0.403615 38 106 183
0.140677 0.130943 0.743851 0.491807 0.771506 0.403615 38 106 183
0.148918 -0.001585 0.733810 0.598705 -0.632562 0.491343 38 106 183
0.158608 0.012616 0.740284 0.598705 -0.632562 0.491343 38 106 183
0.148918 0.012616 0.752092 0.598705 -0.632562 0.491343 38 106 183
0.158608 0.116742 0.740284 0.598704 0.632562 0.491344 38 106 183
0.148918 0.130943 0.733810 0.598704 0.632562 0.491344 38 106 183
0.140677 0.130943 0.743851 0.598704 0.632562 0.491344 38 106 183
0.137110 -0.013239 0.725920 0.491806 -0.771506 0.403616 38 106 183
0.148918 -0.001585 0.733810 0.491806 -0.771506 0.403616 38 106 183
0.140677 -0.001585 0.743851 0.491806 -0.771506 0.403616 38 106 183
0.158608 0.116742 0.740284 0.682464 0.469628 0.560082 38 106 183
0.148918 0.116742 0.752092 0.682464 0.469628 0.560082 38 106 183
0.155041 0.100541 0.758215 0.682464 0.469628 0.560082 38 106 183
0.130635 0.142597 0.733810 0.300176 0.880972 0.365762 38 106 183
0.119179 0.151257 0.722353 0.300176 0.880972 0.365762 38 106 183
0.113745 0.151257 0.726813 0.300176 0.880972 0.365762 38 106 183
0.148918 0.012616 0.752092 0.560083 -0.469627 0.682464 38 106 183
0.155041 0.028817 0.758215 0.560083 -0.469627 0.682464 38 106 183
0.141921 0.028817 0.768982 0.560083 -0.469627 0.682464 38 106 183
0.122746 0.142597 0.740284 0.403616 0.771506 0.491805 38 106 183
0.148918 0.012616 0.752092 0.491343 -0.632561 0.598705 38 106 183
0.137110 0.012616 0.761782 0.491343 -0.632561 0.598705 38 106 183
0.130635 -0.001585 0.752092 0.491343 -0.632561 0.598705 38 106 183
0.148918 0.116742 0.752092 0.491344 0.632563 0.598702 38 106 183
0.140677 0.130943 0.743851 0.491344 0.632563 0.598702 38 106 183
0.130635 0.130943 0.752092 0.491344 0.632563 0.598702 38 106 183
0.140677 -0.001585 0.743851 0.403616 -0.771506 0.491805 38 106 183
0.130635 -0.001585 0.752092 0.403616 -0.771506 0.491805 38 106 183
0.122746 -0.013239 0.740284 0.403616 -0.771506 0.491805 38 106 183
0.148918 0.116742 0.752092 0.560082 0.469629 0.682464 38 106 183
0.137110 0.116742 0.761782 0.560082 0.469629 0.682464 38 106 183
0.141921 0.100541 0.768982 0.560082 0.469629 0.682464 38 106 183
0.119179 -0.021899 0.722353 0.300174 -0.880973 0.365764 38 106 183
0.130635 -0.013239 0.733810 0.300174 -0.880973 0.365764 38 106 183
0.122746 -0.013239 0.740284 0.300174 -0.880973 0.365764 38 106 183
0.158812 0.082961 0.761986 0.607322 0.289005 0.740024 38 106 183
0.155041 0.100541 0.758215 0.607322 0.289005 0.740024 38 106 183
0.141921 0.100541 0.768982 0.607322 0.289005 0.740024 38 106 183
0.119179 -0.021899 0.722353 0.184969 -0.956550 0.225387 38 106 183
0.113745 -0.021899 0.726813 0.184969 -0.956550 0.225387 38 106 183
0.103978 -0.027232 0.712196 0.184969 -0.956550 0.225387 38 106 183
0.158812 0.082961 0.761986 0.631366 0.097549 0.769325 38 106 183
0.144884 0.082961 0.773416 0.631366 0.097549 0.769325 38 106 183
0.145884 0.064679 0.774913 0.631366 0.097549 0.769325 38 106 183
0.158812 0.046397 0.761986 0.631369 -0.097545 0.769323 38 106 183
0.160085 0.064679 0.763259 0.631369 -0.097545 0.769323 38 106 183
0.145884 0.064679 0.774913 0.631369 -0.097545 0.769323 38 106 183
0.106749 0.156590 0.709923 0.184968 0.956550 0.225386 38 106 183
0.103978 0.156590 0.712196 0.184968 0.956550 0.225386 38 106 183
0.113745 0.151257 0.726813 0.184968 0.956550 0.225386 38 106 183
0.158812 0.046397 0.761986 0.607321 -0.289003 0.740026 38 106 183
0.144884 0.046397 0.773416 0.607321 -0.289003 0.740026 38 106 183
0.141921 0.028817 0.768982 0.607321 -0.289003 0.740026 38 106 183
0.144884 0.082961 0.773416 0.451281 0.289003 0.844288 38 106 183
0.141921 0.100541 0.768982 0.451281 0.289003 0.844288 38 106 183
0.126953 0.100541 0.776983 0.451281 0.289003 0.844288 38 106 183
0.103978 -0.027232 0.712196 0.137446 -0.956550 0.257141 38 106 183
0.113745 -0.021899 0.726813 0.137446 -0.956550 0.257141 38 106 183
0.107545 -0.021899 0.730127 0.137446 -0.956550 0.257141 38 106 183
0.144884 0.082961 0.773416 0.469151 0.097546 0.877714 38 106 183
0.128994 0.082961 0.781910 0.469151 0.097546 0.877714 38 106 183
0.129683 0.064679 0.783573 0.469151 0.097546 0.877714 38 106 183
0.144884 0.046397 0.773416 0.469149 -0.097549 0.877715 38 106 183
0.145884 0.064679 0.774913 0.469149 -0.097549 0.877715 38 106 183
0.129683 0.064679 0.783573 0.469149 -0.097549 0.877715 38 106 183
0.113745 0.151257 0.726813 0.137446 0.956550 0.257139 38 106 183
0.103978 0.156590 0.712196 0.137446 0.956550 0.257139 38 106 183
0.100817 0.156590 0.713886 0.137446 0.956550 0.257139 38 106 183
0.144884 0.046397 0.773416 0.451284 -0.289006 0.844286 38 106 183
0.128994 0.046397 0.781910 0.451284 -0.289006 0.844286 38 106 183
0.126953 0.028817 0.776983 0.451284 -0.289006 0.844286 38 106 183
0.107545 0.151257 0.730127 0.223048 0.880972 0.417298 38 106 183
0.141921 0.028817 0.768982 0.416179 -0.469628 0.778617 38 106 183
0.122746 0.142597 0.740284 0.299910 0.771506 0.561099 38 106 183
0.113745 0.142597 0.745095 0.299910 0.771506 0.561099 38 106 183
0.119179 0.130943 0.758215 0.299910 0.771506 0.561099 38 106 183
0.130635 -0.001585 0.752092 0.365101 -0.632561 0.683057 38 106 183
0.137110 0.012616 0.761782 0.365101 -0.632561 0.683057 38 106 183
0.123639 0.012616 0.768982 0.365101 -0.632561 0.683057 38 106 183
0.130635 0.130943 0.752092 0.365099 0.632563 0.683057 38 106 183
0.119179 0.130943 0.758215 0.365099 0.632563 0.683057 38 106 183
0.123639 0.116742 0.768982 0.365099 0.632563 0.683057 38 106 183
0.122746 -0.013239 0.740284 0.299911 -0.771506 0.561098 38 106 183
0.130635 -0.001585 0.752092 0.299911 -0.771506 0.561098 38 106 183
0.119179 -0.001585 0.758215 0.299911 -0.771506 0.561098 38 106 183
0.137110 0.116742 0.761782 0.416179 0.469628 0.778617 38 106 183
0.123639 0.116742 0.768982 0.416179 0.469628 0.778617 38 106 183
0.126953 0.100541 0.776983 0.416179 0.469628 0.778617 38 106 183
0.113745 -0.021899 0.726813 0.223049 -0.880973 0.417296 38 106 183
0.122746 -0.013239 0.740284 0.223049 -0.880973 0.417296 38 106 183
0.113745 -0.013239 0.745095 0.223049 -0.880973 0.417296 38 106 183
0.123639 0.012616 0.768982 0.256285 -0.469628 0.844848 38 106 183
0.126953 0.028817 0.776983 0.256285 -0.469628 0.844848 38 106 183
0.110712 0.028817 0.781910 0.256285 -0.469628 0.844848 38 106 183
0.113745 0.142597 0.745095 0.184686 0.771506 0.608826 38 106 183
0.103978 0.142597 0.748058 0.184686 0.771506 0.608826 38 106 183
0.106749 0.130943 0.761986 0.184686 0.771506 0.608826 38 106 183
0.123639 0.012616 0.768982 0.224828 -0.632561 0.741160 38 106 183
0.109022 0.012616 0.773416 0.224828 -0.632561 0.741160 38 106 183
0.106749 -0.001585 0.761986 0.224828 -0.632561 0.741160 38 106 183
0.123639 0.116742 0.768982 0.224830 0.632563 0.741159 38 106 183
0.119179 0.130943 0.758215 0.224830 0.632563 0.741159 38 106 183
0.106749 0.130943 0.761986 0.224830 0.632563 0.741159 38 106 183
0.119179 -0.001585 0.758215 0.184687 -0.771506 0.608826 38 106 183
0.106749 -0.001585 0.761986 0.184687 -0.771506 0.608826 38 106 183
0.103978 -0.013239 0.748058 0.184687 -0.771506 0.608826 38 106 183
0.123639 0.116742 0.768982 0.256281 0.469631 0.844847 38 106 183
0.109022 0.116742 0.773416 0.256281 0.469631 0.844847 38 106 183
0.110712 0.100541 0.781910 0.256281 0.469631 0.844847 38 106 183
0.107545 -0.021899 0.730127 0.137354 -0.880972 0.452793 38 106 183
0.113745 -0.013239 0.745095 0.137354 -0.880972 0.452793 38 106 183
0.103978 -0.013239 0.748058 0.137354 -0.880972 0.452793 38 106 183
0.128994 0.082961 0.781910 0.277901 0.289007 0.916104 38 106 183
0.126953 0.100541 0.776983 0.277901 0.289007 0.916104 38 106 183
0.110712 0.100541 0.781910 0.277901 0.289007 0.916104 38 106 183
0.107545 -0.021899 0.730127 0.084638 -0.956550 0.279015 38 106 183
0.100817 -0.021899 0.732168 0.084638 -0.956550 0.279015 38 106 183
0.097388 -0.027232 0.714926 0.084638 -0.956550 0.279015 38 106 183
0.128994 0.082961 0.781910 0.288897 0.097552 0.952377 38 106 183
0.111752 0.082961 0.787140 0.288897 0.097552 0.952377 38 106 183
0.112103 0.064679 0.788906 0.288897 0.097552 0.952377 38 106 183
0.128994 0.046397 0.781910 0.288903 -0.097546 0.952376 38 106 183
0.129683 0.064679 0.783573 0.288903 -0.097546 0.952376 38 106 183
0.112103 0.064679 0.788906 0.288903 -0.097546 0.952376 38 106 183
0.107545 0.151257 0.730127 0.084636 0.956550 0.279015 38 106 183
0.100817 0.156590 0.713886 0.084636 0.956550 0.279015 38 106 183
0.097388 0.156590 0.714926 0.084636 0.956550 0.279015 38 106 183
0.128994 0.046397 0.781910 0.277895 -0.289001 0.916108 38 106 183
0.111752 0.046397 0.787140 0.277895 -0.289001 0.916108 38 106 183
0.110712 0.028817 0.781910 0.277895 -0.289001 0.916108 38 106 183
0.107545 0.151257 0.730127 0.137353 0.880972 0.452794 38 106 183
0.100817 0.151257 0.732168 0.137353 0.880972 0.452794 38 106 183
0.103978 0.142597 0.748058 0.137353 0.880972 0.452794 38 106 183
0.100817 -0.021899 0.732168 0.028579 -0.956550 0.290166 38 106 183
0.093821 -0.021899 0.732857 0.028579 -0.956550 0.290166 38 106 183
0.093821 -0.027232 0.715277 0.028579 -0.956550 0.290166 38 106 183
0.111752 0.082961 0.787140 0.097552 0.097544 0.990439 38 106 183
0.093821 0.082961 0.788906 0.097552 0.097544 0.990439 38 106 183
0.093821 0.064679 0.790707 0.097552 0.097544 0.990439 38 106 183
0.111752 0.046397 0.787140 0.097544 -0.097552 0.990439 38 106 183
0.112103 0.064679 0.788906 0.097544 -0.097552 0.990439 38 106 183
0.093821 0.064679 0.790707 0.097544 -0.097552 0.990439 38 106 183
0.097388 0.156590 0.714926 0.028581 0.956550 0.290165 38 106 183
0.093821 0.156590 0.715277 0.028581 0.956550 0.290165 38 106 183
0.093821 0.151257 0.732857 0.028581 0.956550 0.290165 38 106 183
0.111752 0.046397 0.787140 0.093837 -0.289006 0.952717 38 106 183
0.093821 0.046397 0.788906 0.093837 -0.289006 0.952717 38 106 183
0.093821 0.028817 0.783573 0.093837 -0.289006 0.952717 38 106 183
0.100817 0.151257 0.732168 0.046380 0.880971 0.470891 38 106 183
0.093821 0.151257 0.732857 0.046380 0.880971 0.470891 38 106 183
0.093821 0.142597 0.749058 0.046380 0.880971 0.470891 38 106 183
0.109022 0.012616 0.773416 0.086532 -0.469631 0.878612 38 106 183
0.110712 0.028817 0.781910 0.086532 -0.469631 0.878612 38 106 183
0.093821 0.028817 0.783573 0.086532 -0.469631 0.878612 38 106 183
0.103978 0.142597 0.748058 0.062358 0.771505 0.633159 38 106 183
0.093821 0.142597 0.749058 0.062358 0.771505 0.633159 38 106 183
0.093821 0.130943 0.763259 0.062358 0.771505 0.633159 38 106 183
0.106749 -0.001585 0.761986 0.075914 -0.632561 0.770781 38 106 183
0.109022 0.012616 0.773416 0.075914 -0.632561 0.770781 38 106 183
0.093821 0.012616 0.774913 0.075914 -0.632561 0.770781 38 106 183
0.106749 0.130943 0.761986 0.075910 0.632564 0.770779 38 106 183
0.093821 0.130943 0.763259 0.075910 0.632564 0.770779 38 106 183
0.093821 0.116742 0.774913 0.075910 0.632564 0.770779 38 106 183
0.103978 -0.013239 0.748058 0.062356 -0.771506 0.633159 38 106 183
0.106749 -0.001585 0.761986 0.062356 -0.771506 0.633159 38 106 183
0.093821 -0.001585 0.763259 0.062356 -0.771506 0.633159 38 106 183
0.109022 0.116742 0.773416 0.086534 0.469630 0.878613 38 106 183
0.093821 0.116742 0.774913 0.086534 0.469630 0.878613 38 106 183
0.093821 0.100541 0.783573 0.086534 0.469630 0.878613 38 106 183
0.100817 -0.021899 0.732168 0.046377 -0.880972 0.470890 38 106 183
0.103978 -0.013239 0.748058 0.046377 -0.880972 0.470890 38 106 183
0.093821 -0.013239 0.749058 0.046377 -0.880972 0.470890 38 106 183
0.111752 0.082961 0.787140 0.093831 0.289000 0.952720 38 106 183
0.110712 0.100541 0.781910 0.093831 0.289000 0.952720 38 106 183
0.093821 0.100541 0.783573 0.093831 0.289000 0.952720 38 106 183
0.093821 0.130943 0.763259 -0.062358 0.771505 0.633159 38 106 183
0.093821 0.142597 0.749058 -0.062358 0.771505 0.633159 38 106 183
0.083664 0.142597 0.748058 -0.062358 0.771505 0.633159 38 106 183
0.093821 0.012616 0.774913 -0.075914 -0.632561 0.770781 38 106 183
0.078620 0.012616 0.773416 -0.075914 -0.632561 0.770781 38 106 183
0.080894 -0.001585 0.761986 -0.075914 -0.632561 0.770781 38 106 183
0.093821 0.116742 0.774913 -0.075910 0.632564 0.770779 38 106 183
0.093821 0.130943 0.763259 -0.075910 0.632564 0.770779 38 106 183
0.080894 0.130943 0.761986 -0.075910 0.632564 0.770779 38 106 183
0.093821 -0.001585 0.763259 -0.062356 -0.771506 0.633159 38 106 183
0.080894 -0.001585 0.761986 -0.062356 -0.771506 0.633159 38 106 183
0.083664 -0.013239 0.748058 -0.062356 -0.771506 0.633159 38 106 183
0.093821 0.100541 0.783573 -0.086534 0.469630 0.878613 38 106 183
0.093821 0.116742 0.774913 -0.086534 0.469630 0.878613 38 106 183
0.078620 0.116742 0.773416 -0.086534 0.469630 0.878613 38 106 183
0.093821 -0.013239 0.749058 -0.046377 -0.880972 0.470890 38 106 183
0.083664 -0.013239 0.748058 -0.046377 -0.880972 0.470890 38 106 183
0.086825 -0.021899 0.732168 -0.046377 -0.880972 0.470890 38 106 183
0.093821 0.082961 0.788906 -0.093831 0.289006 0.952718 38 106 183
0.093821 0.100541 0.783573 -0.093831 0.289006 0.952718 38 106 183
0.076931 0.100541 0.781910 -0.093831 0.289006 0.952718 38 106 183
0.093821 -0.027232 0.715277 -0.028579 -0.956549 0.290166 38 106 183
0.093821 -0.021899 0.732857 -0.028579 -0.956549 0.290166 38 106 183
0.086825 -0.021899 0.732168 -0.028579 -0.956549 0.290166 38 106 183
0.093821 0.064679 0.790707 -0.097552 0.097544 0.990439 38 106 183
0.093821 0.082961 0.788906 -0.097552 0.097544 0.990439 38 106 183
0.075890 0.082961 0.787140 -0.097552 0.097544 0.990439 38 106 183
0.093821 0.064679 0.790707 -0.097544 -0.097552 0.990439 38 106 183
0.075539 0.064679 0.788906 -0.097544 -0.097552 0.990439 38 106 183
0.075890 0.046397 0.787140 -0.097544 -0.097552 0.990439 38 106 183
0.093821 0.151257 0.732857 -0.028580 0.956550 0.290165 38 106 183
0.093821 0.156590 0.715277 -0.028580 0.956550 0.290165 38 106 183
0.090254 0.156590 0.714926 -0.028580 0.956550 0.290165 38 106 183
0.093821 0.046397 0.788906 -0.093837 -0.289001 0.952719 38 106 183
0.075890 0.046397 0.787140 -0.093837 -0.289001 0.952719 38 106 183
0.076931 0.028817 0.781910 -0.093837 -0.289001 0.952719 38 106 183
0.093821 0.142597 0.749058 -0.046379 0.880971 0.470891 38 106 183
0.093821 0.151257 0.732857 -0.046379 0.880971 0.470891 38 106 183
0.086825 0.151257 0.732168 -0.046379 0.880971 0.470891 38 106 183
0.093821 0.028817 0.783573 -0.086532 -0.469631 0.878612 38 106 183
0.076931 0.028817 0.781910 -0.086532 -0.469631 0.878612 38 106 183
0.078620 0.012616 0.773416 -0.086532 -0.469631 0.878612 38 106 183
0.075539 0.064679 0.788906 -0.288897 0.097552 0.952377 38 106 183
0.075890 0.082961 0.787140 -0.288897 0.097552 0.952377 38 106 183
0.058648 0.082961 0.781910 -0.288897 0.097552 0.952377 38 106 183
0.075539 0.064679 0.788906 -0.288902 -0.097546 0.952376 38 106 183
0.057959 0.064679 0.783573 -0.288902 -0.097546 0.952376 38 106 183
0.058648 0.046397 0.781910 -0.288902 -0.097546 0.952376 38 106 183
0.086825 0.151257 0.732168 -0.084636 0.956550 0.279014 38 106 183
0.090254 0.156590 0.714926 -0.084636 0.956550 0.279014 38 106 183
0.086825 0.156590 0.713886 -0.084636 0.956550 0.279014 38 106 183
0.075890 0.046397 0.787140 -0.277894 -0.289007 0.916106 38 106 183
0.058648 0.046397 0.781910 -0.277894 -0.289007 0.916106 38 106 183
0.060689 0.028817 0.776983 -0.277894 -0.289007 0.916106 38 106 183
0.080097 0.151257 0.730127 -0.137354 0.880972 0.452794 38 106 183
0.078620 0.012616 0.773416 -0.256285 -0.469631 0.844846 38 106 183
0.076931 0.028817 0.781910 -0.256285 -0.469631 0.844846 38 106 183
0.060689 0.028817 0.776983 -0.256285 -0.469631 0.844846 38 106 183
0.083664 0.142597 0.748058 -0.184685 0.771506 0.608827 38 106 183
0.073897 0.142597 0.745095 -0.184685 0.771506 0.608827 38 106 183
0.068463 0.130943 0.758215 -0.184685 0.771506 0.608827 38 106 183
0.078620 0.012616 0.773416 -0.224828 -0.632562 0.741160 38 106 183
0.064003 0.012616 0.768982 -0.224828 -0.632562 0.741160 38 106 183
0.068463 -0.001585 0.758215 -0.224828 -0.632562 0.741160 38 106 183
0.080894 0.130943 0.761986 -0.224829 0.632562 0.741159 38 106 183
0.068463 0.130943 0.758215 -0.224829 0.632562 0.741159 38 106 183
0.064003 0.116742 0.768982 -0.224829 0.632562 0.741159 38 106 183
0.080894 -0.001585 0.761986 -0.184687 -0.771506 0.608827 38 106 183
0.068463 -0.001585 0.758215 -0.184687 -0.771506 0.608827 38 106 183
0.073897 -0.013239 0.745095 -0.184687 -0.771506 0.608827 38 106 183
0.078620 0.116742 0.773416 -0.256281 0.469628 0.844849 38 106 183
0.064003 0.116742 0.768982 -0.256281 0.469628 0.844849 38 106 183
0.060689 0.100541 0.776983 -0.256281 0.469628 0.844849 38 106 183
0.086825 -0.021899 0.732168 -0.137354 -0.880972 0.452793 38 106 183
0.083664 -0.013239 0.748058 -0.137354 -0.880972 0.452793 38 106 183
0.073897 -0.013239 0.745095 -0.137354 -0.880972 0.452793 38 106 183
0.075890 0.082961 0.787140 -0.277901 0.289001 0.916106 38 106 183
0.076931 0.100541 0.781910 -0.277901 0.289001 0.916106 38 106 183
0.060689 0.100541 0.776983 -0.277901 0.289001 0.916106 38 106 183
0.090254 -0.027232 0.714926 -0.084638 -0.956550 0.279015 38 106 183
0.086825 -0.021899 0.732168 -0.084638 -0.956550 0.279015 38 106 183
0.080097 -0.021899 0.730127 -0.084638 -0.956550 0.279015 38 106 183
0.068463 -0.001585 0.758215 -0.365101 -0.632562 0.683057 38 106 183
0.064003 0.012616 0.768982 -0.365101 -0.632562 0.683057 38 106 183
0.050532 0.012616 0.761782 -0.365101 -0.632562 0.683057 38 106 183
0.068463 0.130943 0.758215 -0.365100 0.632561 0.683058 38 106 183
0.057007 0.130943 0.752092 -0.365100 0.632561 0.683058 38 106 183
0.050532 0.116742 0.761782 -0.365100 0.632561 0.683058 38 106 183
0.068463 -0.001585 0.758215 -0.299912 -0.771505 0.561099 38 106 183
0.057007 -0.001585 0.752092 -0.299912 -0.771505 0.561099 38 106 183
0.064896 -0.013239 0.740284 -0.299912 -0.771505 0.561099 38 106 183
0.050532 0.116742 0.761782 -0.416179 0.469628 0.778617 38 106 183
0.080097 -0.021899 0.730127 -0.223048 -0.880972 0.417298 38 106 183
0.073897 -0.013239 0.745095 -0.223048 -0.880972 0.417298 38 106 183
0.064896 -0.013239 0.740284 -0.223048 -0.880972 0.417298 38 106 183
0.060689 0.100541 0.776983 -0.451281 0.289004 0.844288 38 106 183
0.045721 0.100541 0.768982 -0.451281 0.289004 0.844288 38 106 183
0.042758 0.082961 0.773416 -0.451281 0.289004 0.844288 38 106 183
0.080097 -0.021899 0.730127 -0.137446 -0.956550 0.257141 38 106 183
0.073897 -0.021899 0.726813 -0.137446 -0.956550 0.257141 38 106 183
0.083664 -0.027232 0.712196 -0.137446 -0.956550 0.257141 38 106 183
0.057959 0.064679 0.783573 -0.469151 0.097547 0.877714 38 106 183
0.058648 0.082961 0.781910 -0.469151 0.097547 0.877714 38 106 183
0.042758 0.082961 0.773416 -0.469151 0.097547 0.877714 38 106 183
0.057959 0.064679 0.783573 -0.469150 -0.097549 0.877715 38 106 183
0.041758 0.064679 0.774913 -0.469150 -0.097549 0.877715 38 106 183
0.042758 0.046397 0.773416 -0.469150 -0.097549 0.877715 38 106 183
0.086825 0.156590 0.713886 -0.137446 0.956550 0.257139 38 106 183
0.083664 0.156590 0.712196 -0.137446 0.956550 0.257139 38 106 183
0.073897 0.151257 0.726813 -0.137446 0.956550 0.257139 38 106 183
0.058648 0.046397 0.781910 -0.451284 -0.289004 0.844286 38 106 183
0.042758 0.046397 0.773416 -0.451284 -0.289004 0.844286 38 106 183
0.045721 0.028817 0.768982 -0.451284 -0.289004 0.844286 38 106 183
0.073897 0.142597 0.745095 -0.223049 0.880972 0.417298 38 106 183
0.080097 0.151257 0.730127 -0.223049 0.880972 0.417298 38 106 183
0.073897 0.151257 0.726813 -0.223049 0.880972 0.417298 38 106 183
0.045721 0.028817 0.768982 -0.416179 -0.469628 0.778617 38 106 183
0.073897 0.142597 0.745095 -0.299911 0.771505 0.561100 38 106 183
0.064896 0.142597 0.740284 -0.299911 0.771505 0.561100 38 106 183
0.057007 0.130943 0.752092 -0.299911 0.771505 0.561100 38 106 183
0.041758 0.064679 0.774913 -0.631364 -0.097552 0.769326 38 106 183
0.027557 0.064679 0.763259 -0.631364 -0.097552 0.769326 38 106 183
0.028830 0.046397 0.761986 -0.631364 -0.097552 0.769326 38 106 183
0.073897 0.151257 0.726813 -0.184969 0.956550 0.225386 38 106 183
0.083664 0.156590 0.712196 -0.184969 0.956550 0.225386 38 106 183
0.080894 0.156590 0.709923 -0.184969 0.956550 0.225386 38 106 183
0.042758 0.046397 0.773416 -0.607321 -0.289005 0.740025 38 106 183
0.028830 0.046397 0.761986 -0.607321 -0.289005 0.740025 38 106 183
0.032601 0.028817 0.758215 -0.607321 -0.289005 0.740025 38 106 183
0.068463 0.151257 0.722353 -0.300176 0.880972 0.365763 38 106 183
0.045721 0.028817 0.768982 -0.560084 -0.469627 0.682464 38 106 183
0.032601 0.028817 0.758215 -0.560084 -0.469627 0.682464 38 106 183
0.038725 0.012616 0.752092 -0.560084 -0.469627 0.682464 38 106 183
0.057007 0.130943 0.752092 -0.403617 0.771505 0.491805 38 106 183
0.064896 0.142597 0.740284 -0.403617 0.771505 0.491805 38 106 183
0.057007 0.142597 0.733810 -0.403617 0.771505 0.491805 38 106 183
0.057007 -0.001585 0.752092 -0.491343 -0.632562 0.598705 38 106 183
0.050532 0.012616 0.761782 -0.491343 -0.632562 0.598705 38 106 183
0.038725 0.012616 0.752092 -0.491343 -0.632562 0.598705 38 106 183
0.057007 0.130943 0.752092 -0.491344 0.632563 0.598702 38 106 183
0.046965 0.130943 0.743851 -0.491344 0.632563 0.598702 38 106 183
0.038725 0.116742 0.752092 -0.491344 0.632563 0.598702 38 106 183
0.057007 -0.001585 0.752092 -0.403617 -0.771505 0.491806 38 106 183
0.046965 -0.001585 0.743851 -0.403617 -0.771505 0.491806 38 106 183
0.057007 -0.013239 0.733810 -0.403617 -0.771505 0.491806 38 106 183
0.050532 0.116742 0.761782 -0.560082 0.469627 0.682465 38 106 183
0.038725 0.116742 0.752092 -0.560082 0.469627 0.682465 38 106 183
0.032601 0.100541 0.758215 -0.560082 0.469627 0.682465 38 106 183
0.073897 -0.021899 0.726813 -0.300175 -0.880973 0.365761 38 106 183
0.064896 -0.013239 0.740284 -0.300175 -0.880973 0.365761 38 106 183
0.057007 -0.013239 0.733810 -0.300175 -0.880973 0.365761 38 106 183
0.045721 0.100541 0.768982 -0.607322 0.289005 0.740024 38 106 183
0.032601 0.100541 0.758215 -0.607322 0.289005 0.740024 38 106 183
0.028830 0.082961 0.761986 -0.607322 0.289005 0.740024 38 106 183
0.073897 -0.021899 0.726813 -0.184969 -0.956550 0.225387 38 106 183
0.042758 0.082961 0.773416 -0.631366 0.097551 0.769324 38 106 183
0.028830 0.082961 0.761986 -0.631366 0.097551 0.769324 38 106 183
0.027557 0.064679 0.763259 -0.631366 0.097551 0.769324 38 106 183
0.046965 -0.001585 0.743851 -0.491806 -0.771506 0.403616 38 106 183
0.038725 -0.001585 0.733810 -0.491806 -0.771506 0.403616 38 106 183
0.050532 -0.013239 0.725920 -0.491806 -0.771506 0.403616 38 106 183
0.032601 0.100541 0.758215 -0.682463 0.469627 0.560084 38 106 183
0.038725 0.116742 0.752092 -0.682463 0.469627 0.560084 38 106 183
0.029034 0.116742 0.740284 -0.682463 0.469627 0.560084 38 106 183
0.050532 -0.013239 0.725920 -0.365764 -0.880972 0.300174 38 106 183
0.028830 0.082961 0.761986 -0.740024 0.289004 0.607323 38 106 183
0.032601 0.100541 0.758215 -0.740024 0.289004 0.607323 38 106 183
0.021834 0.100541 0.745095 -0.740024 0.289004 0.607323 38 106 183
0.068463 -0.021899 0.722353 -0.225387 -0.956550 0.184970 38 106 183
0.064003 -0.021899 0.716919 -0.225387 -0.956550 0.184970 38 106 183
0.078620 -0.027232 0.707152 -0.225387 -0.956550 0.184970 38 106 183
0.028830 0.082961 0.761986 -0.769324 0.097549 0.631367 38 106 183
0.017400 0.082961 0.748058 -0.769324 0.097549 0.631367 38 106 183
0.015903 0.064679 0.749058 -0.769324 0.097549 0.631367 38 106 183
0.027557 0.064679 0.763259 -0.769326 -0.097549 0.631365 38 106 183
0.015903 0.064679 0.749058 -0.769326 -0.097549 0.631365 38 106 183
0.017400 0.046397 0.748058 -0.769326 -0.097549 0.631365 38 106 183
0.080894 0.156590 0.709923 -0.225386 0.956550 0.184970 38 106 183
0.078620 0.156590 0.707152 -0.225386 0.956550 0.184970 38 106 183
0.064003 0.151257 0.716919 -0.225386 0.956550 0.184970 38 106 183
0.028830 0.046397 0.761986 -0.740025 -0.289004 0.607322 38 106 183
0.017400 0.046397 0.748058 -0.740025 -0.289004 0.607322 38 106 183
0.021834 0.028817 0.745095 -0.740025 -0.289004 0.607322 38 106 183
0.057007 0.142597 0.733810 -0.365764 0.880972 0.300174 38 106 183
0.068463 0.151257 0.722353 -0.365764 0.880972 0.300174 38 106 183
0.064003 0.151257 0.716919 -0.365764 0.880972 0.300174 38 106 183
0.032601 0.028817 0.758215 -0.682464 -0.469627 0.560084 38 106 183
0.021834 0.028817 0.745095 -0.682464 -0.469627 0.560084 38 106 183
0.029034 0.012616 0.740284 -0.682464 -0.469627 0.560084 38 106 183
0.046965 0.130943 0.743851 -0.491807 0.771506 0.403615 38 106 183
0.057007 0.142597 0.733810 -0.491807 0.771506 0.403615 38 106 183
0.050532 0.142597 0.725920 -0.491807 0.771506 0.403615 38 106 183
0.029034 0.012616 0.740284 -0.598703 -0.632563 0.491344 38 106 183
0.038725 0.130943 0.733810 -0.598703 0.632563 0.491344 38 106 183
0.078620 0.156590 0.707152 -0.257141 0.956550 0.137443 38 106 183
0.076931 0.156590 0.703991 -0.257141 0.956550 0.137443 38 106 183
0.060689 0.151257 0.710719 -0.257141 0.956550 0.137443 38 106 183
0.017400 0.046397 0.748058 -0.844288 -0.289004 0.451281 38 106 183
0.050532 0.142597 0.725920 -0.417296 0.880972 0.223052 38 106 183
0.064003 0.151257 0.716919 -0.417296 0.880972 0.223052 38 106 183
0.060689 0.151257 0.710719 -0.417296 0.880972 0.223052 38 106 183
0.021834 0.028817 0.745095 -0.778617 -0.469627 0.416180 38 106 183
0.013833 0.028817 0.730127 -0.778617 -0.469627 0.416180 38 106 183
0.021834 0.012616 0.726813 -0.778617 -0.469627 0.416180 38 106 183
0.045721 0.142597 0.716919 -0.561098 0.771506 0.299913 38 106 183
0.029034 0.012616 0.740284 -0.683056 -0.632563 0.365100 38 106 183
0.032601 0.130943 0.722353 -0.683056 0.632563 0.365100 38 106 183
0.032601 -0.001585 0.722353 -0.561098 -0.771506 0.299913 38 106 183
0.021834 0.100541 0.745095 -0.778618 0.469627 0.416179 38 106 183
0.029034 0.116742 0.740284 -0.778618 0.469627 0.416179 38 106 183
0.021834 0.116742 0.726813 -0.778618 0.469627 0.416179 38 106 183
0.064003 -0.021899 0.716919 -0.417297 -0.880972 0.223050 38 106 183
0.050532 -0.013239 0.725920 -0.417297 -0.880972 0.223050 38 106 183
0.045721 -0.013239 0.716919 -0.417297 -0.880972 0.223050 38 106 183
0.013833 0.100541 0.730127 -0.844288 0.289004 0.451281 38 106 183
0.078620 -0.027232 0.707152 -0.257142 -0.956550 0.137444 38 106 183
0.064003 -0.021899 0.716919 -0.257142 -0.956550 0.137444 38 106 183
0.060689 -0.021899 0.710719 -0.257142 -0.956550 0.137444 38 106 183
0.015903 0.064679 0.749058 -0.877715 0.097550 0.469149 38 106 183
0.017400 0.082961 0.748058 -0.877715 0.097550 0.469149 38 106 183
0.008907 0.082961 0.732168 -0.877715 0.097550 0.469149 38 106 183
0.015903 0.064679 0.749058 -0.877714 -0.097551 0.469150 38 106 183
0.007243 0.064679 0.732857 -0.877714 -0.097551 0.469150 38 106 183
0.008907 0.046397 0.732168 -0.877714 -0.097551 0.469150 38 106 183
0.021834 0.116742 0.726813 -0.844848 0.469629 0.256281 38 106 183
0.017400 0.116742 0.712196 -0.844848 0.469629 0.256281 38 106 183
0.008907 0.100541 0.713886 -0.844848 0.469629 0.256281 38 106 183
0.060689 -0.021899 0.710719 -0.452793 -0.880973 0.137354 38 106 183
0.045721 -0.013239 0.716919 -0.452793 -0.880973 0.137354 38 106 183
0.042758 -0.013239 0.707152 -0.452793 -0.880973 0.137354 38 106 183
0.008907 0.082961 0.732168 -0.916106 0.289004 0.277898 38 106 183
0.013833 0.100541 0.730127 -0.916106 0.289004 0.277898 38 106 183
0.008907 0.100541 0.713886 -0.916106 0.289004 0.277898 38 106 183
0.060689 -0.021899 0.710719 -0.279015 -0.956549 0.084639 38 106 183
0.058648 -0.021899 0.703991 -0.279015 -0.956549 0.084639 38 106 183
0.075890 -0.027232 0.700562 -0.279015 -0.956549 0.084639 38 106 183
0.003676 0.082961 0.714926 -0.952376 0.097551 0.288900 38 106 183
0.001910 0.064679 0.715277 -0.952376 -0.097551 0.288900 38 106 183
0.076931 0.156590 0.703991 -0.279014 0.956550 0.084639 38 106 183
0.075890 0.156590 0.700562 -0.279014 0.956550 0.084639 38 106 183
0.058648 0.151257 0.703991 -0.279014 0.956550 0.084639 38 106 183
0.008907 0.046397 0.732168 -0.916106 -0.289003 0.277898 38 106 183
0.003676 0.046397 0.714926 -0.916106 -0.289003 0.277898 38 106 183
0.008907 0.028817 0.713886 -0.916106 -0.289003 0.277898 38 106 183
0.060689 0.151257 0.710719 -0.452794 0.880972 0.137352 38 106 183
0.058648 0.151257 0.703991 -0.452794 0.880972 0.137352 38 106 183
0.042758 0.142597 0.707152 -0.452794 0.880972 0.137352 38 106 183
0.013833 0.028817 0.730127 -0.844848 -0.469629 0.256282 38 106 183
0.008907 0.028817 0.713886 -0.844848 -0.469629 0.256282 38 106 183
0.017400 0.012616 0.712196 -0.844848 -0.469629 0.256282 38 106 183
0.045721 0.142597 0.716919 -0.608827 0.771506 0.184686 38 106 183
0.032601 -0.001585 0.722353 -0.741159 -0.632563 0.224827 38 106 183
0.021834 0.012616 0.726813 -0.741159 -0.632563 0.224827 38 106 183
0.017400 0.012616 0.712196 -0.741159 -0.632563 0.224827 38 106 183
0.032601 0.130943 0.722353 -0.741160 0.632562 0.224829 38 106 183
0.028830 0.130943 0.709923 -0.741160 0.632562 0.224829 38 106 183
0.017400 0.116742 0.712196 -0.741160 0.632562 0.224829 38 106 183
0.032601 -0.001585 0.722353 -0.608827 -0.771506 0.184686 38 106 183
0.028830 -0.001585 0.709923 -0.608827 -0.771506 0.184686 38 106 183
0.042758 -0.013239 0.707152 -0.608827 -0.771506 0.184686 38 106 183
0.001910 0.046397 0.696995 -0.952718 -0.289003 0.093836 38 106 183
0.057959 0.151257 0.696995 -0.470890 0.880972 0.046379 38 106 183
0.017400 0.012616 0.712196 -0.878613 -0.469629 0.086537 38 106 183
0.008907 0.028817 0.713886 -0.878613 -0.469629 0.086537 38 106 183
0.007243 0.028817 0.696995 -0.878613 -0.469629 0.086537 38 106 183
0.042758 0.142597 0.707152 -0.633159 0.771506 0.062362 38 106 183
0.041758 0.142597 0.696995 -0.633159 0.771506 0.062362 38 106 183
0.027557 0.130943 0.696995 -0.633159 0.771506 0.062362 38 106 183
0.017400 0.012616 0.712196 -0.770781 -0.632561 0.075915 38 106 183
0.015903 0.012616 0.696995 -0.770781 -0.632561 0.075915 38 106 183
0.027557 -0.001585 0.696995 -0.770781 -0.632561 0.075915 38 106 183
0.017400 0.116742 0.712196 -0.770781 0.632562 0.075915 38 106 183
0.028830 0.130943 0.709923 -0.770781 0.632562 0.075915 38 106 183
0.027557 0.130943 0.696995 -0.770781 0.632562 0.075915 38 106 183
0.042758 -0.013239 0.707152 -0.633159 -0.771506 0.062361 38 106 183
0.028830 -0.001585 0.709923 -0.633159 -0.771506 0.062361 38 106 183
0.027557 -0.001585 0.696995 -0.633159 -0.771506 0.062361 38 106 183
0.017400 0.116742 0.712196 -0.878612 0.469630 0.086535 38 106 183
0.015903 0.116742 0.696995 -0.878612 0.469630 0.086535 38 106 183
0.007243 0.100541 0.696995 -0.878612 0.469630 0.086535 38 106 183
0.058648 -0.021899 0.703991 -0.470889 -0.880972 0.046378 38 106 183
0.042758 -0.013239 0.707152 -0.470889 -0.880972 0.046378 38 106 183
0.041758 -0.013239 0.696995 -0.470889 -0.880972 0.046378 38 106 183
0.008907 0.100541 0.713886 -0.952718 0.289003 0.093836 38 106 183
0.058648 -0.021899 0.703991 -0.290166 -0.956550 0.028579 38 106 183
0.057959 -0.021899 0.696995 -0.290166 -0.956550 0.028579 38 106 183
0.075539 -0.027232 0.696995 -0.290166 -0.956550 0.028579 38 106 183
0.003676 0.082961 0.714926 -0.990560 0.096292 0.097563 38 106 183
0.001910 0.082961 0.696995 -0.990560 0.096292 0.097563 38 106 183
0.000133 0.064679 0.696995 -0.990560 0.096292 0.097563 38 106 183
0.003676 0.046397 0.714926 -0.990562 -0.097539 0.096292 38 106 183
0.001910 0.064679 0.715277 -0.990562 -0.097539 0.096292 38 106 183
0.000133 0.064679 0.696995 -0.990562 -0.097539 0.096292 38 106 183
0.075890 0.156590 0.700562 -0.290165 0.956550 0.028577 38 106 183
0.075539 0.156590 0.696995 -0.290165 0.956550 0.028577 38 106 183
0.057959 0.151257 0.696995 -0.290165 0.956550 0.028577 38 106 183
0.129683 -0.021899 0.696995 0.471396 -0.881922 -0.000000 38 106 183
0.129683 -0.021899 0.402623 0.471396 -0.881922 -0.000000 38 106 183
0.145884 -0.013239 0.402623 0.471396 -0.881922 -0.000000 38 106 183
0.185732 0.082961 0.696995 0.956940 0.290285 -0.000000 38 106 183
0.185732 0.082961 0.402623 0.956940 0.290285 -0.000000 38 106 183
0.180399 0.100541 0.402623 0.956940 0.290285 -0.000000 38 106 183
0.007243 0.028817 0.696995 -0.881921 -0.471398 0.000000 38 106 183
0.093821 -0.029032 0.402623 0.098017 -0.995185 0.000000 38 106 183
0.187533 0.064679 0.696995 0.995185 0.098016 -0.000000 38 106 183
0.187533 0.064679 0.402623 0.995185 0.098016 -0.000000 38 106 183
0.185732 0.082961 0.402623 0.995185 0.098016 -0.000000 38 106 183
0.015903 0.012616 0.402623 -0.773011 -0.634392 0.000000 38 106 183
0.187533 0.064679 0.696995 0.995185 -0.098018 -0.000000 38 106 183
0.185732 0.046397 0.696995 0.995185 -0.098018 -0.000000 38 106 183
0.185732 0.046397 0.402623 0.995185 -0.098018 -0.000000 38 106 183
0.027557 -0.001585 0.696995 -0.634394 -0.773010 0.000000 38 106 183
0.041758 -0.013239 0.402623 -0.471397 -0.881921 0.000000 38 106 183
0.057959 -0.021899 0.402623 -0.290284 -0.956940 0.000000 38 106 183
0.075539 0.156590 0.696995 -0.290283 0.956941 0.000000 38 106 183
0.057959 0.151257 0.402623 -0.471397 0.881921 0.000000 38 106 183
0.041758 0.142597 0.696995 -0.634393 0.773010 0.000000 38 106 183
0.041758 0.142597 0.402623 -0.634393 0.773010 0.000000 38 106 183
0.027557 0.130943 0.402623 -0.634393 0.773010 0.000000 38 106 183
0.171739 0.012616 0.402623 0.881921 -0.471398 -0.000000 38 106 183
0.027557 0.130943 0.696995 -0.773011 0.634392 0.000000 38 106 183
0.160085 -0.001585 0.696995 0.773012 -0.634392 -0.000000 38 106 183
0.160085 -0.001585 0.402623 0.773012 -0.634392 -0.000000 38 106 183
0.171739 0.012616 0.402623 0.773012 -0.634392 -0.000000 38 106 183
0.129683 0.151257 0.696995 0.290283 0.956941 -0.000000 38 106 183
0.093821 0.158391 0.696995 -0.098018 0.995185 -0.000000 38 106 183
0.015903 0.116742 0.402623 -0.881921 0.471398 0.000000 38 106 183
0.112103 -0.027232 0.402623 0.290284 -0.956940 -0.000000 38 106 183
0.145884 0.142597 0.402623 0.471397 0.881921 -0.000000 38 106 183
0.075539 -0.027232 0.402623 -0.098017 -0.995185 0.000000 38 106 183
0.007243 0.100541 0.402623 -0.956941 0.290284 0.000000 38 106 183
0.112103 0.156590 0.696995 0.098018 0.995185 -0.000000 38 106 183
0.160085 0.130943 0.696995 0.634392 0.773011 -0.000000 38 106 183
0.160085 0.130943 0.402623 0.634392 0.773011 -0.000000 38 106 183
0.145884 0.142597 0.402623 0.634392 0.773011 -0.000000 38 106 183
0.001910 0.082961 0.696995 -0.995309 0.096750 0.000000 38 106 183
0.001910 0.082961 0.402623 -0.995309 0.096750 0.000000 38 106 183
0.000133 0.064679 0.402623 -0.995309 0.096750 0.000000 38 106 183
0.180399 0.028817 0.696995 0.956939 -0.290288 -0.000000 38 106 183
0.180399 0.028817 0.402623 0.956939 -0.290288 -0.000000 38 106 183
0.185732 0.046397 0.402623 0.956939 -0.290288 -0.000000 38 106 183
0.171739 0.116742 0.696995 0.773011 0.634393 -0.000000 38 106 183
0.171739 0.116742 0.402623 0.773011 0.634393 -0.000000 38 106 183
0.160085 0.130943 0.402623 0.773011 0.634393 -0.000000 38 106 183
0.000133 0.064679 0.696995 -0.995309 -0.096751 0.000000 38 106 183
0.000133 0.064679 0.402623 -0.995309 -0.096751 0.000000 38 106 183
0.001910 0.046397 0.402623 -0.995309 -0.096751 0.000000 38 106 183
0.180399 0.100541 0.696995 0.881921 0.471397 -0.000000 38 106 183
0.180399 0.100541 0.402623 0.881921 0.471397 -0.000000 38 106 183
0.171739 0.116742 0.402623 0.881921 0.471397 -0.000000 38 106 183
0.145884 -0.013239 0.696995 0.634395 -0.773009 -0.000000 38 106 183
0.001910 0.046397 0.402623 -0.956941 -0.290284 0.000000 38 106 183
0.185732 0.082961 0.108251 0.952718 0.289004 -0.093833 38 106 183
0.183966 0.082961 0.090320 0.952718 0.289004 -0.093833 38 106 183
0.178736 0.100541 0.091361 0.952718 0.289004 -0.093833 38 106 183
0.128994 -0.021899 0.101255 0.290166 -0.956550 -0.028577 38 106 183
0.187533 0.064679 0.108251 0.990438 0.097548 -0.097550 38 106 183
0.185732 0.064679 0.089969 0.990438 0.097548 -0.097550 38 106 183
0.183966 0.082961 0.090320 0.990438 0.097548 -0.097550 38 106 183
0.183966 0.046397 0.090320 0.990438 -0.097548 -0.097550 38 106 183
0.185732 0.064679 0.089969 0.990438 -0.097548 -0.097550 38 106 183
0.187533 0.064679 0.108251 0.990438 -0.097548 -0.097550 38 106 183
0.129683 0.151257 0.108251 0.290164 0.956550 -0.028577 38 106 183
0.128994 0.151257 0.101255 0.290164 0.956550 -0.028577 38 106 183
0.111752 0.156590 0.104685 0.290164 0.956550 -0.028577 38 106 183
0.178736 0.028817 0.091361 0.952718 -0.289004 -0.093833 38 106 183
0.183966 0.046397 0.090320 0.952718 -0.289004 -0.093833 38 106 183
0.185732 0.046397 0.108251 0.952718 -0.289004 -0.093833 38 106 183
0.145884 0.142597 0.108251 0.470890 0.880972 -0.046378 38 106 183
0.144884 0.142597 0.098094 0.470890 0.880972 -0.046378 38 106 183
0.128994 0.151257 0.101255 0.470890 0.880972 -0.046378 38 106 183
0.170242 0.012616 0.093050 0.878614 -0.469627 -0.086533 38 106 183
0.178736 0.028817 0.091361 0.878614 -0.469627 -0.086533 38 106 183
0.180399 0.028817 0.108251 0.878614 -0.469627 -0.086533 38 106 183
0.158812 0.130943 0.095324 0.633158 0.771506 -0.062360 38 106 183
0.144884 0.142597 0.098094 0.633158 0.771506 -0.062360 38 106 183
0.145884 0.142597 0.108251 0.633158 0.771506 -0.062360 38 106 183
0.158812 -0.001585 0.095324 0.770780 -0.632562 -0.075909 38 106 183
0.170242 0.012616 0.093050 0.770780 -0.632562 -0.075909 38 106 183
0.171739 0.012616 0.108251 0.770780 -0.632562 -0.075909 38 106 183
0.171739 0.116742 0.108251 0.770780 0.632563 -0.075914 38 106 183
0.170242 0.116742 0.093050 0.770780 0.632563 -0.075914 38 106 183
0.158812 0.130943 0.095324 0.770780 0.632563 -0.075914 38 106 183
0.144884 -0.013239 0.098094 0.633159 -0.771506 -0.062358 38 106 183
0.158812 -0.001585 0.095324 0.633159 -0.771506 -0.062358 38 106 183
0.160085 -0.001585 0.108251 0.633159 -0.771506 -0.062358 38 106 183
0.178736 0.100541 0.091361 0.878614 0.469627 -0.086535 38 106 183
0.170242 0.116742 0.093050 0.878614 0.469627 -0.086535 38 106 183
0.171739 0.116742 0.108251 0.878614 0.469627 -0.086535 38 106 183
0.128994 -0.021899 0.101255 0.470889 -0.880972 -0.046379 38 106 183
0.144884 -0.013239 0.098094 0.470889 -0.880972 -0.046379 38 106 183
0.145884 -0.013239 0.108251 0.470889 -0.880972 -0.046379 38 106 183
0.144884 -0.013239 0.098094 0.608827 -0.771506 -0.184685 38 106 183
0.141921 -0.013239 0.088327 0.608827 -0.771506 -0.184685 38 106 183
0.155041 -0.001585 0.082893 0.608827 -0.771506 -0.184685 38 106 183
0.165808 0.116742 0.078433 0.844849 0.469627 -0.256283 38 106 183
0.141921 -0.013239 0.088327 0.452793 -0.880972 -0.137353 38 106 183
0.178736 0.082961 0.073078 0.916105 0.289005 -0.277898 38 106 183
0.173809 0.100541 0.075119 0.916105 0.289005 -0.277898 38 106 183
0.178736 0.100541 0.091361 0.916105 0.289005 -0.277898 38 106 183
0.110712 -0.027232 0.101255 0.279015 -0.956550 -0.084638 38 106 183
0.126953 -0.021899 0.094528 0.279015 -0.956550 -0.084638 38 106 183
0.128994 -0.021899 0.101255 0.279015 -0.956550 -0.084638 38 106 183
0.185732 0.064679 0.089969 0.952377 0.097549 -0.288899 38 106 183
0.180399 0.064679 0.072389 0.952377 0.097549 -0.288899 38 106 183
0.178736 0.082961 0.073078 0.952377 0.097549 -0.288899 38 106 183
0.178736 0.046397 0.073078 0.952377 -0.097549 -0.288899 38 106 183
0.180399 0.064679 0.072389 0.952377 -0.097549 -0.288899 38 106 183
0.185732 0.064679 0.089969 0.952377 -0.097549 -0.288899 38 106 183
0.126953 0.151257 0.094528 0.279014 0.956550 -0.084637 38 106 183
0.110712 0.156590 0.101255 0.279014 0.956550 -0.084637 38 106 183
0.111752 0.156590 0.104685 0.279014 0.956550 -0.084637 38 106 183
0.178736 0.028817 0.091361 0.916105 -0.289005 -0.277898 38 106 183
0.173809 0.028817 0.075119 0.916105 -0.289005 -0.277898 38 106 183
0.178736 0.046397 0.073078 0.916105 -0.289005 -0.277898 38 106 183
0.141921 0.142597 0.088327 0.452793 0.880972 -0.137354 38 106 183
0.126953 0.151257 0.094528 0.452793 0.880972 -0.137354 38 106 183
0.128994 0.151257 0.101255 0.452793 0.880972 -0.137354 38 106 183
0.165808 0.012616 0.078433 0.844849 -0.469627 -0.256283 38 106 183
0.158812 0.130943 0.095324 0.608827 0.771506 -0.184686 38 106 183
0.155041 0.130943 0.082893 0.608827 0.771506 -0.184686 38 106 183
0.141921 0.142597 0.088327 0.608827 0.771506 -0.184686 38 106 183
0.158812 -0.001585 0.095324 0.741159 -0.632562 -0.224828 38 106 183
0.155041 -0.001585 0.082893 0.741159 -0.632562 -0.224828 38 106 183
0.165808 0.012616 0.078433 0.741159 -0.632562 -0.224828 38 106 183
0.165808 0.116742 0.078433 0.741159 0.632562 -0.224828 38 106 183
0.155041 0.130943 0.082893 0.741159 0.632562 -0.224828 38 106 183
0.158812 0.130943 0.095324 0.741159 0.632562 -0.224828 38 106 183
0.173809 0.028817 0.075119 0.844289 -0.289003 -0.451279 38 106 183
0.165808 0.028817 0.060151 0.844289 -0.289003 -0.451279 38 106 183
0.170242 0.046397 0.057188 0.844289 -0.289003 -0.451279 38 106 183
0.137110 0.142597 0.079326 0.417297 0.880972 -0.223050 38 106 183
0.165808 0.012616 0.078433 0.778617 -0.469629 -0.416179 38 106 183
0.158608 0.012616 0.064962 0.778617 -0.469629 -0.416179 38 106 183
0.165808 0.028817 0.060151 0.778617 -0.469629 -0.416179 38 106 183
0.148918 0.130943 0.071437 0.561097 0.771506 -0.299913 38 106 183
0.137110 0.142597 0.079326 0.561097 0.771506 -0.299913 38 106 183
0.141921 0.142597 0.088327 0.561097 0.771506 -0.299913 38 106 183
0.158608 0.012616 0.064962 0.683056 -0.632562 -0.365101 38 106 183
0.165808 0.116742 0.078433 0.683056 0.632562 -0.365101 38 106 183
0.158608 0.116742 0.064962 0.683056 0.632562 -0.365101 38 106 183
0.148918 0.130943 0.071437 0.683056 0.632562 -0.365101 38 106 183
0.148918 -0.001585 0.071437 0.561098 -0.771506 -0.299913 38 106 183
0.173809 0.100541 0.075119 0.778618 0.469628 -0.416178 38 106 183
0.165808 0.100541 0.060151 0.778618 0.469628 -0.416178 38 106 183
0.158608 0.116742 0.064962 0.778618 0.469628 -0.416178 38 106 183
0.123639 -0.021899 0.088327 0.417297 -0.880972 -0.223049 38 106 183
0.137110 -0.013239 0.079326 0.417297 -0.880972 -0.223049 38 106 183
0.141921 -0.013239 0.088327 0.417297 -0.880972 -0.223049 38 106 183
0.170242 0.082961 0.057188 0.844289 0.289004 -0.451280 38 106 183
0.165808 0.100541 0.060151 0.844289 0.289004 -0.451280 38 106 183
0.173809 0.100541 0.075119 0.844289 0.289004 -0.451280 38 106 183
0.123639 -0.021899 0.088327 0.257142 -0.956550 -0.137444 38 106 183
0.170242 0.082961 0.057188 0.877715 0.097550 -0.469148 38 106 183
0.171739 0.064679 0.056188 0.877715 -0.097550 -0.469148 38 106 183
0.123639 0.151257 0.088327 0.257140 0.956550 -0.137445 38 106 183
0.109022 0.156590 0.098094 0.257140 0.956550 -0.137445 38 106 183
0.110712 0.156590 0.101255 0.257140 0.956550 -0.137445 38 106 183
0.123639 -0.021899 0.088327 0.365763 -0.880973 -0.300175 38 106 183
0.119179 -0.021899 0.082893 0.365763 -0.880973 -0.300175 38 106 183
0.130635 -0.013239 0.071437 0.365763 -0.880973 -0.300175 38 106 183
0.158812 0.082961 0.043260 0.740024 0.289005 -0.607323 38 106 183
0.155041 0.100541 0.047031 0.740024 0.289005 -0.607323 38 106 183
0.165808 0.100541 0.060151 0.740024 0.289005 -0.607323 38 106 183
0.109022 -0.027232 0.098094 0.225385 -0.956550 -0.184971 38 106 183
0.106749 -0.027232 0.095324 0.225385 -0.956550 -0.184971 38 106 183
0.119179 -0.021899 0.082893 0.225385 -0.956550 -0.184971 38 106 183
0.171739 0.064679 0.056188 0.769323 0.097548 -0.631368 38 106 183
0.160085 0.064679 0.041987 0.769323 0.097548 -0.631368 38 106 183
0.158812 0.082961 0.043260 0.769323 0.097548 -0.631368 38 106 183
0.158812 0.046397 0.043260 0.769323 -0.097548 -0.631368 38 106 183
0.160085 0.064679 0.041987 0.769323 -0.097548 -0.631368 38 106 183
0.171739 0.064679 0.056188 0.769323 -0.097548 -0.631368 38 106 183
0.123639 0.151257 0.088327 0.225385 0.956550 -0.184970 38 106 183
0.119179 0.151257 0.082893 0.225385 0.956550 -0.184970 38 106 183
0.106749 0.156590 0.095324 0.225385 0.956550 -0.184970 38 106 183
0.165808 0.028817 0.060151 0.740023 -0.289005 -0.607323 38 106 183
0.155041 0.028817 0.047031 0.740023 -0.289005 -0.607323 38 106 183
0.158812 0.046397 0.043260 0.740023 -0.289005 -0.607323 38 106 183
0.130635 0.142597 0.071437 0.365763 0.880972 -0.300175 38 106 183
0.119179 0.151257 0.082893 0.365763 0.880972 -0.300175 38 106 183
0.123639 0.151257 0.088327 0.365763 0.880972 -0.300175 38 106 183
0.158608 0.012616 0.064962 0.682464 -0.469627 -0.560083 38 106 183
0.148918 0.012616 0.053155 0.682464 -0.469627 -0.560083 38 106 183
0.155041 0.028817 0.047031 0.682464 -0.469627 -0.560083 38 106 183
0.140677 0.130943 0.061395 0.491808 0.771505 -0.403615 38 106 183
0.130635 0.142597 0.071437 0.491808 0.771505 -0.403615 38 106 183
0.137110 0.142597 0.079326 0.491808 0.771505 -0.403615 38 106 183
0.148918 -0.001585 0.071437 0.598702 -0.632563 -0.491344 38 106 183
0.140677 -0.001585 0.061395 0.598702 -0.632563 -0.491344 38 106 183
0.148918 0.012616 0.053155 0.598702 -0.632563 -0.491344 38 106 183
0.148918 0.116742 0.053155 0.598702 0.632563 -0.491344 38 106 183
0.140677 0.130943 0.061395 0.598702 0.632563 -0.491344 38 106 183
0.148918 0.130943 0.071437 0.598702 0.632563 -0.491344 38 106 183
0.137110 -0.013239 0.079326 0.491807 -0.771505 -0.403615 38 106 183
0.130635 -0.013239 0.071437 0.491807 -0.771505 -0.403615 38 106 183
0.140677 -0.001585 0.061395 0.491807 -0.771505 -0.403615 38 106 183
0.155041 0.100541 0.047031 0.682464 0.469628 -0.560083 38 106 183
0.148918 0.116742 0.053155 0.682464 0.469628 -0.560083 38 106 183
0.158608 0.116742 0.064962 0.682464 0.469628 -0.560083 38 106 183
0.130635 0.142597 0.071437 0.300175 0.880972 -0.365764 38 106 183
0.122746 0.142597 0.064962 0.300175 0.880972 -0.365764 38 106 183
0.113745 0.151257 0.078433 0.300175 0.880972 -0.365764 38 106 183
0.137110 0.012616 0.043465 0.560083 -0.469627 -0.682464 38 106 183
0.130635 0.130943 0.053155 0.403615 0.771506 -0.491806 38 106 183
0.122746 0.142597 0.064962 0.403615 0.771506 -0.491806 38 106 183
0.130635 0.142597 0.071437 0.403615 0.771506 -0.491806 38 106 183
0.130635 -0.001585 0.053155 0.491343 -0.632562 -0.598704 38 106 183
0.137110 0.012616 0.043465 0.491343 -0.632562 -0.598704 38 106 183
0.148918 0.012616 0.053155 0.491343 -0.632562 -0.598704 38 106 183
0.148918 0.116742 0.053155 0.491344 0.632562 -0.598704 38 106 183
0.137110 0.116742 0.043465 0.491344 0.632562 -0.598704 38 106 183
0.130635 0.130943 0.053155 0.491344 0.632562 -0.598704 38 106 183
0.130635 -0.013239 0.071437 0.403615 -0.771506 -0.491807 38 106 183
0.122746 -0.013239 0.064962 0.403615 -0.771506 -0.491807 38 106 183
0.130635 -0.001585 0.053155 0.403615 -0.771506 -0.491807 38 106 183
0.137110 0.116742 0.043465 0.560083 0.469627 -0.682464 38 106 183
0.119179 -0.021899 0.082893 0.300175 -0.880972 -0.365763 38 106 183
0.113745 -0.021899 0.078433 0.300175 -0.880972 -0.365763 38 106 183
0.122746 -0.013239 0.064962 0.300175 -0.880972 -0.365763 38 106 183
0.158812 0.082961 0.043260 0.607322 0.289005 -0.740025 38 106 183
0.144884 0.082961 0.031830 0.607322 0.289005 -0.740025 38 106 183
0.141921 0.100541 0.036264 0.607322 0.289005 -0.740025 38 106 183
0.103978 -0.027232 0.093050 0.184970 -0.956550 -0.225386 38 106 183
0.113745 -0.021899 0.078433 0.184970 -0.956550 -0.225386 38 106 183
0.119179 -0.021899 0.082893 0.184970 -0.956550 -0.225386 38 106 183
0.145884 0.064679 0.030333 0.631367 0.097550 -0.769324 38 106 183
0.144884 0.082961 0.031830 0.631367 0.097550 -0.769324 38 106 183
0.158812 0.082961 0.043260 0.631367 0.097550 -0.769324 38 106 183
0.158812 0.046397 0.043260 0.631367 -0.097551 -0.769324 38 106 183
0.144884 0.046397 0.031830 0.631367 -0.097551 -0.769324 38 106 183
0.145884 0.064679 0.030333 0.631367 -0.097551 -0.769324 38 106 183
0.119179 0.151257 0.082893 0.184970 0.956550 -0.225385 38 106 183
0.113745 0.151257 0.078433 0.184970 0.956550 -0.225385 38 106 183
0.103978 0.156590 0.093050 0.184970 0.956550 -0.225385 38 106 183
0.141921 0.028817 0.036264 0.607322 -0.289005 -0.740025 38 106 183
0.144884 0.046397 0.031830 0.607322 -0.289005 -0.740025 38 106 183
0.158812 0.046397 0.043260 0.607322 -0.289005 -0.740025 38 106 183
0.144884 0.082961 0.031830 0.451283 0.289005 -0.844287 38 106 183
0.128994 0.082961 0.023337 0.451283 0.289005 -0.844287 38 106 183
0.126953 0.100541 0.028263 0.451283 0.289005 -0.844287 38 106 183
0.103978 -0.027232 0.093050 0.137443 -0.956550 -0.257142 38 106 183
0.100817 -0.027232 0.091361 0.137443 -0.956550 -0.257142 38 106 183
0.107545 -0.021899 0.075119 0.137443 -0.956550 -0.257142 38 106 183
0.129683 0.064679 0.021673 0.469150 0.097548 -0.877714 38 106 183
0.128994 0.082961 0.023337 0.469150 0.097548 -0.877714 38 106 183
0.144884 0.082961 0.031830 0.469150 0.097548 -0.877714 38 106 183
0.144884 0.046397 0.031830 0.469150 -0.097548 -0.877714 38 106 183
0.128994 0.046397 0.023337 0.469150 -0.097548 -0.877714 38 106 183
0.129683 0.064679 0.021673 0.469150 -0.097548 -0.877714 38 106 183
0.107545 0.151257 0.075119 0.137446 0.956550 -0.257140 38 106 183
0.100817 0.156590 0.091361 0.137446 0.956550 -0.257140 38 106 183
0.103978 0.156590 0.093050 0.137446 0.956550 -0.257140 38 106 183
0.126953 0.028817 0.028263 0.451282 -0.289005 -0.844287 38 106 183
0.128994 0.046397 0.023337 0.451282 -0.289005 -0.844287 38 106 183
0.144884 0.046397 0.031830 0.451282 -0.289005 -0.844287 38 106 183
0.113745 0.142597 0.060151 0.223048 0.880972 -0.417298 38 106 183
0.107545 0.151257 0.075119 0.223048 0.880972 -0.417298 38 106 183
0.113745 0.151257 0.078433 0.223048 0.880972 -0.417298 38 106 183
0.137110 0.012616 0.043465 0.416179 -0.469628 -0.778617 38 106 183
0.123639 0.012616 0.036264 0.416179 -0.469628 -0.778617 38 106 183
0.126953 0.028817 0.028263 0.416179 -0.469628 -0.778617 38 106 183
0.119179 0.130943 0.047031 0.299912 0.771506 -0.561099 38 106 183
0.113745 0.142597 0.060151 0.299912 0.771506 -0.561099 38 106 183
0.122746 0.142597 0.064962 0.299912 0.771506 -0.561099 38 106 183
0.130635 -0.001585 0.053155 0.365099 -0.632563 -0.683057 38 106 183
0.119179 -0.001585 0.047031 0.365099 -0.632563 -0.683057 38 106 183
0.123639 0.012616 0.036264 0.365099 -0.632563 -0.683057 38 106 183
0.123639 0.116742 0.036264 0.365099 0.632563 -0.683057 38 106 183
0.119179 0.130943 0.047031 0.365099 0.632563 -0.683057 38 106 183
0.130635 0.130943 0.053155 0.365099 0.632563 -0.683057 38 106 183
0.122746 -0.013239 0.064962 0.299913 -0.771505 -0.561099 38 106 183
0.113745 -0.013239 0.060151 0.299913 -0.771505 -0.561099 38 106 183
0.119179 -0.001585 0.047031 0.299913 -0.771505 -0.561099 38 106 183
0.126953 0.100541 0.028263 0.416179 0.469628 -0.778617 38 106 183
0.123639 0.116742 0.036264 0.416179 0.469628 -0.778617 38 106 183
0.137110 0.116742 0.043465 0.416179 0.469628 -0.778617 38 106 183
0.113745 -0.021899 0.078433 0.223049 -0.880972 -0.417297 38 106 183
0.107545 -0.021899 0.075119 0.223049 -0.880972 -0.417297 38 106 183
0.113745 -0.013239 0.060151 0.223049 -0.880972 -0.417297 38 106 183
0.123639 0.012616 0.036264 0.256281 -0.469630 -0.844848 38 106 183
0.109022 0.012616 0.031830 0.256281 -0.469630 -0.844848 38 106 183
0.110712 0.028817 0.023337 0.256281 -0.469630 -0.844848 38 106 183
0.119179 0.130943 0.047031 0.184687 0.771506 -0.608827 38 106 183
0.106749 0.130943 0.043260 0.184687 0.771506 -0.608827 38 106 183
0.103978 0.142597 0.057188 0.184687 0.771506 -0.608827 38 106 183
0.119179 -0.001585 0.047031 0.224830 -0.632562 -0.741159 38 106 183
0.106749 -0.001585 0.043260 0.224830 -0.632562 -0.741159 38 106 183
0.109022 0.012616 0.031830 0.224830 -0.632562 -0.741159 38 106 183
0.109022 0.116742 0.031830 0.224830 0.632562 -0.741159 38 106 183
0.106749 0.130943 0.043260 0.224830 0.632562 -0.741159 38 106 183
0.119179 0.130943 0.047031 0.224830 0.632562 -0.741159 38 106 183
0.103978 -0.013239 0.057188 0.184687 -0.771505 -0.608827 38 106 183
0.106749 -0.001585 0.043260 0.184687 -0.771505 -0.608827 38 106 183
0.119179 -0.001585 0.047031 0.184687 -0.771505 -0.608827 38 106 183
0.110712 0.100541 0.023337 0.256281 0.469630 -0.844848 38 106 183
0.109022 0.116742 0.031830 0.256281 0.469630 -0.844848 38 106 183
0.123639 0.116742 0.036264 0.256281 0.469630 -0.844848 38 106 183
0.100817 -0.021899 0.073078 0.137353 -0.880972 -0.452793 38 106 183
0.128994 0.082961 0.023337 0.277896 0.289002 -0.916107 38 106 183
0.111752 0.082961 0.018106 0.277896 0.289002 -0.916107 38 106 183
0.110712 0.100541 0.023337 0.277896 0.289002 -0.916107 38 106 183
0.100817 -0.027232 0.091361 0.084639 -0.956550 -0.279014 38 106 183
0.097388 -0.027232 0.090320 0.084639 -0.956550 -0.279014 38 106 183
0.100817 -0.021899 0.073078 0.084639 -0.956550 -0.279014 38 106 183
0.112103 0.064679 0.016340 0.288898 0.097551 -0.952377 38 106 183
0.111752 0.082961 0.018106 0.288898 0.097551 -0.952377 38 106 183
0.128994 0.082961 0.023337 0.288898 0.097551 -0.952377 38 106 183
0.128994 0.046397 0.023337 0.288898 -0.097551 -0.952377 38 106 183
0.111752 0.046397 0.018106 0.288898 -0.097551 -0.952377 38 106 183
0.112103 0.064679 0.016340 0.288898 -0.097551 -0.952377 38 106 183
0.100817 0.151257 0.073078 0.084638 0.956550 -0.279014 38 106 183
0.110712 0.028817 0.023337 0.277896 -0.289002 -0.916107 38 106 183
0.111752 0.046397 0.018106 0.277896 -0.289002 -0.916107 38 106 183
0.128994 0.046397 0.023337 0.277896 -0.289002 -0.916107 38 106 183
0.113745 0.142597 0.060151 0.137354 0.880972 -0.452794 38 106 183
0.103978 0.142597 0.057188 0.137354 0.880972 -0.452794 38 106 183
0.100817 0.151257 0.073078 0.137354 0.880972 -0.452794 38 106 183
0.093821 -0.027232 0.089969 0.028579 -0.956550 -0.290165 38 106 183
0.093821 -0.021899 0.072389 0.028579 -0.956550 -0.290165 38 106 183
0.100817 -0.021899 0.073078 0.028579 -0.956550 -0.290165 38 106 183
0.093821 0.064679 0.014540 0.097550 0.097547 -0.990439 38 106 183
0.093821 0.082961 0.016340 0.097550 0.097547 -0.990439 38 106 183
0.111752 0.082961 0.018106 0.097550 0.097547 -0.990439 38 106 183
0.111752 0.046397 0.018106 0.097550 -0.097547 -0.990438 38 106 183
0.093821 0.046397 0.016340 0.097550 -0.097547 -0.990438 38 106 183
0.093821 0.064679 0.014540 0.097550 -0.097547 -0.990438 38 106 183
0.093821 0.151257 0.072389 0.028576 0.956550 -0.290164 38 106 183
0.093821 0.156590 0.089969 0.028576 0.956550 -0.290164 38 106 183
0.097388 0.156590 0.090320 0.028576 0.956550 -0.290164 38 106 183
0.093821 0.028817 0.021673 0.093835 -0.289005 -0.952718 38 106 183
0.093821 0.046397 0.016340 0.093835 -0.289005 -0.952718 38 106 183
0.111752 0.046397 0.018106 0.093835 -0.289005 -0.952718 38 106 183
0.093821 0.142597 0.056188 0.046380 0.880971 -0.470891 38 106 183
0.093821 0.151257 0.072389 0.046380 0.880971 -0.470891 38 106 183
0.100817 0.151257 0.073078 0.046380 0.880971 -0.470891 38 106 183
0.109022 0.012616 0.031830 0.086536 -0.469628 -0.878613 38 106 183
0.093821 0.012616 0.030333 0.086536 -0.469628 -0.878613 38 106 183
0.093821 0.028817 0.021673 0.086536 -0.469628 -0.878613 38 106 183
0.093821 0.130943 0.041987 0.062358 0.771506 -0.633159 38 106 183
0.093821 0.142597 0.056188 0.062358 0.771506 -0.633159 38 106 183
0.103978 0.142597 0.057188 0.062358 0.771506 -0.633159 38 106 183
0.106749 -0.001585 0.043260 0.075913 -0.632563 -0.770779 38 106 183
0.093821 -0.001585 0.041987 0.075913 -0.632563 -0.770779 38 106 183
0.093821 0.012616 0.030333 0.075913 -0.632563 -0.770779 38 106 183
0.093821 0.116742 0.030333 0.075913 0.632563 -0.770779 38 106 183
0.093821 0.130943 0.041987 0.075913 0.632563 -0.770779 38 106 183
0.106749 0.130943 0.043260 0.075913 0.632563 -0.770779 38 106 183
0.103978 -0.013239 0.057188 0.062358 -0.771506 -0.633159 38 106 183
0.093821 -0.013239 0.056188 0.062358 -0.771506 -0.633159 38 106 183
0.093821 -0.001585 0.041987 0.062358 -0.771506 -0.633159 38 106 183
0.093821 0.100541 0.021673 0.086536 0.469628 -0.878613 38 106 183
0.093821 0.116742 0.030333 0.086536 0.469628 -0.878613 38 106 183
0.109022 0.116742 0.031830 0.086536 0.469628 -0.878613 38 106 183
0.100817 -0.021899 0.073078 0.046380 -0.880972 -0.470890 38 106 183
0.093821 -0.021899 0.072389 0.046380 -0.880972 -0.470890 38 106 183
0.093821 -0.013239 0.056188 0.046380 -0.880972 -0.470890 38 106 183
0.111752 0.082961 0.018106 0.093835 0.289005 -0.952718 38 106 183
0.093821 0.082961 0.016340 0.093835 0.289005 -0.952718 38 106 183
0.093821 0.100541 0.021673 0.093835 0.289005 -0.952718 38 106 183
0.093821 0.130943 0.041987 -0.062359 0.771506 -0.633159 38 106 183
0.080894 0.130943 0.043260 -0.062359 0.771506 -0.633159 38 106 183
0.083664 0.142597 0.057188 -0.062359 0.771506 -0.633159 38 106 183
0.080894 -0.001585 0.043260 -0.075915 -0.632562 -0.770780 38 106 183
0.078620 0.012616 0.031830 -0.075915 -0.632562 -0.770780 38 106 183
0.093821 0.012616 0.030333 -0.075915 -0.632562 -0.770780 38 106 183
0.078620 0.116742 0.031830 -0.075913 0.632562 -0.770780 38 106 183
0.080894 0.130943 0.043260 -0.075913 0.632562 -0.770780 38 106 183
0.093821 0.130943 0.041987 -0.075913 0.632562 -0.770780 38 106 183
0.083664 -0.013239 0.057188 -0.062359 -0.771505 -0.633159 38 106 183
0.080894 -0.001585 0.043260 -0.062359 -0.771505 -0.633159 38 106 183
0.093821 -0.001585 0.041987 -0.062359 -0.771505 -0.633159 38 106 183
0.093821 0.100541 0.021673 -0.086534 0.469630 -0.878612 38 106 183
0.076931 0.100541 0.023337 -0.086534 0.469630 -0.878612 38 106 183
0.078620 0.116742 0.031830 -0.086534 0.469630 -0.878612 38 106 183
0.086825 -0.021899 0.073078 -0.046377 -0.880972 -0.470889 38 106 183
0.083664 -0.013239 0.057188 -0.046377 -0.880972 -0.470889 38 106 183
0.093821 -0.013239 0.056188 -0.046377 -0.880972 -0.470889 38 106 183
0.093821 0.082961 0.016340 -0.093835 0.289002 -0.952719 38 106 183
0.075890 0.082961 0.018106 -0.093835 0.289002 -0.952719 38 106 183
0.076931 0.100541 0.023337 -0.093835 0.289002 -0.952719 38 106 183
0.093821 -0.027232 0.089969 -0.028581 -0.956550 -0.290165 38 106 183
0.090254 -0.027232 0.090320 -0.028581 -0.956550 -0.290165 38 106 183
0.086825 -0.021899 0.073078 -0.028581 -0.956550 -0.290165 38 106 183
0.093821 0.064679 0.014540 -0.097547 0.097550 -0.990439 38 106 183
0.075539 0.064679 0.016340 -0.097547 0.097550 -0.990439 38 106 183
0.075890 0.082961 0.018106 -0.097547 0.097550 -0.990439 38 106 183
0.075890 0.046397 0.018106 -0.097547 -0.097551 -0.990439 38 106 183
0.075539 0.064679 0.016340 -0.097547 -0.097551 -0.990439 38 106 183
0.093821 0.064679 0.014540 -0.097547 -0.097551 -0.990439 38 106 183
0.093821 0.151257 0.072389 -0.028579 0.956550 -0.290165 38 106 183
0.086825 0.151257 0.073078 -0.028579 0.956550 -0.290165 38 106 183
0.090254 0.156590 0.090320 -0.028579 0.956550 -0.290165 38 106 183
0.076931 0.028817 0.023337 -0.093835 -0.289002 -0.952719 38 106 183
0.075890 0.046397 0.018106 -0.093835 -0.289002 -0.952719 38 106 183
0.093821 0.046397 0.016340 -0.093835 -0.289002 -0.952719 38 106 183
0.093821 0.142597 0.056188 -0.046377 0.880972 -0.470890 38 106 183
0.083664 0.142597 0.057188 -0.046377 0.880972 -0.470890 38 106 183
0.086825 0.151257 0.073078 -0.046377 0.880972 -0.470890 38 106 183
0.093821 0.012616 0.030333 -0.086536 -0.469630 -0.878612 38 106 183
0.078620 0.012616 0.031830 -0.086536 -0.469630 -0.878612 38 106 183
0.076931 0.028817 0.023337 -0.086536 -0.469630 -0.878612 38 106 183
0.075539 0.064679 0.016340 -0.288901 0.097548 -0.952376 38 106 183
0.057959 0.064679 0.021673 -0.288901 0.097548 -0.952376 38 106 183
0.058648 0.082961 0.023337 -0.288901 0.097548 -0.952376 38 106 183
0.075890 0.046397 0.018106 -0.288898 -0.097548 -0.952377 38 106 183
0.058648 0.046397 0.023337 -0.288898 -0.097548 -0.952377 38 106 183
0.057959 0.064679 0.021673 -0.288898 -0.097548 -0.952377 38 106 183
0.086825 0.156590 0.091361 -0.084638 0.956550 -0.279014 38 106 183
0.060689 0.028817 0.028263 -0.277896 -0.289006 -0.916106 38 106 183
0.058648 0.046397 0.023337 -0.277896 -0.289006 -0.916106 38 106 183
0.075890 0.046397 0.018106 -0.277896 -0.289006 -0.916106 38 106 183
0.080097 0.151257 0.075119 -0.137354 0.880972 -0.452794 38 106 183
0.078620 0.012616 0.031830 -0.256282 -0.469628 -0.844849 38 106 183
0.064003 0.012616 0.036264 -0.256282 -0.469628 -0.844849 38 106 183
0.060689 0.028817 0.028263 -0.256282 -0.469628 -0.844849 38 106 183
0.080894 0.130943 0.043260 -0.184685 0.771506 -0.608827 38 106 183
0.068463 0.130943 0.047031 -0.184685 0.771506 -0.608827 38 106 183
0.073897 0.142597 0.060151 -0.184685 0.771506 -0.608827 38 106 183
0.080894 -0.001585 0.043260 -0.224828 -0.632562 -0.741160 38 106 183
0.068463 -0.001585 0.047031 -0.224828 -0.632562 -0.741160 38 106 183
0.064003 0.012616 0.036264 -0.224828 -0.632562 -0.741160 38 106 183
0.068463 0.130943 0.047031 -0.224828 0.632562 -0.741160 38 106 183
0.083664 -0.013239 0.057188 -0.184686 -0.771506 -0.608827 38 106 183
0.073897 -0.013239 0.060151 -0.184686 -0.771506 -0.608827 38 106 183
0.068463 -0.001585 0.047031 -0.184686 -0.771506 -0.608827 38 106 183
0.060689 0.100541 0.028263 -0.256281 0.469628 -0.844849 38 106 183
0.064003 0.116742 0.036264 -0.256281 0.469628 -0.844849 38 106 183
0.078620 0.116742 0.031830 -0.256281 0.469628 -0.844849 38 106 183
0.080097 -0.021899 0.075119 -0.137354 -0.880972 -0.452793 38 106 183
0.073897 -0.013239 0.060151 -0.137354 -0.880972 -0.452793 38 106 183
0.083664 -0.013239 0.057188 -0.137354 -0.880972 -0.452793 38 106 183
0.075890 0.082961 0.018106 -0.277896 0.289006 -0.916106 38 106 183
0.058648 0.082961 0.023337 -0.277896 0.289006 -0.916106 38 106 183
0.060689 0.100541 0.028263 -0.277896 0.289006 -0.916106 38 106 183
0.090254 -0.027232 0.090320 -0.084638 -0.956550 -0.279015 38 106 183
0.086825 -0.027232 0.091361 -0.084638 -0.956550 -0.279015 38 106 183
0.080097 -0.021899 0.075119 -0.084638 -0.956550 -0.279015 38 106 183
0.050532 0.012616 0.043465 -0.365101 -0.632562 -0.683057 38 106 183
0.050532 0.116742 0.043465 -0.365101 0.632562 -0.683056 38 106 183
0.057007 0.130943 0.053155 -0.365101 0.632562 -0.683056 38 106 183
0.068463 0.130943 0.047031 -0.365101 0.632562 -0.683056 38 106 183
0.064896 -0.013239 0.064962 -0.299914 -0.771505 -0.561099 38 106 183
0.057007 -0.001585 0.053155 -0.299914 -0.771505 -0.561099 38 106 183
0.068463 -0.001585 0.047031 -0.299914 -0.771505 -0.561099 38 106 183
0.050532 0.116742 0.043465 -0.416179 0.469628 -0.778617 38 106 183
0.073897 -0.021899 0.078433 -0.223048 -0.880973 -0.417297 38 106 183
0.064896 -0.013239 0.064962 -0.223048 -0.880973 -0.417297 38 106 183
0.073897 -0.013239 0.060151 -0.223048 -0.880973 -0.417297 38 106 183
0.042758 0.082961 0.031830 -0.451281 0.289004 -0.844288 38 106 183
0.045721 0.100541 0.036264 -0.451281 0.289004 -0.844288 38 106 183
0.060689 0.100541 0.028263 -0.451281 0.289004 -0.844288 38 106 183
0.083664 -0.027232 0.093050 -0.137445 -0.956550 -0.257141 38 106 183
0.073897 -0.021899 0.078433 -0.137445 -0.956550 -0.257141 38 106 183
0.080097 -0.021899 0.075119 -0.137445 -0.956550 -0.257141 38 106 183
0.057959 0.064679 0.021673 -0.469148 0.097550 -0.877715 38 106 183
0.041758 0.064679 0.030333 -0.469148 0.097550 -0.877715 38 106 183
0.042758 0.082961 0.031830 -0.469148 0.097550 -0.877715 38 106 183
0.042758 0.046397 0.031830 -0.469148 -0.097550 -0.877715 38 106 183
0.041758 0.064679 0.030333 -0.469148 -0.097550 -0.877715 38 106 183
0.057959 0.064679 0.021673 -0.469148 -0.097550 -0.877715 38 106 183
0.073897 0.151257 0.078433 -0.137446 0.956550 -0.257139 38 106 183
0.083664 0.156590 0.093050 -0.137446 0.956550 -0.257139 38 106 183
0.086825 0.156590 0.091361 -0.137446 0.956550 -0.257139 38 106 183
0.060689 0.028817 0.028263 -0.451281 -0.289004 -0.844288 38 106 183
0.045721 0.028817 0.036264 -0.451281 -0.289004 -0.844288 38 106 183
0.042758 0.046397 0.031830 -0.451281 -0.289004 -0.844288 38 106 183
0.064896 0.142597 0.064962 -0.223049 0.880972 -0.417298 38 106 183
0.050532 0.012616 0.043465 -0.416179 -0.469628 -0.778617 38 106 183
0.068463 0.130943 0.047031 -0.299913 0.771505 -0.561098 38 106 183
0.057007 0.130943 0.053155 -0.299913 0.771505 -0.561098 38 106 183
0.064896 0.142597 0.064962 -0.299913 0.771505 -0.561098 38 106 183
0.042758 0.046397 0.031830 -0.631368 -0.097552 -0.769324 38 106 183
0.028830 0.046397 0.043260 -0.631368 -0.097552 -0.769324 38 106 183
0.027557 0.064679 0.041987 -0.631368 -0.097552 -0.769324 38 106 183
0.068463 0.151257 0.082893 -0.184968 0.956550 -0.225387 38 106 183
0.080894 0.156590 0.095324 -0.184968 0.956550 -0.225387 38 106 183
0.083664 0.156590 0.093050 -0.184968 0.956550 -0.225387 38 106 183
0.028830 0.046397 0.043260 -0.607322 -0.289004 -0.740025 38 106 183
0.057007 0.142597 0.071437 -0.300176 0.880972 -0.365763 38 106 183
0.068463 0.151257 0.082893 -0.300176 0.880972 -0.365763 38 106 183
0.073897 0.151257 0.078433 -0.300176 0.880972 -0.365763 38 106 183
0.038725 0.012616 0.053155 -0.560083 -0.469628 -0.682464 38 106 183
0.057007 0.130943 0.053155 -0.403617 0.771505 -0.491806 38 106 183
0.046965 0.130943 0.061395 -0.403617 0.771505 -0.491806 38 106 183
0.057007 0.142597 0.071437 -0.403617 0.771505 -0.491806 38 106 183
0.057007 -0.001585 0.053155 -0.491344 -0.632563 -0.598702 38 106 183
0.046965 -0.001585 0.061395 -0.491344 -0.632563 -0.598702 38 106 183
0.038725 0.012616 0.053155 -0.491344 -0.632563 -0.598702 38 106 183
0.038725 0.116742 0.053155 -0.491344 0.632563 -0.598702 38 106 183
0.046965 0.130943 0.061395 -0.491344 0.632563 -0.598702 38 106 183
0.057007 0.130943 0.053155 -0.491344 0.632563 -0.598702 38 106 183
0.046965 -0.001585 0.061395 -0.403617 -0.771505 -0.491807 38 106 183
0.032601 0.100541 0.047031 -0.560083 0.469628 -0.682464 38 106 183
0.038725 0.116742 0.053155 -0.560083 0.469628 -0.682464 38 106 183
0.050532 0.116742 0.043465 -0.560083 0.469628 -0.682464 38 106 183
0.068463 -0.021899 0.082893 -0.300175 -0.880973 -0.365763 38 106 183
0.042758 0.082961 0.031830 -0.607322 0.289003 -0.740025 38 106 183
0.028830 0.082961 0.043260 -0.607322 0.289003 -0.740025 38 106 183
0.032601 0.100541 0.047031 -0.607322 0.289003 -0.740025 38 106 183
0.080894 -0.027232 0.095324 -0.184970 -0.956550 -0.225386 38 106 183
0.027557 0.064679 0.041987 -0.631367 0.097551 -0.769324 38 106 183
0.028830 0.082961 0.043260 -0.631367 0.097551 -0.769324 38 106 183
0.042758 0.082961 0.031830 -0.631367 0.097551 -0.769324 38 106 183
0.050532 -0.013239 0.079326 -0.491806 -0.771506 -0.403616 38 106 183
0.038725 -0.001585 0.071437 -0.491806 -0.771506 -0.403616 38 106 183
0.046965 -0.001585 0.061395 -0.491806 -0.771506 -0.403616 38 106 183
0.021834 0.100541 0.060151 -0.682463 0.469628 -0.560084 38 106 183
0.064003 -0.021899 0.088327 -0.365764 -0.880972 -0.300174 38 106 183
0.050532 -0.013239 0.079326 -0.365764 -0.880972 -0.300174 38 106 183
0.057007 -0.013239 0.071437 -0.365764 -0.880972 -0.300174 38 106 183
0.028830 0.082961 0.043260 -0.740024 0.289004 -0.607323 38 106 183
0.017400 0.082961 0.057188 -0.740024 0.289004 -0.607323 38 106 183
0.021834 0.100541 0.060151 -0.740024 0.289004 -0.607323 38 106 183
0.078620 -0.027232 0.098094 -0.225386 -0.956550 -0.184970 38 106 183
0.064003 -0.021899 0.088327 -0.225386 -0.956550 -0.184970 38 106 183
0.068463 -0.021899 0.082893 -0.225386 -0.956550 -0.184970 38 106 183
0.027557 0.064679 0.041987 -0.769325 0.097549 -0.631366 38 106 183
0.015903 0.064679 0.056188 -0.769325 0.097549 -0.631366 38 106 183
0.017400 0.082961 0.057188 -0.769325 0.097549 -0.631366 38 106 183
0.017400 0.046397 0.057188 -0.769325 -0.097549 -0.631366 38 106 183
0.015903 0.064679 0.056188 -0.769325 -0.097549 -0.631366 38 106 183
0.027557 0.064679 0.041987 -0.769325 -0.097549 -0.631366 38 106 183
0.068463 0.151257 0.082893 -0.225385 0.956550 -0.184970 38 106 183
0.064003 0.151257 0.088327 -0.225385 0.956550 -0.184970 38 106 183
0.078620 0.156590 0.098094 -0.225385 0.956550 -0.184970 38 106 183
0.017400 0.046397 0.057188 -0.740024 -0.289004 -0.607323 38 106 183
0.050532 0.142597 0.079326 -0.365764 0.880972 -0.300175 38 106 183
0.029034 0.012616 0.064962 -0.682464 -0.469627 -0.560084 38 106 183
0.021834 0.028817 0.060151 -0.682464 -0.469627 -0.560084 38 106 183
0.032601 0.028817 0.047031 -0.682464 -0.469627 -0.560084 38 106 183
0.046965 0.130943 0.061395 -0.491805 0.771506 -0.403616 38 106 183
0.038725 0.130943 0.071437 -0.491805 0.771506 -0.403616 38 106 183
0.050532 0.142597 0.079326 -0.491805 0.771506 -0.403616 38 106 183
0.038725 -0.001585 0.071437 -0.598703 -0.632563 -0.491344 38 106 183
0.029034 0.012616 0.064962 -0.598703 -0.632563 -0.491344 38 106 183
0.038725 0.012616 0.053155 -0.598703 -0.632563 -0.491344 38 106 183
0.029034 0.116742 0.064962 -0.598703 0.632563 -0.491345 38 106 183
0.038725 0.130943 0.071437 -0.598703 0.632563 -0.491345 38 106 183
0.046965 0.130943 0.061395 -0.598703 0.632563 -0.491345 38 106 183
0.060689 0.151257 0.094527 -0.257141 0.956550 -0.137444 38 106 183
0.076930 0.156590 0.101255 -0.257141 0.956550 -0.137444 38 106 183
0.078620 0.156590 0.098094 -0.257141 0.956550 -0.137444 38 106 183
0.013833 0.028817 0.075119 -0.844288 -0.289004 -0.451281 38 106 183
0.045721 0.142597 0.088327 -0.417297 0.880972 -0.223051 38 106 183
0.021834 0.012616 0.078433 -0.778617 -0.469627 -0.416179 38 106 183
0.013833 0.028817 0.075119 -0.778617 -0.469627 -0.416179 38 106 183
0.021834 0.028817 0.060151 -0.778617 -0.469627 -0.416179 38 106 183
0.032601 0.130943 0.082893 -0.561098 0.771505 -0.299914 38 106 183
0.045721 0.142597 0.088327 -0.561098 0.771505 -0.299914 38 106 183
0.050532 0.142597 0.079326 -0.561098 0.771505 -0.299914 38 106 183
0.038725 -0.001585 0.071437 -0.683056 -0.632563 -0.365100 38 106 183
0.032601 -0.001585 0.082893 -0.683056 -0.632563 -0.365100 38 106 183
0.021834 0.012616 0.078433 -0.683056 -0.632563 -0.365100 38 106 183
0.021834 0.116742 0.078433 -0.683056 0.632563 -0.365100 38 106 183
0.032601 0.130943 0.082893 -0.683056 0.632563 -0.365100 38 106 183
0.038725 0.130943 0.071437 -0.683056 0.632563 -0.365100 38 106 183
0.045721 -0.013239 0.088327 -0.561099 -0.771505 -0.299913 38 106 183
0.032601 -0.001585 0.082893 -0.561099 -0.771505 -0.299913 38 106 183
0.038725 -0.001585 0.071437 -0.561099 -0.771505 -0.299913 38 106 183
0.021834 0.100541 0.060151 -0.778617 0.469628 -0.416179 38 106 183
0.013833 0.100541 0.075119 -0.778617 0.469628 -0.416179 38 106 183
0.021834 0.116742 0.078433 -0.778617 0.469628 -0.416179 38 106 183
0.064003 -0.021899 0.088327 -0.417297 -0.880973 -0.223048 38 106 183
0.060689 -0.021899 0.094528 -0.417297 -0.880973 -0.223048 38 106 183
0.045721 -0.013239 0.088327 -0.417297 -0.880973 -0.223048 38 106 183
0.013833 0.100541 0.075119 -0.844288 0.289003 -0.451281 38 106 183
0.078620 -0.027232 0.098094 -0.257142 -0.956550 -0.137445 38 106 183
0.076931 -0.027232 0.101255 -0.257142 -0.956550 -0.137445 38 106 183
0.060689 -0.021899 0.094528 -0.257142 -0.956550 -0.137445 38 106 183
0.015903 0.064679 0.056188 -0.877714 0.097551 -0.469150 38 106 183
0.007243 0.064679 0.072389 -0.877714 0.097551 -0.469150 38 106 183
0.008907 0.082961 0.073078 -0.877714 0.097551 -0.469150 38 106 183
0.008907 0.046397 0.073078 -0.877714 -0.097551 -0.469150 38 106 183
0.007243 0.064679 0.072389 -0.877714 -0.097551 -0.469150 38 106 183
0.015903 0.064679 0.056188 -0.877714 -0.097551 -0.469150 38 106 183
0.008907 0.100541 0.091361 -0.844848 0.469629 -0.256281 38 106 183
0.017400 0.116742 0.093050 -0.844848 0.469629 -0.256281 38 106 183
0.021834 0.116742 0.078433 -0.844848 0.469629 -0.256281 38 106 183
0.058648 -0.021899 0.101255 -0.452793 -0.880972 -0.137353 38 106 183
0.008907 0.082961 0.073078 -0.916106 0.289003 -0.277897 38 106 183
0.003676 0.082961 0.090320 -0.916106 0.289003 -0.277897 38 106 183
0.008907 0.100541 0.091361 -0.916106 0.289003 -0.277897 38 106 183
0.058648 -0.021899 0.101255 -0.279015 -0.956550 -0.084638 38 106 183
0.003676 0.082961 0.090320 -0.952376 0.097551 -0.288900 38 106 183
0.001910 0.064679 0.089969 -0.952376 -0.097551 -0.288900 38 106 183
0.058648 0.151257 0.101255 -0.279014 0.956550 -0.084639 38 106 183
0.075890 0.156590 0.104685 -0.279014 0.956550 -0.084639 38 106 183
0.076930 0.156590 0.101255 -0.279014 0.956550 -0.084639 38 106 183
0.008907 0.028817 0.091361 -0.916106 -0.289003 -0.277897 38 106 183
0.003676 0.046397 0.090320 -0.916106 -0.289003 -0.277897 38 106 183
0.008907 0.046397 0.073078 -0.916106 -0.289003 -0.277897 38 106 183
0.042758 0.142597 0.098094 -0.452794 0.880972 -0.137353 38 106 183
0.017400 0.012616 0.093050 -0.844848 -0.469629 -0.256282 38 106 183
0.008907 0.028817 0.091361 -0.844848 -0.469629 -0.256282 38 106 183
0.013833 0.028817 0.075119 -0.844848 -0.469629 -0.256282 38 106 183
0.028830 0.130943 0.095324 -0.608827 0.771506 -0.184686 38 106 183
0.042758 0.142597 0.098094 -0.608827 0.771506 -0.184686 38 106 183
0.045721 0.142597 0.088327 -0.608827 0.771506 -0.184686 38 106 183
0.032601 -0.001585 0.082893 -0.741160 -0.632561 -0.224830 38 106 183
0.028830 -0.001585 0.095324 -0.741160 -0.632561 -0.224830 38 106 183
0.017400 0.012616 0.093050 -0.741160 -0.632561 -0.224830 38 106 183
0.017400 0.116742 0.093050 -0.741160 0.632562 -0.224830 38 106 183
0.028830 0.130943 0.095324 -0.741160 0.632562 -0.224830 38 106 183
0.032601 0.130943 0.082893 -0.741160 0.632562 -0.224830 38 106 183
0.045721 -0.013239 0.088327 -0.608827 -0.771506 -0.184685 38 106 183
0.042758 -0.013239 0.098094 -0.608827 -0.771506 -0.184685 38 106 183
0.028830 -0.001585 0.095324 -0.608827 -0.771506 -0.184685 38 106 183
0.001910 0.046397 0.108251 -0.952718 -0.289003 -0.093835 38 106 183
0.057959 0.151257 0.108251 -0.470890 0.880972 -0.046379 38 106 183
0.017400 0.012616 0.093050 -0.878612 -0.469629 -0.086535 38 106 183
0.015903 0.012616 0.108251 -0.878612 -0.469629 -0.086535 38 106 183
0.007243 0.028817 0.108251 -0.878612 -0.469629 -0.086535 38 106 183
0.041758 0.142597 0.108251 -0.633159 0.771506 -0.062361 38 106 183
0.015903 0.012616 0.108251 -0.770781 -0.632561 -0.075915 38 106 183
0.017400 0.116742 0.093050 -0.770781 0.632562 -0.075915 38 106 183
0.015903 0.116742 0.108251 -0.770781 0.632562 -0.075915 38 106 183
0.027557 0.130943 0.108251 -0.770781 0.632562 -0.075915 38 106 183
0.042758 -0.013239 0.098094 -0.633159 -0.771506 -0.062360 38 106 183
0.041758 -0.013239 0.108251 -0.633159 -0.771506 -0.062360 38 106 183
0.027557 -0.001585 0.108251 -0.633159 -0.771506 -0.062360 38 106 183
0.007243 0.100541 0.108251 -0.878612 0.469630 -0.086536 38 106 183
0.015903 0.116742 0.108251 -0.878612 0.469630 -0.086536 38 106 183
0.017400 0.116742 0.093050 -0.878612 0.469630 -0.086536 38 106 183
0.057959 -0.021899 0.108251 -0.470889 -0.880972 -0.046378 38 106 183
0.001910 0.082961 0.108251 -0.952718 0.289003 -0.093835 38 106 183
0.075890 -0.027232 0.104685 -0.290166 -0.956550 -0.028578 38 106 183
0.075539 -0.027232 0.108251 -0.290166 -0.956550 -0.028578 38 106 183
0.057959 -0.021899 0.108251 -0.290166 -0.956550 -0.028578 38 106 183
0.000133 0.064679 0.108251 -0.990560 0.096292 -0.097563 38 106 183
0.001910 0.082961 0.108251 -0.990560 0.096292 -0.097563 38 106 183
0.003676 0.082961 0.090320 -0.990560 0.096292 -0.097563 38 106 183
0.003676 0.046397 0.090320 -0.990560 -0.096292 -0.097563 38 106 183
0.001910 0.046397 0.108251 -0.990560 -0.096292 -0.097563 38 106 183
0.000133 0.064679 0.108251 -0.990560 -0.096292 -0.097563 38 106 183
0.057959 0.151257 0.108251 -0.290165 0.956550 -0.028577 38 106 183
0.075539 0.156590 0.108251 -0.290165 0.956550 -0.028577 38 106 183
0.075890 0.156590 0.104685 -0.290165 0.956550 -0.028577 38 106 183
0.145884 -0.013239 0.108251 0.471396 -0.881922 0.000000 38 106 183
0.185732 0.082961 0.108251 0.956940 0.290285 0.000000 38 106 183
0.187533 0.064679 0.108251 0.995185 0.098016 0.000000 38 106 183
0.185732 0.046397 0.108251 0.995185 -0.098016 0.000000 38 106 183
0.041758 0.142597 0.402623 -0.634394 0.773010 -0.000000 38 106 183
0.160085 -0.001585 0.108251 0.773012 -0.634392 0.000000 38 106 183
0.160085 0.130943 0.108251 0.634392 0.773011 -0.000000 38 106 183
0.001910 0.082961 0.108251 -0.995309 0.096750 -0.000000 38 106 183
0.180399 0.028817 0.108251 0.956939 -0.290288 0.000000 38 106 183
0.171739 0.116742 0.108251 0.773011 0.634393 0.000000 38 106 183
0.000133 0.064679 0.108251 -0.995309 -0.096751 0.000000 38 106 183
0.171739 0.116742 0.108251 0.881921 0.471397 0.000000 38 106 183
0.001910 0.046397 0.108251 -0.956941 -0.290284 -0.000000 38 106 183
-0.008518 0.144707 -0.617900 0.000000 0.000000 1.000000 255 255 255
-0.008518 0.144707 -0.630872 -1.000000 0.000000 0.000000 255 255 255
0.008518 0.144707 -0.630872 0.000000 0.000000 -1.000000 255 255 255
0.008518 0.144707 -0.617900 1.000000 -0.000000 0.000000 255 255 255
0.008518 0.128017 -0.630872 -0.000000 -1.000000 -0.000000 255 255 255
0.008518 0.144707 -0.617900 0.000000 1.000000 -0.000000 255 255 255
-0.001878 0.164604 -0.617900 0.000000 0.000000 1.000000 255 255 255
-0.001878 0.164604 -0.630872 -1.000000 0.000000 0.000000 255 255 255
0.001878 0.164604 -0.630872 0.000000 0.000000 -1.000000 255 255 255
0.001878 0.164604 -0.617900 1.000000 -0.000000 0.000000 255 255 255
0.001878 0.144707 -0.630872 -0.000000 -1.000000 -0.000000 255 255 255
0.001878 0.164604 -0.617900 0.000000 1.000000 -0.000000 255 255 255
-0.000000 0.155849 -0.359481 0.000000 -0.000000 1.000000 38 106 183
0.000000 0.155849 -0.372453 0.000000 0.000000 -1.000000 234 22 22
-0.025702 0.187575 -0.359481 0.000000 0.000000 1.000000 234 22 22
0.012731 0.187575 -0.372453 -0.000000 -0.000000 -1.000000 38 106 183
0.000000 0.142943 -0.359481 0.000000 -1.000000 0.000000 38 106 183
-0.001280 0.155849 -0.359481 0.000000 1.000000 0.000000 234 22 22
0.012731 0.197476 -0.372453 -0.000000 -0.000000 -1.000000 178 178 178
0.012731 0.187575 -0.359481 -1.000000 -0.000000 -0.000000 178 178 178
0.025702 0.180149 -0.359481 1.000000 0.000000 0.000000 38 106 183
0.025702 0.177674 -0.359481 1.000000 -0.000002 0.000000 38 106 183
0.025702 0.170248 -0.359481 1.000000 0.000000 0.000000 38 106 183
0.025702 0.170248 -0.372453 0.999898 -0.014275 0.000000 38 106 183
0.025702 0.170248 -0.359481 0.999898 -0.014275 0.000000 38 106 183
0.025656 0.166964 -0.359481 0.999898 -0.014275 0.000000 38 106 183
0.025656 0.166964 -0.372453 0.987050 -0.160411 0.000000 38 106 183
0.025656 0.166964 -0.359481 0.987050 -0.160411 0.000000 38 106 183
0.024827 0.161863 -0.359481 0.987050 -0.160411 0.000000 38 106 183
0.024827 0.161863 -0.372453 0.935017 -0.354604 0.000000 38 106 183
0.024827 0.161863 -0.359481 0.935017 -0.354604 0.000000 38 106 183
0.022994 0.157032 -0.359481 0.935017 -0.354604 0.000000 38 106 183
0.022994 0.157032 -0.359481 0.845190 -0.534466 0.000000 38 106 183
0.020233 0.152664 -0.372453 0.721203 -0.692724 0.000000 38 106 183
0.020233 0.152664 -0.359481 0.721203 -0.692724 0.000000 38 106 183
0.016653 0.148938 -0.359481 0.721203 -0.692724 0.000000 38 106 183
0.012400 0.146002 -0.359481 0.568064 -0.822985 -0.000000 38 106 183
0.007647 0.143977 -0.359481 0.391968 -0.919979 -0.000000 38 106 183
0.002584 0.142943 -0.359481 0.200027 -0.979790 -0.000000 38 106 183
-0.002584 0.142943 -0.359481 0.000000 -1.000000 0.000000 234 22 22
-0.007647 0.143977 -0.359481 -0.200027 -0.979790 0.000000 234 22 22
-0.012400 0.146002 -0.359481 -0.391968 -0.919979 0.000000 234 22 22
-0.012400 0.146002 -0.359481 -0.568063 -0.822985 0.000000 234 22 22
-0.016653 0.148938 -0.359481 -0.568063 -0.822985 0.000000 234 22 22
-0.016653 0.148938 -0.372453 -0.568063 -0.822985 0.000000 234 22 22
-0.016653 0.148938 -0.372453 -0.721201 -0.692725 0.000000 234 22 22
-0.016653 0.148938 -0.359481 -0.721201 -0.692725 0.000000 234 22 22
-0.020233 0.152664 -0.359481 -0.721201 -0.692725 0.000000 234 22 22
-0.020233 0.152664 -0.359481 -0.845190 -0.534466 -0.000000 234 22 22
-0.022994 0.157032 -0.372453 -0.935016 -0.354605 -0.000000 234 22 22
-0.022994 0.157032 -0.359481 -0.935016 -0.354605 -0.000000 234 22 22
-0.024827 0.161863 -0.359481 -0.935016 -0.354605 -0.000000 234 22 22
-0.024827 0.161863 -0.372453 -0.987050 -0.160412 0.000000 234 22 22
-0.024827 0.161863 -0.359481 -0.987050 -0.160412 0.000000 234 22 22
-0.025656 0.166964 -0.359481 -0.987050 -0.160412 0.000000 234 22 22
-0.025656 0.166964 -0.359481 -0.999898 -0.014276 -0.000000 234 22 22
-0.025702 0.172724 -0.359481 -1.000000 0.000000 0.000000 234 22 22
-0.025702 0.175199 -0.359481 -1.000000 0.000002 0.000000 234 22 22
-0.025702 0.187575 -0.359481 -1.000000 0.000000 0.000000 234 22 22
-0.012731 0.197476 -0.359481 -0.000000 0.000000 1.000000 178 178 178
-0.012731 0.197476 -0.372453 1.000000 0.000000 0.000000 178 178 178
-0.025702 0.197476 -0.359481 -1.000000 0.000000 0.000000 178 178 178
-0.012731 0.197476 -0.372453 0.000000 1.000000 0.000000 178 178 178
-0.025702 0.197476 -0.372453 -0.000000 -0.000000 -1.000000 178 178 178
-0.012731 0.182625 -0.359481 1.000000 0.000000 0.000000 234 22 22
-0.012731 0.180149 -0.359481 1.000000 -0.000001 0.000000 234 22 22
-0.012731 0.172724 -0.359481 1.000000 0.000000 0.000000 234 22 22
-0.012731 0.170248 -0.359481 1.000000 -0.000001 0.000000 234 22 22
-0.012708 0.167747 -0.359481 0.999957 0.009285 -0.000000 234 22 22
-0.012297 0.165221 -0.359481 0.987050 0.160411 0.000000 234 22 22
-0.012297 0.165221 -0.372453 0.935016 0.354605 0.000000 234 22 22
-0.012297 0.165221 -0.359481 0.935016 0.354605 0.000000 234 22 22
-0.011389 0.162828 -0.359481 0.935016 0.354605 0.000000 234 22 22
-0.011389 0.162828 -0.372453 0.845191 0.534464 -0.000000 234 22 22
-0.011389 0.162828 -0.359481 0.845191 0.534464 -0.000000 234 22 22
-0.010021 0.160664 -0.359481 0.845191 0.534464 -0.000000 234 22 22
-0.008248 0.158818 -0.359481 0.721202 0.692725 0.000000 234 22 22
-0.006142 0.157364 -0.359481 0.568061 0.822986 0.000000 234 22 22
-0.003787 0.156361 -0.359481 0.391972 0.919977 0.000000 234 22 22
-0.001280 0.155849 -0.359481 0.200021 0.979792 0.000000 234 22 22
-0.000000 0.155849 -0.359481 0.000000 1.000000 0.000000 38 106 183
0.003787 0.156361 -0.359481 -0.200021 0.979792 -0.000000 38 106 183
0.006142 0.157364 -0.359481 -0.391972 0.919977 -0.000000 38 106 183
0.008248 0.158818 -0.359481 -0.568061 0.822986 -0.000000 38 106 183
0.010021 0.160664 -0.359481 -0.721202 0.692725 -0.000000 38 106 183
0.010021 0.160664 -0.372453 -0.845189 0.534467 -0.000000 38 106 183
0.010021 0.160664 -0.359481 -0.845189 0.534467 -0.000000 38 106 183
0.011389 0.162828 -0.359481 -0.845189 0.534467 -0.000000 38 106 183
0.011389 0.162828 -0.359481 -0.935017 0.354604 -0.000000 38 106 183
0.012297 0.165221 -0.359481 -0.935017 0.354604 -0.000000 38 106 183
0.012297 0.165221 -0.372453 -0.935017 0.354604 -0.000000 38 106 183
0.012297 0.165221 -0.359481 -0.987050 0.160411 0.000000 38 106 183
0.012708 0.167747 -0.359481 -0.987050 0.160411 0.000000 38 106 183
0.012708 0.167747 -0.372453 -0.987050 0.160411 0.000000 38 106 183
0.012731 0.170248 -0.359481 -0.999957 0.009285 0.000000 38 106 183
0.012731 0.172724 -0.359481 -1.000000 0.000000 0.000000 38 106 183
0.012731 0.175199 -0.359481 -1.000000 0.000001 0.000000 38 106 183
0.012731 0.187575 -0.359481 -1.000000 0.000000 0.000000 38 106 183
0.012731 0.187575 -0.359481 0.000000 -0.000000 1.000000 178 178 178
0.012731 0.197476 -0.372453 -0.000000 1.000000 0.000000 178 178 178
0.025702 0.187575 -0.372453 1.000000 0.000000 -0.000000 178 178 178
-0.005729 -0.086983 0.306331 -1.000000 0.000000 0.000000 77 77 77
0.005995 -0.086983 0.306331 0.000000 0.000000 -1.000000 77 77 77
0.005995 -0.086983 0.416743 1.000000 -0.000000 -0.000000 77 77 77
-0.038386 -0.167008 0.223768 -1.000000 0.000000 0.000000 255 255 255
0.038652 -0.167008 0.223768 1.000000 -0.000000 -0.000000 255 255 255
-0.038386 -0.176956 0.234304 0.000000 -1.000000 0.000000 255 255 255
-0.038386 -0.167008 0.403780 0.000000 1.000000 0.000000 255 255 255
-0.038386 -0.029404 0.146041 -0.000000 0.513346 0.858182 255 255 255
-0.038386 -0.029404 0.115173 -1.000000 -0.000000 0.000000 255 255 255
0.038652 -0.029404 0.115173 -0.000000 -0.513346 -0.858182 255 255 255
0.038652 -0.029404 0.115173 1.000000 0.000000 0.000000 255 255 255
0.038652 -0.176956 0.203435 -0.000000 -1.000000 -0.000000 255 255 255
0.038652 -0.029404 0.146041 0.000000 1.000000 -0.000000 255 255 255
-0.038386 0.045519 0.671147 0.000000 0.000000 1.000000 255 255 255
-0.038386 0.045519 -0.602518 -1.000000 0.000000 0.000000 255 255 255
0.038652 0.045519 -0.602518 0.000000 0.000000 -1.000000 255 255 255
0.038652 0.045519 0.671147 1.000000 0.000000 -0.000000 255 255 255
0.038652 -0.086983 -0.520270 -0.000000 -1.000000 0.000000 255 255 255
0.038652 0.045519 0.671147 0.000000 1.000000 -0.000000 255 255 255
0.038652 -0.036978 -0.602518 -0.000000 -0.854472 -0.519497 255 255 255
-0.038386 -0.036978 0.671147 0.000000 -0.505677 0.862723 255 255 255
-0.038386 -0.061981 0.656492 0.000000 -0.505674 0.862724 255 255 255
-0.038386 -0.086983 -0.520270 -0.000000 -0.854472 -0.519497 255 255 255
-0.038386 -0.086983 0.436409 -0.000000 0.421609 0.906778 255 255 255
-0.038386 -0.086983 0.334705 -1.000000 0.000000 0.000000 255 255 255
0.038652 -0.086983 0.334705 -0.000000 -0.421609 -0.906778 255 255 255
0.038652 -0.086983 0.334705 1.000000 -0.000000 -0.000000 255 255 255
-0.038386 -0.287386 0.427882 0.000000 -1.000000 0.000000 255 255 255
0.038652 -0.086983 0.436409 0.000000 1.000000 -0.000000 255 255 255
-0.008385 0.128017 -0.351974 -1.000000 0.000000 0.000000 255 255 255
0.008651 0.128017 0.000349 1.000000 -0.000000 -0.000000 255 255 255
0.008651 0.128017 0.000349 0.000000 1.000000 -0.000000 255 255 255
-0.008518 0.144347 -0.359481 -0.000000 0.000000 1.000000 255 255 255
-0.008518 0.144347 -0.372453 -1.000000 0.000000 0.000000 255 255 255
0.008518 0.144347 -0.372453 -0.000000 0.000000 -1.000000 255 255 255
0.008518 0.144347 -0.359481 1.000000 -0.000000 0.000000 255 255 255
0.008518 0.128017 -0.372453 -0.000000 -1.000000 -0.000000 255 255 255
0.008518 0.144347 -0.359481 -0.390859 0.920450 0.000000 255 255 255
-0.007647 0.143977 -0.359481 0.390869 0.920446 -0.000000 255 255 255
-0.002584 0.142943 -0.359481 0.200027 0.979790 -0.000000 255 255 255
0.002584 0.142943 -0.359481 0.000000 1.000000 -0.000000 255 255 255
0.007647 0.143977 -0.359481 -0.200027 0.979790 0.000000 255 255 255
-0.008518 0.144347 -0.372453 -0.000000 -0.000000 -1.000000 255 255 255
0.008518 0.144347 -0.359481 -0.000000 0.000000 1.000000 255 255 255
-0.185466 0.082961 0.696995 -0.952718 0.289004 0.093833 234 22 22
-0.183700 0.082961 0.714926 -0.952718 0.289004 0.093833 234 22 22
-0.178470 0.100541 0.713886 -0.952718 0.289004 0.093833 234 22 22
-0.128728 -0.021899 0.703991 -0.290166 -0.956550 0.028577 234 22 22
-0.187267 0.064679 0.696995 -0.990438 0.097548 0.097550 234 22 22
-0.185466 0.064679 0.715277 -0.990438 0.097548 0.097550 234 22 22
-0.183700 0.082961 0.714926 -0.990438 0.097548 0.097550 234 22 22
-0.183700 0.046397 0.714926 -0.990438 -0.097548 0.097550 234 22 22
-0.185466 0.064679 0.715277 -0.990438 -0.097548 0.097550 234 22 22
-0.187267 0.064679 0.696995 -0.990438 -0.097548 0.097550 234 22 22
-0.129417 0.151257 0.696995 -0.290164 0.956550 0.028577 234 22 22
-0.128728 0.151257 0.703991 -0.290164 0.956550 0.028577 234 22 22
-0.111486 0.156590 0.700562 -0.290164 0.956550 0.028577 234 22 22
-0.178470 0.028817 0.713886 -0.952718 -0.289004 0.093833 234 22 22
-0.183700 0.046397 0.714926 -0.952718 -0.289004 0.093833 234 22 22
-0.185466 0.046397 0.696995 -0.952718 -0.289004 0.093833 234 22 22
-0.145618 0.142597 0.696995 -0.470890 0.880972 0.046378 234 22 22
-0.144618 0.142597 0.707152 -0.470890 0.880972 0.046378 234 22 22
-0.128728 0.151257 0.703991 -0.470890 0.880972 0.046378 234 22 22
-0.169976 0.012616 0.712196 -0.878614 -0.469627 0.086533 234 22 22
-0.178470 0.028817 0.713886 -0.878614 -0.469627 0.086533 234 22 22
-0.180133 0.028817 0.696995 -0.878614 -0.469627 0.086533 234 22 22
-0.158546 0.130943 0.709923 -0.633158 0.771506 0.062360 234 22 22
-0.144618 0.142597 0.707152 -0.633158 0.771506 0.062360 234 22 22
-0.145618 0.142597 0.696995 -0.633158 0.771506 0.062360 234 22 22
-0.158546 -0.001585 0.709923 -0.770781 -0.632562 0.075909 234 22 22
-0.169976 0.012616 0.712196 -0.770781 -0.632562 0.075909 234 22 22
-0.171473 0.012616 0.696995 -0.770781 -0.632562 0.075909 234 22 22
-0.171473 0.116742 0.696995 -0.770780 0.632563 0.075915 234 22 22
-0.169976 0.116742 0.712196 -0.770780 0.632563 0.075915 234 22 22
-0.158546 0.130943 0.709923 -0.770780 0.632563 0.075915 234 22 22
-0.144618 -0.013239 0.707152 -0.633159 -0.771506 0.062358 234 22 22
-0.158546 -0.001585 0.709923 -0.633159 -0.771506 0.062358 234 22 22
-0.159819 -0.001585 0.696995 -0.633159 -0.771506 0.062358 234 22 22
-0.178470 0.100541 0.713886 -0.878614 0.469627 0.086535 234 22 22
-0.169976 0.116742 0.712196 -0.878614 0.469627 0.086535 234 22 22
-0.171473 0.116742 0.696995 -0.878614 0.469627 0.086535 234 22 22
-0.128728 -0.021899 0.703991 -0.470889 -0.880972 0.046379 234 22 22
-0.144618 -0.013239 0.707152 -0.470889 -0.880972 0.046379 234 22 22
-0.145618 -0.013239 0.696995 -0.470889 -0.880972 0.046379 234 22 22
-0.141655 -0.013239 0.716919 -0.608826 -0.771506 0.184686 234 22 22
-0.173543 0.100541 0.730127 -0.844848 0.469628 0.256283 234 22 22
-0.165542 0.116742 0.726813 -0.844848 0.469628 0.256283 234 22 22
-0.169976 0.116742 0.712196 -0.844848 0.469628 0.256283 234 22 22
-0.141655 -0.013239 0.716919 -0.452793 -0.880973 0.137354 234 22 22
-0.178470 0.082961 0.732168 -0.916105 0.289005 0.277897 234 22 22
-0.173543 0.100541 0.730127 -0.916105 0.289005 0.277897 234 22 22
-0.178470 0.100541 0.713886 -0.916105 0.289005 0.277897 234 22 22
-0.126687 -0.021899 0.710719 -0.279015 -0.956550 0.084639 234 22 22
-0.180133 0.064679 0.732857 -0.952377 0.097548 0.288900 234 22 22
-0.178470 0.046397 0.732168 -0.952377 -0.097549 0.288900 234 22 22
-0.180133 0.064679 0.732857 -0.952377 -0.097549 0.288900 234 22 22
-0.185466 0.064679 0.715277 -0.952377 -0.097549 0.288900 234 22 22
-0.126687 0.151257 0.710719 -0.279014 0.956550 0.084637 234 22 22
-0.110446 0.156590 0.703991 -0.279014 0.956550 0.084637 234 22 22
-0.111486 0.156590 0.700562 -0.279014 0.956550 0.084637 234 22 22
-0.173543 0.028817 0.730127 -0.916106 -0.289005 0.277897 234 22 22
-0.141655 0.142597 0.716919 -0.452793 0.880972 0.137355 234 22 22
-0.126687 0.151257 0.710719 -0.452793 0.880972 0.137355 234 22 22
-0.128728 0.151257 0.703991 -0.452793 0.880972 0.137355 234 22 22
-0.169976 0.012616 0.712196 -0.844849 -0.469628 0.256283 234 22 22
-0.165542 0.012616 0.726813 -0.844849 -0.469628 0.256283 234 22 22
-0.173543 0.028817 0.730127 -0.844849 -0.469628 0.256283 234 22 22
-0.154775 0.130943 0.722353 -0.608826 0.771506 0.184686 234 22 22
-0.154775 -0.001585 0.722353 -0.741159 -0.632562 0.224829 234 22 22
-0.154775 0.130943 0.722353 -0.741159 0.632562 0.224829 234 22 22
-0.173543 0.028817 0.730127 -0.844289 -0.289003 0.451280 234 22 22
-0.165542 0.028817 0.745095 -0.844289 -0.289003 0.451280 234 22 22
-0.169976 0.046397 0.748058 -0.844289 -0.289003 0.451280 234 22 22
-0.136844 0.142597 0.725920 -0.417297 0.880972 0.223050 234 22 22
-0.165542 0.012616 0.726813 -0.778617 -0.469629 0.416179 234 22 22
-0.158342 0.012616 0.740284 -0.778617 -0.469629 0.416179 234 22 22
-0.165542 0.028817 0.745095 -0.778617 -0.469629 0.416179 234 22 22
-0.136844 0.142597 0.725920 -0.561098 0.771506 0.299913 234 22 22
-0.158342 0.012616 0.740284 -0.683057 -0.632562 0.365101 234 22 22
-0.158342 0.116742 0.740284 -0.683057 0.632562 0.365101 234 22 22
-0.136844 -0.013239 0.725920 -0.561098 -0.771506 0.299913 234 22 22
-0.148652 -0.001585 0.733810 -0.561098 -0.771506 0.299913 234 22 22
-0.154775 -0.001585 0.722353 -0.561098 -0.771506 0.299913 234 22 22
-0.173543 0.100541 0.730127 -0.778617 0.469628 0.416178 234 22 22
-0.165542 0.100541 0.745095 -0.778617 0.469628 0.416178 234 22 22
-0.158342 0.116742 0.740284 -0.778617 0.469628 0.416178 234 22 22
-0.123373 -0.021899 0.716919 -0.417297 -0.880973 0.223049 234 22 22
-0.136844 -0.013239 0.725920 -0.417297 -0.880973 0.223049 234 22 22
-0.141655 -0.013239 0.716919 -0.417297 -0.880973 0.223049 234 22 22
-0.169976 0.082961 0.748058 -0.844288 0.289004 0.451280 234 22 22
-0.165542 0.100541 0.745095 -0.844288 0.289004 0.451280 234 22 22
-0.173543 0.100541 0.730127 -0.844288 0.289004 0.451280 234 22 22
-0.123373 -0.021899 0.716919 -0.257142 -0.956550 0.137444 234 22 22
-0.171473 0.064679 0.749058 -0.877715 0.097550 0.469149 234 22 22
-0.169976 0.082961 0.748058 -0.877715 0.097550 0.469149 234 22 22
-0.178470 0.082961 0.732168 -0.877715 0.097550 0.469149 234 22 22
-0.169976 0.046397 0.748058 -0.877716 -0.097550 0.469147 234 22 22
-0.171473 0.064679 0.749058 -0.877716 -0.097550 0.469147 234 22 22
-0.180133 0.064679 0.732857 -0.877716 -0.097550 0.469147 234 22 22
-0.123373 0.151257 0.716919 -0.257141 0.956550 0.137445 234 22 22
-0.108756 0.156590 0.707152 -0.257141 0.956550 0.137445 234 22 22
-0.110446 0.156590 0.703991 -0.257141 0.956550 0.137445 234 22 22
-0.118913 -0.021899 0.722353 -0.365763 -0.880973 0.300174 234 22 22
-0.158546 0.082961 0.761986 -0.740024 0.289005 0.607322 234 22 22
-0.154775 0.100541 0.758215 -0.740024 0.289005 0.607322 234 22 22
-0.165542 0.100541 0.745095 -0.740024 0.289005 0.607322 234 22 22
-0.108756 -0.027232 0.707152 -0.225386 -0.956550 0.184970 234 22 22
-0.106483 -0.027232 0.709923 -0.225386 -0.956550 0.184970 234 22 22
-0.118913 -0.021899 0.722353 -0.225386 -0.956550 0.184970 234 22 22
-0.171473 0.064679 0.749058 -0.769323 0.097546 0.631369 234 22 22
-0.159819 0.064679 0.763259 -0.769323 0.097546 0.631369 234 22 22
-0.158546 0.082961 0.761986 -0.769323 0.097546 0.631369 234 22 22
-0.158546 0.046397 0.761986 -0.769323 -0.097546 0.631369 234 22 22
-0.159819 0.064679 0.763259 -0.769323 -0.097546 0.631369 234 22 22
-0.171473 0.064679 0.749058 -0.769323 -0.097546 0.631369 234 22 22
-0.118913 0.151257 0.722353 -0.225386 0.956550 0.184969 234 22 22
-0.165542 0.028817 0.745095 -0.740024 -0.289005 0.607323 234 22 22
-0.154775 0.028817 0.758215 -0.740024 -0.289005 0.607323 234 22 22
-0.158546 0.046397 0.761986 -0.740024 -0.289005 0.607323 234 22 22
-0.118913 0.151257 0.722353 -0.365764 0.880972 0.300174 234 22 22
-0.158342 0.012616 0.740284 -0.682465 -0.469627 0.560082 234 22 22
-0.148652 0.012616 0.752092 -0.682465 -0.469627 0.560082 234 22 22
-0.154775 0.028817 0.758215 -0.682465 -0.469627 0.560082 234 22 22
-0.140411 0.130943 0.743851 -0.491807 0.771506 0.403615 234 22 22
-0.130369 0.142597 0.733810 -0.491807 0.771506 0.403615 234 22 22
-0.136844 0.142597 0.725920 -0.491807 0.771506 0.403615 234 22 22
-0.148652 -0.001585 0.733810 -0.598703 -0.632563 0.491344 234 22 22
-0.140411 -0.001585 0.743851 -0.598703 -0.632563 0.491344 234 22 22
-0.148652 0.012616 0.752092 -0.598703 -0.632563 0.491344 234 22 22
-0.148652 0.116742 0.752092 -0.598703 0.632563 0.491344 234 22 22
-0.140411 0.130943 0.743851 -0.598703 0.632563 0.491344 234 22 22
-0.148652 0.130943 0.733810 -0.598703 0.632563 0.491344 234 22 22
-0.136844 -0.013239 0.725920 -0.491807 -0.771505 0.403615 234 22 22
-0.130369 -0.013239 0.733810 -0.491807 -0.771505 0.403615 234 22 22
-0.140411 -0.001585 0.743851 -0.491807 -0.771505 0.403615 234 22 22
-0.154775 0.100541 0.758215 -0.682464 0.469628 0.560082 234 22 22
-0.148652 0.116742 0.752092 -0.682464 0.469628 0.560082 234 22 22
-0.158342 0.116742 0.740284 -0.682464 0.469628 0.560082 234 22 22
-0.130369 0.142597 0.733810 -0.300176 0.880972 0.365763 234 22 22
-0.122480 0.142597 0.740284 -0.300176 0.880972 0.365763 234 22 22
-0.113479 0.151257 0.726813 -0.300176 0.880972 0.365763 234 22 22
-0.148652 0.012616 0.752092 -0.560082 -0.469628 0.682464 234 22 22
-0.136844 0.012616 0.761782 -0.560082 -0.469628 0.682464 234 22 22
-0.141655 0.028817 0.768982 -0.560082 -0.469628 0.682464 234 22 22
-0.122480 0.142597 0.740284 -0.403616 0.771506 0.491805 234 22 22
-0.130369 -0.001585 0.752092 -0.491343 -0.632561 0.598705 234 22 22
-0.136844 0.012616 0.761782 -0.491343 -0.632561 0.598705 234 22 22
-0.148652 0.012616 0.752092 -0.491343 -0.632561 0.598705 234 22 22
-0.148652 0.116742 0.752092 -0.491343 0.632562 0.598705 234 22 22
-0.136844 0.116742 0.761782 -0.491343 0.632562 0.598705 234 22 22
-0.130369 0.130943 0.752092 -0.491343 0.632562 0.598705 234 22 22
-0.130369 -0.013239 0.733810 -0.403614 -0.771506 0.491806 234 22 22
-0.122480 -0.013239 0.740284 -0.403614 -0.771506 0.491806 234 22 22
-0.130369 -0.001585 0.752092 -0.403614 -0.771506 0.491806 234 22 22
-0.141655 0.100541 0.768982 -0.560082 0.469629 0.682464 234 22 22
-0.136844 0.116742 0.761782 -0.560082 0.469629 0.682464 234 22 22
-0.148652 0.116742 0.752092 -0.560082 0.469629 0.682464 234 22 22
-0.118913 -0.021899 0.722353 -0.300173 -0.880973 0.365764 234 22 22
-0.113479 -0.021899 0.726813 -0.300173 -0.880973 0.365764 234 22 22
-0.122480 -0.013239 0.740284 -0.300173 -0.880973 0.365764 234 22 22
-0.158546 0.082961 0.761986 -0.607321 0.289003 0.740026 234 22 22
-0.144618 0.082961 0.773416 -0.607321 0.289003 0.740026 234 22 22
-0.141655 0.100541 0.768982 -0.607321 0.289003 0.740026 234 22 22
-0.103712 -0.027232 0.712196 -0.184969 -0.956550 0.225387 234 22 22
-0.113479 -0.021899 0.726813 -0.184969 -0.956550 0.225387 234 22 22
-0.118913 -0.021899 0.722353 -0.184969 -0.956550 0.225387 234 22 22
-0.145618 0.064679 0.774913 -0.631366 0.097549 0.769325 234 22 22
-0.144618 0.082961 0.773416 -0.631366 0.097549 0.769325 234 22 22
-0.158546 0.082961 0.761986 -0.631366 0.097549 0.769325 234 22 22
-0.158546 0.046397 0.761986 -0.631366 -0.097549 0.769325 234 22 22
-0.144618 0.046397 0.773416 -0.631366 -0.097549 0.769325 234 22 22
-0.145618 0.064679 0.774913 -0.631366 -0.097549 0.769325 234 22 22
-0.118913 0.151257 0.722353 -0.184970 0.956550 0.225385 234 22 22
-0.113479 0.151257 0.726813 -0.184970 0.956550 0.225385 234 22 22
-0.103712 0.156590 0.712196 -0.184970 0.956550 0.225385 234 22 22
-0.141655 0.028817 0.768982 -0.607321 -0.289003 0.740026 234 22 22
-0.144618 0.046397 0.773416 -0.607321 -0.289003 0.740026 234 22 22
-0.158546 0.046397 0.761986 -0.607321 -0.289003 0.740026 234 22 22
-0.144618 0.082961 0.773416 -0.451284 0.289006 0.844286 234 22 22
-0.128728 0.082961 0.781910 -0.451284 0.289006 0.844286 234 22 22
-0.126687 0.100541 0.776983 -0.451284 0.289006 0.844286 234 22 22
-0.103712 -0.027232 0.712196 -0.137443 -0.956550 0.257142 234 22 22
-0.100551 -0.027232 0.713886 -0.137443 -0.956550 0.257142 234 22 22
-0.107279 -0.021899 0.730127 -0.137443 -0.956550 0.257142 234 22 22
-0.129417 0.064679 0.783573 -0.469151 0.097546 0.877714 234 22 22
-0.128728 0.082961 0.781910 -0.469151 0.097546 0.877714 234 22 22
-0.144618 0.082961 0.773416 -0.469151 0.097546 0.877714 234 22 22
-0.144618 0.046397 0.773416 -0.469151 -0.097546 0.877714 234 22 22
-0.128728 0.046397 0.781910 -0.469151 -0.097546 0.877714 234 22 22
-0.129417 0.064679 0.783573 -0.469151 -0.097546 0.877714 234 22 22
-0.107279 0.151257 0.730127 -0.137446 0.956550 0.257140 234 22 22
-0.100551 0.156590 0.713886 -0.137446 0.956550 0.257140 234 22 22
-0.103712 0.156590 0.712196 -0.137446 0.956550 0.257140 234 22 22
-0.126687 0.028817 0.776983 -0.451284 -0.289006 0.844286 234 22 22
-0.128728 0.046397 0.781910 -0.451284 -0.289006 0.844286 234 22 22
-0.144618 0.046397 0.773416 -0.451284 -0.289006 0.844286 234 22 22
-0.107279 0.151257 0.730127 -0.223048 0.880972 0.417298 234 22 22
-0.123373 0.012616 0.768982 -0.416179 -0.469628 0.778617 234 22 22
-0.118913 0.130943 0.758215 -0.299910 0.771506 0.561099 234 22 22
-0.113479 0.142597 0.745095 -0.299910 0.771506 0.561099 234 22 22
-0.122480 0.142597 0.740284 -0.299910 0.771506 0.561099 234 22 22
-0.130369 -0.001585 0.752092 -0.365099 -0.632563 0.683057 234 22 22
-0.118913 -0.001585 0.758215 -0.365099 -0.632563 0.683057 234 22 22
-0.123373 0.012616 0.768982 -0.365099 -0.632563 0.683057 234 22 22
-0.123373 0.116742 0.768982 -0.365099 0.632563 0.683057 234 22 22
-0.118913 0.130943 0.758215 -0.365099 0.632563 0.683057 234 22 22
-0.130369 0.130943 0.752092 -0.365099 0.632563 0.683057 234 22 22
-0.122480 -0.013239 0.740284 -0.299913 -0.771506 0.561098 234 22 22
-0.113479 -0.013239 0.745095 -0.299913 -0.771506 0.561098 234 22 22
-0.118913 -0.001585 0.758215 -0.299913 -0.771506 0.561098 234 22 22
-0.126687 0.100541 0.776983 -0.416179 0.469628 0.778617 234 22 22
-0.123373 0.116742 0.768982 -0.416179 0.469628 0.778617 234 22 22
-0.136844 0.116742 0.761782 -0.416179 0.469628 0.778617 234 22 22
-0.113479 -0.021899 0.726813 -0.223051 -0.880972 0.417296 234 22 22
-0.107279 -0.021899 0.730127 -0.223051 -0.880972 0.417296 234 22 22
-0.113479 -0.013239 0.745095 -0.223051 -0.880972 0.417296 234 22 22
-0.123373 0.012616 0.768982 -0.256281 -0.469631 0.844847 234 22 22
-0.108756 0.012616 0.773416 -0.256281 -0.469631 0.844847 234 22 22
-0.110446 0.028817 0.781910 -0.256281 -0.469631 0.844847 234 22 22
-0.118913 0.130943 0.758215 -0.184687 0.771506 0.608826 234 22 22
-0.106483 0.130943 0.761986 -0.184687 0.771506 0.608826 234 22 22
-0.103712 0.142597 0.748058 -0.184687 0.771506 0.608826 234 22 22
-0.118913 -0.001585 0.758215 -0.224830 -0.632561 0.741160 234 22 22
-0.106483 -0.001585 0.761986 -0.224830 -0.632561 0.741160 234 22 22
-0.108756 0.012616 0.773416 -0.224830 -0.632561 0.741160 234 22 22
-0.108756 0.116742 0.773416 -0.224830 0.632561 0.741160 234 22 22
-0.106483 0.130943 0.761986 -0.224830 0.632561 0.741160 234 22 22
-0.118913 0.130943 0.758215 -0.224830 0.632561 0.741160 234 22 22
-0.103712 -0.013239 0.748058 -0.184687 -0.771506 0.608826 234 22 22
-0.106483 -0.001585 0.761986 -0.184687 -0.771506 0.608826 234 22 22
-0.118913 -0.001585 0.758215 -0.184687 -0.771506 0.608826 234 22 22
-0.110446 0.100541 0.781910 -0.256281 0.469631 0.844847 234 22 22
-0.108756 0.116742 0.773416 -0.256281 0.469631 0.844847 234 22 22
-0.123373 0.116742 0.768982 -0.256281 0.469631 0.844847 234 22 22
-0.107279 -0.021899 0.730127 -0.137353 -0.880972 0.452793 234 22 22
-0.100551 -0.021899 0.732168 -0.137353 -0.880972 0.452793 234 22 22
-0.103712 -0.013239 0.748058 -0.137353 -0.880972 0.452793 234 22 22
-0.128728 0.082961 0.781910 -0.277895 0.289001 0.916108 234 22 22
-0.111486 0.082961 0.787140 -0.277895 0.289001 0.916108 234 22 22
-0.110446 0.100541 0.781910 -0.277895 0.289001 0.916108 234 22 22
-0.100551 -0.027232 0.713886 -0.084641 -0.956549 0.279014 234 22 22
-0.097122 -0.027232 0.714926 -0.084641 -0.956549 0.279014 234 22 22
-0.100551 -0.021899 0.732168 -0.084641 -0.956549 0.279014 234 22 22
-0.111837 0.064679 0.788906 -0.288897 0.097552 0.952377 234 22 22
-0.111486 0.082961 0.787140 -0.288897 0.097552 0.952377 234 22 22
-0.128728 0.082961 0.781910 -0.288897 0.097552 0.952377 234 22 22
-0.128728 0.046397 0.781910 -0.288897 -0.097552 0.952377 234 22 22
-0.111486 0.046397 0.787140 -0.288897 -0.097552 0.952377 234 22 22
-0.111837 0.064679 0.788906 -0.288897 -0.097552 0.952377 234 22 22
-0.107279 0.151257 0.730127 -0.084638 0.956550 0.279014 234 22 22
-0.100551 0.151257 0.732168 -0.084638 0.956550 0.279014 234 22 22
-0.097122 0.156590 0.714926 -0.084638 0.956550 0.279014 234 22 22
-0.110446 0.028817 0.781910 -0.277895 -0.289001 0.916108 234 22 22
-0.111486 0.046397 0.787140 -0.277895 -0.289001 0.916108 234 22 22
-0.128728 0.046397 0.781910 -0.277895 -0.289001 0.916108 234 22 22
-0.113479 0.142597 0.745095 -0.137354 0.880972 0.452794 234 22 22
-0.103712 0.142597 0.748058 -0.137354 0.880972 0.452794 234 22 22
-0.100551 0.151257 0.732168 -0.137354 0.880972 0.452794 234 22 22
-0.093555 -0.027232 0.715277 -0.028579 -0.956550 0.290166 234 22 22
-0.093555 -0.021899 0.732857 -0.028579 -0.956550 0.290166 234 22 22
-0.100551 -0.021899 0.732168 -0.028579 -0.956550 0.290166 234 22 22
-0.093555 0.064679 0.790707 -0.097552 0.097544 0.990439 234 22 22
-0.093555 0.082961 0.788906 -0.097552 0.097544 0.990439 234 22 22
-0.111486 0.082961 0.787140 -0.097552 0.097544 0.990439 234 22 22
-0.111486 0.046397 0.787140 -0.097552 -0.097544 0.990439 234 22 22
-0.093555 0.046397 0.788906 -0.097552 -0.097544 0.990439 234 22 22
-0.093555 0.064679 0.790707 -0.097552 -0.097544 0.990439 234 22 22
-0.093555 0.151257 0.732857 -0.028581 0.956550 0.290165 234 22 22
-0.093555 0.156590 0.715277 -0.028581 0.956550 0.290165 234 22 22
-0.097122 0.156590 0.714926 -0.028581 0.956550 0.290165 234 22 22
-0.093555 0.028817 0.783573 -0.093837 -0.289006 0.952717 234 22 22
-0.093555 0.046397 0.788906 -0.093837 -0.289006 0.952717 234 22 22
-0.111486 0.046397 0.787140 -0.093837 -0.289006 0.952717 234 22 22
-0.093555 0.142597 0.749058 -0.046380 0.880971 0.470891 234 22 22
-0.093555 0.151257 0.732857 -0.046380 0.880971 0.470891 234 22 22
-0.100551 0.151257 0.732168 -0.046380 0.880971 0.470891 234 22 22
-0.108756 0.012616 0.773416 -0.086534 -0.469629 0.878613 234 22 22
-0.093555 0.012616 0.774913 -0.086534 -0.469629 0.878613 234 22 22
-0.093555 0.028817 0.783573 -0.086534 -0.469629 0.878613 234 22 22
-0.093555 0.130943 0.763259 -0.062358 0.771505 0.633159 234 22 22
-0.093555 0.142597 0.749058 -0.062358 0.771505 0.633159 234 22 22
-0.103712 0.142597 0.748058 -0.062358 0.771505 0.633159 234 22 22
-0.106483 -0.001585 0.761986 -0.075910 -0.632564 0.770780 234 22 22
-0.093555 -0.001585 0.763259 -0.075910 -0.632564 0.770780 234 22 22
-0.093555 0.012616 0.774913 -0.075910 -0.632564 0.770780 234 22 22
-0.093555 0.116742 0.774913 -0.075910 0.632564 0.770779 234 22 22
-0.093555 0.130943 0.763259 -0.075910 0.632564 0.770779 234 22 22
-0.106483 0.130943 0.761986 -0.075910 0.632564 0.770779 234 22 22
-0.103712 -0.013239 0.748058 -0.062358 -0.771505 0.633160 234 22 22
-0.093555 -0.013239 0.749058 -0.062358 -0.771505 0.633160 234 22 22
-0.093555 -0.001585 0.763259 -0.062358 -0.771505 0.633160 234 22 22
-0.093555 0.100541 0.783573 -0.086534 0.469630 0.878613 234 22 22
-0.093555 0.116742 0.774913 -0.086534 0.469630 0.878613 234 22 22
-0.108756 0.116742 0.773416 -0.086534 0.469630 0.878613 234 22 22
-0.100551 -0.021899 0.732168 -0.046380 -0.880972 0.470890 234 22 22
-0.093555 -0.021899 0.732857 -0.046380 -0.880972 0.470890 234 22 22
-0.093555 -0.013239 0.749058 -0.046380 -0.880972 0.470890 234 22 22
-0.111486 0.082961 0.787140 -0.093837 0.289006 0.952717 234 22 22
-0.093555 0.082961 0.788906 -0.093837 0.289006 0.952717 234 22 22
-0.093555 0.100541 0.783573 -0.093837 0.289006 0.952717 234 22 22
-0.093555 0.130943 0.763259 0.062356 0.771506 0.633159 234 22 22
-0.080628 0.130943 0.761986 0.062356 0.771506 0.633159 234 22 22
-0.083398 0.142597 0.748058 0.062356 0.771506 0.633159 234 22 22
-0.080628 -0.001585 0.761986 0.075914 -0.632561 0.770781 234 22 22
-0.078354 0.012616 0.773416 0.075914 -0.632561 0.770781 234 22 22
-0.093555 0.012616 0.774913 0.075914 -0.632561 0.770781 234 22 22
-0.078354 0.116742 0.773416 0.075910 0.632561 0.770781 234 22 22
-0.080628 0.130943 0.761986 0.075910 0.632561 0.770781 234 22 22
-0.093555 0.130943 0.763259 0.075910 0.632561 0.770781 234 22 22
-0.083398 -0.013239 0.748058 0.062356 -0.771506 0.633159 234 22 22
-0.080628 -0.001585 0.761986 0.062356 -0.771506 0.633159 234 22 22
-0.093555 -0.001585 0.763259 0.062356 -0.771506 0.633159 234 22 22
-0.093555 0.100541 0.783573 0.086532 0.469631 0.878612 234 22 22
-0.076664 0.100541 0.781910 0.086532 0.469631 0.878612 234 22 22
-0.078354 0.116742 0.773416 0.086532 0.469631 0.878612 234 22 22
-0.086559 -0.021899 0.732168 0.046377 -0.880972 0.470890 234 22 22
-0.083398 -0.013239 0.748058 0.046377 -0.880972 0.470890 234 22 22
-0.093555 -0.013239 0.749058 0.046377 -0.880972 0.470890 234 22 22
-0.093555 0.082961 0.788906 0.093837 0.289001 0.952719 234 22 22
-0.075624 0.082961 0.787140 0.093837 0.289001 0.952719 234 22 22
-0.076664 0.100541 0.781910 0.093837 0.289001 0.952719 234 22 22
-0.093555 -0.027232 0.715277 0.028581 -0.956550 0.290166 234 22 22
-0.089988 -0.027232 0.714926 0.028581 -0.956550 0.290166 234 22 22
-0.086559 -0.021899 0.732168 0.028581 -0.956550 0.290166 234 22 22
-0.093555 0.064679 0.790707 0.097544 0.097552 0.990439 234 22 22
-0.075273 0.064679 0.788906 0.097544 0.097552 0.990439 234 22 22
-0.075624 0.082961 0.787140 0.097544 0.097552 0.990439 234 22 22
-0.075624 0.046397 0.787140 0.097544 -0.097552 0.990439 234 22 22
-0.075273 0.064679 0.788906 0.097544 -0.097552 0.990439 234 22 22
-0.093555 0.064679 0.790707 0.097544 -0.097552 0.990439 234 22 22
-0.093555 0.151257 0.732857 0.028579 0.956550 0.290165 234 22 22
-0.086559 0.151257 0.732168 0.028579 0.956550 0.290165 234 22 22
-0.089988 0.156590 0.714926 0.028579 0.956550 0.290165 234 22 22
-0.076664 0.028817 0.781910 0.093837 -0.289001 0.952719 234 22 22
-0.075624 0.046397 0.787140 0.093837 -0.289001 0.952719 234 22 22
-0.093555 0.046397 0.788906 0.093837 -0.289001 0.952719 234 22 22
-0.093555 0.142597 0.749058 0.046377 0.880972 0.470890 234 22 22
-0.083398 0.142597 0.748058 0.046377 0.880972 0.470890 234 22 22
-0.086559 0.151257 0.732168 0.046377 0.880972 0.470890 234 22 22
-0.093555 0.012616 0.774913 0.086534 -0.469631 0.878612 234 22 22
-0.078354 0.012616 0.773416 0.086534 -0.469631 0.878612 234 22 22
-0.076664 0.028817 0.781910 0.086534 -0.469631 0.878612 234 22 22
-0.075273 0.064679 0.788906 0.288902 0.097546 0.952376 234 22 22
-0.057693 0.064679 0.783573 0.288902 0.097546 0.952376 234 22 22
-0.058382 0.082961 0.781910 0.288902 0.097546 0.952376 234 22 22
-0.075624 0.046397 0.787140 0.288897 -0.097546 0.952378 234 22 22
-0.058382 0.046397 0.781910 0.288897 -0.097546 0.952378 234 22 22
-0.057693 0.064679 0.783573 0.288897 -0.097546 0.952378 234 22 22
-0.079831 0.151257 0.730127 0.084636 0.956550 0.279015 234 22 22
-0.086559 0.156590 0.713886 0.084636 0.956550 0.279015 234 22 22
-0.089988 0.156590 0.714926 0.084636 0.956550 0.279015 234 22 22
-0.060423 0.028817 0.776983 0.277894 -0.289007 0.916106 234 22 22
-0.058382 0.046397 0.781910 0.277894 -0.289007 0.916106 234 22 22
-0.075624 0.046397 0.787140 0.277894 -0.289007 0.916106 234 22 22
-0.079831 0.151257 0.730127 0.137354 0.880972 0.452794 234 22 22
-0.078354 0.012616 0.773416 0.256282 -0.469628 0.844849 234 22 22
-0.063737 0.012616 0.768982 0.256282 -0.469628 0.844849 234 22 22
-0.060423 0.028817 0.776983 0.256282 -0.469628 0.844849 234 22 22
-0.080628 0.130943 0.761986 0.184686 0.771506 0.608826 234 22 22
-0.068197 0.130943 0.758215 0.184686 0.771506 0.608826 234 22 22
-0.073631 0.142597 0.745095 0.184686 0.771506 0.608826 234 22 22
-0.080628 -0.001585 0.761986 0.224829 -0.632562 0.741159 234 22 22
-0.068197 -0.001585 0.758215 0.224829 -0.632562 0.741159 234 22 22
-0.063737 0.012616 0.768982 0.224829 -0.632562 0.741159 234 22 22
-0.063737 0.116742 0.768982 0.224829 0.632562 0.741159 234 22 22
-0.068197 0.130943 0.758215 0.224829 0.632562 0.741159 234 22 22
-0.080628 0.130943 0.761986 0.224829 0.632562 0.741159 234 22 22
-0.083398 -0.013239 0.748058 0.184686 -0.771506 0.608827 234 22 22
-0.073631 -0.013239 0.745095 0.184686 -0.771506 0.608827 234 22 22
-0.068197 -0.001585 0.758215 0.184686 -0.771506 0.608827 234 22 22
-0.060423 0.100541 0.776983 0.256281 0.469628 0.844849 234 22 22
-0.063737 0.116742 0.768982 0.256281 0.469628 0.844849 234 22 22
-0.078354 0.116742 0.773416 0.256281 0.469628 0.844849 234 22 22
-0.079831 -0.021899 0.730127 0.137354 -0.880972 0.452793 234 22 22
-0.073631 -0.013239 0.745095 0.137354 -0.880972 0.452793 234 22 22
-0.083398 -0.013239 0.748058 0.137354 -0.880972 0.452793 234 22 22
-0.075624 0.082961 0.787140 0.277894 0.289007 0.916106 234 22 22
-0.058382 0.082961 0.781910 0.277894 0.289007 0.916106 234 22 22
-0.060423 0.100541 0.776983 0.277894 0.289007 0.916106 234 22 22
-0.089988 -0.027232 0.714926 0.084640 -0.956550 0.279014 234 22 22
-0.086559 -0.027232 0.713886 0.084640 -0.956550 0.279014 234 22 22
-0.079831 -0.021899 0.730127 0.084640 -0.956550 0.279014 234 22 22
-0.056741 -0.001585 0.752092 0.365101 -0.632561 0.683057 234 22 22
-0.050266 0.012616 0.761782 0.365101 -0.632561 0.683057 234 22 22
-0.063737 0.012616 0.768982 0.365101 -0.632561 0.683057 234 22 22
-0.050266 0.116742 0.761782 0.365100 0.632561 0.683058 234 22 22
-0.056741 0.130943 0.752092 0.365100 0.632561 0.683058 234 22 22
-0.068197 0.130943 0.758215 0.365100 0.632561 0.683058 234 22 22
-0.064630 -0.013239 0.740284 0.299912 -0.771505 0.561099 234 22 22
-0.056741 -0.001585 0.752092 0.299912 -0.771505 0.561099 234 22 22
-0.068197 -0.001585 0.758215 0.299912 -0.771505 0.561099 234 22 22
-0.050266 0.116742 0.761782 0.416179 0.469628 0.778617 234 22 22
-0.073631 -0.021899 0.726813 0.223047 -0.880973 0.417296 234 22 22
-0.064630 -0.013239 0.740284 0.223047 -0.880973 0.417296 234 22 22
-0.073631 -0.013239 0.745095 0.223047 -0.880973 0.417296 234 22 22
-0.042492 0.082961 0.773416 0.451281 0.289004 0.844288 234 22 22
-0.045455 0.100541 0.768982 0.451281 0.289004 0.844288 234 22 22
-0.060423 0.100541 0.776983 0.451281 0.289004 0.844288 234 22 22
-0.083398 -0.027232 0.712196 0.137446 -0.956550 0.257141 234 22 22
-0.073631 -0.021899 0.726813 0.137446 -0.956550 0.257141 234 22 22
-0.079831 -0.021899 0.730127 0.137446 -0.956550 0.257141 234 22 22
-0.057693 0.064679 0.783573 0.469150 0.097548 0.877715 234 22 22
-0.041492 0.064679 0.774913 0.469150 0.097548 0.877715 234 22 22
-0.042492 0.082961 0.773416 0.469150 0.097548 0.877715 234 22 22
-0.042492 0.046397 0.773416 0.469150 -0.097549 0.877715 234 22 22
-0.041492 0.064679 0.774913 0.469150 -0.097549 0.877715 234 22 22
-0.057693 0.064679 0.783573 0.469150 -0.097549 0.877715 234 22 22
-0.073631 0.151257 0.726813 0.137446 0.956550 0.257139 234 22 22
-0.083398 0.156590 0.712196 0.137446 0.956550 0.257139 234 22 22
-0.086559 0.156590 0.713886 0.137446 0.956550 0.257139 234 22 22
-0.060423 0.028817 0.776983 0.451281 -0.289004 0.844288 234 22 22
-0.045455 0.028817 0.768982 0.451281 -0.289004 0.844288 234 22 22
-0.042492 0.046397 0.773416 0.451281 -0.289004 0.844288 234 22 22
-0.073631 0.142597 0.745095 0.223048 0.880972 0.417298 234 22 22
-0.064630 0.142597 0.740284 0.223048 0.880972 0.417298 234 22 22
-0.073631 0.151257 0.726813 0.223048 0.880972 0.417298 234 22 22
-0.050266 0.012616 0.761782 0.416179 -0.469628 0.778617 234 22 22
-0.068197 0.130943 0.758215 0.299912 0.771505 0.561099 234 22 22
-0.056741 0.130943 0.752092 0.299912 0.771505 0.561099 234 22 22
-0.064630 0.142597 0.740284 0.299912 0.771505 0.561099 234 22 22
-0.042492 0.046397 0.773416 0.631366 -0.097552 0.769324 234 22 22
-0.028564 0.046397 0.761986 0.631366 -0.097552 0.769324 234 22 22
-0.027291 0.064679 0.763259 0.631366 -0.097552 0.769324 234 22 22
-0.068197 0.151257 0.722353 0.184969 0.956550 0.225386 234 22 22
-0.080628 0.156590 0.709923 0.184969 0.956550 0.225386 234 22 22
-0.083398 0.156590 0.712196 0.184969 0.956550 0.225386 234 22 22
-0.032335 0.028817 0.758215 0.607321 -0.289005 0.740025 234 22 22
-0.028564 0.046397 0.761986 0.607321 -0.289005 0.740025 234 22 22
-0.042492 0.046397 0.773416 0.607321 -0.289005 0.740025 234 22 22
-0.068197 0.151257 0.722353 0.300176 0.880972 0.365763 234 22 22
-0.050266 0.012616 0.761782 0.560082 -0.469627 0.682465 234 22 22
-0.038458 0.012616 0.752092 0.560082 -0.469627 0.682465 234 22 22
-0.032335 0.028817 0.758215 0.560082 -0.469627 0.682465 234 22 22
-0.056741 0.130943 0.752092 0.403616 0.771506 0.491806 234 22 22
-0.046699 0.130943 0.743851 0.403616 0.771506 0.491806 234 22 22
-0.056741 0.142597 0.733810 0.403616 0.771506 0.491806 234 22 22
-0.056741 -0.001585 0.752092 0.491344 -0.632563 0.598702 234 22 22
-0.046699 -0.001585 0.743851 0.491344 -0.632563 0.598702 234 22 22
-0.038458 0.012616 0.752092 0.491344 -0.632563 0.598702 234 22 22
-0.038458 0.116742 0.752092 0.491344 0.632563 0.598702 234 22 22
-0.046699 0.130943 0.743851 0.491344 0.632563 0.598702 234 22 22
-0.056741 0.130943 0.752092 0.491344 0.632563 0.598702 234 22 22
-0.046699 -0.001585 0.743851 0.403617 -0.771505 0.491806 234 22 22
-0.032335 0.100541 0.758215 0.560082 0.469627 0.682465 234 22 22
-0.038458 0.116742 0.752092 0.560082 0.469627 0.682465 234 22 22
-0.050266 0.116742 0.761782 0.560082 0.469627 0.682465 234 22 22
-0.073631 -0.021899 0.726813 0.300173 -0.880972 0.365764 234 22 22
-0.068197 -0.021899 0.722353 0.300173 -0.880972 0.365764 234 22 22
-0.056741 -0.013239 0.733810 0.300173 -0.880972 0.365764 234 22 22
-0.042492 0.082961 0.773416 0.607321 0.289005 0.740025 234 22 22
-0.028564 0.082961 0.761986 0.607321 0.289005 0.740025 234 22 22
-0.032335 0.100541 0.758215 0.607321 0.289005 0.740025 234 22 22
-0.080628 -0.027232 0.709923 0.184969 -0.956550 0.225387 234 22 22
-0.027291 0.064679 0.763259 0.631366 0.097551 0.769324 234 22 22
-0.028564 0.082961 0.761986 0.631366 0.097551 0.769324 234 22 22
-0.042492 0.082961 0.773416 0.631366 0.097551 0.769324 234 22 22
-0.050266 -0.013239 0.725920 0.491806 -0.771506 0.403616 234 22 22
-0.038458 -0.001585 0.733810 0.491806 -0.771506 0.403616 234 22 22
-0.046699 -0.001585 0.743851 0.491806 -0.771506 0.403616 234 22 22
-0.032335 0.100541 0.758215 0.682464 0.469627 0.560084 234 22 22
-0.021568 0.100541 0.745095 0.682464 0.469627 0.560084 234 22 22
-0.028768 0.116742 0.740284 0.682464 0.469627 0.560084 234 22 22
-0.063737 -0.021899 0.716919 0.365764 -0.880972 0.300174 234 22 22
-0.050266 -0.013239 0.725920 0.365764 -0.880972 0.300174 234 22 22
-0.056741 -0.013239 0.733810 0.365764 -0.880972 0.300174 234 22 22
-0.028564 0.082961 0.761986 0.740025 0.289004 0.607322 234 22 22
-0.017134 0.082961 0.748058 0.740025 0.289004 0.607322 234 22 22
-0.021568 0.100541 0.745095 0.740025 0.289004 0.607322 234 22 22
-0.078354 -0.027232 0.707152 0.225387 -0.956550 0.184970 234 22 22
-0.063737 -0.021899 0.716919 0.225387 -0.956550 0.184970 234 22 22
-0.068197 -0.021899 0.722353 0.225387 -0.956550 0.184970 234 22 22
-0.027291 0.064679 0.763259 0.769326 0.097549 0.631365 234 22 22
-0.015637 0.064679 0.749058 0.769326 0.097549 0.631365 234 22 22
-0.017134 0.082961 0.748058 0.769326 0.097549 0.631365 234 22 22
-0.017134 0.046397 0.748058 0.769326 -0.097549 0.631365 234 22 22
-0.015637 0.064679 0.749058 0.769326 -0.097549 0.631365 234 22 22
-0.027291 0.064679 0.763259 0.769326 -0.097549 0.631365 234 22 22
-0.068197 0.151257 0.722353 0.225386 0.956550 0.184969 234 22 22
-0.063737 0.151257 0.716919 0.225386 0.956550 0.184969 234 22 22
-0.078354 0.156590 0.707152 0.225386 0.956550 0.184969 234 22 22
-0.021568 0.028817 0.745095 0.740025 -0.289004 0.607322 234 22 22
-0.017134 0.046397 0.748058 0.740025 -0.289004 0.607322 234 22 22
-0.028564 0.046397 0.761986 0.740025 -0.289004 0.607322 234 22 22
-0.056741 0.142597 0.733810 0.365764 0.880972 0.300175 234 22 22
-0.050266 0.142597 0.725920 0.365764 0.880972 0.300175 234 22 22
-0.063737 0.151257 0.716919 0.365764 0.880972 0.300175 234 22 22
-0.028768 0.012616 0.740284 0.682464 -0.469627 0.560084 234 22 22
-0.021568 0.028817 0.745095 0.682464 -0.469627 0.560084 234 22 22
-0.032335 0.028817 0.758215 0.682464 -0.469627 0.560084 234 22 22
-0.046699 0.130943 0.743851 0.491806 0.771506 0.403615 234 22 22
-0.038458 0.130943 0.733810 0.491806 0.771506 0.403615 234 22 22
-0.050266 0.142597 0.725920 0.491806 0.771506 0.403615 234 22 22
-0.028768 0.012616 0.740284 0.598703 -0.632563 0.491344 234 22 22
-0.038458 0.130943 0.733810 0.598703 0.632563 0.491344 234 22 22
-0.060423 0.151257 0.710719 0.257141 0.956550 0.137443 234 22 22
-0.076664 0.156590 0.703991 0.257141 0.956550 0.137443 234 22 22
-0.078354 0.156590 0.707152 0.257141 0.956550 0.137443 234 22 22
-0.013567 0.028817 0.730127 0.844288 -0.289004 0.451281 234 22 22
-0.050266 0.142597 0.725920 0.417298 0.880972 0.223050 234 22 22
-0.045455 0.142597 0.716919 0.417298 0.880972 0.223050 234 22 22
-0.060423 0.151257 0.710719 0.417298 0.880972 0.223050 234 22 22
-0.021568 0.012616 0.726813 0.778617 -0.469627 0.416179 234 22 22
-0.013567 0.028817 0.730127 0.778617 -0.469627 0.416179 234 22 22
-0.021568 0.028817 0.745095 0.778617 -0.469627 0.416179 234 22 22
-0.045455 0.142597 0.716919 0.561098 0.771506 0.299913 234 22 22
-0.038458 -0.001585 0.733810 0.683056 -0.632563 0.365100 234 22 22
-0.032335 -0.001585 0.722353 0.683056 -0.632563 0.365100 234 22 22
-0.021568 0.012616 0.726813 0.683056 -0.632563 0.365100 234 22 22
-0.032335 0.130943 0.722353 0.683056 0.632563 0.365100 234 22 22
-0.032335 -0.001585 0.722353 0.561098 -0.771506 0.299913 234 22 22
-0.021568 0.100541 0.745095 0.778617 0.469628 0.416179 234 22 22
-0.013567 0.100541 0.730127 0.778617 0.469628 0.416179 234 22 22
-0.021568 0.116742 0.726813 0.778617 0.469628 0.416179 234 22 22
-0.063737 -0.021899 0.716919 0.417297 -0.880973 0.223049 234 22 22
-0.060423 -0.021899 0.710719 0.417297 -0.880973 0.223049 234 22 22
-0.045455 -0.013239 0.716919 0.417297 -0.880973 0.223049 234 22 22
-0.008640 0.082961 0.732168 0.844288 0.289004 0.451281 234 22 22
-0.013567 0.100541 0.730127 0.844288 0.289004 0.451281 234 22 22
-0.021568 0.100541 0.745095 0.844288 0.289004 0.451281 234 22 22
-0.078354 -0.027232 0.707152 0.257142 -0.956549 0.137445 234 22 22
-0.076664 -0.027232 0.703991 0.257142 -0.956549 0.137445 234 22 22
-0.060423 -0.021899 0.710719 0.257142 -0.956549 0.137445 234 22 22
-0.015637 0.064679 0.749058 0.877714 0.097551 0.469150 234 22 22
-0.006977 0.064679 0.732857 0.877714 0.097551 0.469150 234 22 22
-0.008640 0.082961 0.732168 0.877714 0.097551 0.469150 234 22 22
-0.008640 0.046397 0.732168 0.877714 -0.097551 0.469150 234 22 22
-0.006977 0.064679 0.732857 0.877714 -0.097551 0.469150 234 22 22
-0.015637 0.064679 0.749058 0.877714 -0.097551 0.469150 234 22 22
-0.008640 0.100541 0.713886 0.844848 0.469629 0.256280 234 22 22
-0.017134 0.116742 0.712196 0.844848 0.469629 0.256280 234 22 22
-0.021568 0.116742 0.726813 0.844848 0.469629 0.256280 234 22 22
-0.060423 -0.021899 0.710719 0.452793 -0.880972 0.137354 234 22 22
-0.058382 -0.021899 0.703991 0.452793 -0.880972 0.137354 234 22 22
-0.042492 -0.013239 0.707152 0.452793 -0.880972 0.137354 234 22 22
-0.008640 0.082961 0.732168 0.916106 0.289003 0.277898 234 22 22
-0.003410 0.082961 0.714926 0.916106 0.289003 0.277898 234 22 22
-0.008640 0.100541 0.713886 0.916106 0.289003 0.277898 234 22 22
-0.075624 -0.027232 0.700562 0.279015 -0.956549 0.084639 234 22 22
-0.058382 -0.021899 0.703991 0.279015 -0.956549 0.084639 234 22 22
-0.060423 -0.021899 0.710719 0.279015 -0.956549 0.084639 234 22 22
-0.003410 0.082961 0.714926 0.952376 0.097551 0.288900 234 22 22
-0.001644 0.064679 0.715277 0.952376 -0.097551 0.288900 234 22 22
-0.058382 0.151257 0.703991 0.279014 0.956550 0.084639 234 22 22
-0.075624 0.156590 0.700562 0.279014 0.956550 0.084639 234 22 22
-0.076664 0.156590 0.703991 0.279014 0.956550 0.084639 234 22 22
-0.008640 0.028817 0.713886 0.916106 -0.289003 0.277898 234 22 22
-0.003410 0.046397 0.714926 0.916106 -0.289003 0.277898 234 22 22
-0.008640 0.046397 0.732168 0.916106 -0.289003 0.277898 234 22 22
-0.045455 0.142597 0.716919 0.452794 0.880972 0.137354 234 22 22
-0.042492 0.142597 0.707152 0.452794 0.880972 0.137354 234 22 22
-0.058382 0.151257 0.703991 0.452794 0.880972 0.137354 234 22 22
-0.017134 0.012616 0.712196 0.844848 -0.469629 0.256282 234 22 22
-0.008640 0.028817 0.713886 0.844848 -0.469629 0.256282 234 22 22
-0.013567 0.028817 0.730127 0.844848 -0.469629 0.256282 234 22 22
-0.042492 0.142597 0.707152 0.608827 0.771506 0.184686 234 22 22
-0.032335 -0.001585 0.722353 0.741160 -0.632561 0.224829 234 22 22
-0.028564 -0.001585 0.709923 0.741160 -0.632561 0.224829 234 22 22
-0.017134 0.012616 0.712196 0.741160 -0.632561 0.224829 234 22 22
-0.017134 0.116742 0.712196 0.741160 0.632562 0.224829 234 22 22
-0.028564 0.130943 0.709923 0.741160 0.632562 0.224829 234 22 22
-0.032335 0.130943 0.722353 0.741160 0.632562 0.224829 234 22 22
-0.042492 -0.013239 0.707152 0.608827 -0.771506 0.184686 234 22 22
-0.006977 0.028817 0.696995 0.952718 -0.289003 0.093835 234 22 22
-0.001644 0.046397 0.696995 0.952718 -0.289003 0.093835 234 22 22
-0.003410 0.046397 0.714926 0.952718 -0.289003 0.093835 234 22 22
-0.041492 0.142597 0.696995 0.470890 0.880972 0.046378 234 22 22
-0.057693 0.151257 0.696995 0.470890 0.880972 0.046378 234 22 22
-0.058382 0.151257 0.703991 0.470890 0.880972 0.046378 234 22 22
-0.017134 0.012616 0.712196 0.878612 -0.469630 0.086535 234 22 22
-0.015637 0.012616 0.696995 0.878612 -0.469630 0.086535 234 22 22
-0.006977 0.028817 0.696995 0.878612 -0.469630 0.086535 234 22 22
-0.041492 0.142597 0.696995 0.633159 0.771506 0.062361 234 22 22
-0.027291 -0.001585 0.696995 0.770781 -0.632561 0.075915 234 22 22
-0.015637 0.012616 0.696995 0.770781 -0.632561 0.075915 234 22 22
-0.017134 0.012616 0.712196 0.770781 -0.632561 0.075915 234 22 22
-0.017134 0.116742 0.712196 0.770781 0.632561 0.075915 234 22 22
-0.015637 0.116742 0.696995 0.770781 0.632561 0.075915 234 22 22
-0.027291 0.130943 0.696995 0.770781 0.632561 0.075915 234 22 22
-0.042492 -0.013239 0.707152 0.633159 -0.771506 0.062360 234 22 22
-0.041492 -0.013239 0.696995 0.633159 -0.771506 0.062360 234 22 22
-0.027291 -0.001585 0.696995 0.633159 -0.771506 0.062360 234 22 22
-0.006977 0.100541 0.696995 0.878612 0.469630 0.086535 234 22 22
-0.015637 0.116742 0.696995 0.878612 0.469630 0.086535 234 22 22
-0.017134 0.116742 0.712196 0.878612 0.469630 0.086535 234 22 22
-0.058382 -0.021899 0.703991 0.470890 -0.880972 0.046379 234 22 22
-0.057693 -0.021899 0.696995 0.470890 -0.880972 0.046379 234 22 22
-0.041492 -0.013239 0.696995 0.470890 -0.880972 0.046379 234 22 22
-0.003410 0.082961 0.714926 0.952718 0.289003 0.093835 234 22 22
-0.001644 0.082961 0.696995 0.952718 0.289003 0.093835 234 22 22
-0.006977 0.100541 0.696995 0.952718 0.289003 0.093835 234 22 22
-0.075624 -0.027232 0.700562 0.290166 -0.956550 0.028578 234 22 22
-0.075273 -0.027232 0.696995 0.290166 -0.956550 0.028578 234 22 22
-0.057693 -0.021899 0.696995 0.290166 -0.956550 0.028578 234 22 22
0.000133 0.064679 0.696995 0.990560 0.096292 0.097563 234 22 22
-0.001644 0.082961 0.696995 0.990560 0.096292 0.097563 234 22 22
-0.003410 0.082961 0.714926 0.990560 0.096292 0.097563 234 22 22
-0.003410 0.046397 0.714926 0.990560 -0.096292 0.097563 234 22 22
-0.001644 0.046397 0.696995 0.990560 -0.096292 0.097563 234 22 22
0.000133 0.064679 0.696995 0.990560 -0.096292 0.097563 234 22 22
-0.057693 0.151257 0.696995 0.290165 0.956550 0.028577 234 22 22
-0.075273 0.156590 0.696995 0.290165 0.956550 0.028577 234 22 22
-0.075624 0.156590 0.700562 0.290165 0.956550 0.028577 234 22 22
-0.145618 -0.013239 0.696995 -0.471396 -0.881922 -0.000000 234 22 22
-0.145618 -0.013239 0.402623 -0.471396 -0.881922 -0.000000 234 22 22
-0.129417 -0.021899 0.402623 -0.471396 -0.881922 -0.000000 234 22 22
-0.180133 0.100541 0.402623 -0.956940 0.290285 -0.000000 234 22 22
-0.185466 0.082961 0.402623 -0.956940 0.290285 -0.000000 234 22 22
-0.185466 0.082961 0.696995 -0.956940 0.290285 -0.000000 234 22 22
-0.006977 0.028817 0.696995 0.881921 -0.471398 0.000000 234 22 22
-0.093555 -0.029032 0.402623 -0.098017 -0.995185 0.000000 234 22 22
-0.185466 0.082961 0.402623 -0.995185 0.098016 -0.000000 234 22 22
-0.187267 0.064679 0.402623 -0.995185 0.098016 -0.000000 234 22 22
-0.187267 0.064679 0.696995 -0.995185 0.098016 -0.000000 234 22 22
-0.015637 0.012616 0.402623 0.773011 -0.634392 0.000000 234 22 22
-0.185466 0.046397 0.696995 -0.995185 -0.098016 -0.000000 234 22 22
-0.041492 -0.013239 0.402623 0.471397 -0.881921 0.000000 234 22 22
-0.057693 -0.021899 0.402623 0.290284 -0.956941 0.000000 234 22 22
-0.057693 -0.021899 0.696995 0.290284 -0.956941 0.000000 234 22 22
-0.057693 0.151257 0.402623 0.471397 0.881921 0.000000 234 22 22
-0.027291 0.130943 0.402623 0.634393 0.773010 0.000000 234 22 22
-0.041492 0.142597 0.402623 0.634393 0.773010 0.000000 234 22 22
-0.041492 0.142597 0.696995 0.634393 0.773010 0.000000 234 22 22
-0.171473 0.012616 0.402623 -0.881921 -0.471398 -0.000000 234 22 22
-0.171473 0.012616 0.402623 -0.773012 -0.634392 -0.000000 234 22 22
-0.159819 -0.001585 0.402623 -0.773012 -0.634392 -0.000000 234 22 22
-0.159819 -0.001585 0.696995 -0.773012 -0.634392 -0.000000 234 22 22
-0.015637 0.116742 0.402623 0.881921 0.471398 0.000000 234 22 22
-0.111837 -0.027232 0.402623 -0.290284 -0.956940 0.000000 234 22 22
-0.145618 0.142597 0.402623 -0.471397 0.881921 -0.000000 234 22 22
-0.075273 -0.027232 0.402623 0.098017 -0.995185 0.000000 234 22 22
-0.006977 0.100541 0.402623 0.956941 0.290284 0.000000 234 22 22
-0.145618 0.142597 0.402623 -0.634392 0.773011 -0.000000 234 22 22
-0.159819 0.130943 0.402623 -0.634392 0.773011 -0.000000 234 22 22
-0.159819 0.130943 0.696995 -0.634392 0.773011 -0.000000 234 22 22
0.000133 0.064679 0.402623 0.995309 0.096750 0.000000 234 22 22
-0.001644 0.082961 0.402623 0.995309 0.096750 0.000000 234 22 22
-0.001644 0.082961 0.696995 0.995309 0.096750 0.000000 234 22 22
-0.185466 0.046397 0.402623 -0.956939 -0.290288 -0.000000 234 22 22
-0.180133 0.028817 0.402623 -0.956939 -0.290288 -0.000000 234 22 22
-0.180133 0.028817 0.696995 -0.956939 -0.290288 -0.000000 234 22 22
-0.159819 0.130943 0.402623 -0.773011 0.634393 -0.000000 234 22 22
-0.171473 0.116742 0.402623 -0.773011 0.634393 -0.000000 234 22 22
-0.171473 0.116742 0.696995 -0.773011 0.634393 -0.000000 234 22 22
-0.001644 0.046397 0.402623 0.995309 -0.096751 -0.000000 234 22 22
0.000133 0.064679 0.402623 0.995309 -0.096751 -0.000000 234 22 22
0.000133 0.064679 0.696995 0.995309 -0.096751 -0.000000 234 22 22
-0.171473 0.116742 0.696995 -0.881921 0.471397 -0.000000 234 22 22
-0.171473 0.116742 0.402623 -0.881921 0.471397 -0.000000 234 22 22
-0.180133 0.100541 0.402623 -0.881921 0.471397 -0.000000 234 22 22
-0.001644 0.046397 0.402623 0.956941 -0.290284 0.000000 234 22 22
-0.185466 0.082961 0.108251 -0.952718 0.289003 -0.093834 234 22 22
-0.180133 0.100541 0.108251 -0.952718 0.289003 -0.093834 234 22 22
-0.178470 0.100541 0.091361 -0.952718 0.289003 -0.093834 234 22 22
-0.128728 -0.021899 0.101255 -0.290166 -0.956550 -0.028577 234 22 22
-0.187267 0.064679 0.108251 -0.990438 0.097551 -0.097548 234 22 22
-0.185466 0.082961 0.108251 -0.990438 0.097551 -0.097548 234 22 22
-0.183700 0.082961 0.090320 -0.990438 0.097551 -0.097548 234 22 22
-0.187267 0.064679 0.108251 -0.990438 -0.097548 -0.097550 234 22 22
-0.185466 0.064679 0.089969 -0.990438 -0.097548 -0.097550 234 22 22
-0.183700 0.046397 0.090320 -0.990438 -0.097548 -0.097550 234 22 22
-0.129417 0.151257 0.108251 -0.290165 0.956550 -0.028579 234 22 22
-0.111837 0.156590 0.108251 -0.290165 0.956550 -0.028579 234 22 22
-0.111486 0.156590 0.104685 -0.290165 0.956550 -0.028579 234 22 22
-0.185466 0.046397 0.108251 -0.952718 -0.289004 -0.093833 234 22 22
-0.183700 0.046397 0.090320 -0.952718 -0.289004 -0.093833 234 22 22
-0.178470 0.028817 0.091361 -0.952718 -0.289004 -0.093833 234 22 22
-0.145618 0.142597 0.108251 -0.470890 0.880972 -0.046376 234 22 22
-0.129417 0.151257 0.108251 -0.470890 0.880972 -0.046376 234 22 22
-0.128728 0.151257 0.101255 -0.470890 0.880972 -0.046376 234 22 22
-0.180133 0.028817 0.108251 -0.878614 -0.469627 -0.086533 234 22 22
-0.178470 0.028817 0.091361 -0.878614 -0.469627 -0.086533 234 22 22
-0.169976 0.012616 0.093050 -0.878614 -0.469627 -0.086533 234 22 22
-0.145618 0.142597 0.108251 -0.633158 0.771506 -0.062360 234 22 22
-0.144618 0.142597 0.098094 -0.633158 0.771506 -0.062360 234 22 22
-0.158546 0.130943 0.095324 -0.633158 0.771506 -0.062360 234 22 22
-0.171473 0.012616 0.108251 -0.770780 -0.632562 -0.075909 234 22 22
-0.169976 0.012616 0.093050 -0.770780 -0.632562 -0.075909 234 22 22
-0.158546 -0.001585 0.095324 -0.770780 -0.632562 -0.075909 234 22 22
-0.159819 0.130943 0.108251 -0.770780 0.632563 -0.075914 234 22 22
-0.158546 0.130943 0.095324 -0.770780 0.632563 -0.075914 234 22 22
-0.169976 0.116742 0.093050 -0.770780 0.632563 -0.075914 234 22 22
-0.159819 -0.001585 0.108251 -0.633159 -0.771506 -0.062358 234 22 22
-0.158546 -0.001585 0.095324 -0.633159 -0.771506 -0.062358 234 22 22
-0.144618 -0.013239 0.098094 -0.633159 -0.771506 -0.062358 234 22 22
-0.171473 0.116742 0.108251 -0.878614 0.469627 -0.086535 234 22 22
-0.169976 0.116742 0.093050 -0.878614 0.469627 -0.086535 234 22 22
-0.178470 0.100541 0.091361 -0.878614 0.469627 -0.086535 234 22 22
-0.145618 -0.013239 0.108251 -0.470889 -0.880972 -0.046379 234 22 22
-0.144618 -0.013239 0.098094 -0.470889 -0.880972 -0.046379 234 22 22
-0.128728 -0.021899 0.101255 -0.470889 -0.880972 -0.046379 234 22 22
-0.144618 -0.013239 0.098094 -0.608827 -0.771506 -0.184686 234 22 22
-0.158546 -0.001585 0.095324 -0.608827 -0.771506 -0.184686 234 22 22
-0.154775 -0.001585 0.082893 -0.608827 -0.771506 -0.184686 234 22 22
-0.165542 0.116742 0.078433 -0.844849 0.469627 -0.256283 234 22 22
-0.141655 -0.013239 0.088327 -0.452793 -0.880972 -0.137353 234 22 22
-0.178470 0.100541 0.091361 -0.916105 0.289005 -0.277898 234 22 22
-0.173543 0.100541 0.075119 -0.916105 0.289005 -0.277898 234 22 22
-0.178470 0.082961 0.073078 -0.916105 0.289005 -0.277898 234 22 22
-0.128728 -0.021899 0.101255 -0.279015 -0.956550 -0.084638 234 22 22
-0.126687 -0.021899 0.094528 -0.279015 -0.956550 -0.084638 234 22 22
-0.110446 -0.027232 0.101255 -0.279015 -0.956550 -0.084638 234 22 22
-0.185466 0.064679 0.089969 -0.952376 0.097548 -0.288900 234 22 22
-0.183700 0.082961 0.090320 -0.952376 0.097548 -0.288900 234 22 22
-0.178470 0.082961 0.073078 -0.952376 0.097548 -0.288900 234 22 22
-0.185466 0.064679 0.089969 -0.952377 -0.097549 -0.288899 234 22 22
-0.180133 0.064679 0.072389 -0.952377 -0.097549 -0.288899 234 22 22
-0.178470 0.046397 0.073078 -0.952377 -0.097549 -0.288899 234 22 22
-0.128728 0.151257 0.101255 -0.279014 0.956550 -0.084636 234 22 22
-0.111486 0.156590 0.104685 -0.279014 0.956550 -0.084636 234 22 22
-0.110446 0.156590 0.101255 -0.279014 0.956550 -0.084636 234 22 22
-0.178470 0.028817 0.091361 -0.916106 -0.289004 -0.277898 234 22 22
-0.183700 0.046397 0.090320 -0.916106 -0.289004 -0.277898 234 22 22
-0.178470 0.046397 0.073078 -0.916106 -0.289004 -0.277898 234 22 22
-0.128728 0.151257 0.101255 -0.452793 0.880972 -0.137354 234 22 22
-0.126687 0.151257 0.094528 -0.452793 0.880972 -0.137354 234 22 22
-0.141655 0.142597 0.088327 -0.452793 0.880972 -0.137354 234 22 22
-0.178470 0.028817 0.091361 -0.844849 -0.469627 -0.256283 234 22 22
-0.144618 0.142597 0.098094 -0.608827 0.771506 -0.184685 234 22 22
-0.141655 0.142597 0.088327 -0.608827 0.771506 -0.184685 234 22 22
-0.154775 0.130943 0.082893 -0.608827 0.771506 -0.184685 234 22 22
-0.169976 0.012616 0.093050 -0.741159 -0.632562 -0.224829 234 22 22
-0.165542 0.012616 0.078433 -0.741159 -0.632562 -0.224829 234 22 22
-0.154775 -0.001585 0.082893 -0.741159 -0.632562 -0.224829 234 22 22
-0.158546 0.130943 0.095324 -0.741159 0.632562 -0.224828 234 22 22
-0.154775 0.130943 0.082893 -0.741159 0.632562 -0.224828 234 22 22
-0.165542 0.116742 0.078433 -0.741159 0.632562 -0.224828 234 22 22
-0.173543 0.028817 0.075119 -0.844288 -0.289005 -0.451281 234 22 22
-0.178470 0.046397 0.073078 -0.844288 -0.289005 -0.451281 234 22 22
-0.169976 0.046397 0.057188 -0.844288 -0.289005 -0.451281 234 22 22
-0.126687 0.151257 0.094528 -0.417297 0.880972 -0.223050 234 22 22
-0.165542 0.012616 0.078433 -0.778619 -0.469627 -0.416178 234 22 22
-0.173543 0.028817 0.075119 -0.778619 -0.469627 -0.416178 234 22 22
-0.165542 0.028817 0.060151 -0.778619 -0.469627 -0.416178 234 22 22
-0.141655 0.142597 0.088327 -0.561098 0.771506 -0.299913 234 22 22
-0.158342 0.012616 0.064962 -0.683056 -0.632562 -0.365101 234 22 22
-0.165542 0.116742 0.078433 -0.683056 0.632563 -0.365101 234 22 22
-0.154775 0.130943 0.082893 -0.683056 0.632563 -0.365101 234 22 22
-0.148652 0.130943 0.071437 -0.683056 0.632563 -0.365101 234 22 22
-0.154775 -0.001585 0.082893 -0.561098 -0.771506 -0.299913 234 22 22
-0.165542 0.116742 0.078433 -0.778617 0.469628 -0.416179 234 22 22
-0.158342 0.116742 0.064962 -0.778617 0.469628 -0.416179 234 22 22
-0.165542 0.100541 0.060151 -0.778617 0.469628 -0.416179 234 22 22
-0.141655 -0.013239 0.088327 -0.417297 -0.880972 -0.223049 234 22 22
-0.136844 -0.013239 0.079326 -0.417297 -0.880972 -0.223049 234 22 22
-0.123373 -0.021899 0.088327 -0.417297 -0.880972 -0.223049 234 22 22
-0.173543 0.100541 0.075119 -0.844289 0.289004 -0.451280 234 22 22
-0.165542 0.100541 0.060151 -0.844289 0.289004 -0.451280 234 22 22
-0.169976 0.082961 0.057188 -0.844289 0.289004 -0.451280 234 22 22
-0.126687 -0.021899 0.094528 -0.257142 -0.956550 -0.137444 234 22 22
-0.178470 0.082961 0.073078 -0.877715 0.097550 -0.469148 234 22 22
-0.171473 0.064679 0.056188 -0.877715 -0.097550 -0.469148 234 22 22
-0.110446 0.156590 0.101255 -0.257140 0.956550 -0.137445 234 22 22
-0.108756 0.156590 0.098094 -0.257140 0.956550 -0.137445 234 22 22
-0.123373 0.151257 0.088327 -0.257140 0.956550 -0.137445 234 22 22
-0.123373 -0.021899 0.088327 -0.365764 -0.880972 -0.300174 234 22 22
-0.136844 -0.013239 0.079326 -0.365764 -0.880972 -0.300174 234 22 22
-0.130369 -0.013239 0.071437 -0.365764 -0.880972 -0.300174 234 22 22
-0.165542 0.100541 0.060151 -0.740024 0.289005 -0.607323 234 22 22
-0.154775 0.100541 0.047031 -0.740024 0.289005 -0.607323 234 22 22
-0.158546 0.082961 0.043260 -0.740024 0.289005 -0.607323 234 22 22
-0.108756 -0.027232 0.098094 -0.225386 -0.956550 -0.184970 234 22 22
-0.123373 -0.021899 0.088327 -0.225386 -0.956550 -0.184970 234 22 22
-0.118913 -0.021899 0.082893 -0.225386 -0.956550 -0.184970 234 22 22
-0.169976 0.082961 0.057188 -0.769325 0.097548 -0.631367 234 22 22
-0.158546 0.082961 0.043260 -0.769325 0.097548 -0.631367 234 22 22
-0.159819 0.064679 0.041987 -0.769325 0.097548 -0.631367 234 22 22
-0.171473 0.064679 0.056188 -0.769323 -0.097548 -0.631368 234 22 22
-0.159819 0.064679 0.041987 -0.769323 -0.097548 -0.631368 234 22 22
-0.158546 0.046397 0.043260 -0.769323 -0.097548 -0.631368 234 22 22
-0.108756 0.156590 0.098094 -0.225387 0.956550 -0.184968 234 22 22
-0.106483 0.156590 0.095324 -0.225387 0.956550 -0.184968 234 22 22
-0.118913 0.151257 0.082893 -0.225387 0.956550 -0.184968 234 22 22
-0.169976 0.046397 0.057188 -0.740025 -0.289005 -0.607321 234 22 22
-0.158546 0.046397 0.043260 -0.740025 -0.289005 -0.607321 234 22 22
-0.154775 0.028817 0.047031 -0.740025 -0.289005 -0.607321 234 22 22
-0.123373 0.151257 0.088327 -0.365763 0.880972 -0.300175 234 22 22
-0.118913 0.151257 0.082893 -0.365763 0.880972 -0.300175 234 22 22
-0.130369 0.142597 0.071437 -0.365763 0.880972 -0.300175 234 22 22
-0.158342 0.012616 0.064962 -0.682462 -0.469628 -0.560084 234 22 22
-0.165542 0.028817 0.060151 -0.682462 -0.469628 -0.560084 234 22 22
-0.154775 0.028817 0.047031 -0.682462 -0.469628 -0.560084 234 22 22
-0.136844 0.142597 0.079326 -0.491808 0.771505 -0.403615 234 22 22
-0.130369 0.142597 0.071437 -0.491808 0.771505 -0.403615 234 22 22
-0.140411 0.130943 0.061395 -0.491808 0.771505 -0.403615 234 22 22
-0.148652 -0.001585 0.071437 -0.598704 -0.632562 -0.491343 234 22 22
-0.158342 0.012616 0.064962 -0.598704 -0.632562 -0.491343 234 22 22
-0.148652 0.012616 0.053155 -0.598704 -0.632562 -0.491343 234 22 22
-0.158342 0.116742 0.064962 -0.598703 0.632562 -0.491345 234 22 22
-0.148652 0.130943 0.071437 -0.598703 0.632562 -0.491345 234 22 22
-0.140411 0.130943 0.061395 -0.598703 0.632562 -0.491345 234 22 22
-0.136844 -0.013239 0.079326 -0.491806 -0.771506 -0.403616 234 22 22
-0.148652 -0.001585 0.071437 -0.491806 -0.771506 -0.403616 234 22 22
-0.140411 -0.001585 0.061395 -0.491806 -0.771506 -0.403616 234 22 22
-0.158342 0.116742 0.064962 -0.682464 0.469628 -0.560083 234 22 22
-0.148652 0.116742 0.053155 -0.682464 0.469628 -0.560083 234 22 22
-0.154775 0.100541 0.047031 -0.682464 0.469628 -0.560083 234 22 22
-0.130369 0.142597 0.071437 -0.300176 0.880972 -0.365762 234 22 22
-0.118913 0.151257 0.082893 -0.300176 0.880972 -0.365762 234 22 22
-0.113479 0.151257 0.078433 -0.300176 0.880972 -0.365762 234 22 22
-0.154775 0.028817 0.047031 -0.560083 -0.469627 -0.682464 234 22 22
-0.130369 0.142597 0.071437 -0.403615 0.771506 -0.491806 234 22 22
-0.122480 0.142597 0.064962 -0.403615 0.771506 -0.491806 234 22 22
-0.130369 0.130943 0.053155 -0.403615 0.771506 -0.491806 234 22 22
-0.148652 0.012616 0.053155 -0.491343 -0.632562 -0.598704 234 22 22
-0.136844 0.012616 0.043465 -0.491343 -0.632562 -0.598704 234 22 22
-0.130369 -0.001585 0.053155 -0.491343 -0.632562 -0.598704 234 22 22
-0.148652 0.116742 0.053155 -0.491344 0.632563 -0.598702 234 22 22
-0.140411 0.130943 0.061395 -0.491344 0.632563 -0.598702 234 22 22
-0.130369 0.130943 0.053155 -0.491344 0.632563 -0.598702 234 22 22
-0.140411 -0.001585 0.061395 -0.403616 -0.771506 -0.491805 234 22 22
-0.130369 -0.001585 0.053155 -0.403616 -0.771506 -0.491805 234 22 22
-0.122480 -0.013239 0.064962 -0.403616 -0.771506 -0.491805 234 22 22
-0.136844 0.116742 0.043465 -0.560083 0.469627 -0.682464 234 22 22
-0.118913 -0.021899 0.082893 -0.300174 -0.880973 -0.365764 234 22 22
-0.130369 -0.013239 0.071437 -0.300174 -0.880973 -0.365764 234 22 22
-0.122480 -0.013239 0.064962 -0.300174 -0.880973 -0.365764 234 22 22
-0.158546 0.082961 0.043260 -0.607322 0.289005 -0.740024 234 22 22
-0.154775 0.100541 0.047031 -0.607322 0.289005 -0.740024 234 22 22
-0.141655 0.100541 0.036264 -0.607322 0.289005 -0.740024 234 22 22
-0.118913 -0.021899 0.082893 -0.184970 -0.956550 -0.225386 234 22 22
-0.113479 -0.021899 0.078433 -0.184970 -0.956550 -0.225386 234 22 22
-0.103712 -0.027232 0.093050 -0.184970 -0.956550 -0.225386 234 22 22
-0.158546 0.082961 0.043260 -0.631367 0.097550 -0.769324 234 22 22
-0.144618 0.082961 0.031830 -0.631367 0.097550 -0.769324 234 22 22
-0.145618 0.064679 0.030333 -0.631367 0.097550 -0.769324 234 22 22
-0.158546 0.046397 0.043260 -0.631369 -0.097548 -0.769323 234 22 22
-0.159819 0.064679 0.041987 -0.631369 -0.097548 -0.769323 234 22 22
-0.145618 0.064679 0.030333 -0.631369 -0.097548 -0.769323 234 22 22
-0.106483 0.156590 0.095324 -0.184967 0.956550 -0.225387 234 22 22
-0.103712 0.156590 0.093050 -0.184967 0.956550 -0.225387 234 22 22
-0.113479 0.151257 0.078433 -0.184967 0.956550 -0.225387 234 22 22
-0.158546 0.046397 0.043260 -0.607322 -0.289005 -0.740025 234 22 22
-0.144618 0.046397 0.031830 -0.607322 -0.289005 -0.740025 234 22 22
-0.141655 0.028817 0.036264 -0.607322 -0.289005 -0.740025 234 22 22
-0.144618 0.082961 0.031830 -0.451282 0.289005 -0.844287 234 22 22
-0.141655 0.100541 0.036264 -0.451282 0.289005 -0.844287 234 22 22
-0.126687 0.100541 0.028263 -0.451282 0.289005 -0.844287 234 22 22
-0.103712 -0.027232 0.093050 -0.137445 -0.956550 -0.257142 234 22 22
-0.113479 -0.021899 0.078433 -0.137445 -0.956550 -0.257142 234 22 22
-0.107279 -0.021899 0.075119 -0.137445 -0.956550 -0.257142 234 22 22
-0.144618 0.082961 0.031830 -0.469150 0.097548 -0.877714 234 22 22
-0.128728 0.082961 0.023337 -0.469150 0.097548 -0.877714 234 22 22
-0.129417 0.064679 0.021673 -0.469150 0.097548 -0.877714 234 22 22
-0.144618 0.046397 0.031830 -0.469148 -0.097550 -0.877715 234 22 22
-0.145618 0.064679 0.030333 -0.469148 -0.097550 -0.877715 234 22 22
-0.129417 0.064679 0.021673 -0.469148 -0.097550 -0.877715 234 22 22
-0.113479 0.151257 0.078433 -0.137446 0.956550 -0.257139 234 22 22
-0.103712 0.156590 0.093050 -0.137446 0.956550 -0.257139 234 22 22
-0.100551 0.156590 0.091361 -0.137446 0.956550 -0.257139 234 22 22
-0.144618 0.046397 0.031830 -0.451282 -0.289005 -0.844287 234 22 22
-0.128728 0.046397 0.023337 -0.451282 -0.289005 -0.844287 234 22 22
-0.126687 0.028817 0.028263 -0.451282 -0.289005 -0.844287 234 22 22
-0.113479 0.151257 0.078433 -0.223048 0.880972 -0.417298 234 22 22
-0.107279 0.151257 0.075119 -0.223048 0.880972 -0.417298 234 22 22
-0.113479 0.142597 0.060151 -0.223048 0.880972 -0.417298 234 22 22
-0.136844 0.012616 0.043465 -0.416181 -0.469627 -0.778617 234 22 22
-0.141655 0.028817 0.036264 -0.416181 -0.469627 -0.778617 234 22 22
-0.126687 0.028817 0.028263 -0.416181 -0.469627 -0.778617 234 22 22
-0.122480 0.142597 0.064962 -0.299912 0.771506 -0.561099 234 22 22
-0.113479 0.142597 0.060151 -0.299912 0.771506 -0.561099 234 22 22
-0.118913 0.130943 0.047031 -0.299912 0.771506 -0.561099 234 22 22
-0.130369 -0.001585 0.053155 -0.365101 -0.632562 -0.683057 234 22 22
-0.136844 0.012616 0.043465 -0.365101 -0.632562 -0.683057 234 22 22
-0.123373 0.012616 0.036264 -0.365101 -0.632562 -0.683057 234 22 22
-0.130369 0.130943 0.053155 -0.365099 0.632563 -0.683057 234 22 22
-0.118913 0.130943 0.047031 -0.365099 0.632563 -0.683057 234 22 22
-0.123373 0.116742 0.036264 -0.365099 0.632563 -0.683057 234 22 22
-0.122480 -0.013239 0.064962 -0.299911 -0.771506 -0.561099 234 22 22
-0.130369 -0.001585 0.053155 -0.299911 -0.771506 -0.561099 234 22 22
-0.118913 -0.001585 0.047031 -0.299911 -0.771506 -0.561099 234 22 22
-0.136844 0.116742 0.043465 -0.416179 0.469628 -0.778617 234 22 22
-0.123373 0.116742 0.036264 -0.416179 0.469628 -0.778617 234 22 22
-0.126687 0.100541 0.028263 -0.416179 0.469628 -0.778617 234 22 22
-0.113479 -0.021899 0.078433 -0.223050 -0.880972 -0.417297 234 22 22
-0.122480 -0.013239 0.064962 -0.223050 -0.880972 -0.417297 234 22 22
-0.113479 -0.013239 0.060151 -0.223050 -0.880972 -0.417297 234 22 22
-0.123373 0.012616 0.036264 -0.256283 -0.469628 -0.844848 234 22 22
-0.126687 0.028817 0.028263 -0.256283 -0.469628 -0.844848 234 22 22
-0.110446 0.028817 0.023337 -0.256283 -0.469628 -0.844848 234 22 22
-0.113479 0.142597 0.060151 -0.184686 0.771506 -0.608827 234 22 22
-0.103712 0.142597 0.057188 -0.184686 0.771506 -0.608827 234 22 22
-0.106483 0.130943 0.043260 -0.184686 0.771506 -0.608827 234 22 22
-0.123373 0.012616 0.036264 -0.224828 -0.632562 -0.741160 234 22 22
-0.108756 0.012616 0.031830 -0.224828 -0.632562 -0.741160 234 22 22
-0.106483 -0.001585 0.043260 -0.224828 -0.632562 -0.741160 234 22 22
-0.123373 0.116742 0.036264 -0.224829 0.632563 -0.741158 234 22 22
-0.118913 0.130943 0.047031 -0.224829 0.632563 -0.741158 234 22 22
-0.106483 0.130943 0.043260 -0.224829 0.632563 -0.741158 234 22 22
-0.118913 -0.001585 0.047031 -0.184687 -0.771505 -0.608827 234 22 22
-0.106483 -0.001585 0.043260 -0.184687 -0.771505 -0.608827 234 22 22
-0.103712 -0.013239 0.057188 -0.184687 -0.771505 -0.608827 234 22 22
-0.123373 0.116742 0.036264 -0.256281 0.469630 -0.844848 234 22 22
-0.108756 0.116742 0.031830 -0.256281 0.469630 -0.844848 234 22 22
-0.110446 0.100541 0.023337 -0.256281 0.469630 -0.844848 234 22 22
-0.107279 -0.021899 0.075119 -0.137354 -0.880972 -0.452793 234 22 22
-0.113479 -0.013239 0.060151 -0.137354 -0.880972 -0.452793 234 22 22
-0.103712 -0.013239 0.057188 -0.137354 -0.880972 -0.452793 234 22 22
-0.128728 0.082961 0.023337 -0.277899 0.289006 -0.916105 234 22 22
-0.126687 0.100541 0.028263 -0.277899 0.289006 -0.916105 234 22 22
-0.110446 0.100541 0.023337 -0.277899 0.289006 -0.916105 234 22 22
-0.107279 -0.021899 0.075119 -0.084638 -0.956550 -0.279015 234 22 22
-0.100551 -0.021899 0.073078 -0.084638 -0.956550 -0.279015 234 22 22
-0.097122 -0.027232 0.090320 -0.084638 -0.956550 -0.279015 234 22 22
-0.128728 0.082961 0.023337 -0.288898 0.097551 -0.952377 234 22 22
-0.111486 0.082961 0.018106 -0.288898 0.097551 -0.952377 234 22 22
-0.111837 0.064679 0.016340 -0.288898 0.097551 -0.952377 234 22 22
-0.128728 0.046397 0.023337 -0.288901 -0.097548 -0.952376 234 22 22
-0.129417 0.064679 0.021673 -0.288901 -0.097548 -0.952376 234 22 22
-0.111837 0.064679 0.016340 -0.288901 -0.097548 -0.952376 234 22 22
-0.100551 0.156590 0.091361 -0.084638 0.956550 -0.279014 234 22 22
-0.128728 0.046397 0.023337 -0.277896 -0.289002 -0.916107 234 22 22
-0.111486 0.046397 0.018106 -0.277896 -0.289002 -0.916107 234 22 22
-0.110446 0.028817 0.023337 -0.277896 -0.289002 -0.916107 234 22 22
-0.107279 0.151257 0.075119 -0.137353 0.880972 -0.452794 234 22 22
-0.100551 0.151257 0.073078 -0.137353 0.880972 -0.452794 234 22 22
-0.103712 0.142597 0.057188 -0.137353 0.880972 -0.452794 234 22 22
-0.100551 -0.021899 0.073078 -0.028579 -0.956550 -0.290165 234 22 22
-0.093555 -0.021899 0.072389 -0.028579 -0.956550 -0.290165 234 22 22
-0.093555 -0.027232 0.089969 -0.028579 -0.956550 -0.290165 234 22 22
-0.111486 0.082961 0.018106 -0.097550 0.097547 -0.990439 234 22 22
-0.093555 0.082961 0.016340 -0.097550 0.097547 -0.990439 234 22 22
-0.093555 0.064679 0.014540 -0.097550 0.097547 -0.990439 234 22 22
-0.111486 0.046397 0.018106 -0.097547 -0.097551 -0.990439 234 22 22
-0.111837 0.064679 0.016340 -0.097547 -0.097551 -0.990439 234 22 22
-0.093555 0.064679 0.014540 -0.097547 -0.097551 -0.990439 234 22 22
-0.097122 0.156590 0.090320 -0.028576 0.956550 -0.290164 234 22 22
-0.093555 0.156590 0.089969 -0.028576 0.956550 -0.290164 234 22 22
-0.093555 0.151257 0.072389 -0.028576 0.956550 -0.290164 234 22 22
-0.111486 0.046397 0.018106 -0.093835 -0.289005 -0.952718 234 22 22
-0.093555 0.046397 0.016340 -0.093835 -0.289005 -0.952718 234 22 22
-0.093555 0.028817 0.021673 -0.093835 -0.289005 -0.952718 234 22 22
-0.100551 0.151257 0.073078 -0.046380 0.880971 -0.470891 234 22 22
-0.093555 0.151257 0.072389 -0.046380 0.880971 -0.470891 234 22 22
-0.093555 0.142597 0.056188 -0.046380 0.880971 -0.470891 234 22 22
-0.108756 0.012616 0.031830 -0.086534 -0.469630 -0.878612 234 22 22
-0.110446 0.028817 0.023337 -0.086534 -0.469630 -0.878612 234 22 22
-0.093555 0.028817 0.021673 -0.086534 -0.469630 -0.878612 234 22 22
-0.103712 0.142597 0.057188 -0.062358 0.771506 -0.633159 234 22 22
-0.093555 0.142597 0.056188 -0.062358 0.771506 -0.633159 234 22 22
-0.093555 0.130943 0.041987 -0.062358 0.771506 -0.633159 234 22 22
-0.106483 -0.001585 0.043260 -0.075915 -0.632562 -0.770780 234 22 22
-0.108756 0.012616 0.031830 -0.075915 -0.632562 -0.770780 234 22 22
-0.093555 0.012616 0.030333 -0.075915 -0.632562 -0.770780 234 22 22
-0.106483 0.130943 0.043260 -0.075913 0.632563 -0.770779 234 22 22
-0.093555 0.130943 0.041987 -0.075913 0.632563 -0.770779 234 22 22
-0.093555 0.116742 0.030333 -0.075913 0.632563 -0.770779 234 22 22
-0.103712 -0.013239 0.057188 -0.062359 -0.771505 -0.633159 234 22 22
-0.106483 -0.001585 0.043260 -0.062359 -0.771505 -0.633159 234 22 22
-0.093555 -0.001585 0.041987 -0.062359 -0.771505 -0.633159 234 22 22
-0.108756 0.116742 0.031830 -0.086536 0.469628 -0.878613 234 22 22
-0.093555 0.116742 0.030333 -0.086536 0.469628 -0.878613 234 22 22
-0.093555 0.100541 0.021673 -0.086536 0.469628 -0.878613 234 22 22
-0.100551 -0.021899 0.073078 -0.046377 -0.880972 -0.470889 234 22 22
-0.103712 -0.013239 0.057188 -0.046377 -0.880972 -0.470889 234 22 22
-0.093555 -0.013239 0.056188 -0.046377 -0.880972 -0.470889 234 22 22
-0.111486 0.082961 0.018106 -0.093832 0.289002 -0.952719 234 22 22
-0.110446 0.100541 0.023337 -0.093832 0.289002 -0.952719 234 22 22
-0.093555 0.100541 0.021673 -0.093832 0.289002 -0.952719 234 22 22
-0.093555 0.130943 0.041987 0.062358 0.771506 -0.633159 234 22 22
-0.093555 0.142597 0.056188 0.062358 0.771506 -0.633159 234 22 22
-0.083398 0.142597 0.057188 0.062358 0.771506 -0.633159 234 22 22
-0.093555 0.012616 0.030333 0.075915 -0.632562 -0.770780 234 22 22
-0.078354 0.012616 0.031830 0.075915 -0.632562 -0.770780 234 22 22
-0.080628 -0.001585 0.043260 0.075915 -0.632562 -0.770780 234 22 22
-0.093555 0.116742 0.030333 0.075913 0.632563 -0.770779 234 22 22
-0.093555 0.130943 0.041987 0.075913 0.632563 -0.770779 234 22 22
-0.080628 0.130943 0.043260 0.075913 0.632563 -0.770779 234 22 22
-0.093555 -0.001585 0.041987 0.062359 -0.771505 -0.633159 234 22 22
-0.080628 -0.001585 0.043260 0.062359 -0.771505 -0.633159 234 22 22
-0.083398 -0.013239 0.057188 0.062359 -0.771505 -0.633159 234 22 22
-0.093555 0.100541 0.021673 0.086536 0.469628 -0.878613 234 22 22
-0.093555 0.116742 0.030333 0.086536 0.469628 -0.878613 234 22 22
-0.078354 0.116742 0.031830 0.086536 0.469628 -0.878613 234 22 22
-0.093555 -0.013239 0.056188 0.046377 -0.880972 -0.470889 234 22 22
-0.083398 -0.013239 0.057188 0.046377 -0.880972 -0.470889 234 22 22
-0.086559 -0.021899 0.073078 0.046377 -0.880972 -0.470889 234 22 22
-0.093555 0.082961 0.016340 0.093832 0.289005 -0.952718 234 22 22
-0.093555 0.100541 0.021673 0.093832 0.289005 -0.952718 234 22 22
-0.076665 0.100541 0.023337 0.093832 0.289005 -0.952718 234 22 22
-0.093555 -0.027232 0.089969 0.028579 -0.956550 -0.290166 234 22 22
-0.093555 -0.021899 0.072389 0.028579 -0.956550 -0.290166 234 22 22
-0.086559 -0.021899 0.073078 0.028579 -0.956550 -0.290166 234 22 22
-0.093555 0.064679 0.014540 0.097550 0.097547 -0.990439 234 22 22
-0.093555 0.082961 0.016340 0.097550 0.097547 -0.990439 234 22 22
-0.075624 0.082961 0.018106 0.097550 0.097547 -0.990439 234 22 22
-0.093555 0.064679 0.014540 0.097547 -0.097551 -0.990439 234 22 22
-0.075273 0.064679 0.016340 0.097547 -0.097551 -0.990439 234 22 22
-0.075624 0.046397 0.018106 0.097547 -0.097551 -0.990439 234 22 22
-0.093555 0.151257 0.072389 0.028576 0.956550 -0.290164 234 22 22
-0.093555 0.156590 0.089969 0.028576 0.956550 -0.290164 234 22 22
-0.089988 0.156590 0.090320 0.028576 0.956550 -0.290164 234 22 22
-0.093555 0.046397 0.016340 0.093835 -0.289002 -0.952719 234 22 22
-0.075624 0.046397 0.018106 0.093835 -0.289002 -0.952719 234 22 22
-0.076665 0.028817 0.023337 0.093835 -0.289002 -0.952719 234 22 22
-0.093555 0.142597 0.056188 0.046379 0.880971 -0.470891 234 22 22
-0.093555 0.151257 0.072389 0.046379 0.880971 -0.470891 234 22 22
-0.086559 0.151257 0.073078 0.046379 0.880971 -0.470891 234 22 22
-0.093555 0.028817 0.021673 0.086534 -0.469630 -0.878612 234 22 22
-0.076665 0.028817 0.023337 0.086534 -0.469630 -0.878612 234 22 22
-0.078354 0.012616 0.031830 0.086534 -0.469630 -0.878612 234 22 22
-0.075273 0.064679 0.016340 0.288898 0.097551 -0.952377 234 22 22
-0.075624 0.082961 0.018106 0.288898 0.097551 -0.952377 234 22 22
-0.058382 0.082961 0.023337 0.288898 0.097551 -0.952377 234 22 22
-0.075273 0.064679 0.016340 0.288901 -0.097548 -0.952376 234 22 22
-0.057693 0.064679 0.021673 0.288901 -0.097548 -0.952376 234 22 22
-0.058382 0.046397 0.023337 0.288901 -0.097548 -0.952376 234 22 22
-0.089988 0.156590 0.090320 0.084638 0.956550 -0.279014 234 22 22
-0.075624 0.046397 0.018106 0.277895 -0.289006 -0.916106 234 22 22
-0.058382 0.046397 0.023337 0.277895 -0.289006 -0.916106 234 22 22
-0.060423 0.028817 0.028263 0.277895 -0.289006 -0.916106 234 22 22
-0.079831 0.151257 0.075119 0.137354 0.880972 -0.452794 234 22 22
-0.078354 0.012616 0.031830 0.256283 -0.469630 -0.844847 234 22 22
-0.076665 0.028817 0.023337 0.256283 -0.469630 -0.844847 234 22 22
-0.060423 0.028817 0.028263 0.256283 -0.469630 -0.844847 234 22 22
-0.073631 0.142597 0.060151 0.184685 0.771506 -0.608827 234 22 22
-0.063737 0.012616 0.036264 0.224828 -0.632562 -0.741160 234 22 22
-0.068197 0.130943 0.047031 0.224828 0.632562 -0.741160 234 22 22
-0.080628 -0.001585 0.043260 0.184685 -0.771506 -0.608827 234 22 22
-0.068197 -0.001585 0.047031 0.184685 -0.771506 -0.608827 234 22 22
-0.073631 -0.013239 0.060151 0.184685 -0.771506 -0.608827 234 22 22
-0.078354 0.116742 0.031830 0.256281 0.469628 -0.844849 234 22 22
-0.063737 0.116742 0.036264 0.256281 0.469628 -0.844849 234 22 22
-0.060423 0.100541 0.028263 0.256281 0.469628 -0.844849 234 22 22
-0.086559 -0.021899 0.073078 0.137354 -0.880972 -0.452793 234 22 22
-0.083398 -0.013239 0.057188 0.137354 -0.880972 -0.452793 234 22 22
-0.073631 -0.013239 0.060151 0.137354 -0.880972 -0.452793 234 22 22
-0.075624 0.082961 0.018106 0.277900 0.289002 -0.916106 234 22 22
-0.076665 0.100541 0.023337 0.277900 0.289002 -0.916106 234 22 22
-0.060423 0.100541 0.028263 0.277900 0.289002 -0.916106 234 22 22
-0.086559 -0.021899 0.073078 0.084638 -0.956550 -0.279014 234 22 22
-0.063737 0.012616 0.036264 0.365101 -0.632562 -0.683057 234 22 22
-0.068197 0.130943 0.047031 0.365101 0.632562 -0.683056 234 22 22
-0.056741 0.130943 0.053155 0.365101 0.632562 -0.683056 234 22 22
-0.050266 0.116742 0.043465 0.365101 0.632562 -0.683056 234 22 22
-0.068197 -0.001585 0.047031 0.299913 -0.771505 -0.561099 234 22 22
-0.056741 -0.001585 0.053155 0.299913 -0.771505 -0.561099 234 22 22
-0.064630 -0.013239 0.064962 0.299913 -0.771505 -0.561099 234 22 22
-0.050266 0.116742 0.043465 0.416179 0.469628 -0.778617 234 22 22
-0.079831 -0.021899 0.075119 0.223049 -0.880972 -0.417297 234 22 22
-0.073631 -0.013239 0.060151 0.223049 -0.880972 -0.417297 234 22 22
-0.064630 -0.013239 0.064962 0.223049 -0.880972 -0.417297 234 22 22
-0.060423 0.100541 0.028263 0.451281 0.289004 -0.844288 234 22 22
-0.045455 0.100541 0.036264 0.451281 0.289004 -0.844288 234 22 22
-0.042492 0.082961 0.031830 0.451281 0.289004 -0.844288 234 22 22
-0.079831 -0.021899 0.075119 0.137445 -0.956550 -0.257141 234 22 22
-0.073631 -0.021899 0.078433 0.137445 -0.956550 -0.257141 234 22 22
-0.083398 -0.027232 0.093050 0.137445 -0.956550 -0.257141 234 22 22
-0.057693 0.064679 0.021673 0.469150 0.097548 -0.877714 234 22 22
-0.058382 0.082961 0.023337 0.469150 0.097548 -0.877714 234 22 22
-0.042492 0.082961 0.031830 0.469150 0.097548 -0.877714 234 22 22
-0.057693 0.064679 0.021673 0.469148 -0.097550 -0.877715 234 22 22
-0.041492 0.064679 0.030333 0.469148 -0.097550 -0.877715 234 22 22
-0.042492 0.046397 0.031830 0.469148 -0.097550 -0.877715 234 22 22
-0.086559 0.156590 0.091361 0.137446 0.956550 -0.257139 234 22 22
-0.083398 0.156590 0.093050 0.137446 0.956550 -0.257139 234 22 22
-0.073631 0.151257 0.078433 0.137446 0.956550 -0.257139 234 22 22
-0.058382 0.046397 0.023337 0.451283 -0.289004 -0.844287 234 22 22
-0.042492 0.046397 0.031830 0.451283 -0.289004 -0.844287 234 22 22
-0.045455 0.028817 0.036264 0.451283 -0.289004 -0.844287 234 22 22
-0.079831 0.151257 0.075119 0.223049 0.880972 -0.417298 234 22 22
-0.045455 0.028817 0.036264 0.416179 -0.469628 -0.778617 234 22 22
-0.073631 0.142597 0.060151 0.299912 0.771505 -0.561099 234 22 22
-0.064630 0.142597 0.064962 0.299912 0.771505 -0.561099 234 22 22
-0.056741 0.130943 0.053155 0.299912 0.771505 -0.561099 234 22 22
-0.041492 0.064679 0.030333 0.631366 -0.097552 -0.769325 234 22 22
-0.027291 0.064679 0.041987 0.631366 -0.097552 -0.769325 234 22 22
-0.028564 0.046397 0.043260 0.631366 -0.097552 -0.769325 234 22 22
-0.073631 0.151257 0.078433 0.184967 0.956550 -0.225387 234 22 22
-0.083398 0.156590 0.093050 0.184967 0.956550 -0.225387 234 22 22
-0.080628 0.156590 0.095324 0.184967 0.956550 -0.225387 234 22 22
-0.028564 0.046397 0.043260 0.607322 -0.289004 -0.740025 234 22 22
-0.073631 0.151257 0.078433 0.300176 0.880972 -0.365763 234 22 22
-0.068197 0.151257 0.082893 0.300176 0.880972 -0.365763 234 22 22
-0.056741 0.142597 0.071437 0.300176 0.880972 -0.365763 234 22 22
-0.032335 0.028817 0.047031 0.560083 -0.469628 -0.682464 234 22 22
-0.056741 0.130943 0.053155 0.403616 0.771505 -0.491806 234 22 22
-0.064630 0.142597 0.064962 0.403616 0.771505 -0.491806 234 22 22
-0.056741 0.142597 0.071437 0.403616 0.771505 -0.491806 234 22 22
-0.056741 -0.001585 0.053155 0.491343 -0.632562 -0.598704 234 22 22
-0.050266 0.012616 0.043465 0.491343 -0.632562 -0.598704 234 22 22
-0.038459 0.012616 0.053155 0.491343 -0.632562 -0.598704 234 22 22
-0.056741 0.130943 0.053155 0.491344 0.632563 -0.598702 234 22 22
-0.046699 0.130943 0.061395 0.491344 0.632563 -0.598702 234 22 22
-0.038459 0.116742 0.053155 0.491344 0.632563 -0.598702 234 22 22
-0.056741 -0.001585 0.053155 0.403617 -0.771505 -0.491807 234 22 22
-0.046699 -0.001585 0.061395 0.403617 -0.771505 -0.491807 234 22 22
-0.056741 -0.013239 0.071437 0.403617 -0.771505 -0.491807 234 22 22
-0.050266 0.116742 0.043465 0.560083 0.469628 -0.682464 234 22 22
-0.038459 0.116742 0.053155 0.560083 0.469628 -0.682464 234 22 22
-0.032335 0.100541 0.047031 0.560083 0.469628 -0.682464 234 22 22
-0.064630 -0.013239 0.064962 0.300175 -0.880973 -0.365763 234 22 22
-0.045455 0.100541 0.036264 0.607322 0.289003 -0.740025 234 22 22
-0.032335 0.100541 0.047031 0.607322 0.289003 -0.740025 234 22 22
-0.028564 0.082961 0.043260 0.607322 0.289003 -0.740025 234 22 22
-0.073631 -0.021899 0.078433 0.184970 -0.956550 -0.225386 234 22 22
-0.042492 0.082961 0.031830 0.631367 0.097551 -0.769324 234 22 22
-0.028564 0.082961 0.043260 0.631367 0.097551 -0.769324 234 22 22
-0.027291 0.064679 0.041987 0.631367 0.097551 -0.769324 234 22 22
-0.046699 -0.001585 0.061395 0.491806 -0.771506 -0.403616 234 22 22
-0.038459 -0.001585 0.071437 0.491806 -0.771506 -0.403616 234 22 22
-0.050266 -0.013239 0.079326 0.491806 -0.771506 -0.403616 234 22 22
-0.038459 0.116742 0.053155 0.682463 0.469628 -0.560084 234 22 22
-0.056741 -0.013239 0.071437 0.365764 -0.880972 -0.300174 234 22 22
-0.050266 -0.013239 0.079326 0.365764 -0.880972 -0.300174 234 22 22
-0.063737 -0.021899 0.088327 0.365764 -0.880972 -0.300174 234 22 22
-0.028564 0.082961 0.043260 0.740024 0.289003 -0.607323 234 22 22
-0.032335 0.100541 0.047031 0.740024 0.289003 -0.607323 234 22 22
-0.021568 0.100541 0.060151 0.740024 0.289003 -0.607323 234 22 22
-0.068197 -0.021899 0.082893 0.225386 -0.956550 -0.184970 234 22 22
-0.063737 -0.021899 0.088327 0.225386 -0.956550 -0.184970 234 22 22
-0.078354 -0.027232 0.098094 0.225386 -0.956550 -0.184970 234 22 22
-0.028564 0.082961 0.043260 0.769324 0.097549 -0.631368 234 22 22
-0.017134 0.082961 0.057188 0.769324 0.097549 -0.631368 234 22 22
-0.015637 0.064679 0.056188 0.769324 0.097549 -0.631368 234 22 22
-0.027291 0.064679 0.041987 0.769325 -0.097549 -0.631366 234 22 22
-0.015637 0.064679 0.056188 0.769325 -0.097549 -0.631366 234 22 22
-0.017134 0.046397 0.057188 0.769325 -0.097549 -0.631366 234 22 22
-0.080628 0.156590 0.095324 0.225386 0.956550 -0.184968 234 22 22
-0.078354 0.156590 0.098094 0.225386 0.956550 -0.184968 234 22 22
-0.063737 0.151257 0.088327 0.225386 0.956550 -0.184968 234 22 22
-0.017134 0.046397 0.057188 0.740024 -0.289004 -0.607323 234 22 22
-0.068197 0.151257 0.082893 0.365764 0.880972 -0.300175 234 22 22
-0.032335 0.028817 0.047031 0.682464 -0.469627 -0.560084 234 22 22
-0.021568 0.028817 0.060151 0.682464 -0.469627 -0.560084 234 22 22
-0.028768 0.012616 0.064962 0.682464 -0.469627 -0.560084 234 22 22
-0.046699 0.130943 0.061395 0.491807 0.771505 -0.403615 234 22 22
-0.056741 0.142597 0.071437 0.491807 0.771505 -0.403615 234 22 22
-0.050266 0.142597 0.079326 0.491807 0.771505 -0.403615 234 22 22
-0.038459 0.012616 0.053155 0.598703 -0.632563 -0.491344 234 22 22
-0.028768 0.012616 0.064962 0.598703 -0.632563 -0.491344 234 22 22
-0.038459 -0.001585 0.071437 0.598703 -0.632563 -0.491344 234 22 22
-0.046699 0.130943 0.061395 0.598703 0.632563 -0.491345 234 22 22
-0.038459 0.130943 0.071437 0.598703 0.632563 -0.491345 234 22 22
-0.028768 0.116742 0.064962 0.598703 0.632563 -0.491345 234 22 22
-0.078354 0.156590 0.098094 0.257141 0.956550 -0.137444 234 22 22
-0.076664 0.156590 0.101255 0.257141 0.956550 -0.137444 234 22 22
-0.060423 0.151257 0.094527 0.257141 0.956550 -0.137444 234 22 22
-0.017134 0.046397 0.057188 0.844288 -0.289004 -0.451281 234 22 22
-0.063737 0.151257 0.088327 0.417297 0.880972 -0.223051 234 22 22
-0.021568 0.028817 0.060151 0.778617 -0.469627 -0.416179 234 22 22
-0.013567 0.028817 0.075119 0.778617 -0.469627 -0.416179 234 22 22
-0.021568 0.012616 0.078433 0.778617 -0.469627 -0.416179 234 22 22
-0.050266 0.142597 0.079326 0.561098 0.771505 -0.299914 234 22 22
-0.045455 0.142597 0.088327 0.561098 0.771505 -0.299914 234 22 22
-0.032335 0.130943 0.082893 0.561098 0.771505 -0.299914 234 22 22
-0.038459 -0.001585 0.071437 0.683056 -0.632563 -0.365101 234 22 22
-0.028768 0.012616 0.064962 0.683056 -0.632563 -0.365101 234 22 22
-0.021568 0.012616 0.078433 0.683056 -0.632563 -0.365101 234 22 22
-0.038459 0.130943 0.071437 0.683056 0.632563 -0.365100 234 22 22
-0.032335 0.130943 0.082893 0.683056 0.632563 -0.365100 234 22 22
-0.021568 0.116742 0.078433 0.683056 0.632563 -0.365100 234 22 22
-0.038459 -0.001585 0.071437 0.561099 -0.771505 -0.299913 234 22 22
-0.032335 -0.001585 0.082893 0.561099 -0.771505 -0.299913 234 22 22
-0.045455 -0.013239 0.088327 0.561099 -0.771505 -0.299913 234 22 22
-0.028768 0.116742 0.064962 0.778617 0.469628 -0.416180 234 22 22
-0.063737 -0.021899 0.088327 0.417297 -0.880972 -0.223050 234 22 22
-0.050266 -0.013239 0.079326 0.417297 -0.880972 -0.223050 234 22 22
-0.045455 -0.013239 0.088327 0.417297 -0.880972 -0.223050 234 22 22
-0.013567 0.100541 0.075119 0.844288 0.289003 -0.451281 234 22 22
-0.078354 -0.027232 0.098094 0.257142 -0.956550 -0.137444 234 22 22
-0.063737 -0.021899 0.088327 0.257142 -0.956550 -0.137444 234 22 22
-0.060423 -0.021899 0.094528 0.257142 -0.956550 -0.137444 234 22 22
-0.015637 0.064679 0.056188 0.877715 0.097550 -0.469149 234 22 22
-0.017134 0.082961 0.057188 0.877715 0.097550 -0.469149 234 22 22
-0.008640 0.082961 0.073078 0.877715 0.097550 -0.469149 234 22 22
-0.015637 0.064679 0.056188 0.877714 -0.097551 -0.469150 234 22 22
-0.006977 0.064679 0.072389 0.877714 -0.097551 -0.469150 234 22 22
-0.008640 0.046397 0.073078 0.877714 -0.097551 -0.469150 234 22 22
-0.021568 0.116742 0.078433 0.844848 0.469629 -0.256281 234 22 22
-0.017134 0.116742 0.093050 0.844848 0.469629 -0.256281 234 22 22
-0.008640 0.100541 0.091361 0.844848 0.469629 -0.256281 234 22 22
-0.045455 -0.013239 0.088327 0.452793 -0.880972 -0.137353 234 22 22
-0.008640 0.082961 0.073078 0.916106 0.289004 -0.277898 234 22 22
-0.013567 0.100541 0.075119 0.916106 0.289004 -0.277898 234 22 22
-0.008640 0.100541 0.091361 0.916106 0.289004 -0.277898 234 22 22
-0.058382 -0.021899 0.101255 0.279015 -0.956550 -0.084638 234 22 22
-0.003410 0.082961 0.090320 0.952376 0.097551 -0.288900 234 22 22
-0.001644 0.064679 0.089969 0.952376 -0.097551 -0.288900 234 22 22
-0.076664 0.156590 0.101255 0.279014 0.956550 -0.084639 234 22 22
-0.075624 0.156590 0.104685 0.279014 0.956550 -0.084639 234 22 22
-0.058382 0.151257 0.101255 0.279014 0.956550 -0.084639 234 22 22
-0.008640 0.046397 0.073078 0.916106 -0.289003 -0.277897 234 22 22
-0.003410 0.046397 0.090320 0.916106 -0.289003 -0.277897 234 22 22
-0.008640 0.028817 0.091361 0.916106 -0.289003 -0.277897 234 22 22
-0.060423 0.151257 0.094527 0.452794 0.880972 -0.137353 234 22 22
-0.058382 0.151257 0.101255 0.452794 0.880972 -0.137353 234 22 22
-0.042492 0.142597 0.098094 0.452794 0.880972 -0.137353 234 22 22
-0.013567 0.028817 0.075119 0.844848 -0.469629 -0.256282 234 22 22
-0.008640 0.028817 0.091361 0.844848 -0.469629 -0.256282 234 22 22
-0.017134 0.012616 0.093050 0.844848 -0.469629 -0.256282 234 22 22
-0.032335 0.130943 0.082893 0.608827 0.771505 -0.184686 234 22 22
-0.045455 0.142597 0.088327 0.608827 0.771505 -0.184686 234 22 22
-0.042492 0.142597 0.098094 0.608827 0.771505 -0.184686 234 22 22
-0.032335 -0.001585 0.082893 0.741159 -0.632563 -0.224827 234 22 22
-0.021568 0.012616 0.078433 0.741159 -0.632563 -0.224827 234 22 22
-0.017134 0.012616 0.093050 0.741159 -0.632563 -0.224827 234 22 22
-0.032335 0.130943 0.082893 0.741160 0.632562 -0.224830 234 22 22
-0.028564 0.130943 0.095324 0.741160 0.632562 -0.224830 234 22 22
-0.017134 0.116742 0.093050 0.741160 0.632562 -0.224830 234 22 22
-0.032335 -0.001585 0.082893 0.608826 -0.771506 -0.184687 234 22 22
-0.028564 -0.001585 0.095324 0.608826 -0.771506 -0.184687 234 22 22
-0.042492 -0.013239 0.098094 0.608826 -0.771506 -0.184687 234 22 22
-0.003410 0.046397 0.090320 0.952718 -0.289003 -0.093836 234 22 22
-0.001644 0.046397 0.108251 0.952718 -0.289003 -0.093836 234 22 22
-0.006977 0.028817 0.108251 0.952718 -0.289003 -0.093836 234 22 22
-0.057693 0.151257 0.108251 0.470890 0.880972 -0.046379 234 22 22
-0.017134 0.012616 0.093050 0.878613 -0.469629 -0.086537 234 22 22
-0.008640 0.028817 0.091361 0.878613 -0.469629 -0.086537 234 22 22
-0.006977 0.028817 0.108251 0.878613 -0.469629 -0.086537 234 22 22
-0.041492 0.142597 0.108251 0.633159 0.771506 -0.062361 234 22 22
-0.015637 0.012616 0.108251 0.770781 -0.632561 -0.075915 234 22 22
-0.017134 0.116742 0.093050 0.770780 0.632562 -0.075915 234 22 22
-0.028564 0.130943 0.095324 0.770780 0.632562 -0.075915 234 22 22
-0.027291 0.130943 0.108251 0.770780 0.632562 -0.075915 234 22 22
-0.042492 -0.013239 0.098094 0.633159 -0.771506 -0.062361 234 22 22
-0.028564 -0.001585 0.095324 0.633159 -0.771506 -0.062361 234 22 22
-0.027291 -0.001585 0.108251 0.633159 -0.771506 -0.062361 234 22 22
-0.017134 0.116742 0.093050 0.878612 0.469630 -0.086536 234 22 22
-0.015637 0.116742 0.108251 0.878612 0.469630 -0.086536 234 22 22
-0.006977 0.100541 0.108251 0.878612 0.469630 -0.086536 234 22 22
-0.058382 -0.021899 0.101255 0.470889 -0.880972 -0.046378 234 22 22
-0.042492 -0.013239 0.098094 0.470889 -0.880972 -0.046378 234 22 22
-0.041492 -0.013239 0.108251 0.470889 -0.880972 -0.046378 234 22 22
-0.003410 0.082961 0.090320 0.952718 0.289003 -0.093835 234 22 22
-0.008640 0.100541 0.091361 0.952718 0.289003 -0.093835 234 22 22
-0.006977 0.100541 0.108251 0.952718 0.289003 -0.093835 234 22 22
-0.058382 -0.021899 0.101255 0.290166 -0.956550 -0.028579 234 22 22
-0.057693 -0.021899 0.108251 0.290166 -0.956550 -0.028579 234 22 22
-0.075273 -0.027232 0.108251 0.290166 -0.956550 -0.028579 234 22 22
-0.003410 0.082961 0.090320 0.990560 0.096292 -0.097563 234 22 22
-0.001644 0.082961 0.108251 0.990560 0.096292 -0.097563 234 22 22
0.000133 0.064679 0.108251 0.990560 0.096292 -0.097563 234 22 22
-0.003410 0.046397 0.090320 0.990562 -0.097539 -0.096292 234 22 22
-0.001644 0.064679 0.089969 0.990562 -0.097539 -0.096292 234 22 22
0.000133 0.064679 0.108251 0.990562 -0.097539 -0.096292 234 22 22
-0.075624 0.156590 0.104685 0.290165 0.956550 -0.028577 234 22 22
-0.075273 0.156590 0.108251 0.290165 0.956550 -0.028577 234 22 22
-0.057693 0.151257 0.108251 0.290165 0.956550 -0.028577 234 22 22
-0.129417 -0.021899 0.108251 -0.471396 -0.881922 0.000000 234 22 22
-0.185466 0.082961 0.108251 -0.956940 0.290285 0.000000 234 22 22
-0.006977 0.028817 0.108251 0.881921 -0.471398 -0.000000 234 22 22
-0.187267 0.064679 0.108251 -0.995185 0.098016 0.000000 234 22 22
-0.187267 0.064679 0.108251 -0.995185 -0.098018 0.000000 234 22 22
-0.185466 0.046397 0.108251 -0.995185 -0.098018 0.000000 234 22 22
-0.185466 0.046397 0.402623 -0.995185 -0.098018 0.000000 234 22 22
-0.027291 -0.001585 0.108251 0.634394 -0.773010 -0.000000 234 22 22
-0.075273 0.156590 0.108251 0.290283 0.956941 -0.000000 234 22 22
-0.041492 0.142597 0.402623 0.634394 0.773010 -0.000000 234 22 22
-0.027291 0.130943 0.108251 0.773011 0.634392 -0.000000 234 22 22
-0.159819 -0.001585 0.108251 -0.773012 -0.634392 0.000000 234 22 22
-0.129417 0.151257 0.108251 -0.290283 0.956941 0.000000 234 22 22
-0.093555 0.158391 0.108251 0.098018 0.995185 -0.000000 234 22 22
-0.111837 0.156590 0.108251 -0.098018 0.995185 -0.000000 234 22 22
-0.159819 0.130943 0.108251 -0.634392 0.773011 0.000000 234 22 22
-0.001644 0.082961 0.108251 0.995309 0.096750 -0.000000 234 22 22
-0.180133 0.028817 0.108251 -0.956939 -0.290288 0.000000 234 22 22
-0.171473 0.116742 0.108251 -0.773011 0.634393 0.000000 234 22 22
0.000133 0.064679 0.108251 0.995309 -0.096751 -0.000000 234 22 22
-0.180133 0.100541 0.108251 -0.881921 0.471397 0.000000 234 22 22
-0.145618 -0.013239 0.108251 -0.634395 -0.773009 0.000000 234 22 22
-0.001644 0.046397 0.108251 0.956941 -0.290284 -0.000000 234 22 22
0.110100 0.128017 -0.602518 0.731983 0.681323 0.000000 255 255 255
0.110100 -0.036978 -0.645100 0.000000 -1.000000 0.000000 255 255 255
0.110100 0.128017 -0.602518 0.000000 1.000000 -0.000000 255 255 255
0.164084 0.021019 -0.602518 0.731983 -0.681323 0.000000 255 255 255
0.164084 0.070019 -0.645100 1.000000 0.000000 0.000000 255 255 255
0.000133 0.128017 -0.602518 0.000000 0.000000 1.000000 255 255 255
-0.163818 0.070019 -0.645100 0.000000 -0.000000 -1.000000 255 255 255
-0.109834 0.128017 -0.602518 -0.731983 0.681323 0.000000 255 255 255
-0.109834 -0.036978 -0.645100 0.000000 -1.000000 0.000000 255 255 255
-0.109834 0.128017 -0.602518 0.000000 1.000000 0.000000 255 255 255
-0.163818 0.021019 -0.602518 -0.731983 -0.681323 0.000000 255 255 255
-0.163818 0.070019 -0.645100 -1.000000 0.000000 0.000000 255 255 255
0.000133 -0.030457 0.000349 0.000000 -0.000000 -1.000000 255 255 255
0.110100 -0.036978 -0.379075 -0.000000 -1.000000 -0.000000 255 255 255
0.164084 0.070019 -0.379075 1.000000 0.000000 0.000000 255 255 255
0.164084 0.070019 0.027451 1.000000 0.000000 0.000000 255 255 255
0.164084 0.070019 -0.053855 1.000000 0.000000 0.000000 255 255 255
0.164084 0.070019 -0.108058 1.000000 0.000000 0.000000 255 255 255
0.164084 0.070019 -0.162261 1.000000 0.000000 0.000000 255 255 255
0.000133 0.121043 -0.135160 0.000000 -0.000000 1.000000 255 255 255
0.164084 0.070019 -0.216465 1.000000 0.000000 0.000000 255 255 255
0.164084 0.070019 -0.270668 1.000000 0.000000 0.000000 255 255 255
0.164084 0.070019 -0.324872 1.000000 0.000000 0.000000 255 255 255
0.164084 0.021019 -0.351973 0.731983 -0.681323 0.000000 255 255 255
0.164084 0.021019 -0.297770 0.731983 -0.681323 0.000000 255 255 255
0.164084 0.021019 -0.243567 0.731983 -0.681323 0.000000 255 255 255
0.164084 0.021019 -0.189363 0.731983 -0.681323 0.000000 255 255 255
0.000133 0.121043 -0.189363 0.000000 -0.000000 1.000000 255 255 255
0.164084 0.021019 -0.135160 0.731983 -0.681323 0.000000 255 255 255
0.164084 0.021019 -0.080956 0.731983 -0.681323 0.000000 255 255 255
0.164084 0.021019 -0.026753 0.731983 -0.681323 0.000000 255 255 255
0.110100 0.128017 -0.351973 0.000000 1.000000 -0.000000 255 255 255
0.110100 0.128017 -0.297770 0.000000 1.000000 -0.000000 255 255 255
0.110100 0.128017 -0.243567 0.000000 1.000000 -0.000000 255 255 255
0.110100 0.128017 -0.189363 0.000000 1.000000 -0.000000 255 255 255
0.110100 0.128017 -0.135160 0.000000 1.000000 -0.000000 255 255 255
0.000133 0.121043 -0.243567 0.000000 -0.000000 1.000000 255 255 255
0.110100 0.128017 -0.080956 0.000000 1.000000 -0.000000 255 255 255
0.110100 -0.036978 -0.108058 -0.000000 -1.000000 -0.000000 255 255 255
0.110100 -0.036978 -0.162261 -0.000000 -1.000000 -0.000000 255 255 255
0.110100 -0.036978 -0.216465 0.000000 -1.000000 0.000000 255 255 255
0.110100 -0.036978 -0.324872 0.000000 -1.000000 0.000000 255 255 255
0.000133 0.121043 -0.297770 0.000000 -0.000000 1.000000 255 255 255
0.110100 0.128017 -0.351973 0.731983 0.681323 0.000000 255 255 255
0.110100 0.128017 -0.297770 0.731983 0.681323 0.000000 255 255 255
0.110100 0.128017 -0.270668 0.731983 0.681323 -0.000000 255 255 255
0.110100 0.128017 -0.189363 0.731983 0.681323 0.000000 255 255 255
0.110100 0.128017 -0.135160 0.731983 0.681323 0.000000 255 255 255
0.000133 0.121043 -0.351973 0.000000 -0.000000 1.000000 255 255 255
0.110100 0.128017 -0.080956 0.731983 0.681323 0.000000 255 255 255
0.110100 0.128017 -0.026753 0.731983 0.681323 0.000000 255 255 255
0.157593 0.067466 -0.080956 1.000000 0.000000 0.000000 255 255 255
0.157593 0.067466 -0.135160 1.000000 0.000000 0.000000 255 255 255
0.157593 0.067466 -0.189363 1.000000 0.000000 -0.000001 255 255 255
0.157593 0.067466 -0.243567 1.000000 0.000000 0.000000 255 255 255
0.157593 0.067466 -0.297770 1.000000 0.000000 0.000000 255 255 255
0.157593 0.067466 -0.351973 1.000000 0.000000 0.000000 255 255 255
0.157593 0.023573 -0.324872 0.732864 -0.680375 0.000000 255 255 255
0.157593 0.023573 -0.270668 0.732864 -0.680375 0.000000 255 255 255
0.157593 0.023573 -0.216465 0.732864 -0.680375 0.000000 255 255 255
0.157593 0.023573 -0.189363 0.732864 -0.680375 -0.000001 255 255 255
0.157593 0.023573 -0.162261 0.732864 -0.680375 -0.000001 255 255 255
0.107316 -0.030584 -0.162261 0.732864 -0.680375 -0.000001 255 255 255
0.157593 0.023573 -0.108058 0.732864 -0.680375 0.000000 255 255 255
0.157593 0.023573 -0.053855 0.732864 -0.680375 0.000000 255 255 255
0.107316 0.121622 -0.324872 -0.005409 0.999985 0.000000 255 255 255
0.107316 0.121622 -0.270668 -0.005409 0.999985 0.000000 255 255 255
0.107316 0.121622 -0.216465 -0.005409 0.999985 0.000000 255 255 255
0.107316 0.121622 -0.162261 -0.005409 0.999985 0.000000 255 255 255
0.107316 0.121622 -0.108058 -0.005409 0.999985 0.000000 255 255 255
0.107316 0.121622 -0.053855 -0.005409 0.999985 0.000000 255 255 255
0.000133 -0.030004 -0.080956 -0.005409 -0.999985 0.000000 255 255 255
0.107316 -0.030584 -0.135160 -0.005409 -0.999985 -0.000000 255 255 255
0.107316 -0.030584 -0.189363 -0.005409 -0.999985 -0.000000 255 255 255
0.107316 -0.030584 -0.243567 -0.005409 -0.999985 0.000000 255 255 255
0.107316 -0.030584 -0.297770 -0.005409 -0.999985 0.000000 255 255 255
0.107316 -0.030584 -0.351973 -0.005409 -0.999985 -0.000000 255 255 255
0.107316 0.121622 -0.324872 0.732864 0.680375 0.000000 255 255 255
0.107316 0.121622 -0.270668 0.732864 0.680375 0.000000 255 255 255
0.107316 0.121622 -0.216465 0.732864 0.680375 0.000000 255 255 255
0.107316 0.121622 -0.189363 0.732864 0.680375 0.000000 255 255 255
0.107316 0.121622 -0.162261 0.732864 0.680375 0.000000 255 255 255
0.157593 0.067466 -0.162261 0.732864 0.680375 0.000000 255 255 255
0.107316 0.121622 -0.108058 0.732864 0.680375 0.000000 255 255 255
0.107316 0.121622 -0.053855 0.732864 0.680375 -0.000000 255 255 255
0.000133 0.121043 -0.080956 0.000000 -0.000000 1.000000 255 255 255
0.000133 -0.030004 -0.053855 0.000000 0.000000 -1.000000 255 255 255
0.000133 -0.030004 -0.108058 -0.000000 -0.000000 -1.000000 255 255 255
0.000133 -0.030004 -0.162261 -0.000000 -0.000000 -1.000000 255 255 255
0.000133 -0.030004 -0.216465 -0.000000 -0.000000 -1.000000 255 255 255
0.000133 -0.030004 -0.270668 -0.000000 -0.000000 -1.000000 255 255 255
0.000133 -0.030004 -0.324872 -0.000000 -0.000000 -1.000000 255 255 255
0.000133 0.070019 0.027497 0.000280 0.000000 1.000000 255 255 255
0.110100 -0.036978 0.027451 0.000280 -0.000260 1.000000 255 255 255
0.164084 0.021019 0.027451 0.000280 -0.000260 1.000000 255 255 255
0.000133 0.021019 0.027497 0.000280 -0.000260 1.000000 255 255 255
0.110100 0.128017 0.027451 0.000000 0.000790 1.000000 255 255 255
0.000133 0.128017 0.027451 0.000000 0.000790 1.000000 255 255 255
0.000133 0.070019 0.027497 0.000000 0.000790 1.000000 255 255 255
0.000133 0.128017 0.027451 0.000000 1.000000 0.000000 255 255 255
0.110100 0.128017 0.027451 0.731983 0.681323 0.000000 255 255 255
0.164084 0.021019 0.000349 0.731983 -0.681323 0.000000 255 255 255
0.110100 -0.036978 0.027451 0.000000 -1.000000 0.000000 255 255 255
0.107497 0.122038 0.000349 0.732803 0.680441 0.000000 255 255 255
0.107497 0.122038 0.000349 -0.005049 0.999987 0.000000 255 255 255
0.158015 0.023407 0.000349 0.732803 -0.680441 0.000000 255 255 255
0.158015 0.067632 -0.026753 1.000000 0.000000 0.000000 255 255 255
0.107497 -0.030999 -0.026753 -0.005049 -0.999987 0.000000 255 255 255
0.000133 0.121496 -0.026753 0.000000 -0.000000 1.000000 255 255 255
-0.163818 0.070019 -0.379075 0.000000 -0.000000 -1.000000 255 255 255
-0.109834 -0.036978 -0.379075 0.000000 -1.000000 0.000000 255 255 255
-0.157749 0.067632 -0.026753 0.000000 0.000000 1.000000 255 255 255
-0.163818 0.070019 -0.379075 -1.000000 0.000000 0.000000 255 255 255
-0.163818 0.070019 0.027451 -1.000000 0.000000 0.000000 255 255 255
-0.163818 0.070019 -0.053855 -1.000000 0.000000 0.000000 255 255 255
-0.163818 0.070019 -0.108058 -1.000000 0.000000 0.000000 255 255 255
-0.157327 0.067466 -0.243567 0.000000 0.000000 1.000000 255 255 255
-0.163818 0.070019 -0.162261 -1.000000 0.000000 0.000000 255 255 255
-0.163818 0.070019 -0.216465 -1.000000 0.000000 0.000000 255 255 255
-0.157327 0.067466 -0.135160 0.000000 0.000000 1.000000 255 255 255
-0.163818 0.070019 -0.270668 -1.000000 0.000000 0.000000 255 255 255
-0.157327 0.023573 -0.216465 0.000000 0.000000 -1.000000 255 255 255
-0.163818 0.070019 -0.324872 -1.000000 0.000000 0.000000 255 255 255
-0.163818 0.021019 -0.351973 -0.731983 -0.681323 0.000000 255 255 255
-0.163818 0.021019 -0.297770 -0.731983 -0.681323 0.000000 255 255 255
-0.163818 0.021019 -0.243567 -0.731983 -0.681323 0.000000 255 255 255
-0.157327 0.067466 -0.189363 0.000000 0.000000 1.000000 255 255 255
-0.163818 0.021019 -0.189363 -0.731983 -0.681323 0.000000 255 255 255
-0.163818 0.021019 -0.135160 -0.731983 -0.681323 0.000000 255 255 255
-0.163818 0.021019 -0.080956 -0.731983 -0.681323 0.000000 255 255 255
-0.157327 0.023573 -0.162261 0.000000 0.000000 -1.000000 255 255 255
-0.163818 0.021019 -0.026753 -0.731983 -0.681323 0.000000 255 255 255
-0.109834 0.128017 -0.351973 0.000000 1.000000 0.000000 255 255 255
-0.109834 0.128017 -0.297770 0.000000 1.000000 0.000000 255 255 255
-0.109834 0.128017 -0.243567 0.000000 1.000000 0.000000 255 255 255
-0.109834 0.128017 -0.189363 0.000000 1.000000 0.000000 255 255 255
-0.109834 0.128017 -0.135160 0.000000 1.000000 0.000000 255 255 255
-0.109834 0.128017 -0.080956 0.000000 1.000000 0.000000 255 255 255
-0.109834 0.128017 -0.053855 -0.000000 1.000000 0.000000 255 255 255
-0.109834 -0.036978 -0.026753 0.000000 -1.000000 0.000000 255 255 255
-0.157327 0.023573 -0.108058 0.000000 0.000000 -1.000000 255 255 255
-0.109834 -0.036978 -0.108058 0.000000 -1.000000 0.000000 255 255 255
-0.109834 -0.036978 -0.162261 0.000000 -1.000000 0.000000 255 255 255
-0.109834 -0.036978 -0.216465 0.000000 -1.000000 0.000000 255 255 255
-0.109834 -0.036978 -0.270668 0.000000 -1.000000 0.000000 255 255 255
-0.157327 0.067466 -0.080956 0.000000 0.000000 1.000000 255 255 255
-0.109834 -0.036978 -0.324872 0.000000 -1.000000 0.000000 255 255 255
-0.109834 0.128017 -0.351973 -0.731983 0.681323 0.000000 255 255 255
-0.157327 0.067466 -0.297770 0.000000 0.000000 1.000000 255 255 255
-0.109834 0.128017 -0.297770 -0.731983 0.681323 0.000000 255 255 255
-0.157327 0.067466 -0.053855 -0.000000 -0.000000 -1.000000 255 255 255
-0.109834 0.128017 -0.243567 -0.731983 0.681323 0.000000 255 255 255
-0.109834 0.128017 -0.189363 -0.731983 0.681323 0.000000 255 255 255
-0.109834 0.128017 -0.135160 -0.731983 0.681323 0.000000 255 255 255
-0.109834 0.128017 -0.080956 -0.731983 0.681323 0.000000 255 255 255
-0.157327 0.067466 -0.351973 0.000000 0.000000 1.000000 255 255 255
-0.109834 0.128017 -0.026753 -0.731983 0.681323 0.000000 255 255 255
-0.157327 0.067466 -0.053855 -1.000000 0.000000 0.000000 255 255 255
-0.157327 0.067466 -0.080956 -1.000000 0.000000 0.000000 255 255 255
-0.157327 0.023573 -0.080956 -1.000000 0.000000 0.000000 255 255 255
-0.157327 0.067466 -0.135160 -1.000000 0.000000 0.000000 255 255 255
-0.157327 0.067466 -0.189363 -1.000000 0.000000 0.000001 255 255 255
-0.157327 0.067466 -0.243567 -1.000000 0.000000 0.000000 255 255 255
-0.157327 0.067466 -0.297770 -1.000000 0.000000 0.000000 255 255 255
-0.157327 0.067466 -0.351973 -1.000000 0.000000 0.000000 255 255 255
-0.157327 0.023573 -0.324872 -0.732864 -0.680375 0.000000 255 255 255
-0.157327 0.023573 -0.270668 -0.732864 -0.680375 0.000000 255 255 255
-0.157327 0.023573 -0.216465 -0.732864 -0.680375 0.000000 255 255 255
-0.107050 -0.030584 -0.162261 -0.732864 -0.680375 0.000001 255 255 255
-0.157327 0.023573 -0.162261 -0.732864 -0.680375 0.000001 255 255 255
-0.157327 0.023573 -0.189363 -0.732864 -0.680375 0.000001 255 255 255
-0.157327 0.023573 -0.108058 -0.732864 -0.680375 0.000000 255 255 255
-0.107050 -0.030584 -0.053855 -0.732864 -0.680375 -0.000001 255 255 255
-0.157327 0.023573 -0.053855 -0.732864 -0.680375 -0.000001 255 255 255
-0.157327 0.023573 -0.080956 -0.732864 -0.680375 -0.000001 255 255 255
-0.107050 0.121622 -0.324872 0.005409 0.999985 0.000000 255 255 255
-0.107050 0.121622 -0.270668 0.005409 0.999985 0.000000 255 255 255
-0.107050 0.121622 -0.216465 0.005409 0.999985 0.000000 255 255 255
-0.107050 0.121622 -0.162261 0.005409 0.999985 0.000000 255 255 255
-0.107050 0.121622 -0.108058 0.005409 0.999985 0.000000 255 255 255
-0.107050 0.121622 -0.080956 0.005409 0.999985 -0.000000 255 255 255
-0.107050 -0.030584 -0.080956 0.005409 -0.999985 0.000000 255 255 255
-0.107050 -0.030584 -0.135160 0.005409 -0.999985 0.000000 255 255 255
-0.107050 -0.030584 -0.189363 0.005409 -0.999985 0.000000 255 255 255
-0.107050 -0.030584 -0.243567 0.005409 -0.999985 0.000000 255 255 255
-0.107050 -0.030584 -0.297770 0.005409 -0.999985 0.000000 255 255 255
-0.107050 -0.030584 -0.351973 0.005409 -0.999985 0.000000 255 255 255
-0.107050 0.121622 -0.324872 -0.732864 0.680375 0.000000 255 255 255
-0.107050 0.121622 -0.270668 -0.732864 0.680375 0.000000 255 255 255
-0.107050 0.121622 -0.216465 -0.732864 0.680375 0.000000 255 255 255
-0.157327 0.067466 -0.189363 -0.732864 0.680375 0.000001 255 255 255
-0.157327 0.067466 -0.162261 -0.732864 0.680375 0.000001 255 255 255
-0.107050 0.121622 -0.162261 -0.732864 0.680375 0.000001 255 255 255
-0.107050 0.121622 -0.108058 -0.732864 0.680375 0.000000 255 255 255
-0.107050 0.121622 -0.053855 -0.732864 0.680375 0.000000 255 255 255
-0.157327 0.023573 -0.270668 0.000000 0.000000 -1.000000 255 255 255
-0.107050 0.121622 -0.053855 0.000000 -0.000001 -1.000000 255 255 255
-0.157327 0.023573 -0.324872 0.000000 0.000000 -1.000000 255 255 255
0.000133 -0.030004 -0.080956 0.000001 0.000000 1.000000 255 255 255
0.000133 0.070019 0.027497 -0.000280 0.000000 1.000000 255 255 255
-0.109834 -0.036978 0.027451 0.000000 -0.000790 1.000000 255 255 255
-0.109834 0.128017 0.027451 -0.000000 0.000790 1.000000 255 255 255
-0.109834 0.128017 0.027451 -0.731983 0.681323 0.000000 255 255 255
-0.163818 0.021019 0.027451 -0.731983 -0.681323 0.000000 255 255 255
-0.109834 -0.036978 0.027451 0.000000 -1.000000 0.000000 255 255 255
-0.107231 0.122038 0.000349 -0.732803 0.680441 0.000000 255 255 255
-0.107231 0.122038 0.000349 0.005049 0.999987 0.000000 255 255 255
-0.157749 0.023407 0.000349 -0.732803 -0.680441 0.000000 255 255 255
-0.157749 0.067632 -0.026753 -1.000000 0.000000 0.000000 255 255 255
-0.107231 -0.030999 -0.026753 0.005049 -0.999987 0.000000 255 255 255
-0.157749 0.067632 0.000349 -0.000000 -0.000000 -1.000000 255 255 255
0.001545 0.031180 -0.777267 -0.995185 -0.098017 0.000000 179 179 179
0.001545 0.031180 -0.777267 -0.956940 -0.290285 0.000000 179 179 179
0.012520 0.004685 -0.777267 -0.881921 -0.471397 0.000000 179 179 179
0.012520 0.004685 -0.777267 -0.773010 -0.634393 0.000000 179 179 179
0.021661 -0.006453 -0.777267 -0.773010 -0.634393 0.000000 179 179 179
0.021661 -0.006453 -0.379075 -0.773010 -0.634393 0.000000 179 179 179
0.021661 -0.006453 -0.777267 -0.634393 -0.773011 -0.000000 179 179 179
0.032799 -0.015594 -0.777267 -0.634393 -0.773011 -0.000000 179 179 179
0.032799 -0.015594 -0.379075 -0.634393 -0.773011 -0.000000 179 179 179
0.032799 -0.015594 -0.379075 -0.471397 -0.881921 -0.000000 179 179 179
0.032799 -0.015594 -0.777267 -0.471397 -0.881921 -0.000000 179 179 179
0.045506 -0.022386 -0.777267 -0.471397 -0.881921 -0.000000 179 179 179
0.045506 -0.022386 -0.379075 -0.290284 -0.956940 -0.000000 179 179 179
0.045506 -0.022386 -0.777267 -0.290284 -0.956940 -0.000000 179 179 179
0.059294 -0.026568 -0.777267 -0.290284 -0.956940 -0.000000 179 179 179
0.059294 -0.026568 -0.379075 -0.098018 -0.995185 -0.000000 179 179 179
0.059294 -0.026568 -0.777267 -0.098018 -0.995185 -0.000000 179 179 179
0.073633 -0.027981 -0.777267 -0.098018 -0.995185 -0.000000 179 179 179
0.087972 -0.026568 -0.777267 0.098017 -0.995185 -0.000000 179 179 179
0.087972 -0.026568 -0.777267 0.290285 -0.956940 -0.000000 179 179 179
0.101760 -0.022386 -0.777267 0.471396 -0.881921 -0.000000 179 179 179
0.114467 -0.015594 -0.777267 0.471396 -0.881921 -0.000000 179 179 179
0.114467 -0.015594 -0.379075 0.471396 -0.881921 -0.000000 179 179 179
0.114467 -0.015594 -0.777267 0.634393 -0.773011 -0.000000 179 179 179
0.125605 -0.006453 -0.777267 0.634393 -0.773011 -0.000000 179 179 179
0.125605 -0.006453 -0.379075 0.634393 -0.773011 -0.000000 179 179 179
0.125605 -0.006453 -0.777267 0.773010 -0.634393 -0.000000 179 179 179
0.134746 0.004685 -0.777267 0.773010 -0.634393 -0.000000 179 179 179
0.134746 0.004685 -0.379075 0.773010 -0.634393 -0.000000 179 179 179
0.134746 0.004685 -0.777267 0.881921 -0.471397 -0.000000 179 179 179
0.141538 0.017392 -0.777267 0.881921 -0.471397 -0.000000 179 179 179
0.141538 0.017392 -0.379075 0.881921 -0.471397 -0.000000 179 179 179
0.145721 0.031180 -0.777267 0.956940 -0.290285 -0.000000 179 179 179
0.147133 0.045519 -0.777267 0.995185 -0.098016 -0.000000 179 179 179
0.147133 0.045519 -0.777267 0.995185 0.098019 -0.000000 179 179 179
0.145721 0.059858 -0.777267 0.995185 0.098019 -0.000000 179 179 179
0.145721 0.059858 -0.379075 0.995185 0.098019 -0.000000 179 179 179
0.145721 0.059858 -0.777267 0.956940 0.290285 -0.000000 179 179 179
0.141538 0.073647 -0.777267 0.956940 0.290285 -0.000000 179 179 179
0.141538 0.073647 -0.379075 0.956940 0.290285 -0.000000 179 179 179
0.134746 0.086354 -0.777267 0.881921 0.471397 -0.000000 179 179 179
0.125605 0.097492 -0.777267 0.773010 0.634394 -0.000000 179 179 179
0.125605 0.097492 -0.379075 0.634392 0.773011 0.000000 179 179 179
0.125605 0.097492 -0.777267 0.634392 0.773011 0.000000 179 179 179
0.114467 0.106632 -0.777267 0.634392 0.773011 0.000000 179 179 179
0.101760 0.113424 -0.777267 0.471396 0.881922 0.000000 179 179 179
0.087972 0.117607 -0.777267 0.290283 0.956941 0.000000 179 179 179
0.073633 0.119019 -0.777267 0.098016 0.995185 0.000000 179 179 179
0.073633 0.119019 -0.379075 -0.098018 0.995185 0.000000 179 179 179
0.073633 0.119019 -0.777267 -0.098018 0.995185 0.000000 179 179 179
0.059294 0.117607 -0.777267 -0.098018 0.995185 0.000000 179 179 179
0.045506 0.113424 -0.777267 -0.290286 0.956940 0.000000 179 179 179
0.032799 0.106632 -0.777267 -0.471398 0.881921 0.000000 179 179 179
0.032799 0.106632 -0.777267 -0.634394 0.773009 0.000000 179 179 179
0.021661 0.097492 -0.777267 -0.634394 0.773009 0.000000 179 179 179
0.021661 0.097492 -0.379075 -0.634394 0.773009 0.000000 179 179 179
0.012520 0.086354 -0.777267 -0.773011 0.634392 0.000000 179 179 179
0.005728 0.073646 -0.777267 -0.881922 0.471396 0.000000 179 179 179
0.001545 0.059858 -0.777267 -0.956941 0.290283 0.000000 179 179 179
0.001545 0.059858 -0.777267 -0.995185 0.098016 0.000000 179 179 179
0.050913 -0.009332 -0.777267 0.471397 0.881921 -0.000000 179 179 179
0.014262 0.045519 -0.777267 0.995185 -0.098016 -0.000000 179 179 179
0.024268 0.078504 -0.777267 0.773011 -0.634392 -0.000000 179 179 179
0.031651 0.087501 -0.777267 0.773011 -0.634392 -0.000000 179 179 179
0.031651 0.087501 -0.379075 0.773011 -0.634392 -0.000000 179 179 179
0.128485 0.022799 -0.777267 -0.956940 0.290285 0.000000 179 179 179
0.073633 -0.013852 -0.777267 0.098018 0.995185 0.000000 179 179 179
0.062050 -0.012711 -0.777267 0.098018 0.995185 0.000000 179 179 179
0.062050 -0.012711 -0.379075 0.098018 0.995185 0.000000 179 179 179
0.040648 0.094885 -0.777267 0.634394 -0.773010 -0.000000 179 179 179
0.085216 0.103750 -0.777267 -0.290283 -0.956941 0.000000 179 179 179
0.096353 0.100371 -0.777267 -0.290283 -0.956941 0.000000 179 179 179
0.096353 0.100371 -0.379075 -0.290283 -0.956941 0.000000 179 179 179
0.031651 0.003538 -0.777267 0.773010 0.634394 -0.000000 179 179 179
0.024268 0.012534 -0.777267 0.773010 0.634394 -0.000000 179 179 179
0.024268 0.012534 -0.379075 0.773010 0.634394 -0.000000 179 179 179
0.018781 0.068240 -0.777267 0.881922 -0.471396 -0.000000 179 179 179
0.085216 -0.012711 -0.777267 -0.290285 0.956940 0.000000 179 179 179
0.014262 0.045519 -0.777267 0.995185 0.098017 -0.000000 179 179 179
0.128485 0.068240 -0.777267 -0.956940 -0.290286 0.000000 179 179 179
0.131863 0.057102 -0.777267 -0.956940 -0.290286 0.000000 179 179 179
0.131863 0.057102 -0.379075 -0.956940 -0.290286 0.000000 179 179 179
0.131863 0.057102 -0.777267 -0.995185 -0.098017 0.000000 179 179 179
0.133004 0.045519 -0.777267 -0.995185 0.098015 0.000000 179 179 179
0.131863 0.033937 -0.777267 -0.995185 0.098015 0.000000 179 179 179
0.131863 0.033937 -0.379075 -0.995185 0.098015 0.000000 179 179 179
0.115615 0.087501 -0.777267 -0.634393 -0.773011 0.000000 179 179 179
0.122998 0.078504 -0.777267 -0.773010 -0.634393 0.000000 179 179 179
0.122998 0.012534 -0.777267 -0.773011 0.634393 0.000000 179 179 179
0.115615 0.003538 -0.777267 -0.773011 0.634393 0.000000 179 179 179
0.115615 0.003538 -0.379075 -0.773011 0.634393 0.000000 179 179 179
0.062050 0.103750 -0.777267 0.290286 -0.956940 -0.000000 179 179 179
0.015403 0.033937 -0.777267 0.956940 0.290285 -0.000000 179 179 179
0.106618 0.094885 -0.777267 -0.471396 -0.881922 0.000000 179 179 179
0.062050 -0.012711 -0.379075 0.290284 0.956940 0.000000 179 179 179
0.062050 -0.012711 -0.777267 0.290284 0.956940 0.000000 179 179 179
0.050913 -0.009332 -0.777267 0.290284 0.956940 0.000000 179 179 179
0.031651 0.003538 -0.777267 0.634394 0.773010 -0.000000 179 179 179
0.106618 -0.003846 -0.777267 -0.471396 0.881921 0.000000 179 179 179
0.096353 -0.009332 -0.777267 -0.471396 0.881921 0.000000 179 179 179
0.096353 -0.009332 -0.379075 -0.471396 0.881921 0.000000 179 179 179
0.106618 -0.003846 -0.777267 -0.634394 0.773010 0.000000 179 179 179
0.062050 0.103750 -0.777267 0.098017 -0.995185 0.000000 179 179 179
0.073633 0.104890 -0.777267 0.098017 -0.995185 0.000000 179 179 179
0.073633 0.104890 -0.379075 0.098017 -0.995185 0.000000 179 179 179
0.128485 0.022799 -0.777267 -0.881921 0.471397 0.000000 179 179 179
0.122998 0.012534 -0.777267 -0.881921 0.471397 0.000000 179 179 179
0.122998 0.012534 -0.379075 -0.881921 0.471397 0.000000 179 179 179
0.073633 -0.013852 -0.777267 -0.098017 0.995185 0.000000 179 179 179
0.040648 0.094885 -0.777267 0.471398 -0.881921 -0.000000 179 179 179
0.018781 0.068240 -0.777267 0.956941 -0.290283 -0.000000 179 179 179
0.018781 0.022799 -0.777267 0.881921 0.471397 -0.000000 179 179 179
0.122998 0.078504 -0.777267 -0.881921 -0.471397 0.000000 179 179 179
0.128485 0.068240 -0.777267 -0.881921 -0.471397 0.000000 179 179 179
0.128485 0.068240 -0.379075 -0.881921 -0.471397 0.000000 179 179 179
0.073633 0.104890 -0.379075 -0.098016 -0.995185 0.000000 179 179 179
0.073633 0.104890 -0.777267 -0.098016 -0.995185 0.000000 179 179 179
0.085216 0.103750 -0.777267 -0.098016 -0.995185 0.000000 179 179 179
0.085216 0.103750 -0.379075 0.000001 0.000004 1.000000 179 179 179
0.101760 0.113424 -0.379075 0.000007 0.000002 1.000000 179 179 179
0.096353 0.100371 -0.379075 0.000007 0.000002 1.000000 179 179 179
0.106618 0.094885 -0.379075 0.000007 0.000002 1.000000 179 179 179
0.145721 0.059858 -0.379075 -0.000001 0.000005 1.000000 179 179 179
0.131863 0.057102 -0.379075 -0.000001 0.000005 1.000000 179 179 179
0.133004 0.045519 -0.379075 -0.000001 0.000005 1.000000 179 179 179
0.131863 0.033937 -0.379075 -0.000002 -0.000005 1.000000 179 179 179
0.128485 0.022799 -0.379075 -0.000002 -0.000005 1.000000 179 179 179
0.141538 0.017392 -0.379075 -0.000002 -0.000005 1.000000 179 179 179
0.141538 0.017392 -0.379075 0.000002 0.000005 1.000000 179 179 179
0.128485 0.022799 -0.379075 0.000002 0.000005 1.000000 179 179 179
0.122998 0.012534 -0.379075 0.000002 0.000005 1.000000 179 179 179
0.122998 0.012534 -0.379075 0.000003 -0.000003 1.000000 179 179 179
0.096353 -0.009332 -0.379075 0.000002 -0.000004 1.000000 179 179 179
0.096353 -0.009332 -0.379075 0.000001 -0.000004 1.000000 179 179 179
0.073633 -0.027981 -0.379075 0.000000 -0.000004 1.000000 179 179 179
0.087972 -0.026568 -0.379075 0.000000 -0.000004 1.000000 179 179 179
0.085216 -0.012711 -0.379075 0.000000 -0.000004 1.000000 179 179 179
0.050913 -0.009332 -0.379075 0.000002 -0.000007 1.000000 179 179 179
0.040648 -0.003846 -0.379075 0.000002 -0.000007 1.000000 179 179 179
0.032799 -0.015594 -0.379075 0.000002 -0.000007 1.000000 179 179 179
0.032799 -0.015594 -0.379075 -0.000003 -0.000003 1.000000 179 179 179
0.024268 0.012534 -0.379075 -0.000003 -0.000003 1.000000 179 179 179
0.012520 0.004685 -0.379075 -0.000004 -0.000002 1.000000 179 179 179
0.005728 0.017392 -0.379075 -0.000004 -0.000001 1.000000 179 179 179
0.015403 0.033937 -0.379075 -0.000000 0.000005 1.000000 179 179 179
0.014262 0.045519 -0.379075 -0.000000 0.000005 1.000000 179 179 179
0.000133 0.045519 -0.379075 -0.000000 0.000005 1.000000 179 179 179
0.014262 0.045519 -0.379075 -0.000005 -0.000005 1.000000 179 179 179
0.015403 0.057102 -0.379075 -0.000005 -0.000005 1.000000 179 179 179
0.001545 0.059858 -0.379075 -0.000005 -0.000005 1.000000 179 179 179
0.001545 0.059858 -0.379075 -0.000004 0.000001 1.000000 179 179 179
0.024268 0.078504 -0.379075 -0.000004 0.000002 1.000000 179 179 179
0.040648 0.094885 -0.379075 -0.000003 0.000003 1.000000 179 179 179
0.032799 0.106632 -0.379075 -0.000002 0.000004 1.000000 179 179 179
0.050913 0.100371 -0.379075 -0.000001 0.000004 1.000000 179 179 179
0.059294 0.117607 -0.379075 -0.000000 0.000004 1.000000 179 179 179
0.073633 0.119019 -0.777267 -0.000009 -0.000008 -1.000000 179 179 179
0.073633 0.104890 -0.777267 -0.000009 -0.000008 -1.000000 179 179 179
0.062050 0.103750 -0.777267 -0.000009 -0.000008 -1.000000 179 179 179
0.050913 0.100371 -0.777267 0.000005 -0.000016 -1.000000 179 179 179
0.040648 0.094885 -0.777267 0.000008 -0.000015 -1.000000 179 179 179
0.031651 0.087501 -0.777267 0.000011 -0.000013 -1.000000 179 179 179
0.024268 0.078504 -0.777267 0.000013 -0.000011 -1.000000 179 179 179
0.024268 0.078504 -0.777267 0.000008 0.000019 -1.000000 179 179 179
0.018781 0.068240 -0.777267 0.000008 0.000019 -1.000000 179 179 179
0.005728 0.073646 -0.777267 0.000008 0.000019 -1.000000 179 179 179
0.015403 0.033937 -0.777267 0.000012 -0.000007 -1.000000 179 179 179
0.018781 0.022799 -0.777267 0.000012 -0.000007 -1.000000 179 179 179
0.005728 0.017392 -0.777267 0.000012 -0.000007 -1.000000 179 179 179
0.018781 0.022799 -0.777267 0.000021 -0.000001 -1.000000 179 179 179
0.024268 0.012534 -0.777267 0.000021 -0.000001 -1.000000 179 179 179
0.012520 0.004685 -0.777267 0.000021 -0.000001 -1.000000 179 179 179
0.031651 0.003538 -0.777267 0.000013 0.000011 -1.000000 179 179 179
0.040648 -0.003846 -0.777267 0.000011 0.000013 -1.000000 179 179 179
0.050913 -0.009332 -0.777267 0.000008 0.000015 -1.000000 179 179 179
0.050913 -0.009332 -0.777267 -0.000020 0.000004 -1.000000 179 179 179
0.062050 -0.012711 -0.777267 -0.000020 0.000004 -1.000000 179 179 179
0.059294 -0.026568 -0.777267 -0.000020 0.000004 -1.000000 179 179 179
0.062050 -0.012711 -0.777267 -0.000000 0.000000 -1.000000 179 179 179
0.133004 0.045519 -0.777267 0.000000 0.000000 -1.000000 179 179 179
0.145721 0.059858 -0.777267 -0.000002 0.000010 -1.000000 179 179 179
0.131863 0.057102 -0.777267 -0.000002 0.000010 -1.000000 179 179 179
0.128485 0.068240 -0.777267 -0.000002 0.000010 -1.000000 179 179 179
0.141538 0.073647 -0.777267 -0.000011 0.000006 -1.000000 179 179 179
0.128485 0.068240 -0.777267 -0.000011 0.000006 -1.000000 179 179 179
0.122998 0.078504 -0.777267 -0.000011 0.000006 -1.000000 179 179 179
0.122998 0.078504 -0.777267 -0.000013 -0.000011 -1.000000 179 179 179
0.106618 0.094885 -0.777267 -0.000011 -0.000013 -1.000000 179 179 179
0.106618 0.094885 -0.777267 -0.000008 -0.000015 -1.000000 179 179 179
0.085216 0.103750 -0.777267 -0.000005 -0.000016 -1.000000 179 179 179
0.085216 0.103750 -0.777267 0.000009 -0.000008 -1.000000 179 179 179
0.073633 0.104890 -0.777267 0.000009 -0.000008 -1.000000 179 179 179
0.073633 0.119019 -0.777267 0.000009 -0.000008 -1.000000 179 179 179
-0.001279 0.031180 -0.777267 0.995185 -0.098017 -0.000000 179 179 179
-0.005462 0.017392 -0.777267 0.956940 -0.290285 -0.000000 179 179 179
-0.012254 0.004685 -0.777267 0.881921 -0.471397 -0.000000 179 179 179
-0.021395 -0.006453 -0.379075 0.773011 -0.634393 -0.000000 179 179 179
-0.021395 -0.006453 -0.777267 0.773011 -0.634393 -0.000000 179 179 179
-0.012254 0.004685 -0.777267 0.773011 -0.634393 -0.000000 179 179 179
-0.032533 -0.015594 -0.379075 0.634393 -0.773011 -0.000000 179 179 179
-0.032533 -0.015594 -0.777267 0.634393 -0.773011 -0.000000 179 179 179
-0.021395 -0.006453 -0.777267 0.634393 -0.773011 -0.000000 179 179 179
-0.045240 -0.022386 -0.379075 0.471397 -0.881921 -0.000000 179 179 179
-0.045240 -0.022386 -0.777267 0.471397 -0.881921 -0.000000 179 179 179
-0.032533 -0.015594 -0.777267 0.471397 -0.881921 -0.000000 179 179 179
-0.059028 -0.026568 -0.379075 0.290284 -0.956940 -0.000000 179 179 179
-0.059028 -0.026568 -0.777267 0.290284 -0.956940 -0.000000 179 179 179
-0.045240 -0.022386 -0.777267 0.290284 -0.956940 -0.000000 179 179 179
-0.059028 -0.026568 -0.379075 0.098017 -0.995185 -0.000000 179 179 179
-0.073367 -0.027981 -0.379075 0.098017 -0.995185 -0.000000 179 179 179
-0.073367 -0.027981 -0.777267 0.098017 -0.995185 -0.000000 179 179 179
-0.087706 -0.026568 -0.777267 -0.098017 -0.995185 -0.000000 179 179 179
-0.101494 -0.022386 -0.777267 -0.290285 -0.956940 -0.000000 179 179 179
-0.114201 -0.015594 -0.379075 -0.471396 -0.881921 -0.000000 179 179 179
-0.114201 -0.015594 -0.777267 -0.471396 -0.881921 -0.000000 179 179 179
-0.101494 -0.022386 -0.777267 -0.471396 -0.881921 -0.000000 179 179 179
-0.125339 -0.006453 -0.777267 -0.634394 -0.773010 -0.000000 179 179 179
-0.134480 0.004685 -0.379075 -0.773010 -0.634393 -0.000000 179 179 179
-0.134480 0.004685 -0.777267 -0.773010 -0.634393 -0.000000 179 179 179
-0.125339 -0.006453 -0.777267 -0.773010 -0.634393 -0.000000 179 179 179
-0.141272 0.017392 -0.379075 -0.881921 -0.471397 0.000000 179 179 179
-0.141272 0.017392 -0.777267 -0.881921 -0.471397 0.000000 179 179 179
-0.134480 0.004685 -0.777267 -0.881921 -0.471397 0.000000 179 179 179
-0.145455 0.031180 -0.777267 -0.956940 -0.290285 0.000000 179 179 179
-0.146867 0.045519 -0.777267 -0.995185 -0.098016 0.000000 179 179 179
-0.145455 0.059858 -0.379075 -0.995185 0.098016 0.000000 179 179 179
-0.145455 0.059858 -0.777267 -0.995185 0.098016 0.000000 179 179 179
-0.146867 0.045519 -0.777267 -0.995185 0.098016 0.000000 179 179 179
-0.141272 0.073647 -0.379075 -0.956940 0.290287 0.000000 179 179 179
-0.141272 0.073647 -0.777267 -0.956940 0.290287 0.000000 179 179 179
-0.145455 0.059858 -0.777267 -0.956940 0.290287 0.000000 179 179 179
-0.134480 0.086354 -0.777267 -0.881921 0.471397 0.000000 179 179 179
-0.125339 0.097492 -0.777267 -0.773010 0.634394 0.000000 179 179 179
-0.114201 0.106632 -0.379075 -0.634393 0.773010 0.000000 179 179 179
-0.114201 0.106632 -0.777267 -0.634393 0.773010 0.000000 179 179 179
-0.125339 0.097492 -0.777267 -0.634393 0.773010 0.000000 179 179 179
-0.101494 0.113424 -0.379075 -0.471396 0.881922 0.000000 179 179 179
-0.101494 0.113424 -0.777267 -0.471396 0.881922 0.000000 179 179 179
-0.114201 0.106632 -0.777267 -0.471396 0.881922 0.000000 179 179 179
-0.087706 0.117607 -0.777267 -0.290283 0.956941 0.000000 179 179 179
-0.073367 0.119019 -0.777267 -0.098016 0.995185 0.000000 179 179 179
-0.059028 0.117607 -0.777267 0.098017 0.995185 0.000000 179 179 179
-0.045240 0.113424 -0.379075 0.290286 0.956940 0.000000 179 179 179
-0.032533 0.106632 -0.777267 0.471398 0.881921 0.000000 179 179 179
-0.021395 0.097492 -0.379075 0.634394 0.773009 0.000000 179 179 179
-0.021395 0.097492 -0.777267 0.634394 0.773009 0.000000 179 179 179
-0.032533 0.106632 -0.777267 0.634394 0.773009 0.000000 179 179 179
-0.012254 0.086354 -0.379075 0.773011 0.634392 -0.000000 179 179 179
-0.005462 0.073646 -0.777267 0.881922 0.471396 -0.000000 179 179 179
-0.001279 0.059858 -0.777267 0.956941 0.290283 -0.000000 179 179 179
0.000133 0.045519 -0.777267 0.995185 0.098016 -0.000000 179 179 179
-0.040382 -0.003846 -0.379075 -0.471397 0.881921 0.000000 179 179 179
-0.015137 0.057102 -0.777267 -0.995185 -0.098016 0.000000 179 179 179
-0.031385 0.087501 -0.777267 -0.773011 -0.634392 0.000000 179 179 179
-0.128219 0.022799 -0.379075 0.956941 0.290283 -0.000000 179 179 179
-0.128219 0.022799 -0.777267 0.956941 0.290283 -0.000000 179 179 179
-0.131597 0.033937 -0.777267 0.956941 0.290283 -0.000000 179 179 179
-0.061784 -0.012711 -0.379075 -0.098018 0.995185 0.000000 179 179 179
-0.061784 -0.012711 -0.777267 -0.098018 0.995185 0.000000 179 179 179
-0.073367 -0.013852 -0.777267 -0.098018 0.995185 0.000000 179 179 179
-0.040382 0.094885 -0.777267 -0.634394 -0.773010 0.000000 179 179 179
-0.096087 0.100371 -0.379075 0.290283 -0.956941 -0.000000 179 179 179
-0.096087 0.100371 -0.777267 0.290283 -0.956941 -0.000000 179 179 179
-0.084950 0.103750 -0.777267 0.290283 -0.956941 -0.000000 179 179 179
-0.024002 0.012534 -0.777267 -0.773010 0.634394 0.000000 179 179 179
-0.024002 0.078504 -0.379075 -0.881922 -0.471396 0.000000 179 179 179
-0.084950 -0.012711 -0.777267 0.290285 0.956940 -0.000000 179 179 179
-0.013996 0.045519 -0.777267 -0.995185 0.098017 0.000000 179 179 179
-0.131597 0.057102 -0.379075 0.956940 -0.290286 -0.000000 179 179 179
-0.131597 0.057102 -0.777267 0.956940 -0.290286 -0.000000 179 179 179
-0.128219 0.068240 -0.777267 0.956940 -0.290286 -0.000000 179 179 179
-0.131597 0.057102 -0.379075 0.995184 -0.098020 -0.000000 179 179 179
-0.132738 0.045519 -0.379075 0.995184 -0.098020 -0.000000 179 179 179
-0.132738 0.045519 -0.777267 0.995184 -0.098020 -0.000000 179 179 179
-0.131597 0.033937 -0.777267 0.995185 0.098017 -0.000000 179 179 179
-0.115349 0.087501 -0.777267 0.634393 -0.773011 -0.000000 179 179 179
-0.122732 0.078504 -0.777267 0.773010 -0.634393 -0.000000 179 179 179
-0.115349 0.003538 -0.379075 0.773011 0.634393 -0.000000 179 179 179
-0.115349 0.003538 -0.777267 0.773011 0.634393 -0.000000 179 179 179
-0.122732 0.012534 -0.777267 0.773011 0.634393 -0.000000 179 179 179
-0.061784 0.103750 -0.379075 -0.290286 -0.956940 0.000000 179 179 179
-0.061784 0.103750 -0.777267 -0.290286 -0.956940 0.000000 179 179 179
-0.050647 0.100371 -0.777267 -0.290286 -0.956940 0.000000 179 179 179
-0.015137 0.033937 -0.777267 -0.956940 0.290284 0.000000 179 179 179
-0.106352 0.094885 -0.379075 0.471396 -0.881922 -0.000000 179 179 179
-0.106352 0.094885 -0.777267 0.471396 -0.881922 -0.000000 179 179 179
-0.096087 0.100371 -0.777267 0.471396 -0.881922 -0.000000 179 179 179
-0.061784 -0.012711 -0.379075 -0.290285 0.956940 0.000000 179 179 179
-0.050647 -0.009332 -0.379075 -0.290285 0.956940 0.000000 179 179 179
-0.050647 -0.009332 -0.777267 -0.290285 0.956940 0.000000 179 179 179
-0.031385 0.003538 -0.777267 -0.634394 0.773010 0.000000 179 179 179
-0.096087 -0.009332 -0.379075 0.471396 0.881921 -0.000000 179 179 179
-0.096087 -0.009332 -0.777267 0.471396 0.881921 -0.000000 179 179 179
-0.106352 -0.003846 -0.777267 0.471396 0.881921 -0.000000 179 179 179
-0.106352 -0.003846 -0.379075 0.634394 0.773010 -0.000000 179 179 179
-0.106352 -0.003846 -0.777267 0.634394 0.773010 -0.000000 179 179 179
-0.115349 0.003538 -0.777267 0.634394 0.773010 -0.000000 179 179 179
-0.073367 0.104890 -0.379075 -0.098017 -0.995185 0.000000 179 179 179
-0.073367 0.104890 -0.777267 -0.098017 -0.995185 0.000000 179 179 179
-0.061784 0.103750 -0.777267 -0.098017 -0.995185 0.000000 179 179 179
-0.128219 0.022799 -0.379075 0.881921 0.471396 -0.000000 179 179 179
-0.122732 0.012534 -0.379075 0.881921 0.471396 -0.000000 179 179 179
-0.122732 0.012534 -0.777267 0.881921 0.471396 -0.000000 179 179 179
-0.073367 -0.013852 -0.777267 0.098017 0.995185 0.000000 179 179 179
-0.050647 0.100371 -0.777267 -0.471398 -0.881921 0.000000 179 179 179
-0.018515 0.068240 -0.777267 -0.956941 -0.290283 0.000000 179 179 179
-0.018515 0.022799 -0.777267 -0.881921 0.471397 0.000000 179 179 179
-0.128219 0.068240 -0.379075 0.881921 -0.471397 -0.000000 179 179 179
-0.128219 0.068240 -0.777267 0.881921 -0.471397 -0.000000 179 179 179
-0.122732 0.078504 -0.777267 0.881921 -0.471397 -0.000000 179 179 179
-0.073367 0.104890 -0.379075 0.098017 -0.995185 -0.000000 179 179 179
-0.084950 0.103750 -0.379075 0.098017 -0.995185 -0.000000 179 179 179
-0.084950 0.103750 -0.777267 0.098017 -0.995185 -0.000000 179 179 179
-0.084950 0.103750 -0.379075 -0.000000 0.000004 1.000000 179 179 179
-0.101494 0.113424 -0.379075 -0.000001 0.000004 1.000000 179 179 179
-0.106352 0.094885 -0.379075 -0.000007 0.000002 1.000000 179 179 179
-0.096087 0.100371 -0.379075 -0.000007 0.000002 1.000000 179 179 179
-0.101494 0.113424 -0.379075 -0.000007 0.000002 1.000000 179 179 179
-0.145455 0.059858 -0.379075 0.000000 -0.000000 1.000000 179 179 179
-0.145455 0.059858 -0.379075 -0.000004 0.000000 1.000000 179 179 179
-0.145455 0.031180 -0.379075 -0.000004 -0.000000 1.000000 179 179 179
-0.141272 0.017392 -0.379075 0.000002 -0.000005 1.000000 179 179 179
-0.128219 0.022799 -0.379075 0.000002 -0.000005 1.000000 179 179 179
-0.131597 0.033937 -0.379075 0.000002 -0.000005 1.000000 179 179 179
-0.122732 0.012534 -0.379075 -0.000002 0.000005 1.000000 179 179 179
-0.128219 0.022799 -0.379075 -0.000002 0.000005 1.000000 179 179 179
-0.141272 0.017392 -0.379075 -0.000002 0.000005 1.000000 179 179 179
-0.122732 0.012534 -0.379075 -0.000003 -0.000003 1.000000 179 179 179
-0.096087 -0.009332 -0.379075 -0.000002 -0.000004 1.000000 179 179 179
-0.087706 -0.026568 -0.379075 -0.000001 -0.000004 1.000000 179 179 179
-0.073367 -0.027981 -0.379075 0.000005 -0.000000 1.000000 179 179 179
-0.073367 -0.013852 -0.379075 0.000005 -0.000000 1.000000 179 179 179
-0.084950 -0.012711 -0.379075 0.000005 -0.000000 1.000000 179 179 179
-0.032533 -0.015594 -0.379075 -0.000002 -0.000007 1.000000 179 179 179
-0.040382 -0.003846 -0.379075 -0.000002 -0.000007 1.000000 179 179 179
-0.050647 -0.009332 -0.379075 -0.000002 -0.000007 1.000000 179 179 179
-0.024002 0.012534 -0.379075 0.000003 -0.000003 1.000000 179 179 179
-0.018515 0.022799 -0.379075 0.000004 -0.000002 1.000000 179 179 179
-0.015137 0.033937 -0.379075 0.000004 -0.000001 1.000000 179 179 179
-0.013996 0.045519 -0.379075 0.000000 0.000005 1.000000 179 179 179
-0.015137 0.033937 -0.379075 0.000000 0.000005 1.000000 179 179 179
-0.001279 0.059858 -0.379075 0.000005 -0.000005 1.000000 179 179 179
-0.015137 0.057102 -0.379075 0.000005 -0.000005 1.000000 179 179 179
-0.013996 0.045519 -0.379075 0.000005 -0.000005 1.000000 179 179 179
-0.018515 0.068240 -0.379075 0.000004 0.000001 1.000000 179 179 179
-0.024002 0.078504 -0.379075 0.000004 0.000002 1.000000 179 179 179
-0.040382 0.094885 -0.379075 0.000003 0.000003 1.000000 179 179 179
-0.040382 0.094885 -0.379075 0.000002 0.000004 1.000000 179 179 179
-0.061784 0.103750 -0.379075 0.000001 0.000004 1.000000 179 179 179
-0.073367 0.119019 -0.777267 -0.000002 -0.000017 -1.000000 179 179 179
-0.059028 0.117607 -0.777267 -0.000002 -0.000017 -1.000000 179 179 179
-0.061784 0.103750 -0.777267 -0.000002 -0.000017 -1.000000 179 179 179
-0.050647 0.100371 -0.777267 -0.000005 -0.000016 -1.000000 179 179 179
-0.040382 0.094885 -0.777267 -0.000008 -0.000015 -1.000000 179 179 179
-0.031385 0.087501 -0.777267 -0.000011 -0.000013 -1.000000 179 179 179
-0.024002 0.078504 -0.777267 -0.000013 -0.000011 -1.000000 179 179 179
-0.005462 0.073646 -0.777267 -0.000008 0.000019 -1.000000 179 179 179
-0.018515 0.068240 -0.777267 -0.000008 0.000019 -1.000000 179 179 179
-0.024002 0.078504 -0.777267 -0.000008 0.000019 -1.000000 179 179 179
-0.005462 0.017392 -0.777267 -0.000012 -0.000007 -1.000000 179 179 179
-0.018515 0.022799 -0.777267 -0.000012 -0.000007 -1.000000 179 179 179
-0.015137 0.033937 -0.777267 -0.000012 -0.000007 -1.000000 179 179 179
-0.012254 0.004685 -0.777267 -0.000021 -0.000001 -1.000000 179 179 179
-0.024002 0.012534 -0.777267 -0.000021 -0.000001 -1.000000 179 179 179
-0.018515 0.022799 -0.777267 -0.000021 -0.000001 -1.000000 179 179 179
-0.031385 0.003538 -0.777267 -0.000013 0.000011 -1.000000 179 179 179
-0.040382 -0.003846 -0.777267 -0.000011 0.000013 -1.000000 179 179 179
-0.050647 -0.009332 -0.777267 -0.000008 0.000015 -1.000000 179 179 179
-0.059028 -0.026568 -0.777267 0.000020 0.000004 -1.000000 179 179 179
-0.061784 -0.012711 -0.777267 0.000020 0.000004 -1.000000 179 179 179
-0.050647 -0.009332 -0.777267 0.000020 0.000004 -1.000000 179 179 179
-0.061784 -0.012711 -0.777267 -0.000000 0.000000 -1.000000 179 179 179
-0.145455 0.059858 -0.777267 -0.000000 0.000000 -1.000000 179 179 179
-0.145455 0.059858 -0.777267 0.000008 -0.000002 -1.000000 179 179 179
-0.141272 0.073647 -0.777267 0.000008 -0.000002 -1.000000 179 179 179
-0.128219 0.068240 -0.777267 0.000008 -0.000002 -1.000000 179 179 179
-0.141272 0.073647 -0.777267 0.000015 -0.000008 -1.000000 179 179 179
-0.134480 0.086354 -0.777267 0.000015 -0.000008 -1.000000 179 179 179
-0.122732 0.078504 -0.777267 0.000015 -0.000008 -1.000000 179 179 179
-0.125339 0.097492 -0.777267 0.000013 -0.000011 -1.000000 179 179 179
-0.114201 0.106632 -0.777267 0.000011 -0.000013 -1.000000 179 179 179
-0.106352 0.094885 -0.777267 0.000008 -0.000015 -1.000000 179 179 179
-0.084950 0.103750 -0.777267 0.000005 -0.000016 -1.000000 179 179 179
-0.073367 0.119019 -0.777267 -0.000009 -0.000008 -1.000000 179 179 179
-0.073367 0.104890 -0.777267 -0.000009 -0.000008 -1.000000 179 179 179
-0.084950 0.103750 -0.777267 -0.000009 -0.000008 -1.000000 179 179 179
3 0 1 2
3 3 4 5
3 6 7 8
3 9 10 11
3 12 13 14
3 15 16 17
3 18 19 20
3 21 22 23
3 24 25 26
3 27 28 29
3 30 31 32
3 33 34 35
3 36 37 38
3 39 40 41
3 42 43 44
3 45 46 47
3 48 49 50
3 51 52 53
3 54 55 56
3 57 58 59
3 60 61 62
3 63 64 65
3 66 67 68
3 69 70 71
3 72 73 74
3 75 76 77
3 78 79 80
3 81 82 83
3 84 85 86
3 87 88 89
3 90 91 92
3 93 94 95
3 96 97 98
3 99 100 101
3 102 103 104
3 105 106 107
3 108 109 110
3 111 112 113
3 114 115 116
3 117 118 119
3 120 121 122
3 123 124 125
3 126 127 128
3 129 130 131
3 132 133 134
3 135 136 137
3 138 139 140
3 141 142 143
3 144 145 146
3 147 148 149
3 150 151 152
3 153 154 155
3 156 157 158
3 159 160 161
3 162 163 164
3 165 166 167
3 168 169 170
3 171 172 173
3 174 175 176
3 177 178 179
3 180 181 182
3 183 184 185
3 186 187 188
3 189 190 191
3 192 193 194
3 195 196 197
3 198 199 200
3 201 202 203
3 204 205 206
3 207 208 209
3 210 211 212
3 213 214 215
3 216 217 218
3 219 220 221
3 222 223 224
3 225 226 227
3 228 229 230
3 231 232 233
3 234 235 236
3 237 238 239
3 240 241 242
3 243 244 245
3 246 247 248
3 249 250 251
3 252 253 254
3 255 256 257
3 258 259 260
3 261 262 263
3 264 265 266
3 267 268 269
3 270 271 272
3 273 274 275
3 276 277 278
3 279 280 281
3 282 283 284
3 285 286 287
3 288 289 290
3 291 292 293
3 294 295 296
3 297 298 299
3 300 301 302
3 303 304 305
3 306 307 308
3 309 310 311
3 312 313 314
3 315 316 317
3 318 319 320
3 321 322 323
3 324 325 326
3 327 328 329
3 330 331 332
3 333 334 335
3 336 337 338
3 339 340 341
3 342 343 344
3 345 346 347
3 348 349 350
3 351 352 353
3 354 355 356
3 357 358 359
3 360 361 362
3 363 364 365
3 366 367 368
3 369 370 371
3 372 373 374
3 375 376 377
3 378 379 380
3 381 382 383
3 384 385 386
3 387 388 389
3 390 391 392
3 393 394 395
3 396 397 398
3 399 400 401
3 402 403 404
3 405 406 407
3 408 409 410
3 411 412 413
3 414 415 416
3 417 418 419
3 420 421 422
3 423 424 425
3 426 427 428
3 429 430 431
3 432 433 434
3 435 436 437
3 438 439 440
3 441 442 443
3 444 445 446
3 447 448 449
3 450 451 452
3 453 454 455
3 456 457 458
3 459 460 461
3 462 463 464
3 465 466 467
3 468 469 470
3 471 472 473
3 474 475 476
3 477 478 479
3 480 481 482
3 483 484 485
3 486 487 488
3 489 490 491
3 492 493 494
3 495 496 497
3 498 499 500
3 501 502 503
3 504 505 506
3 507 508 509
3 510 511 512
3 513 514 515
3 516 517 518
3 519 520 521
3 522 523 524
3 525 526 527
3 528 529 530
3 531 532 533
3 534 535 536
3 537 538 539
3 540 541 542
3 543 544 545
3 546 547 548
3 549 550 551
3 552 553 554
3 555 556 557
3 558 559 560
3 561 562 563
3 564 565 566
3 567 568 569
3 570 571 572
3 573 574 575
3 576 577 578
3 579 580 581
3 582 583 584
3 585 586 587
3 588 589 590
3 591 592 593
3 594 595 596
3 597 598 599
3 600 601 602
3 603 604 605
3 606 607 608
3 609 610 611
3 612 613 614
3 615 616 617
3 618 619 620
3 621 622 623
3 624 625 626
3 627 628 629
3 630 631 632
3 633 634 635
3 636 637 638
3 639 640 641
3 642 643 644
3 645 646 647
3 648 649 650
3 651 652 653
3 654 655 656
3 657 658 659
3 660 661 662
3 663 664 665
3 666 667 668
3 669 670 671
3 672 673 674
3 675 676 677
3 678 679 680
3 681 682 683
3 684 685 686
3 687 688 689
3 690 691 692
3 693 694 695
3 696 697 698
3 699 700 701
3 702 703 704
3 705 706 707
3 708 709 710
3 711 712 713
3 714 715 716
3 717 718 719
3 720 721 722
3 723 724 725
3 726 727 728
3 729 730 731
3 732 733 734
3 735 736 737
3 738 739 740
3 741 742 743
3 744 745 746
3 747 748 749
3 750 751 752
3 753 754 755
3 756 757 758
3 759 760 761
3 762 763 764
3 765 766 767
3 768 769 770
3 771 772 773
3 774 775 776
3 777 778 779
3 780 781 782
3 783 784 785
3 786 787 788
3 789 790 791
3 792 793 794
3 795 796 797
3 798 799 800
3 801 802 803
3 804 805 806
3 807 808 809
3 810 811 812
3 813 814 815
3 816 817 818
3 819 820 821
3 822 823 824
3 825 826 827
3 828 829 830
3 831 832 833
3 834 835 836
3 837 838 839
3 840 841 842
3 843 844 845
3 846 847 848
3 849 850 851
3 852 853 854
3 855 856 857
3 858 859 860
3 861 862 863
3 864 865 866
3 867 868 869
3 870 871 872
3 873 874 875
3 876 877 878
3 879 880 881
3 882 883 884
3 885 886 887
3 888 889 890
3 891 892 893
3 894 895 896
3 897 898 899
3 900 901 902
3 903 904 905
3 906 907 908
3 909 910 911
3 912 913 914
3 915 916 917
3 918 919 920
3 921 922 923
3 924 925 926
3 927 928 929
3 930 931 932
3 933 934 935
3 936 937 938
3 939 940 941
3 942 943 944
3 945 946 947
3 948 949 950
3 951 952 953
3 954 955 956
3 957 958 959
3 960 961 962
3 963 964 965
3 966 967 968
3 969 970 971
3 972 973 974
3 975 976 977
3 978 979 980
3 981 982 983
3 984 985 986
3 987 988 989
3 990 991 992
3 993 994 995
3 996 997 998
3 999 1000 1001
3 1002 1003 1004
3 1005 1006 1007
3 1008 1009 1010
3 1011 1012 1013
3 1014 1015 1016
3 1017 1018 1019
3 1020 1021 1022
3 1023 1024 1025
3 1026 1027 1028
3 1029 1030 1031
3 1032 1033 1034
3 1035 1036 1037
3 1038 1039 1040
3 1041 1042 1043
3 1044 1045 1046
3 1047 1048 1049
3 1050 1051 1052
3 1053 1054 1055
3 1056 1057 1058
3 1059 1060 1061
3 1062 1063 1064
3 1065 1066 1067
3 1068 1069 1070
3 1071 1072 1073
3 1074 1075 1076
3 1077 1078 1079
3 1080 1081 1082
3 1083 1084 1085
3 1086 1087 1088
3 1089 1090 1091
3 1092 1093 1094
3 1095 1096 1097
3 1098 1099 1100
3 1101 1102 1103
3 1104 1105 1106
3 1107 1108 1109
3 1110 1111 1112
3 1113 1114 1115
3 1116 1117 1118
3 1119 1120 1121
3 1122 1123 1124
3 1125 1126 1127
3 1128 1129 1130
3 1131 1132 1133
3 1134 1135 1136
3 1137 1138 1139
3 1140 1141 1142
3 1143 1144 1145
3 1146 1147 1148
3 1149 1150 1151
3 1152 1153 1154
3 1155 1156 1157
3 1158 1159 1160
3 1161 1162 1163
3 1164 1165 1166
3 1167 1168 1169
3 1170 1171 1172
3 1173 1174 1175
3 1176 1177 1178
3 1179 1180 1181
3 1182 1183 1184
3 1185 1186 1187
3 1188 1189 1190
3 1191 1192 1193
3 1194 1195 1196
3 1197 1198 1199
3 1200 1201 1202
3 1203 1204 1205
3 1206 1207 1208
3 1209 1210 1211
3 1212 1213 1214
3 1215 1216 1217
3 1218 1219 1220
3 1221 1222 1223
3 1224 1225 1226
3 1227 1228 1229
3 1230 1231 1232
3 1233 1234 1235
3 1236 1237 1238
3 1239 1240 1241
3 1242 1243 1244
3 1245 1246 1247
3 1248 1249 1250
3 1251 1252 1253
3 1254 1255 1256
3 1257 1258 1259
3 1260 1261 1262
3 1263 1264 1265
3 1266 1267 1268
3 1269 1270 1271
3 1272 1273 1274
3 1275 1276 1277
3 1278 1279 1280
3 1281 1282 1283
3 1284 1285 1286
3 1287 1288 1289
3 1290 1291 1292
3 1293 1294 1295
3 1296 1297 1298
3 1299 1300 1301
3 1302 1303 1304
3 1305 1306 1307
3 1308 1309 1310
3 1311 1312 1313
3 1314 1315 1316
3 1317 1318 1319
3 1320 1321 1322
3 1323 1324 1325
3 1326 1327 1328
3 1329 1330 1331
3 1332 1333 1334
3 1335 1336 1337
3 1338 1339 1340
3 1341 1342 1343
3 1344 1345 1346
3 1347 1348 1349
3 1350 1351 1352
3 1353 1354 1355
3 1356 1357 1358
3 1359 1360 1361
3 1362 1363 1364
3 1365 1366 1367
3 1368 1369 1370
3 1371 1372 1373
3 1374 1375 1376
3 1377 1378 1379
3 1380 1381 1382
3 1383 1384 1385
3 1386 1387 1388
3 1389 1390 1391
3 1392 1393 1394
3 1395 1396 1397
3 1398 1399 1400
3 1401 1402 1403
3 1404 1405 1406
3 1407 1408 1409
3 1410 1411 1412
3 1413 1414 1415
3 1416 1417 1418
3 1419 1420 1421
3 1422 1423 1424
3 1425 1426 1427
3 1428 1429 1430
3 1431 1432 1433
3 1434 1435 1436
3 1437 1438 1439
3 1440 1441 1442
3 1443 1444 1445
3 1446 1447 1448
3 1449 1450 1451
3 1452 1453 1454
3 1455 1456 1457
3 1458 1459 1460
3 1461 1462 1463
3 1464 1465 1466
3 1467 1468 1469
3 1470 1471 1472
3 1473 1474 1475
3 1476 1477 1478
3 1479 1480 1481
3 1482 1483 1484
3 1485 1486 1487
3 1488 1489 1490
3 1491 1492 1493
3 1494 1495 1496
3 1497 1498 1499
3 1500 1501 1502
3 1503 1504 1505
3 1506 1507 1508
3 1509 1510 1511
3 1512 1513 1514
3 1515 1516 1517
3 1518 1519 1520
3 1521 1522 1523
3 1524 1525 1526
3 1527 1528 1529
3 1530 1531 1532
3 1533 1534 1535
3 1536 1537 1538
3 1539 1540 1541
3 1542 1543 1544
3 1545 1546 1547
3 1548 1549 1550
3 1551 1552 1553
3 1554 1555 1556
3 1557 1558 1559
3 1560 1561 1562
3 1563 1564 1565
3 1566 1567 1568
3 1569 1570 1571
3 1572 1573 1574
3 1575 1576 1577
3 1578 1579 1580
3 1581 1582 1583
3 1584 1585 1586
3 1587 1588 1589
3 1590 1591 1592
3 1593 1594 1595
3 1596 1597 1598
3 1599 1600 1601
3 1602 1603 1604
3 1605 1606 1607
3 1608 1609 1610
3 1611 1612 1613
3 1614 1615 1616
3 1617 1618 1619
3 1620 1621 1622
3 1623 1624 1625
3 1626 1627 1628
3 1629 1630 1631
3 1632 1633 1634
3 772 1635 1636
3 776 1637 1638
3 778 1639 1640
3 781 1641 1642
3 784 1643 1644
3 1645 1646 1647
3 1648 790 1649
3 793 1650 1651
3 796 1652 1653
3 800 1654 1655
3 802 1656 1657
3 805 1658 1659
3 808 1660 1661
3 1662 811 1663
3 814 1664 1665
3 818 1666 1667
3 821 1668 1669
3 823 1670 1671
3 826 1672 1673
3 829 1674 1675
3 832 1676 1677
3 835 1678 1679
3 839 1680 1681
3 1682 1683 1684
3 844 1685 1686
3 847 1687 1688
3 850 1689 1690
3 853 1691 1692
3 1693 1694 1695
3 860 1696 1697
3 1698 1699 1700
3 1701 1702 1703
3 1704 1705 1706
3 1707 1708 1709
3 1710 1711 1712
3 1713 1714 1715
3 1716 1717 1718
3 1719 1720 1721
3 1722 1723 1724
3 1725 1726 1727
3 1728 1729 1730
3 1731 1732 1733
3 1734 1735 1736
3 1737 1738 1739
3 1740 1741 1742
3 1743 1744 1745
3 1746 1747 1743
3 1748 1749 1746
3 1748 1750 1751
3 1752 1750 1753
3 1752 1754 1755
3 1756 1754 1757
3 1758 1759 1756
3 1758 1760 1761
3 1762 1763 1760
3 1764 1765 1763
3 1766 1767 1765
3 1768 1769 1767
3 1770 1769 1771
3 1770 1739 1772
3 1773 1774 1775
3 1776 1777 1773
3 1776 1778 1779
3 1780 1778 1781
3 1782 1783 1780
3 1782 1784 1785
3 1786 1787 1784
3 1788 1789 1787
3 1790 1791 1789
3 1792 1791 1793
3 1792 1794 1795
3 1796 1794 1797
3 1798 1799 1796
3 1800 1801 1798
3 1802 1803 1800
3 1804 1805 1802
3 1806 1807 1808
3 1809 1810 1806
3 1811 1812 1809
3 1813 1814 1811
3 1815 1816 1813
3 1817 1818 1815
3 1819 1820 1817
3 1821 1822 1819
3 1821 1823 1824
3 1825 1823 1826
3 1825 1827 1828
3 1829 1830 1827
3 1831 1832 1830
3 1833 1832 1834
3 1833 1742 1835
3 1836 1837 1838
3 1839 1840 1836
3 1839 1841 1842
3 1843 1841 1844
3 1845 1846 1843
3 1845 1847 1848
3 1849 1847 1850
3 1849 1851 1852
3 1853 1854 1851
3 1855 1854 1856
3 1857 1858 1855
3 1859 1860 1857
3 1861 1862 1859
3 1863 1864 1861
3 1865 1866 1863
3 1865 1867 1868
3 1869 1870 1871
3 1872 1873 1874
3 1875 1876 1877
3 1878 1879 1880
3 1881 1882 1883
3 1884 1885 1882
3 1886 1887 1885
3 1888 1889 1890
3 1891 1892 1893
3 1894 1895 1892
3 1896 1897 1895
3 1898 1899 1900
3 1901 1902 1903
3 1904 1905 1906
3 1907 1908 1909
3 1910 1911 1912
3 1913 1914 1915
3 1916 1917 1918
3 1919 1920 1921
3 1922 1923 1924
3 1925 1926 1927
3 1928 1929 1930
3 1931 1932 1933
3 1934 1935 1936
3 1937 1938 1939
3 1940 1941 1942
3 1943 1944 1945
3 1946 1947 1948
3 1949 1950 1951
3 1952 1953 1954
3 1955 1956 1957
3 1958 1959 1956
3 1960 1961 1959
3 1962 1963 1961
3 1964 1965 1963
3 1966 1967 1968
3 1969 1970 1971
3 1972 1973 1974
3 1975 1976 1977
3 1978 1979 1980
3 1981 1982 1983
3 1984 1985 1982
3 1986 1987 1988
3 1989 1990 1991
3 1992 1993 1990
3 1994 1995 1993
3 1996 1997 1998
3 1999 2000 2001
3 2002 2003 2004
3 2005 2006 2007
3 2008 2009 2010
3 2011 2012 2013
3 2014 2015 2016
3 2017 2018 2019
3 2020 2021 2022
3 2023 2024 2025
3 2026 2027 2028
3 2029 2030 2031
3 2032 2033 2034
3 2035 2036 2037
3 2038 2039 2040
3 2041 2042 2043
3 2044 2045 2046
3 2047 2048 2049
3 2050 2051 2052
3 2053 2054 2055
3 2056 2057 2058
3 2059 2060 2057
3 2061 2062 2060
3 2063 2064 2062
3 2065 2066 2064
3 2067 2068 2069
3 2070 2071 2072
3 2073 2074 2075
3 2076 2077 2078
3 2079 2080 2081
3 2082 2083 2084
3 2085 2086 2087
3 2088 2089 2090
3 2091 2092 2093
3 2094 2095 2096
3 2097 2098 2099
3 2100 2101 2102
3 2103 2104 2105
3 2106 2107 2108
3 2109 2110 2111
3 2112 2113 2114
3 2115 2116 2117
3 2118 2119 2120
3 2121 2122 2123
3 2124 2125 2126
3 2127 2128 2129
3 2130 2131 2132
3 2126 2133 2134
3 2135 2136 2137
3 2120 2138 2139
3 2140 2141 2142
3 2143 2144 2145
3 2139 2146 2147
3 2148 2149 2150
3 2134 2151 2152
3 2153 2154 2155
3 2154 2152 2155
3 2156 2157 2158
3 2157 2147 2158
3 2159 2160 2157
3 2160 2139 2157
3 2161 2162 2154
3 2162 2134 2154
3 2163 2164 2165
3 2166 2131 2164
3 2167 2168 2169
3 2129 2170 2167
3 2171 2162 2172
3 2173 2126 2162
3 2174 2160 2175
3 2176 2120 2160
3 2177 2178 2179
3 2180 2181 2182
3 2183 2184 2185
3 2186 2187 2188
3 2189 2190 2191
3 2192 2193 2194
3 2195 2196 2197
3 2198 2199 2200
3 2201 2202 2203
3 2204 2205 2206
3 2207 2208 2209
3 2210 2211 2212
3 2213 2214 2215
3 2216 2217 2218
3 2219 2220 2221
3 2222 2223 2224
3 2225 2226 2227
3 2228 2229 2230
3 2231 2232 2233
3 2234 2235 2236
3 2237 2238 2235
3 2239 2240 2238
3 2241 2218 2240
3 2242 2243 2244
3 2244 2245 2246
3 2245 2247 2246
3 2248 2212 2247
3 2249 2250 2251
3 2251 2252 2253
3 2252 2254 2253
3 2255 2206 2254
3 2256 2257 2258
3 2259 2260 2261
3 2262 2263 2264
3 2265 2266 2267
3 2268 2269 2270
3 2271 2272 2273
3 2274 2275 2276
3 2277 2278 2279
3 2280 2281 2282
3 2283 2284 2285
3 2286 2287 2288
3 2289 2290 2291
3 2292 2293 2294
3 2295 2296 2297
3 2298 2299 2300
3 2301 2302 2303
3 2304 2305 2306
3 2307 2308 2309
3 2310 2311 2312
3 2313 2314 2315
3 2316 2317 2318
3 2319 2320 2321
3 2322 2323 2324
3 2325 2326 2327
3 2328 2329 2330
3 2331 2332 2333
3 2334 2335 2336
3 2337 2338 2339
3 2340 2341 2342
3 2343 2344 2345
3 2346 2347 2348
3 2349 2350 2351
3 2352 2353 2354
3 2355 2356 2357
3 2358 2359 2360
3 2361 2362 2363
3 2364 2365 2366
3 2367 2368 2369
3 2370 2371 2372
3 2373 2374 2375
3 2376 2377 2378
3 2379 2380 2381
3 2382 2383 2384
3 2385 2386 2387
3 2388 2389 2390
3 2391 2392 2393
3 2394 2395 2396
3 2397 2398 2399
3 2400 2401 2402
3 2403 2404 2405
3 2406 2407 2408
3 2409 2410 2411
3 2412 2413 2414
3 2415 2416 2417
3 2418 2419 2420
3 2421 2422 2423
3 2424 2425 2426
3 2427 2428 2429
3 2430 2431 2432
3 2433 2434 2435
3 2436 2437 2438
3 2439 2440 2441
3 2442 2443 2444
3 2445 2446 2447
3 2448 2449 2450
3 2451 2452 2453
3 2454 2455 2456
3 2457 2458 2459
3 2460 2461 2462
3 2463 2464 2465
3 2466 2467 2468
3 2469 2470 2471
3 2472 2473 2474
3 2475 2476 2477
3 2478 2479 2480
3 2481 2482 2483
3 2484 2485 2486
3 2487 2488 2489
3 2490 2491 2492
3 2493 2494 2495
3 2496 2497 2498
3 2499 2500 2501
3 2502 2503 2504
3 2505 2506 2507
3 2508 2509 2510
3 2511 2512 2513
3 2514 2515 2516
3 2517 2518 2519
3 2520 2521 2522
3 2523 2524 2525
3 2526 2527 2528
3 2529 2530 2531
3 2532 2533 2534
3 2535 2536 2537
3 2538 2539 2540
3 2541 2542 2543
3 2544 2545 2546
3 2547 2548 2549
3 2550 2551 2552
3 2553 2554 2555
3 2556 2557 2558
3 2559 2560 2561
3 2562 2563 2564
3 2565 2566 2567
3 2568 2569 2570
3 2571 2572 2573
3 2574 2575 2576
3 2577 2578 2579
3 2580 2581 2582
3 2583 2584 2585
3 2586 2587 2588
3 2589 2590 2591
3 2592 2593 2594
3 2595 2596 2597
3 2598 2599 2600
3 2601 2602 2603
3 2604 2605 2606
3 2607 2608 2609
3 2610 2611 2612
3 2613 2614 2615
3 2616 2617 2618
3 2619 2620 2621
3 2622 2623 2624
3 2625 2626 2627
3 2628 2629 2630
3 2631 2632 2633
3 2634 2635 2636
3 2637 2638 2639
3 2640 2641 2642
3 2643 2644 2645
3 2646 2647 2648
3 2649 2650 2651
3 2652 2653 2654
3 2655 2656 2657
3 2658 2659 2660
3 2661 2662 2663
3 2664 2665 2666
3 2667 2668 2669
3 2670 2671 2672
3 2673 2674 2675
3 2676 2677 2678
3 2679 2680 2681
3 2682 2683 2684
3 2685 2686 2687
3 2688 2689 2690
3 2691 2692 2693
3 2694 2695 2696
3 2697 2698 2699
3 2700 2701 2702
3 2703 2704 2705
3 2706 2707 2708
3 2709 2710 2711
3 2712 2713 2714
3 2715 2716 2717
3 2718 2719 2720
3 2721 2722 2723
3 2724 2725 2726
3 2727 2728 2729
3 2730 2731 2732
3 2733 2734 2735
3 2736 2737 2738
3 2739 2740 2741
3 2742 2743 2744
3 2745 2746 2747
3 2748 2749 2750
3 2751 2752 2753
3 2754 2755 2756
3 2757 2758 2759
3 2760 2761 2762
3 2763 2764 2765
3 2766 2767 2768
3 2769 2770 2771
3 2772 2773 2774
3 2775 2776 2777
3 2778 2779 2780
3 2781 2782 2783
3 2784 2785 2786
3 2787 2788 2789
3 2790 2791 2792
3 2793 2794 2795
3 2796 2797 2798
3 2799 2800 2801
3 2802 2803 2804
3 2805 2806 2807
3 2808 2809 2810
3 2811 2812 2813
3 2814 2815 2816
3 2817 2818 2819
3 2820 2821 2822
3 2823 2824 2825
3 2826 2827 2828
3 2829 2830 2831
3 2832 2833 2834
3 2835 2836 2837
3 2838 2839 2840
3 2841 2842 2843
3 2844 2845 2846
3 2847 2848 2849
3 2850 2851 2852
3 2853 2854 2855
3 2856 2857 2858
3 2859 2860 2861
3 2862 2863 2864
3 2865 2866 2867
3 2868 2869 2870
3 2871 2872 2873
3 2874 2875 2876
3 2877 2878 2879
3 2880 2881 2882
3 2883 2884 2885
3 2886 2887 2888
3 2889 2890 2891
3 2892 2893 2894
3 2895 2896 2897
3 2898 2899 2900
3 2901 2902 2903
3 2904 2905 2906
3 2907 2908 2909
3 2910 2911 2912
3 2913 2914 2915
3 2916 2917 2918
3 2919 2920 2921
3 2922 2923 2924
3 2925 2926 2927
3 2928 2929 2930
3 2931 2932 2933
3 2934 2935 2936
3 2937 2938 2939
3 2940 2941 2942
3 2943 2944 2945
3 2946 2947 2948
3 2949 2950 2951
3 2952 2953 2954
3 2955 2956 2957
3 2958 2959 2960
3 2961 2962 2963
3 2964 2965 2966
3 2967 2968 2969
3 2970 2971 2972
3 2973 2974 2975
3 2976 2977 2978
3 2979 2980 2981
3 2982 2983 2984
3 2985 2986 2987
3 2988 2989 2990
3 2991 2992 2993
3 2994 2995 2996
3 2997 2998 2999
3 3000 3001 3002
3 3003 3004 3005
3 3006 3007 3008
3 3009 3010 3011
3 3012 3013 3014
3 3015 3016 3017
3 3018 3019 3020
3 3021 3022 3023
3 3024 3025 3026
3 3027 3028 3029
3 3030 3031 3032
3 3033 3034 3035
3 3036 3037 3038
3 3039 3040 3041
3 3042 3043 3044
3 3045 3046 3047
3 3048 3049 3050
3 3051 3052 3053
3 3054 3055 3056
3 3057 3058 3059
3 3060 3061 3062
3 3063 3064 3065
3 3066 3067 3068
3 3069 3070 3071
3 3072 3073 3074
3 3075 3076 3077
3 3078 3079 3080
3 3081 3082 3083
3 3084 3085 3086
3 3087 3088 3089
3 3090 3091 3092
3 3093 3094 3095
3 3096 3097 3098
3 3099 3100 3101
3 3102 3103 3104
3 3105 3106 3107
3 3108 3109 3110
3 3111 3112 3113
3 3114 3115 3116
3 3117 3118 3119
3 3120 3121 3122
3 3123 3124 3125
3 3126 3127 3128
3 3129 3130 3131
3 3132 3133 3134
3 3135 3136 3137
3 3138 3139 3140
3 3141 3142 3143
3 3144 3145 3146
3 3147 3148 3149
3 3150 3151 3152
3 3153 3154 3155
3 3156 3157 3158
3 3159 3160 3161
3 3162 3163 3164
3 3165 3166 3167
3 3168 3169 3170
3 3171 3172 3173
3 3174 3175 3176
3 3177 3178 3179
3 3180 3181 3182
3 3183 3184 3185
3 3186 3187 3188
3 3189 3190 3191
3 3192 3193 3194
3 3195 3196 3197
3 3198 3199 3200
3 3201 3202 3203
3 3204 3205 3206
3 3207 3208 3209
3 3210 3211 3212
3 3213 3214 3215
3 3216 3217 3218
3 3219 3220 3221
3 3222 3223 3224
3 3225 3226 3227
3 3228 3229 3230
3 3231 3232 3233
3 3234 3235 3236
3 3237 3238 3239
3 3240 3241 3242
3 3243 3244 3245
3 3246 3247 3248
3 3249 3250 3251
3 3252 3253 3254
3 3255 3256 3257
3 3258 3259 3260
3 3261 3262 3263
3 3264 3265 3266
3 3267 3268 3269
3 3270 3271 3272
3 3273 3274 3275
3 3276 3277 3278
3 3279 3280 3281
3 3282 3283 3284
3 3285 3286 3287
3 3288 3289 3290
3 3291 3292 3293
3 3294 3295 3296
3 3297 3298 3299
3 3300 3301 3302
3 3303 3304 3305
3 3306 3307 3308
3 3309 3310 3311
3 3312 3313 3314
3 3315 3316 3317
3 3318 3319 3320
3 3321 3322 3323
3 3324 3325 3326
3 3327 3328 3329
3 3330 3331 3332
3 3333 3334 3335
3 3336 3337 3338
3 3339 3340 3341
3 3342 3343 3344
3 3345 3346 3347
3 3348 3349 3350
3 3351 3352 3353
3 3354 3355 3356
3 3357 3358 3359
3 3360 3361 3362
3 3363 3364 3365
3 3366 3367 3368
3 3369 3370 3371
3 3372 3373 3374
3 3375 3376 3377
3 3378 3379 3380
3 3381 3382 3383
3 3384 3385 3386
3 3387 3388 3389
3 3390 3391 3392
3 3393 3394 3395
3 3396 3397 3398
3 3399 3400 3401
3 3402 3403 3404
3 3405 3406 3407
3 3408 3409 3410
3 3411 3412 3413
3 3414 3415 3416
3 3417 3418 3419
3 3420 3421 3422
3 3423 3424 3425
3 3426 3427 3428
3 3429 3430 3431
3 3432 3433 3434
3 3435 3436 3437
3 3438 3439 3440
3 3441 3442 3443
3 3444 3445 3446
3 3447 3448 3449
3 3450 3451 3452
3 3453 3454 3455
3 3456 3457 3458
3 3459 3460 3461
3 3462 3463 3464
3 3465 3466 3467
3 3468 3469 3470
3 3471 3472 3473
3 3474 3475 3476
3 3477 3478 3479
3 3480 3481 3482
3 3483 3484 3485
3 3486 3487 3488
3 3489 3490 3491
3 3492 3493 3494
3 3495 3496 3497
3 3498 3499 3500
3 3501 3502 3503
3 3504 3505 3506
3 3507 3508 3509
3 3510 3511 3512
3 3513 3514 3515
3 3516 3517 3518
3 3519 3520 3521
3 3522 3523 3524
3 3525 3526 3527
3 3528 3529 3530
3 3531 3532 3533
3 3534 3535 3536
3 3537 3538 3539
3 3540 3541 3542
3 3543 3544 3545
3 3546 3547 3548
3 3549 3550 3551
3 3552 3553 3554
3 3555 3556 3557
3 3558 3559 3560
3 3561 3562 3563
3 3564 3565 3566
3 3567 3568 3569
3 3570 3571 3572
3 3573 3574 3575
3 3576 3577 3578
3 3579 3580 3581
3 3582 3583 3584
3 3585 3586 3587
3 3588 3589 3590
3 3591 3592 3593
3 3594 3595 3596
3 3597 3598 3599
3 3600 3601 3602
3 3603 3604 3605
3 3606 3607 3608
3 3609 3610 3611
3 3612 3613 3614
3 3615 3616 3617
3 3618 3619 3620
3 3621 3622 3623
3 3624 3625 3626
3 3627 3628 3629
3 3630 3631 3632
3 3633 3634 3635
3 3636 3637 3638
3 3639 3640 3641
3 3642 3643 3644
3 3645 3646 3647
3 3648 3649 3650
3 3651 3652 3653
3 3654 3655 3656
3 3657 3658 3659
3 3660 3661 3662
3 3663 3664 3665
3 3666 3667 3668
3 3669 3670 3671
3 3672 3673 3674
3 3675 3676 3677
3 3678 3679 3680
3 3681 3682 3683
3 3684 3685 3686
3 3687 3688 3689
3 3690 3691 3692
3 3693 3694 3695
3 3696 3697 3698
3 3699 3700 3701
3 3702 3703 3704
3 3705 3706 3707
3 3708 3709 3710
3 3711 3712 3713
3 3714 3715 3716
3 3717 3718 3719
3 3720 3721 3722
3 3723 3724 3725
3 3726 3727 3728
3 3729 3730 3731
3 3732 3733 3734
3 3735 3736 3737
3 3738 3739 3740
3 3741 3742 3743
3 3744 3745 3746
3 3747 3748 3749
3 3750 3751 3752
3 3753 3754 3755
3 3756 3757 3758
3 3759 3760 3761
3 3762 3763 3764
3 3765 3766 3767
3 3768 3769 3770
3 3771 3772 3773
3 3774 3775 3776
3 3777 3778 3779
3 3780 3781 3782
3 3783 3784 3785
3 3786 3787 3788
3 3789 3790 3791
3 3792 3793 3794
3 3795 3796 3797
3 3798 3799 3800
3 3801 3802 3803
3 3804 3805 3806
3 3807 3808 3809
3 3810 3811 3812
3 3813 3814 3815
3 3816 3817 3818
3 3819 3820 3821
3 3822 3823 3824
3 3825 3826 3827
3 3828 3829 3830
3 3831 3832 3833
3 3834 3835 3836
3 3837 3838 3839
3 3840 3841 3842
3 3843 3844 3845
3 3846 3847 3848
3 3849 3850 3851
3 3852 3853 3854
3 3855 3856 3857
3 3858 3859 3860
3 3861 3862 3863
3 3864 3865 3866
3 3867 3868 3869
3 3870 3871 3872
3 3873 3874 3875
3 3876 3877 3878
3 3879 3880 3881
3 3882 3883 3884
3 3885 3886 3887
3 3888 3889 3890
3 3891 3027 3892
3 3893 3894 3895
3 3896 3033 3897
3 3898 3036 3899
3 3900 3039 3901
3 3902 3903 3904
3 3905 3046 3906
3 3907 3048 3908
3 3909 3910 3911
3 3912 3913 3054
3 3914 3057 3915
3 3916 3060 3917
3 3918 3063 3919
3 3920 3067 3921
3 3922 3069 3923
3 3924 3925 3072
3 3926 3927 3075
3 3928 3078 3929
3 3930 3081 3931
3 3932 3084 3933
3 3934 3087 3935
3 3936 3090 3937
3 3938 3939 3093
3 3940 3941 3942
3 3943 3099 3944
3 3945 3102 3946
3 3947 3105 3948
3 3949 3108 3950
3 3951 3952 3953
3 3954 3955 3114
3 3956 3957 3958
3 3959 3960 3961
3 3962 3963 3964
3 3965 3966 3967
3 3968 3969 3970
3 3971 3972 3973
3 3974 3975 3976
3 3959 3977 3974
3 3978 3979 3980
3 3981 3982 3983
3 3984 3982 3985
3 3986 3987 3981
3 3959 3988 3989
3 3990 3991 3992
3 3993 3965 3967
3 3994 3968 3970
3 3995 3996 3997
3 3998 3974 3976
3 3999 3959 3974
3 4000 4001 4002
3 3982 4003 4004
3 4005 3982 4004
3 3987 4006 4003
3 4007 4008 4009
3 4010 4011 4012
3 4013 4014 4015
3 4016 4017 4018
3 4019 4020 4021
3 4007 4022 4019
3 4023 4024 4025
3 4026 4027 4028
3 4029 4030 4031
3 4032 4033 4034
3 4035 4036 4037
3 4038 4039 4040
3 4041 4042 4043
3 4044 4045 4046
3 4047 4042 4048
3 4049 4050 4051
3 4052 4053 4054
3 4055 4056 4057
3 4058 4059 4060
3 4061 4062 4063
3 4064 4059 4065
3 4066 4067 4068
3 4069 4070 4071
3 4072 4073 4074
3 4075 4076 4077
3 4078 4079 4080
3 4081 4082 4083
3 4084 4079 4073
3 4085 4086 4087
3 4064 4088 4089
3 4090 4091 4092
3 4093 4094 4095
3 4096 4097 4098
3 4099 4100 4101
3 4052 4097 4102
3 4103 4104 4105
3 4106 4107 4108
3 4109 4048 4110
3 4111 4112 4113
3 4114 4115 4116
3 4117 4118 4119
3 4120 4115 4036
3 4121 4122 4123
3 4124 4011 4125
3 4126 4127 4128
3 4129 4130 4131
3 4132 4133 4134
3 4135 4136 4137
3 4138 4139 4140
3 4141 4136 4142
3 4143 4144 4145
3 4146 4147 4148
3 4149 4150 4151
3 4152 4153 4154
3 4155 4156 4157
3 4158 4159 4160
3 4161 4156 4162
3 4163 4164 4165
3 4166 4167 4168
3 4169 4170 4171
3 4172 4173 4174
3 4175 4176 4177
3 4178 4173 4179
3 4180 4181 4182
3 4183 4184 4185
3 4186 4187 4188
3 4189 4184 4190
3 4191 4192 4193
3 4194 4195 4196
3 4197 4198 4199
3 4200 4201 4202
3 4203 4204 4205
3 4206 4207 4208
3 4209 4210 4211
3 4212 4213 4214
3 4215 4216 4217
3 4218 4219 4220
3 4221 4222 4223
3 4224 4225 4226
3 4227 4228 4229
3 4230 4231 4232
3 4233 4234 4235
3 4236 4237 4238
3 4239 4240 4241
3 4242 4243 4244
3 4245 4246 4247
3 4248 4249 4250
3 4251 4252 4253
3 4254 4255 4256
3 4257 4258 4259
3 4260 4261 4262
3 4263 4264 4265
3 4266 4267 4268
3 4269 4270 4271
3 4272 4273 4274
3 4275 4276 4277
3 4278 4279 4280
3 4281 4282 4283
3 4129 4284 4285
3 4286 4284 4287
3 4141 4288 4289
3 4290 4291 4150
3 4292 4291 4293
3 4294 4162 4295
3 4166 4296 4297
3 4298 4299 4300
3 4178 4301 4302
3 4303 4190 4304
3 4303 4305 4306
3 4307 4308 4309
3 4310 4311 4301
3 4312 4313 4314
3 4294 4315 4316
3 4317 4318 4319
3 4320 4321 4288
3 4322 4323 4324
3 4035 4325 4326
3 4327 4328 4329
3 4330 4331 4053
3 4332 4333 4334
3 4072 4333 4335
3 4336 4331 4337
3 4338 4328 4088
3 4339 4325 4340
3 4109 4323 4341
3 4342 4321 4343
3 4344 4318 4130
3 4345 4315 4346
3 4149 4313 4347
3 4348 4311 4349
3 4350 4308 4167
3 4351 4305 4352
3 4353 4354 4355
3 4356 4357 4358
3 4359 4360 4361
3 4362 4363 4364
3 4365 4366 4367
3 4368 4369 4370
3 4371 4372 4373
3 4374 4375 4376
3 4377 4378 4379
3 4380 4381 4382
3 4383 4384 4385
3 4386 4387 4388
3 4124 4389 4390
3 4016 4391 4392
3 4393 4394 4395
3 4396 4017 4397
3 4390 4394 4398
3 4392 4399 4400
3 4401 4399 4402
3 4007 4403 4404
3 4405 4010 4406
3 4407 4013 4015
3 4408 4409 4410
3 4411 4019 4021
3 4412 4007 4019
3 4413 4414 4415
3 4416 4417 4418
3 4419 4420 4421
3 4422 4423 4424
3 4425 4426 4427
3 4428 4429 4430
3 4431 4041 4432
3 4433 4434 4435
3 4436 4431 4432
3 4437 4438 4439
3 4440 4441 4442
3 4443 4444 4445
3 4058 4446 4447
3 4448 4449 4450
3 4446 4451 4447
3 4452 4453 4454
3 4455 4456 4457
3 4458 4459 4460
3 4461 4462 4463
3 4464 4078 4465
3 4466 4467 4468
3 4459 4464 4465
3 4469 4470 4471
3 4472 4473 4451
3 4474 4475 4476
3 4477 4093 4095
3 4096 4478 4479
3 4480 4099 4101
3 4478 4442 4479
3 4481 4103 4105
3 4482 4106 4108
3 4483 4436 4484
3 4485 4111 4113
3 4486 4114 4487
3 4488 4117 4119
3 4426 4486 4487
3 4121 4489 4490
3 4491 4405 4406
3 4126 4492 4493
3 4494 4495 4496
3 4497 4132 4134
3 4135 4498 4499
3 4500 4138 4140
3 4498 4501 4499
3 4502 4143 4145
3 4503 4504 4146
3 4505 4506 4507
3 4508 4152 4154
3 4509 4155 4510
3 4511 4512 4513
3 4514 4509 4510
3 4515 4516 4517
3 4518 4519 4520
3 4521 4522 4523
3 4172 4524 4525
3 4526 4527 4528
3 4524 4529 4525
3 4530 4531 4532
3 4533 4183 4534
3 4535 4536 4537
3 4538 4533 4534
3 4539 4540 4541
3 4542 4543 4544
3 4545 4546 4547
3 4548 4549 4550
3 4551 4552 4553
3 4554 4555 4556
3 4557 4558 4559
3 4560 4561 4562
3 4563 4564 4565
3 4566 4567 4568
3 4569 4570 4571
3 4572 4573 4574
3 4575 4576 4577
3 4578 4579 4580
3 4581 4582 4583
3 4584 4585 4586
3 4587 4588 4589
3 4590 4591 4592
3 4593 4594 4595
3 4596 4597 4598
3 4599 4600 4601
3 4602 4603 4604
3 4605 4606 4607
3 4608 4609 4610
3 4611 4612 4613
3 4614 4615 4616
3 4617 4618 4619
3 4620 4621 4622
3 4623 4624 4625
3 4626 4627 4628
3 4629 4630 4631
3 4632 4496 4633
3 4286 4632 4633
3 4634 4635 4501
3 4506 4636 4637
3 4636 4292 4637
3 4638 4514 4639
3 4640 4518 4641
3 4642 4640 4641
3 4643 4644 4529
3 4645 4538 4646
3 4647 4646 4648
3 4649 4307 4650
3 4644 4651 4652
3 4653 4654 4655
3 4656 4639 4657
3 4658 4317 4659
3 4635 4660 4661
3 4322 4662 4663
3 4664 4427 4665
3 4666 4327 4667
3 4441 4668 4669
3 4332 4670 4671
3 4670 4460 4671
3 4668 4336 4669
3 4473 4666 4667
3 4339 4664 4665
3 4662 4484 4663
3 4660 4342 4661
3 4495 4658 4659
3 4345 4656 4657
3 4672 4507 4673
3 4651 4348 4652
3 4520 4649 4650
3 4351 4647 4648
3 4674 4675 4676
3 4677 4678 4679
3 4680 4681 4682
3 4683 4362 4684
3 4685 4686 4687
3 4688 4689 4690
3 4372 4691 4373
3 4692 4693 4694
3 4695 4696 4697
3 4698 4699 4700
3 4701 4702 4703
3 4704 4705 4706
3 4707 4708 4491
3 4709 4408 4710
3 4393 4711 4712
3 4409 4396 4410
3 4711 4707 4712
3 4713 4710 4714
3 4401 4713 4714
3 4715 4716 4717
3 4718 4719 4720
3 4721 4722 4723
3 4724 4725 4726
3 4727 4728 4729
3 4730 4731 4732
3 4733 4734 4735
3 4736 4737 4738
3 4739 4740 4741
3 4742 4743 4744
3 4745 4746 4747
3 4748 4749 4750
3 4751 4752 4753
3 4754 4755 4756
3 4757 4758 4759
3 4760 4761 4762
3 4763 4764 4765
3 4766 4767 4768
3 4769 4770 4771
3 4772 4773 4774
3 4775 4776 4777
3 4778 4779 4780
3 4781 4782 4783
3 4784 4785 4786
3 4787 4788 4789
3 4790 4791 4792
3 4793 4794 4795
3 4796 4797 4798
3 4799 4800 4801
3 4802 4803 4804
3 4805 4806 4807
3 4808 4809 4810
3 4811 4812 4813
3 4814 4815 4816
3 4817 4818 4819
3 4820 4821 4822
3 4823 4824 4825
3 4826 4827 4828
3 4829 4830 4831
3 4832 4833 4834
3 4835 4836 4837
3 4838 4839 4840
3 4841 4842 4843
3 4844 4845 4846
3 4847 4848 4849
3 4850 4851 4852
3 4853 4854 4855
3 4856 4857 4858
3 4859 4860 4861
3 4862 4863 4864
3 4865 4866 4867
3 4868 4869 4870
3 4871 4872 4873
3 4874 4875 4876
3 4877 4878 4879
3 4880 4881 4882
3 4883 4884 4885
3 4886 4887 4888
3 4889 4890 4891
3 4892 4893 4894
3 4895 4896 4897
3 4898 4899 4900
3 4901 4902 4903
3 4904 4905 4906
3 4907 4908 4909
3 4910 4911 4912
3 4913 4914 4915
3 4915 4916 4917
3 4917 4918 4919
3 4919 4920 4921
3 4921 4922 4923
3 4924 4925 4926
3 4926 4927 4928
3 4929 4930 4931
3 4932 4933 4934
3 4935 4936 4937
3 4937 4938 4939
3 4940 4941 4942
3 4943 4944 4945
3 4946 4947 4948
3 4949 4950 4951
3 4952 4953 4954
3 4954 4955 4952
3 4956 4957 4958
3 4958 4959 4956
3 4960 4961 4962
3 4963 4964 4965
3 4966 4967 4968
3 4969 4970 4971
3 4972 4973 4974
3 4975 4976 4977
3 4978 4979 4980
3 4981 4982 4979
3 4983 4984 4985
3 4986 4987 4988
3 4989 4990 4908
3 4991 4992 4993
3 4994 4995 4996
3 4997 4998 4999
3 5000 5001 5002
3 5003 5004 5005
3 5006 5007 5008
3 5009 5010 5011
3 5012 5013 5010
3 5014 5015 5013
3 5016 5017 5015
3 5018 5019 5020
3 5021 5022 5023
3 5024 5025 5026
3 5027 5028 5029
3 5030 5031 5032
3 5033 5034 5035
3 5035 5036 5037
3 5037 5038 5039
3 5039 5040 5041
3 5041 5042 5043
3 5043 5044 5045
3 5045 5046 5047
3 5047 5048 5049
3 5048 5050 5049
3 5050 5051 5052
3 5053 5054 5055
3 5056 5057 5058
3 5059 5060 5061
3 5062 5063 5064
3 5065 5066 5067
3 5068 5069 5070
3 5071 5072 5073
3 5074 5075 5076
3 5077 5078 5079
3 5080 5081 5082
3 5083 5084 5085
3 5086 5087 5088
3 5089 5090 5091
3 5092 5093 5094
3 5095 5096 5097
3 5098 5099 5100
3 5101 5102 5103
3 5104 5105 5106
3 5107 5108 5109
3 5110 5111 5112
3 5113 5114 5115
3 5116 5117 5118
3 5119 5120 5121
3 5122 5123 5124
3 5125 5126 5127
3 5128 5129 5130
3 5131 5132 5133
3 5134 5135 5136
3 5137 5138 5139
3 5140 5141 5142
3 5143 5144 5145
3 5146 5147 5148
3 5149 5150 5151
3 5152 5153 5154
3 5155 5156 5157
3 5158 5159 5160
3 5161 5162 5163
3 5164 5165 5166
3 5167 5168 5169
3 5170 5171 5172
3 5173 5174 5175
3 5176 5177 5178
3 5179 5180 5181
3 5182 5183 5184
3 5185 5186 5187
3 5188 5189 5190
3 5191 5192 5193
3 5194 5195 5196
3 5197 5198 5199
3 5200 5201 5202
3 5203 5204 5205
3 5206 5207 5208
3 5209 5210 5211
3 5212 5213 5214
3 5215 5216 5217
3 5218 5219 5220
3 5221 5222 5223
3 5224 5225 5226
3 5227 5228 5229
3 5230 5231 5232
3 5233 5234 5235
3 5236 5237 5238
3 5239 5240 5241
3 5242 5243 5244
3 5245 5246 5247
3 5248 5249 5250
3 5251 5252 5253
3 5254 5255 5256
3 5257 5258 5259
3 5260 5261 5262
3 5263 5264 5265
3 5266 5267 5268
3 5269 5270 5271
3 5272 5273 5274
3 5274 5275 5272
3 5276 5277 5278
3 5279 5278 5280
3 5280 5281 5279
3 5282 5283 5284
3 5285 5286 5287
3 5288 5289 5290
3 5291 5292 5293
3 5294 5295 5296
3 5297 5296 5298
3 5299 5300 5301
3 5302 5303 5304
3 5305 5306 5307
3 5308 5309 5310
3 5311 5312 5308
3 5313 5314 5311
3 5315 5316 5317
3 5318 5319 5315
3 5320 5321 5322
3 5323 5324 5325
3 5326 5327 5328
3 5329 5330 4971
3 5331 5332 5333
3 5334 5335 5336
3 5337 5338 5339
3 5340 5341 5337
3 5342 5343 5344
3 5345 5346 5347
3 5268 5348 5349
3 5350 5351 5352
3 5353 5354 5355
3 5356 5357 5358
3 5359 5360 5361
3 5362 5363 5364
3 5365 5366 5367
3 5368 5369 5370
3 5013 5371 5368
3 5372 5373 5013
3 5374 5375 5372
3 5376 5377 5378
3 5379 5380 5381
3 5382 5383 5384
3 5385 5386 5387
3 5388 5389 5390
3 5391 5392 5393
3 5393 5394 5391
3 5395 5396 5394
3 5397 5398 5399
3 5399 5400 5397
3 5401 5402 5400
3 5403 5404 5402
3 5405 5406 5404
3 5407 5408 5406
3 5409 5410 5408
3 5411 5412 5413
3 5414 5415 5416
3 5417 5418 5419
3 5420 5421 5422
3 5423 5424 5425
3 5426 5427 5428
3 5429 5430 5431
3 5432 5433 5434
3 3 5435 4
3 5436 5437 5438
3 5439 5440 5441
3 5442 5443 5444
3 5445 5446 5447
3 5448 5449 5450
3 5451 5452 5453
3 5454 5455 5456
3 5457 5458 5459
3 5460 5461 5462
3 5463 5464 5465
3 5466 5467 5468
3 5469 5470 5471
3 48 5472 49
3 5473 5474 5475
3 54 5476 55
3 5477 5478 5479
3 60 5480 61
3 63 5481 64
3 5482 5483 5484
3 5485 5486 5487
3 78 5488 79
3 5489 5490 5491
3 5492 5493 5494
3 87 5495 88
3 90 5496 91
3 93 5497 94
3 5498 5499 5500
3 99 5501 100
3 5502 5503 5504
3 105 5505 106
3 108 5506 109
3 111 5507 112
3 5508 5509 5510
3 5511 5512 5513
3 5514 5515 5516
3 5517 5518 5519
3 126 5520 127
3 5521 5522 5523
3 5524 5525 5526
3 5527 5528 5529
3 144 5530 145
3 5531 5532 5533
3 5534 5535 5536
3 5537 5538 5539
3 5540 5541 5542
3 165 5543 166
3 5544 5545 5546
3 171 5547 172
3 5548 5549 5550
3 5551 5552 5553
3 5554 5555 5556
3 5557 5558 5559
3 5560 5561 5562
3 5563 5564 5565
3 5566 5567 5568
3 5569 5570 5571
3 198 5572 199
3 5573 5574 5575
3 5576 5577 5578
3 5579 5580 5581
3 5582 5583 5584
3 5585 5586 5587
3 5588 5589 5590
3 5591 5592 5593
3 5594 5595 5596
3 5597 5598 5599
3 5600 5601 5602
3 5603 5604 5605
3 5606 5607 5608
3 5609 5610 5611
3 5612 5613 5614
3 5615 5616 5617
3 5618 5619 5620
3 5621 5622 5623
3 264 5624 265
3 267 5625 268
3 5626 5627 5628
3 5629 5630 5631
3 5632 5633 5634
3 5635 5636 5637
3 5638 5639 5640
3 5641 5642 5643
3 5644 5645 5646
3 5647 5648 5649
3 5650 5651 5652
3 5653 5654 5655
3 5656 5657 5658
3 5659 5660 5661
3 5662 5663 5664
3 5665 5666 5667
3 5668 5669 5670
3 5671 5672 5673
3 5674 5675 5676
3 5677 5678 5679
3 5680 5681 5682
3 5683 5684 5685
3 5686 5687 5688
3 5689 5690 5691
3 5692 5693 5694
3 5695 5696 5697
3 5698 5699 5700
3 5701 5702 5703
3 5704 5705 5706
3 5707 5708 5709
3 5710 5711 5712
3 5713 5714 5715
3 5716 5717 5718
3 5719 5720 5721
3 5722 5723 5724
3 5725 5726 5727
3 5728 5729 5730
3 5731 5732 5733
3 5734 5735 5736
3 5737 5738 5739
3 5740 5741 5742
3 5743 5744 5745
3 5746 5747 5748
3 5749 5750 5751
3 5752 5753 5754
3 5755 5756 5757
3 5758 5759 5760
3 5761 5762 5763
3 5764 5765 5766
3 5767 5768 5769
3 5770 5771 5772
3 5773 5774 5775
3 5776 5777 5778
3 5779 5780 5781
3 450 5782 451
3 5783 5784 5785
3 5786 5787 5788
3 5789 5790 5791
3 5792 5793 5794
3 5795 5796 5797
3 5798 5799 5800
3 5801 5802 5803
3 5804 5805 5806
3 5807 5808 5809
3 5810 5811 5812
3 5813 5814 5815
3 5816 5817 5818
3 489 5819 490
3 5820 5821 5822
3 5823 5824 5825
3 5826 5827 5828
3 5829 5830 5831
3 5832 5833 5834
3 5835 5836 5837
3 5838 5839 5840
3 5841 5842 5843
3 522 5844 523
3 5845 5846 5847
3 5848 5849 5850
3 5851 5852 5853
3 5854 5855 5856
3 540 5857 541
3 5858 5859 5860
3 5861 5862 5863
3 5864 5865 5866
3 5867 5868 5869
3 5870 5871 5872
3 5873 5874 5875
3 5876 5877 5878
3 5879 5880 5881
3 567 5882 568
3 5883 5884 5885
3 5886 5887 5888
3 5889 5890 5891
3 582 5892 583
3 5893 5894 5895
3 5896 5897 5898
3 5899 5900 5901
3 5902 5903 5904
3 5905 5906 5907
3 5908 5909 5910
3 5911 5912 5913
3 5914 5915 5916
3 5917 5918 5919
3 618 5920 619
3 621 5921 622
3 5922 5923 5924
3 627 5925 628
3 5926 5927 5928
3 5929 5930 5931
3 636 5932 637
3 639 5933 640
3 642 5934 643
3 645 5935 646
3 5936 5937 5938
3 5939 5940 5941
3 654 5942 655
3 5943 5944 5945
3 5946 5947 5948
3 5949 5950 5951
3 5952 5953 5954
3 5955 5956 5957
3 5958 5959 5960
3 5961 5962 5963
3 684 5964 685
3 693 5965 694
3 5966 5967 5968
3 5969 5970 5971
3 5972 5973 5974
3 5975 5976 5977
3 708 5978 709
3 5979 5980 5981
3 5982 5983 5984
3 5985 5986 5987
3 720 5988 721
3 723 5989 724
3 5990 5991 5992
3 5993 5994 5995
3 5996 5997 5998
3 5999 6000 6001
3 6002 6003 6004
3 6005 6006 6007
3 6008 6009 6010
3 747 6011 748
3 6012 6013 6014
3 6015 6016 6017
3 6018 6019 6020
3 6021 6022 6023
3 6024 6025 6026
3 6027 6028 6029
3 774 6030 775
3 777 6031 778
3 6032 6033 6034
3 783 6035 784
3 6036 6037 6038
3 789 6039 790
3 792 6040 793
3 795 6041 796
3 798 6042 799
3 801 6043 802
3 6044 6045 6046
3 807 6047 808
3 810 6048 811
3 6049 6050 6051
3 816 6052 817
3 819 6053 820
3 822 6054 823
3 825 6055 826
3 828 6056 829
3 831 6057 832
3 834 6058 835
3 837 6059 838
3 6060 6061 6062
3 6063 6064 6065
3 6066 6067 6068
3 6069 6070 6071
3 6072 6073 6074
3 6075 6076 6077
3 858 6078 859
3 861 6079 862
3 6080 6081 6082
3 867 6083 868
3 6084 6085 6086
3 6087 6088 6089
3 6090 6091 6092
3 6093 6094 6095
3 6096 6097 6098
3 6099 6100 6101
3 6102 6103 6104
3 6105 6106 6107
3 6108 6109 6110
3 6111 6112 6113
3 6114 6115 6116
3 6117 6118 6119
3 6120 6121 6122
3 915 6123 916
3 918 6124 919
3 6125 6126 6127
3 6128 6129 6130
3 6131 6132 6133
3 6134 6135 6136
3 6137 6138 6139
3 6140 6141 6142
3 6143 6144 6145
3 948 6146 949
3 6147 6148 6149
3 6150 6151 6152
3 6153 6154 6155
3 6156 6157 6158
3 963 6159 964
3 6160 6161 6162
3 6163 6164 6165
3 972 6166 973
3 6167 6168 6169
3 978 6170 979
3 6171 6172 6173
3 6174 6175 6176
3 6177 6178 6179
3 990 6180 991
3 993 6181 994
3 1002 6182 1003
3 6183 6184 6185
3 6186 6187 6188
3 6189 6190 6191
3 6192 6193 6194
3 6195 6196 6197
3 6198 6199 6200
3 6201 6202 6203
3 6204 6205 6206
3 6207 6208 6209
3 6210 6211 6212
3 6213 6214 6215
3 6216 6217 6218
3 6219 6220 6221
3 6222 6223 6224
3 6225 6226 6227
3 6228 6229 6230
3 1059 6231 1060
3 6232 6233 6234
3 6235 6236 6237
3 6238 6239 6240
3 6241 6242 6243
3 1074 6244 1075
3 6245 6246 6247
3 6248 6249 6250
3 6251 6252 6253
3 6254 6255 6256
3 6257 6258 6259
3 6260 6261 6262
3 6263 6264 6265
3 6266 6267 6268
3 6269 6270 6271
3 6272 6273 6274
3 6275 6276 6277
3 6278 6279 6280
3 6281 6282 6283
3 6284 6285 6286
3 6287 6288 6289
3 6290 6291 6292
3 6293 6294 6295
3 6296 6297 6298
3 6299 6300 6301
3 6302 6303 6304
3 6305 6306 6307
3 6308 6309 6310
3 6311 6312 6313
3 6314 6315 6316
3 6317 6318 6319
3 6320 6321 6322
3 6323 6324 6325
3 1170 6326 1171
3 6327 6328 6329
3 6330 6331 6332
3 6333 6334 6335
3 6336 6337 6338
3 1191 6339 1192
3 6340 6341 6342
3 6343 6344 6345
3 6346 6347 6348
3 6349 6350 6351
3 6352 6353 6354
3 6355 6356 6357
3 6358 6359 6360
3 6361 6362 6363
3 6364 6365 6366
3 6367 6368 6369
3 6370 6371 6372
3 6373 6374 6375
3 6376 6377 6378
3 6379 6380 6381
3 6382 6383 6384
3 6385 6386 6387
3 6388 6389 6390
3 6391 6392 6393
3 6394 6395 6396
3 6397 6398 6399
3 6400 6401 6402
3 6403 6404 6405
3 6406 6407 6408
3 6409 6410 6411
3 6412 6413 6414
3 6415 6416 6417
3 6418 6419 6420
3 6421 6422 6423
3 6424 6425 6426
3 6427 6428 6429
3 6430 6431 6432
3 6433 6434 6435
3 1308 6436 1309
3 6437 6438 6439
3 1314 6440 1315
3 6441 6442 6443
3 6444 6445 6446
3 6447 6448 6449
3 1326 6450 1327
3 6451 6452 6453
3 6454 6455 6456
3 6457 6458 6459
3 6460 6461 6462
3 6463 6464 6465
3 1344 6466 1345
3 6467 6468 6469
3 6470 6471 6472
3 1353 6473 1354
3 6474 6475 6476
3 6477 6478 6479
3 6480 6481 6482
3 6483 6484 6485
3 6486 6487 6488
3 6489 6490 6491
3 6492 6493 6494
3 1383 6495 1384
3 1386 6496 1387
3 6497 6498 6499
3 6500 6501 6502
3 6503 6504 6505
3 1401 6506 1402
3 6507 6508 6509
3 1407 6510 1408
3 6511 6512 6513
3 6514 6515 6516
3 6517 6518 6519
3 1419 6520 1420
3 6521 6522 6523
3 1425 6524 1426
3 6525 6526 6527
3 1431 6528 1432
3 6529 6530 6531
3 6532 6533 6534
3 1443 6535 1444
3 6536 6537 6538
3 6539 6540 6541
3 6542 6543 6544
3 6545 6546 6547
3 6548 6549 6550
3 6551 6552 6553
3 1470 6554 1471
3 1473 6555 1474
3 6556 6557 6558
3 6559 6560 6561
3 6562 6563 6564
3 6565 6566 6567
3 6568 6569 6570
3 1491 6571 1492
3 1494 6572 1495
3 6573 6574 6575
3 6576 6577 6578
3 6579 6580 6581
3 6582 6583 6584
3 6585 6586 6587
3 6588 6589 6590
3 6591 6592 6593
3 1518 6594 1519
3 6595 6596 6597
3 6598 6599 6600
3 6601 6602 6603
3 6604 6605 6606
3 1539 6607 1540
3 6608 6609 6610
3 1545 6611 1546
3 1548 6612 1549
3 1557 6613 1558
3 6614 6615 6616
3 6617 6618 6619
3 1566 6620 1567
3 6621 6622 6623
3 6624 6625 6626
3 6627 6628 6629
3 6630 6631 6632
3 6633 6634 6635
3 1584 6636 1585
3 1587 6637 1588
3 6638 6639 6640
3 1593 6641 1594
3 1596 6642 1597
3 6643 6644 6645
3 6646 6647 6648
3 6649 6650 6651
3 1608 6652 1609
3 1611 6653 1612
3 6654 6655 6656
3 6657 6658 6659
3 6660 6661 6662
3 6663 6664 6665
3 6666 6026 6025
3 6029 6028 6667
3 776 775 1637
3 778 6031 1639
3 6034 6033 6668
3 784 6035 1643
3 788 787 6669
3 1648 791 790
3 793 6040 1650
3 796 6041 1652
3 800 799 1654
3 802 6043 1656
3 805 6670 1658
3 808 6047 1660
3 1662 812 811
3 6051 6050 6671
3 818 817 1666
3 821 820 1668
3 823 6054 1670
3 826 6055 1672
3 829 6056 1674
3 832 6057 1676
3 835 6058 1678
3 839 838 1680
3 6062 6061 6672
3 6065 6064 6673
3 6068 6067 6674
3 6071 6070 6675
3 6074 6073 6676
3 6677 6077 6076
3 860 859 1696
3 862 6079 6678
3 1701 6679 1702
3 1704 6680 1705
3 1707 6681 1708
3 1710 6682 1711
3 1713 6683 1714
3 1716 6684 1717
3 1719 6685 1720
3 1722 6686 1723
3 1725 6687 1726
3 1728 6688 1729
3 1731 6689 1732
3 1734 6690 1735
3 1737 6691 1738
3 1740 6692 1741
3 1743 1747 1744
3 1746 1749 1747
3 1748 1751 1749
3 1748 1753 1750
3 1752 1755 1750
3 1752 1757 1754
3 1756 1759 1754
3 1758 1761 1759
3 1758 1762 1760
3 1762 1764 1763
3 1764 1766 1765
3 1766 1768 1767
3 1768 1771 1769
3 1770 1772 1769
3 1770 1737 1739
3 1773 1777 1774
3 1776 1779 1777
3 1776 1781 1778
3 1780 1783 1778
3 1782 1785 1783
3 1782 1786 1784
3 1786 1788 1787
3 1788 1790 1789
3 1790 1793 1791
3 1792 1795 1791
3 1792 1797 1794
3 1796 1799 1794
3 1798 1801 1799
3 1800 1803 1801
3 1802 1805 1803
3 1804 6693 1805
3 1806 1810 1807
3 1809 1812 1810
3 1811 1814 1812
3 1813 1816 1814
3 1815 1818 1816
3 1817 1820 1818
3 1819 1822 1820
3 1821 1824 1822
3 1821 1826 1823
3 1825 1828 1823
3 1825 1829 1827
3 1829 1831 1830
3 1831 1834 1832
3 1833 1835 1832
3 1833 1740 1742
3 1836 1840 1837
3 1839 1842 1840
3 1839 1844 1841
3 1843 1846 1841
3 1845 1848 1846
3 1845 1850 1847
3 1849 1852 1847
3 1849 1853 1851
3 1853 1856 1854
3 1855 1858 1854
3 1857 1860 1858
3 1859 1862 1860
3 1861 1864 1862
3 1863 1866 1864
3 1865 1868 1866
3 1865 6694 1867
3 1869 6695 1870
3 1872 6696 1873
3 1875 6697 1876
3 1878 6698 1879
3 1881 1884 1882
3 1884 1886 1885
3 1886 6699 1887
3 1888 6700 1889
3 1891 1894 1892
3 1894 1896 1895
3 1896 6701 1897
3 6702 6703 6704
3 6705 6706 6707
3 6708 6709 6710
3 1907 6711 1908
3 6712 6713 6714
3 1913 6715 1914
3 1916 6716 1917
3 1919 6717 1920
3 1922 6718 1923
3 1925 6719 1926
3 1928 6720 1929
3 6721 6722 6723
3 6724 6725 6726
3 1937 6727 1938
3 6728 6729 6730
3 6731 6732 6733
3 1946 6734 1947
3 1949 6735 1950
3 1952 6736 1953
3 1955 1958 1956
3 1958 1960 1959
3 1960 1962 1961
3 1962 1964 1963
3 1964 6737 1965
3 1966 6738 1967
3 1969 6739 1970
3 1972 6740 1973
3 1975 6741 1976
3 1978 6742 1979
3 1981 1984 1982
3 1984 6743 1985
3 1986 6744 1987
3 1989 1992 1990
3 1992 1994 1993
3 1994 6745 1995
3 1996 6746 1997
3 1999 6747 2000
3 2002 6748 2003
3 6749 6750 6751
3 6752 6753 6754
3 2011 6755 2012
3 2014 6756 2015
3 2017 6757 2018
3 2020 6758 2021
3 2023 6759 2024
3 2026 6760 2027
3 2029 6761 2030
3 2032 6762 2033
3 2035 6763 2036
3 6764 6765 6766
3 6767 6768 6769
3 6770 6771 6772
3 2047 6773 2048
3 2050 6774 2051
3 2053 6775 2054
3 2056 2059 2057
3 2059 2061 2060
3 2061 2063 2062
3 2063 2065 2064
3 2065 6776 2066
3 2067 6777 2068
3 2070 6778 2071
3 2073 6779 2074
3 2076 6780 2077
3 2079 6781 2080
3 2082 6782 2083
3 2085 6783 2086
3 2088 6784 2089
3 2091 6785 2092
3 2094 6786 2095
3 2097 6787 2098
3 2100 6788 2101
3 2103 6789 2104
3 2106 6790 2107
3 2109 6791 2110
3 2112 6792 2113
3 2115 6793 2116
3 2118 6794 2119
3 2121 6795 2122
3 2124 6796 2125
3 2127 6797 2128
3 2130 6798 2131
3 2126 2125 2133
3 2135 6799 2136
3 2120 2119 2138
3 2140 6800 2141
3 2143 6801 2144
3 2139 2138 2146
3 6802 2137 2136
3 2134 2133 2151
3 2153 2161 2154
3 2154 2134 2152
3 2156 2159 2157
3 2157 2139 2147
3 2159 2175 2160
3 2160 2120 2139
3 2161 2172 2162
3 2162 2126 2134
3 2163 2166 2164
3 2166 2132 2131
3 2167 2170 2168
3 2129 2128 2170
3 2171 2173 2162
3 2173 2124 2126
3 2174 2176 2160
3 2176 2118 2120
3 2177 6803 2178
3 2180 6804 2181
3 2183 6805 2184
3 2186 6806 2187
3 2189 6807 2190
3 2192 6808 2193
3 2195 6809 2196
3 2198 6810 2199
3 2201 6811 2202
3 2204 6812 2205
3 2207 6813 2208
3 2210 6814 2211
3 2213 6815 2214
3 2216 6816 2217
3 2219 6817 2220
3 2222 6818 2223
3 2225 6819 2226
3 2228 6820 2229
3 2231 6821 2232
3 2234 2237 2235
3 2237 2239 2238
3 2239 2241 2240
3 2241 2216 2218
3 2242 6822 2243
3 2244 2243 2245
3 2245 2248 2247
3 2248 2210 2212
3 2249 6823 2250
3 2251 2250 2252
3 2252 2255 2254
3 2255 2204 2206
3 6824 6825 6826
3 2259 6827 2260
3 6828 6829 6830
3 6831 6832 6833
3 6834 6835 6836
3 6837 6838 6839
3 6840 6841 6842
3 6843 6844 6845
3 6846 6847 6848
3 6849 6850 6851
3 6852 6853 6854
3 6855 6856 6857
3 6858 6859 6860
3 6861 6862 6863
3 2304 6864 2305
3 6865 6866 6867
3 2310 6868 2311
3 6869 6870 6871
3 2316 6872 2317
3 2319 6873 2320
3 6874 6875 6876
3 6877 6878 6879
3 2334 6880 2335
3 6881 6882 6883
3 6884 6885 6886
3 2343 6887 2344
3 2346 6888 2347
3 2349 6889 2350
3 6890 6891 6892
3 2355 6893 2356
3 6894 6895 6896
3 2361 6897 2362
3 2364 6898 2365
3 2367 6899 2368
3 6900 6901 6902
3 6903 6904 6905
3 6906 6907 6908
3 6909 6910 6911
3 2382 6912 2383
3 6913 6914 6915
3 6916 6917 6918
3 6919 6920 6921
3 2400 6922 2401
3 6923 6924 6925
3 6926 6927 6928
3 6929 6930 6931
3 6932 6933 6934
3 2421 6935 2422
3 6936 6937 6938
3 2427 6939 2428
3 6940 6941 6942
3 6943 6944 6945
3 6946 6947 6948
3 6949 6950 6951
3 6952 6953 6954
3 6955 6956 6957
3 6958 6959 6960
3 6961 6962 6963
3 2454 6964 2455
3 6965 6966 6967
3 6968 6969 6970
3 6971 6972 6973
3 6974 6975 6976
3 6977 6978 6979
3 6980 6981 6982
3 6983 6984 6985
3 6986 6987 6988
3 6989 6990 6991
3 6992 6993 6994
3 6995 6996 6997
3 6998 6999 7000
3 7001 7002 7003
3 7004 7005 7006
3 7007 7008 7009
3 7010 7011 7012
3 7013 7014 7015
3 2520 7016 2521
3 2523 7017 2524
3 7018 7019 7020
3 7021 7022 7023
3 7024 7025 7026
3 7027 7028 7029
3 7030 7031 7032
3 7033 7034 7035
3 7036 7037 7038
3 7039 7040 7041
3 7042 7043 7044
3 7045 7046 7047
3 7048 7049 7050
3 7051 7052 7053
3 7054 7055 7056
3 7057 7058 7059
3 7060 7061 7062
3 7063 7064 7065
3 7066 7067 7068
3 7069 7070 7071
3 7072 7073 7074
3 7075 7076 7077
3 7078 7079 7080
3 7081 7082 7083
3 7084 7085 7086
3 7087 7088 7089
3 7090 7091 7092
3 7093 7094 7095
3 7096 7097 7098
3 7099 7100 7101
3 7102 7103 7104
3 7105 7106 7107
3 7108 7109 7110
3 7111 7112 7113
3 7114 7115 7116
3 7117 7118 7119
3 7120 7121 7122
3 7123 7124 7125
3 7126 7127 7128
3 7129 7130 7131
3 7132 7133 7134
3 7135 7136 7137
3 7138 7139 7140
3 7141 7142 7143
3 7144 7145 7146
3 7147 7148 7149
3 7150 7151 7152
3 7153 7154 7155
3 7156 7157 7158
3 7159 7160 7161
3 7162 7163 7164
3 7165 7166 7167
3 7168 7169 7170
3 7171 7172 7173
3 2706 7174 2707
3 7175 7176 7177
3 7178 7179 7180
3 7181 7182 7183
3 7184 7185 7186
3 7187 7188 7189
3 7190 7191 7192
3 7193 7194 7195
3 7196 7197 7198
3 7199 7200 7201
3 7202 7203 7204
3 7205 7206 7207
3 7208 7209 7210
3 2745 7211 2746
3 7212 7213 7214
3 7215 7216 7217
3 7218 7219 7220
3 7221 7222 7223
3 7224 7225 7226
3 7227 7228 7229
3 7230 7231 7232
3 7233 7234 7235
3 2778 7236 2779
3 7237 7238 7239
3 7240 7241 7242
3 7243 7244 7245
3 7246 7247 7248
3 2796 7249 2797
3 7250 7251 7252
3 7253 7254 7255
3 7256 7257 7258
3 7259 7260 7261
3 2811 7262 2812
3 7263 7264 7265
3 7266 7267 7268
3 7269 7270 7271
3 2823 7272 2824
3 7273 7274 7275
3 7276 7277 7278
3 7279 7280 7281
3 7282 7283 7284
3 7285 7286 7287
3 7288 7289 7290
3 7291 7292 7293
3 7294 7295 7296
3 7297 7298 7299
3 7300 7301 7302
3 7303 7304 7305
3 7306 7307 7308
3 7309 7310 7311
3 2874 7312 2875
3 2877 7313 2878
3 7314 7315 7316
3 2883 7317 2884
3 7318 7319 7320
3 7321 7322 7323
3 2892 7324 2893
3 7325 7326 7327
3 2898 7328 2899
3 2901 7329 2902
3 7330 7331 7332
3 7333 7334 7335
3 7336 7337 7338
3 7339 7340 7341
3 7342 7343 7344
3 7345 7346 7347
3 7348 7349 7350
3 7351 7352 7353
3 7354 7355 7356
3 7357 7358 7359
3 2940 7360 2941
3 2949 7361 2950
3 7362 7363 7364
3 7365 7366 7367
3 7368 7369 7370
3 7371 7372 7373
3 2964 7374 2965
3 7375 7376 7377
3 7378 7379 7380
3 2973 7381 2974
3 7382 7383 7384
3 7385 7386 7387
3 7388 7389 7390
3 2985 7391 2986
3 7392 7393 7394
3 7395 7396 7397
3 7398 7399 7400
3 7401 7402 7403
3 7404 7405 7406
3 7407 7408 7409
3 7410 7411 7412
3 7413 7414 7415
3 7416 7417 7418
3 7419 7420 7421
3 7422 7423 7424
3 7425 7426 7427
3 3895 3894 7428
3 3033 7429 3034
3 7430 7431 7432
3 3039 7433 3040
3 3904 3903 7434
3 3045 3906 3046
3 3048 7435 3049
3 3910 7436 7437
3 3054 3913 3055
3 3057 7438 3058
3 7439 7440 7441
3 3063 7442 3064
3 3066 3921 3067
3 7443 7444 7445
3 3072 3925 3073
3 3075 3927 3076
3 3078 7446 3079
3 3081 7447 3082
3 3084 7448 3085
3 3087 7449 3088
3 3090 7450 3091
3 3093 3939 3094
3 7451 7452 7453
3 7454 7455 7456
3 7457 7458 7459
3 7460 7461 7462
3 7463 7464 7465
3 7466 7467 7468
3 3114 3955 3115
3 3117 7469 3118
3 7470 7471 7472
3 3123 7473 3124
3 7474 7475 7476
3 7477 7478 7479
3 7480 7481 7482
3 7483 7484 7485
3 7486 7487 7488
3 7489 7490 7491
3 7492 7493 7494
3 7495 7496 7497
3 7498 7499 7500
3 7501 7502 7503
3 7504 7505 7506
3 7507 7508 7509
3 7510 7511 7512
3 3171 7513 3172
3 3174 7514 3175
3 7515 7516 7517
3 7518 7519 7520
3 7521 7522 7523
3 7524 7525 7526
3 7527 7528 7529
3 7530 7531 7532
3 7533 7534 7535
3 3204 7536 3205
3 7537 7538 7539
3 7540 7541 7542
3 7543 7544 7545
3 7546 7547 7548
3 3219 7549 3220
3 7550 7551 7552
3 3225 7553 3226
3 3228 7554 3229
3 7555 7556 7557
3 3234 7558 3235
3 7559 7560 7561
3 7562 7563 7564
3 7565 7566 7567
3 3246 7568 3247
3 3249 7569 3250
3 3258 7570 3259
3 7571 7572 7573
3 7574 7575 7576
3 7577 7578 7579
3 7580 7581 7582
3 7583 7584 7585
3 7586 7587 7588
3 7589 7590 7591
3 7592 7593 7594
3 7595 7596 7597
3 7598 7599 7600
3 7601 7602 7603
3 7604 7605 7606
3 7607 7608 7609
3 7610 7611 7612
3 7613 7614 7615
3 7616 7617 7618
3 3315 7619 3316
3 7620 7621 7622
3 7623 7624 7625
3 7626 7627 7628
3 7629 7630 7631
3 3330 7632 3331
3 7633 7634 7635
3 7636 7637 7638
3 7639 7640 7641
3 7642 7643 7644
3 7645 7646 7647
3 7648 7649 7650
3 7651 7652 7653
3 7654 7655 7656
3 7657 7658 7659
3 7660 7661 7662
3 7663 7664 7665
3 7666 7667 7668
3 7669 7670 7671
3 7672 7673 7674
3 7675 7676 7677
3 7678 7679 7680
3 7681 7682 7683
3 7684 7685 7686
3 7687 7688 7689
3 7690 7691 7692
3 7693 7694 7695
3 7696 7697 7698
3 7699 7700 7701
3 7702 7703 7704
3 7705 7706 7707
3 7708 7709 7710
3 7711 7712 7713
3 7714 7715 7716
3 7717 7718 7719
3 7720 7721 7722
3 7723 7724 7725
3 7726 7727 7728
3 3447 7729 3448
3 7730 7731 7732
3 7733 7734 7735
3 7736 7737 7738
3 7739 7740 7741
3 7742 7743 7744
3 7745 7746 7747
3 7748 7749 7750
3 7751 7752 7753
3 7754 7755 7756
3 7757 7758 7759
3 7760 7761 7762
3 7763 7764 7765
3 7766 7767 7768
3 7769 7770 7771
3 7772 7773 7774
3 7775 7776 7777
3 7778 7779 7780
3 7781 7782 7783
3 7784 7785 7786
3 7787 7788 7789
3 7790 7791 7792
3 7793 7794 7795
3 7796 7797 7798
3 7799 7800 7801
3 7802 7803 7804
3 7805 7806 7807
3 7808 7809 7810
3 7811 7812 7813
3 7814 7815 7816
3 7817 7818 7819
3 7820 7821 7822
3 7823 7824 7825
3 3564 7826 3565
3 7827 7828 7829
3 3570 7830 3571
3 7831 7832 7833
3 3576 7834 3577
3 3579 7835 3580
3 3582 7836 3583
3 7837 7838 7839
3 7840 7841 7842
3 7843 7844 7845
3 7846 7847 7848
3 3597 7849 3598
3 3600 7850 3601
3 7851 7852 7853
3 7854 7855 7856
3 3609 7857 3610
3 7858 7859 7860
3 7861 7862 7863
3 7864 7865 7866
3 7867 7868 7869
3 7870 7871 7872
3 7873 7874 7875
3 7876 7877 7878
3 3639 7879 3640
3 3642 7880 3643
3 7881 7882 7883
3 7884 7885 7886
3 7887 7888 7889
3 3657 7890 3658
3 7891 7892 7893
3 3663 7894 3664
3 7895 7896 7897
3 7898 7899 7900
3 7901 7902 7903
3 7904 7905 7906
3 7907 7908 7909
3 3681 7910 3682
3 7911 7912 7913
3 3687 7914 3688
3 7915 7916 7917
3 7918 7919 7920
3 3699 7921 3700
3 7922 7923 7924
3 7925 7926 7927
3 7928 7929 7930
3 7931 7932 7933
3 7934 7935 7936
3 7937 7938 7939
3 3726 7940 3727
3 3729 7941 3730
3 7942 7943 7944
3 7945 7946 7947
3 7948 7949 7950
3 7951 7952 7953
3 7954 7955 7956
3 3747 7957 3748
3 3750 7958 3751
3 7959 7960 7961
3 7962 7963 7964
3 7965 7966 7967
3 7968 7969 7970
3 7971 7972 7973
3 3768 7974 3769
3 7975 7976 7977
3 3774 7978 3775
3 7979 7980 7981
3 7982 7983 7984
3 7985 7986 7987
3 7988 7989 7990
3 3795 7991 3796
3 7992 7993 7994
3 3801 7995 3802
3 3804 7996 3805
3 3813 7997 3814
3 7998 7999 8000
3 8001 8002 8003
3 8004 8005 8006
3 8007 8008 8009
3 8010 8011 8012
3 8013 8014 8015
3 8016 8017 8018
3 8019 8020 8021
3 8022 8023 8024
3 3843 8025 3844
3 8026 8027 8028
3 3849 8029 3850
3 3852 8030 3853
3 8031 8032 8033
3 8034 8035 8036
3 8037 8038 8039
3 8040 8041 8042
3 8043 8044 8045
3 8046 8047 8048
3 8049 8050 8051
3 8052 8053 8054
3 8055 8056 8057
3 8058 7424 7423
3 8059 7426 7425
3 3893 8060 3894
3 3896 7429 3033
3 8061 7431 7430
3 3900 7433 3039
3 8062 8063 8064
3 3905 8065 3046
3 3907 7435 3048
3 3909 7436 3910
3 3912 8066 3913
3 3914 7438 3057
3 3916 8067 3060
3 3918 7442 3063
3 3920 8068 3067
3 8069 7444 7443
3 3924 8070 3925
3 3926 8071 3927
3 3928 7446 3078
3 3930 7447 3081
3 3932 7448 3084
3 3934 7449 3087
3 3936 7450 3090
3 3938 8072 3939
3 8073 7452 7451
3 8074 7455 7454
3 8075 7458 7457
3 8076 7461 7460
3 8077 7464 7463
3 8078 7468 7467
3 3954 8079 3955
3 8080 7469 3117
3 3959 3989 3960
3 3962 8081 3963
3 3965 8082 3966
3 3968 8083 3969
3 3971 8084 3972
3 3974 3977 3975
3 3959 3961 3977
3 3978 8085 3979
3 3981 3987 3982
3 3984 3983 3982
3 3986 8086 3987
3 3959 8087 3988
3 3990 8088 3991
3 3993 8089 3965
3 3994 8090 3968
3 3995 8091 3996
3 3998 3999 3974
3 3999 8087 3959
3 4000 8092 4001
3 3982 3987 4003
3 4005 3985 3982
3 3987 8086 4006
3 4007 4404 4008
3 4010 8093 4011
3 4013 8094 4014
3 4016 4397 4017
3 4019 4022 4020
3 4007 4009 4022
3 4023 8095 4024
3 4026 8096 4027
3 4029 8097 4030
3 4032 8098 4033
3 4035 4120 4036
3 4038 8099 4039
3 4041 8100 4042
3 4044 8101 4045
3 4047 4043 4042
3 4049 8102 4050
3 4052 4330 4053
3 4055 8103 4056
3 4058 4065 4059
3 4061 8104 4062
3 4064 4089 4059
3 4066 8105 4067
3 4069 8106 4070
3 4072 4084 4073
3 4075 8107 4076
3 4078 8108 4079
3 4081 8109 4082
3 4084 4080 4079
3 4085 8110 4086
3 4064 4338 4088
3 4090 8111 4091
3 4093 8112 4094
3 4096 4102 4097
3 4099 8113 4100
3 4052 4054 4097
3 4103 8114 4104
3 4106 8115 4107
3 4109 4047 4048
3 4111 8116 4112
3 4114 8117 4115
3 4117 8118 4118
3 4120 4116 4115
3 4121 4490 4122
3 4124 4012 4011
3 4126 4493 4127
3 4129 4344 4130
3 4132 8119 4133
3 4135 4142 4136
3 4138 8120 4139
3 4141 4289 4136
3 4143 8121 4144
3 4146 4504 4147
3 4149 4290 4150
3 4152 8122 4153
3 4155 8123 4156
3 4158 8124 4159
3 4161 4157 4156
3 4163 8125 4164
3 4166 4350 4167
3 4169 8126 4170
3 4172 4179 4173
3 4175 8127 4176
3 4178 4302 4173
3 4180 8128 4181
3 4183 8129 4184
3 4186 8130 4187
3 4189 4185 4184
3 4191 8131 4192
3 4194 8132 4195
3 4197 8133 4198
3 4200 8134 4201
3 4203 8135 4204
3 4206 8136 4207
3 4209 8137 4210
3 4212 8138 4213
3 4215 8139 4216
3 4218 8140 4219
3 8141 8142 8143
3 4224 8144 4225
3 4227 8145 4228
3 4230 8146 4231
3 4233 8147 4234
3 4236 8148 4237
3 4239 8149 4240
3 4242 8150 4243
3 4245 8151 4246
3 4248 8152 4249
3 4251 8153 4252
3 4254 8154 4255
3 4257 8155 4258
3 4260 8156 4261
3 4263 8157 4264
3 4266 8158 4267
3 4269 8159 4270
3 4272 8160 4273
3 8161 8162 8163
3 4278 8164 4279
3 4281 8165 4282
3 4129 4131 4284
3 4286 4285 4284
3 4141 4320 4288
3 4290 4293 4291
3 4292 8166 4291
3 4294 4161 4162
3 4166 4168 4296
3 4642 4297 4296
3 4178 4310 4301
3 4303 4189 4190
3 4303 4304 4305
3 4307 8167 4308
3 4310 4349 4311
3 4312 4347 4313
3 4294 4295 4315
3 4317 8168 4318
3 4320 4343 4321
3 4322 4341 4323
3 4035 4037 4325
3 4327 8169 4328
3 4330 4337 4331
3 4332 4335 4333
3 4072 4074 4333
3 4336 8170 4331
3 4338 4329 4328
3 4339 4326 4325
3 4109 4110 4323
3 4342 8171 4321
3 4344 4319 4318
3 4345 4316 4315
3 4149 4151 4313
3 4348 8172 4311
3 4350 4309 4308
3 4351 4306 4305
3 4353 8173 4354
3 8174 8175 8176
3 8177 8178 8179
3 4362 8180 4363
3 4365 8181 4366
3 4368 8182 4369
3 4371 8183 4372
3 4374 8184 4375
3 4377 8185 4378
3 4380 8186 4381
3 4383 8187 4384
3 4386 8188 4387
3 4124 4125 4389
3 4016 4018 4391
3 4393 4398 4394
3 4396 8189 4017
3 4390 4389 4394
3 4392 4391 4399
3 4401 4400 4399
3 4007 8190 4403
3 4405 8093 4010
3 4407 8191 4013
3 4408 8192 4409
3 4411 4412 4019
3 4412 8190 4007
3 4413 8193 4414
3 4416 8194 4417
3 4419 8195 4420
3 4422 8196 4423
3 4425 8197 4426
3 4428 8198 4429
3 4431 8100 4041
3 4433 8199 4434
3 4436 8200 4431
3 4437 8201 4438
3 4440 8202 4441
3 4443 8203 4444
3 4058 4060 4446
3 4448 8204 4449
3 4446 4472 4451
3 4452 8205 4453
3 4455 8206 4456
3 4458 8207 4459
3 4461 8208 4462
3 4464 8108 4078
3 4466 8209 4467
3 4459 8207 4464
3 4469 8210 4470
3 4472 8211 4473
3 4474 8212 4475
3 4477 8213 4093
3 4096 4098 4478
3 4480 8214 4099
3 4478 4440 4442
3 4481 8215 4103
3 4482 8216 4106
3 4483 8200 4436
3 4485 8217 4111
3 4486 8117 4114
3 4488 8218 4117
3 4426 8197 4486
3 4121 8219 4489
3 4491 4708 4405
3 4126 8220 4492
3 4494 8221 4495
3 4497 8222 4132
3 4135 4137 4498
3 4500 8223 4138
3 4498 4634 4501
3 4502 8224 4143
3 4503 8225 4504
3 4505 8226 4506
3 4508 8227 4152
3 4509 8123 4155
3 4511 8228 4512
3 4514 8229 4509
3 4515 8230 4516
3 4518 8231 4519
3 4521 8232 4522
3 4172 4174 4524
3 4526 8233 4527
3 4524 4643 4529
3 4530 8234 4531
3 4533 8129 4183
3 4535 8235 4536
3 4538 8236 4533
3 4539 8237 4540
3 8238 8239 8240
3 4545 8241 4546
3 4548 8242 4549
3 4551 8243 4552
3 4554 8244 4555
3 4557 8245 4558
3 4560 8246 4561
3 4563 8247 4564
3 4566 8248 4567
3 8249 8250 8251
3 4572 8252 4573
3 8253 8254 8255
3 4578 8256 4579
3 4581 8257 4582
3 4584 8258 4585
3 4587 8259 4588
3 4590 8260 4591
3 4593 8261 4594
3 4596 8262 4597
3 4599 8263 4600
3 4602 8264 4603
3 4605 8265 4606
3 4608 8266 4609
3 4611 8267 4612
3 4614 8268 4615
3 4617 8269 4618
3 4620 8270 4621
3 8271 8272 8273
3 4626 8274 4627
3 4629 8275 4630
3 4632 4494 4496
3 4286 4287 4632
3 4634 8276 4635
3 4506 8226 4636
3 4636 8166 4292
3 4638 8229 4514
3 4640 8231 4518
3 4298 4300 8277
3 4643 8278 4644
3 4645 8236 4538
3 4647 4645 4646
3 4649 8167 4307
3 4644 8278 4651
3 4653 8279 4654
3 4656 4638 4639
3 4658 8168 4317
3 4635 8276 4660
3 4322 4324 4662
3 4664 4425 4427
3 4666 8169 4327
3 4441 8202 4668
3 4332 4334 4670
3 4670 4458 4460
3 4668 8170 4336
3 4473 8211 4666
3 4339 4340 4664
3 4662 4483 4484
3 4660 8171 4342
3 4495 8221 4658
3 4345 4346 4656
3 4672 4505 4507
3 4651 8172 4348
3 4520 4519 4649
3 4351 4352 4647
3 4674 8280 4675
3 8281 4358 4357
3 8179 8178 8282
3 4683 8180 4362
3 4685 8283 4686
3 4688 8284 4689
3 4372 8285 4691
3 4692 8286 4693
3 4695 8287 4696
3 4698 8288 4699
3 4701 8289 4702
3 4704 8290 4705
3 4707 8291 4708
3 4709 8192 4408
3 4393 4395 4711
3 4409 8189 4396
3 4711 8291 4707
3 4713 4709 4710
3 4401 4402 4713
3 4715 8292 4716
3 4718 8293 4719
3 4721 8294 4722
3 8295 8296 8297
3 8298 8299 8300
3 8301 8302 8303
3 8304 8305 8306
3 8307 8308 8309
3 4739 8310 4740
3 4742 8311 4743
3 8312 8313 8314
3 8315 8316 8317
3 8318 8319 8320
3 8321 8322 8323
3 4757 8324 4758
3 4760 8325 4761
3 8326 8327 8328
3 8329 8330 8331
3 4769 8332 4770
3 4772 8333 4773
3 8334 8335 8336
3 4778 8337 4779
3 4781 8338 4782
3 4784 8339 4785
3 8340 8341 8342
3 4790 8343 4791
3 4793 8344 4794
3 8345 8346 8347
3 4799 8348 4800
3 4802 8349 4803
3 4805 8350 4806
3 4808 8351 4809
3 4811 8352 4812
3 4814 8353 4815
3 8354 8355 8356
3 4820 8357 4821
3 8358 8359 8360
3 4826 8361 4827
3 8362 8363 8364
3 8365 8366 8367
3 4835 8368 4836
3 4838 8369 4839
3 4841 8370 4842
3 8371 8372 8373
3 4847 8374 4848
3 8375 8376 8377
3 4853 8378 4854
3 4856 8379 4857
3 8380 8381 8382
3 4862 8383 4863
3 4865 8384 4866
3 4868 8385 4869
3 8386 8387 8388
3 4874 8389 4875
3 8390 8391 8392
3 4880 8393 4881
3 8394 8395 8396
3 8397 8398 8399
3 4889 8400 4890
3 4892 8401 4893
3 4895 8402 4896
3 4898 8403 4899
3 8404 8405 8406
3 8407 8408 8409
3 4907 4989 4908
3 4910 8410 4911
3 8411 8412 8413
3 4915 4914 4916
3 4917 4916 4918
3 4919 4918 4920
3 4921 4920 4922
3 8414 8415 8416
3 4926 4925 4927
3 8417 8418 8419
3 8420 8421 8422
3 4935 8423 4936
3 4937 4936 4938
3 4940 8424 4941
3 4943 8425 4944
3 8426 8427 8428
3 4949 4953 4950
3 4952 4950 4953
3 8429 8430 8431
3 4956 8432 4957
3 4958 8433 4959
3 4960 8434 4961
3 4963 8435 4964
3 8436 8437 8438
3 8439 8440 8441
3 4972 8442 4973
3 4975 8443 4976
3 4978 4981 4979
3 4981 8444 4982
3 4983 8445 4984
3 4986 8446 4987
3 4989 8447 4990
3 8448 8449 8450
3 4994 8451 4995
3 4997 8452 4998
3 5000 8453 5001
3 5003 8454 5004
3 8455 8456 8457
3 5009 5012 5010
3 5012 5014 5013
3 5014 5016 5015
3 8458 8459 8460
3 8461 8462 8463
3 5021 8464 5022
3 5024 8465 5025
3 5027 8466 5028
3 8467 8468 8469
3 5033 8470 5034
3 5035 5034 5036
3 5037 5036 5038
3 5039 5038 5040
3 5041 5040 5042
3 5043 5042 5044
3 5045 5044 5046
3 5047 5046 5048
3 5048 8471 5050
3 5050 8471 5051
3 8472 8473 8474
3 8475 8476 8477
3 5059 8478 5060
3 5062 8479 5063
3 5065 8480 5066
3 5068 8481 5069
3 8482 8483 8484
3 5074 8485 5075
3 5077 8486 5078
3 5080 8487 5081
3 8488 8489 8490
3 8491 8492 8493
3 8494 8495 8496
3 8497 8498 8499
3 8500 8501 8502
3 5098 8503 5099
3 5101 8504 5102
3 8505 8506 8507
3 5107 8508 5108
3 8509 8510 8511
3 8512 8513 8514
3 5116 8515 5117
3 5119 8516 5120
3 8517 8518 8519
3 8520 8521 8522
3 5128 8523 5129
3 5131 8524 5132
3 8525 8526 8527
3 8528 8529 8530
3 5140 8531 5141
3 5143 8532 5144
3 5146 8533 5147
3 5149 8534 5150
3 5152 8535 5153
3 8536 8537 8538
3 5158 8539 5159
3 5161 8540 5162
3 5164 8541 5165
3 5167 8542 5168
3 5170 8543 5171
3 5173 8544 5174
3 5176 8545 5177
3 8546 8547 8548
3 8549 8550 8551
3 5185 8552 5186
3 8553 8554 8555
3 5191 8556 5192
3 5194 8557 5195
3 5197 8558 5198
3 5200 8559 5201
3 8560 8561 8562
3 8563 8564 8565
3 5209 8566 5210
3 5212 8567 5213
3 5215 8568 5216
3 8569 8570 8571
3 8572 8573 8574
3 5224 8575 5225
3 8576 8577 8578
3 8579 8580 8581
3 5233 8582 5234
3 8583 8584 8585
3 8586 8587 8588
3 8589 8590 8591
3 8592 8593 8594
3 5248 8595 5249
3 5251 8596 5252
3 5254 8597 5255
3 5257 8598 5258
3 8599 8600 8601
3 8602 8603 8604
3 5266 8605 5267
3 5269 8606 5270
3 8607 8608 8609
3 5274 5277 5275
3 5276 5275 5277
3 5279 5276 5278
3 5280 8610 5281
3 8611 5285 5287
3 5285 8612 5286
3 8613 8614 8615
3 8616 8617 8618
3 5294 8619 5295
3 5297 5294 5296
3 5299 8620 5300
3 5302 8621 5303
3 8622 8623 8624
3 5308 5312 5309
3 5311 5314 5312
3 8625 8626 8627
3 5315 5319 5316
3 5318 8628 5319
3 5320 8629 5321
3 5323 8630 5324
3 8438 8631 8632
3 8633 8634 8635
3 5331 8636 5332
3 5334 8637 5335
3 5337 5341 5338
3 5340 8638 5341
3 5342 8639 5343
3 5345 8640 5346
3 5268 5267 5348
3 8641 8642 8643
3 5353 8644 5354
3 5356 8645 5357
3 5359 8646 5360
3 5362 8647 5363
3 8648 8649 8650
3 5368 5371 5369
3 5013 5373 5371
3 5372 5375 5373
3 8651 8652 8653
3 8654 8655 8656
3 5379 8657 5380
3 5382 8658 5383
3 5385 8659 5386
3 8660 8661 8662
3 5391 8663 5392
3 5393 5395 5394
3 5395 5398 5396
3 5397 5396 5398
3 5399 5401 5400
3 5401 5403 5402
3 5403 5405 5404
3 5405 5407 5406
3 5407 5409 5408
3 5409 8664 5410
3 8665 8666 8667
3 8668 8669 8670
3 5417 8671 5418
3 5420 8672 5421
3 5423 8673 5424
3 5426 8674 5427
3 8675 8676 8677
