ply
format ascii 1.0
comment Created by Blender 2.79 (sub 0) - www.blender.org, source file: 'FirstRoom.blend'
element vertex 1663
property float x
property float y
property float z
property float nx
property float ny
property float nz
property uchar red
property uchar green
property uchar blue
element face 934
property list uchar uint vertex_indices
end_header
1.475610 4.025395 -0.718827 0.000000 0.707107 0.707107 255 255 255
1.450607 3.847456 -0.540888 0.000000 0.707107 0.707107 255 255 255
1.475610 3.847456 -0.540888 0.000000 0.707107 0.707107 255 255 255
1.209590 4.025395 -0.718827 0.000000 0.707107 0.707107 255 255 255
1.184587 3.847456 -0.540888 0.000000 0.707107 0.707107 255 255 255
1.209590 3.847456 -0.540888 0.000000 0.707107 0.707107 255 255 255
0.943568 4.025395 -0.718827 0.000000 0.707107 0.707107 255 255 255
0.918568 3.847456 -0.540888 0.000000 0.707107 0.707107 255 255 255
0.943568 3.847456 -0.540888 0.000000 0.707107 0.707107 255 255 255
0.677548 4.025395 -0.718827 0.000000 0.707107 0.707107 255 255 255
0.652548 3.847456 -0.540888 0.000000 0.707107 0.707107 255 255 255
0.677548 3.847456 -0.540888 0.000000 0.707107 0.707107 255 255 255
0.411529 4.025395 -0.718827 0.000000 0.707107 0.707107 255 255 255
0.386529 3.847456 -0.540888 0.000000 0.707107 0.707107 255 255 255
0.411529 3.847456 -0.540888 0.000000 0.707107 0.707107 255 255 255
0.145510 4.025395 -0.718827 0.000000 0.707107 0.707107 255 255 255
0.120510 3.847456 -0.540888 0.000000 0.707107 0.707107 255 255 255
0.145510 3.847456 -0.540888 0.000000 0.707107 0.707107 255 255 255
1.729126 4.025395 -0.718827 0.000000 0.707106 0.707107 9 65 192
1.475610 3.847456 -0.540888 0.000000 0.707106 0.707107 9 65 192
1.729126 3.847456 -0.540888 0.000000 0.707106 0.707107 9 65 192
1.450607 4.025395 -0.718827 0.000000 0.707107 0.707107 9 65 192
1.209590 3.847456 -0.540888 0.000000 0.707107 0.707107 9 65 192
1.450607 3.847456 -0.540888 0.000000 0.707107 0.707107 9 65 192
1.184587 4.025395 -0.718827 0.000000 0.707107 0.707107 9 65 192
0.943568 3.847456 -0.540888 0.000000 0.707107 0.707107 9 65 192
1.184587 3.847456 -0.540888 0.000000 0.707107 0.707107 9 65 192
0.918568 4.025395 -0.718827 0.000000 0.707107 0.707107 9 65 192
0.677548 3.847456 -0.540888 0.000000 0.707107 0.707107 9 65 192
0.918568 3.847456 -0.540888 0.000000 0.707107 0.707107 9 65 192
0.652548 4.025395 -0.718827 0.000000 0.707107 0.707107 9 65 192
0.411529 3.847456 -0.540888 0.000000 0.707107 0.707107 9 65 192
0.652548 3.847456 -0.540888 0.000000 0.707107 0.707107 9 65 192
0.386529 4.025395 -0.718827 0.000000 0.707107 0.707107 9 65 192
0.145510 3.847456 -0.540888 0.000000 0.707107 0.707107 9 65 192
0.386529 3.847456 -0.540888 0.000000 0.707107 0.707107 9 65 192
0.120510 3.829779 -0.523210 0.000000 0.707107 0.707106 9 65 192
-0.120510 3.660679 -0.354110 0.000000 0.707107 0.707106 9 65 192
0.120510 3.660679 -0.354110 0.000000 0.707107 0.707106 9 65 192
0.120510 3.643001 -0.336432 0.000000 0.707107 0.707107 9 65 192
-0.120510 3.473901 -0.167332 0.000000 0.707107 0.707107 9 65 192
0.120510 3.473901 -0.167332 0.000000 0.707107 0.707107 9 65 192
0.120510 3.456223 -0.149655 0.000000 0.707107 0.707107 9 65 192
-0.120510 3.287123 0.019445 0.000000 0.707107 0.707107 9 65 192
0.120510 3.287123 0.019445 0.000000 0.707107 0.707107 9 65 192
0.120510 3.269445 0.037123 0.000000 0.707107 0.707107 9 65 192
-0.120510 3.100345 0.206223 0.000000 0.707107 0.707107 9 65 192
0.120510 3.100345 0.206223 0.000000 0.707107 0.707107 9 65 192
0.120510 3.082667 0.223901 0.000000 0.707107 0.707107 9 65 192
-0.120510 2.913568 0.393001 0.000000 0.707107 0.707107 9 65 192
0.120510 2.913568 0.393001 0.000000 0.707107 0.707107 9 65 192
0.120510 2.895890 0.410678 0.000000 0.707106 0.707107 9 65 192
-0.120510 2.726790 0.579779 0.000000 0.707106 0.707107 9 65 192
0.120510 2.726790 0.579779 0.000000 0.707106 0.707107 9 65 192
0.120510 2.709112 0.597456 0.000000 0.707107 0.707107 9 65 192
-0.120510 2.531173 0.775395 0.000000 0.707107 0.707107 9 65 192
0.120510 2.531173 0.775395 0.000000 0.707107 0.707107 9 65 192
0.386529 2.726790 0.579779 0.000000 0.707110 0.707103 255 255 255
0.145510 2.709112 0.597456 0.000000 0.707110 0.707103 255 255 255
0.386529 2.709112 0.597456 0.000000 0.707110 0.707103 255 255 255
0.386529 2.913568 0.393001 0.000000 0.707110 0.707103 255 255 255
0.145510 2.895890 0.410678 0.000000 0.707110 0.707103 255 255 255
0.386529 2.895890 0.410678 0.000000 0.707110 0.707103 255 255 255
0.386529 3.100345 0.206223 0.000000 0.707104 0.707109 255 255 255
0.145510 3.082667 0.223901 0.000000 0.707104 0.707109 255 255 255
0.386529 3.082667 0.223901 0.000000 0.707104 0.707109 255 255 255
0.386529 3.287123 0.019445 0.000000 0.707104 0.707109 255 255 255
0.145510 3.269445 0.037123 0.000000 0.707104 0.707109 255 255 255
0.386529 3.269445 0.037123 0.000000 0.707104 0.707109 255 255 255
0.386529 3.473901 -0.167332 0.000000 0.707109 0.707105 255 255 255
0.145510 3.456223 -0.149655 0.000000 0.707109 0.707105 255 255 255
0.386529 3.456223 -0.149655 0.000000 0.707109 0.707105 255 255 255
0.386529 3.660679 -0.354110 0.000000 0.707104 0.707109 255 255 255
0.145510 3.643001 -0.336432 0.000000 0.707104 0.707109 255 255 255
0.386529 3.643001 -0.336432 0.000000 0.707104 0.707109 255 255 255
0.386529 3.847456 -0.540888 0.000000 0.707103 0.707110 255 255 255
0.145510 3.829779 -0.523210 0.000000 0.707103 0.707110 255 255 255
0.386529 3.829779 -0.523210 0.000000 0.707103 0.707110 255 255 255
0.652548 2.726790 0.579779 0.000000 0.707110 0.707103 255 255 255
0.411529 2.709112 0.597456 0.000000 0.707110 0.707103 255 255 255
0.652548 2.709112 0.597456 0.000000 0.707110 0.707103 255 255 255
0.652548 2.913568 0.393001 0.000000 0.707110 0.707103 255 255 255
0.411529 2.895890 0.410678 0.000000 0.707110 0.707103 255 255 255
0.652548 2.895890 0.410678 0.000000 0.707110 0.707103 255 255 255
0.652548 3.100345 0.206223 0.000000 0.707104 0.707109 255 255 255
0.411529 3.082667 0.223901 0.000000 0.707104 0.707109 255 255 255
0.652548 3.082667 0.223901 0.000000 0.707104 0.707109 255 255 255
0.652548 3.287123 0.019445 0.000000 0.707104 0.707109 255 255 255
0.411529 3.269445 0.037123 0.000000 0.707104 0.707109 255 255 255
0.652548 3.269445 0.037123 0.000000 0.707104 0.707109 255 255 255
0.652548 3.473901 -0.167332 0.000000 0.707109 0.707105 255 255 255
0.411529 3.456223 -0.149655 0.000000 0.707109 0.707105 255 255 255
0.652548 3.456223 -0.149655 0.000000 0.707109 0.707105 255 255 255
0.652548 3.660679 -0.354110 0.000000 0.707104 0.707109 255 255 255
0.411529 3.643001 -0.336432 0.000000 0.707104 0.707109 255 255 255
0.652548 3.643001 -0.336432 0.000000 0.707104 0.707109 255 255 255
0.652548 3.847456 -0.540888 0.000000 0.707103 0.707110 255 255 255
0.411529 3.829779 -0.523210 0.000000 0.707103 0.707110 255 255 255
0.652548 3.829779 -0.523210 0.000000 0.707103 0.707110 255 255 255
0.918568 2.726790 0.579779 0.000000 0.707110 0.707103 255 255 255
0.677548 2.709112 0.597456 0.000000 0.707110 0.707103 255 255 255
0.918568 2.709112 0.597456 0.000000 0.707110 0.707103 255 255 255
0.918568 2.913568 0.393001 0.000000 0.707110 0.707103 255 255 255
0.677548 2.895890 0.410678 0.000000 0.707110 0.707103 255 255 255
0.918568 2.895890 0.410678 0.000000 0.707110 0.707103 255 255 255
0.918568 3.100345 0.206223 0.000000 0.707104 0.707109 255 255 255
0.677548 3.082667 0.223901 0.000000 0.707104 0.707109 255 255 255
0.918568 3.082667 0.223901 0.000000 0.707104 0.707109 255 255 255
0.918568 3.287123 0.019445 0.000000 0.707104 0.707109 255 255 255
0.677548 3.269445 0.037123 0.000000 0.707104 0.707109 255 255 255
0.918568 3.269445 0.037123 0.000000 0.707104 0.707109 255 255 255
0.918568 3.473901 -0.167332 0.000000 0.707109 0.707105 255 255 255
0.677548 3.456223 -0.149655 0.000000 0.707109 0.707105 255 255 255
0.918568 3.456223 -0.149655 0.000000 0.707109 0.707105 255 255 255
0.918568 3.660679 -0.354110 0.000000 0.707104 0.707109 255 255 255
0.677548 3.643001 -0.336432 0.000000 0.707104 0.707109 255 255 255
0.918568 3.643001 -0.336432 0.000000 0.707104 0.707109 255 255 255
0.918568 3.847456 -0.540888 0.000000 0.707103 0.707110 255 255 255
0.677548 3.829779 -0.523210 0.000000 0.707103 0.707110 255 255 255
0.918568 3.829779 -0.523210 0.000000 0.707103 0.707110 255 255 255
1.184587 2.726790 0.579779 0.000000 0.707110 0.707103 255 255 255
0.943568 2.709112 0.597456 0.000000 0.707110 0.707103 255 255 255
1.184587 2.709112 0.597456 0.000000 0.707110 0.707103 255 255 255
1.184587 2.913568 0.393001 0.000000 0.707110 0.707103 255 255 255
0.943568 2.895890 0.410678 0.000000 0.707110 0.707103 255 255 255
1.184587 2.895890 0.410678 0.000000 0.707110 0.707103 255 255 255
1.184587 3.100345 0.206223 0.000000 0.707104 0.707109 255 255 255
0.943568 3.082667 0.223901 0.000000 0.707104 0.707109 255 255 255
1.184587 3.082667 0.223901 0.000000 0.707104 0.707109 255 255 255
1.184587 3.287123 0.019445 0.000000 0.707104 0.707109 255 255 255
0.943568 3.269445 0.037123 0.000000 0.707104 0.707109 255 255 255
1.184587 3.269445 0.037123 0.000000 0.707104 0.707109 255 255 255
1.184587 3.473901 -0.167332 0.000000 0.707109 0.707105 255 255 255
0.943568 3.456223 -0.149655 0.000000 0.707109 0.707105 255 255 255
1.184587 3.456223 -0.149655 0.000000 0.707109 0.707105 255 255 255
1.184587 3.660679 -0.354110 0.000000 0.707104 0.707109 255 255 255
0.943568 3.643001 -0.336432 0.000000 0.707104 0.707109 255 255 255
1.184587 3.643001 -0.336432 0.000000 0.707104 0.707109 255 255 255
1.184587 3.847456 -0.540888 0.000000 0.707103 0.707110 255 255 255
0.943568 3.829779 -0.523210 0.000000 0.707103 0.707110 255 255 255
1.184587 3.829779 -0.523210 0.000000 0.707103 0.707110 255 255 255
1.450607 2.726790 0.579779 0.000000 0.707110 0.707103 255 255 255
1.209590 2.709112 0.597456 0.000000 0.707110 0.707103 255 255 255
1.450607 2.709112 0.597456 0.000000 0.707110 0.707103 255 255 255
1.450607 2.913568 0.393001 0.000000 0.707110 0.707103 255 255 255
1.209590 2.895890 0.410678 0.000000 0.707110 0.707103 255 255 255
1.450607 2.895890 0.410678 0.000000 0.707110 0.707103 255 255 255
1.450607 3.100345 0.206223 0.000000 0.707104 0.707109 255 255 255
1.209590 3.082667 0.223901 0.000000 0.707104 0.707109 255 255 255
1.450607 3.082667 0.223901 0.000000 0.707104 0.707109 255 255 255
1.450607 3.287123 0.019445 0.000000 0.707104 0.707109 255 255 255
1.209590 3.269445 0.037123 0.000000 0.707104 0.707109 255 255 255
1.450607 3.269445 0.037123 0.000000 0.707104 0.707109 255 255 255
1.450607 3.473901 -0.167332 0.000000 0.707109 0.707105 255 255 255
1.209590 3.456223 -0.149655 0.000000 0.707109 0.707105 255 255 255
1.450607 3.456223 -0.149655 0.000000 0.707109 0.707105 255 255 255
1.450607 3.660679 -0.354110 0.000000 0.707104 0.707109 255 255 255
1.209590 3.643001 -0.336432 0.000000 0.707104 0.707109 255 255 255
1.450607 3.643001 -0.336432 0.000000 0.707104 0.707109 255 255 255
1.450607 3.847456 -0.540888 0.000000 0.707103 0.707110 255 255 255
1.209590 3.829779 -0.523210 0.000000 0.707103 0.707110 255 255 255
1.450607 3.829779 -0.523210 0.000000 0.707103 0.707110 255 255 255
1.729126 2.726790 0.579779 0.000000 0.707110 0.707103 255 255 255
1.475610 2.709112 0.597456 0.000000 0.707110 0.707103 255 255 255
1.729126 2.709112 0.597456 0.000000 0.707110 0.707103 255 255 255
1.729126 2.913568 0.393001 0.000000 0.707109 0.707104 255 255 255
1.475610 2.895890 0.410678 0.000000 0.707109 0.707104 255 255 255
1.729126 2.895890 0.410678 0.000000 0.707109 0.707104 255 255 255
1.729126 3.100345 0.206223 0.000000 0.707103 0.707110 255 255 255
1.475610 3.082667 0.223901 0.000000 0.707103 0.707110 255 255 255
1.729126 3.082667 0.223901 0.000000 0.707103 0.707110 255 255 255
1.729126 3.269445 0.037123 -0.000000 0.707104 0.707109 255 255 255
1.475610 3.287123 0.019445 -0.000000 0.707104 0.707109 255 255 255
1.475610 3.269445 0.037123 -0.000000 0.707104 0.707109 255 255 255
1.729126 3.473901 -0.167332 -0.000000 0.707108 0.707105 255 255 255
1.475610 3.456223 -0.149655 -0.000000 0.707108 0.707105 255 255 255
1.729126 3.456223 -0.149655 -0.000000 0.707108 0.707105 255 255 255
1.729126 3.660679 -0.354110 -0.000000 0.707104 0.707109 255 255 255
1.475610 3.643001 -0.336432 -0.000000 0.707104 0.707109 255 255 255
1.729126 3.643001 -0.336432 -0.000000 0.707104 0.707109 255 255 255
1.729126 3.847456 -0.540888 -0.000000 0.707109 0.707104 255 255 255
1.475610 3.829779 -0.523210 -0.000000 0.707109 0.707104 255 255 255
1.729126 3.829779 -0.523210 -0.000000 0.707109 0.707104 255 255 255
1.800000 2.426221 0.767211 0.000000 -0.707108 0.707106 255 255 255
-1.800000 2.482789 0.823779 0.000000 -0.707108 0.707106 255 255 255
-1.800000 2.426221 0.767211 0.000000 -0.707108 0.707106 255 255 255
0.145510 2.726790 0.579779 0.000000 0.707110 0.707103 255 255 255
0.120510 2.709112 0.597456 0.000000 0.707110 0.707103 255 255 255
0.145510 2.913568 0.393001 0.000000 0.707110 0.707103 255 255 255
0.120510 2.895890 0.410678 0.000000 0.707110 0.707103 255 255 255
0.145510 3.100345 0.206223 0.000000 0.707104 0.707109 255 255 255
0.120510 3.082667 0.223901 0.000000 0.707104 0.707109 255 255 255
0.145510 3.287123 0.019445 0.000000 0.707104 0.707109 255 255 255
0.120510 3.269445 0.037123 0.000000 0.707104 0.707109 255 255 255
0.145510 3.473901 -0.167332 0.000000 0.707109 0.707105 255 255 255
0.120510 3.456223 -0.149655 0.000000 0.707109 0.707105 255 255 255
0.145510 3.660679 -0.354110 0.000000 0.707104 0.707109 255 255 255
0.120510 3.643001 -0.336432 0.000000 0.707104 0.707109 255 255 255
0.145510 3.847456 -0.540888 0.000000 0.707103 0.707110 255 255 255
0.120510 3.829779 -0.523210 0.000000 0.707103 0.707110 255 255 255
0.411529 2.726790 0.579779 0.000000 0.707110 0.707103 255 255 255
0.411529 2.913568 0.393001 0.000000 0.707110 0.707103 255 255 255
0.411529 3.100345 0.206223 0.000000 0.707104 0.707109 255 255 255
0.411529 3.287123 0.019445 0.000000 0.707104 0.707109 255 255 255
0.411529 3.473901 -0.167332 0.000000 0.707109 0.707105 255 255 255
0.411529 3.660679 -0.354110 0.000000 0.707104 0.707109 255 255 255
0.411529 3.847456 -0.540888 0.000000 0.707103 0.707110 255 255 255
0.677548 2.726790 0.579779 0.000000 0.707110 0.707103 255 255 255
0.677548 2.913568 0.393001 0.000000 0.707110 0.707103 255 255 255
0.677548 3.100345 0.206223 0.000000 0.707104 0.707110 255 255 255
0.652548 3.082667 0.223901 0.000000 0.707104 0.707110 255 255 255
0.677548 3.082667 0.223901 0.000000 0.707104 0.707110 255 255 255
0.677548 3.287123 0.019445 0.000000 0.707104 0.707109 255 255 255
0.677548 3.473901 -0.167332 0.000000 0.707109 0.707105 255 255 255
0.677548 3.660679 -0.354110 0.000000 0.707104 0.707109 255 255 255
0.677548 3.847456 -0.540888 0.000000 0.707103 0.707110 255 255 255
0.943568 2.726790 0.579779 0.000000 0.707110 0.707103 255 255 255
0.943568 2.913568 0.393001 0.000000 0.707110 0.707103 255 255 255
0.943568 3.100345 0.206223 0.000000 0.707104 0.707109 255 255 255
0.943568 3.287123 0.019445 0.000000 0.707104 0.707109 255 255 255
0.943568 3.473901 -0.167332 0.000000 0.707109 0.707105 255 255 255
0.943568 3.660679 -0.354110 0.000000 0.707104 0.707109 255 255 255
0.943568 3.847456 -0.540888 0.000000 0.707103 0.707110 255 255 255
1.209590 2.726790 0.579779 0.000000 0.707110 0.707103 255 255 255
1.209590 2.913568 0.393001 0.000000 0.707110 0.707103 255 255 255
1.209590 3.100345 0.206223 0.000000 0.707104 0.707110 255 255 255
1.184587 3.082667 0.223901 0.000000 0.707104 0.707110 255 255 255
1.209590 3.082667 0.223901 0.000000 0.707104 0.707110 255 255 255
1.209590 3.287123 0.019445 0.000000 0.707104 0.707109 255 255 255
1.209590 3.473901 -0.167332 0.000000 0.707109 0.707105 255 255 255
1.209590 3.660679 -0.354110 0.000000 0.707104 0.707109 255 255 255
1.209590 3.847456 -0.540888 0.000000 0.707103 0.707110 255 255 255
1.475610 2.726790 0.579779 0.000000 0.707110 0.707103 255 255 255
1.475610 2.913568 0.393001 0.000000 0.707110 0.707103 255 255 255
1.475610 2.895890 0.410678 0.000000 0.707110 0.707103 255 255 255
1.475610 3.100345 0.206223 0.000000 0.707104 0.707110 255 255 255
1.450607 3.082667 0.223901 0.000000 0.707104 0.707110 255 255 255
1.475610 3.082667 0.223901 0.000000 0.707104 0.707110 255 255 255
1.475610 3.473901 -0.167332 0.000000 0.707109 0.707105 255 255 255
1.475610 3.456223 -0.149655 0.000000 0.707109 0.707105 255 255 255
1.475610 3.660679 -0.354110 0.000000 0.707104 0.707109 255 255 255
1.475610 3.847456 -0.540888 0.000000 0.707103 0.707110 255 255 255
1.475610 3.829779 -0.523210 0.000000 0.707103 0.707110 255 255 255
1.800000 4.017211 -0.823779 1.000000 -0.000000 0.000000 255 255 255
1.800000 2.482789 0.823779 1.000000 -0.000000 0.000000 255 255 255
1.800000 2.426221 0.767211 1.000000 -0.000000 0.000000 255 255 255
1.729126 3.100345 0.206223 -0.000055 0.707103 0.707110 255 255 255
1.729126 3.082667 0.223901 -0.000055 0.707103 0.707110 255 255 255
1.800000 2.482789 0.823779 -0.000055 0.707103 0.707110 255 255 255
0.120510 4.025395 -0.718827 0.000000 0.707107 0.707107 9 65 192
-0.120510 3.847456 -0.540888 0.000000 0.707107 0.707107 9 65 192
0.120510 3.847456 -0.540888 0.000000 0.707107 0.707107 9 65 192
1.475610 2.709112 0.597456 0.000000 0.707107 0.707107 255 255 255
1.450607 2.531173 0.775395 0.000000 0.707107 0.707107 255 255 255
1.475610 2.531173 0.775395 0.000000 0.707107 0.707107 255 255 255
1.209590 2.709112 0.597456 0.000000 0.707107 0.707107 255 255 255
1.184587 2.531173 0.775395 0.000000 0.707107 0.707107 255 255 255
1.209590 2.531173 0.775395 0.000000 0.707107 0.707107 255 255 255
0.943568 2.709112 0.597456 0.000000 0.707107 0.707107 255 255 255
0.918568 2.531173 0.775395 0.000000 0.707107 0.707107 255 255 255
0.943568 2.531173 0.775395 0.000000 0.707107 0.707107 255 255 255
0.677548 2.709112 0.597456 0.000000 0.707106 0.707107 255 255 255
0.652548 2.531173 0.775395 0.000000 0.707106 0.707107 255 255 255
0.677548 2.531173 0.775395 0.000000 0.707106 0.707107 255 255 255
0.411529 2.709112 0.597456 0.000000 0.707107 0.707107 255 255 255
0.386529 2.531173 0.775395 0.000000 0.707107 0.707107 255 255 255
0.411529 2.531173 0.775395 0.000000 0.707107 0.707107 255 255 255
0.145510 2.709112 0.597456 0.000000 0.707107 0.707107 255 255 255
0.120510 2.531173 0.775395 0.000000 0.707107 0.707107 255 255 255
0.145510 2.531173 0.775395 0.000000 0.707107 0.707107 255 255 255
1.729126 2.709112 0.597456 0.000000 0.707107 0.707107 9 65 192
1.475610 2.531173 0.775395 0.000000 0.707107 0.707107 9 65 192
1.729126 2.531173 0.775395 0.000000 0.707107 0.707107 9 65 192
1.450607 2.709112 0.597456 0.000000 0.707107 0.707107 9 65 192
1.209590 2.531173 0.775395 0.000000 0.707107 0.707107 9 65 192
1.450607 2.531173 0.775395 0.000000 0.707107 0.707107 9 65 192
1.184587 2.709112 0.597456 0.000000 0.707107 0.707107 9 65 192
0.943568 2.531173 0.775395 0.000000 0.707107 0.707107 9 65 192
1.184587 2.531173 0.775395 0.000000 0.707107 0.707107 9 65 192
0.918568 2.709112 0.597456 0.000000 0.707107 0.707107 9 65 192
0.677548 2.531173 0.775395 0.000000 0.707107 0.707107 9 65 192
0.918568 2.531173 0.775395 0.000000 0.707107 0.707107 9 65 192
0.652548 2.709112 0.597456 0.000000 0.707107 0.707107 9 65 192
0.411529 2.531173 0.775395 0.000000 0.707107 0.707107 9 65 192
0.652548 2.531173 0.775395 0.000000 0.707107 0.707107 9 65 192
0.386529 2.709112 0.597456 0.000000 0.707107 0.707107 9 65 192
0.145510 2.531173 0.775395 0.000000 0.707107 0.707107 9 65 192
0.386529 2.531173 0.775395 0.000000 0.707107 0.707107 9 65 192
1.475610 2.895890 0.410678 0.000000 0.707106 0.707107 255 255 255
1.450607 2.726790 0.579779 0.000000 0.707106 0.707107 255 255 255
1.475610 2.726790 0.579779 0.000000 0.707106 0.707107 255 255 255
1.209590 2.895890 0.410678 0.000000 0.707106 0.707107 255 255 255
1.184587 2.726790 0.579779 0.000000 0.707106 0.707107 255 255 255
1.209590 2.726790 0.579779 0.000000 0.707106 0.707107 255 255 255
0.943568 2.895890 0.410678 0.000000 0.707106 0.707107 255 255 255
0.918568 2.726790 0.579779 0.000000 0.707106 0.707107 255 255 255
0.943568 2.726790 0.579779 0.000000 0.707106 0.707107 255 255 255
0.677548 2.895890 0.410678 0.000000 0.707106 0.707107 255 255 255
0.652548 2.726790 0.579779 0.000000 0.707106 0.707107 255 255 255
0.677548 2.726790 0.579779 0.000000 0.707106 0.707107 255 255 255
0.411529 2.895890 0.410678 0.000000 0.707106 0.707107 255 255 255
0.386529 2.726790 0.579779 0.000000 0.707106 0.707107 255 255 255
0.411529 2.726790 0.579779 0.000000 0.707106 0.707107 255 255 255
0.145510 2.895890 0.410678 0.000000 0.707106 0.707107 255 255 255
0.120510 2.726790 0.579779 0.000000 0.707106 0.707107 255 255 255
0.145510 2.726790 0.579779 0.000000 0.707106 0.707107 255 255 255
1.729126 2.895890 0.410678 0.000000 0.707106 0.707107 9 65 192
1.475610 2.726790 0.579779 0.000000 0.707106 0.707107 9 65 192
1.729126 2.726790 0.579779 0.000000 0.707106 0.707107 9 65 192
1.450607 2.895890 0.410678 0.000000 0.707106 0.707107 9 65 192
1.209590 2.726790 0.579779 0.000000 0.707106 0.707107 9 65 192
1.450607 2.726790 0.579779 0.000000 0.707106 0.707107 9 65 192
1.184587 2.895890 0.410678 0.000000 0.707106 0.707107 9 65 192
0.943568 2.726790 0.579779 0.000000 0.707106 0.707107 9 65 192
1.184587 2.726790 0.579779 0.000000 0.707106 0.707107 9 65 192
0.918568 2.895890 0.410678 0.000000 0.707106 0.707107 9 65 192
0.677548 2.726790 0.579779 0.000000 0.707106 0.707107 9 65 192
0.918568 2.726790 0.579779 0.000000 0.707106 0.707107 9 65 192
0.652548 2.895890 0.410678 0.000000 0.707106 0.707107 9 65 192
0.411529 2.726790 0.579779 0.000000 0.707106 0.707107 9 65 192
0.652548 2.726790 0.579779 0.000000 0.707106 0.707107 9 65 192
0.386529 2.895890 0.410678 0.000000 0.707106 0.707107 9 65 192
0.145510 2.726790 0.579779 0.000000 0.707106 0.707107 9 65 192
0.386529 2.726790 0.579779 0.000000 0.707106 0.707107 9 65 192
-1.800000 4.073779 -0.767211 0.000000 0.707109 -0.707105 255 255 255
1.800000 4.017211 -0.823779 0.000000 0.707109 -0.707105 255 255 255
-1.800000 4.017211 -0.823779 0.000000 0.707109 -0.707105 255 255 255
1.475610 3.082667 0.223901 0.000000 0.707107 0.707107 255 255 255
1.450607 2.913568 0.393001 0.000000 0.707107 0.707107 255 255 255
1.475610 2.913568 0.393001 0.000000 0.707107 0.707107 255 255 255
1.209590 3.082667 0.223901 0.000000 0.707107 0.707107 255 255 255
1.184587 2.913568 0.393001 0.000000 0.707107 0.707107 255 255 255
1.209590 2.913568 0.393001 0.000000 0.707107 0.707107 255 255 255
0.943568 3.082667 0.223901 0.000000 0.707107 0.707107 255 255 255
0.918568 2.913568 0.393001 0.000000 0.707107 0.707107 255 255 255
0.943568 2.913568 0.393001 0.000000 0.707107 0.707107 255 255 255
0.677548 3.082667 0.223901 0.000000 0.707107 0.707107 255 255 255
0.652548 2.913568 0.393001 0.000000 0.707107 0.707107 255 255 255
0.677548 2.913568 0.393001 0.000000 0.707107 0.707107 255 255 255
0.411529 3.082667 0.223901 0.000000 0.707107 0.707107 255 255 255
0.386529 2.913568 0.393001 0.000000 0.707107 0.707107 255 255 255
0.411529 2.913568 0.393001 0.000000 0.707107 0.707107 255 255 255
0.145510 3.082667 0.223901 0.000000 0.707107 0.707107 255 255 255
0.120510 2.913568 0.393001 0.000000 0.707107 0.707107 255 255 255
0.145510 2.913568 0.393001 0.000000 0.707107 0.707107 255 255 255
1.729126 3.082667 0.223901 -0.000000 0.707107 0.707107 9 65 192
1.475610 2.913568 0.393001 -0.000000 0.707107 0.707107 9 65 192
1.729126 2.913568 0.393001 -0.000000 0.707107 0.707107 9 65 192
1.450607 3.082667 0.223901 0.000000 0.707107 0.707107 9 65 192
1.209590 2.913568 0.393001 0.000000 0.707107 0.707107 9 65 192
1.450607 2.913568 0.393001 0.000000 0.707107 0.707107 9 65 192
1.184587 3.082667 0.223901 0.000000 0.707107 0.707107 9 65 192
0.943568 2.913568 0.393001 0.000000 0.707107 0.707107 9 65 192
1.184587 2.913568 0.393001 0.000000 0.707107 0.707107 9 65 192
0.918568 3.082667 0.223901 0.000000 0.707107 0.707107 9 65 192
0.677548 2.913568 0.393001 0.000000 0.707107 0.707107 9 65 192
0.918568 2.913568 0.393001 0.000000 0.707107 0.707107 9 65 192
0.652548 3.082667 0.223901 0.000000 0.707107 0.707107 9 65 192
0.411529 2.913568 0.393001 0.000000 0.707107 0.707107 9 65 192
0.652548 2.913568 0.393001 0.000000 0.707107 0.707107 9 65 192
0.386529 3.082667 0.223901 0.000000 0.707107 0.707107 9 65 192
0.145510 2.913568 0.393001 0.000000 0.707107 0.707107 9 65 192
0.386529 2.913568 0.393001 0.000000 0.707107 0.707107 9 65 192
1.475610 3.269445 0.037123 0.000000 0.707107 0.707107 255 255 255
1.450607 3.100345 0.206223 0.000000 0.707107 0.707107 255 255 255
1.475610 3.100345 0.206223 0.000000 0.707107 0.707107 255 255 255
1.209590 3.269445 0.037123 0.000000 0.707107 0.707107 255 255 255
1.184587 3.100345 0.206223 0.000000 0.707107 0.707107 255 255 255
1.209590 3.100345 0.206223 0.000000 0.707107 0.707107 255 255 255
0.943568 3.269445 0.037123 0.000000 0.707107 0.707107 255 255 255
0.918568 3.100345 0.206223 0.000000 0.707107 0.707107 255 255 255
0.943568 3.100345 0.206223 0.000000 0.707107 0.707107 255 255 255
0.677548 3.269445 0.037123 0.000000 0.707107 0.707107 255 255 255
0.652548 3.100345 0.206223 0.000000 0.707107 0.707107 255 255 255
0.677548 3.100345 0.206223 0.000000 0.707107 0.707107 255 255 255
0.411529 3.269445 0.037123 0.000000 0.707107 0.707107 255 255 255
0.386529 3.100345 0.206223 0.000000 0.707107 0.707107 255 255 255
0.411529 3.100345 0.206223 0.000000 0.707107 0.707107 255 255 255
0.145510 3.269445 0.037123 0.000000 0.707107 0.707107 255 255 255
0.120510 3.100345 0.206223 0.000000 0.707107 0.707107 255 255 255
0.145510 3.100345 0.206223 0.000000 0.707107 0.707107 255 255 255
1.729126 3.269445 0.037123 -0.000000 0.707107 0.707107 9 65 192
1.475610 3.100345 0.206223 -0.000000 0.707107 0.707107 9 65 192
1.729126 3.100345 0.206223 -0.000000 0.707107 0.707107 9 65 192
1.450607 3.269445 0.037123 0.000000 0.707107 0.707107 9 65 192
1.209590 3.100345 0.206223 0.000000 0.707107 0.707107 9 65 192
1.450607 3.100345 0.206223 0.000000 0.707107 0.707107 9 65 192
1.184587 3.269445 0.037123 0.000000 0.707107 0.707107 9 65 192
0.943568 3.100345 0.206223 0.000000 0.707107 0.707107 9 65 192
1.184587 3.100345 0.206223 0.000000 0.707107 0.707107 9 65 192
0.918568 3.269445 0.037123 0.000000 0.707107 0.707107 9 65 192
0.677548 3.100345 0.206223 0.000000 0.707107 0.707107 9 65 192
0.918568 3.100345 0.206223 0.000000 0.707107 0.707107 9 65 192
0.652548 3.269445 0.037123 0.000000 0.707107 0.707107 9 65 192
0.411529 3.100345 0.206223 0.000000 0.707107 0.707107 9 65 192
0.652548 3.100345 0.206223 0.000000 0.707107 0.707107 9 65 192
0.386529 3.269445 0.037123 0.000000 0.707107 0.707107 9 65 192
0.145510 3.100345 0.206223 0.000000 0.707107 0.707107 9 65 192
0.386529 3.100345 0.206223 0.000000 0.707107 0.707107 9 65 192
1.475610 3.456223 -0.149655 0.000000 0.707107 0.707107 255 255 255
1.450607 3.287123 0.019445 0.000000 0.707107 0.707107 255 255 255
1.475610 3.287123 0.019445 0.000000 0.707107 0.707107 255 255 255
1.209590 3.456223 -0.149655 0.000000 0.707107 0.707106 255 255 255
1.184587 3.287123 0.019445 0.000000 0.707107 0.707106 255 255 255
1.209590 3.287123 0.019445 0.000000 0.707107 0.707106 255 255 255
0.943568 3.456223 -0.149655 0.000000 0.707107 0.707107 255 255 255
0.918568 3.287123 0.019445 0.000000 0.707107 0.707107 255 255 255
0.943568 3.287123 0.019445 0.000000 0.707107 0.707107 255 255 255
0.677548 3.456223 -0.149655 0.000000 0.707107 0.707107 255 255 255
0.652548 3.287123 0.019445 0.000000 0.707107 0.707107 255 255 255
0.677548 3.287123 0.019445 0.000000 0.707107 0.707107 255 255 255
0.411529 3.456223 -0.149655 0.000000 0.707107 0.707107 255 255 255
0.386529 3.287123 0.019445 0.000000 0.707107 0.707107 255 255 255
0.411529 3.287123 0.019445 0.000000 0.707107 0.707107 255 255 255
0.145510 3.456223 -0.149655 0.000000 0.707107 0.707107 255 255 255
0.120510 3.287123 0.019445 0.000000 0.707107 0.707107 255 255 255
0.145510 3.287123 0.019445 0.000000 0.707107 0.707107 255 255 255
1.729126 3.456223 -0.149655 0.000001 0.707106 0.707107 9 65 192
1.475610 3.287123 0.019445 0.000001 0.707106 0.707107 9 65 192
1.729126 3.287123 0.019445 0.000001 0.707106 0.707107 9 65 192
1.450607 3.456223 -0.149655 0.000000 0.707107 0.707107 9 65 192
1.209590 3.287123 0.019445 0.000000 0.707107 0.707107 9 65 192
1.450607 3.287123 0.019445 0.000000 0.707107 0.707107 9 65 192
1.184587 3.456223 -0.149655 0.000000 0.707107 0.707107 9 65 192
0.943568 3.287123 0.019445 0.000000 0.707107 0.707107 9 65 192
1.184587 3.287123 0.019445 0.000000 0.707107 0.707107 9 65 192
0.918568 3.456223 -0.149655 0.000000 0.707107 0.707107 9 65 192
0.677548 3.287123 0.019445 0.000000 0.707107 0.707107 9 65 192
0.918568 3.287123 0.019445 0.000000 0.707107 0.707107 9 65 192
0.652548 3.456223 -0.149655 0.000000 0.707107 0.707107 9 65 192
0.411529 3.287123 0.019445 0.000000 0.707107 0.707107 9 65 192
0.652548 3.287123 0.019445 0.000000 0.707107 0.707107 9 65 192
0.386529 3.456223 -0.149655 0.000000 0.707107 0.707107 9 65 192
0.145510 3.287123 0.019445 0.000000 0.707107 0.707107 9 65 192
0.386529 3.287123 0.019445 0.000000 0.707107 0.707107 9 65 192
1.475610 3.643001 -0.336432 0.000000 0.707107 0.707107 255 255 255
1.450607 3.473901 -0.167332 0.000000 0.707107 0.707107 255 255 255
1.475610 3.473901 -0.167332 0.000000 0.707107 0.707107 255 255 255
1.209590 3.643001 -0.336432 0.000000 0.707107 0.707107 255 255 255
1.184587 3.473901 -0.167332 0.000000 0.707107 0.707107 255 255 255
1.209590 3.473901 -0.167332 0.000000 0.707107 0.707107 255 255 255
0.943568 3.643001 -0.336432 0.000000 0.707107 0.707107 255 255 255
0.918568 3.473901 -0.167332 0.000000 0.707107 0.707107 255 255 255
0.943568 3.473901 -0.167332 0.000000 0.707107 0.707107 255 255 255
0.677548 3.643001 -0.336432 0.000000 0.707107 0.707107 255 255 255
0.652548 3.473901 -0.167332 0.000000 0.707107 0.707107 255 255 255
0.677548 3.473901 -0.167332 0.000000 0.707107 0.707107 255 255 255
0.411529 3.643001 -0.336432 0.000000 0.707107 0.707107 255 255 255
0.386529 3.473901 -0.167332 0.000000 0.707107 0.707107 255 255 255
0.411529 3.473901 -0.167332 0.000000 0.707107 0.707107 255 255 255
0.145510 3.643001 -0.336432 0.000000 0.707107 0.707107 255 255 255
0.120510 3.473901 -0.167332 0.000000 0.707107 0.707107 255 255 255
0.145510 3.473901 -0.167332 0.000000 0.707107 0.707107 255 255 255
1.729126 3.643001 -0.336432 -0.000000 0.707107 0.707107 9 65 192
1.475610 3.473901 -0.167332 -0.000000 0.707107 0.707107 9 65 192
1.729126 3.473901 -0.167332 -0.000000 0.707107 0.707107 9 65 192
1.450607 3.643001 -0.336432 0.000000 0.707107 0.707107 9 65 192
1.209590 3.473901 -0.167332 0.000000 0.707107 0.707107 9 65 192
1.450607 3.473901 -0.167332 0.000000 0.707107 0.707107 9 65 192
1.184587 3.643001 -0.336432 0.000000 0.707107 0.707107 9 65 192
0.943568 3.473901 -0.167332 0.000000 0.707107 0.707107 9 65 192
1.184587 3.473901 -0.167332 0.000000 0.707107 0.707107 9 65 192
0.918568 3.643001 -0.336432 0.000000 0.707107 0.707107 9 65 192
0.677548 3.473901 -0.167332 0.000000 0.707107 0.707107 9 65 192
0.918568 3.473901 -0.167332 0.000000 0.707107 0.707107 9 65 192
0.652548 3.643001 -0.336432 0.000000 0.707107 0.707107 9 65 192
0.411529 3.473901 -0.167332 0.000000 0.707107 0.707107 9 65 192
0.652548 3.473901 -0.167332 0.000000 0.707107 0.707107 9 65 192
0.386529 3.643001 -0.336432 0.000000 0.707107 0.707107 9 65 192
0.145510 3.473901 -0.167332 0.000000 0.707107 0.707107 9 65 192
0.386529 3.473901 -0.167332 0.000000 0.707107 0.707107 9 65 192
1.475610 3.829779 -0.523210 0.000000 0.707107 0.707107 255 255 255
1.450607 3.660679 -0.354110 0.000000 0.707107 0.707107 255 255 255
1.475610 3.660679 -0.354110 0.000000 0.707107 0.707107 255 255 255
1.209590 3.829779 -0.523210 0.000000 0.707107 0.707106 255 255 255
1.184587 3.660679 -0.354110 0.000000 0.707107 0.707106 255 255 255
1.209590 3.660679 -0.354110 0.000000 0.707107 0.707106 255 255 255
0.943568 3.829779 -0.523210 0.000000 0.707107 0.707106 255 255 255
0.918568 3.660679 -0.354110 0.000000 0.707107 0.707106 255 255 255
0.943568 3.660679 -0.354110 0.000000 0.707107 0.707106 255 255 255
0.677548 3.829779 -0.523210 0.000000 0.707107 0.707106 255 255 255
0.652548 3.660679 -0.354110 0.000000 0.707107 0.707106 255 255 255
0.677548 3.660679 -0.354110 0.000000 0.707107 0.707106 255 255 255
0.411529 3.829779 -0.523210 0.000000 0.707107 0.707106 255 255 255
0.386529 3.660679 -0.354110 0.000000 0.707107 0.707106 255 255 255
0.411529 3.660679 -0.354110 0.000000 0.707107 0.707106 255 255 255
0.145510 3.829779 -0.523210 0.000000 0.707107 0.707106 255 255 255
0.120510 3.660679 -0.354110 0.000000 0.707107 0.707106 255 255 255
0.145510 3.660679 -0.354110 0.000000 0.707107 0.707106 255 255 255
1.729126 3.829779 -0.523210 -0.000000 0.707107 0.707107 9 65 192
1.475610 3.660679 -0.354110 -0.000000 0.707107 0.707107 9 65 192
1.729126 3.660679 -0.354110 -0.000000 0.707107 0.707107 9 65 192
1.450607 3.829779 -0.523210 0.000000 0.707107 0.707107 9 65 192
1.209590 3.660679 -0.354110 0.000000 0.707107 0.707107 9 65 192
1.450607 3.660679 -0.354110 0.000000 0.707107 0.707107 9 65 192
1.184587 3.829779 -0.523210 0.000000 0.707107 0.707107 9 65 192
0.943568 3.660679 -0.354110 0.000000 0.707107 0.707107 9 65 192
1.184587 3.660679 -0.354110 0.000000 0.707107 0.707107 9 65 192
0.918568 3.829779 -0.523210 0.000000 0.707107 0.707106 9 65 192
0.677548 3.660679 -0.354110 0.000000 0.707107 0.707106 9 65 192
0.918568 3.660679 -0.354110 0.000000 0.707107 0.707106 9 65 192
0.652548 3.829779 -0.523210 0.000000 0.707107 0.707106 9 65 192
0.411529 3.660679 -0.354110 0.000000 0.707107 0.707106 9 65 192
0.652548 3.660679 -0.354110 0.000000 0.707107 0.707106 9 65 192
0.386529 3.829779 -0.523210 0.000000 0.707107 0.707107 9 65 192
0.145510 3.660679 -0.354110 0.000000 0.707107 0.707107 9 65 192
0.386529 3.660679 -0.354110 0.000000 0.707107 0.707107 9 65 192
-1.450607 3.847456 -0.540888 0.000000 0.707107 0.707107 255 255 255
-1.475610 4.025395 -0.718827 0.000000 0.707107 0.707107 255 255 255
-1.475610 3.847456 -0.540888 0.000000 0.707107 0.707107 255 255 255
-1.184587 3.847456 -0.540888 0.000000 0.707107 0.707107 255 255 255
-1.209590 4.025395 -0.718827 0.000000 0.707107 0.707107 255 255 255
-1.209590 3.847456 -0.540888 0.000000 0.707107 0.707107 255 255 255
-0.918568 3.847456 -0.540888 0.000000 0.707107 0.707107 255 255 255
-0.943568 4.025395 -0.718827 0.000000 0.707107 0.707107 255 255 255
-0.943568 3.847456 -0.540888 0.000000 0.707107 0.707107 255 255 255
-0.652548 3.847456 -0.540888 0.000000 0.707107 0.707107 255 255 255
-0.677548 4.025395 -0.718827 0.000000 0.707107 0.707107 255 255 255
-0.677548 3.847456 -0.540888 0.000000 0.707107 0.707107 255 255 255
-0.386529 3.847456 -0.540888 0.000000 0.707107 0.707107 255 255 255
-0.411529 4.025395 -0.718827 0.000000 0.707107 0.707107 255 255 255
-0.411529 3.847456 -0.540888 0.000000 0.707107 0.707107 255 255 255
-0.120510 3.847456 -0.540888 0.000000 0.707107 0.707107 255 255 255
-0.145510 4.025395 -0.718827 0.000000 0.707107 0.707107 255 255 255
-0.145510 3.847456 -0.540888 0.000000 0.707107 0.707107 255 255 255
-1.475610 3.847456 -0.540888 -0.000000 0.707106 0.707107 9 65 192
-1.729126 4.025395 -0.718827 -0.000000 0.707106 0.707107 9 65 192
-1.729126 3.847456 -0.540888 -0.000000 0.707106 0.707107 9 65 192
-1.209590 3.847456 -0.540888 0.000000 0.707107 0.707107 9 65 192
-1.450607 4.025395 -0.718827 0.000000 0.707107 0.707107 9 65 192
-1.450607 3.847456 -0.540888 0.000000 0.707107 0.707107 9 65 192
-0.943568 3.847456 -0.540888 0.000000 0.707107 0.707107 9 65 192
-1.184587 4.025395 -0.718827 0.000000 0.707107 0.707107 9 65 192
-1.184587 3.847456 -0.540888 0.000000 0.707107 0.707107 9 65 192
-0.677548 3.847456 -0.540888 0.000000 0.707107 0.707107 9 65 192
-0.918568 4.025395 -0.718827 0.000000 0.707107 0.707107 9 65 192
-0.918568 3.847456 -0.540888 0.000000 0.707107 0.707107 9 65 192
-0.411529 3.847456 -0.540888 0.000000 0.707107 0.707107 9 65 192
-0.652548 4.025395 -0.718827 0.000000 0.707107 0.707107 9 65 192
-0.652548 3.847456 -0.540888 0.000000 0.707107 0.707107 9 65 192
-0.145510 3.847456 -0.540888 0.000000 0.707107 0.707107 9 65 192
-0.386529 4.025395 -0.718827 0.000000 0.707107 0.707107 9 65 192
-0.386529 3.847456 -0.540888 0.000000 0.707107 0.707107 9 65 192
-0.120510 3.847456 -0.540888 0.000000 0.707103 0.707110 255 255 255
-0.120510 3.829779 -0.523210 0.000000 0.707103 0.707110 255 255 255
-0.120510 3.660679 -0.354110 0.000000 0.707104 0.707109 255 255 255
-0.120510 3.643001 -0.336432 0.000000 0.707104 0.707109 255 255 255
-0.120510 3.473901 -0.167332 0.000000 0.707109 0.707105 255 255 255
-0.120510 3.456223 -0.149655 0.000000 0.707109 0.707105 255 255 255
0.120510 3.287123 0.019445 0.000000 0.707104 0.707109 255 255 255
-0.120510 3.269445 0.037123 0.000000 0.707104 0.707109 255 255 255
0.120510 3.100345 0.206223 0.000000 0.707104 0.707109 255 255 255
-0.120510 3.082667 0.223901 0.000000 0.707104 0.707109 255 255 255
0.120510 2.913568 0.393001 0.000000 0.707110 0.707103 255 255 255
-0.120510 2.895890 0.410678 0.000000 0.707110 0.707103 255 255 255
0.120510 2.726790 0.579779 0.000000 0.707110 0.707103 255 255 255
-0.120510 2.709112 0.597456 0.000000 0.707110 0.707103 255 255 255
-0.145510 2.709112 0.597456 0.000000 0.707110 0.707103 255 255 255
-0.386529 2.726790 0.579779 0.000000 0.707110 0.707103 255 255 255
-0.386529 2.709112 0.597456 0.000000 0.707110 0.707103 255 255 255
-0.145510 2.895890 0.410678 0.000000 0.707110 0.707103 255 255 255
-0.386529 2.913568 0.393001 0.000000 0.707110 0.707103 255 255 255
-0.386529 2.895890 0.410678 0.000000 0.707110 0.707103 255 255 255
-0.145510 3.082667 0.223901 0.000000 0.707104 0.707109 255 255 255
-0.386529 3.100345 0.206223 0.000000 0.707104 0.707109 255 255 255
-0.386529 3.082667 0.223901 0.000000 0.707104 0.707109 255 255 255
-0.145510 3.269445 0.037123 0.000000 0.707104 0.707109 255 255 255
-0.386529 3.287123 0.019445 0.000000 0.707104 0.707109 255 255 255
-0.386529 3.269445 0.037123 0.000000 0.707104 0.707109 255 255 255
-0.145510 3.456223 -0.149655 0.000000 0.707109 0.707105 255 255 255
-0.386529 3.473901 -0.167332 0.000000 0.707109 0.707105 255 255 255
-0.386529 3.456223 -0.149655 0.000000 0.707109 0.707105 255 255 255
-0.145510 3.643001 -0.336432 0.000000 0.707104 0.707109 255 255 255
-0.386529 3.660679 -0.354110 0.000000 0.707104 0.707109 255 255 255
-0.386529 3.643001 -0.336432 0.000000 0.707104 0.707109 255 255 255
-0.145510 3.829779 -0.523210 0.000000 0.707103 0.707110 255 255 255
-0.386529 3.847456 -0.540888 0.000000 0.707103 0.707110 255 255 255
-0.386529 3.829779 -0.523210 0.000000 0.707103 0.707110 255 255 255
-0.411529 2.709112 0.597456 0.000000 0.707110 0.707103 255 255 255
-0.652548 2.726790 0.579779 0.000000 0.707110 0.707103 255 255 255
-0.652548 2.709112 0.597456 0.000000 0.707110 0.707103 255 255 255
-0.411529 2.895890 0.410678 0.000000 0.707110 0.707103 255 255 255
-0.652548 2.913568 0.393001 0.000000 0.707110 0.707103 255 255 255
-0.652548 2.895890 0.410678 0.000000 0.707110 0.707103 255 255 255
-0.411529 3.082667 0.223901 0.000000 0.707104 0.707109 255 255 255
-0.652548 3.100345 0.206223 0.000000 0.707104 0.707109 255 255 255
-0.652548 3.082667 0.223901 0.000000 0.707104 0.707109 255 255 255
-0.411529 3.269445 0.037123 0.000000 0.707104 0.707109 255 255 255
-0.652548 3.287123 0.019445 0.000000 0.707104 0.707109 255 255 255
-0.652548 3.269445 0.037123 0.000000 0.707104 0.707109 255 255 255
-0.411529 3.456223 -0.149655 0.000000 0.707109 0.707105 255 255 255
-0.652548 3.473901 -0.167332 0.000000 0.707109 0.707105 255 255 255
-0.652548 3.456223 -0.149655 0.000000 0.707109 0.707105 255 255 255
-0.411529 3.643001 -0.336432 0.000000 0.707104 0.707109 255 255 255
-0.652548 3.660679 -0.354110 0.000000 0.707104 0.707109 255 255 255
-0.652548 3.643001 -0.336432 0.000000 0.707104 0.707109 255 255 255
-0.411529 3.829779 -0.523210 0.000000 0.707103 0.707110 255 255 255
-0.652548 3.847456 -0.540888 0.000000 0.707103 0.707110 255 255 255
-0.652548 3.829779 -0.523210 0.000000 0.707103 0.707110 255 255 255
-0.677548 2.709112 0.597456 0.000000 0.707110 0.707103 255 255 255
-0.918568 2.726790 0.579779 0.000000 0.707110 0.707103 255 255 255
-0.918568 2.709112 0.597456 0.000000 0.707110 0.707103 255 255 255
-0.677548 2.895890 0.410678 0.000000 0.707110 0.707103 255 255 255
-0.918568 2.913568 0.393001 0.000000 0.707110 0.707103 255 255 255
-0.918568 2.895890 0.410678 0.000000 0.707110 0.707103 255 255 255
-0.677548 3.082667 0.223901 0.000000 0.707104 0.707109 255 255 255
-0.918568 3.100345 0.206223 0.000000 0.707104 0.707109 255 255 255
-0.918568 3.082667 0.223901 0.000000 0.707104 0.707109 255 255 255
-0.677548 3.269445 0.037123 0.000000 0.707104 0.707109 255 255 255
-0.918568 3.287123 0.019445 0.000000 0.707104 0.707109 255 255 255
-0.918568 3.269445 0.037123 0.000000 0.707104 0.707109 255 255 255
-0.677548 3.456223 -0.149655 0.000000 0.707109 0.707105 255 255 255
-0.918568 3.473901 -0.167332 0.000000 0.707109 0.707105 255 255 255
-0.918568 3.456223 -0.149655 0.000000 0.707109 0.707105 255 255 255
-0.677548 3.643001 -0.336432 0.000000 0.707104 0.707109 255 255 255
-0.918568 3.660679 -0.354110 0.000000 0.707104 0.707109 255 255 255
-0.918568 3.643001 -0.336432 0.000000 0.707104 0.707109 255 255 255
-0.677548 3.829779 -0.523210 0.000000 0.707103 0.707110 255 255 255
-0.918568 3.847456 -0.540888 0.000000 0.707103 0.707110 255 255 255
-0.918568 3.829779 -0.523210 0.000000 0.707103 0.707110 255 255 255
-0.943568 2.709112 0.597456 0.000000 0.707110 0.707103 255 255 255
-1.184587 2.726790 0.579779 0.000000 0.707110 0.707103 255 255 255
-1.184587 2.709112 0.597456 0.000000 0.707110 0.707103 255 255 255
-0.943568 2.895890 0.410678 0.000000 0.707110 0.707103 255 255 255
-1.184587 2.913568 0.393001 0.000000 0.707110 0.707103 255 255 255
-1.184587 2.895890 0.410678 0.000000 0.707110 0.707103 255 255 255
-0.943568 3.082667 0.223901 0.000000 0.707104 0.707109 255 255 255
-1.184587 3.100345 0.206223 0.000000 0.707104 0.707109 255 255 255
-1.184587 3.082667 0.223901 0.000000 0.707104 0.707109 255 255 255
-0.943568 3.269445 0.037123 0.000000 0.707104 0.707109 255 255 255
-1.184587 3.287123 0.019445 0.000000 0.707104 0.707109 255 255 255
-1.184587 3.269445 0.037123 0.000000 0.707104 0.707109 255 255 255
-0.943568 3.456223 -0.149655 0.000000 0.707109 0.707105 255 255 255
-1.184587 3.473901 -0.167332 0.000000 0.707109 0.707105 255 255 255
-1.184587 3.456223 -0.149655 0.000000 0.707109 0.707105 255 255 255
-0.943568 3.643001 -0.336432 0.000000 0.707104 0.707109 255 255 255
-1.184587 3.660679 -0.354110 0.000000 0.707104 0.707109 255 255 255
-1.184587 3.643001 -0.336432 0.000000 0.707104 0.707109 255 255 255
-0.943568 3.829779 -0.523210 0.000000 0.707103 0.707110 255 255 255
-1.184587 3.847456 -0.540888 0.000000 0.707103 0.707110 255 255 255
-1.184587 3.829779 -0.523210 0.000000 0.707103 0.707110 255 255 255
-1.209590 2.709112 0.597456 0.000000 0.707110 0.707103 255 255 255
-1.450607 2.726790 0.579779 0.000000 0.707110 0.707103 255 255 255
-1.450607 2.709112 0.597456 0.000000 0.707110 0.707103 255 255 255
-1.209590 2.895890 0.410678 0.000000 0.707110 0.707103 255 255 255
-1.450607 2.913568 0.393001 0.000000 0.707110 0.707103 255 255 255
-1.450607 2.895890 0.410678 0.000000 0.707110 0.707103 255 255 255
-1.209590 3.082667 0.223901 0.000000 0.707104 0.707109 255 255 255
-1.450607 3.100345 0.206223 0.000000 0.707104 0.707109 255 255 255
-1.450607 3.082667 0.223901 0.000000 0.707104 0.707109 255 255 255
-1.209590 3.269445 0.037123 0.000000 0.707104 0.707109 255 255 255
-1.450607 3.287123 0.019445 0.000000 0.707104 0.707109 255 255 255
-1.450607 3.269445 0.037123 0.000000 0.707104 0.707109 255 255 255
-1.209590 3.456223 -0.149655 0.000000 0.707109 0.707105 255 255 255
-1.450607 3.473901 -0.167332 0.000000 0.707109 0.707105 255 255 255
-1.450607 3.456223 -0.149655 0.000000 0.707109 0.707105 255 255 255
-1.209590 3.643001 -0.336432 0.000000 0.707104 0.707109 255 255 255
-1.450607 3.660679 -0.354110 0.000000 0.707104 0.707109 255 255 255
-1.450607 3.643001 -0.336432 0.000000 0.707104 0.707109 255 255 255
-1.209590 3.829779 -0.523210 0.000000 0.707103 0.707110 255 255 255
-1.450607 3.847456 -0.540888 0.000000 0.707103 0.707110 255 255 255
-1.450607 3.829779 -0.523210 0.000000 0.707103 0.707110 255 255 255
-1.475610 2.709112 0.597456 0.000000 0.707110 0.707103 255 255 255
-1.729126 2.726790 0.579779 0.000000 0.707110 0.707103 255 255 255
-1.729126 2.709112 0.597456 0.000000 0.707110 0.707103 255 255 255
-1.475610 2.895890 0.410678 0.000000 0.707109 0.707104 255 255 255
-1.729126 2.913568 0.393001 0.000000 0.707109 0.707104 255 255 255
-1.729126 2.895890 0.410678 0.000000 0.707109 0.707104 255 255 255
-1.475610 3.082667 0.223901 0.000000 0.707103 0.707110 255 255 255
-1.729126 3.100345 0.206223 0.000000 0.707103 0.707110 255 255 255
-1.729126 3.082667 0.223901 0.000000 0.707103 0.707110 255 255 255
-1.475610 3.269445 0.037123 0.000000 0.707109 0.707105 255 255 255
-1.729126 3.287123 0.019445 0.000000 0.707109 0.707105 255 255 255
-1.729126 3.269445 0.037123 0.000000 0.707109 0.707105 255 255 255
-1.475610 3.456223 -0.149655 0.000000 0.707108 0.707105 255 255 255
-1.729126 3.473901 -0.167332 0.000000 0.707108 0.707105 255 255 255
-1.729126 3.456223 -0.149655 0.000000 0.707108 0.707105 255 255 255
-1.475610 3.643001 -0.336432 0.000000 0.707104 0.707109 255 255 255
-1.729126 3.660679 -0.354110 0.000000 0.707104 0.707109 255 255 255
-1.729126 3.643001 -0.336432 0.000000 0.707104 0.707109 255 255 255
-1.475610 3.829779 -0.523210 0.000000 0.707109 0.707104 255 255 255
-1.729126 3.847456 -0.540888 0.000000 0.707109 0.707104 255 255 255
-1.729126 3.829779 -0.523210 0.000000 0.707109 0.707104 255 255 255
0.120510 4.025395 -0.718827 0.000000 0.707108 0.707105 255 255 255
0.145510 4.025395 -0.718827 0.000000 0.707108 0.707105 255 255 255
1.800000 4.073779 -0.767211 0.000000 0.707108 0.707105 255 255 255
-0.145510 2.726790 0.579779 0.000000 0.707110 0.707103 255 255 255
-0.145510 2.913568 0.393001 0.000000 0.707110 0.707103 255 255 255
-0.145510 3.100345 0.206223 0.000000 0.707104 0.707109 255 255 255
-0.145510 3.287123 0.019445 0.000000 0.707104 0.707109 255 255 255
-0.145510 3.473901 -0.167332 0.000000 0.707109 0.707105 255 255 255
-0.145510 3.660679 -0.354110 0.000000 0.707104 0.707109 255 255 255
-0.145510 3.847456 -0.540888 0.000000 0.707103 0.707110 255 255 255
-0.411529 2.726790 0.579779 0.000000 0.707110 0.707103 255 255 255
-0.411529 2.913568 0.393001 0.000000 0.707110 0.707103 255 255 255
-0.411529 3.100345 0.206223 0.000000 0.707104 0.707109 255 255 255
-0.411529 3.287123 0.019445 0.000000 0.707104 0.707109 255 255 255
-0.411529 3.473901 -0.167332 0.000000 0.707109 0.707105 255 255 255
-0.411529 3.660679 -0.354110 0.000000 0.707104 0.707109 255 255 255
-0.411529 3.847456 -0.540888 0.000000 0.707103 0.707110 255 255 255
-0.677548 2.726790 0.579779 0.000000 0.707110 0.707103 255 255 255
-0.677548 2.913568 0.393001 0.000000 0.707110 0.707103 255 255 255
-0.652548 3.082667 0.223901 0.000000 0.707104 0.707110 255 255 255
-0.677548 3.100345 0.206223 0.000000 0.707104 0.707110 255 255 255
-0.677548 3.082667 0.223901 0.000000 0.707104 0.707110 255 255 255
-0.677548 3.287123 0.019445 0.000000 0.707104 0.707109 255 255 255
-0.677548 3.473901 -0.167332 0.000000 0.707109 0.707105 255 255 255
-0.677548 3.660679 -0.354110 0.000000 0.707104 0.707109 255 255 255
-0.677548 3.847456 -0.540888 0.000000 0.707103 0.707110 255 255 255
-0.943568 2.726790 0.579779 0.000000 0.707110 0.707103 255 255 255
-0.943568 2.913568 0.393001 0.000000 0.707110 0.707103 255 255 255
-0.943568 3.100345 0.206223 0.000000 0.707104 0.707109 255 255 255
-0.943568 3.287123 0.019445 0.000000 0.707104 0.707109 255 255 255
-0.943568 3.473901 -0.167332 0.000000 0.707109 0.707105 255 255 255
-0.943568 3.660679 -0.354110 0.000000 0.707104 0.707109 255 255 255
-0.943568 3.847456 -0.540888 0.000000 0.707103 0.707110 255 255 255
-1.209590 2.726790 0.579779 0.000000 0.707110 0.707103 255 255 255
-1.209590 2.913568 0.393001 0.000000 0.707110 0.707103 255 255 255
-1.184587 3.082667 0.223901 0.000000 0.707104 0.707110 255 255 255
-1.209590 3.100345 0.206223 0.000000 0.707104 0.707110 255 255 255
-1.209590 3.082667 0.223901 0.000000 0.707104 0.707110 255 255 255
-1.209590 3.287123 0.019445 0.000000 0.707104 0.707109 255 255 255
-1.209590 3.473901 -0.167332 0.000000 0.707109 0.707105 255 255 255
-1.209590 3.660679 -0.354110 0.000000 0.707104 0.707109 255 255 255
-1.209590 3.847456 -0.540888 0.000000 0.707103 0.707110 255 255 255
-1.475610 2.726790 0.579779 0.000000 0.707110 0.707103 255 255 255
-1.475610 2.913568 0.393001 0.000000 0.707110 0.707103 255 255 255
-1.475610 2.895890 0.410678 0.000000 0.707110 0.707103 255 255 255
-1.450607 3.082667 0.223901 0.000000 0.707104 0.707110 255 255 255
-1.475610 3.100345 0.206223 0.000000 0.707104 0.707110 255 255 255
-1.475610 3.082667 0.223901 0.000000 0.707104 0.707110 255 255 255
-1.475610 3.287123 0.019445 0.000000 0.707104 0.707109 255 255 255
-1.475610 3.269445 0.037123 0.000000 0.707104 0.707109 255 255 255
-1.475610 3.473901 -0.167332 0.000000 0.707109 0.707105 255 255 255
-1.475610 3.456223 -0.149655 0.000000 0.707109 0.707105 255 255 255
-1.475610 3.660679 -0.354110 0.000000 0.707104 0.707109 255 255 255
-1.475610 3.847456 -0.540888 0.000000 0.707103 0.707110 255 255 255
-1.475610 3.829779 -0.523210 0.000000 0.707103 0.707110 255 255 255
-1.800000 2.482789 0.823779 -1.000000 0.000000 0.000000 255 255 255
-1.800000 4.017211 -0.823779 -1.000000 0.000000 0.000000 255 255 255
-1.800000 2.426221 0.767211 -1.000000 0.000000 0.000000 255 255 255
-1.729126 3.643001 -0.336432 -0.000031 0.707104 0.707109 255 255 255
-1.729126 3.660679 -0.354110 -0.000031 0.707104 0.707109 255 255 255
-1.800000 4.073779 -0.767211 -0.000031 0.707104 0.707109 255 255 255
-0.120510 2.531173 0.775395 -0.000000 0.707106 0.707108 255 255 255
-0.145510 2.531173 0.775395 -0.000000 0.707106 0.707108 255 255 255
-1.800000 2.482789 0.823779 -0.000000 0.707106 0.707108 255 255 255
-1.450607 2.531173 0.775395 0.000000 0.707107 0.707107 255 255 255
-1.475610 2.709112 0.597456 0.000000 0.707107 0.707107 255 255 255
-1.475610 2.531173 0.775395 0.000000 0.707107 0.707107 255 255 255
-1.184587 2.531173 0.775395 0.000000 0.707107 0.707107 255 255 255
-1.209590 2.709112 0.597456 0.000000 0.707107 0.707107 255 255 255
-1.209590 2.531173 0.775395 0.000000 0.707107 0.707107 255 255 255
-0.918568 2.531173 0.775395 0.000000 0.707107 0.707107 255 255 255
-0.943568 2.709112 0.597456 0.000000 0.707107 0.707107 255 255 255
-0.943568 2.531173 0.775395 0.000000 0.707107 0.707107 255 255 255
-0.652548 2.531173 0.775395 0.000000 0.707106 0.707107 255 255 255
-0.677548 2.709112 0.597456 0.000000 0.707106 0.707107 255 255 255
-0.677548 2.531173 0.775395 0.000000 0.707106 0.707107 255 255 255
-0.386529 2.531173 0.775395 0.000000 0.707107 0.707107 255 255 255
-0.411529 2.709112 0.597456 0.000000 0.707107 0.707107 255 255 255
-0.411529 2.531173 0.775395 0.000000 0.707107 0.707107 255 255 255
-0.120510 2.531173 0.775395 0.000000 0.707107 0.707107 255 255 255
-0.145510 2.709112 0.597456 0.000000 0.707107 0.707107 255 255 255
-0.145510 2.531173 0.775395 0.000000 0.707107 0.707107 255 255 255
-1.475610 2.531173 0.775395 0.000000 0.707107 0.707107 9 65 192
-1.729126 2.709112 0.597456 0.000000 0.707107 0.707107 9 65 192
-1.729126 2.531173 0.775395 0.000000 0.707107 0.707107 9 65 192
-1.209590 2.531173 0.775395 0.000000 0.707107 0.707107 9 65 192
-1.450607 2.709112 0.597456 0.000000 0.707107 0.707107 9 65 192
-1.450607 2.531173 0.775395 0.000000 0.707107 0.707107 9 65 192
-0.943568 2.531173 0.775395 0.000000 0.707107 0.707107 9 65 192
-1.184587 2.709112 0.597456 0.000000 0.707107 0.707107 9 65 192
-1.184587 2.531173 0.775395 0.000000 0.707107 0.707107 9 65 192
-0.677548 2.531173 0.775395 0.000000 0.707107 0.707107 9 65 192
-0.918568 2.709112 0.597456 0.000000 0.707107 0.707107 9 65 192
-0.918568 2.531173 0.775395 0.000000 0.707107 0.707107 9 65 192
-0.411529 2.531173 0.775395 0.000000 0.707107 0.707107 9 65 192
-0.652548 2.709112 0.597456 0.000000 0.707107 0.707107 9 65 192
-0.652548 2.531173 0.775395 0.000000 0.707107 0.707107 9 65 192
-0.145510 2.531173 0.775395 0.000000 0.707107 0.707107 9 65 192
-0.386529 2.709112 0.597456 0.000000 0.707107 0.707107 9 65 192
-0.386529 2.531173 0.775395 0.000000 0.707107 0.707107 9 65 192
-1.450607 2.726790 0.579779 0.000000 0.707106 0.707107 255 255 255
-1.475610 2.895890 0.410678 0.000000 0.707106 0.707107 255 255 255
-1.475610 2.726790 0.579779 0.000000 0.707106 0.707107 255 255 255
-1.184587 2.726790 0.579779 0.000000 0.707106 0.707107 255 255 255
-1.209590 2.895890 0.410678 0.000000 0.707106 0.707107 255 255 255
-1.209590 2.726790 0.579779 0.000000 0.707106 0.707107 255 255 255
-0.918568 2.726790 0.579779 0.000000 0.707106 0.707107 255 255 255
-0.943568 2.895890 0.410678 0.000000 0.707106 0.707107 255 255 255
-0.943568 2.726790 0.579779 0.000000 0.707106 0.707107 255 255 255
-0.652548 2.726790 0.579779 0.000000 0.707106 0.707107 255 255 255
-0.677548 2.895890 0.410678 0.000000 0.707106 0.707107 255 255 255
-0.677548 2.726790 0.579779 0.000000 0.707106 0.707107 255 255 255
-0.386529 2.726790 0.579779 0.000000 0.707106 0.707107 255 255 255
-0.411529 2.895890 0.410678 0.000000 0.707106 0.707107 255 255 255
-0.411529 2.726790 0.579779 0.000000 0.707106 0.707107 255 255 255
-0.120510 2.726790 0.579779 0.000000 0.707106 0.707107 255 255 255
-0.145510 2.895890 0.410678 0.000000 0.707106 0.707107 255 255 255
-0.145510 2.726790 0.579779 0.000000 0.707106 0.707107 255 255 255
-1.475610 2.726790 0.579779 0.000000 0.707106 0.707107 9 65 192
-1.729126 2.895890 0.410678 0.000000 0.707106 0.707107 9 65 192
-1.729126 2.726790 0.579779 0.000000 0.707106 0.707107 9 65 192
-1.209590 2.726790 0.579779 0.000000 0.707106 0.707107 9 65 192
-1.450607 2.895890 0.410678 0.000000 0.707106 0.707107 9 65 192
-1.450607 2.726790 0.579779 0.000000 0.707106 0.707107 9 65 192
-0.943568 2.726790 0.579779 0.000000 0.707106 0.707107 9 65 192
-1.184587 2.895890 0.410678 0.000000 0.707106 0.707107 9 65 192
-1.184587 2.726790 0.579779 0.000000 0.707106 0.707107 9 65 192
-0.677548 2.726790 0.579779 0.000000 0.707106 0.707107 9 65 192
-0.918568 2.895890 0.410678 0.000000 0.707106 0.707107 9 65 192
-0.918568 2.726790 0.579779 0.000000 0.707106 0.707107 9 65 192
-0.411529 2.726790 0.579779 0.000000 0.707106 0.707107 9 65 192
-0.652548 2.895890 0.410678 0.000000 0.707106 0.707107 9 65 192
-0.652548 2.726790 0.579779 0.000000 0.707106 0.707107 9 65 192
-0.145510 2.726790 0.579779 0.000000 0.707106 0.707107 9 65 192
-0.386529 2.895890 0.410678 0.000000 0.707106 0.707107 9 65 192
-0.386529 2.726790 0.579779 0.000000 0.707106 0.707107 9 65 192
-1.800000 4.017211 -0.823779 0.000000 -0.707107 -0.707107 255 255 255
1.800000 2.426221 0.767211 0.000000 -0.707107 -0.707107 255 255 255
-1.800000 2.426221 0.767211 0.000000 -0.707107 -0.707107 255 255 255
-1.450607 2.913568 0.393001 0.000000 0.707107 0.707107 255 255 255
-1.475610 3.082667 0.223901 0.000000 0.707107 0.707107 255 255 255
-1.475610 2.913568 0.393001 0.000000 0.707107 0.707107 255 255 255
-1.184587 2.913568 0.393001 0.000000 0.707107 0.707107 255 255 255
-1.209590 3.082667 0.223901 0.000000 0.707107 0.707107 255 255 255
-1.209590 2.913568 0.393001 0.000000 0.707107 0.707107 255 255 255
-0.918568 2.913568 0.393001 0.000000 0.707107 0.707107 255 255 255
-0.943568 3.082667 0.223901 0.000000 0.707107 0.707107 255 255 255
-0.943568 2.913568 0.393001 0.000000 0.707107 0.707107 255 255 255
-0.652548 2.913568 0.393001 0.000000 0.707107 0.707107 255 255 255
-0.677548 3.082667 0.223901 0.000000 0.707107 0.707107 255 255 255
-0.677548 2.913568 0.393001 0.000000 0.707107 0.707107 255 255 255
-0.386529 2.913568 0.393001 0.000000 0.707107 0.707107 255 255 255
-0.411529 3.082667 0.223901 0.000000 0.707107 0.707107 255 255 255
-0.411529 2.913568 0.393001 0.000000 0.707107 0.707107 255 255 255
-0.120510 2.913568 0.393001 0.000000 0.707107 0.707107 255 255 255
-0.145510 3.082667 0.223901 0.000000 0.707107 0.707107 255 255 255
-0.145510 2.913568 0.393001 0.000000 0.707107 0.707107 255 255 255
-1.475610 2.913568 0.393001 0.000000 0.707107 0.707107 9 65 192
-1.729126 3.082667 0.223901 0.000000 0.707107 0.707107 9 65 192
-1.729126 2.913568 0.393001 0.000000 0.707107 0.707107 9 65 192
-1.209590 2.913568 0.393001 0.000000 0.707107 0.707107 9 65 192
-1.450607 3.082667 0.223901 0.000000 0.707107 0.707107 9 65 192
-1.450607 2.913568 0.393001 0.000000 0.707107 0.707107 9 65 192
-0.943568 2.913568 0.393001 0.000000 0.707107 0.707107 9 65 192
-1.184587 3.082667 0.223901 0.000000 0.707107 0.707107 9 65 192
-1.184587 2.913568 0.393001 0.000000 0.707107 0.707107 9 65 192
-0.677548 2.913568 0.393001 0.000000 0.707107 0.707107 9 65 192
-0.918568 3.082667 0.223901 0.000000 0.707107 0.707107 9 65 192
-0.918568 2.913568 0.393001 0.000000 0.707107 0.707107 9 65 192
-0.411529 2.913568 0.393001 0.000000 0.707107 0.707107 9 65 192
-0.652548 3.082667 0.223901 0.000000 0.707107 0.707107 9 65 192
-0.652548 2.913568 0.393001 0.000000 0.707107 0.707107 9 65 192
-0.145510 2.913568 0.393001 0.000000 0.707107 0.707107 9 65 192
-0.386529 3.082667 0.223901 0.000000 0.707107 0.707107 9 65 192
-0.386529 2.913568 0.393001 0.000000 0.707107 0.707107 9 65 192
-1.450607 3.100345 0.206223 0.000000 0.707107 0.707107 255 255 255
-1.475610 3.269445 0.037123 0.000000 0.707107 0.707107 255 255 255
-1.475610 3.100345 0.206223 0.000000 0.707107 0.707107 255 255 255
-1.184587 3.100345 0.206223 0.000000 0.707107 0.707107 255 255 255
-1.209590 3.269445 0.037123 0.000000 0.707107 0.707107 255 255 255
-1.209590 3.100345 0.206223 0.000000 0.707107 0.707107 255 255 255
-0.918568 3.100345 0.206223 0.000000 0.707107 0.707107 255 255 255
-0.943568 3.269445 0.037123 0.000000 0.707107 0.707107 255 255 255
-0.943568 3.100345 0.206223 0.000000 0.707107 0.707107 255 255 255
-0.652548 3.100345 0.206223 0.000000 0.707107 0.707107 255 255 255
-0.677548 3.269445 0.037123 0.000000 0.707107 0.707107 255 255 255
-0.677548 3.100345 0.206223 0.000000 0.707107 0.707107 255 255 255
-0.386529 3.100345 0.206223 0.000000 0.707107 0.707107 255 255 255
-0.411529 3.269445 0.037123 0.000000 0.707107 0.707107 255 255 255
-0.411529 3.100345 0.206223 0.000000 0.707107 0.707107 255 255 255
-0.120510 3.100345 0.206223 0.000000 0.707107 0.707107 255 255 255
-0.145510 3.269445 0.037123 0.000000 0.707107 0.707107 255 255 255
-0.145510 3.100345 0.206223 0.000000 0.707107 0.707107 255 255 255
-1.475610 3.100345 0.206223 0.000000 0.707107 0.707107 9 65 192
-1.729126 3.269445 0.037123 0.000000 0.707107 0.707107 9 65 192
-1.729126 3.100345 0.206223 0.000000 0.707107 0.707107 9 65 192
-1.209590 3.100345 0.206223 0.000000 0.707107 0.707107 9 65 192
-1.450607 3.269445 0.037123 0.000000 0.707107 0.707107 9 65 192
-1.450607 3.100345 0.206223 0.000000 0.707107 0.707107 9 65 192
-0.943568 3.100345 0.206223 0.000000 0.707107 0.707107 9 65 192
-1.184587 3.269445 0.037123 0.000000 0.707107 0.707107 9 65 192
-1.184587 3.100345 0.206223 0.000000 0.707107 0.707107 9 65 192
-0.677548 3.100345 0.206223 0.000000 0.707107 0.707107 9 65 192
-0.918568 3.269445 0.037123 0.000000 0.707107 0.707107 9 65 192
-0.918568 3.100345 0.206223 0.000000 0.707107 0.707107 9 65 192
-0.411529 3.100345 0.206223 0.000000 0.707107 0.707107 9 65 192
-0.652548 3.269445 0.037123 0.000000 0.707107 0.707107 9 65 192
-0.652548 3.100345 0.206223 0.000000 0.707107 0.707107 9 65 192
-0.145510 3.100345 0.206223 0.000000 0.707107 0.707107 9 65 192
-0.386529 3.269445 0.037123 0.000000 0.707107 0.707107 9 65 192
-0.386529 3.100345 0.206223 0.000000 0.707107 0.707107 9 65 192
-1.450607 3.287123 0.019445 0.000000 0.707107 0.707107 255 255 255
-1.475610 3.456223 -0.149655 0.000000 0.707107 0.707107 255 255 255
-1.475610 3.287123 0.019445 0.000000 0.707107 0.707107 255 255 255
-1.184587 3.287123 0.019445 0.000000 0.707107 0.707106 255 255 255
-1.209590 3.456223 -0.149655 0.000000 0.707107 0.707106 255 255 255
-1.209590 3.287123 0.019445 0.000000 0.707107 0.707106 255 255 255
-0.918568 3.287123 0.019445 0.000000 0.707107 0.707107 255 255 255
-0.943568 3.456223 -0.149655 0.000000 0.707107 0.707107 255 255 255
-0.943568 3.287123 0.019445 0.000000 0.707107 0.707107 255 255 255
-0.652548 3.287123 0.019445 0.000000 0.707107 0.707107 255 255 255
-0.677548 3.456223 -0.149655 0.000000 0.707107 0.707107 255 255 255
-0.677548 3.287123 0.019445 0.000000 0.707107 0.707107 255 255 255
-0.386529 3.287123 0.019445 0.000000 0.707107 0.707107 255 255 255
-0.411529 3.456223 -0.149655 0.000000 0.707107 0.707107 255 255 255
-0.411529 3.287123 0.019445 0.000000 0.707107 0.707107 255 255 255
-0.120510 3.287123 0.019445 0.000000 0.707107 0.707107 255 255 255
-0.145510 3.456223 -0.149655 0.000000 0.707107 0.707107 255 255 255
-0.145510 3.287123 0.019445 0.000000 0.707107 0.707107 255 255 255
-1.475610 3.287123 0.019445 -0.000001 0.707106 0.707107 9 65 192
-1.729126 3.456223 -0.149655 -0.000001 0.707106 0.707107 9 65 192
-1.729126 3.287123 0.019445 -0.000001 0.707106 0.707107 9 65 192
-1.209590 3.287123 0.019445 0.000000 0.707107 0.707107 9 65 192
-1.450607 3.456223 -0.149655 0.000000 0.707107 0.707107 9 65 192
-1.450607 3.287123 0.019445 0.000000 0.707107 0.707107 9 65 192
-0.943568 3.287123 0.019445 0.000000 0.707107 0.707107 9 65 192
-1.184587 3.456223 -0.149655 0.000000 0.707107 0.707107 9 65 192
-1.184587 3.287123 0.019445 0.000000 0.707107 0.707107 9 65 192
-0.677548 3.287123 0.019445 0.000000 0.707107 0.707107 9 65 192
-0.918568 3.456223 -0.149655 0.000000 0.707107 0.707107 9 65 192
-0.918568 3.287123 0.019445 0.000000 0.707107 0.707107 9 65 192
-0.411529 3.287123 0.019445 0.000000 0.707107 0.707107 9 65 192
-0.652548 3.456223 -0.149655 0.000000 0.707107 0.707107 9 65 192
-0.652548 3.287123 0.019445 0.000000 0.707107 0.707107 9 65 192
-0.145510 3.287123 0.019445 0.000000 0.707107 0.707107 9 65 192
-0.386529 3.456223 -0.149655 0.000000 0.707107 0.707107 9 65 192
-0.386529 3.287123 0.019445 0.000000 0.707107 0.707107 9 65 192
-1.450607 3.473901 -0.167332 0.000000 0.707107 0.707107 255 255 255
-1.475610 3.643001 -0.336432 0.000000 0.707107 0.707107 255 255 255
-1.475610 3.473901 -0.167332 0.000000 0.707107 0.707107 255 255 255
-1.184587 3.473901 -0.167332 0.000000 0.707107 0.707107 255 255 255
-1.209590 3.643001 -0.336432 0.000000 0.707107 0.707107 255 255 255
-1.209590 3.473901 -0.167332 0.000000 0.707107 0.707107 255 255 255
-0.918568 3.473901 -0.167332 0.000000 0.707107 0.707107 255 255 255
-0.943568 3.643001 -0.336432 0.000000 0.707107 0.707107 255 255 255
-0.943568 3.473901 -0.167332 0.000000 0.707107 0.707107 255 255 255
-0.652548 3.473901 -0.167332 0.000000 0.707107 0.707107 255 255 255
-0.677548 3.643001 -0.336432 0.000000 0.707107 0.707107 255 255 255
-0.677548 3.473901 -0.167332 0.000000 0.707107 0.707107 255 255 255
-0.386529 3.473901 -0.167332 0.000000 0.707107 0.707107 255 255 255
-0.411529 3.643001 -0.336432 0.000000 0.707107 0.707107 255 255 255
-0.411529 3.473901 -0.167332 0.000000 0.707107 0.707107 255 255 255
-0.120510 3.473901 -0.167332 0.000000 0.707107 0.707107 255 255 255
-0.145510 3.643001 -0.336432 0.000000 0.707107 0.707107 255 255 255
-0.145510 3.473901 -0.167332 0.000000 0.707107 0.707107 255 255 255
-1.475610 3.473901 -0.167332 0.000000 0.707107 0.707107 9 65 192
-1.729126 3.643001 -0.336432 0.000000 0.707107 0.707107 9 65 192
-1.729126 3.473901 -0.167332 0.000000 0.707107 0.707107 9 65 192
-1.209590 3.473901 -0.167332 0.000000 0.707107 0.707107 9 65 192
-1.450607 3.643001 -0.336432 0.000000 0.707107 0.707107 9 65 192
-1.450607 3.473901 -0.167332 0.000000 0.707107 0.707107 9 65 192
-0.943568 3.473901 -0.167332 0.000000 0.707107 0.707107 9 65 192
-1.184587 3.643001 -0.336432 0.000000 0.707107 0.707107 9 65 192
-1.184587 3.473901 -0.167332 0.000000 0.707107 0.707107 9 65 192
-0.677548 3.473901 -0.167332 0.000000 0.707107 0.707107 9 65 192
-0.918568 3.643001 -0.336432 0.000000 0.707107 0.707107 9 65 192
-0.918568 3.473901 -0.167332 0.000000 0.707107 0.707107 9 65 192
-0.411529 3.473901 -0.167332 0.000000 0.707107 0.707107 9 65 192
-0.652548 3.643001 -0.336432 0.000000 0.707107 0.707107 9 65 192
-0.652548 3.473901 -0.167332 0.000000 0.707107 0.707107 9 65 192
-0.145510 3.473901 -0.167332 0.000000 0.707107 0.707107 9 65 192
-0.386529 3.643001 -0.336432 0.000000 0.707107 0.707107 9 65 192
-0.386529 3.473901 -0.167332 0.000000 0.707107 0.707107 9 65 192
-1.450607 3.660679 -0.354110 0.000000 0.707107 0.707107 255 255 255
-1.475610 3.829779 -0.523210 0.000000 0.707107 0.707107 255 255 255
-1.475610 3.660679 -0.354110 0.000000 0.707107 0.707107 255 255 255
-1.184587 3.660679 -0.354110 0.000000 0.707107 0.707106 255 255 255
-1.209590 3.829779 -0.523210 0.000000 0.707107 0.707106 255 255 255
-1.209590 3.660679 -0.354110 0.000000 0.707107 0.707106 255 255 255
-0.918568 3.660679 -0.354110 0.000000 0.707107 0.707106 255 255 255
-0.943568 3.829779 -0.523210 0.000000 0.707107 0.707106 255 255 255
-0.943568 3.660679 -0.354110 0.000000 0.707107 0.707106 255 255 255
-0.652548 3.660679 -0.354110 0.000000 0.707107 0.707106 255 255 255
-0.677548 3.829779 -0.523210 0.000000 0.707107 0.707106 255 255 255
-0.677548 3.660679 -0.354110 0.000000 0.707107 0.707106 255 255 255
-0.386529 3.660679 -0.354110 0.000000 0.707107 0.707106 255 255 255
-0.411529 3.829779 -0.523210 0.000000 0.707107 0.707106 255 255 255
-0.411529 3.660679 -0.354110 0.000000 0.707107 0.707106 255 255 255
-0.120510 3.660679 -0.354110 0.000000 0.707107 0.707106 255 255 255
-0.145510 3.829779 -0.523210 0.000000 0.707107 0.707106 255 255 255
-0.145510 3.660679 -0.354110 0.000000 0.707107 0.707106 255 255 255
-1.475610 3.660679 -0.354110 0.000000 0.707107 0.707107 9 65 192
-1.729126 3.829779 -0.523210 0.000000 0.707107 0.707107 9 65 192
-1.729126 3.660679 -0.354110 0.000000 0.707107 0.707107 9 65 192
-1.209590 3.660679 -0.354110 0.000000 0.707107 0.707107 9 65 192
-1.450607 3.829779 -0.523210 0.000000 0.707107 0.707107 9 65 192
-1.450607 3.660679 -0.354110 0.000000 0.707107 0.707107 9 65 192
-0.943568 3.660679 -0.354110 0.000000 0.707107 0.707107 9 65 192
-1.184587 3.829779 -0.523210 0.000000 0.707107 0.707107 9 65 192
-1.184587 3.660679 -0.354110 0.000000 0.707107 0.707107 9 65 192
-0.677548 3.660679 -0.354110 0.000000 0.707107 0.707106 9 65 192
-0.918568 3.829779 -0.523210 0.000000 0.707107 0.707106 9 65 192
-0.918568 3.660679 -0.354110 0.000000 0.707107 0.707106 9 65 192
-0.411529 3.660679 -0.354110 0.000000 0.707107 0.707106 9 65 192
-0.652548 3.829779 -0.523210 0.000000 0.707107 0.707106 9 65 192
-0.652548 3.660679 -0.354110 0.000000 0.707107 0.707106 9 65 192
-0.145510 3.660679 -0.354110 0.000000 0.707107 0.707107 9 65 192
-0.386529 3.829779 -0.523210 0.000000 0.707107 0.707107 9 65 192
-0.386529 3.660679 -0.354110 0.000000 0.707107 0.707107 9 65 192
0.009882 0.664766 0.100333 -0.004217 -0.999767 -0.021173 234 22 22
0.063750 0.662213 0.210155 -0.004217 -0.999767 -0.021173 234 22 22
0.021526 0.662213 0.218554 -0.004217 -0.999767 -0.021173 234 22 22
0.029266 0.664766 0.096478 -0.008262 -0.999767 -0.019947 234 22 22
0.047526 0.664766 0.088914 -0.008262 -0.999767 -0.019947 234 22 22
0.063750 0.662213 0.210155 -0.008262 -0.999767 -0.019947 234 22 22
0.063750 0.789861 0.210155 -0.008262 0.999767 -0.019947 234 22 22
0.047526 0.787308 0.088914 -0.008262 0.999767 -0.019947 234 22 22
0.029266 0.787308 0.096478 -0.008262 0.999767 -0.019947 234 22 22
0.047526 0.664766 0.088914 0.991165 -0.000000 -0.132635 234 22 22
0.063750 0.789861 0.210155 0.991165 -0.000000 -0.132635 234 22 22
0.063750 0.662213 0.210155 0.991165 -0.000000 -0.132635 234 22 22
-0.021526 0.662213 0.218554 0.004199 -0.999767 -0.021175 234 22 22
-0.029266 0.664766 0.096478 0.004199 -0.999767 -0.021175 234 22 22
-0.009882 0.664766 0.100333 0.004199 -0.999767 -0.021175 234 22 22
0.009882 0.664766 0.100333 0.000000 -0.999767 -0.021588 234 22 22
-0.021526 0.662213 0.218554 0.000000 -0.999767 -0.021588 234 22 22
-0.009882 0.664766 0.100333 0.000000 -0.999767 -0.021588 234 22 22
-0.029266 0.787308 0.096478 0.008261 0.999767 -0.019945 234 22 22
-0.047526 0.787308 0.088914 0.008261 0.999767 -0.019945 234 22 22
-0.063750 0.789861 0.210155 0.008261 0.999767 -0.019945 234 22 22
-0.063750 0.662213 0.210155 -0.991165 0.000000 -0.132634 234 22 22
-0.047526 0.787308 0.088914 -0.991165 0.000000 -0.132634 234 22 22
-0.047526 0.664766 0.088914 -0.991165 0.000000 -0.132634 234 22 22
-0.063750 0.662213 0.210155 0.008275 -0.999767 -0.019945 234 22 22
-0.047526 0.664766 0.088914 0.008275 -0.999767 -0.019945 234 22 22
-0.029266 0.664766 0.096478 0.008275 -0.999767 -0.019945 234 22 22
-0.063750 0.789861 0.210155 0.004212 0.999767 -0.021173 234 22 22
-0.009882 0.787308 0.100333 0.004212 0.999767 -0.021173 234 22 22
-0.029266 0.787308 0.096478 0.004212 0.999767 -0.021173 234 22 22
-0.021526 0.789861 0.218553 0.000000 0.999767 -0.021588 234 22 22
0.009882 0.787308 0.100333 0.000000 0.999767 -0.021588 234 22 22
-0.009882 0.787308 0.100333 0.000000 0.999767 -0.021588 234 22 22
0.009882 0.787308 0.100333 -0.004212 0.999767 -0.021175 234 22 22
0.063750 0.789861 0.210155 -0.004212 0.999767 -0.021175 234 22 22
0.029266 0.787308 0.096478 -0.004212 0.999767 -0.021175 234 22 22
0.021526 0.789861 0.218553 0.195090 0.000001 0.980785 234 22 22
0.063750 0.662213 0.210155 0.195090 0.000001 0.980785 234 22 22
0.063750 0.789861 0.210155 0.195090 0.000001 0.980785 234 22 22
-0.021526 0.662213 0.218554 -0.000000 0.000001 1.000000 234 22 22
0.021526 0.789861 0.218553 -0.000000 0.000001 1.000000 234 22 22
-0.021526 0.789861 0.218553 -0.000000 0.000001 1.000000 234 22 22
-0.063750 0.662213 0.210155 -0.195088 0.000000 0.980786 234 22 22
-0.021526 0.789861 0.218553 -0.195088 0.000000 0.980786 234 22 22
-0.063750 0.789861 0.210155 -0.195088 0.000000 0.980786 234 22 22
0.052946 0.127648 0.086579 0.435590 0.000000 0.900145 64 64 64
0.035038 3.113837 0.095244 0.435590 0.000000 0.900145 64 64 64
0.035038 0.127648 0.095245 0.435590 0.000000 0.900145 64 64 64
0.035038 0.127648 0.095245 0.251595 0.000000 0.967833 64 64 64
0.015783 3.108832 0.100250 0.251595 0.000000 0.967833 64 64 64
0.015783 0.127648 0.100250 0.251595 0.000000 0.967833 64 64 64
0.015783 0.127648 0.100250 0.057955 0.000000 0.998319 64 64 64
-0.004078 3.107680 0.101403 0.057955 0.000000 0.998319 64 64 64
-0.004078 0.127649 0.101403 0.057955 0.000000 0.998319 64 64 64
-0.004078 3.107680 0.101403 -0.137925 0.000000 0.990443 64 64 64
-0.023782 0.127649 0.098659 -0.137925 0.000000 0.990443 64 64 64
-0.004078 0.127649 0.101403 -0.137925 0.000000 0.990443 64 64 64
-0.023782 3.110423 0.098659 -0.328513 0.000000 0.944500 64 64 64
-0.042573 0.127648 0.092123 -0.328513 0.000000 0.944500 64 64 64
-0.023782 0.127649 0.098659 -0.328513 0.000000 0.944500 64 64 64
-0.042573 3.116958 0.092124 -0.506454 -0.000000 0.862267 64 64 64
-0.059727 0.127649 0.082048 -0.506454 -0.000000 0.862267 64 64 64
-0.042573 0.127648 0.092123 -0.506454 -0.000000 0.862267 64 64 64
-0.059727 3.127034 0.082048 -0.664940 -0.000000 0.746897 64 64 64
-0.074586 0.127649 0.068819 -0.664940 -0.000000 0.746897 64 64 64
-0.059727 0.127649 0.082048 -0.664940 -0.000000 0.746897 64 64 64
-0.074586 3.140262 0.068819 -0.797875 -0.000000 0.602823 64 64 64
-0.086579 0.127648 0.052946 -0.797875 -0.000000 0.602823 64 64 64
-0.074586 0.127649 0.068819 -0.797875 -0.000000 0.602823 64 64 64
-0.086579 3.156136 0.052946 -0.900149 -0.000000 0.435582 64 64 64
-0.095245 0.127648 0.035038 -0.900149 -0.000000 0.435582 64 64 64
-0.086579 0.127648 0.052946 -0.900149 -0.000000 0.435582 64 64 64
-0.095245 3.174044 0.035038 -0.967832 -0.000000 0.251597 64 64 64
-0.100250 0.127648 0.015783 -0.967832 -0.000000 0.251597 64 64 64
-0.095245 0.127648 0.035038 -0.967832 -0.000000 0.251597 64 64 64
-0.100250 3.193299 0.015783 -0.998319 -0.000000 0.057951 64 64 64
-0.101403 0.127649 -0.004078 -0.998319 -0.000000 0.057951 64 64 64
-0.100250 0.127648 0.015783 -0.998319 -0.000000 0.057951 64 64 64
-0.101403 3.213160 -0.004078 -0.990443 0.000000 -0.137926 64 64 64
-0.098659 0.127648 -0.023782 -0.990443 0.000000 -0.137926 64 64 64
-0.101403 0.127649 -0.004078 -0.990443 0.000000 -0.137926 64 64 64
-0.098659 3.232864 -0.023782 -0.944503 0.000000 -0.328503 64 64 64
-0.092124 0.127648 -0.042573 -0.944503 0.000000 -0.328503 64 64 64
-0.098659 0.127648 -0.023782 -0.944503 0.000000 -0.328503 64 64 64
-0.092124 3.251654 -0.042573 -0.862270 -0.000000 -0.506449 64 64 64
-0.082048 0.127649 -0.059727 -0.862270 -0.000000 -0.506449 64 64 64
-0.092124 0.127648 -0.042573 -0.862270 -0.000000 -0.506449 64 64 64
-0.082048 3.268809 -0.059727 -0.746896 -0.000000 -0.664941 64 64 64
-0.068819 0.127648 -0.074587 -0.746896 -0.000000 -0.664941 64 64 64
-0.082048 0.127649 -0.059727 -0.746896 -0.000000 -0.664941 64 64 64
-0.068819 3.283669 -0.074586 -0.602815 0.000000 -0.797881 64 64 64
-0.052946 0.127649 -0.086579 -0.602815 0.000000 -0.797881 64 64 64
-0.068819 0.127648 -0.074587 -0.602815 0.000000 -0.797881 64 64 64
-0.052946 3.295661 -0.086579 -0.435580 -0.000000 -0.900150 64 64 64
-0.035038 0.127648 -0.095245 -0.435580 -0.000000 -0.900150 64 64 64
-0.052946 0.127649 -0.086579 -0.435580 -0.000000 -0.900150 64 64 64
-0.035038 3.304327 -0.095245 -0.251600 -0.000000 -0.967831 64 64 64
-0.015783 0.127649 -0.100250 -0.251600 -0.000000 -0.967831 64 64 64
-0.035038 0.127648 -0.095245 -0.251600 -0.000000 -0.967831 64 64 64
-0.015783 3.309332 -0.100251 -0.057955 -0.000000 -0.998319 64 64 64
0.004078 0.127648 -0.101403 -0.057955 -0.000000 -0.998319 64 64 64
-0.015783 0.127649 -0.100250 -0.057955 -0.000000 -0.998319 64 64 64
0.004078 0.127648 -0.101403 0.137925 0.000000 -0.990443 64 64 64
0.023782 3.307742 -0.098659 0.137925 0.000000 -0.990443 64 64 64
0.023782 0.127648 -0.098660 0.137925 0.000000 -0.990443 64 64 64
0.023782 0.127648 -0.098660 0.328508 0.000000 -0.944501 64 64 64
0.042573 3.301207 -0.092124 0.328508 0.000000 -0.944501 64 64 64
0.042573 0.127649 -0.092124 0.328508 0.000000 -0.944501 64 64 64
0.042573 0.127649 -0.092124 0.506449 0.000000 -0.862270 64 64 64
0.059727 3.291131 -0.082048 0.506449 0.000000 -0.862270 64 64 64
0.059727 0.127649 -0.082048 0.506449 0.000000 -0.862270 64 64 64
0.059727 0.127649 -0.082048 0.664940 0.000000 -0.746897 64 64 64
0.074586 3.277902 -0.068820 0.664940 0.000000 -0.746897 64 64 64
0.074586 0.127649 -0.068820 0.664940 0.000000 -0.746897 64 64 64
0.074586 0.127649 -0.068820 0.797880 0.000000 -0.602817 64 64 64
0.086579 3.262028 -0.052946 0.797880 0.000000 -0.602817 64 64 64
0.086579 0.127648 -0.052946 0.797880 0.000000 -0.602817 64 64 64
0.086579 0.127648 -0.052946 0.900149 0.000000 -0.435581 64 64 64
0.095245 3.244120 -0.035038 0.900149 0.000000 -0.435581 64 64 64
0.095245 0.127649 -0.035038 0.900149 0.000000 -0.435581 64 64 64
0.095245 0.127649 -0.035038 0.967832 0.000000 -0.251598 64 64 64
0.100250 3.224866 -0.015784 0.967832 0.000000 -0.251598 64 64 64
0.100250 0.127649 -0.015784 0.967832 0.000000 -0.251598 64 64 64
0.100250 0.127649 -0.015784 0.998320 0.000000 -0.057950 64 64 64
0.101403 3.205004 0.004078 0.998320 0.000000 -0.057950 64 64 64
0.101403 0.127648 0.004078 0.998320 0.000000 -0.057950 64 64 64
0.101403 0.127648 0.004078 0.990442 -0.000000 0.137928 64 64 64
0.098659 3.185300 0.023782 0.990442 -0.000000 0.137928 64 64 64
0.098659 0.127649 0.023782 0.990442 -0.000000 0.137928 64 64 64
0.098659 0.127649 0.023782 0.944505 0.000000 0.328498 64 64 64
0.092124 3.166509 0.042573 0.944505 0.000000 0.328498 64 64 64
0.092124 0.127649 0.042573 0.944505 0.000000 0.328498 64 64 64
0.092124 0.127649 0.042573 0.862264 -0.000000 0.506458 64 64 64
0.082048 3.149355 0.059727 0.862264 -0.000000 0.506458 64 64 64
0.082048 0.127648 0.059727 0.862264 -0.000000 0.506458 64 64 64
0.082048 0.127648 0.059727 0.746896 -0.000000 0.664941 64 64 64
0.068819 3.134496 0.074586 0.746896 -0.000000 0.664941 64 64 64
0.068819 0.127649 0.074586 0.746896 -0.000000 0.664941 64 64 64
0.068819 0.127649 0.074586 0.602814 -0.000000 0.797881 64 64 64
0.052946 3.122503 0.086579 0.602814 -0.000000 0.797881 64 64 64
0.052946 0.127648 0.086579 0.602814 -0.000000 0.797881 64 64 64
1.450607 4.025395 -0.718827 -0.000000 0.707107 0.707107 255 255 255
1.184587 4.025395 -0.718827 -0.000000 0.707107 0.707107 255 255 255
0.918568 4.025395 -0.718827 -0.000000 0.707107 0.707107 255 255 255
0.652548 4.025395 -0.718827 -0.000000 0.707107 0.707107 255 255 255
0.386529 4.025395 -0.718827 -0.000000 0.707107 0.707107 255 255 255
0.120510 4.025395 -0.718827 -0.000000 0.707107 0.707107 255 255 255
1.729126 4.025395 -0.718827 -0.000000 0.707107 0.707107 9 65 192
1.475610 4.025395 -0.718827 -0.000000 0.707107 0.707107 9 65 192
1.475610 3.847456 -0.540888 -0.000000 0.707107 0.707107 9 65 192
1.209590 4.025395 -0.718827 -0.000000 0.707107 0.707107 9 65 192
0.943568 4.025395 -0.718827 -0.000000 0.707107 0.707107 9 65 192
0.677548 4.025395 -0.718827 -0.000000 0.707107 0.707107 9 65 192
0.411529 4.025395 -0.718827 -0.000000 0.707107 0.707107 9 65 192
0.145510 4.025395 -0.718827 -0.000000 0.707107 0.707107 9 65 192
-0.120510 3.829779 -0.523210 -0.000000 0.707107 0.707106 9 65 192
-0.120510 3.643001 -0.336432 -0.000000 0.707107 0.707107 9 65 192
-0.120510 3.456223 -0.149655 -0.000000 0.707107 0.707107 9 65 192
-0.120510 3.269445 0.037123 -0.000000 0.707107 0.707107 9 65 192
-0.120510 3.082667 0.223901 -0.000000 0.707107 0.707107 9 65 192
-0.120510 2.895890 0.410678 -0.000000 0.707106 0.707107 9 65 192
-0.120510 2.709112 0.597456 -0.000000 0.707107 0.707107 9 65 192
0.677548 3.100345 0.206223 -0.000000 0.707104 0.707109 255 255 255
1.209590 3.100345 0.206223 -0.000000 0.707104 0.707109 255 255 255
1.729126 2.913568 0.393001 -0.000000 0.707110 0.707103 255 255 255
1.729126 3.100345 0.206223 -0.000000 0.707104 0.707109 255 255 255
1.475610 3.100345 0.206223 -0.000000 0.707104 0.707109 255 255 255
1.475610 3.082667 0.223901 -0.000000 0.707104 0.707109 255 255 255
1.729126 3.269445 0.037123 0.000001 0.707109 0.707105 255 255 255
1.729126 3.287123 0.019445 0.000001 0.707109 0.707105 255 255 255
1.475610 3.287123 0.019445 0.000001 0.707109 0.707105 255 255 255
1.729126 3.473901 -0.167332 -0.000000 0.707109 0.707105 255 255 255
1.729126 3.847456 -0.540888 0.000000 0.707103 0.707110 255 255 255
1.800000 2.482789 0.823779 0.000000 -0.707108 0.707106 255 255 255
0.120510 3.473901 -0.167332 -0.000000 0.707109 0.707105 255 255 255
0.120510 3.660679 -0.354110 -0.000000 0.707104 0.707109 255 255 255
0.120510 3.847456 -0.540888 -0.000000 0.707103 0.707110 255 255 255
0.652548 3.100345 0.206223 -0.000000 0.707104 0.707110 255 255 255
1.184587 3.100345 0.206223 -0.000000 0.707104 0.707110 255 255 255
1.450607 3.100345 0.206223 -0.000000 0.707104 0.707110 255 255 255
1.800000 4.073779 -0.767211 1.000000 0.000000 0.000000 255 255 255
1.729126 2.895890 0.410678 -0.000003 0.707106 0.707107 255 255 255
1.729126 2.726790 0.579779 -0.000003 0.707106 0.707107 255 255 255
1.800000 2.482789 0.823779 -0.000003 0.707106 0.707107 255 255 255
1.729126 2.726790 0.579779 0.000025 0.707110 0.707103 255 255 255
1.729126 2.709112 0.597456 0.000025 0.707110 0.707103 255 255 255
1.800000 2.482789 0.823779 0.000025 0.707110 0.707103 255 255 255
1.729126 2.709112 0.597456 0.000001 0.707107 0.707107 255 255 255
1.729126 2.531173 0.775395 0.000001 0.707107 0.707107 255 255 255
1.800000 2.482789 0.823779 0.000001 0.707107 0.707107 255 255 255
1.800000 4.073779 -0.767211 0.000001 0.707107 0.707107 255 255 255
1.729126 3.287123 0.019445 0.000001 0.707107 0.707107 255 255 255
1.800000 4.073779 -0.767211 0.000004 0.707106 0.707107 255 255 255
1.729126 4.025395 -0.718827 0.000004 0.707106 0.707107 255 255 255
1.729126 3.847456 -0.540888 0.000004 0.707106 0.707107 255 255 255
1.729126 3.847456 -0.540888 -0.000015 0.707109 0.707104 255 255 255
1.729126 3.829779 -0.523210 -0.000015 0.707109 0.707104 255 255 255
1.800000 4.073779 -0.767211 -0.000015 0.707109 0.707104 255 255 255
1.800000 4.073779 -0.767211 0.000000 0.707107 0.707107 255 255 255
1.729126 3.829779 -0.523210 0.000000 0.707107 0.707107 255 255 255
1.729126 3.660679 -0.354110 0.000000 0.707107 0.707107 255 255 255
1.729126 3.660679 -0.354110 0.000031 0.707104 0.707109 255 255 255
1.729126 3.643001 -0.336432 0.000031 0.707104 0.707109 255 255 255
1.800000 4.073779 -0.767211 0.000031 0.707104 0.707109 255 255 255
1.729126 3.643001 -0.336432 0.000001 0.707107 0.707107 255 255 255
1.729126 3.473901 -0.167332 0.000001 0.707107 0.707107 255 255 255
1.800000 4.073779 -0.767211 -0.000023 0.707108 0.707105 255 255 255
1.729126 3.473901 -0.167332 -0.000023 0.707108 0.707105 255 255 255
1.729126 3.456223 -0.149655 -0.000023 0.707108 0.707105 255 255 255
1.800000 4.073779 -0.767211 0.000009 0.707106 0.707107 255 255 255
1.729126 3.456223 -0.149655 0.000009 0.707106 0.707107 255 255 255
1.729126 3.287123 0.019445 0.000009 0.707106 0.707107 255 255 255
1.729126 3.082667 0.223901 0.000005 0.707107 0.707107 255 255 255
1.729126 2.913568 0.393001 0.000005 0.707107 0.707107 255 255 255
1.800000 2.482789 0.823779 0.000005 0.707107 0.707107 255 255 255
1.729126 2.913568 0.393001 0.000031 0.707109 0.707104 255 255 255
1.729126 2.895890 0.410678 0.000031 0.707109 0.707104 255 255 255
1.800000 2.482789 0.823779 0.000031 0.707109 0.707104 255 255 255
1.729126 3.287123 0.019445 0.000052 0.707109 0.707105 255 255 255
1.729126 3.269445 0.037123 0.000052 0.707109 0.707105 255 255 255
1.800000 2.482789 0.823779 0.000052 0.707109 0.707105 255 255 255
1.729126 3.269445 0.037123 0.000005 0.707107 0.707107 255 255 255
1.729126 3.100345 0.206223 0.000005 0.707107 0.707107 255 255 255
-0.120510 4.025395 -0.718827 -0.000000 0.707107 0.707107 9 65 192
1.450607 2.709112 0.597456 -0.000000 0.707107 0.707107 255 255 255
1.184587 2.709112 0.597456 -0.000000 0.707107 0.707107 255 255 255
0.918568 2.709112 0.597456 -0.000000 0.707107 0.707107 255 255 255
0.652548 2.709112 0.597456 -0.000000 0.707106 0.707107 255 255 255
0.386529 2.709112 0.597456 -0.000000 0.707107 0.707107 255 255 255
0.120510 2.709112 0.597456 -0.000000 0.707107 0.707107 255 255 255
1.475610 2.709112 0.597456 -0.000000 0.707107 0.707107 9 65 192
1.209590 2.709112 0.597456 -0.000000 0.707107 0.707107 9 65 192
0.943568 2.709112 0.597456 -0.000000 0.707107 0.707107 9 65 192
0.677548 2.709112 0.597456 -0.000000 0.707107 0.707107 9 65 192
0.411529 2.709112 0.597456 -0.000000 0.707107 0.707107 9 65 192
0.145510 2.709112 0.597456 -0.000000 0.707107 0.707107 9 65 192
1.450607 2.895890 0.410678 -0.000000 0.707106 0.707107 255 255 255
1.184587 2.895890 0.410678 -0.000000 0.707106 0.707107 255 255 255
0.918568 2.895890 0.410678 -0.000000 0.707106 0.707107 255 255 255
0.652548 2.895890 0.410678 -0.000000 0.707106 0.707107 255 255 255
0.386529 2.895890 0.410678 -0.000000 0.707106 0.707107 255 255 255
0.120510 2.895890 0.410678 -0.000000 0.707106 0.707107 255 255 255
1.475610 2.895890 0.410678 -0.000000 0.707106 0.707107 9 65 192
1.209590 2.895890 0.410678 -0.000000 0.707106 0.707107 9 65 192
0.943568 2.895890 0.410678 -0.000000 0.707106 0.707107 9 65 192
0.677548 2.895890 0.410678 -0.000000 0.707106 0.707107 9 65 192
0.411529 2.895890 0.410678 -0.000000 0.707106 0.707107 9 65 192
0.145510 2.895890 0.410678 -0.000000 0.707106 0.707107 9 65 192
1.800000 4.073779 -0.767211 0.000000 0.707109 -0.707105 255 255 255
1.450607 3.082667 0.223901 -0.000000 0.707107 0.707107 255 255 255
1.184587 3.082667 0.223901 -0.000000 0.707107 0.707107 255 255 255
0.918568 3.082667 0.223901 -0.000000 0.707107 0.707107 255 255 255
0.652548 3.082667 0.223901 -0.000000 0.707107 0.707107 255 255 255
0.386529 3.082667 0.223901 -0.000000 0.707107 0.707107 255 255 255
0.120510 3.082667 0.223901 -0.000000 0.707107 0.707107 255 255 255
1.475610 3.082667 0.223901 -0.000000 0.707107 0.707107 9 65 192
1.209590 3.082667 0.223901 -0.000000 0.707107 0.707107 9 65 192
0.943568 3.082667 0.223901 -0.000000 0.707107 0.707107 9 65 192
0.677548 3.082667 0.223901 -0.000000 0.707107 0.707107 9 65 192
0.411529 3.082667 0.223901 -0.000000 0.707107 0.707107 9 65 192
0.145510 3.082667 0.223901 -0.000000 0.707107 0.707107 9 65 192
1.450607 3.269445 0.037123 -0.000000 0.707107 0.707107 255 255 255
1.184587 3.269445 0.037123 -0.000000 0.707107 0.707107 255 255 255
0.918568 3.269445 0.037123 -0.000000 0.707107 0.707107 255 255 255
0.652548 3.269445 0.037123 -0.000000 0.707107 0.707107 255 255 255
0.386529 3.269445 0.037123 -0.000000 0.707107 0.707107 255 255 255
0.120510 3.269445 0.037123 -0.000000 0.707107 0.707107 255 255 255
1.475610 3.269445 0.037123 -0.000000 0.707107 0.707107 9 65 192
1.209590 3.269445 0.037123 -0.000000 0.707107 0.707107 9 65 192
0.943568 3.269445 0.037123 -0.000000 0.707107 0.707107 9 65 192
0.677548 3.269445 0.037123 -0.000000 0.707107 0.707107 9 65 192
0.411529 3.269445 0.037123 -0.000000 0.707107 0.707107 9 65 192
0.145510 3.269445 0.037123 -0.000000 0.707107 0.707107 9 65 192
1.450607 3.456223 -0.149655 -0.000000 0.707107 0.707107 255 255 255
1.184587 3.456223 -0.149655 -0.000000 0.707107 0.707106 255 255 255
0.918568 3.456223 -0.149655 -0.000000 0.707107 0.707107 255 255 255
0.652548 3.456223 -0.149655 -0.000000 0.707107 0.707107 255 255 255
0.386529 3.456223 -0.149655 -0.000000 0.707107 0.707107 255 255 255
0.120510 3.456223 -0.149655 -0.000000 0.707107 0.707107 255 255 255
1.729126 3.456223 -0.149655 -0.000000 0.707107 0.707107 9 65 192
1.475610 3.456223 -0.149655 -0.000000 0.707107 0.707107 9 65 192
1.475610 3.287123 0.019445 -0.000000 0.707107 0.707107 9 65 192
1.209590 3.456223 -0.149655 -0.000000 0.707107 0.707107 9 65 192
0.943568 3.456223 -0.149655 -0.000000 0.707107 0.707107 9 65 192
0.677548 3.456223 -0.149655 -0.000000 0.707107 0.707107 9 65 192
0.411529 3.456223 -0.149655 -0.000000 0.707107 0.707107 9 65 192
0.145510 3.456223 -0.149655 -0.000000 0.707107 0.707107 9 65 192
1.450607 3.643001 -0.336432 -0.000000 0.707107 0.707107 255 255 255
1.184587 3.643001 -0.336432 -0.000000 0.707107 0.707107 255 255 255
0.918568 3.643001 -0.336432 -0.000000 0.707107 0.707107 255 255 255
0.652548 3.643001 -0.336432 -0.000000 0.707107 0.707107 255 255 255
0.386529 3.643001 -0.336432 -0.000000 0.707107 0.707107 255 255 255
0.120510 3.643001 -0.336432 -0.000000 0.707107 0.707107 255 255 255
1.475610 3.643001 -0.336432 -0.000000 0.707107 0.707107 9 65 192
1.209590 3.643001 -0.336432 -0.000000 0.707107 0.707107 9 65 192
0.943568 3.643001 -0.336432 -0.000000 0.707107 0.707107 9 65 192
0.677548 3.643001 -0.336432 -0.000000 0.707107 0.707107 9 65 192
0.411529 3.643001 -0.336432 -0.000000 0.707107 0.707107 9 65 192
0.145510 3.643001 -0.336432 -0.000000 0.707107 0.707107 9 65 192
1.450607 3.829779 -0.523210 -0.000000 0.707107 0.707107 255 255 255
1.184587 3.829779 -0.523210 -0.000000 0.707107 0.707106 255 255 255
0.918568 3.829779 -0.523210 -0.000000 0.707107 0.707106 255 255 255
0.652548 3.829779 -0.523210 -0.000000 0.707107 0.707106 255 255 255
0.386529 3.829779 -0.523210 -0.000000 0.707107 0.707106 255 255 255
0.120510 3.829779 -0.523210 -0.000000 0.707107 0.707106 255 255 255
1.729126 3.829779 -0.523210 -0.000000 0.707107 0.707106 9 65 192
1.475610 3.829779 -0.523210 -0.000000 0.707107 0.707106 9 65 192
1.475610 3.660679 -0.354110 -0.000000 0.707107 0.707106 9 65 192
1.209590 3.829779 -0.523210 -0.000000 0.707107 0.707107 9 65 192
0.943568 3.829779 -0.523210 -0.000000 0.707107 0.707107 9 65 192
0.677548 3.829779 -0.523210 -0.000000 0.707107 0.707106 9 65 192
0.411529 3.829779 -0.523210 -0.000000 0.707107 0.707106 9 65 192
0.145510 3.829779 -0.523210 -0.000000 0.707107 0.707107 9 65 192
-1.450607 4.025395 -0.718827 -0.000000 0.707107 0.707107 255 255 255
-1.184587 4.025395 -0.718827 -0.000000 0.707107 0.707107 255 255 255
-0.918568 4.025395 -0.718827 -0.000000 0.707107 0.707107 255 255 255
-0.652548 4.025395 -0.718827 -0.000000 0.707107 0.707107 255 255 255
-0.386529 4.025395 -0.718827 -0.000000 0.707107 0.707107 255 255 255
-0.120510 4.025395 -0.718827 -0.000000 0.707107 0.707107 255 255 255
-1.475610 3.847456 -0.540888 0.000000 0.707107 0.707107 9 65 192
-1.475610 4.025395 -0.718827 0.000000 0.707107 0.707107 9 65 192
-1.729126 4.025395 -0.718827 0.000000 0.707107 0.707107 9 65 192
-1.209590 4.025395 -0.718827 -0.000000 0.707107 0.707107 9 65 192
-0.943568 4.025395 -0.718827 -0.000000 0.707107 0.707107 9 65 192
-0.677548 4.025395 -0.718827 -0.000000 0.707107 0.707107 9 65 192
-0.411529 4.025395 -0.718827 -0.000000 0.707107 0.707107 9 65 192
-0.145510 4.025395 -0.718827 -0.000000 0.707107 0.707107 9 65 192
-0.120510 3.287123 0.019445 -0.000000 0.707104 0.707109 255 255 255
-0.120510 3.100345 0.206223 -0.000000 0.707104 0.707109 255 255 255
-0.120510 2.913568 0.393001 -0.000000 0.707110 0.707103 255 255 255
-0.120510 2.726790 0.579779 -0.000000 0.707110 0.707103 255 255 255
-0.677548 3.100345 0.206223 -0.000000 0.707104 0.707109 255 255 255
-1.209590 3.100345 0.206223 -0.000000 0.707104 0.707109 255 255 255
-1.729126 2.913568 0.393001 0.000000 0.707110 0.707103 255 255 255
-1.475610 3.082667 0.223901 0.000000 0.707104 0.707109 255 255 255
-1.475610 3.100345 0.206223 0.000000 0.707104 0.707109 255 255 255
-1.729126 3.100345 0.206223 0.000000 0.707104 0.707109 255 255 255
-1.475610 3.269445 0.037123 -0.000001 0.707104 0.707109 255 255 255
-1.475610 3.287123 0.019445 -0.000001 0.707104 0.707109 255 255 255
-1.729126 3.287123 0.019445 -0.000001 0.707104 0.707109 255 255 255
-1.729126 3.473901 -0.167332 0.000000 0.707109 0.707105 255 255 255
-1.729126 3.847456 -0.540888 -0.000000 0.707103 0.707110 255 255 255
1.475610 4.025395 -0.718827 -0.000000 0.707109 0.707104 255 255 255
1.729126 4.025395 -0.718827 -0.000000 0.707109 0.707104 255 255 255
1.800000 4.073779 -0.767211 -0.000000 0.707109 0.707104 255 255 255
1.800000 4.073779 -0.767211 -0.000000 0.707109 0.707105 255 255 255
-1.800000 4.073779 -0.767211 -0.000000 0.707109 0.707105 255 255 255
-0.120510 4.025395 -0.718827 -0.000000 0.707109 0.707105 255 255 255
-1.800000 4.073779 -0.767211 0.000000 0.707109 0.707104 255 255 255
-1.729126 4.025395 -0.718827 0.000000 0.707109 0.707104 255 255 255
-1.475610 4.025395 -0.718827 0.000000 0.707109 0.707104 255 255 255
-1.475610 4.025395 -0.718827 0.000000 0.707108 0.707105 255 255 255
-1.450607 4.025395 -0.718827 0.000000 0.707108 0.707105 255 255 255
-1.800000 4.073779 -0.767211 0.000000 0.707108 0.707105 255 255 255
-1.209590 4.025395 -0.718827 0.000000 0.707108 0.707105 255 255 255
-1.209590 4.025395 -0.718827 0.000000 0.707109 0.707105 255 255 255
-1.184587 4.025395 -0.718827 0.000000 0.707109 0.707105 255 255 255
1.450607 4.025395 -0.718827 0.000000 0.707108 0.707105 255 255 255
1.475610 4.025395 -0.718827 0.000000 0.707108 0.707105 255 255 255
0.943568 4.025395 -0.718827 0.000000 0.707109 0.707105 255 255 255
1.184587 4.025395 -0.718827 0.000000 0.707109 0.707105 255 255 255
1.209590 4.025395 -0.718827 0.000000 0.707109 0.707105 255 255 255
1.209590 4.025395 -0.718827 0.000000 0.707108 0.707105 255 255 255
-0.943568 4.025395 -0.718827 0.000000 0.707109 0.707105 255 255 255
-0.943568 4.025395 -0.718827 0.000000 0.707108 0.707105 255 255 255
-0.918568 4.025395 -0.718827 0.000000 0.707108 0.707105 255 255 255
-0.677548 4.025395 -0.718827 0.000000 0.707108 0.707105 255 255 255
0.652548 4.025395 -0.718827 0.000000 0.707108 0.707105 255 255 255
0.677548 4.025395 -0.718827 0.000000 0.707108 0.707105 255 255 255
0.918568 4.025395 -0.718827 0.000000 0.707108 0.707105 255 255 255
0.943568 4.025395 -0.718827 0.000000 0.707108 0.707105 255 255 255
-0.652548 4.025395 -0.718827 0.000000 0.707108 0.707105 255 255 255
-0.652548 4.025395 -0.718827 0.000000 0.707109 0.707105 255 255 255
-0.411529 4.025395 -0.718827 0.000000 0.707109 0.707105 255 255 255
-0.411529 4.025395 -0.718827 0.000000 0.707108 0.707105 255 255 255
-0.386529 4.025395 -0.718827 0.000000 0.707108 0.707105 255 255 255
0.386529 4.025395 -0.718827 0.000000 0.707108 0.707105 255 255 255
0.411529 4.025395 -0.718827 0.000000 0.707108 0.707105 255 255 255
0.411529 4.025395 -0.718827 0.000000 0.707109 0.707105 255 255 255
0.652548 4.025395 -0.718827 0.000000 0.707109 0.707105 255 255 255
-0.145510 4.025395 -0.718827 0.000000 0.707108 0.707105 255 255 255
-0.120510 4.025395 -0.718827 0.000000 0.707108 0.707105 255 255 255
0.120510 4.025395 -0.718827 0.000000 0.707109 0.707105 255 255 255
-0.652548 3.100345 0.206223 -0.000000 0.707104 0.707110 255 255 255
-1.184587 3.100345 0.206223 -0.000000 0.707104 0.707110 255 255 255
-1.450607 3.100345 0.206223 -0.000000 0.707104 0.707110 255 255 255
-1.800000 4.073779 -0.767211 -1.000000 0.000000 0.000000 255 255 255
-1.729126 2.709112 0.597456 -0.000025 0.707110 0.707103 255 255 255
-1.729126 2.726790 0.579779 -0.000025 0.707110 0.707103 255 255 255
-1.800000 2.482789 0.823779 -0.000025 0.707110 0.707103 255 255 255
-1.729126 2.726790 0.579779 0.000003 0.707106 0.707107 255 255 255
-1.729126 2.895890 0.410678 0.000003 0.707106 0.707107 255 255 255
-1.800000 2.482789 0.823779 0.000003 0.707106 0.707107 255 255 255
-1.729126 2.895890 0.410678 -0.000031 0.707109 0.707104 255 255 255
-1.729126 2.913568 0.393001 -0.000031 0.707109 0.707104 255 255 255
-1.800000 2.482789 0.823779 -0.000031 0.707109 0.707104 255 255 255
-1.729126 2.913568 0.393001 -0.000005 0.707107 0.707107 255 255 255
-1.729126 3.082667 0.223901 -0.000005 0.707107 0.707107 255 255 255
-1.800000 2.482789 0.823779 -0.000005 0.707107 0.707107 255 255 255
-1.800000 2.482789 0.823779 -0.000001 0.707107 0.707107 255 255 255
-1.729126 2.531173 0.775395 -0.000001 0.707107 0.707107 255 255 255
-1.729126 2.709112 0.597456 -0.000001 0.707107 0.707107 255 255 255
-1.729126 3.100345 0.206223 -0.000004 0.707107 0.707107 255 255 255
-1.729126 3.269445 0.037123 -0.000004 0.707107 0.707107 255 255 255
-1.800000 2.482789 0.823779 -0.000004 0.707107 0.707107 255 255 255
-1.729126 3.269445 0.037123 0.000049 0.707109 0.707105 255 255 255
-1.729126 3.287123 0.019445 0.000049 0.707109 0.707105 255 255 255
-1.800000 4.073779 -0.767211 0.000049 0.707109 0.707105 255 255 255
-1.729126 3.082667 0.223901 0.000055 0.707103 0.707110 255 255 255
-1.729126 3.100345 0.206223 0.000055 0.707103 0.707110 255 255 255
-1.800000 2.482789 0.823779 0.000055 0.707103 0.707110 255 255 255
-1.729126 3.269445 0.037123 -0.000002 0.707107 0.707107 255 255 255
-1.800000 4.073779 -0.767211 -0.000002 0.707107 0.707107 255 255 255
-1.800000 2.482789 0.823779 -0.000002 0.707107 0.707107 255 255 255
-1.729126 3.847456 -0.540888 -0.000004 0.707106 0.707107 255 255 255
-1.729126 4.025395 -0.718827 -0.000004 0.707106 0.707107 255 255 255
-1.800000 4.073779 -0.767211 -0.000004 0.707106 0.707107 255 255 255
-1.729126 3.829779 -0.523210 0.000015 0.707109 0.707104 255 255 255
-1.729126 3.847456 -0.540888 0.000015 0.707109 0.707104 255 255 255
-1.800000 4.073779 -0.767211 0.000015 0.707109 0.707104 255 255 255
-1.729126 3.456223 -0.149655 0.000023 0.707108 0.707105 255 255 255
-1.729126 3.473901 -0.167332 0.000023 0.707108 0.707105 255 255 255
-1.800000 4.073779 -0.767211 0.000023 0.707108 0.707105 255 255 255
-1.729126 3.473901 -0.167332 -0.000001 0.707107 0.707107 255 255 255
-1.729126 3.643001 -0.336432 -0.000001 0.707107 0.707107 255 255 255
-1.800000 4.073779 -0.767211 -0.000001 0.707107 0.707107 255 255 255
-1.800000 4.073779 -0.767211 -0.000009 0.707106 0.707107 255 255 255
-1.729126 3.287123 0.019445 -0.000009 0.707106 0.707107 255 255 255
-1.729126 3.456223 -0.149655 -0.000009 0.707106 0.707107 255 255 255
-1.729126 3.660679 -0.354110 0.000000 0.707107 0.707107 255 255 255
-1.729126 3.829779 -0.523210 0.000000 0.707107 0.707107 255 255 255
-1.800000 4.073779 -0.767211 0.000000 0.707107 0.707107 255 255 255
1.800000 2.482789 0.823779 -0.000000 0.707106 0.707108 255 255 255
1.729126 2.531173 0.775395 -0.000000 0.707106 0.707108 255 255 255
1.475610 2.531173 0.775395 -0.000000 0.707106 0.707108 255 255 255
1.450607 2.531173 0.775395 -0.000000 0.707106 0.707108 255 255 255
1.209590 2.531173 0.775395 -0.000000 0.707106 0.707108 255 255 255
1.184587 2.531173 0.775395 -0.000000 0.707106 0.707108 255 255 255
-1.729126 2.531173 0.775395 0.000000 0.707106 0.707108 255 255 255
-1.475610 2.531173 0.775395 0.000000 0.707106 0.707108 255 255 255
-1.475610 2.531173 0.775395 0.000000 0.707106 0.707107 255 255 255
-1.800000 2.482789 0.823779 0.000000 0.707106 0.707107 255 255 255
-1.450607 2.531173 0.775395 0.000000 0.707106 0.707107 255 255 255
-1.209590 2.531173 0.775395 -0.000000 0.707106 0.707108 255 255 255
-1.450607 2.531173 0.775395 -0.000000 0.707106 0.707108 255 255 255
-1.209590 2.531173 0.775395 0.000000 0.707106 0.707107 255 255 255
-1.184587 2.531173 0.775395 0.000000 0.707106 0.707107 255 255 255
0.943568 2.531173 0.775395 -0.000000 0.707106 0.707108 255 255 255
0.918568 2.531173 0.775395 -0.000000 0.707106 0.707108 255 255 255
0.677548 2.531173 0.775395 -0.000000 0.707106 0.707108 255 255 255
-1.184587 2.531173 0.775395 0.000000 0.707106 0.707108 255 255 255
-0.943568 2.531173 0.775395 0.000000 0.707106 0.707108 255 255 255
-0.918568 2.531173 0.775395 -0.000000 0.707106 0.707108 255 255 255
-0.677548 2.531173 0.775395 0.000000 0.707106 0.707108 255 255 255
0.652548 2.531173 0.775395 -0.000000 0.707106 0.707108 255 255 255
0.411529 2.531173 0.775395 -0.000000 0.707106 0.707108 255 255 255
0.386529 2.531173 0.775395 -0.000000 0.707106 0.707108 255 255 255
-0.652548 2.531173 0.775395 0.000000 0.707106 0.707108 255 255 255
-0.411529 2.531173 0.775395 -0.000000 0.707106 0.707108 255 255 255
-1.800000 2.482789 0.823779 0.000000 0.707107 0.707107 255 255 255
0.145510 2.531173 0.775395 -0.000000 0.707106 0.707108 255 255 255
0.120510 2.531173 0.775395 -0.000000 0.707106 0.707108 255 255 255
-0.386529 2.531173 0.775395 0.000000 0.707106 0.707108 255 255 255
-1.450607 2.709112 0.597456 -0.000000 0.707107 0.707107 255 255 255
-1.184587 2.709112 0.597456 -0.000000 0.707107 0.707107 255 255 255
-0.918568 2.709112 0.597456 -0.000000 0.707107 0.707107 255 255 255
-0.652548 2.709112 0.597456 -0.000000 0.707106 0.707107 255 255 255
-0.386529 2.709112 0.597456 -0.000000 0.707107 0.707107 255 255 255
-0.120510 2.709112 0.597456 -0.000000 0.707107 0.707107 255 255 255
-1.475610 2.709112 0.597456 -0.000000 0.707107 0.707107 9 65 192
-1.209590 2.709112 0.597456 -0.000000 0.707107 0.707107 9 65 192
-0.943568 2.709112 0.597456 -0.000000 0.707107 0.707107 9 65 192
-0.677548 2.709112 0.597456 -0.000000 0.707107 0.707107 9 65 192
-0.411529 2.709112 0.597456 -0.000000 0.707107 0.707107 9 65 192
-0.145510 2.709112 0.597456 -0.000000 0.707107 0.707107 9 65 192
-1.450607 2.895890 0.410678 -0.000000 0.707106 0.707107 255 255 255
-1.184587 2.895890 0.410678 -0.000000 0.707106 0.707107 255 255 255
-0.918568 2.895890 0.410678 -0.000000 0.707106 0.707107 255 255 255
-0.652548 2.895890 0.410678 -0.000000 0.707106 0.707107 255 255 255
-0.386529 2.895890 0.410678 -0.000000 0.707106 0.707107 255 255 255
-0.120510 2.895890 0.410678 -0.000000 0.707106 0.707107 255 255 255
-1.475610 2.895890 0.410678 -0.000000 0.707106 0.707107 9 65 192
-1.209590 2.895890 0.410678 -0.000000 0.707106 0.707107 9 65 192
-0.943568 2.895890 0.410678 -0.000000 0.707106 0.707107 9 65 192
-0.677548 2.895890 0.410678 -0.000000 0.707106 0.707107 9 65 192
-0.411529 2.895890 0.410678 -0.000000 0.707106 0.707107 9 65 192
-0.145510 2.895890 0.410678 -0.000000 0.707106 0.707107 9 65 192
1.800000 4.017211 -0.823779 -0.000000 -0.707107 -0.707107 255 255 255
-1.450607 3.082667 0.223901 -0.000000 0.707107 0.707107 255 255 255
-1.184587 3.082667 0.223901 -0.000000 0.707107 0.707107 255 255 255
-0.918568 3.082667 0.223901 -0.000000 0.707107 0.707107 255 255 255
-0.652548 3.082667 0.223901 -0.000000 0.707107 0.707107 255 255 255
-0.386529 3.082667 0.223901 -0.000000 0.707107 0.707107 255 255 255
-0.120510 3.082667 0.223901 -0.000000 0.707107 0.707107 255 255 255
-1.475610 3.082667 0.223901 -0.000000 0.707107 0.707107 9 65 192
-1.209590 3.082667 0.223901 -0.000000 0.707107 0.707107 9 65 192
-0.943568 3.082667 0.223901 -0.000000 0.707107 0.707107 9 65 192
-0.677548 3.082667 0.223901 -0.000000 0.707107 0.707107 9 65 192
-0.411529 3.082667 0.223901 -0.000000 0.707107 0.707107 9 65 192
-0.145510 3.082667 0.223901 -0.000000 0.707107 0.707107 9 65 192
-1.450607 3.269445 0.037123 -0.000000 0.707107 0.707107 255 255 255
-1.184587 3.269445 0.037123 -0.000000 0.707107 0.707107 255 255 255
-0.918568 3.269445 0.037123 -0.000000 0.707107 0.707107 255 255 255
-0.652548 3.269445 0.037123 -0.000000 0.707107 0.707107 255 255 255
-0.386529 3.269445 0.037123 -0.000000 0.707107 0.707107 255 255 255
-0.120510 3.269445 0.037123 -0.000000 0.707107 0.707107 255 255 255
-1.475610 3.269445 0.037123 0.000000 0.707107 0.707107 9 65 192
-1.209590 3.269445 0.037123 -0.000000 0.707107 0.707107 9 65 192
-0.943568 3.269445 0.037123 -0.000000 0.707107 0.707107 9 65 192
-0.677548 3.269445 0.037123 -0.000000 0.707107 0.707107 9 65 192
-0.411529 3.269445 0.037123 -0.000000 0.707107 0.707107 9 65 192
-0.145510 3.269445 0.037123 -0.000000 0.707107 0.707107 9 65 192
-1.450607 3.456223 -0.149655 -0.000000 0.707107 0.707107 255 255 255
-1.184587 3.456223 -0.149655 -0.000000 0.707107 0.707106 255 255 255
-0.918568 3.456223 -0.149655 -0.000000 0.707107 0.707107 255 255 255
-0.652548 3.456223 -0.149655 -0.000000 0.707107 0.707107 255 255 255
-0.386529 3.456223 -0.149655 -0.000000 0.707107 0.707107 255 255 255
-0.120510 3.456223 -0.149655 -0.000000 0.707107 0.707107 255 255 255
-1.475610 3.287123 0.019445 0.000000 0.707107 0.707107 9 65 192
-1.475610 3.456223 -0.149655 0.000000 0.707107 0.707107 9 65 192
-1.729126 3.456223 -0.149655 0.000000 0.707107 0.707107 9 65 192
-1.209590 3.456223 -0.149655 -0.000000 0.707107 0.707107 9 65 192
-0.943568 3.456223 -0.149655 -0.000000 0.707107 0.707107 9 65 192
-0.677548 3.456223 -0.149655 -0.000000 0.707107 0.707107 9 65 192
-0.411529 3.456223 -0.149655 -0.000000 0.707107 0.707107 9 65 192
-0.145510 3.456223 -0.149655 -0.000000 0.707107 0.707107 9 65 192
-1.450607 3.643001 -0.336432 -0.000000 0.707107 0.707107 255 255 255
-1.184587 3.643001 -0.336432 -0.000000 0.707107 0.707107 255 255 255
-0.918568 3.643001 -0.336432 -0.000000 0.707107 0.707107 255 255 255
-0.652548 3.643001 -0.336432 -0.000000 0.707107 0.707107 255 255 255
-0.386529 3.643001 -0.336432 -0.000000 0.707107 0.707107 255 255 255
-0.120510 3.643001 -0.336432 -0.000000 0.707107 0.707107 255 255 255
-1.475610 3.643001 -0.336432 0.000000 0.707107 0.707107 9 65 192
-1.209590 3.643001 -0.336432 -0.000000 0.707107 0.707107 9 65 192
-0.943568 3.643001 -0.336432 -0.000000 0.707107 0.707107 9 65 192
-0.677548 3.643001 -0.336432 -0.000000 0.707107 0.707107 9 65 192
-0.411529 3.643001 -0.336432 -0.000000 0.707107 0.707107 9 65 192
-0.145510 3.643001 -0.336432 -0.000000 0.707107 0.707107 9 65 192
-1.450607 3.829779 -0.523210 -0.000000 0.707107 0.707107 255 255 255
-1.184587 3.829779 -0.523210 -0.000000 0.707107 0.707106 255 255 255
-0.918568 3.829779 -0.523210 -0.000000 0.707107 0.707106 255 255 255
-0.652548 3.829779 -0.523210 -0.000000 0.707107 0.707106 255 255 255
-0.386529 3.829779 -0.523210 -0.000000 0.707107 0.707106 255 255 255
-0.120510 3.829779 -0.523210 -0.000000 0.707107 0.707106 255 255 255
-1.475610 3.660679 -0.354110 0.000000 0.707107 0.707106 9 65 192
-1.475610 3.829779 -0.523210 0.000000 0.707107 0.707106 9 65 192
-1.729126 3.829779 -0.523210 0.000000 0.707107 0.707106 9 65 192
-1.209590 3.829779 -0.523210 -0.000000 0.707107 0.707107 9 65 192
-0.943568 3.829779 -0.523210 -0.000000 0.707107 0.707107 9 65 192
-0.677548 3.829779 -0.523210 -0.000000 0.707107 0.707106 9 65 192
-0.411529 3.829779 -0.523210 -0.000000 0.707107 0.707106 9 65 192
-0.145510 3.829779 -0.523210 -0.000000 0.707107 0.707107 9 65 192
0.009882 0.664766 0.100333 -0.004212 -0.999767 -0.021175 234 22 22
0.029266 0.664766 0.096478 -0.004212 -0.999767 -0.021175 234 22 22
0.063750 0.662213 0.210155 -0.004212 -0.999767 -0.021175 234 22 22
0.047526 0.787308 0.088914 0.991165 0.000000 -0.132635 234 22 22
-0.021526 0.662213 0.218554 0.004218 -0.999767 -0.021176 234 22 22
-0.063750 0.662213 0.210155 0.004218 -0.999767 -0.021176 234 22 22
-0.029266 0.664766 0.096478 0.004218 -0.999767 -0.021176 234 22 22
0.021526 0.662213 0.218554 0.000000 -0.999767 -0.021588 234 22 22
-0.063750 0.789861 0.210155 -0.991165 -0.000000 -0.132634 234 22 22
-0.021526 0.789861 0.218553 0.004212 0.999767 -0.021173 234 22 22
0.021526 0.789861 0.218553 0.000000 0.999767 -0.021588 234 22 22
0.009882 0.787308 0.100333 -0.004217 0.999767 -0.021173 234 22 22
0.021526 0.789861 0.218553 -0.004217 0.999767 -0.021173 234 22 22
0.063750 0.789861 0.210155 -0.004217 0.999767 -0.021173 234 22 22
0.021526 0.662213 0.218554 0.195090 0.000001 0.980785 234 22 22
0.021526 0.662213 0.218554 0.000000 0.000001 1.000000 234 22 22
-0.063750 0.662213 0.210155 -0.195090 0.000001 0.980785 234 22 22
-0.021526 0.662213 0.218554 -0.195090 0.000001 0.980785 234 22 22
-0.021526 0.789861 0.218553 -0.195090 0.000001 0.980785 234 22 22
0.052946 0.127648 0.086579 0.435577 -0.000000 0.900151 64 64 64
0.052946 3.122503 0.086579 0.435577 -0.000000 0.900151 64 64 64
0.035038 3.113837 0.095244 0.435577 -0.000000 0.900151 64 64 64
0.035038 0.127648 0.095245 0.251600 0.000000 0.967831 64 64 64
0.035038 3.113837 0.095244 0.251600 0.000000 0.967831 64 64 64
0.015783 3.108832 0.100250 0.251600 0.000000 0.967831 64 64 64
0.015783 0.127648 0.100250 0.057950 0.000000 0.998320 64 64 64
0.015783 3.108832 0.100250 0.057950 0.000000 0.998320 64 64 64
-0.004078 3.107680 0.101403 0.057950 0.000000 0.998320 64 64 64
-0.004078 3.107680 0.101403 -0.137921 0.000000 0.990443 64 64 64
-0.023782 3.110423 0.098659 -0.137921 0.000000 0.990443 64 64 64
-0.023782 0.127649 0.098659 -0.137921 0.000000 0.990443 64 64 64
-0.023782 3.110423 0.098659 -0.328502 -0.000000 0.944503 64 64 64
-0.042573 3.116958 0.092124 -0.328502 -0.000000 0.944503 64 64 64
-0.042573 0.127648 0.092123 -0.328502 -0.000000 0.944503 64 64 64
-0.042573 3.116958 0.092124 -0.506453 -0.000000 0.862267 64 64 64
-0.059727 3.127034 0.082048 -0.506453 -0.000000 0.862267 64 64 64
-0.059727 0.127649 0.082048 -0.506453 -0.000000 0.862267 64 64 64
-0.074586 3.140262 0.068819 -0.664940 -0.000000 0.746897 64 64 64
-0.074586 3.140262 0.068819 -0.797876 -0.000000 0.602821 64 64 64
-0.086579 3.156136 0.052946 -0.797876 -0.000000 0.602821 64 64 64
-0.086579 0.127648 0.052946 -0.797876 -0.000000 0.602821 64 64 64
-0.086579 3.156136 0.052946 -0.900150 -0.000000 0.435581 64 64 64
-0.095245 3.174044 0.035038 -0.900150 -0.000000 0.435581 64 64 64
-0.095245 0.127648 0.035038 -0.900150 -0.000000 0.435581 64 64 64
-0.095245 3.174044 0.035038 -0.967832 -0.000000 0.251598 64 64 64
-0.100250 3.193299 0.015783 -0.967832 -0.000000 0.251598 64 64 64
-0.100250 0.127648 0.015783 -0.967832 -0.000000 0.251598 64 64 64
-0.101403 3.213160 -0.004078 -0.998319 -0.000000 0.057951 64 64 64
-0.101403 3.213160 -0.004078 -0.990442 0.000000 -0.137926 64 64 64
-0.098659 3.232864 -0.023782 -0.990442 0.000000 -0.137926 64 64 64
-0.098659 0.127648 -0.023782 -0.990442 0.000000 -0.137926 64 64 64
-0.098659 3.232864 -0.023782 -0.944504 -0.000000 -0.328499 64 64 64
-0.092124 3.251654 -0.042573 -0.944504 -0.000000 -0.328499 64 64 64
-0.092124 0.127648 -0.042573 -0.944504 -0.000000 -0.328499 64 64 64
-0.092124 3.251654 -0.042573 -0.862269 -0.000000 -0.506450 64 64 64
-0.082048 3.268809 -0.059727 -0.862269 -0.000000 -0.506450 64 64 64
-0.082048 0.127649 -0.059727 -0.862269 -0.000000 -0.506450 64 64 64
-0.082048 3.268809 -0.059727 -0.746893 0.000000 -0.664945 64 64 64
-0.068819 3.283669 -0.074586 -0.746893 0.000000 -0.664945 64 64 64
-0.068819 0.127648 -0.074587 -0.746893 0.000000 -0.664945 64 64 64
-0.068819 3.283669 -0.074586 -0.602821 -0.000000 -0.797876 64 64 64
-0.052946 3.295661 -0.086579 -0.602821 -0.000000 -0.797876 64 64 64
-0.052946 0.127649 -0.086579 -0.602821 -0.000000 -0.797876 64 64 64
-0.052946 3.295661 -0.086579 -0.435579 -0.000000 -0.900151 64 64 64
-0.035038 3.304327 -0.095245 -0.435579 -0.000000 -0.900151 64 64 64
-0.035038 0.127648 -0.095245 -0.435579 -0.000000 -0.900151 64 64 64
-0.035038 3.304327 -0.095245 -0.251606 -0.000000 -0.967830 64 64 64
-0.015783 3.309332 -0.100251 -0.251606 -0.000000 -0.967830 64 64 64
-0.015783 0.127649 -0.100250 -0.251606 -0.000000 -0.967830 64 64 64
-0.015783 3.309332 -0.100251 -0.057941 0.000000 -0.998320 64 64 64
0.004078 3.310485 -0.101403 -0.057941 0.000000 -0.998320 64 64 64
0.004078 0.127648 -0.101403 -0.057941 0.000000 -0.998320 64 64 64
0.004078 0.127648 -0.101403 0.137924 0.000000 -0.990443 64 64 64
0.004078 3.310485 -0.101403 0.137924 0.000000 -0.990443 64 64 64
0.023782 3.307742 -0.098659 0.137924 0.000000 -0.990443 64 64 64
0.023782 0.127648 -0.098660 0.328504 0.000000 -0.944502 64 64 64
0.023782 3.307742 -0.098659 0.328504 0.000000 -0.944502 64 64 64
0.042573 3.301207 -0.092124 0.328504 0.000000 -0.944502 64 64 64
0.042573 0.127649 -0.092124 0.506451 0.000000 -0.862269 64 64 64
0.042573 3.301207 -0.092124 0.506451 0.000000 -0.862269 64 64 64
0.059727 3.291131 -0.082048 0.506451 0.000000 -0.862269 64 64 64
0.059727 0.127649 -0.082048 0.664942 0.000000 -0.746895 64 64 64
0.059727 3.291131 -0.082048 0.664942 0.000000 -0.746895 64 64 64
0.074586 3.277902 -0.068820 0.664942 0.000000 -0.746895 64 64 64
0.074586 0.127649 -0.068820 0.797879 0.000000 -0.602818 64 64 64
0.074586 3.277902 -0.068820 0.797879 0.000000 -0.602818 64 64 64
0.086579 3.262028 -0.052946 0.797879 0.000000 -0.602818 64 64 64
0.086579 0.127648 -0.052946 0.900150 0.000000 -0.435580 64 64 64
0.086579 3.262028 -0.052946 0.900150 0.000000 -0.435580 64 64 64
0.095245 3.244120 -0.035038 0.900150 0.000000 -0.435580 64 64 64
0.095245 0.127649 -0.035038 0.967831 0.000000 -0.251600 64 64 64
0.095245 3.244120 -0.035038 0.967831 0.000000 -0.251600 64 64 64
0.100250 3.224866 -0.015784 0.967831 0.000000 -0.251600 64 64 64
0.100250 0.127649 -0.015784 0.998320 0.000000 -0.057949 64 64 64
0.100250 3.224866 -0.015784 0.998320 0.000000 -0.057949 64 64 64
0.101403 3.205004 0.004078 0.998320 0.000000 -0.057949 64 64 64
0.101403 3.205004 0.004078 0.990442 -0.000000 0.137928 64 64 64
0.098659 0.127649 0.023782 0.944504 -0.000000 0.328501 64 64 64
0.098659 3.185300 0.023782 0.944504 -0.000000 0.328501 64 64 64
0.092124 3.166509 0.042573 0.944504 -0.000000 0.328501 64 64 64
0.092124 0.127649 0.042573 0.862267 0.000000 0.506453 64 64 64
0.092124 3.166509 0.042573 0.862267 0.000000 0.506453 64 64 64
0.082048 3.149355 0.059727 0.862267 0.000000 0.506453 64 64 64
0.082048 0.127648 0.059727 0.746894 -0.000000 0.664943 64 64 64
0.082048 3.149355 0.059727 0.746894 -0.000000 0.664943 64 64 64
0.068819 3.134496 0.074586 0.746894 -0.000000 0.664943 64 64 64
0.068819 0.127649 0.074586 0.602819 -0.000000 0.797878 64 64 64
0.068819 3.134496 0.074586 0.602819 -0.000000 0.797878 64 64 64
0.052946 3.122503 0.086579 0.602819 -0.000000 0.797878 64 64 64
3 0 1 2
3 3 4 5
3 6 7 8
3 9 10 11
3 12 13 14
3 15 16 17
3 18 19 20
3 21 22 23
3 24 25 26
3 27 28 29
3 30 31 32
3 33 34 35
3 36 37 38
3 39 40 41
3 42 43 44
3 45 46 47
3 48 49 50
3 51 52 53
3 54 55 56
3 57 58 59
3 60 61 62
3 63 64 65
3 66 67 68
3 69 70 71
3 72 73 74
3 75 76 77
3 78 79 80
3 81 82 83
3 84 85 86
3 87 88 89
3 90 91 92
3 93 94 95
3 96 97 98
3 99 100 101
3 102 103 104
3 105 106 107
3 108 109 110
3 111 112 113
3 114 115 116
3 117 118 119
3 120 121 122
3 123 124 125
3 126 127 128
3 129 130 131
3 132 133 134
3 135 136 137
3 138 139 140
3 141 142 143
3 144 145 146
3 147 148 149
3 150 151 152
3 153 154 155
3 156 157 158
3 159 160 161
3 162 163 164
3 165 166 167
3 168 169 170
3 171 172 173
3 174 175 176
3 177 178 179
3 180 181 182
3 183 184 185
3 186 187 58
3 188 189 61
3 190 191 64
3 192 193 67
3 194 195 70
3 196 197 73
3 198 199 76
3 200 59 79
3 201 62 82
3 202 65 85
3 203 68 88
3 204 71 91
3 205 74 94
3 206 77 97
3 207 80 100
3 208 83 103
3 209 210 211
3 212 89 109
3 213 92 112
3 214 95 115
3 215 98 118
3 216 101 121
3 217 104 124
3 218 107 127
3 219 110 130
3 220 113 133
3 221 116 136
3 222 119 139
3 223 122 142
3 224 125 145
3 225 226 227
3 228 131 151
3 229 134 154
3 230 137 157
3 231 140 160
3 232 143 163
3 233 146 234
3 235 236 237
3 172 152 173
3 238 155 239
3 240 158 178
3 241 161 242
3 243 244 245
3 246 247 248
3 249 250 251
3 252 253 254
3 255 256 257
3 258 259 260
3 261 262 263
3 264 265 266
3 267 268 269
3 270 271 272
3 273 274 275
3 276 277 278
3 279 280 281
3 282 283 284
3 285 286 287
3 288 289 290
3 291 292 293
3 294 295 296
3 297 298 299
3 300 301 302
3 303 304 305
3 306 307 308
3 309 310 311
3 312 313 314
3 315 316 317
3 318 319 320
3 321 322 323
3 324 325 326
3 327 328 329
3 330 331 332
3 333 334 335
3 336 337 338
3 339 340 341
3 342 343 344
3 345 346 347
3 348 349 350
3 351 352 353
3 354 355 356
3 357 358 359
3 360 361 362
3 363 364 365
3 366 367 368
3 369 370 371
3 372 373 374
3 375 376 377
3 378 379 380
3 381 382 383
3 384 385 386
3 387 388 389
3 390 391 392
3 393 394 395
3 396 397 398
3 399 400 401
3 402 403 404
3 405 406 407
3 408 409 410
3 411 412 413
3 414 415 416
3 417 418 419
3 420 421 422
3 423 424 425
3 426 427 428
3 429 430 431
3 432 433 434
3 435 436 437
3 438 439 440
3 441 442 443
3 444 445 446
3 447 448 449
3 450 451 452
3 453 454 455
3 456 457 458
3 459 460 461
3 462 463 464
3 465 466 467
3 468 469 470
3 471 472 473
3 474 475 476
3 477 478 479
3 480 481 482
3 483 484 485
3 486 487 488
3 489 490 491
3 492 493 494
3 495 496 497
3 498 499 500
3 501 502 503
3 504 505 506
3 507 508 509
3 510 511 512
3 513 514 515
3 516 517 518
3 519 520 521
3 522 523 524
3 525 526 527
3 528 529 530
3 531 532 533
3 534 535 536
3 537 538 539
3 540 541 542
3 199 543 544
3 197 545 546
3 195 547 548
3 549 550 193
3 551 552 191
3 553 554 189
3 555 556 187
3 557 558 559
3 560 561 562
3 563 564 565
3 566 567 568
3 569 570 571
3 572 573 574
3 575 576 577
3 578 579 580
3 581 582 583
3 584 585 586
3 587 588 589
3 590 591 592
3 593 594 595
3 596 597 598
3 599 600 601
3 602 603 604
3 605 606 607
3 608 609 610
3 611 612 613
3 614 615 616
3 617 618 619
3 620 621 622
3 623 624 625
3 626 627 628
3 629 630 631
3 632 633 634
3 635 636 637
3 638 639 640
3 641 642 643
3 644 645 646
3 647 648 649
3 650 651 652
3 653 654 655
3 656 657 658
3 659 660 661
3 662 663 664
3 665 666 667
3 668 669 670
3 671 672 673
3 674 675 676
3 677 678 679
3 680 681 682
3 683 684 685
3 556 686 557
3 554 687 560
3 552 688 563
3 550 689 566
3 548 690 569
3 546 691 572
3 544 692 575
3 559 693 578
3 562 694 581
3 565 695 584
3 568 696 587
3 571 697 590
3 574 698 593
3 577 699 596
3 580 700 599
3 583 701 602
3 702 703 704
3 589 705 608
3 592 706 611
3 595 707 614
3 598 708 617
3 601 709 620
3 604 710 623
3 607 711 626
3 610 712 629
3 613 713 632
3 616 714 635
3 619 715 638
3 622 716 641
3 625 717 644
3 718 719 720
3 631 721 650
3 634 722 653
3 637 723 656
3 640 724 659
3 643 725 662
3 646 726 727
3 728 729 730
3 652 731 732
3 655 733 734
3 658 735 677
3 661 736 737
3 738 739 740
3 741 742 743
3 744 745 746
3 747 748 749
3 750 751 752
3 753 754 755
3 756 757 758
3 759 760 761
3 762 763 764
3 765 766 767
3 768 769 770
3 771 772 773
3 774 775 776
3 777 778 779
3 780 781 782
3 783 784 785
3 786 787 788
3 789 790 791
3 792 793 794
3 795 796 797
3 798 799 800
3 801 802 803
3 804 805 806
3 807 808 809
3 810 811 812
3 813 814 815
3 816 817 818
3 819 820 821
3 822 823 824
3 825 826 827
3 828 829 830
3 831 832 833
3 834 835 836
3 837 838 839
3 840 841 842
3 843 844 845
3 846 847 848
3 849 850 851
3 852 853 854
3 855 856 857
3 858 859 860
3 861 862 863
3 864 865 866
3 867 868 869
3 870 871 872
3 873 874 875
3 876 877 878
3 879 880 881
3 882 883 884
3 885 886 887
3 888 889 890
3 891 892 893
3 894 895 896
3 897 898 899
3 900 901 902
3 903 904 905
3 906 907 908
3 909 910 911
3 912 913 914
3 915 916 917
3 918 919 920
3 921 922 923
3 924 925 926
3 927 928 929
3 930 931 932
3 933 934 935
3 936 937 938
3 939 940 941
3 942 943 944
3 945 946 947
3 948 949 950
3 951 952 953
3 954 955 956
3 957 958 959
3 960 961 962
3 963 964 965
3 966 967 968
3 969 970 971
3 972 973 974
3 975 976 977
3 978 979 980
3 981 982 983
3 984 985 986
3 987 988 989
3 990 991 992
3 993 994 995
3 996 997 998
3 999 1000 1001
3 1002 1003 1004
3 1005 1006 1007
3 1008 1009 1010
3 1011 1012 1013
3 1014 1015 1016
3 1017 1018 1019
3 1020 1021 1022
3 1023 1024 1025
3 1026 1027 1028
3 1029 1030 1031
3 1032 1033 1034
3 1035 1036 1037
3 1038 1039 1040
3 1041 1042 1043
3 1044 1045 1046
3 1047 1048 1049
3 1050 1051 1052
3 1053 1054 1055
3 1056 1057 1058
3 1059 1060 1061
3 1062 1063 1064
3 1065 1066 1067
3 1068 1069 1070
3 1071 1072 1073
3 1074 1075 1076
3 1077 1078 1079
3 1080 1081 1082
3 1083 1084 1085
3 1086 1087 1088
3 1089 1090 1091
3 1092 1093 1094
3 1095 1096 1097
3 1098 1099 1100
3 1101 1102 1103
3 1104 1105 1106
3 1107 1108 1109
3 1110 1111 1112
3 1113 1114 1115
3 1116 1117 1118
3 1119 1120 1121
3 1122 1123 1124
3 1125 1126 1127
3 1128 1129 1130
3 1131 1132 1133
3 1134 1135 1136
3 1137 1138 1139
3 1140 1141 1142
3 0 1143 1
3 3 1144 4
3 6 1145 7
3 9 1146 10
3 12 1147 13
3 15 1148 16
3 1149 1150 1151
3 21 1152 22
3 24 1153 25
3 27 1154 28
3 30 1155 31
3 33 1156 34
3 36 1157 37
3 39 1158 40
3 42 1159 43
3 45 1160 46
3 48 1161 49
3 51 1162 52
3 54 1163 55
3 57 186 58
3 60 188 61
3 63 190 64
3 66 192 67
3 69 194 70
3 72 196 73
3 75 198 76
3 78 200 79
3 81 201 82
3 84 202 85
3 87 203 88
3 90 204 91
3 93 205 94
3 96 206 97
3 99 207 100
3 102 208 103
3 105 1164 106
3 108 212 109
3 111 213 112
3 114 214 115
3 117 215 118
3 120 216 121
3 123 217 124
3 126 218 127
3 129 219 130
3 132 220 133
3 135 221 136
3 138 222 139
3 141 223 142
3 144 224 145
3 147 1165 148
3 150 228 151
3 153 229 154
3 156 230 157
3 159 231 160
3 162 232 163
3 1166 233 234
3 1167 1168 1169
3 1170 1171 1172
3 1173 238 239
3 177 240 178
3 1174 241 242
3 183 1175 184
3 186 555 187
3 188 553 189
3 190 551 191
3 192 549 193
3 194 1176 195
3 196 1177 197
3 198 1178 199
3 200 57 59
3 201 60 62
3 202 63 65
3 203 66 68
3 204 69 71
3 205 72 74
3 206 75 77
3 207 78 80
3 208 81 83
3 209 1179 210
3 212 87 89
3 213 90 92
3 214 93 95
3 215 96 98
3 216 99 101
3 217 102 104
3 218 105 107
3 219 108 110
3 220 111 113
3 221 114 116
3 222 117 119
3 223 120 122
3 224 123 125
3 225 1180 226
3 228 129 131
3 229 132 134
3 230 135 137
3 231 138 140
3 232 141 143
3 233 144 146
3 235 1181 236
3 172 150 152
3 238 153 155
3 240 156 158
3 241 159 161
3 243 1182 244
3 1183 1184 1185
3 1186 1187 1188
3 1189 1190 1191
3 1191 1192 1193
3 1194 1195 1196
3 1197 1198 1199
3 1200 1201 1202
3 1203 1204 1205
3 1206 1207 1192
3 1208 1209 1210
3 1211 1212 1213
3 1214 1215 1216
3 1217 1218 1219
3 1220 1221 1222
3 1223 1224 1216
3 249 1225 250
3 252 1226 253
3 255 1227 256
3 258 1228 259
3 261 1229 262
3 264 1230 265
3 267 1231 268
3 270 1232 271
3 273 1233 274
3 276 1234 277
3 279 1235 280
3 282 1236 283
3 285 1237 286
3 288 1238 289
3 291 1239 292
3 294 1240 295
3 297 1241 298
3 300 1242 301
3 303 1243 304
3 306 1244 307
3 309 1245 310
3 312 1246 313
3 315 1247 316
3 318 1248 319
3 321 1249 322
3 324 1250 325
3 327 1251 328
3 330 1252 331
3 333 1253 334
3 336 1254 337
3 339 1255 340
3 342 1256 343
3 345 1257 346
3 348 1258 349
3 351 1259 352
3 354 1260 355
3 357 1261 358
3 360 1262 361
3 363 1263 364
3 366 1264 367
3 369 1265 370
3 372 1266 373
3 375 1267 376
3 378 1268 379
3 381 1269 382
3 384 1270 385
3 387 1271 388
3 390 1272 391
3 393 1273 394
3 396 1274 397
3 399 1275 400
3 402 1276 403
3 405 1277 406
3 408 1278 409
3 411 1279 412
3 414 1280 415
3 1281 1282 1283
3 420 1284 421
3 423 1285 424
3 426 1286 427
3 429 1287 430
3 432 1288 433
3 435 1289 436
3 438 1290 439
3 441 1291 442
3 444 1292 445
3 447 1293 448
3 450 1294 451
3 453 1295 454
3 456 1296 457
3 459 1297 460
3 462 1298 463
3 465 1299 466
3 468 1300 469
3 471 1301 472
3 474 1302 475
3 477 1303 478
3 480 1304 481
3 483 1305 484
3 486 1306 487
3 1307 1308 1309
3 492 1310 493
3 495 1311 496
3 498 1312 499
3 501 1313 502
3 504 1314 505
3 507 1315 508
3 510 1316 511
3 513 1317 514
3 516 1318 517
3 519 1319 520
3 522 1320 523
3 1321 1322 1323
3 528 1324 529
3 531 1325 532
3 534 1326 535
3 537 1327 538
3 540 1328 541
3 199 1178 543
3 197 1177 545
3 195 1176 547
3 549 1329 550
3 551 1330 552
3 553 1331 554
3 555 1332 556
3 557 686 558
3 560 687 561
3 563 688 564
3 566 689 567
3 569 690 570
3 572 691 573
3 575 692 576
3 578 693 579
3 581 694 582
3 584 695 585
3 587 696 588
3 590 697 591
3 593 698 594
3 596 699 597
3 599 700 600
3 602 701 603
3 605 1333 606
3 608 705 609
3 611 706 612
3 614 707 615
3 617 708 618
3 620 709 621
3 623 710 624
3 626 711 627
3 629 712 630
3 632 713 633
3 635 714 636
3 638 715 639
3 641 716 642
3 644 717 645
3 647 1334 648
3 650 721 651
3 653 722 654
3 656 723 657
3 659 724 660
3 662 725 663
3 727 726 1335
3 1336 1337 1338
3 1339 1340 1341
3 734 733 1342
3 677 735 678
3 737 736 1343
3 1344 1345 1346
3 1347 1348 1349
3 1350 1351 1352
3 1353 1354 1355
3 1354 1356 1355
3 1348 1357 1358
3 1359 1360 685
3 1361 1362 1347
3 1362 1363 1347
3 1364 1359 685
3 1358 1365 1348
3 1366 1367 1355
3 1355 1367 1368
3 1369 1370 685
3 1370 1371 685
3 1371 1372 685
3 1368 1373 1355
3 1374 1375 1348
3 1355 1376 1377
3 684 1378 685
3 1378 1379 685
3 1380 1381 1347
3 1377 1382 1355
3 1382 1383 1355
3 1349 1384 1347
3 556 1332 686
3 554 1331 687
3 552 1330 688
3 550 1329 689
3 548 547 690
3 546 545 691
3 544 543 692
3 559 558 693
3 562 561 694
3 565 564 695
3 568 567 696
3 571 570 697
3 574 573 698
3 577 576 699
3 580 579 700
3 583 582 701
3 702 1385 703
3 589 588 705
3 592 591 706
3 595 594 707
3 598 597 708
3 601 600 709
3 604 603 710
3 607 606 711
3 610 609 712
3 613 612 713
3 616 615 714
3 619 618 715
3 622 621 716
3 625 624 717
3 718 1386 719
3 631 630 721
3 634 633 722
3 637 636 723
3 640 639 724
3 643 642 725
3 646 645 726
3 728 1387 729
3 652 651 731
3 655 654 733
3 658 657 735
3 661 660 736
3 738 1388 739
3 1389 1390 1391
3 1392 1393 1394
3 1395 1396 1397
3 1398 1399 1400
3 1401 1402 1403
3 1404 1405 1406
3 1407 1408 1409
3 1410 1411 1412
3 1413 1414 1415
3 1416 1417 1418
3 1419 1420 1421
3 1422 1423 1424
3 1425 1426 1427
3 1428 1429 1430
3 1431 1432 1433
3 1434 1435 1436
3 1437 1438 1434
3 1438 1439 1434
3 1434 1436 1437
3 1440 746 1441
3 746 1434 744
3 1442 1443 1444
3 1445 1446 746
3 1447 1443 1448
3 1449 1450 1434
3 1450 1451 1434
3 1434 1439 1449
3 1452 746 1453
3 1454 1453 746
3 1454 746 1455
3 1456 1457 1434
3 1457 1458 1434
3 1434 1451 1456
3 1455 746 1459
3 1460 1459 746
3 761 1461 759
3 1462 1463 1434
3 1463 744 1434
3 1434 1458 1462
3 1464 746 745
3 747 1465 748
3 750 1466 751
3 753 1467 754
3 756 1468 757
3 759 1469 760
3 762 1470 763
3 765 1471 766
3 768 1472 769
3 771 1473 772
3 774 1474 775
3 777 1475 778
3 780 1476 781
3 783 1477 784
3 786 1478 787
3 789 1479 790
3 792 1480 793
3 795 1481 796
3 798 1482 799
3 801 1483 802
3 804 1484 805
3 807 1485 808
3 810 1486 811
3 813 1487 814
3 816 1488 817
3 819 1489 820
3 822 1490 823
3 825 1491 826
3 828 1492 829
3 831 1493 832
3 834 1494 835
3 837 1495 838
3 840 1496 841
3 843 1497 844
3 846 1498 847
3 849 1499 850
3 852 1500 853
3 855 1501 856
3 858 1502 859
3 861 1503 862
3 864 1504 865
3 867 1505 868
3 870 1506 871
3 873 1507 874
3 876 1508 877
3 879 1509 880
3 882 1510 883
3 885 1511 886
3 888 1512 889
3 891 1513 892
3 894 1514 895
3 897 1515 898
3 900 1516 901
3 903 1517 904
3 906 1518 907
3 909 1519 910
3 1520 1521 1522
3 915 1523 916
3 918 1524 919
3 921 1525 922
3 924 1526 925
3 927 1527 928
3 930 1528 931
3 933 1529 934
3 936 1530 937
3 939 1531 940
3 942 1532 943
3 945 1533 946
3 948 1534 949
3 951 1535 952
3 954 1536 955
3 957 1537 958
3 960 1538 961
3 963 1539 964
3 966 1540 967
3 969 1541 970
3 972 1542 973
3 975 1543 976
3 978 1544 979
3 981 1545 982
3 1546 1547 1548
3 987 1549 988
3 990 1550 991
3 993 1551 994
3 996 1552 997
3 999 1553 1000
3 1554 1555 1556
3 1011 1557 1012
3 1558 1559 1560
3 1017 1561 1018
3 1023 1562 1024
3 1029 1563 1030
3 1032 1564 1033
3 1565 1566 1567
3 1038 1568 1039
3 1041 1569 1042
3 1570 1571 1572
3 1573 1574 1575
3 1576 1577 1578
3 1579 1580 1581
3 1582 1583 1584
3 1585 1586 1587
3 1588 1589 1590
3 1065 1591 1066
3 1592 1593 1594
3 1595 1596 1597
3 1598 1599 1600
3 1077 1601 1078
3 1602 1603 1604
3 1605 1606 1607
3 1608 1609 1610
3 1611 1612 1613
3 1614 1615 1616
3 1617 1618 1619
3 1620 1621 1622
3 1623 1624 1625
3 1626 1627 1628
3 1629 1630 1631
3 1632 1633 1634
3 1635 1636 1637
3 1638 1639 1640
3 1641 1642 1643
3 1644 1645 1646
3 1647 1648 1649
3 1128 1650 1129
3 1651 1652 1653
3 1654 1655 1656
3 1657 1658 1659
3 1660 1661 1662
