ply
format ascii 1.0
comment Created by Blender 2.79 (sub 0) - www.blender.org, source file: 'FirstRoom.blend'
element vertex 2044
property float x
property float y
property float z
property float nx
property float ny
property float nz
property uchar red
property uchar green
property uchar blue
element face 820
property list uchar uint vertex_indices
end_header
0.041987 0.185555 -0.076859 0.028579 0.956549 -0.290166 51 51 51
0.049631 0.196984 -0.038430 0.028579 0.956549 -0.290166 51 51 51
0.056981 0.185555 -0.075382 0.028579 0.956549 -0.290166 51 51 51
0.041987 -0.039183 -0.196984 0.093835 -0.289003 -0.952718 51 51 51
0.078187 -0.076859 -0.181989 0.093835 -0.289003 -0.952718 51 51 51
0.041987 -0.076859 -0.185555 0.093835 -0.289003 -0.952718 51 51 51
0.041987 0.185555 -0.076859 0.046379 0.880973 -0.470889 51 51 51
0.063756 0.166995 -0.109438 0.046379 0.880973 -0.470889 51 51 51
0.041987 0.166995 -0.111582 0.046379 0.880973 -0.470889 51 51 51
0.041987 -0.111582 -0.166995 0.086536 -0.469628 -0.878613 51 51 51
0.078187 -0.076859 -0.181989 0.086536 -0.469628 -0.878613 51 51 51
0.074566 -0.111582 -0.163786 0.086536 -0.469628 -0.878613 51 51 51
0.041987 0.166995 -0.111582 0.062361 0.771506 -0.633159 51 51 51
0.069693 0.142017 -0.139289 0.062361 0.771506 -0.633159 51 51 51
0.041987 0.142017 -0.142017 0.062361 0.771506 -0.633159 51 51 51
0.041987 -0.111582 -0.166995 0.075915 -0.632562 -0.770780 51 51 51
0.069693 -0.142017 -0.139289 0.075915 -0.632562 -0.770780 51 51 51
0.041987 -0.142017 -0.142017 0.075915 -0.632562 -0.770780 51 51 51
0.041987 0.111582 -0.166995 0.075915 0.632562 -0.770780 51 51 51
0.069693 0.142017 -0.139289 0.075915 0.632562 -0.770780 51 51 51
0.074566 0.111582 -0.163786 0.075915 0.632562 -0.770780 51 51 51
0.041987 -0.166995 -0.111582 0.062361 -0.771506 -0.633159 51 51 51
0.069693 -0.142017 -0.139289 0.062361 -0.771506 -0.633159 51 51 51
0.063756 -0.166995 -0.109438 0.062361 -0.771506 -0.633159 51 51 51
0.041987 0.111582 -0.166995 0.086536 0.469629 -0.878613 51 51 51
0.078187 0.076859 -0.181989 0.086536 0.469629 -0.878613 51 51 51
0.041987 0.076859 -0.185555 0.086536 0.469629 -0.878613 51 51 51
0.041987 -0.166995 -0.111582 0.046379 -0.880972 -0.470889 51 51 51
0.056981 -0.185555 -0.075382 0.046379 -0.880972 -0.470889 51 51 51
0.041987 -0.185555 -0.076859 0.046379 -0.880972 -0.470889 51 51 51
0.041987 0.039183 -0.196984 0.093835 0.289003 -0.952718 51 51 51
0.078187 0.076859 -0.181989 0.093835 0.289003 -0.952718 51 51 51
0.080417 0.039183 -0.193199 0.093835 0.289003 -0.952718 51 51 51
0.041987 -0.196984 -0.039182 0.028579 -0.956550 -0.290166 51 51 51
0.056981 -0.185555 -0.075382 0.028579 -0.956550 -0.290166 51 51 51
0.049631 -0.196984 -0.038430 0.028579 -0.956550 -0.290166 51 51 51
0.041987 0.039183 -0.196984 0.097550 0.097551 -0.990438 51 51 51
0.081169 0.000000 -0.196984 0.097550 0.097551 -0.990438 51 51 51
0.041987 0.000000 -0.200843 0.097550 0.097551 -0.990438 51 51 51
0.041987 0.196984 -0.039183 0.009653 0.995138 -0.098012 51 51 51
0.041987 0.200843 0.000000 0.009653 0.995138 -0.098012 51 51 51
0.049631 0.196984 -0.038430 0.009653 0.995138 -0.098012 51 51 51
0.041987 -0.200843 0.000000 0.009653 -0.995138 -0.098013 51 51 51
0.041987 -0.196984 -0.039182 0.009653 -0.995138 -0.098013 51 51 51
0.049631 -0.196984 -0.038430 0.009653 -0.995138 -0.098013 51 51 51
0.041987 -0.039183 -0.196984 0.097550 -0.097551 -0.990438 51 51 51
0.081169 0.000000 -0.196984 0.097550 -0.097551 -0.990438 51 51 51
0.080417 -0.039183 -0.193199 0.097550 -0.097551 -0.990438 51 51 51
0.074566 0.111582 -0.163786 0.256282 0.469628 -0.844848 51 51 51
0.112996 0.076859 -0.171430 0.256282 0.469628 -0.844848 51 51 51
0.078187 0.076859 -0.181989 0.256282 0.469628 -0.844848 51 51 51
0.056981 -0.185555 -0.075382 0.137353 -0.880972 -0.452794 51 51 51
0.084688 -0.166995 -0.103089 0.137353 -0.880972 -0.452794 51 51 51
0.071400 -0.185555 -0.071009 0.137353 -0.880972 -0.452794 51 51 51
0.080417 0.039183 -0.193199 0.277898 0.289003 -0.916106 51 51 51
0.112996 0.076859 -0.171430 0.277898 0.289003 -0.916106 51 51 51
0.117369 0.039183 -0.181989 0.277898 0.289003 -0.916106 51 51 51
0.056981 -0.185555 -0.075382 0.084638 -0.956550 -0.279015 51 51 51
0.056981 -0.196984 -0.036200 0.084638 -0.956550 -0.279015 51 51 51
0.049631 -0.196984 -0.038430 0.084638 -0.956550 -0.279015 51 51 51
0.080417 0.039183 -0.193199 0.288901 0.097551 -0.952376 51 51 51
0.118846 0.000000 -0.185555 0.288901 0.097551 -0.952376 51 51 51
0.081169 0.000000 -0.196984 0.288901 0.097551 -0.952376 51 51 51
0.049631 0.196984 -0.038430 0.028589 0.995138 -0.094246 51 51 51
0.041987 0.200843 0.000000 0.028589 0.995138 -0.094246 51 51 51
0.056981 0.196984 -0.036200 0.028589 0.995138 -0.094246 51 51 51
0.041987 -0.200843 0.000000 0.028589 -0.995138 -0.094246 51 51 51
0.049631 -0.196984 -0.038430 0.028589 -0.995138 -0.094246 51 51 51
0.056981 -0.196984 -0.036200 0.028589 -0.995138 -0.094246 51 51 51
0.080417 -0.039183 -0.193199 0.288901 -0.097551 -0.952376 51 51 51
0.118846 0.000000 -0.185555 0.288901 -0.097551 -0.952376 51 51 51
0.117369 -0.039183 -0.181989 0.288901 -0.097551 -0.952376 51 51 51
0.049631 0.196984 -0.038430 0.084639 0.956549 -0.279015 51 51 51
0.071400 0.185555 -0.071009 0.084639 0.956549 -0.279015 51 51 51
0.056981 0.185555 -0.075382 0.084639 0.956549 -0.279015 51 51 51
0.080417 -0.039183 -0.193199 0.277898 -0.289004 -0.916106 51 51 51
0.112996 -0.076859 -0.171430 0.277898 -0.289004 -0.916106 51 51 51
0.078187 -0.076859 -0.181989 0.277898 -0.289004 -0.916106 51 51 51
0.056981 0.185555 -0.075382 0.137354 0.880972 -0.452793 51 51 51
0.084688 0.166995 -0.103089 0.137354 0.880972 -0.452793 51 51 51
0.063756 0.166995 -0.109438 0.137354 0.880972 -0.452793 51 51 51
0.074566 -0.111582 -0.163786 0.256282 -0.469628 -0.844848 51 51 51
0.112996 -0.076859 -0.171430 0.256282 -0.469628 -0.844848 51 51 51
0.105893 -0.111582 -0.154283 0.256282 -0.469628 -0.844848 51 51 51
0.063756 0.166995 -0.109438 0.184685 0.771506 -0.608827 51 51 51
0.096335 0.142017 -0.131207 0.184685 0.771506 -0.608827 51 51 51
0.069693 0.142017 -0.139289 0.184685 0.771506 -0.608827 51 51 51
0.074566 -0.111582 -0.163786 0.224828 -0.632562 -0.741159 51 51 51
0.096335 -0.142017 -0.131207 0.224828 -0.632562 -0.741159 51 51 51
0.069693 -0.142017 -0.139289 0.224828 -0.632562 -0.741159 51 51 51
0.074566 0.111582 -0.163786 0.224828 0.632562 -0.741159 51 51 51
0.096335 0.142017 -0.131207 0.224828 0.632562 -0.741159 51 51 51
0.105893 0.111582 -0.154283 0.224828 0.632562 -0.741159 51 51 51
0.069693 -0.142017 -0.139289 0.184686 -0.771506 -0.608827 51 51 51
0.084688 -0.166995 -0.103089 0.184686 -0.771506 -0.608827 51 51 51
0.063756 -0.166995 -0.109438 0.184686 -0.771506 -0.608827 51 51 51
0.117369 -0.039183 -0.181989 0.451281 -0.289003 -0.844288 51 51 51
0.145076 -0.076859 -0.154283 0.451281 -0.289003 -0.844288 51 51 51
0.112996 -0.076859 -0.171430 0.451281 -0.289003 -0.844288 51 51 51
0.071400 0.185555 -0.071009 0.223050 0.880972 -0.417297 51 51 51
0.103979 0.166995 -0.092777 0.223050 0.880972 -0.417297 51 51 51
0.084688 0.166995 -0.103089 0.223050 0.880972 -0.417297 51 51 51
0.105893 -0.111582 -0.154283 0.416180 -0.469628 -0.778616 51 51 51
0.145076 -0.076859 -0.154283 0.416180 -0.469628 -0.778616 51 51 51
0.134764 -0.111582 -0.138851 0.416180 -0.469628 -0.778616 51 51 51
0.084688 0.166995 -0.103089 0.299913 0.771506 -0.561098 51 51 51
0.120888 0.142017 -0.118083 0.299913 0.771506 -0.561098 51 51 51
0.096335 0.142017 -0.131207 0.299913 0.771506 -0.561098 51 51 51
0.105893 -0.111582 -0.154283 0.365101 -0.632562 -0.683057 51 51 51
0.120888 -0.142017 -0.118083 0.365101 -0.632562 -0.683057 51 51 51
0.096335 -0.142017 -0.131207 0.365101 -0.632562 -0.683057 51 51 51
0.096335 0.142017 -0.131207 0.365102 0.632562 -0.683056 51 51 51
0.134764 0.111582 -0.138851 0.365102 0.632562 -0.683056 51 51 51
0.105893 0.111582 -0.154283 0.365102 0.632562 -0.683056 51 51 51
0.096335 -0.142017 -0.131207 0.299913 -0.771506 -0.561098 51 51 51
0.103979 -0.166995 -0.092777 0.299913 -0.771506 -0.561098 51 51 51
0.084688 -0.166995 -0.103089 0.299913 -0.771506 -0.561098 51 51 51
0.105893 0.111582 -0.154283 0.416179 0.469629 -0.778617 51 51 51
0.145076 0.076859 -0.154283 0.416179 0.469629 -0.778617 51 51 51
0.112996 0.076859 -0.171430 0.416179 0.469629 -0.778617 51 51 51
0.071400 -0.185555 -0.071009 0.223050 -0.880972 -0.417297 51 51 51
0.103979 -0.166995 -0.092777 0.223050 -0.880972 -0.417297 51 51 51
0.084688 -0.185555 -0.063906 0.223050 -0.880972 -0.417297 51 51 51
0.117369 0.039183 -0.181989 0.451281 0.289003 -0.844288 51 51 51
0.145076 0.076859 -0.154283 0.451281 0.289003 -0.844288 51 51 51
0.151425 0.039183 -0.163786 0.451281 0.289003 -0.844288 51 51 51
0.056981 -0.196984 -0.036200 0.137445 -0.956550 -0.257141 51 51 51
0.084688 -0.185555 -0.063906 0.137445 -0.956550 -0.257141 51 51 51
0.063756 -0.196984 -0.032579 0.137445 -0.956550 -0.257141 51 51 51
0.117369 0.039183 -0.181989 0.469148 0.097551 -0.877715 51 51 51
0.153569 0.000000 -0.166995 0.469148 0.097551 -0.877715 51 51 51
0.118846 0.000000 -0.185555 0.469148 0.097551 -0.877715 51 51 51
0.056981 0.196984 -0.036200 0.046426 0.995138 -0.086858 51 51 51
0.041987 0.200843 0.000000 0.046426 0.995138 -0.086858 51 51 51
0.063756 0.196984 -0.032579 0.046426 0.995138 -0.086858 51 51 51
0.041987 -0.200843 0.000000 0.046426 -0.995138 -0.086858 51 51 51
0.056981 -0.196984 -0.036200 0.046426 -0.995138 -0.086858 51 51 51
0.063756 -0.196984 -0.032579 0.046426 -0.995138 -0.086858 51 51 51
0.118846 0.000000 -0.185555 0.469148 -0.097551 -0.877715 51 51 51
0.151425 -0.039182 -0.163786 0.469148 -0.097551 -0.877715 51 51 51
0.117369 -0.039183 -0.181989 0.469148 -0.097551 -0.877715 51 51 51
0.056981 0.196984 -0.036200 0.137445 0.956549 -0.257142 51 51 51
0.084688 0.185555 -0.063906 0.137445 0.956549 -0.257142 51 51 51
0.071400 0.185555 -0.071009 0.137445 0.956549 -0.257142 51 51 51
0.103979 -0.166995 -0.092777 0.300175 -0.880972 -0.365764 51 51 51
0.096335 -0.185555 -0.054348 0.300175 -0.880972 -0.365764 51 51 51
0.084688 -0.185555 -0.063906 0.300175 -0.880972 -0.365764 51 51 51
0.151425 0.039183 -0.163786 0.607323 0.289003 -0.740025 51 51 51
0.173194 0.076859 -0.131207 0.607323 0.289003 -0.740025 51 51 51
0.181276 0.039183 -0.139289 0.607323 0.289003 -0.740025 51 51 51
0.084688 -0.185555 -0.063906 0.184970 -0.956550 -0.225386 51 51 51
0.069693 -0.196984 -0.027706 0.184970 -0.956550 -0.225386 51 51 51
0.063756 -0.196984 -0.032579 0.184970 -0.956550 -0.225386 51 51 51
0.151425 0.039183 -0.163786 0.631368 0.097551 -0.769323 51 51 51
0.184004 0.000000 -0.142017 0.631368 0.097551 -0.769323 51 51 51
0.153569 0.000000 -0.166995 0.631368 0.097551 -0.769323 51 51 51
0.063756 0.196984 -0.032579 0.062479 0.995138 -0.076131 51 51 51
0.041987 0.200843 0.000000 0.062479 0.995138 -0.076131 51 51 51
0.069693 0.196984 -0.027706 0.062479 0.995138 -0.076131 51 51 51
0.041987 -0.200843 0.000000 0.062479 -0.995138 -0.076131 51 51 51
0.063756 -0.196984 -0.032579 0.062479 -0.995138 -0.076131 51 51 51
0.069693 -0.196984 -0.027706 0.062479 -0.995138 -0.076131 51 51 51
0.153569 0.000000 -0.166995 0.631368 -0.097551 -0.769324 51 51 51
0.181276 -0.039182 -0.139289 0.631368 -0.097551 -0.769324 51 51 51
0.151425 -0.039182 -0.163786 0.631368 -0.097551 -0.769324 51 51 51
0.063756 0.196984 -0.032579 0.184970 0.956549 -0.225387 51 51 51
0.096335 0.185555 -0.054348 0.184970 0.956549 -0.225387 51 51 51
0.084688 0.185555 -0.063906 0.184970 0.956549 -0.225387 51 51 51
0.151425 -0.039182 -0.163786 0.607322 -0.289003 -0.740025 51 51 51
0.173194 -0.076859 -0.131207 0.607322 -0.289003 -0.740025 51 51 51
0.145076 -0.076859 -0.154283 0.607322 -0.289003 -0.740025 51 51 51
0.084688 0.185555 -0.063906 0.300175 0.880972 -0.365764 51 51 51
0.120888 0.166995 -0.078901 0.300175 0.880972 -0.365764 51 51 51
0.103979 0.166995 -0.092777 0.300175 0.880972 -0.365764 51 51 51
0.134764 -0.111582 -0.138851 0.560083 -0.469629 -0.682463 51 51 51
0.173194 -0.076859 -0.131207 0.560083 -0.469629 -0.682463 51 51 51
0.160070 -0.111582 -0.118083 0.560083 -0.469629 -0.682463 51 51 51
0.103979 0.166995 -0.092777 0.403615 0.771506 -0.491806 51 51 51
0.142408 0.142017 -0.100421 0.403615 0.771506 -0.491806 51 51 51
0.120888 0.142017 -0.118083 0.403615 0.771506 -0.491806 51 51 51
0.134764 -0.111582 -0.138851 0.491345 -0.632562 -0.598704 51 51 51
0.142408 -0.142017 -0.100421 0.491345 -0.632562 -0.598704 51 51 51
0.120888 -0.142017 -0.118083 0.491345 -0.632562 -0.598704 51 51 51
0.120888 0.142017 -0.118083 0.491344 0.632562 -0.598704 51 51 51
0.160070 0.111582 -0.118083 0.491344 0.632562 -0.598704 51 51 51
0.134764 0.111582 -0.138851 0.491344 0.632562 -0.598704 51 51 51
0.103979 -0.166995 -0.092777 0.403615 -0.771506 -0.491807 51 51 51
0.142408 -0.142017 -0.100421 0.403615 -0.771506 -0.491807 51 51 51
0.120888 -0.166995 -0.078901 0.403615 -0.771506 -0.491807 51 51 51
0.134764 0.111582 -0.138851 0.560083 0.469629 -0.682463 51 51 51
0.173194 0.076859 -0.131207 0.560083 0.469629 -0.682463 51 51 51
0.145076 0.076859 -0.154283 0.560083 0.469629 -0.682463 51 51 51
0.160070 -0.111582 -0.118083 0.682463 -0.469629 -0.560082 51 51 51
0.196270 -0.076859 -0.103089 0.682463 -0.469629 -0.560082 51 51 51
0.180838 -0.111582 -0.092777 0.682463 -0.469629 -0.560082 51 51 51
0.120888 0.166995 -0.078901 0.491807 0.771506 -0.403615 51 51 51
0.160070 0.142017 -0.078901 0.491807 0.771506 -0.403615 51 51 51
0.142408 0.142017 -0.100421 0.491807 0.771506 -0.403615 51 51 51
0.160070 -0.111582 -0.118083 0.598704 -0.632562 -0.491343 51 51 51
0.160070 -0.142017 -0.078901 0.598704 -0.632562 -0.491343 51 51 51
0.142408 -0.142017 -0.100421 0.598704 -0.632562 -0.491343 51 51 51
0.142408 0.142017 -0.100421 0.598704 0.632562 -0.491343 51 51 51
0.180838 0.111582 -0.092777 0.598704 0.632562 -0.491343 51 51 51
0.160070 0.111582 -0.118083 0.598704 0.632562 -0.491343 51 51 51
0.120888 -0.166995 -0.078901 0.491807 -0.771506 -0.403615 51 51 51
0.160070 -0.142017 -0.078901 0.491807 -0.771506 -0.403615 51 51 51
0.134764 -0.166995 -0.061992 0.491807 -0.771506 -0.403615 51 51 51
0.160070 0.111582 -0.118083 0.682463 0.469629 -0.560083 51 51 51
0.196270 0.076859 -0.103089 0.682463 0.469629 -0.560083 51 51 51
0.173194 0.076859 -0.131207 0.682463 0.469629 -0.560083 51 51 51
0.120888 -0.166995 -0.078901 0.365764 -0.880972 -0.300174 51 51 51
0.105893 -0.185555 -0.042701 0.365764 -0.880972 -0.300174 51 51 51
0.096335 -0.185555 -0.054348 0.365764 -0.880972 -0.300174 51 51 51
0.181276 0.039183 -0.139289 0.740025 0.289003 -0.607322 51 51 51
0.196270 0.076859 -0.103089 0.740025 0.289003 -0.607322 51 51 51
0.205773 0.039183 -0.109438 0.740025 0.289003 -0.607322 51 51 51
0.069693 -0.196984 -0.027706 0.225386 -0.956550 -0.184970 51 51 51
0.105893 -0.185555 -0.042701 0.225386 -0.956550 -0.184970 51 51 51
0.074566 -0.196984 -0.021769 0.225386 -0.956550 -0.184970 51 51 51
0.184004 0.000000 -0.142017 0.769323 0.097551 -0.631368 51 51 51
0.205773 0.039183 -0.109438 0.769323 0.097551 -0.631368 51 51 51
0.208982 0.000000 -0.111582 0.769323 0.097551 -0.631368 51 51 51
0.069693 0.196984 -0.027706 0.076131 0.995138 -0.062479 51 51 51
0.041987 0.200843 0.000000 0.076131 0.995138 -0.062479 51 51 51
0.074566 0.196984 -0.021769 0.076131 0.995138 -0.062479 51 51 51
0.041987 -0.200843 0.000000 0.076131 -0.995138 -0.062479 51 51 51
0.069693 -0.196984 -0.027706 0.076131 -0.995138 -0.062479 51 51 51
0.074566 -0.196984 -0.021769 0.076131 -0.995138 -0.062479 51 51 51
0.184004 0.000000 -0.142017 0.769324 -0.097550 -0.631368 51 51 51
0.205773 -0.039182 -0.109438 0.769324 -0.097550 -0.631368 51 51 51
0.181276 -0.039182 -0.139289 0.769324 -0.097550 -0.631368 51 51 51
0.069693 0.196984 -0.027706 0.225387 0.956549 -0.184970 51 51 51
0.105893 0.185555 -0.042701 0.225387 0.956549 -0.184970 51 51 51
0.096335 0.185555 -0.054348 0.225387 0.956549 -0.184970 51 51 51
0.181276 -0.039182 -0.139289 0.740025 -0.289003 -0.607323 51 51 51
0.196270 -0.076859 -0.103089 0.740025 -0.289003 -0.607323 51 51 51
0.173194 -0.076859 -0.131207 0.740025 -0.289003 -0.607323 51 51 51
0.096335 0.185555 -0.054348 0.365764 0.880972 -0.300174 51 51 51
0.134764 0.166995 -0.061992 0.365764 0.880972 -0.300174 51 51 51
0.120888 0.166995 -0.078901 0.365764 0.880972 -0.300174 51 51 51
0.074566 -0.196984 -0.021769 0.257142 -0.956550 -0.137445 51 51 51
0.112996 -0.185555 -0.029413 0.257142 -0.956550 -0.137445 51 51 51
0.078187 -0.196984 -0.014994 0.257142 -0.956550 -0.137445 51 51 51
0.205773 0.039183 -0.109438 0.877715 0.097551 -0.469147 51 51 51
0.227542 0.000000 -0.076859 0.877715 0.097551 -0.469147 51 51 51
0.208982 0.000000 -0.111582 0.877715 0.097551 -0.469147 51 51 51
0.074566 0.196984 -0.021769 0.086858 0.995138 -0.046426 51 51 51
0.041987 0.200843 0.000000 0.086858 0.995138 -0.046426 51 51 51
0.078187 0.196984 -0.014994 0.086858 0.995138 -0.046426 51 51 51
0.041987 -0.200843 0.000000 0.086858 -0.995138 -0.046426 51 51 51
0.074566 -0.196984 -0.021769 0.086858 -0.995138 -0.046426 51 51 51
0.078187 -0.196984 -0.014994 0.086858 -0.995138 -0.046426 51 51 51
0.208982 0.000000 -0.111582 0.877716 -0.097551 -0.469147 51 51 51
0.223976 -0.039182 -0.075382 0.877716 -0.097551 -0.469147 51 51 51
0.205773 -0.039182 -0.109438 0.877716 -0.097551 -0.469147 51 51 51
0.105893 0.185555 -0.042701 0.257142 0.956549 -0.137445 51 51 51
0.078187 0.196984 -0.014994 0.257142 0.956549 -0.137445 51 51 51
0.112996 0.185555 -0.029413 0.257142 0.956549 -0.137445 51 51 51
0.205773 -0.039182 -0.109438 0.844288 -0.289003 -0.451281 51 51 51
0.213417 -0.076859 -0.071009 0.844288 -0.289003 -0.451281 51 51 51
0.196270 -0.076859 -0.103089 0.844288 -0.289003 -0.451281 51 51 51
0.134764 0.166995 -0.061992 0.417297 0.880972 -0.223050 51 51 51
0.112996 0.185555 -0.029413 0.417297 0.880972 -0.223050 51 51 51
0.145076 0.166995 -0.042701 0.417297 0.880972 -0.223050 51 51 51
0.180838 -0.111582 -0.092777 0.778617 -0.469628 -0.416179 51 51 51
0.213417 -0.076859 -0.071009 0.778617 -0.469628 -0.416179 51 51 51
0.196270 -0.111582 -0.063906 0.778617 -0.469628 -0.416179 51 51 51
0.134764 0.166995 -0.061992 0.561098 0.771506 -0.299913 51 51 51
0.173194 0.142017 -0.054348 0.561098 0.771506 -0.299913 51 51 51
0.160070 0.142017 -0.078901 0.561098 0.771506 -0.299913 51 51 51
0.180838 -0.111582 -0.092777 0.683057 -0.632562 -0.365101 51 51 51
0.173194 -0.142017 -0.054348 0.683057 -0.632562 -0.365101 51 51 51
0.160070 -0.142017 -0.078901 0.683057 -0.632562 -0.365101 51 51 51
0.160070 0.142017 -0.078901 0.683057 0.632562 -0.365101 51 51 51
0.196270 0.111582 -0.063906 0.683057 0.632562 -0.365101 51 51 51
0.180838 0.111582 -0.092777 0.683057 0.632562 -0.365101 51 51 51
0.134764 -0.166995 -0.061992 0.561098 -0.771506 -0.299913 51 51 51
0.173194 -0.142017 -0.054348 0.561098 -0.771506 -0.299913 51 51 51
0.145076 -0.166995 -0.042701 0.561098 -0.771506 -0.299913 51 51 51
0.180838 0.111582 -0.092777 0.778617 0.469629 -0.416178 51 51 51
0.213417 0.076859 -0.071009 0.778617 0.469629 -0.416178 51 51 51
0.196270 0.076859 -0.103089 0.778617 0.469629 -0.416178 51 51 51
0.105893 -0.185555 -0.042701 0.417297 -0.880972 -0.223050 51 51 51
0.145076 -0.166995 -0.042701 0.417297 -0.880972 -0.223050 51 51 51
0.112996 -0.185555 -0.029413 0.417297 -0.880972 -0.223050 51 51 51
0.205773 0.039183 -0.109438 0.844289 0.289003 -0.451280 51 51 51
0.213417 0.076859 -0.071009 0.844289 0.289003 -0.451280 51 51 51
0.223976 0.039183 -0.075382 0.844289 0.289003 -0.451280 51 51 51
0.145076 0.166995 -0.042701 0.608827 0.771506 -0.184685 51 51 51
0.181276 0.142017 -0.027706 0.608827 0.771506 -0.184685 51 51 51
0.173194 0.142017 -0.054348 0.608827 0.771506 -0.184685 51 51 51
0.173194 -0.142017 -0.054348 0.741160 -0.632562 -0.224828 51 51 51
0.205773 -0.111582 -0.032579 0.741160 -0.632562 -0.224828 51 51 51
0.181276 -0.142017 -0.027706 0.741160 -0.632562 -0.224828 51 51 51
0.173194 0.142017 -0.054348 0.741160 0.632562 -0.224827 51 51 51
0.205773 0.111582 -0.032579 0.741160 0.632562 -0.224827 51 51 51
0.196270 0.111582 -0.063906 0.741160 0.632562 -0.224827 51 51 51
0.145076 -0.166995 -0.042701 0.608827 -0.771505 -0.184686 51 51 51
0.181276 -0.142017 -0.027706 0.608827 -0.771505 -0.184686 51 51 51
0.151425 -0.166995 -0.021769 0.608827 -0.771505 -0.184686 51 51 51
0.196270 0.111582 -0.063906 0.844848 0.469628 -0.256282 51 51 51
0.223976 0.076859 -0.036200 0.844848 0.469628 -0.256282 51 51 51
0.213417 0.076859 -0.071009 0.844848 0.469628 -0.256282 51 51 51
0.145076 -0.166995 -0.042701 0.452793 -0.880972 -0.137354 51 51 51
0.117369 -0.185555 -0.014994 0.452793 -0.880972 -0.137354 51 51 51
0.112996 -0.185555 -0.029413 0.452793 -0.880972 -0.137354 51 51 51
0.223976 0.039183 -0.075382 0.916106 0.289003 -0.277898 51 51 51
0.223976 0.076859 -0.036200 0.916106 0.289003 -0.277898 51 51 51
0.235186 0.039183 -0.038430 0.916106 0.289003 -0.277898 51 51 51
0.112996 -0.185555 -0.029413 0.279015 -0.956550 -0.084638 51 51 51
0.080417 -0.196984 -0.007644 0.279015 -0.956550 -0.084638 51 51 51
0.078187 -0.196984 -0.014994 0.279015 -0.956550 -0.084638 51 51 51
0.223976 0.039183 -0.075382 0.952376 0.097551 -0.288900 51 51 51
0.238971 0.000000 -0.039182 0.952376 0.097551 -0.288900 51 51 51
0.227542 0.000000 -0.076859 0.952376 0.097551 -0.288900 51 51 51
0.078187 0.196984 -0.014994 0.094246 0.995138 -0.028589 51 51 51
0.041987 0.200843 0.000000 0.094246 0.995138 -0.028589 51 51 51
0.080417 0.196984 -0.007644 0.094246 0.995138 -0.028589 51 51 51
0.041987 -0.200843 0.000000 0.094246 -0.995138 -0.028589 51 51 51
0.078187 -0.196984 -0.014994 0.094246 -0.995138 -0.028589 51 51 51
0.080417 -0.196984 -0.007644 0.094246 -0.995138 -0.028589 51 51 51
0.227542 0.000000 -0.076859 0.952376 -0.097551 -0.288900 51 51 51
0.235186 -0.039182 -0.038430 0.952376 -0.097551 -0.288900 51 51 51
0.223976 -0.039182 -0.075382 0.952376 -0.097551 -0.288900 51 51 51
0.078187 0.196984 -0.014994 0.279016 0.956549 -0.084638 51 51 51
0.117369 0.185555 -0.014994 0.279016 0.956549 -0.084638 51 51 51
0.112996 0.185555 -0.029413 0.279016 0.956549 -0.084638 51 51 51
0.223976 -0.039182 -0.075382 0.916106 -0.289003 -0.277898 51 51 51
0.223976 -0.076859 -0.036200 0.916106 -0.289003 -0.277898 51 51 51
0.213417 -0.076859 -0.071009 0.916106 -0.289003 -0.277898 51 51 51
0.112996 0.185555 -0.029413 0.452793 0.880972 -0.137353 51 51 51
0.151425 0.166995 -0.021769 0.452793 0.880972 -0.137353 51 51 51
0.145076 0.166995 -0.042701 0.452793 0.880972 -0.137353 51 51 51
0.196270 -0.111582 -0.063906 0.844848 -0.469629 -0.256281 51 51 51
0.223976 -0.076859 -0.036200 0.844848 -0.469629 -0.256281 51 51 51
0.205773 -0.111582 -0.032579 0.844848 -0.469629 -0.256281 51 51 51
0.235186 0.039183 -0.038430 0.990438 0.097551 -0.097549 51 51 51
0.242830 0.000000 0.000000 0.990438 0.097551 -0.097549 51 51 51
0.238971 0.000000 -0.039182 0.990438 0.097551 -0.097549 51 51 51
0.080417 0.196984 -0.007644 0.098013 0.995138 -0.009653 51 51 51
0.041987 0.200843 0.000000 0.098013 0.995138 -0.009653 51 51 51
0.081169 0.196984 0.000000 0.098013 0.995138 -0.009653 51 51 51
0.041987 -0.200843 0.000000 0.098013 -0.995138 -0.009653 51 51 51
0.080417 -0.196984 -0.007644 0.098013 -0.995138 -0.009653 51 51 51
0.081169 -0.196984 0.000000 0.098013 -0.995138 -0.009653 51 51 51
0.238971 0.000000 -0.039182 0.990438 -0.097551 -0.097550 51 51 51
0.238971 -0.039182 0.000000 0.990438 -0.097551 -0.097550 51 51 51
0.235186 -0.039182 -0.038430 0.990438 -0.097551 -0.097550 51 51 51
0.117369 0.185555 -0.014994 0.290166 0.956549 -0.028579 51 51 51
0.081169 0.196984 0.000000 0.290166 0.956549 -0.028579 51 51 51
0.118846 0.185555 0.000000 0.290166 0.956549 -0.028579 51 51 51
0.235186 -0.039182 -0.038430 0.952718 -0.289003 -0.093835 51 51 51
0.227542 -0.076859 0.000000 0.952718 -0.289003 -0.093835 51 51 51
0.223976 -0.076859 -0.036200 0.952718 -0.289003 -0.093835 51 51 51
0.151425 0.166995 -0.021769 0.470889 0.880973 -0.046379 51 51 51
0.118846 0.185555 0.000000 0.470889 0.880973 -0.046379 51 51 51
0.153569 0.166995 0.000000 0.470889 0.880973 -0.046379 51 51 51
0.205773 -0.111582 -0.032579 0.878612 -0.469630 -0.086535 51 51 51
0.227542 -0.076859 0.000000 0.878612 -0.469630 -0.086535 51 51 51
0.208982 -0.111582 0.000000 0.878612 -0.469630 -0.086535 51 51 51
0.181276 0.142017 -0.027706 0.633159 0.771506 -0.062361 51 51 51
0.153569 0.166995 0.000000 0.633159 0.771506 -0.062361 51 51 51
0.184004 0.142017 0.000000 0.633159 0.771506 -0.062361 51 51 51
0.205773 -0.111582 -0.032579 0.770780 -0.632562 -0.075915 51 51 51
0.184004 -0.142017 0.000000 0.770780 -0.632562 -0.075915 51 51 51
0.181276 -0.142017 -0.027706 0.770780 -0.632562 -0.075915 51 51 51
0.181276 0.142017 -0.027706 0.770780 0.632562 -0.075914 51 51 51
0.208982 0.111582 0.000000 0.770780 0.632562 -0.075914 51 51 51
0.205773 0.111582 -0.032579 0.770780 0.632562 -0.075914 51 51 51
0.151425 -0.166995 -0.021769 0.633159 -0.771506 -0.062360 51 51 51
0.184004 -0.142017 0.000000 0.633159 -0.771506 -0.062360 51 51 51
0.153569 -0.166995 0.000000 0.633159 -0.771506 -0.062360 51 51 51
0.205773 0.111582 -0.032579 0.878612 0.469629 -0.086536 51 51 51
0.227542 0.076859 0.000000 0.878612 0.469629 -0.086536 51 51 51
0.223976 0.076859 -0.036200 0.878612 0.469629 -0.086536 51 51 51
0.151425 -0.166995 -0.021769 0.470889 -0.880972 -0.046379 51 51 51
0.118846 -0.185555 0.000000 0.470889 -0.880972 -0.046379 51 51 51
0.117369 -0.185555 -0.014994 0.470889 -0.880972 -0.046379 51 51 51
0.235186 0.039183 -0.038430 0.952719 0.289003 -0.093834 51 51 51
0.227542 0.076859 0.000000 0.952719 0.289003 -0.093834 51 51 51
0.238971 0.039183 0.000000 0.952719 0.289003 -0.093834 51 51 51
0.117369 -0.185555 -0.014994 0.290166 -0.956550 -0.028579 51 51 51
0.081169 -0.196984 0.000000 0.290166 -0.956550 -0.028579 51 51 51
0.080417 -0.196984 -0.007644 0.290166 -0.956550 -0.028579 51 51 51
0.208982 -0.111582 0.000000 0.770781 -0.632562 0.075915 51 51 51
0.181276 -0.142017 0.027706 0.770781 -0.632562 0.075915 51 51 51
0.184004 -0.142017 0.000000 0.770781 -0.632562 0.075915 51 51 51
0.208982 0.111582 0.000000 0.770780 0.632562 0.075914 51 51 51
0.181276 0.142017 0.027706 0.770780 0.632562 0.075914 51 51 51
0.205773 0.111582 0.032579 0.770780 0.632562 0.075914 51 51 51
0.153569 -0.166995 0.000000 0.633159 -0.771506 0.062361 51 51 51
0.181276 -0.142017 0.027706 0.633159 -0.771506 0.062361 51 51 51
0.151425 -0.166995 0.021769 0.633159 -0.771506 0.062361 51 51 51
0.208982 0.111582 0.000000 0.878612 0.469630 0.086536 51 51 51
0.223976 0.076859 0.036200 0.878612 0.469630 0.086536 51 51 51
0.227542 0.076859 0.000000 0.878612 0.469630 0.086536 51 51 51
0.118846 -0.185555 0.000000 0.470890 -0.880972 0.046379 51 51 51
0.151425 -0.166995 0.021769 0.470890 -0.880972 0.046379 51 51 51
0.117369 -0.185555 0.014995 0.470890 -0.880972 0.046379 51 51 51
0.238971 0.039183 0.000000 0.952719 0.289002 0.093835 51 51 51
0.223976 0.076859 0.036200 0.952719 0.289002 0.093835 51 51 51
0.235186 0.039183 0.038430 0.952719 0.289002 0.093835 51 51 51
0.081169 -0.196984 0.000000 0.290165 -0.956550 0.028579 51 51 51
0.117369 -0.185555 0.014995 0.290165 -0.956550 0.028579 51 51 51
0.080417 -0.196984 0.007644 0.290165 -0.956550 0.028579 51 51 51
0.238971 0.039183 0.000000 0.990438 0.097551 0.097550 51 51 51
0.238971 0.000000 0.039183 0.990438 0.097551 0.097550 51 51 51
0.242830 0.000000 0.000000 0.990438 0.097551 0.097550 51 51 51
0.081169 0.196984 0.000000 0.098013 0.995138 0.009653 51 51 51
0.041987 0.200843 0.000000 0.098013 0.995138 0.009653 51 51 51
0.080417 0.196984 0.007644 0.098013 0.995138 0.009653 51 51 51
0.041987 -0.200843 0.000000 0.098013 -0.995138 0.009654 51 51 51
0.081169 -0.196984 0.000000 0.098013 -0.995138 0.009654 51 51 51
0.080417 -0.196984 0.007644 0.098013 -0.995138 0.009654 51 51 51
0.238971 -0.039182 0.000000 0.990438 -0.097551 0.097550 51 51 51
0.238971 0.000000 0.039183 0.990438 -0.097551 0.097550 51 51 51
0.235186 -0.039182 0.038430 0.990438 -0.097551 0.097550 51 51 51
0.081169 0.196984 0.000000 0.290166 0.956549 0.028579 51 51 51
0.117369 0.185555 0.014995 0.290166 0.956549 0.028579 51 51 51
0.118846 0.185555 0.000000 0.290166 0.956549 0.028579 51 51 51
0.238971 -0.039182 0.000000 0.952718 -0.289003 0.093835 51 51 51
0.223976 -0.076859 0.036200 0.952718 -0.289003 0.093835 51 51 51
0.227542 -0.076859 0.000000 0.952718 -0.289003 0.093835 51 51 51
0.118846 0.185555 0.000000 0.470889 0.880973 0.046379 51 51 51
0.151425 0.166995 0.021769 0.470889 0.880973 0.046379 51 51 51
0.153569 0.166995 0.000000 0.470889 0.880973 0.046379 51 51 51
0.208982 -0.111582 0.000000 0.878613 -0.469629 0.086535 51 51 51
0.223976 -0.076859 0.036200 0.878613 -0.469629 0.086535 51 51 51
0.205773 -0.111582 0.032579 0.878613 -0.469629 0.086535 51 51 51
0.153569 0.166995 0.000000 0.633159 0.771506 0.062361 51 51 51
0.181276 0.142017 0.027706 0.633159 0.771506 0.062361 51 51 51
0.184004 0.142017 0.000000 0.633159 0.771506 0.062361 51 51 51
0.080417 0.196984 0.007644 0.094246 0.995138 0.028589 51 51 51
0.041987 0.200843 0.000000 0.094246 0.995138 0.028589 51 51 51
0.078187 0.196984 0.014995 0.094246 0.995138 0.028589 51 51 51
0.041987 -0.200843 0.000000 0.094246 -0.995138 0.028589 51 51 51
0.080417 -0.196984 0.007644 0.094246 -0.995138 0.028589 51 51 51
0.078187 -0.196984 0.014995 0.094246 -0.995138 0.028589 51 51 51
0.238971 0.000000 0.039183 0.952376 -0.097551 0.288900 51 51 51
0.223976 -0.039182 0.075383 0.952376 -0.097551 0.288900 51 51 51
0.235186 -0.039182 0.038430 0.952376 -0.097551 0.288900 51 51 51
0.080417 0.196984 0.007644 0.279016 0.956549 0.084638 51 51 51
0.112996 0.185555 0.029413 0.279016 0.956549 0.084638 51 51 51
0.117369 0.185555 0.014995 0.279016 0.956549 0.084638 51 51 51
0.235186 -0.039182 0.038430 0.916106 -0.289002 0.277898 51 51 51
0.213417 -0.076859 0.071009 0.916106 -0.289002 0.277898 51 51 51
0.223976 -0.076859 0.036200 0.916106 -0.289002 0.277898 51 51 51
0.151425 0.166995 0.021769 0.452793 0.880972 0.137353 51 51 51
0.112996 0.185555 0.029413 0.452793 0.880972 0.137353 51 51 51
0.145076 0.166995 0.042701 0.452793 0.880972 0.137353 51 51 51
0.205773 -0.111582 0.032579 0.844848 -0.469629 0.256283 51 51 51
0.213417 -0.076859 0.071009 0.844848 -0.469629 0.256283 51 51 51
0.196270 -0.111582 0.063906 0.844848 -0.469629 0.256283 51 51 51
0.181276 0.142017 0.027706 0.608827 0.771506 0.184685 51 51 51
0.145076 0.166995 0.042701 0.608827 0.771506 0.184685 51 51 51
0.173194 0.142017 0.054348 0.608827 0.771506 0.184685 51 51 51
0.205773 -0.111582 0.032579 0.741160 -0.632562 0.224828 51 51 51
0.173194 -0.142017 0.054348 0.741160 -0.632562 0.224828 51 51 51
0.181276 -0.142017 0.027706 0.741160 -0.632562 0.224828 51 51 51
0.181276 0.142017 0.027706 0.741159 0.632562 0.224829 51 51 51
0.196270 0.111582 0.063906 0.741159 0.632562 0.224829 51 51 51
0.205773 0.111582 0.032579 0.741159 0.632562 0.224829 51 51 51
0.181276 -0.142017 0.027706 0.608827 -0.771506 0.184685 51 51 51
0.145076 -0.166995 0.042701 0.608827 -0.771506 0.184685 51 51 51
0.151425 -0.166995 0.021769 0.608827 -0.771506 0.184685 51 51 51
0.205773 0.111582 0.032579 0.844848 0.469629 0.256282 51 51 51
0.213417 0.076859 0.071009 0.844848 0.469629 0.256282 51 51 51
0.223976 0.076859 0.036200 0.844848 0.469629 0.256282 51 51 51
0.151425 -0.166995 0.021769 0.452794 -0.880972 0.137354 51 51 51
0.112996 -0.185555 0.029413 0.452794 -0.880972 0.137354 51 51 51
0.117369 -0.185555 0.014995 0.452794 -0.880972 0.137354 51 51 51
0.235186 0.039183 0.038430 0.916106 0.289003 0.277898 51 51 51
0.213417 0.076859 0.071009 0.916106 0.289003 0.277898 51 51 51
0.223976 0.039183 0.075383 0.916106 0.289003 0.277898 51 51 51
0.117369 -0.185555 0.014995 0.279015 -0.956550 0.084638 51 51 51
0.078187 -0.196984 0.014995 0.279015 -0.956550 0.084638 51 51 51
0.080417 -0.196984 0.007644 0.279015 -0.956550 0.084638 51 51 51
0.235186 0.039183 0.038430 0.952376 0.097551 0.288900 51 51 51
0.227542 0.000000 0.076859 0.952376 0.097551 0.288900 51 51 51
0.238971 0.000000 0.039183 0.952376 0.097551 0.288900 51 51 51
0.196270 0.111582 0.063906 0.683057 0.632562 0.365101 51 51 51
0.160070 0.142017 0.078901 0.683057 0.632562 0.365101 51 51 51
0.180838 0.111582 0.092777 0.683057 0.632562 0.365101 51 51 51
0.173194 -0.142017 0.054348 0.561098 -0.771506 0.299914 51 51 51
0.134764 -0.166995 0.061992 0.561098 -0.771506 0.299914 51 51 51
0.145076 -0.166995 0.042701 0.561098 -0.771506 0.299914 51 51 51
0.196270 0.111582 0.063906 0.778616 0.469629 0.416179 51 51 51
0.196270 0.076859 0.103089 0.778616 0.469629 0.416179 51 51 51
0.213417 0.076859 0.071009 0.778616 0.469629 0.416179 51 51 51
0.112996 -0.185555 0.029413 0.417297 -0.880972 0.223050 51 51 51
0.134764 -0.166995 0.061992 0.417297 -0.880972 0.223050 51 51 51
0.105893 -0.185555 0.042701 0.417297 -0.880972 0.223050 51 51 51
0.223976 0.039183 0.075383 0.844288 0.289003 0.451281 51 51 51
0.196270 0.076859 0.103089 0.844288 0.289003 0.451281 51 51 51
0.205773 0.039183 0.109438 0.844288 0.289003 0.451281 51 51 51
0.078187 -0.196984 0.014995 0.257141 -0.956550 0.137445 51 51 51
0.105893 -0.185555 0.042701 0.257141 -0.956550 0.137445 51 51 51
0.074566 -0.196984 0.021769 0.257141 -0.956550 0.137445 51 51 51
0.227542 0.000000 0.076859 0.877715 0.097551 0.469148 51 51 51
0.205773 0.039183 0.109438 0.877715 0.097551 0.469148 51 51 51
0.208982 0.000000 0.111582 0.877715 0.097551 0.469148 51 51 51
0.078187 0.196984 0.014995 0.086858 0.995138 0.046427 51 51 51
0.041987 0.200843 0.000000 0.086858 0.995138 0.046427 51 51 51
0.074566 0.196984 0.021769 0.086858 0.995138 0.046427 51 51 51
0.041987 -0.200843 0.000000 0.086858 -0.995138 0.046427 51 51 51
0.078187 -0.196984 0.014995 0.086858 -0.995138 0.046427 51 51 51
0.074566 -0.196984 0.021769 0.086858 -0.995138 0.046427 51 51 51
0.227542 0.000000 0.076859 0.877715 -0.097551 0.469148 51 51 51
0.205773 -0.039182 0.109438 0.877715 -0.097551 0.469148 51 51 51
0.223976 -0.039182 0.075383 0.877715 -0.097551 0.469148 51 51 51
0.078187 0.196984 0.014995 0.257142 0.956549 0.137446 51 51 51
0.105893 0.185555 0.042701 0.257142 0.956549 0.137446 51 51 51
0.112996 0.185555 0.029413 0.257142 0.956549 0.137446 51 51 51
0.223976 -0.039182 0.075383 0.844288 -0.289003 0.451281 51 51 51
0.196270 -0.076859 0.103089 0.844288 -0.289003 0.451281 51 51 51
0.213417 -0.076859 0.071009 0.844288 -0.289003 0.451281 51 51 51
0.112996 0.185555 0.029413 0.417296 0.880973 0.223050 51 51 51
0.134764 0.166995 0.061992 0.417296 0.880973 0.223050 51 51 51
0.145076 0.166995 0.042701 0.417296 0.880973 0.223050 51 51 51
0.196270 -0.111582 0.063906 0.778617 -0.469629 0.416179 51 51 51
0.196270 -0.076859 0.103089 0.778617 -0.469629 0.416179 51 51 51
0.180838 -0.111582 0.092777 0.778617 -0.469629 0.416179 51 51 51
0.145076 0.166995 0.042701 0.561098 0.771506 0.299913 51 51 51
0.160070 0.142017 0.078901 0.561098 0.771506 0.299913 51 51 51
0.173194 0.142017 0.054348 0.561098 0.771506 0.299913 51 51 51
0.196270 -0.111582 0.063906 0.683057 -0.632562 0.365101 51 51 51
0.160070 -0.142017 0.078901 0.683057 -0.632562 0.365101 51 51 51
0.173194 -0.142017 0.054348 0.683057 -0.632562 0.365101 51 51 51
0.208982 0.000000 0.111582 0.769323 -0.097551 0.631368 51 51 51
0.181275 -0.039182 0.139289 0.769323 -0.097551 0.631368 51 51 51
0.205773 -0.039182 0.109438 0.769323 -0.097551 0.631368 51 51 51
0.074566 0.196984 0.021769 0.225387 0.956549 0.184971 51 51 51
0.096335 0.185555 0.054348 0.225387 0.956549 0.184971 51 51 51
0.105893 0.185555 0.042701 0.225387 0.956549 0.184971 51 51 51
0.205773 -0.039182 0.109438 0.740024 -0.289003 0.607323 51 51 51
0.173194 -0.076859 0.131207 0.740024 -0.289003 0.607323 51 51 51
0.196270 -0.076859 0.103089 0.740024 -0.289003 0.607323 51 51 51
0.105893 0.185555 0.042701 0.365763 0.880973 0.300174 51 51 51
0.120888 0.166995 0.078901 0.365763 0.880973 0.300174 51 51 51
0.134764 0.166995 0.061992 0.365763 0.880973 0.300174 51 51 51
0.180838 -0.111582 0.092777 0.682462 -0.469630 0.560084 51 51 51
0.173194 -0.076859 0.131207 0.682462 -0.469630 0.560084 51 51 51
0.160070 -0.111582 0.118083 0.682462 -0.469630 0.560084 51 51 51
0.160070 0.142017 0.078901 0.491806 0.771506 0.403616 51 51 51
0.120888 0.166995 0.078901 0.491806 0.771506 0.403616 51 51 51
0.142408 0.142017 0.100422 0.491806 0.771506 0.403616 51 51 51
0.180838 -0.111582 0.092777 0.598704 -0.632562 0.491345 51 51 51
0.142408 -0.142017 0.100422 0.598704 -0.632562 0.491345 51 51 51
0.160070 -0.142017 0.078901 0.598704 -0.632562 0.491345 51 51 51
0.160070 0.142017 0.078901 0.598704 0.632562 0.491345 51 51 51
0.160070 0.111582 0.118083 0.598704 0.632562 0.491345 51 51 51
0.180838 0.111582 0.092777 0.598704 0.632562 0.491345 51 51 51
0.134764 -0.166995 0.061992 0.491807 -0.771506 0.403615 51 51 51
0.142408 -0.142017 0.100422 0.491807 -0.771506 0.403615 51 51 51
0.120888 -0.166995 0.078901 0.491807 -0.771506 0.403615 51 51 51
0.180838 0.111582 0.092777 0.682463 0.469629 0.560083 51 51 51
0.173194 0.076859 0.131207 0.682463 0.469629 0.560083 51 51 51
0.196270 0.076859 0.103089 0.682463 0.469629 0.560083 51 51 51
0.134764 -0.166995 0.061992 0.365764 -0.880972 0.300175 51 51 51
0.096335 -0.185555 0.054348 0.365764 -0.880972 0.300175 51 51 51
0.105893 -0.185555 0.042701 0.365764 -0.880972 0.300175 51 51 51
0.205773 0.039183 0.109438 0.740024 0.289003 0.607323 51 51 51
0.173194 0.076859 0.131207 0.740024 0.289003 0.607323 51 51 51
0.181275 0.039183 0.139289 0.740024 0.289003 0.607323 51 51 51
0.105893 -0.185555 0.042701 0.225386 -0.956550 0.184970 51 51 51
0.069693 -0.196984 0.027706 0.225386 -0.956550 0.184970 51 51 51
0.074566 -0.196984 0.021769 0.225386 -0.956550 0.184970 51 51 51
0.208982 0.000000 0.111582 0.769323 0.097551 0.631368 51 51 51
0.181275 0.039183 0.139289 0.769323 0.097551 0.631368 51 51 51
0.184004 0.000000 0.142018 0.769323 0.097551 0.631368 51 51 51
0.074566 0.196984 0.021769 0.076132 0.995138 0.062479 51 51 51
0.041987 0.200843 0.000000 0.076132 0.995138 0.062479 51 51 51
0.069693 0.196984 0.027706 0.076132 0.995138 0.062479 51 51 51
0.041987 -0.200843 0.000000 0.076131 -0.995138 0.062479 51 51 51
0.074566 -0.196984 0.021769 0.076131 -0.995138 0.062479 51 51 51
0.069693 -0.196984 0.027706 0.076131 -0.995138 0.062479 51 51 51
0.120888 -0.166995 0.078901 0.403615 -0.771506 0.491807 51 51 51
0.120888 -0.142017 0.118083 0.403615 -0.771506 0.491807 51 51 51
0.103979 -0.166995 0.092777 0.403615 -0.771506 0.491807 51 51 51
0.160070 0.111582 0.118083 0.560083 0.469630 0.682463 51 51 51
0.145076 0.076859 0.154283 0.560083 0.469630 0.682463 51 51 51
0.173194 0.076859 0.131207 0.560083 0.469630 0.682463 51 51 51
0.096335 -0.185555 0.054348 0.300174 -0.880972 0.365764 51 51 51
0.103979 -0.166995 0.092777 0.300174 -0.880972 0.365764 51 51 51
0.084688 -0.185555 0.063906 0.300174 -0.880972 0.365764 51 51 51
0.181275 0.039183 0.139289 0.607322 0.289002 0.740025 51 51 51
0.145076 0.076859 0.154283 0.607322 0.289002 0.740025 51 51 51
0.151425 0.039183 0.163786 0.607322 0.289002 0.740025 51 51 51
0.069693 -0.196984 0.027706 0.184970 -0.956550 0.225386 51 51 51
0.084688 -0.185555 0.063906 0.184970 -0.956550 0.225386 51 51 51
0.063756 -0.196984 0.032579 0.184970 -0.956550 0.225386 51 51 51
0.181275 0.039183 0.139289 0.631367 0.097551 0.769324 51 51 51
0.153569 0.000000 0.166995 0.631367 0.097551 0.769324 51 51 51
0.184004 0.000000 0.142018 0.631367 0.097551 0.769324 51 51 51
0.069693 0.196984 0.027706 0.062479 0.995138 0.076132 51 51 51
0.041987 0.200843 0.000000 0.062479 0.995138 0.076132 51 51 51
0.063756 0.196984 0.032579 0.062479 0.995138 0.076132 51 51 51
0.041987 -0.200843 0.000000 0.062479 -0.995138 0.076131 51 51 51
0.069693 -0.196984 0.027706 0.062479 -0.995138 0.076131 51 51 51
0.063756 -0.196984 0.032579 0.062479 -0.995138 0.076131 51 51 51
0.184004 0.000000 0.142018 0.631367 -0.097551 0.769324 51 51 51
0.151425 -0.039182 0.163786 0.631367 -0.097551 0.769324 51 51 51
0.181275 -0.039182 0.139289 0.631367 -0.097551 0.769324 51 51 51
0.069693 0.196984 0.027706 0.184970 0.956549 0.225387 51 51 51
0.084688 0.185555 0.063906 0.184970 0.956549 0.225387 51 51 51
0.096335 0.185555 0.054348 0.184970 0.956549 0.225387 51 51 51
0.181275 -0.039182 0.139289 0.607323 -0.289003 0.740025 51 51 51
0.145076 -0.076859 0.154283 0.607323 -0.289003 0.740025 51 51 51
0.173194 -0.076859 0.131207 0.607323 -0.289003 0.740025 51 51 51
0.096335 0.185555 0.054348 0.300174 0.880973 0.365763 51 51 51
0.103979 0.166995 0.092777 0.300174 0.880973 0.365763 51 51 51
0.120888 0.166995 0.078901 0.300174 0.880973 0.365763 51 51 51
0.160070 -0.111582 0.118083 0.560083 -0.469630 0.682463 51 51 51
0.145076 -0.076859 0.154283 0.560083 -0.469630 0.682463 51 51 51
0.134764 -0.111582 0.138851 0.560083 -0.469630 0.682463 51 51 51
0.120888 0.166995 0.078901 0.403615 0.771506 0.491807 51 51 51
0.120888 0.142017 0.118083 0.403615 0.771506 0.491807 51 51 51
0.142408 0.142017 0.100422 0.403615 0.771506 0.491807 51 51 51
0.160070 -0.111582 0.118083 0.491344 -0.632561 0.598704 51 51 51
0.120888 -0.142017 0.118083 0.491344 -0.632561 0.598704 51 51 51
0.142408 -0.142017 0.100422 0.491344 -0.632561 0.598704 51 51 51
0.142408 0.142017 0.100422 0.491344 0.632562 0.598704 51 51 51
0.134764 0.111582 0.138851 0.491344 0.632562 0.598704 51 51 51
0.160070 0.111582 0.118083 0.491344 0.632562 0.598704 51 51 51
0.151425 -0.039182 0.163786 0.451281 -0.289002 0.844288 51 51 51
0.112996 -0.076859 0.171430 0.451281 -0.289002 0.844288 51 51 51
0.145076 -0.076859 0.154283 0.451281 -0.289002 0.844288 51 51 51
0.084688 0.185555 0.063906 0.223050 0.880973 0.417296 51 51 51
0.084688 0.166995 0.103089 0.223050 0.880973 0.417296 51 51 51
0.103979 0.166995 0.092777 0.223050 0.880973 0.417296 51 51 51
0.134764 -0.111582 0.138851 0.416179 -0.469629 0.778616 51 51 51
0.112996 -0.076859 0.171430 0.416179 -0.469629 0.778616 51 51 51
0.105893 -0.111582 0.154283 0.416179 -0.469629 0.778616 51 51 51
0.103979 0.166995 0.092777 0.299913 0.771506 0.561098 51 51 51
0.096335 0.142017 0.131207 0.299913 0.771506 0.561098 51 51 51
0.120888 0.142017 0.118083 0.299913 0.771506 0.561098 51 51 51
0.134764 -0.111582 0.138851 0.365102 -0.632561 0.683057 51 51 51
0.096335 -0.142017 0.131207 0.365102 -0.632561 0.683057 51 51 51
0.120888 -0.142017 0.118083 0.365102 -0.632561 0.683057 51 51 51
0.120888 0.142017 0.118083 0.365101 0.632562 0.683057 51 51 51
0.105893 0.111582 0.154283 0.365101 0.632562 0.683057 51 51 51
0.134764 0.111582 0.138851 0.365101 0.632562 0.683057 51 51 51
0.120888 -0.142017 0.118083 0.299913 -0.771506 0.561098 51 51 51
0.084688 -0.166995 0.103089 0.299913 -0.771506 0.561098 51 51 51
0.103979 -0.166995 0.092777 0.299913 -0.771506 0.561098 51 51 51
0.134764 0.111582 0.138851 0.416178 0.469630 0.778616 51 51 51
0.112996 0.076859 0.171430 0.416178 0.469630 0.778616 51 51 51
0.145076 0.076859 0.154283 0.416178 0.469630 0.778616 51 51 51
0.084688 -0.185555 0.063906 0.223050 -0.880972 0.417297 51 51 51
0.084688 -0.166995 0.103089 0.223050 -0.880972 0.417297 51 51 51
0.071400 -0.185555 0.071009 0.223050 -0.880972 0.417297 51 51 51
0.151425 0.039183 0.163786 0.451281 0.289002 0.844289 51 51 51
0.112996 0.076859 0.171430 0.451281 0.289002 0.844289 51 51 51
0.117369 0.039183 0.181989 0.451281 0.289002 0.844289 51 51 51
0.063756 -0.196984 0.032579 0.137445 -0.956550 0.257142 51 51 51
0.071400 -0.185555 0.071009 0.137445 -0.956550 0.257142 51 51 51
0.056981 -0.196984 0.036200 0.137445 -0.956550 0.257142 51 51 51
0.151425 0.039183 0.163786 0.469148 0.097551 0.877715 51 51 51
0.118846 0.000000 0.185555 0.469148 0.097551 0.877715 51 51 51
0.153569 0.000000 0.166995 0.469148 0.097551 0.877715 51 51 51
0.063756 0.196984 0.032579 0.046426 0.995138 0.086858 51 51 51
0.041987 0.200843 0.000000 0.046426 0.995138 0.086858 51 51 51
0.056981 0.196984 0.036200 0.046426 0.995138 0.086858 51 51 51
0.041987 -0.200843 0.000000 0.046426 -0.995138 0.086858 51 51 51
0.063756 -0.196984 0.032579 0.046426 -0.995138 0.086858 51 51 51
0.056981 -0.196984 0.036200 0.046426 -0.995138 0.086858 51 51 51
0.151425 -0.039182 0.163786 0.469148 -0.097551 0.877715 51 51 51
0.118846 0.000000 0.185555 0.469148 -0.097551 0.877715 51 51 51
0.117369 -0.039183 0.181989 0.469148 -0.097551 0.877715 51 51 51
0.084688 0.185555 0.063906 0.137445 0.956549 0.257142 51 51 51
0.056981 0.196984 0.036200 0.137445 0.956549 0.257142 51 51 51
0.071400 0.185555 0.071009 0.137445 0.956549 0.257142 51 51 51
0.071400 -0.185555 0.071009 0.137353 -0.880972 0.452793 51 51 51
0.063756 -0.166995 0.109438 0.137353 -0.880972 0.452793 51 51 51
0.056981 -0.185555 0.075382 0.137353 -0.880972 0.452793 51 51 51
0.117369 0.039183 0.181989 0.277898 0.289002 0.916106 51 51 51
0.078187 0.076859 0.181989 0.277898 0.289002 0.916106 51 51 51
0.080417 0.039183 0.193199 0.277898 0.289002 0.916106 51 51 51
0.071400 -0.185555 0.071009 0.084638 -0.956550 0.279015 51 51 51
0.049631 -0.196984 0.038430 0.084638 -0.956550 0.279015 51 51 51
0.056981 -0.196984 0.036200 0.084638 -0.956550 0.279015 51 51 51
0.117369 0.039183 0.181989 0.288900 0.097551 0.952376 51 51 51
0.081169 0.000000 0.196984 0.288900 0.097551 0.952376 51 51 51
0.118846 0.000000 0.185555 0.288900 0.097551 0.952376 51 51 51
0.056981 0.196984 0.036200 0.028589 0.995138 0.094246 51 51 51
0.041987 0.200843 0.000000 0.028589 0.995138 0.094246 51 51 51
0.049631 0.196984 0.038430 0.028589 0.995138 0.094246 51 51 51
0.041987 -0.200843 0.000000 0.028589 -0.995138 0.094246 51 51 51
0.056981 -0.196984 0.036200 0.028589 -0.995138 0.094246 51 51 51
0.049631 -0.196984 0.038430 0.028589 -0.995138 0.094246 51 51 51
0.118846 0.000000 0.185555 0.288900 -0.097551 0.952376 51 51 51
0.080417 -0.039183 0.193199 0.288900 -0.097551 0.952376 51 51 51
0.117369 -0.039183 0.181989 0.288900 -0.097551 0.952376 51 51 51
0.056981 0.196984 0.036200 0.084638 0.956549 0.279016 51 51 51
0.056981 0.185555 0.075383 0.084638 0.956549 0.279016 51 51 51
0.071400 0.185555 0.071009 0.084638 0.956549 0.279016 51 51 51
0.117369 -0.039183 0.181989 0.277898 -0.289002 0.916106 51 51 51
0.078187 -0.076859 0.181989 0.277898 -0.289002 0.916106 51 51 51
0.112996 -0.076859 0.171430 0.277898 -0.289002 0.916106 51 51 51
0.071400 0.185555 0.071009 0.137353 0.880972 0.452793 51 51 51
0.063756 0.166995 0.109438 0.137353 0.880972 0.452793 51 51 51
0.084688 0.166995 0.103089 0.137353 0.880972 0.452793 51 51 51
0.105893 -0.111582 0.154283 0.256281 -0.469630 0.844848 51 51 51
0.078187 -0.076859 0.181989 0.256281 -0.469630 0.844848 51 51 51
0.074566 -0.111582 0.163786 0.256281 -0.469630 0.844848 51 51 51
0.096335 0.142017 0.131207 0.184686 0.771506 0.608827 51 51 51
0.063756 0.166995 0.109438 0.184686 0.771506 0.608827 51 51 51
0.069693 0.142017 0.139289 0.184686 0.771506 0.608827 51 51 51
0.105893 -0.111582 0.154283 0.224828 -0.632561 0.741160 51 51 51
0.069693 -0.142017 0.139289 0.224828 -0.632561 0.741160 51 51 51
0.096335 -0.142017 0.131207 0.224828 -0.632561 0.741160 51 51 51
0.105893 0.111582 0.154283 0.224828 0.632561 0.741160 51 51 51
0.069693 0.142017 0.139289 0.224828 0.632561 0.741160 51 51 51
0.074566 0.111582 0.163786 0.224828 0.632561 0.741160 51 51 51
0.096335 -0.142017 0.131207 0.184686 -0.771506 0.608827 51 51 51
0.063756 -0.166995 0.109438 0.184686 -0.771506 0.608827 51 51 51
0.084688 -0.166995 0.103089 0.184686 -0.771506 0.608827 51 51 51
0.105893 0.111582 0.154283 0.256282 0.469630 0.844848 51 51 51
0.078187 0.076859 0.181989 0.256282 0.469630 0.844848 51 51 51
0.112996 0.076859 0.171430 0.256282 0.469630 0.844848 51 51 51
0.056981 0.185555 0.075383 0.046378 0.880973 0.470889 51 51 51
0.041987 0.166995 0.111582 0.046378 0.880973 0.470889 51 51 51
0.063756 0.166995 0.109438 0.046378 0.880973 0.470889 51 51 51
0.074566 -0.111582 0.163786 0.086536 -0.469629 0.878613 51 51 51
0.041987 -0.076859 0.185555 0.086536 -0.469629 0.878613 51 51 51
0.041987 -0.111582 0.166995 0.086536 -0.469629 0.878613 51 51 51
0.063756 0.166995 0.109438 0.062360 0.771506 0.633159 51 51 51
0.041987 0.142017 0.142017 0.062360 0.771506 0.633159 51 51 51
0.069693 0.142017 0.139289 0.062360 0.771506 0.633159 51 51 51
0.069693 -0.142017 0.139289 0.075915 -0.632562 0.770781 51 51 51
0.041987 -0.111582 0.166995 0.075915 -0.632562 0.770781 51 51 51
0.041987 -0.142017 0.142017 0.075915 -0.632562 0.770781 51 51 51
0.069693 0.142017 0.139289 0.075915 0.632561 0.770781 51 51 51
0.041987 0.111582 0.166995 0.075915 0.632561 0.770781 51 51 51
0.074566 0.111582 0.163786 0.075915 0.632561 0.770781 51 51 51
0.069693 -0.142017 0.139289 0.062360 -0.771506 0.633159 51 51 51
0.041987 -0.166995 0.111582 0.062360 -0.771506 0.633159 51 51 51
0.063756 -0.166995 0.109438 0.062360 -0.771506 0.633159 51 51 51
0.074566 0.111582 0.163786 0.086535 0.469630 0.878612 51 51 51
0.041987 0.076859 0.185555 0.086535 0.469630 0.878612 51 51 51
0.078187 0.076859 0.181989 0.086535 0.469630 0.878612 51 51 51
0.056981 -0.185555 0.075382 0.046378 -0.880972 0.470889 51 51 51
0.041987 -0.166995 0.111582 0.046378 -0.880972 0.470889 51 51 51
0.041987 -0.185555 0.076859 0.046378 -0.880972 0.470889 51 51 51
0.080417 0.039183 0.193199 0.093834 0.289002 0.952719 51 51 51
0.041987 0.076859 0.185555 0.093834 0.289002 0.952719 51 51 51
0.041987 0.039183 0.196984 0.093834 0.289002 0.952719 51 51 51
0.056981 -0.185555 0.075382 0.028579 -0.956550 0.290166 51 51 51
0.041987 -0.196984 0.039183 0.028579 -0.956550 0.290166 51 51 51
0.049631 -0.196984 0.038430 0.028579 -0.956550 0.290166 51 51 51
0.080417 0.039183 0.193199 0.097549 0.097551 0.990438 51 51 51
0.041987 0.000000 0.200843 0.097549 0.097551 0.990438 51 51 51
0.081169 0.000000 0.196984 0.097549 0.097551 0.990438 51 51 51
0.049631 0.196984 0.038430 0.009653 0.995138 0.098013 51 51 51
0.041987 0.200843 0.000000 0.009653 0.995138 0.098013 51 51 51
0.041987 0.196984 0.039183 0.009653 0.995138 0.098013 51 51 51
0.041987 -0.200843 0.000000 0.009653 -0.995138 0.098013 51 51 51
0.049631 -0.196984 0.038430 0.009653 -0.995138 0.098013 51 51 51
0.041987 -0.196984 0.039183 0.009653 -0.995138 0.098013 51 51 51
0.081169 0.000000 0.196984 0.097549 -0.097551 0.990438 51 51 51
0.041987 -0.039183 0.196984 0.097549 -0.097551 0.990438 51 51 51
0.080417 -0.039183 0.193199 0.097549 -0.097551 0.990438 51 51 51
0.049631 0.196984 0.038430 0.028579 0.956549 0.290167 51 51 51
0.041987 0.185555 0.076859 0.028579 0.956549 0.290167 51 51 51
0.056981 0.185555 0.075383 0.028579 0.956549 0.290167 51 51 51
0.080417 -0.039183 0.193199 0.093834 -0.289002 0.952719 51 51 51
0.041987 -0.076859 0.185555 0.093834 -0.289002 0.952719 51 51 51
0.078187 -0.076859 0.181989 0.093834 -0.289002 0.952719 51 51 51
0.041987 -0.166995 0.111582 0.000000 -0.881921 0.471397 51 51 51
-0.242830 -0.185555 0.076859 0.000000 -0.881921 0.471397 51 51 51
0.041987 -0.185555 0.076859 0.000000 -0.881921 0.471397 51 51 51
0.041987 -0.076859 -0.185555 0.000000 -0.290284 -0.956940 51 51 51
-0.242830 -0.039183 -0.196984 0.000000 -0.290284 -0.956940 51 51 51
0.041987 -0.039183 -0.196984 0.000000 -0.290284 -0.956940 51 51 51
0.041987 -0.185555 0.076859 0.000000 -0.956940 0.290284 51 51 51
-0.242830 -0.196984 0.039183 0.000000 -0.956940 0.290284 51 51 51
0.041987 -0.196984 0.039183 0.000000 -0.956940 0.290284 51 51 51
0.041987 0.196984 0.039183 -0.000000 0.956940 0.290285 51 51 51
-0.242830 0.185555 0.076859 -0.000000 0.956940 0.290285 51 51 51
0.041987 0.185555 0.076859 -0.000000 0.956940 0.290285 51 51 51
0.041987 -0.111582 -0.166995 0.000000 -0.471397 -0.881921 51 51 51
-0.242830 -0.076859 -0.185555 0.000000 -0.471397 -0.881921 51 51 51
0.041987 -0.076859 -0.185555 0.000000 -0.471397 -0.881921 51 51 51
0.041987 0.185555 0.076859 -0.000000 0.881922 0.471396 51 51 51
-0.242830 0.166995 0.111582 -0.000000 0.881922 0.471396 51 51 51
0.041987 0.166995 0.111582 -0.000000 0.881922 0.471396 51 51 51
0.041987 -0.142017 -0.142017 0.000000 -0.634393 -0.773011 51 51 51
-0.242830 -0.111582 -0.166995 0.000000 -0.634393 -0.773011 51 51 51
0.041987 -0.111582 -0.166995 0.000000 -0.634393 -0.773011 51 51 51
0.041987 0.142017 0.142017 -0.000000 0.773010 0.634393 51 51 51
-0.242830 0.166995 0.111582 -0.000000 0.773010 0.634393 51 51 51
-0.242830 0.142017 0.142017 -0.000000 0.773010 0.634393 51 51 51
0.041987 0.196984 -0.039183 -0.000000 0.995185 -0.098017 51 51 51
-0.242830 0.200843 0.000000 -0.000000 0.995185 -0.098017 51 51 51
0.041987 0.200843 0.000000 -0.000000 0.995185 -0.098017 51 51 51
0.041987 -0.142017 -0.142017 0.000000 -0.773010 -0.634393 51 51 51
-0.242830 -0.166995 -0.111582 0.000000 -0.773010 -0.634393 51 51 51
-0.242830 -0.142017 -0.142017 0.000000 -0.773010 -0.634393 51 51 51
0.041987 0.142017 0.142017 -0.000000 0.634392 0.773011 51 51 51
-0.242830 0.111582 0.166995 -0.000000 0.634392 0.773011 51 51 51
0.041987 0.111582 0.166995 -0.000000 0.634392 0.773011 51 51 51
0.041987 -0.200843 0.000000 0.000000 -0.995185 -0.098017 51 51 51
-0.242830 -0.196984 -0.039183 0.000000 -0.995185 -0.098017 51 51 51
0.041987 -0.196984 -0.039182 0.000000 -0.995185 -0.098017 51 51 51
0.041987 -0.185555 -0.076859 0.000000 -0.881921 -0.471397 51 51 51
-0.242830 -0.166995 -0.111582 0.000000 -0.881921 -0.471397 51 51 51
0.041987 -0.166995 -0.111582 0.000000 -0.881921 -0.471397 51 51 51
0.041987 0.111582 0.166995 -0.000000 0.471398 0.881921 51 51 51
-0.242830 0.076859 0.185555 -0.000000 0.471398 0.881921 51 51 51
0.041987 0.076859 0.185555 -0.000000 0.471398 0.881921 51 51 51
0.041987 -0.196984 -0.039182 0.000000 -0.956941 -0.290284 51 51 51
-0.242830 -0.185555 -0.076859 0.000000 -0.956941 -0.290284 51 51 51
0.041987 -0.185555 -0.076859 0.000000 -0.956941 -0.290284 51 51 51
0.041987 0.185555 -0.076859 -0.000000 0.956940 -0.290285 51 51 51
-0.242830 0.196984 -0.039183 -0.000000 0.956940 -0.290285 51 51 51
0.041987 0.196984 -0.039183 -0.000000 0.956940 -0.290285 51 51 51
0.041987 0.039183 0.196984 -0.000000 0.290283 0.956941 51 51 51
-0.242830 0.076859 0.185555 -0.000000 0.290283 0.956941 51 51 51
-0.242830 0.039183 0.196984 -0.000000 0.290283 0.956941 51 51 51
0.041987 0.196984 0.039183 -0.000000 0.995185 0.098017 51 51 51
-0.242830 0.200843 0.000000 -0.000000 0.995185 0.098017 51 51 51
-0.242830 0.196984 0.039183 -0.000000 0.995185 0.098017 51 51 51
0.041987 0.166995 -0.111582 -0.000000 0.881922 -0.471396 51 51 51
-0.242830 0.185555 -0.076859 -0.000000 0.881922 -0.471396 51 51 51
0.041987 0.185555 -0.076859 -0.000000 0.881922 -0.471396 51 51 51
0.041987 0.039183 0.196984 -0.000000 0.098019 0.995185 51 51 51
-0.242830 0.000000 0.200843 -0.000000 0.098019 0.995185 51 51 51
0.041987 0.000000 0.200843 -0.000000 0.098019 0.995185 51 51 51
0.041987 -0.196984 0.039183 0.000000 -0.995185 0.098017 51 51 51
-0.242830 -0.200843 0.000000 0.000000 -0.995185 0.098017 51 51 51
0.041987 -0.200843 0.000000 0.000000 -0.995185 0.098017 51 51 51
0.041987 0.142017 -0.142017 -0.000000 0.773010 -0.634393 51 51 51
-0.242830 0.166995 -0.111582 -0.000000 0.773010 -0.634393 51 51 51
0.041987 0.166995 -0.111582 -0.000000 0.773010 -0.634393 51 51 51
0.041987 0.000000 0.200843 -0.000000 -0.098019 0.995185 51 51 51
-0.242830 -0.039183 0.196984 -0.000000 -0.098019 0.995185 51 51 51
0.041987 -0.039183 0.196984 -0.000000 -0.098019 0.995185 51 51 51
0.041987 0.142017 -0.142017 0.000000 0.634393 -0.773011 51 51 51
-0.242830 0.111582 -0.166995 0.000000 0.634393 -0.773011 51 51 51
-0.242830 0.142017 -0.142017 0.000000 0.634393 -0.773011 51 51 51
0.041987 -0.039183 0.196984 -0.000000 -0.290283 0.956941 51 51 51
-0.242830 -0.076859 0.185555 -0.000000 -0.290283 0.956941 51 51 51
0.041987 -0.076859 0.185555 -0.000000 -0.290283 0.956941 51 51 51
0.041987 0.076859 -0.185555 0.000000 0.471397 -0.881921 51 51 51
-0.242830 0.111582 -0.166995 0.000000 0.471397 -0.881921 51 51 51
0.041987 0.111582 -0.166995 0.000000 0.471397 -0.881921 51 51 51
0.041987 -0.076859 0.185555 -0.000000 -0.471397 0.881921 51 51 51
-0.242830 -0.111582 0.166995 -0.000000 -0.471397 0.881921 51 51 51
0.041987 -0.111582 0.166995 -0.000000 -0.471397 0.881921 51 51 51
0.041987 0.076859 -0.185555 0.000000 0.290284 -0.956940 51 51 51
-0.242830 0.039183 -0.196984 0.000000 0.290284 -0.956940 51 51 51
-0.242830 0.076859 -0.185555 0.000000 0.290284 -0.956940 51 51 51
0.041987 -0.111582 0.166995 -0.000000 -0.634392 0.773011 51 51 51
-0.242830 -0.142017 0.142017 -0.000000 -0.634392 0.773011 51 51 51
0.041987 -0.142017 0.142017 -0.000000 -0.634392 0.773011 51 51 51
0.041987 0.000000 -0.200843 0.000000 0.098018 -0.995185 51 51 51
-0.242830 0.039183 -0.196984 0.000000 0.098018 -0.995185 51 51 51
0.041987 0.039183 -0.196984 0.000000 0.098018 -0.995185 51 51 51
0.041987 -0.142017 0.142017 0.000000 -0.773010 0.634393 51 51 51
-0.242830 -0.166995 0.111582 0.000000 -0.773010 0.634393 51 51 51
0.041987 -0.166995 0.111582 0.000000 -0.773010 0.634393 51 51 51
0.041987 -0.039183 -0.196984 0.000000 -0.098018 -0.995185 51 51 51
-0.242830 0.000000 -0.200843 0.000000 -0.098018 -0.995185 51 51 51
0.041987 0.000000 -0.200843 0.000000 -0.098018 -0.995185 51 51 51
0.097425 -2.064897 3.282995 0.172550 -0.903652 -0.391969 131 7 7
0.028960 -1.828848 2.708665 0.172550 -0.903652 -0.391969 131 7 7
0.109510 -1.816548 2.715766 0.172550 -0.903652 -0.391969 131 7 7
0.022831 -1.634406 2.820926 -0.948545 -0.265549 -0.172470 131 7 7
-0.036116 -1.816934 3.426157 -0.948545 -0.265549 -0.172470 131 7 7
-0.048201 -1.449874 2.927466 -0.948545 -0.265549 -0.172470 131 7 7
-0.036116 -1.816934 3.426157 -0.172549 0.791281 0.586601 131 7 7
0.032349 -1.437574 2.934567 -0.172549 0.791281 0.586601 131 7 7
-0.048201 -1.449874 2.927466 -0.172549 0.791281 0.586601 131 7 7
0.103381 -1.622105 2.828028 0.999490 0.015335 0.028009 131 7 7
0.097425 -2.064897 3.282995 0.999490 0.015335 0.028009 131 7 7
0.109510 -1.816548 2.715766 0.999490 0.015335 0.028009 131 7 7
-0.009620 -0.056378 0.078012 0.000000 0.500000 -0.866026 255 255 255
0.051734 0.037032 0.131942 0.000000 0.500000 -0.866026 255 255 255
0.070929 -0.045598 0.084236 0.000000 0.500000 -0.866026 255 255 255
-0.009620 -1.947066 3.351025 0.000002 -0.499998 0.866027 131 7 7
0.097425 -2.064897 3.282995 0.000002 -0.499998 0.866027 131 7 7
0.070929 -1.934765 3.358127 0.000002 -0.499998 0.866027 131 7 7
0.190476 -0.497923 0.911600 0.970665 -0.107435 -0.215097 255 255 255
0.097447 -0.435552 0.460636 0.970665 -0.107435 -0.215097 255 255 255
0.130703 -0.296185 0.541100 0.970665 -0.107435 -0.215097 255 255 255
-0.080635 -0.179690 1.095333 -0.148401 0.988505 -0.028893 255 255 255
0.044412 -0.175073 0.611024 -0.148401 0.988505 -0.028893 255 255 255
-0.036138 -0.187373 0.603922 -0.148401 0.988505 -0.028893 255 255 255
0.061395 -0.877268 0.692586 0.173649 -0.852869 -0.492404 255 255 255
0.141944 -1.150011 1.193397 0.173649 -0.852869 -0.492404 255 255 255
0.061395 -1.162311 1.186296 0.173649 -0.852869 -0.492404 255 255 255
0.141944 -1.150011 1.193397 0.993508 -0.098523 -0.056882 255 255 255
0.190476 -0.497923 0.911600 0.993508 -0.098523 -0.056882 255 255 255
0.190476 -0.782967 1.405311 0.993508 -0.098523 -0.056882 255 255 255
0.109927 -0.510224 0.904499 -0.843521 -0.517030 -0.145437 255 255 255
-0.036138 -0.187373 0.603922 -0.843521 -0.517030 -0.145437 255 255 255
0.050153 -0.308485 0.533998 -0.843521 -0.517030 -0.145437 255 255 255
-0.000086 -0.167389 1.102434 -0.173648 0.852869 0.492404 255 255 255
-0.080635 -0.464733 1.589043 -0.173648 0.852869 0.492404 255 255 255
-0.000086 -0.452433 1.596144 -0.173648 0.852869 0.492404 255 255 255
0.109927 -0.795267 1.398209 -0.894682 -0.386857 -0.223352 255 255 255
-0.080635 -0.179690 1.095333 -0.894682 -0.386857 -0.223352 255 255 255
0.109927 -0.510224 0.904499 -0.894682 -0.386857 -0.223352 255 255 255
0.141944 -0.864968 0.699687 0.148401 -0.469230 -0.870517 255 255 255
0.016897 -0.447852 0.453534 0.148401 -0.469230 -0.870517 255 255 255
0.097447 -0.435552 0.460636 0.148401 -0.469230 -0.870517 255 255 255
0.109927 -0.795267 1.398209 -0.993508 0.098523 0.056882 255 255 255
0.061395 -0.877268 0.692586 -0.993508 0.098523 0.056882 255 255 255
0.061395 -1.162311 1.186296 -0.993508 0.098523 0.056882 255 255 255
0.016897 -0.447852 0.453534 -0.970665 0.107435 0.215097 255 255 255
0.109927 -0.510224 0.904499 -0.970665 0.107435 0.215097 255 255 255
0.050153 -0.308485 0.533998 -0.970665 0.107435 0.215097 255 255 255
0.190476 -0.782967 1.405311 0.894682 0.386857 0.223352 255 255 255
-0.000086 -0.167389 1.102434 0.894682 0.386857 0.223352 255 255 255
-0.000086 -0.452433 1.596144 0.894682 0.386857 0.223352 255 255 255
0.044412 -0.175073 0.611024 0.843521 0.517030 0.145437 255 255 255
0.190476 -0.497923 0.911600 0.843521 0.517030 0.145437 255 255 255
0.130703 -0.296185 0.541100 0.843521 0.517030 0.145437 255 255 255
-0.036116 -1.816934 3.426157 -0.000003 -0.500001 0.866025 131 7 7
0.070929 -1.934765 3.358127 -0.000003 -0.500001 0.866025 131 7 7
0.044434 -1.804633 3.433259 -0.000003 -0.500001 0.866025 131 7 7
0.009576 -0.139008 0.030306 0.000000 0.500000 -0.866026 255 255 255
0.090125 -0.128228 0.036530 0.000000 0.500000 -0.866026 255 255 255
0.044434 -1.804633 3.433259 0.948545 0.265548 0.172469 131 7 7
0.103381 -1.622105 2.828028 0.948545 0.265548 0.172469 131 7 7
0.032349 -1.437574 2.934567 0.948545 0.265548 0.172469 131 7 7
0.016875 -2.077198 3.275893 -0.999490 -0.015335 -0.028009 131 7 7
0.022831 -1.634406 2.820926 -0.999490 -0.015335 -0.028009 131 7 7
0.028960 -1.828848 2.708665 -0.999490 -0.015335 -0.028009 131 7 7
0.051734 0.037032 0.131942 0.973736 0.227666 -0.002524 255 255 255
0.130703 -0.296185 0.541100 0.973736 0.227666 -0.002524 255 255 255
0.070929 -0.045598 0.084236 0.973736 0.227666 -0.002524 255 255 255
0.009576 -0.139008 0.030306 -0.973810 -0.227353 0.001953 255 255 255
0.050153 -0.308485 0.533998 -0.973810 -0.227353 0.001953 255 255 255
-0.009620 -0.056378 0.078012 -0.973810 -0.227353 0.001953 255 255 255
0.097447 -0.435552 0.460636 0.151895 -0.799105 -0.581686 255 255 255
0.009576 -0.139008 0.030306 0.151895 -0.799105 -0.581686 255 255 255
0.090125 -0.128228 0.036530 0.151895 -0.799105 -0.581686 255 255 255
-0.028816 0.026251 0.125718 -0.973810 -0.227353 0.001953 255 255 255
-0.036138 -0.187373 0.603922 -0.151895 0.903308 0.401202 255 255 255
0.051734 0.037032 0.131942 -0.151895 0.903308 0.401202 255 255 255
-0.028816 0.026251 0.125718 -0.151895 0.903308 0.401202 255 255 255
0.090125 -0.128228 0.036530 0.973736 0.227666 -0.002524 255 255 255
0.028960 -1.828848 2.708665 -0.998538 0.054004 0.002370 255 255 255
0.055498 -1.319672 2.287310 -0.998538 0.054004 0.002370 255 255 255
0.041125 -1.578852 2.137673 -0.998538 0.054004 0.002370 255 255 255
0.032349 -1.437574 2.934567 0.921918 0.322315 0.214897 255 255 255
0.136047 -1.307372 2.294412 0.921918 0.322315 0.214897 255 255 255
0.020183 -1.068079 2.432568 0.921918 0.322315 0.214897 255 255 255
0.136047 -1.307372 2.294412 0.998538 -0.054004 -0.002370 255 255 255
0.109510 -1.816548 2.715766 0.998538 -0.054004 -0.002370 255 255 255
0.121675 -1.566552 2.144775 0.998538 -0.054004 -0.002370 255 255 255
-0.048201 -1.449874 2.927466 -0.172549 0.791282 0.586601 255 255 255
0.020183 -1.068079 2.432568 -0.172549 0.791282 0.586601 255 255 255
-0.060366 -1.080379 2.425466 -0.172549 0.791282 0.586601 255 255 255
0.055498 -1.319672 2.287310 -0.921918 -0.322315 -0.214897 255 255 255
-0.048201 -1.449874 2.927466 -0.921918 -0.322315 -0.214897 255 255 255
-0.060366 -1.080379 2.425466 -0.921918 -0.322315 -0.214897 255 255 255
0.109510 -1.816548 2.715766 0.172548 -0.903652 -0.391969 255 255 255
0.041125 -1.578852 2.137673 0.172548 -0.903652 -0.391969 255 255 255
0.121675 -1.566552 2.144775 0.172548 -0.903652 -0.391969 255 255 255
0.127218 -1.452638 1.884597 0.172549 -0.903652 -0.391969 131 7 7
0.041125 -1.578852 2.137673 0.172549 -0.903652 -0.391969 131 7 7
0.046669 -1.464939 1.877495 0.172549 -0.903652 -0.391969 131 7 7
0.070383 -1.176260 2.044164 -0.912708 -0.339326 -0.227642 131 7 7
-0.060366 -1.080379 2.425466 -0.912708 -0.339326 -0.227642 131 7 7
-0.065909 -0.912016 2.196726 -0.912708 -0.339326 -0.227642 131 7 7
-0.060366 -1.080379 2.425466 -0.172548 0.791281 0.586601 131 7 7
0.014640 -0.899715 2.203827 -0.172548 0.791281 0.586601 131 7 7
-0.065909 -0.912016 2.196726 -0.172548 0.791281 0.586601 131 7 7
0.150932 -1.163960 2.051265 0.997102 -0.075172 -0.011669 131 7 7
0.121675 -1.566552 2.144775 0.997102 -0.075172 -0.011669 131 7 7
0.127218 -1.452638 1.884597 0.997102 -0.075172 -0.011669 131 7 7
0.020183 -1.068079 2.432568 0.912708 0.339326 0.227642 131 7 7
0.150932 -1.163960 2.051265 0.912708 0.339326 0.227642 131 7 7
0.014640 -0.899715 2.203827 0.912708 0.339326 0.227642 131 7 7
0.041125 -1.578852 2.137673 -0.997102 0.075172 0.011669 131 7 7
0.070383 -1.176260 2.044164 -0.997102 0.075172 0.011669 131 7 7
0.046669 -1.464939 1.877495 -0.997102 0.075172 0.011669 131 7 7
0.046669 -1.464939 1.877495 -0.992994 0.114554 0.028999 255 255 255
0.109927 -0.795267 1.398209 -0.992994 0.114554 0.028999 255 255 255
0.061395 -1.162311 1.186296 -0.992994 0.114554 0.028999 255 255 255
0.014640 -0.899715 2.203827 0.894219 0.370575 0.251090 255 255 255
0.190476 -0.782967 1.405311 0.894219 0.370575 0.251090 255 255 255
-0.000086 -0.452433 1.596144 0.894219 0.370575 0.251090 255 255 255
0.190476 -0.782967 1.405311 0.992994 -0.114554 -0.028999 255 255 255
0.127218 -1.452638 1.884597 0.992994 -0.114554 -0.028999 255 255 255
0.141944 -1.150011 1.193397 0.992994 -0.114554 -0.028999 255 255 255
-0.080635 -0.464733 1.589043 -0.172548 0.791281 0.586601 255 255 255
0.014640 -0.899715 2.203827 -0.172548 0.791281 0.586601 255 255 255
-0.000086 -0.452433 1.596144 -0.172548 0.791281 0.586601 255 255 255
0.109927 -0.795267 1.398209 -0.894219 -0.370575 -0.251090 255 255 255
-0.065909 -0.912016 2.196726 -0.894219 -0.370575 -0.251090 255 255 255
-0.080635 -0.464733 1.589043 -0.894219 -0.370575 -0.251090 255 255 255
0.127218 -1.452638 1.884597 0.172549 -0.903652 -0.391969 255 255 255
0.061395 -1.162311 1.186296 0.172549 -0.903652 -0.391969 255 255 255
0.141944 -1.150011 1.193397 0.172549 -0.903652 -0.391969 255 255 255
0.097425 -1.816934 -3.426159 0.172548 0.791281 -0.586601 131 7 7
0.028961 -1.437574 -2.934570 0.172548 0.791281 -0.586601 131 7 7
0.109510 -1.449874 -2.927468 0.172548 0.791281 -0.586601 131 7 7
0.022832 -1.632017 -2.822308 -0.948545 0.282137 -0.143737 131 7 7
-0.036115 -2.064898 -3.282997 -0.948545 0.282137 -0.143737 131 7 7
-0.048200 -1.816549 -2.715769 -0.948545 0.282137 -0.143737 131 7 7
-0.048200 -1.816549 -2.715769 -0.172547 -0.903652 0.391969 131 7 7
0.044434 -2.077198 -3.275896 -0.172547 -0.903652 0.391969 131 7 7
0.032349 -1.828849 -2.708667 -0.172547 -0.903652 0.391969 131 7 7
0.103381 -1.644317 -2.815207 0.999490 -0.031923 -0.000724 131 7 7
0.097425 -1.816934 -3.426159 0.999490 -0.031923 -0.000724 131 7 7
0.109510 -1.449874 -2.927468 0.999490 -0.031923 -0.000724 131 7 7
-0.009620 -0.045598 -0.084239 -0.000000 0.500000 0.866025 255 255 255
0.051734 -0.139008 -0.030308 -0.000000 0.500000 0.866025 255 255 255
0.070929 -0.056378 -0.078015 -0.000000 0.500000 0.866025 255 255 255
-0.009620 -1.934766 -3.358129 -0.000001 -0.499999 -0.866026 131 7 7
0.097425 -1.816934 -3.426159 -0.000001 -0.499999 -0.866026 131 7 7
0.070930 -1.947066 -3.351027 -0.000001 -0.499999 -0.866026 131 7 7
0.190476 -0.546734 -0.883422 0.970665 0.239997 0.014507 255 255 255
0.097447 -0.187373 -0.603925 0.970665 0.239997 0.014507 255 255 255
0.130703 -0.326740 -0.523461 0.970665 0.239997 0.014507 255 255 255
-0.080635 -0.864968 -0.699690 -0.148401 -0.469231 0.870517 255 255 255
0.044412 -0.447852 -0.453537 -0.148401 -0.469231 0.870517 255 255 255
-0.036137 -0.435552 -0.460639 -0.148401 -0.469231 0.870517 255 255 255
0.061395 -0.167390 -1.102437 0.173648 0.852869 -0.492404 255 255 255
0.141945 -0.464733 -1.589045 0.173648 0.852869 -0.492404 255 255 255
0.061395 -0.452433 -1.596147 0.173648 0.852869 -0.492404 255 255 255
0.141945 -0.464733 -1.589045 0.993508 0.098523 -0.056882 255 255 255
0.190476 -0.546734 -0.883422 0.993508 0.098523 -0.056882 255 255 255
0.190476 -0.831778 -1.377132 0.993508 0.098523 -0.056882 255 255 255
0.109927 -0.534434 -0.890524 -0.843521 0.384468 -0.375042 255 255 255
-0.036137 -0.435552 -0.460639 -0.843521 0.384468 -0.375042 255 255 255
0.050153 -0.314440 -0.530563 -0.843521 0.384468 -0.375042 255 255 255
-0.000086 -1.162312 -1.186298 -0.173649 -0.852869 0.492404 255 255 255
-0.080635 -0.864968 -0.699690 -0.173649 -0.852869 0.492404 255 255 255
-0.080635 -1.150011 -1.193400 -0.173649 -0.852869 0.492404 255 255 255
0.109927 -0.819477 -1.384234 -0.894682 0.386856 -0.223352 255 255 255
-0.080635 -0.864968 -0.699690 -0.894682 0.386856 -0.223352 255 255 255
0.109927 -0.534434 -0.890524 -0.894682 0.386856 -0.223352 255 255 255
0.097447 -0.187373 -0.603925 0.148401 0.988505 0.028893 255 255 255
0.061395 -0.167390 -1.102437 0.148401 0.988505 0.028893 255 255 255
0.016897 -0.175073 -0.611026 0.148401 0.988505 0.028893 255 255 255
0.109927 -0.819477 -1.384234 -0.993508 -0.098523 0.056882 255 255 255
0.061395 -0.167390 -1.102437 -0.993508 -0.098523 0.056882 255 255 255
0.061395 -0.452433 -1.596147 -0.993508 -0.098523 0.056882 255 255 255
0.016897 -0.175073 -0.611026 -0.970665 -0.239997 -0.014508 255 255 255
0.109927 -0.534434 -0.890524 -0.970665 -0.239997 -0.014508 255 255 255
0.050153 -0.314440 -0.530563 -0.970665 -0.239997 -0.014508 255 255 255
0.190476 -0.831778 -1.377132 0.894682 -0.386857 0.223352 255 255 255
-0.000086 -0.877268 -0.692589 0.894682 -0.386857 0.223352 255 255 255
-0.000086 -1.162312 -1.186298 0.894682 -0.386857 0.223352 255 255 255
0.044412 -0.447852 -0.453537 0.843521 -0.384467 0.375042 255 255 255
0.190476 -0.546734 -0.883422 0.843521 -0.384467 0.375042 255 255 255
0.130703 -0.326740 -0.523461 0.843521 -0.384467 0.375042 255 255 255
-0.036115 -2.064898 -3.282997 0.000004 -0.500002 -0.866024 131 7 7
0.070930 -1.947066 -3.351027 0.000004 -0.500002 -0.866024 131 7 7
0.044434 -2.077198 -3.275896 0.000004 -0.500002 -0.866024 131 7 7
0.009576 0.037032 -0.131945 0.000000 0.500000 0.866025 255 255 255
0.090125 0.026251 -0.125721 0.000000 0.500000 0.866025 255 255 255
0.044434 -2.077198 -3.275896 0.948545 -0.282137 0.143737 131 7 7
0.103381 -1.644317 -2.815207 0.948545 -0.282137 0.143737 131 7 7
0.032349 -1.828849 -2.708667 0.948545 -0.282137 0.143737 131 7 7
0.016876 -1.804634 -3.433261 -0.999490 0.031923 0.000724 131 7 7
0.022832 -1.632017 -2.822308 -0.999490 0.031923 0.000724 131 7 7
0.028961 -1.437574 -2.934570 -0.999490 0.031923 0.000724 131 7 7
0.051734 -0.139008 -0.030308 0.973736 -0.111647 0.198427 255 255 255
0.130703 -0.326740 -0.523461 0.973736 -0.111647 0.198427 255 255 255
0.070929 -0.056378 -0.078015 0.973736 -0.111647 0.198427 255 255 255
0.009576 0.037032 -0.131945 -0.973810 0.111985 -0.197871 255 255 255
0.050153 -0.314440 -0.530563 -0.973810 0.111985 -0.197871 255 255 255
-0.009620 -0.045598 -0.084239 -0.973810 0.111985 -0.197871 255 255 255
0.097447 -0.187373 -0.603925 0.151895 0.903308 -0.401202 255 255 255
0.009576 0.037032 -0.131945 0.151895 0.903308 -0.401202 255 255 255
0.090125 0.026251 -0.125721 0.151895 0.903308 -0.401202 255 255 255
-0.028816 -0.128228 -0.036532 -0.973810 0.111985 -0.197871 255 255 255
-0.036137 -0.435552 -0.460639 -0.151895 -0.799105 0.581686 255 255 255
0.051734 -0.139008 -0.030308 -0.151895 -0.799105 0.581686 255 255 255
-0.028816 -0.128228 -0.036532 -0.151895 -0.799105 0.581686 255 255 255
0.090125 0.026251 -0.125721 0.973736 -0.111647 0.198427 255 255 255
0.028961 -1.437574 -2.934570 -0.998538 -0.029054 0.045583 255 255 255
0.055498 -1.327259 -2.282933 -0.998538 -0.029054 0.045583 255 255 255
0.041126 -1.068079 -2.432571 -0.998538 -0.029054 0.045583 255 255 255
0.032349 -1.828849 -2.708667 0.921917 -0.347264 0.171684 255 255 255
0.136048 -1.339560 -2.275831 0.921917 -0.347264 0.171684 255 255 255
0.020184 -1.578852 -2.137676 0.921917 -0.347264 0.171684 255 255 255
0.136048 -1.339560 -2.275831 0.998538 0.029054 -0.045583 255 255 255
0.109510 -1.449874 -2.927468 0.998538 0.029054 -0.045583 255 255 255
0.121675 -1.080380 -2.425469 0.998538 0.029054 -0.045583 255 255 255
-0.060366 -1.566552 -2.144777 -0.172548 -0.903652 0.391969 255 255 255
0.032349 -1.828849 -2.708667 -0.172548 -0.903652 0.391969 255 255 255
0.020184 -1.578852 -2.137676 -0.172548 -0.903652 0.391969 255 255 255
0.055498 -1.327259 -2.282933 -0.921918 0.347264 -0.171684 255 255 255
-0.048200 -1.816549 -2.715769 -0.921918 0.347264 -0.171684 255 255 255
-0.060366 -1.566552 -2.144777 -0.921918 0.347264 -0.171684 255 255 255
0.109510 -1.449874 -2.927468 0.172548 0.791281 -0.586601 255 255 255
0.041126 -1.068079 -2.432571 0.172548 0.791281 -0.586601 255 255 255
0.121675 -1.080380 -2.425469 0.172548 0.791281 -0.586601 255 255 255
0.121675 -1.080380 -2.425469 0.172549 0.791282 -0.586600 131 7 7
0.046669 -0.899716 -2.203830 0.172549 0.791282 -0.586600 131 7 7
0.127218 -0.912016 -2.196728 0.172549 0.791282 -0.586600 131 7 7
0.070383 -1.188394 -2.037161 -0.912708 0.366807 -0.180044 131 7 7
-0.060366 -1.566552 -2.144777 -0.912708 0.366807 -0.180044 131 7 7
-0.065909 -1.452639 -1.884599 -0.912708 0.366807 -0.180044 131 7 7
-0.060366 -1.566552 -2.144777 -0.172549 -0.903652 0.391969 131 7 7
0.014641 -1.464939 -1.877498 -0.172549 -0.903652 0.391969 131 7 7
-0.065909 -1.452639 -1.884599 -0.172549 -0.903652 0.391969 131 7 7
0.150932 -1.200694 -2.030060 0.997102 0.047692 -0.059266 131 7 7
0.121675 -1.080380 -2.425469 0.997102 0.047692 -0.059266 131 7 7
0.127218 -0.912016 -2.196728 0.997102 0.047692 -0.059266 131 7 7
0.020184 -1.578852 -2.137676 0.912708 -0.366807 0.180044 131 7 7
0.150932 -1.200694 -2.030060 0.912708 -0.366807 0.180044 131 7 7
0.014641 -1.464939 -1.877498 0.912708 -0.366807 0.180044 131 7 7
0.041126 -1.068079 -2.432571 -0.997102 -0.047692 0.059266 131 7 7
0.070383 -1.188394 -2.037161 -0.997102 -0.047692 0.059266 131 7 7
0.046669 -0.899716 -2.203830 -0.997102 -0.047692 0.059266 131 7 7
0.046669 -0.899716 -2.203830 -0.992994 -0.082391 0.084707 255 255 255
0.109927 -0.819477 -1.384234 -0.992994 -0.082391 0.084707 255 255 255
0.061395 -0.452433 -1.596147 -0.992994 -0.082391 0.084707 255 255 255
0.014641 -1.464939 -1.877498 0.894219 -0.402738 0.195382 255 255 255
0.190476 -0.831778 -1.377132 0.894219 -0.402738 0.195382 255 255 255
-0.000086 -1.162312 -1.186298 0.894219 -0.402738 0.195382 255 255 255
0.190476 -0.831778 -1.377132 0.992994 0.082391 -0.084707 255 255 255
0.127218 -0.912016 -2.196728 0.992994 0.082391 -0.084707 255 255 255
0.141945 -0.464733 -1.589045 0.992994 0.082391 -0.084707 255 255 255
-0.065909 -1.452639 -1.884599 -0.172549 -0.903652 0.391969 255 255 255
-0.000086 -1.162312 -1.186298 -0.172549 -0.903652 0.391969 255 255 255
-0.080635 -1.150011 -1.193400 -0.172549 -0.903652 0.391969 255 255 255
0.109927 -0.819477 -1.384234 -0.894219 0.402738 -0.195382 255 255 255
-0.065909 -1.452639 -1.884599 -0.894219 0.402738 -0.195382 255 255 255
-0.080635 -1.150011 -1.193400 -0.894219 0.402738 -0.195382 255 255 255
0.127218 -0.912016 -2.196728 0.172549 0.791281 -0.586601 255 255 255
0.061395 -0.452433 -1.596147 0.172549 0.791281 -0.586601 255 255 255
0.141945 -0.464733 -1.589045 0.172549 0.791281 -0.586601 255 255 255
0.097425 3.869381 0.143161 0.172548 0.112371 0.978570 131 7 7
0.028960 3.253972 0.225901 0.172548 0.112371 0.978570 131 7 7
0.109510 3.253972 0.211698 0.172548 0.112371 0.978570 131 7 7
0.022831 3.253972 0.001378 -0.948545 -0.016589 0.316207 131 7 7
-0.036116 3.869381 -0.143163 -0.948545 -0.016589 0.316207 131 7 7
-0.048201 3.253972 -0.211701 -0.948545 -0.016589 0.316207 131 7 7
-0.036116 3.869381 -0.143163 -0.172548 0.112371 -0.978570 131 7 7
0.032349 3.253972 -0.225904 -0.172548 0.112371 -0.978570 131 7 7
-0.048201 3.253972 -0.211701 -0.172548 0.112371 -0.978570 131 7 7
0.103381 3.253972 -0.012825 0.999490 0.016589 -0.027284 131 7 7
0.097425 3.869381 0.143161 0.999490 0.016589 -0.027284 131 7 7
0.109510 3.253972 0.211698 0.999490 0.016589 -0.027284 131 7 7
-0.009620 0.089525 0.006223 -0.000000 -1.000000 0.000000 255 255 255
0.051734 0.089525 -0.101638 -0.000000 -1.000000 0.000000 255 255 255
0.070929 0.089525 -0.006225 -0.000000 -1.000000 0.000000 255 255 255
0.016875 3.869381 0.157364 -0.000000 1.000000 -0.000000 131 7 7
0.070929 3.869381 -0.007103 -0.000000 1.000000 -0.000000 131 7 7
-0.009620 3.869381 0.007100 -0.000000 1.000000 -0.000000 131 7 7
0.190476 1.032206 -0.028182 0.970665 -0.132562 0.200590 255 255 255
0.097447 0.610474 0.143285 0.970665 -0.132562 0.200590 255 255 255
0.130703 0.610474 -0.017643 0.970665 -0.132562 0.200590 255 255 255
-0.080635 1.032206 -0.395647 -0.148401 -0.519275 -0.841624 255 255 255
0.044412 0.610474 -0.157491 -0.148401 -0.519275 -0.841624 255 255 255
-0.036138 0.610474 -0.143288 -0.148401 -0.519275 -0.841624 255 255 255
0.061395 1.032206 0.409847 0.173648 0.000000 0.984808 255 255 255
0.141944 1.602293 0.395644 0.173648 0.000000 0.984808 255 255 255
0.061395 1.602293 0.409847 0.173648 0.000000 0.984808 255 255 255
0.141944 1.602293 0.395644 0.993508 0.000000 0.113765 255 255 255
0.190476 1.032206 -0.028182 0.993508 0.000000 0.113765 255 255 255
0.190476 1.602293 -0.028182 0.993508 0.000000 0.113765 255 255 255
0.109927 1.032206 -0.013979 -0.843521 0.132562 0.520480 255 255 255
-0.036138 0.610474 -0.143288 -0.843521 0.132562 0.520480 255 255 255
0.050153 0.610474 -0.003440 -0.843521 0.132562 0.520480 255 255 255
-0.000086 1.032206 -0.409850 -0.173648 -0.000000 -0.984808 255 255 255
-0.080635 1.602293 -0.395647 -0.173648 -0.000000 -0.984808 255 255 255
-0.000086 1.602293 -0.409850 -0.173648 -0.000000 -0.984808 255 255 255
-0.080635 1.602293 -0.395647 -0.894682 -0.000000 0.446703 255 255 255
0.109927 1.032206 -0.013979 -0.894682 -0.000000 0.446703 255 255 255
0.109927 1.602293 -0.013979 -0.894682 -0.000000 0.446703 255 255 255
0.141944 1.032206 0.395644 0.148401 -0.519275 0.841624 255 255 255
0.016897 0.610474 0.157488 0.148401 -0.519275 0.841624 255 255 255
0.097447 0.610474 0.143285 0.148401 -0.519275 0.841624 255 255 255
0.109927 1.602293 -0.013979 -0.993508 -0.000000 -0.113765 255 255 255
0.061395 1.032206 0.409847 -0.993508 -0.000000 -0.113765 255 255 255
0.061395 1.602293 0.409847 -0.993508 -0.000000 -0.113765 255 255 255
0.016897 0.610474 0.157488 -0.970665 0.132562 -0.200590 255 255 255
0.109927 1.032206 -0.013979 -0.970665 0.132562 -0.200590 255 255 255
0.050153 0.610474 -0.003440 -0.970665 0.132562 -0.200590 255 255 255
0.190476 1.602293 -0.028182 0.894682 0.000000 -0.446703 255 255 255
-0.000086 1.032206 -0.409850 0.894682 0.000000 -0.446703 255 255 255
-0.000086 1.602293 -0.409850 0.894682 0.000000 -0.446703 255 255 255
0.044412 0.610474 -0.157491 0.843521 -0.132562 -0.520479 255 255 255
0.190476 1.032206 -0.028182 0.843521 -0.132562 -0.520479 255 255 255
0.130703 0.610474 -0.017643 0.843521 -0.132562 -0.520479 255 255 255
0.044434 3.869381 -0.157366 -0.000000 1.000000 -0.000000 131 7 7
-0.036116 3.869381 -0.143163 -0.000000 1.000000 -0.000000 131 7 7
0.009576 0.089525 0.101635 0.000000 -1.000000 0.000000 255 255 255
0.090125 0.089525 0.089187 0.000000 -1.000000 0.000000 255 255 255
0.044434 3.869381 -0.157366 0.948545 0.016589 -0.316207 131 7 7
0.103381 3.253972 -0.012825 0.948545 0.016589 -0.316207 131 7 7
0.032349 3.253972 -0.225904 0.948545 0.016589 -0.316207 131 7 7
0.016875 3.869381 0.157364 -0.999490 -0.016589 0.027284 131 7 7
0.022831 3.253972 0.001378 -0.999490 -0.016589 0.027284 131 7 7
0.028960 3.253972 0.225901 -0.999490 -0.016589 0.027284 131 7 7
0.051734 0.089525 -0.101638 0.973736 -0.116019 -0.195902 255 255 255
0.130703 0.610474 -0.017643 0.973736 -0.116019 -0.195902 255 255 255
0.070929 0.089525 -0.006225 0.973736 -0.116019 -0.195902 255 255 255
0.009576 0.089525 0.101635 -0.973810 0.115368 0.195917 255 255 255
0.050153 0.610474 -0.003440 -0.973810 0.115368 0.195917 255 255 255
-0.009620 0.089525 0.006223 -0.973810 0.115368 0.195917 255 255 255
0.097447 0.610474 0.143285 0.151895 -0.104203 0.982888 255 255 255
0.009576 0.089525 0.101635 0.151895 -0.104203 0.982888 255 255 255
0.090125 0.089525 0.089187 0.151895 -0.104203 0.982888 255 255 255
-0.028816 0.089525 -0.089190 -0.973810 0.115368 0.195917 255 255 255
-0.036138 0.610474 -0.143288 -0.151895 -0.104203 -0.982888 255 255 255
0.051734 0.089525 -0.101638 -0.151895 -0.104203 -0.982888 255 255 255
-0.028816 0.089525 -0.089190 -0.151895 -0.104203 -0.982888 255 255 255
0.090125 0.089525 0.089187 0.973736 -0.116019 -0.195902 255 255 255
0.028960 3.253972 0.225901 -0.998538 -0.024949 -0.047954 255 255 255
0.055498 2.634480 -0.004382 -0.998538 -0.024949 -0.047954 255 255 255
0.041125 2.634480 0.294893 -0.998538 -0.024949 -0.047954 255 255 255
0.032349 3.253972 -0.225904 0.921918 0.024949 -0.386582 255 255 255
0.136047 2.634480 -0.018585 0.921918 0.024949 -0.386582 255 255 255
0.020184 2.634480 -0.294896 0.921918 0.024949 -0.386582 255 255 255
0.136047 2.634480 -0.018585 0.998538 0.024949 0.047954 255 255 255
0.109510 3.253972 0.211698 0.998538 0.024949 0.047954 255 255 255
0.121675 2.634480 0.280690 0.998538 0.024949 0.047954 255 255 255
-0.060366 2.634480 -0.280693 -0.172548 0.112371 -0.978570 255 255 255
0.032349 3.253972 -0.225904 -0.172548 0.112371 -0.978570 255 255 255
0.020184 2.634480 -0.294896 -0.172548 0.112371 -0.978570 255 255 255
0.055498 2.634480 -0.004382 -0.921918 -0.024949 0.386582 255 255 255
-0.048201 3.253972 -0.211701 -0.921918 -0.024949 0.386582 255 255 255
-0.060366 2.634480 -0.280693 -0.921918 -0.024949 0.386582 255 255 255
0.109510 3.253972 0.211698 0.172548 0.112371 0.978570 255 255 255
0.041125 2.634480 0.294893 0.172548 0.112371 0.978570 255 255 255
0.121675 2.634480 0.280690 0.172548 0.112371 0.978570 255 255 255
0.121675 2.634480 0.280690 0.172548 0.112371 0.978570 131 7 7
0.046669 2.352203 0.326330 0.172548 0.112371 0.978570 131 7 7
0.127218 2.352203 0.312127 0.172548 0.112371 0.978570 131 7 7
0.070383 2.352203 -0.007007 -0.912709 -0.027480 0.407686 131 7 7
-0.060366 2.634480 -0.280693 -0.912709 -0.027480 0.407686 131 7 7
-0.065909 2.352203 -0.312130 -0.912709 -0.027480 0.407686 131 7 7
-0.060366 2.634480 -0.280693 -0.172548 0.112371 -0.978570 131 7 7
0.014640 2.352203 -0.326333 -0.172548 0.112371 -0.978570 131 7 7
-0.065909 2.352203 -0.312130 -0.172548 0.112371 -0.978570 131 7 7
0.150932 2.352203 -0.021210 0.997102 0.027480 0.070935 131 7 7
0.121675 2.634480 0.280690 0.997102 0.027480 0.070935 131 7 7
0.127218 2.352203 0.312127 0.997102 0.027480 0.070935 131 7 7
0.020184 2.634480 -0.294896 0.912708 0.027480 -0.407686 131 7 7
0.150932 2.352203 -0.021210 0.912708 0.027480 -0.407686 131 7 7
0.014640 2.352203 -0.326333 0.912708 0.027480 -0.407686 131 7 7
0.041125 2.634480 0.294893 -0.997102 -0.027480 -0.070935 131 7 7
0.070383 2.352203 -0.007007 -0.997102 -0.027480 -0.070935 131 7 7
0.046669 2.352203 0.326330 -0.997102 -0.027480 -0.070935 131 7 7
0.046669 2.352203 0.326330 -0.992994 -0.032163 -0.113706 255 255 255
0.109927 1.602293 -0.013979 -0.992994 -0.032163 -0.113706 255 255 255
0.061395 1.602293 0.409847 -0.992994 -0.032163 -0.113706 255 255 255
0.014640 2.352203 -0.326333 0.894219 0.032163 -0.446472 255 255 255
0.190476 1.602293 -0.028182 0.894219 0.032163 -0.446472 255 255 255
-0.000086 1.602293 -0.409850 0.894219 0.032163 -0.446472 255 255 255
0.190476 1.602293 -0.028182 0.992994 0.032163 0.113706 255 255 255
0.127218 2.352203 0.312127 0.992994 0.032163 0.113706 255 255 255
0.141944 1.602293 0.395644 0.992994 0.032163 0.113706 255 255 255
-0.065909 2.352203 -0.312130 -0.172548 0.112371 -0.978570 255 255 255
-0.000086 1.602293 -0.409850 -0.172548 0.112371 -0.978570 255 255 255
-0.080635 1.602293 -0.395647 -0.172548 0.112371 -0.978570 255 255 255
0.109927 1.602293 -0.013979 -0.894219 -0.032163 0.446472 255 255 255
-0.065909 2.352203 -0.312130 -0.894219 -0.032163 0.446472 255 255 255
-0.080635 1.602293 -0.395647 -0.894219 -0.032163 0.446472 255 255 255
0.141944 1.602293 0.395644 0.172548 0.112371 0.978570 255 255 255
0.046669 2.352203 0.326330 0.172548 0.112371 0.978570 255 255 255
0.061395 1.602293 0.409847 0.172548 0.112371 0.978570 255 255 255
0.041987 0.196984 -0.039183 0.028579 0.956549 -0.290166 51 51 51
0.080417 -0.039183 -0.193199 0.093835 -0.289003 -0.952718 51 51 51
0.041987 0.185555 -0.076859 0.046379 0.880972 -0.470889 51 51 51
0.056981 0.185555 -0.075382 0.046379 0.880972 -0.470889 51 51 51
0.063756 0.166995 -0.109438 0.046379 0.880972 -0.470889 51 51 51
0.041987 -0.111582 -0.166995 0.086536 -0.469629 -0.878613 51 51 51
0.041987 -0.076859 -0.185555 0.086536 -0.469629 -0.878613 51 51 51
0.078187 -0.076859 -0.181989 0.086536 -0.469629 -0.878613 51 51 51
0.063756 0.166995 -0.109438 0.062361 0.771506 -0.633159 51 51 51
0.074566 -0.111582 -0.163786 0.075915 -0.632562 -0.770780 51 51 51
0.041987 0.142017 -0.142017 0.075915 0.632562 -0.770780 51 51 51
0.041987 -0.142017 -0.142017 0.062361 -0.771506 -0.633159 51 51 51
0.041987 0.111582 -0.166995 0.086536 0.469628 -0.878613 51 51 51
0.074566 0.111582 -0.163786 0.086536 0.469628 -0.878613 51 51 51
0.078187 0.076859 -0.181989 0.086536 0.469628 -0.878613 51 51 51
0.063756 -0.166995 -0.109438 0.046379 -0.880972 -0.470889 51 51 51
0.041987 0.076859 -0.185555 0.093835 0.289003 -0.952718 51 51 51
0.041987 -0.196984 -0.039182 0.028579 -0.956550 -0.290165 51 51 51
0.041987 -0.185555 -0.076859 0.028579 -0.956550 -0.290165 51 51 51
0.056981 -0.185555 -0.075382 0.028579 -0.956550 -0.290165 51 51 51
0.080417 0.039183 -0.193199 0.097550 0.097551 -0.990438 51 51 51
0.041987 0.000000 -0.200843 0.097550 -0.097551 -0.990438 51 51 51
0.074566 0.111582 -0.163786 0.256282 0.469629 -0.844848 51 51 51
0.105893 0.111582 -0.154283 0.256282 0.469629 -0.844848 51 51 51
0.112996 0.076859 -0.171430 0.256282 0.469629 -0.844848 51 51 51
0.056981 -0.185555 -0.075382 0.137354 -0.880972 -0.452793 51 51 51
0.063756 -0.166995 -0.109438 0.137354 -0.880972 -0.452793 51 51 51
0.084688 -0.166995 -0.103089 0.137354 -0.880972 -0.452793 51 51 51
0.078187 0.076859 -0.181989 0.277898 0.289003 -0.916106 51 51 51
0.071400 -0.185555 -0.071009 0.084638 -0.956550 -0.279015 51 51 51
0.117369 0.039183 -0.181989 0.288901 0.097551 -0.952376 51 51 51
0.081169 0.000000 -0.196984 0.288901 -0.097551 -0.952376 51 51 51
0.056981 0.196984 -0.036200 0.084639 0.956549 -0.279015 51 51 51
0.080417 -0.039183 -0.193199 0.277898 -0.289003 -0.916106 51 51 51
0.117369 -0.039183 -0.181989 0.277898 -0.289003 -0.916106 51 51 51
0.112996 -0.076859 -0.171430 0.277898 -0.289003 -0.916106 51 51 51
0.071400 0.185555 -0.071009 0.137354 0.880972 -0.452793 51 51 51
0.074566 -0.111582 -0.163786 0.256282 -0.469628 -0.844849 51 51 51
0.078187 -0.076859 -0.181989 0.256282 -0.469628 -0.844849 51 51 51
0.112996 -0.076859 -0.171430 0.256282 -0.469628 -0.844849 51 51 51
0.063756 0.166995 -0.109438 0.184686 0.771506 -0.608826 51 51 51
0.084688 0.166995 -0.103089 0.184686 0.771506 -0.608826 51 51 51
0.096335 0.142017 -0.131207 0.184686 0.771506 -0.608826 51 51 51
0.074566 -0.111582 -0.163786 0.224829 -0.632562 -0.741160 51 51 51
0.105893 -0.111582 -0.154283 0.224829 -0.632562 -0.741160 51 51 51
0.096335 -0.142017 -0.131207 0.224829 -0.632562 -0.741160 51 51 51
0.069693 0.142017 -0.139289 0.224828 0.632562 -0.741159 51 51 51
0.069693 -0.142017 -0.139289 0.184685 -0.771506 -0.608827 51 51 51
0.096335 -0.142017 -0.131207 0.184685 -0.771506 -0.608827 51 51 51
0.084688 -0.166995 -0.103089 0.184685 -0.771506 -0.608827 51 51 51
0.151425 -0.039182 -0.163786 0.451281 -0.289003 -0.844288 51 51 51
0.084688 0.185555 -0.063906 0.223050 0.880972 -0.417297 51 51 51
0.105893 -0.111582 -0.154283 0.416179 -0.469628 -0.778617 51 51 51
0.112996 -0.076859 -0.171430 0.416179 -0.469628 -0.778617 51 51 51
0.145076 -0.076859 -0.154283 0.416179 -0.469628 -0.778617 51 51 51
0.103979 0.166995 -0.092777 0.299913 0.771506 -0.561098 51 51 51
0.105893 -0.111582 -0.154283 0.365102 -0.632562 -0.683057 51 51 51
0.134764 -0.111582 -0.138851 0.365102 -0.632562 -0.683057 51 51 51
0.120888 -0.142017 -0.118083 0.365102 -0.632562 -0.683057 51 51 51
0.096335 0.142017 -0.131207 0.365101 0.632562 -0.683057 51 51 51
0.120888 0.142017 -0.118083 0.365101 0.632562 -0.683057 51 51 51
0.134764 0.111582 -0.138851 0.365101 0.632562 -0.683057 51 51 51
0.120888 -0.142017 -0.118083 0.299913 -0.771506 -0.561098 51 51 51
0.105893 0.111582 -0.154283 0.416180 0.469629 -0.778616 51 51 51
0.134764 0.111582 -0.138851 0.416180 0.469629 -0.778616 51 51 51
0.145076 0.076859 -0.154283 0.416180 0.469629 -0.778616 51 51 51
0.084688 -0.166995 -0.103089 0.223050 -0.880972 -0.417297 51 51 51
0.112996 0.076859 -0.171430 0.451281 0.289003 -0.844288 51 51 51
0.071400 -0.185555 -0.071009 0.137445 -0.956550 -0.257141 51 51 51
0.151425 0.039183 -0.163786 0.469148 0.097551 -0.877715 51 51 51
0.153569 0.000000 -0.166995 0.469148 -0.097551 -0.877715 51 51 51
0.063756 0.196984 -0.032579 0.137445 0.956549 -0.257142 51 51 51
0.103979 -0.166995 -0.092777 0.300174 -0.880972 -0.365764 51 51 51
0.120888 -0.166995 -0.078901 0.300174 -0.880972 -0.365764 51 51 51
0.096335 -0.185555 -0.054348 0.300174 -0.880972 -0.365764 51 51 51
0.151425 0.039183 -0.163786 0.607322 0.289003 -0.740025 51 51 51
0.145076 0.076859 -0.154283 0.607322 0.289003 -0.740025 51 51 51
0.173194 0.076859 -0.131207 0.607322 0.289003 -0.740025 51 51 51
0.096335 -0.185555 -0.054348 0.184970 -0.956550 -0.225386 51 51 51
0.151425 0.039183 -0.163786 0.631368 0.097550 -0.769324 51 51 51
0.181276 0.039183 -0.139289 0.631368 0.097550 -0.769324 51 51 51
0.184004 0.000000 -0.142017 0.631368 0.097550 -0.769324 51 51 51
0.153569 0.000000 -0.166995 0.631368 -0.097550 -0.769323 51 51 51
0.184004 0.000000 -0.142017 0.631368 -0.097550 -0.769323 51 51 51
0.181276 -0.039182 -0.139289 0.631368 -0.097550 -0.769323 51 51 51
0.069693 0.196984 -0.027706 0.184970 0.956549 -0.225387 51 51 51
0.151425 -0.039182 -0.163786 0.607323 -0.289003 -0.740025 51 51 51
0.181276 -0.039182 -0.139289 0.607323 -0.289003 -0.740025 51 51 51
0.173194 -0.076859 -0.131207 0.607323 -0.289003 -0.740025 51 51 51
0.096335 0.185555 -0.054348 0.300175 0.880972 -0.365764 51 51 51
0.134764 -0.111582 -0.138851 0.560083 -0.469628 -0.682463 51 51 51
0.145076 -0.076859 -0.154283 0.560083 -0.469628 -0.682463 51 51 51
0.173194 -0.076859 -0.131207 0.560083 -0.469628 -0.682463 51 51 51
0.120888 0.166995 -0.078901 0.403615 0.771506 -0.491806 51 51 51
0.134764 -0.111582 -0.138851 0.491344 -0.632562 -0.598704 51 51 51
0.160070 -0.111582 -0.118083 0.491344 -0.632562 -0.598704 51 51 51
0.142408 -0.142017 -0.100421 0.491344 -0.632562 -0.598704 51 51 51
0.120888 0.142017 -0.118083 0.491344 0.632562 -0.598703 51 51 51
0.142408 0.142017 -0.100421 0.491344 0.632562 -0.598703 51 51 51
0.160070 0.111582 -0.118083 0.491344 0.632562 -0.598703 51 51 51
0.103979 -0.166995 -0.092777 0.403616 -0.771506 -0.491806 51 51 51
0.120888 -0.142017 -0.118083 0.403616 -0.771506 -0.491806 51 51 51
0.142408 -0.142017 -0.100421 0.403616 -0.771506 -0.491806 51 51 51
0.160070 0.111582 -0.118083 0.560083 0.469629 -0.682463 51 51 51
0.160070 -0.111582 -0.118083 0.682463 -0.469628 -0.560083 51 51 51
0.173194 -0.076859 -0.131207 0.682463 -0.469628 -0.560083 51 51 51
0.196270 -0.076859 -0.103089 0.682463 -0.469628 -0.560083 51 51 51
0.134764 0.166995 -0.061992 0.491807 0.771506 -0.403615 51 51 51
0.180838 -0.111582 -0.092777 0.598704 -0.632562 -0.491343 51 51 51
0.160070 0.142017 -0.078901 0.598704 0.632562 -0.491343 51 51 51
0.142408 -0.142017 -0.100421 0.491807 -0.771506 -0.403615 51 51 51
0.160070 0.111582 -0.118083 0.682463 0.469629 -0.560082 51 51 51
0.180838 0.111582 -0.092777 0.682463 0.469629 -0.560082 51 51 51
0.196270 0.076859 -0.103089 0.682463 0.469629 -0.560082 51 51 51
0.134764 -0.166995 -0.061992 0.365764 -0.880972 -0.300174 51 51 51
0.181276 0.039183 -0.139289 0.740025 0.289003 -0.607323 51 51 51
0.173194 0.076859 -0.131207 0.740025 0.289003 -0.607323 51 51 51
0.196270 0.076859 -0.103089 0.740025 0.289003 -0.607323 51 51 51
0.069693 -0.196984 -0.027706 0.225387 -0.956550 -0.184970 51 51 51
0.096335 -0.185555 -0.054348 0.225387 -0.956550 -0.184970 51 51 51
0.105893 -0.185555 -0.042701 0.225387 -0.956550 -0.184970 51 51 51
0.184004 0.000000 -0.142017 0.769324 0.097550 -0.631368 51 51 51
0.181276 0.039183 -0.139289 0.769324 0.097550 -0.631368 51 51 51
0.205773 0.039183 -0.109438 0.769324 0.097550 -0.631368 51 51 51
0.184004 0.000000 -0.142017 0.769323 -0.097551 -0.631368 51 51 51
0.208982 0.000000 -0.111582 0.769323 -0.097551 -0.631368 51 51 51
0.205773 -0.039182 -0.109438 0.769323 -0.097551 -0.631368 51 51 51
0.074566 0.196984 -0.021769 0.225387 0.956549 -0.184970 51 51 51
0.181276 -0.039182 -0.139289 0.740025 -0.289003 -0.607322 51 51 51
0.205773 -0.039182 -0.109438 0.740025 -0.289003 -0.607322 51 51 51
0.196270 -0.076859 -0.103089 0.740025 -0.289003 -0.607322 51 51 51
0.105893 0.185555 -0.042701 0.365764 0.880972 -0.300174 51 51 51
0.105893 -0.185555 -0.042701 0.257142 -0.956550 -0.137445 51 51 51
0.205773 0.039183 -0.109438 0.877716 0.097551 -0.469147 51 51 51
0.223976 0.039183 -0.075382 0.877716 0.097551 -0.469147 51 51 51
0.227542 0.000000 -0.076859 0.877716 0.097551 -0.469147 51 51 51
0.208982 0.000000 -0.111582 0.877715 -0.097551 -0.469148 51 51 51
0.227542 0.000000 -0.076859 0.877715 -0.097551 -0.469148 51 51 51
0.223976 -0.039182 -0.075382 0.877715 -0.097551 -0.469148 51 51 51
0.074566 0.196984 -0.021769 0.257142 0.956549 -0.137445 51 51 51
0.205773 -0.039182 -0.109438 0.844289 -0.289003 -0.451280 51 51 51
0.223976 -0.039182 -0.075382 0.844289 -0.289003 -0.451280 51 51 51
0.213417 -0.076859 -0.071009 0.844289 -0.289003 -0.451280 51 51 51
0.105893 0.185555 -0.042701 0.417297 0.880972 -0.223050 51 51 51
0.180838 -0.111582 -0.092777 0.778617 -0.469629 -0.416178 51 51 51
0.196270 -0.076859 -0.103089 0.778617 -0.469629 -0.416178 51 51 51
0.213417 -0.076859 -0.071009 0.778617 -0.469629 -0.416178 51 51 51
0.145076 0.166995 -0.042701 0.561098 0.771506 -0.299913 51 51 51
0.180838 -0.111582 -0.092777 0.683056 -0.632562 -0.365101 51 51 51
0.196270 -0.111582 -0.063906 0.683056 -0.632562 -0.365101 51 51 51
0.173194 -0.142017 -0.054348 0.683056 -0.632562 -0.365101 51 51 51
0.173194 0.142017 -0.054348 0.683057 0.632562 -0.365101 51 51 51
0.160070 -0.142017 -0.078901 0.561098 -0.771506 -0.299913 51 51 51
0.180838 0.111582 -0.092777 0.778617 0.469629 -0.416179 51 51 51
0.196270 0.111582 -0.063906 0.778617 0.469629 -0.416179 51 51 51
0.213417 0.076859 -0.071009 0.778617 0.469629 -0.416179 51 51 51
0.134764 -0.166995 -0.061992 0.417297 -0.880972 -0.223050 51 51 51
0.205773 0.039183 -0.109438 0.844288 0.289003 -0.451281 51 51 51
0.196270 0.076859 -0.103089 0.844288 0.289003 -0.451281 51 51 51
0.213417 0.076859 -0.071009 0.844288 0.289003 -0.451281 51 51 51
0.151425 0.166995 -0.021769 0.608827 0.771506 -0.184685 51 51 51
0.173194 -0.142017 -0.054348 0.741159 -0.632562 -0.224827 51 51 51
0.196270 -0.111582 -0.063906 0.741159 -0.632562 -0.224827 51 51 51
0.205773 -0.111582 -0.032579 0.741159 -0.632562 -0.224827 51 51 51
0.173194 0.142017 -0.054348 0.741160 0.632562 -0.224828 51 51 51
0.181276 0.142017 -0.027706 0.741160 0.632562 -0.224828 51 51 51
0.205773 0.111582 -0.032579 0.741160 0.632562 -0.224828 51 51 51
0.145076 -0.166995 -0.042701 0.608827 -0.771506 -0.184685 51 51 51
0.173194 -0.142017 -0.054348 0.608827 -0.771506 -0.184685 51 51 51
0.181276 -0.142017 -0.027706 0.608827 -0.771506 -0.184685 51 51 51
0.196270 0.111582 -0.063906 0.844848 0.469629 -0.256281 51 51 51
0.205773 0.111582 -0.032579 0.844848 0.469629 -0.256281 51 51 51
0.223976 0.076859 -0.036200 0.844848 0.469629 -0.256281 51 51 51
0.145076 -0.166995 -0.042701 0.452794 -0.880972 -0.137353 51 51 51
0.151425 -0.166995 -0.021769 0.452794 -0.880972 -0.137353 51 51 51
0.117369 -0.185555 -0.014994 0.452794 -0.880972 -0.137353 51 51 51
0.213417 0.076859 -0.071009 0.916106 0.289003 -0.277898 51 51 51
0.117369 -0.185555 -0.014994 0.279015 -0.956550 -0.084638 51 51 51
0.235186 0.039183 -0.038430 0.952376 0.097551 -0.288900 51 51 51
0.238971 0.000000 -0.039182 0.952376 -0.097551 -0.288900 51 51 51
0.080417 0.196984 -0.007644 0.279016 0.956549 -0.084638 51 51 51
0.235186 -0.039182 -0.038430 0.916106 -0.289003 -0.277898 51 51 51
0.117369 0.185555 -0.014994 0.452793 0.880972 -0.137353 51 51 51
0.196270 -0.111582 -0.063906 0.844848 -0.469628 -0.256282 51 51 51
0.213417 -0.076859 -0.071009 0.844848 -0.469628 -0.256282 51 51 51
0.223976 -0.076859 -0.036200 0.844848 -0.469628 -0.256282 51 51 51
0.235186 0.039183 -0.038430 0.990438 0.097551 -0.097550 51 51 51
0.238971 0.039183 0.000000 0.990438 0.097551 -0.097550 51 51 51
0.242830 0.000000 0.000000 0.990438 0.097551 -0.097550 51 51 51
0.238971 0.000000 -0.039182 0.990438 -0.097551 -0.097549 51 51 51
0.242830 0.000000 0.000000 0.990438 -0.097551 -0.097549 51 51 51
0.238971 -0.039182 0.000000 0.990438 -0.097551 -0.097549 51 51 51
0.080417 0.196984 -0.007644 0.290166 0.956549 -0.028579 51 51 51
0.235186 -0.039182 -0.038430 0.952718 -0.289003 -0.093834 51 51 51
0.238971 -0.039182 0.000000 0.952718 -0.289003 -0.093834 51 51 51
0.227542 -0.076859 0.000000 0.952718 -0.289003 -0.093834 51 51 51
0.151425 0.166995 -0.021769 0.470889 0.880972 -0.046379 51 51 51
0.117369 0.185555 -0.014994 0.470889 0.880972 -0.046379 51 51 51
0.118846 0.185555 0.000000 0.470889 0.880972 -0.046379 51 51 51
0.205773 -0.111582 -0.032579 0.878613 -0.469629 -0.086536 51 51 51
0.223976 -0.076859 -0.036200 0.878613 -0.469629 -0.086536 51 51 51
0.227542 -0.076859 0.000000 0.878613 -0.469629 -0.086536 51 51 51
0.151425 0.166995 -0.021769 0.633159 0.771506 -0.062361 51 51 51
0.205773 -0.111582 -0.032579 0.770781 -0.632562 -0.075914 51 51 51
0.208982 -0.111582 0.000000 0.770781 -0.632562 -0.075914 51 51 51
0.184004 -0.142017 0.000000 0.770781 -0.632562 -0.075914 51 51 51
0.181276 0.142017 -0.027706 0.770781 0.632561 -0.075915 51 51 51
0.184004 0.142017 0.000000 0.770781 0.632561 -0.075915 51 51 51
0.208982 0.111582 0.000000 0.770781 0.632561 -0.075915 51 51 51
0.151425 -0.166995 -0.021769 0.633159 -0.771505 -0.062361 51 51 51
0.181276 -0.142017 -0.027706 0.633159 -0.771505 -0.062361 51 51 51
0.184004 -0.142017 0.000000 0.633159 -0.771505 -0.062361 51 51 51
0.205773 0.111582 -0.032579 0.878612 0.469630 -0.086535 51 51 51
0.208982 0.111582 0.000000 0.878612 0.469630 -0.086535 51 51 51
0.227542 0.076859 0.000000 0.878612 0.469630 -0.086535 51 51 51
0.151425 -0.166995 -0.021769 0.470890 -0.880972 -0.046378 51 51 51
0.153569 -0.166995 0.000000 0.470890 -0.880972 -0.046378 51 51 51
0.118846 -0.185555 0.000000 0.470890 -0.880972 -0.046378 51 51 51
0.235186 0.039183 -0.038430 0.952718 0.289003 -0.093835 51 51 51
0.223976 0.076859 -0.036200 0.952718 0.289003 -0.093835 51 51 51
0.227542 0.076859 0.000000 0.952718 0.289003 -0.093835 51 51 51
0.118846 -0.185555 0.000000 0.290166 -0.956550 -0.028579 51 51 51
0.208982 -0.111582 0.000000 0.770780 -0.632562 0.075914 51 51 51
0.205773 -0.111582 0.032579 0.770780 -0.632562 0.075914 51 51 51
0.181276 -0.142017 0.027706 0.770780 -0.632562 0.075914 51 51 51
0.208982 0.111582 0.000000 0.770781 0.632562 0.075915 51 51 51
0.184004 0.142017 0.000000 0.770781 0.632562 0.075915 51 51 51
0.181276 0.142017 0.027706 0.770781 0.632562 0.075915 51 51 51
0.184004 -0.142017 0.000000 0.633159 -0.771506 0.062361 51 51 51
0.208982 0.111582 0.000000 0.878613 0.469629 0.086535 51 51 51
0.205773 0.111582 0.032579 0.878613 0.469629 0.086535 51 51 51
0.223976 0.076859 0.036200 0.878613 0.469629 0.086535 51 51 51
0.153569 -0.166995 0.000000 0.470890 -0.880972 0.046379 51 51 51
0.238971 0.039183 0.000000 0.952718 0.289003 0.093835 51 51 51
0.227542 0.076859 0.000000 0.952718 0.289003 0.093835 51 51 51
0.223976 0.076859 0.036200 0.952718 0.289003 0.093835 51 51 51
0.081169 -0.196984 0.000000 0.290166 -0.956550 0.028579 51 51 51
0.118846 -0.185555 0.000000 0.290166 -0.956550 0.028579 51 51 51
0.117369 -0.185555 0.014995 0.290166 -0.956550 0.028579 51 51 51
0.235186 0.039183 0.038430 0.990438 0.097551 0.097550 51 51 51
0.242830 0.000000 0.000000 0.990438 -0.097551 0.097550 51 51 51
0.080417 0.196984 0.007644 0.290166 0.956549 0.028579 51 51 51
0.238971 -0.039182 0.000000 0.952718 -0.289002 0.093835 51 51 51
0.235186 -0.039182 0.038430 0.952718 -0.289002 0.093835 51 51 51
0.223976 -0.076859 0.036200 0.952718 -0.289002 0.093835 51 51 51
0.118846 0.185555 0.000000 0.470889 0.880972 0.046379 51 51 51
0.117369 0.185555 0.014995 0.470889 0.880972 0.046379 51 51 51
0.151425 0.166995 0.021769 0.470889 0.880972 0.046379 51 51 51
0.208982 -0.111582 0.000000 0.878612 -0.469630 0.086536 51 51 51
0.227542 -0.076859 0.000000 0.878612 -0.469630 0.086536 51 51 51
0.223976 -0.076859 0.036200 0.878612 -0.469630 0.086536 51 51 51
0.151425 0.166995 0.021769 0.633159 0.771506 0.062361 51 51 51
0.227542 0.000000 0.076859 0.952376 -0.097551 0.288900 51 51 51
0.078187 0.196984 0.014995 0.279016 0.956549 0.084638 51 51 51
0.235186 -0.039182 0.038430 0.916106 -0.289003 0.277898 51 51 51
0.223976 -0.039182 0.075383 0.916106 -0.289003 0.277898 51 51 51
0.213417 -0.076859 0.071009 0.916106 -0.289003 0.277898 51 51 51
0.151425 0.166995 0.021769 0.452793 0.880973 0.137353 51 51 51
0.117369 0.185555 0.014995 0.452793 0.880973 0.137353 51 51 51
0.112996 0.185555 0.029413 0.452793 0.880973 0.137353 51 51 51
0.223976 -0.076859 0.036200 0.844848 -0.469629 0.256283 51 51 51
0.151425 0.166995 0.021769 0.608827 0.771506 0.184685 51 51 51
0.205773 -0.111582 0.032579 0.741160 -0.632562 0.224829 51 51 51
0.196270 -0.111582 0.063906 0.741160 -0.632562 0.224829 51 51 51
0.173194 -0.142017 0.054348 0.741160 -0.632562 0.224829 51 51 51
0.181276 0.142017 0.027706 0.741160 0.632561 0.224828 51 51 51
0.173194 0.142017 0.054348 0.741160 0.632561 0.224828 51 51 51
0.196270 0.111582 0.063906 0.741160 0.632561 0.224828 51 51 51
0.173194 -0.142017 0.054348 0.608827 -0.771506 0.184685 51 51 51
0.205773 0.111582 0.032579 0.844848 0.469629 0.256283 51 51 51
0.196270 0.111582 0.063906 0.844848 0.469629 0.256283 51 51 51
0.213417 0.076859 0.071009 0.844848 0.469629 0.256283 51 51 51
0.151425 -0.166995 0.021769 0.452794 -0.880972 0.137353 51 51 51
0.145076 -0.166995 0.042701 0.452794 -0.880972 0.137353 51 51 51
0.112996 -0.185555 0.029413 0.452794 -0.880972 0.137353 51 51 51
0.235186 0.039183 0.038430 0.916106 0.289002 0.277898 51 51 51
0.223976 0.076859 0.036200 0.916106 0.289002 0.277898 51 51 51
0.213417 0.076859 0.071009 0.916106 0.289002 0.277898 51 51 51
0.112996 -0.185555 0.029413 0.279015 -0.956550 0.084638 51 51 51
0.223976 0.039183 0.075383 0.952376 0.097551 0.288900 51 51 51
0.196270 0.111582 0.063906 0.683057 0.632561 0.365102 51 51 51
0.173194 0.142017 0.054348 0.683057 0.632561 0.365102 51 51 51
0.160070 0.142017 0.078901 0.683057 0.632561 0.365102 51 51 51
0.173194 -0.142017 0.054348 0.561098 -0.771506 0.299913 51 51 51
0.160070 -0.142017 0.078901 0.561098 -0.771506 0.299913 51 51 51
0.134764 -0.166995 0.061992 0.561098 -0.771506 0.299913 51 51 51
0.180838 0.111582 0.092777 0.778616 0.469629 0.416179 51 51 51
0.145076 -0.166995 0.042701 0.417297 -0.880972 0.223050 51 51 51
0.213417 0.076859 0.071009 0.844288 0.289003 0.451281 51 51 51
0.112996 -0.185555 0.029413 0.257141 -0.956550 0.137445 51 51 51
0.223976 0.039183 0.075383 0.877715 0.097551 0.469148 51 51 51
0.208982 0.000000 0.111582 0.877715 -0.097551 0.469148 51 51 51
0.074566 0.196984 0.021769 0.257142 0.956549 0.137446 51 51 51
0.205773 -0.039182 0.109438 0.844288 -0.289003 0.451281 51 51 51
0.105893 0.185555 0.042701 0.417296 0.880973 0.223050 51 51 51
0.213417 -0.076859 0.071009 0.778617 -0.469629 0.416179 51 51 51
0.134764 0.166995 0.061992 0.561098 0.771506 0.299913 51 51 51
0.180838 -0.111582 0.092777 0.683057 -0.632562 0.365101 51 51 51
0.184004 0.000000 0.142018 0.769323 -0.097551 0.631368 51 51 51
0.074566 0.196984 0.021769 0.225387 0.956549 0.184970 51 51 51
0.069693 0.196984 0.027706 0.225387 0.956549 0.184970 51 51 51
0.096335 0.185555 0.054348 0.225387 0.956549 0.184970 51 51 51
0.181275 -0.039182 0.139289 0.740024 -0.289003 0.607323 51 51 51
0.096335 0.185555 0.054348 0.365763 0.880973 0.300174 51 51 51
0.180838 -0.111582 0.092777 0.682463 -0.469629 0.560083 51 51 51
0.196270 -0.076859 0.103089 0.682463 -0.469629 0.560083 51 51 51
0.173194 -0.076859 0.131207 0.682463 -0.469629 0.560083 51 51 51
0.160070 0.142017 0.078901 0.491806 0.771506 0.403615 51 51 51
0.134764 0.166995 0.061992 0.491806 0.771506 0.403615 51 51 51
0.120888 0.166995 0.078901 0.491806 0.771506 0.403615 51 51 51
0.180838 -0.111582 0.092777 0.598704 -0.632561 0.491345 51 51 51
0.160070 -0.111582 0.118083 0.598704 -0.632561 0.491345 51 51 51
0.142408 -0.142017 0.100422 0.598704 -0.632561 0.491345 51 51 51
0.142408 0.142017 0.100422 0.598704 0.632562 0.491345 51 51 51
0.134764 -0.166995 0.061992 0.491806 -0.771506 0.403615 51 51 51
0.160070 -0.142017 0.078901 0.491806 -0.771506 0.403615 51 51 51
0.142408 -0.142017 0.100422 0.491806 -0.771506 0.403615 51 51 51
0.180838 0.111582 0.092777 0.682462 0.469630 0.560084 51 51 51
0.160070 0.111582 0.118083 0.682462 0.469630 0.560084 51 51 51
0.173194 0.076859 0.131207 0.682462 0.469630 0.560084 51 51 51
0.120888 -0.166995 0.078901 0.365764 -0.880972 0.300175 51 51 51
0.196270 0.076859 0.103089 0.740024 0.289003 0.607323 51 51 51
0.096335 -0.185555 0.054348 0.225386 -0.956550 0.184970 51 51 51
0.205773 0.039183 0.109438 0.769323 0.097551 0.631368 51 51 51
0.120888 -0.166995 0.078901 0.403615 -0.771506 0.491806 51 51 51
0.142408 -0.142017 0.100422 0.403615 -0.771506 0.491806 51 51 51
0.120888 -0.142017 0.118083 0.403615 -0.771506 0.491806 51 51 51
0.160070 0.111582 0.118083 0.560082 0.469630 0.682463 51 51 51
0.134764 0.111582 0.138851 0.560082 0.469630 0.682463 51 51 51
0.145076 0.076859 0.154283 0.560082 0.469630 0.682463 51 51 51
0.120888 -0.166995 0.078901 0.300174 -0.880972 0.365764 51 51 51
0.181275 0.039183 0.139289 0.607323 0.289003 0.740025 51 51 51
0.173194 0.076859 0.131207 0.607323 0.289003 0.740025 51 51 51
0.145076 0.076859 0.154283 0.607323 0.289003 0.740025 51 51 51
0.069693 -0.196984 0.027706 0.184970 -0.956550 0.225387 51 51 51
0.096335 -0.185555 0.054348 0.184970 -0.956550 0.225387 51 51 51
0.084688 -0.185555 0.063906 0.184970 -0.956550 0.225387 51 51 51
0.151425 0.039183 0.163786 0.631367 0.097551 0.769324 51 51 51
0.153569 0.000000 0.166995 0.631367 -0.097551 0.769324 51 51 51
0.063756 0.196984 0.032579 0.184970 0.956549 0.225387 51 51 51
0.181275 -0.039182 0.139289 0.607322 -0.289002 0.740025 51 51 51
0.151425 -0.039182 0.163786 0.607322 -0.289002 0.740025 51 51 51
0.145076 -0.076859 0.154283 0.607322 -0.289002 0.740025 51 51 51
0.096335 0.185555 0.054348 0.300174 0.880973 0.365764 51 51 51
0.084688 0.185555 0.063906 0.300174 0.880973 0.365764 51 51 51
0.103979 0.166995 0.092777 0.300174 0.880973 0.365764 51 51 51
0.160070 -0.111582 0.118083 0.560083 -0.469629 0.682463 51 51 51
0.173194 -0.076859 0.131207 0.560083 -0.469629 0.682463 51 51 51
0.145076 -0.076859 0.154283 0.560083 -0.469629 0.682463 51 51 51
0.103979 0.166995 0.092777 0.403615 0.771506 0.491807 51 51 51
0.160070 -0.111582 0.118083 0.491344 -0.632561 0.598705 51 51 51
0.134764 -0.111582 0.138851 0.491344 -0.632561 0.598705 51 51 51
0.120888 -0.142017 0.118083 0.491344 -0.632561 0.598705 51 51 51
0.120888 0.142017 0.118083 0.491344 0.632562 0.598704 51 51 51
0.151425 -0.039182 0.163786 0.451281 -0.289002 0.844289 51 51 51
0.117369 -0.039183 0.181989 0.451281 -0.289002 0.844289 51 51 51
0.112996 -0.076859 0.171430 0.451281 -0.289002 0.844289 51 51 51
0.084688 0.185555 0.063906 0.223050 0.880973 0.417297 51 51 51
0.071400 0.185555 0.071009 0.223050 0.880973 0.417297 51 51 51
0.084688 0.166995 0.103089 0.223050 0.880973 0.417297 51 51 51
0.134764 -0.111582 0.138851 0.416178 -0.469630 0.778616 51 51 51
0.145076 -0.076859 0.154283 0.416178 -0.469630 0.778616 51 51 51
0.112996 -0.076859 0.171430 0.416178 -0.469630 0.778616 51 51 51
0.084688 0.166995 0.103089 0.299913 0.771506 0.561098 51 51 51
0.105893 -0.111582 0.154283 0.365102 -0.632561 0.683057 51 51 51
0.120888 0.142017 0.118083 0.365102 0.632561 0.683057 51 51 51
0.096335 0.142017 0.131207 0.365102 0.632561 0.683057 51 51 51
0.105893 0.111582 0.154283 0.365102 0.632561 0.683057 51 51 51
0.096335 -0.142017 0.131207 0.299913 -0.771506 0.561098 51 51 51
0.134764 0.111582 0.138851 0.416179 0.469630 0.778616 51 51 51
0.105893 0.111582 0.154283 0.416179 0.469630 0.778616 51 51 51
0.112996 0.076859 0.171430 0.416179 0.469630 0.778616 51 51 51
0.103979 -0.166995 0.092777 0.223050 -0.880972 0.417297 51 51 51
0.151425 0.039183 0.163786 0.451281 0.289002 0.844288 51 51 51
0.145076 0.076859 0.154283 0.451281 0.289002 0.844288 51 51 51
0.112996 0.076859 0.171430 0.451281 0.289002 0.844288 51 51 51
0.084688 -0.185555 0.063906 0.137445 -0.956550 0.257142 51 51 51
0.117369 0.039183 0.181989 0.469148 0.097551 0.877715 51 51 51
0.153569 0.000000 0.166995 0.469148 -0.097551 0.877715 51 51 51
0.063756 0.196984 0.032579 0.137445 0.956549 0.257142 51 51 51
0.071400 -0.185555 0.071009 0.137354 -0.880972 0.452793 51 51 51
0.084688 -0.166995 0.103089 0.137354 -0.880972 0.452793 51 51 51
0.063756 -0.166995 0.109438 0.137354 -0.880972 0.452793 51 51 51
0.112996 0.076859 0.171430 0.277898 0.289002 0.916106 51 51 51
0.056981 -0.185555 0.075382 0.084638 -0.956550 0.279015 51 51 51
0.080417 0.039183 0.193199 0.288900 0.097551 0.952376 51 51 51
0.081169 0.000000 0.196984 0.288900 -0.097551 0.952376 51 51 51
0.049631 0.196984 0.038430 0.084638 0.956549 0.279016 51 51 51
0.080417 -0.039183 0.193199 0.277898 -0.289002 0.916106 51 51 51
0.071400 0.185555 0.071009 0.137353 0.880973 0.452793 51 51 51
0.056981 0.185555 0.075383 0.137353 0.880973 0.452793 51 51 51
0.063756 0.166995 0.109438 0.137353 0.880973 0.452793 51 51 51
0.105893 -0.111582 0.154283 0.256282 -0.469629 0.844848 51 51 51
0.112996 -0.076859 0.171430 0.256282 -0.469629 0.844848 51 51 51
0.078187 -0.076859 0.181989 0.256282 -0.469629 0.844848 51 51 51
0.096335 0.142017 0.131207 0.184685 0.771506 0.608827 51 51 51
0.084688 0.166995 0.103089 0.184685 0.771506 0.608827 51 51 51
0.063756 0.166995 0.109438 0.184685 0.771506 0.608827 51 51 51
0.074566 -0.111582 0.163786 0.224828 -0.632561 0.741160 51 51 51
0.105893 0.111582 0.154283 0.224828 0.632562 0.741160 51 51 51
0.096335 0.142017 0.131207 0.224828 0.632562 0.741160 51 51 51
0.069693 0.142017 0.139289 0.224828 0.632562 0.741160 51 51 51
0.069693 -0.142017 0.139289 0.184686 -0.771506 0.608827 51 51 51
0.105893 0.111582 0.154283 0.256281 0.469630 0.844848 51 51 51
0.074566 0.111582 0.163786 0.256281 0.469630 0.844848 51 51 51
0.078187 0.076859 0.181989 0.256281 0.469630 0.844848 51 51 51
0.056981 0.185555 0.075383 0.046378 0.880972 0.470889 51 51 51
0.041987 0.185555 0.076859 0.046378 0.880972 0.470889 51 51 51
0.041987 0.166995 0.111582 0.046378 0.880972 0.470889 51 51 51
0.074566 -0.111582 0.163786 0.086535 -0.469630 0.878612 51 51 51
0.078187 -0.076859 0.181989 0.086535 -0.469630 0.878612 51 51 51
0.041987 -0.076859 0.185555 0.086535 -0.469630 0.878612 51 51 51
0.041987 0.166995 0.111582 0.062360 0.771506 0.633159 51 51 51
0.069693 -0.142017 0.139289 0.075915 -0.632561 0.770781 51 51 51
0.074566 -0.111582 0.163786 0.075915 -0.632561 0.770781 51 51 51
0.041987 -0.111582 0.166995 0.075915 -0.632561 0.770781 51 51 51
0.069693 0.142017 0.139289 0.075915 0.632562 0.770781 51 51 51
0.041987 0.142017 0.142017 0.075915 0.632562 0.770781 51 51 51
0.041987 0.111582 0.166995 0.075915 0.632562 0.770781 51 51 51
0.041987 -0.142017 0.142017 0.062360 -0.771506 0.633159 51 51 51
0.074566 0.111582 0.163786 0.086536 0.469629 0.878612 51 51 51
0.041987 0.111582 0.166995 0.086536 0.469629 0.878612 51 51 51
0.041987 0.076859 0.185555 0.086536 0.469629 0.878612 51 51 51
0.063756 -0.166995 0.109438 0.046378 -0.880972 0.470889 51 51 51
0.078187 0.076859 0.181989 0.093834 0.289002 0.952719 51 51 51
0.041987 -0.185555 0.076859 0.028579 -0.956550 0.290166 51 51 51
0.080417 0.039183 0.193199 0.097549 0.097552 0.990438 51 51 51
0.041987 0.039183 0.196984 0.097549 0.097552 0.990438 51 51 51
0.041987 0.000000 0.200843 0.097549 0.097552 0.990438 51 51 51
0.081169 0.000000 0.196984 0.097549 -0.097552 0.990438 51 51 51
0.041987 0.000000 0.200843 0.097549 -0.097552 0.990438 51 51 51
0.041987 -0.039183 0.196984 0.097549 -0.097552 0.990438 51 51 51
0.041987 0.196984 0.039183 0.028579 0.956549 0.290167 51 51 51
0.041987 -0.039183 0.196984 0.093834 -0.289002 0.952719 51 51 51
-0.242830 -0.166995 0.111582 0.000000 -0.881921 0.471397 51 51 51
-0.242830 -0.076859 -0.185555 0.000000 -0.290284 -0.956940 51 51 51
-0.242830 -0.185555 0.076859 0.000000 -0.956940 0.290284 51 51 51
-0.242830 0.196984 0.039183 -0.000000 0.956940 0.290285 51 51 51
-0.242830 -0.111582 -0.166995 0.000000 -0.471397 -0.881921 51 51 51
-0.242830 0.185555 0.076859 -0.000000 0.881922 0.471396 51 51 51
-0.242830 -0.142017 -0.142017 0.000000 -0.634393 -0.773011 51 51 51
0.041987 0.166995 0.111582 -0.000000 0.773010 0.634393 51 51 51
-0.242830 0.196984 -0.039183 -0.000000 0.995185 -0.098017 51 51 51
0.041987 -0.166995 -0.111582 0.000000 -0.773010 -0.634393 51 51 51
-0.242830 0.142017 0.142017 -0.000000 0.634392 0.773011 51 51 51
-0.242830 -0.200843 0.000000 0.000000 -0.995185 -0.098017 51 51 51
-0.242830 -0.185555 -0.076859 0.000000 -0.881921 -0.471397 51 51 51
-0.242830 0.111582 0.166995 -0.000000 0.471398 0.881921 51 51 51
-0.242830 -0.196984 -0.039183 0.000000 -0.956941 -0.290284 51 51 51
-0.242830 0.185555 -0.076859 -0.000000 0.956940 -0.290285 51 51 51
0.041987 0.076859 0.185555 -0.000000 0.290283 0.956941 51 51 51
0.041987 0.200843 0.000000 -0.000000 0.995185 0.098017 51 51 51
0.041987 0.166995 -0.111582 -0.000000 0.881921 -0.471396 51 51 51
-0.242830 0.166995 -0.111582 -0.000000 0.881921 -0.471396 51 51 51
-0.242830 0.185555 -0.076859 -0.000000 0.881921 -0.471396 51 51 51
-0.242830 0.039183 0.196984 -0.000000 0.098019 0.995185 51 51 51
-0.242830 -0.196984 0.039183 0.000000 -0.995185 0.098017 51 51 51
-0.242830 0.142017 -0.142017 -0.000000 0.773010 -0.634393 51 51 51
-0.242830 0.000000 0.200843 -0.000000 -0.098019 0.995185 51 51 51
0.041987 0.111582 -0.166995 0.000000 0.634393 -0.773011 51 51 51
-0.242830 -0.039183 0.196984 -0.000000 -0.290283 0.956941 51 51 51
-0.242830 0.076859 -0.185555 0.000000 0.471397 -0.881921 51 51 51
-0.242830 -0.076859 0.185555 -0.000000 -0.471397 0.881921 51 51 51
0.041987 0.039183 -0.196984 0.000000 0.290284 -0.956940 51 51 51
-0.242830 -0.111582 0.166995 -0.000000 -0.634392 0.773011 51 51 51
-0.242830 0.000000 -0.200843 0.000000 0.098018 -0.995185 51 51 51
-0.242830 -0.142017 0.142017 0.000000 -0.773010 0.634393 51 51 51
-0.242830 -0.039183 -0.196984 0.000000 -0.098018 -0.995185 51 51 51
0.016875 -2.077198 3.275893 0.172550 -0.903652 -0.391969 131 7 7
0.022831 -1.634406 2.820926 -0.983399 -0.123435 -0.133005 131 7 7
-0.009620 -1.947066 3.351025 -0.983399 -0.123435 -0.133005 131 7 7
-0.036116 -1.816934 3.426157 -0.983399 -0.123435 -0.133005 131 7 7
-0.036116 -1.816934 3.426157 -0.172550 0.791281 0.586601 131 7 7
0.044434 -1.804633 3.433259 -0.172550 0.791281 0.586601 131 7 7
0.032349 -1.437574 2.934567 -0.172550 0.791281 0.586601 131 7 7
0.103381 -1.622105 2.828028 0.983399 0.123435 0.133005 131 7 7
0.070929 -1.934765 3.358127 0.983399 0.123435 0.133005 131 7 7
0.097425 -2.064897 3.282995 0.983399 0.123435 0.133005 131 7 7
-0.028816 0.026251 0.125718 -0.000000 0.500000 -0.866026 255 255 255
-0.009620 -1.947066 3.351025 -0.000002 -0.500001 0.866025 131 7 7
0.016875 -2.077198 3.275893 -0.000002 -0.500001 0.866025 131 7 7
0.097425 -2.064897 3.282995 -0.000002 -0.500001 0.866025 131 7 7
0.190476 -0.497923 0.911600 0.978982 -0.011896 -0.203599 255 255 255
0.141944 -0.864968 0.699687 0.978982 -0.011896 -0.203599 255 255 255
0.097447 -0.435552 0.460636 0.978982 -0.011896 -0.203599 255 255 255
-0.000086 -0.167389 1.102434 -0.148401 0.988505 -0.028893 255 255 255
0.141944 -0.864968 0.699687 0.173649 -0.852869 -0.492404 255 255 255
0.141944 -0.864968 0.699687 0.993508 -0.098523 -0.056882 255 255 255
0.109927 -0.510224 0.904499 -0.881601 -0.466388 -0.072538 255 255 255
-0.080635 -0.179690 1.095333 -0.881601 -0.466388 -0.072538 255 255 255
-0.036138 -0.187373 0.603922 -0.881601 -0.466388 -0.072538 255 255 255
-0.080635 -0.179690 1.095333 -0.173648 0.852869 0.492404 255 255 255
-0.080635 -0.464733 1.589043 -0.894682 -0.386857 -0.223352 255 255 255
0.141944 -0.864968 0.699687 0.148402 -0.469230 -0.870517 255 255 255
0.061395 -0.877268 0.692586 0.148402 -0.469230 -0.870517 255 255 255
0.016897 -0.447852 0.453534 0.148402 -0.469230 -0.870517 255 255 255
0.109927 -0.510224 0.904499 -0.993508 0.098523 0.056882 255 255 255
0.016897 -0.447852 0.453534 -0.978982 0.011896 0.203599 255 255 255
0.061395 -0.877268 0.692586 -0.978982 0.011896 0.203599 255 255 255
0.109927 -0.510224 0.904499 -0.978982 0.011896 0.203599 255 255 255
0.190476 -0.497923 0.911600 0.894682 0.386857 0.223352 255 255 255
0.044412 -0.175073 0.611024 0.881601 0.466387 0.072538 255 255 255
-0.000086 -0.167389 1.102434 0.881601 0.466387 0.072538 255 255 255
0.190476 -0.497923 0.911600 0.881601 0.466387 0.072538 255 255 255
-0.036116 -1.816934 3.426157 0.000002 -0.499998 0.866027 131 7 7
0.044434 -1.804633 3.433259 0.983399 0.123434 0.133005 131 7 7
0.070929 -1.934765 3.358127 0.983399 0.123434 0.133005 131 7 7
0.103381 -1.622105 2.828028 0.983399 0.123434 0.133005 131 7 7
0.016875 -2.077198 3.275893 -0.983399 -0.123434 -0.133005 131 7 7
-0.009620 -1.947066 3.351025 -0.983399 -0.123434 -0.133005 131 7 7
0.022831 -1.634406 2.820926 -0.983399 -0.123434 -0.133005 131 7 7
0.051734 0.037032 0.131942 0.850197 0.476463 0.223939 255 255 255
0.044412 -0.175073 0.611024 0.850197 0.476463 0.223939 255 255 255
0.130703 -0.296185 0.541100 0.850197 0.476463 0.223939 255 255 255
0.009576 -0.139008 0.030306 -0.978693 0.157433 0.131815 255 255 255
0.016897 -0.447852 0.453534 -0.978693 0.157433 0.131815 255 255 255
0.050153 -0.308485 0.533998 -0.978693 0.157433 0.131815 255 255 255
0.097447 -0.435552 0.460636 0.172644 -0.794235 -0.582567 255 255 255
0.016897 -0.447852 0.453534 0.172644 -0.794235 -0.582567 255 255 255
0.009576 -0.139008 0.030306 0.172644 -0.794235 -0.582567 255 255 255
0.050153 -0.308485 0.533998 -0.850262 -0.475616 -0.225486 255 255 255
-0.036138 -0.187373 0.603922 -0.850262 -0.475616 -0.225486 255 255 255
-0.028816 0.026251 0.125718 -0.850262 -0.475616 -0.225486 255 255 255
-0.036138 -0.187373 0.603922 -0.172644 0.901636 0.396544 255 255 255
0.044412 -0.175073 0.611024 -0.172644 0.901636 0.396544 255 255 255
0.051734 0.037032 0.131942 -0.172644 0.901636 0.396544 255 255 255
0.130703 -0.296185 0.541100 0.978716 -0.157777 -0.131228 255 255 255
0.097447 -0.435552 0.460636 0.978716 -0.157777 -0.131228 255 255 255
0.090125 -0.128228 0.036530 0.978716 -0.157777 -0.131228 255 255 255
0.028960 -1.828848 2.708665 -0.998228 0.002846 -0.059430 255 255 255
0.022831 -1.634406 2.820926 -0.998228 0.002846 -0.059430 255 255 255
0.055498 -1.319672 2.287310 -0.998228 0.002846 -0.059430 255 255 255
0.032349 -1.437574 2.934567 0.947348 0.247051 0.203709 255 255 255
0.103381 -1.622105 2.828028 0.947348 0.247051 0.203709 255 255 255
0.136047 -1.307372 2.294412 0.947348 0.247051 0.203709 255 255 255
0.136047 -1.307372 2.294412 0.998228 -0.002846 0.059430 255 255 255
0.103381 -1.622105 2.828028 0.998228 -0.002846 0.059430 255 255 255
0.109510 -1.816548 2.715766 0.998228 -0.002846 0.059430 255 255 255
0.032349 -1.437574 2.934567 -0.172549 0.791282 0.586601 255 255 255
0.055498 -1.319672 2.287310 -0.947348 -0.247052 -0.203709 255 255 255
0.022831 -1.634406 2.820926 -0.947348 -0.247052 -0.203709 255 255 255
-0.048201 -1.449874 2.927466 -0.947348 -0.247052 -0.203709 255 255 255
0.109510 -1.816548 2.715766 0.172550 -0.903652 -0.391969 255 255 255
0.028960 -1.828848 2.708665 0.172550 -0.903652 -0.391969 255 255 255
0.041125 -1.578852 2.137673 0.172550 -0.903652 -0.391969 255 255 255
0.127218 -1.452638 1.884597 0.172548 -0.903652 -0.391969 131 7 7
0.121675 -1.566552 2.144775 0.172548 -0.903652 -0.391969 131 7 7
0.041125 -1.578852 2.137673 0.172548 -0.903652 -0.391969 131 7 7
0.070383 -1.176260 2.044164 -0.920950 -0.308361 -0.238255 131 7 7
0.055498 -1.319672 2.287310 -0.920950 -0.308361 -0.238255 131 7 7
-0.060366 -1.080379 2.425466 -0.920950 -0.308361 -0.238255 131 7 7
-0.060366 -1.080379 2.425466 -0.172549 0.791281 0.586601 131 7 7
0.020183 -1.068079 2.432568 -0.172549 0.791281 0.586601 131 7 7
0.014640 -0.899715 2.203827 -0.172549 0.791281 0.586601 131 7 7
0.150932 -1.163960 2.051265 0.997490 -0.067562 0.021215 131 7 7
0.136047 -1.307372 2.294412 0.997490 -0.067562 0.021215 131 7 7
0.121675 -1.566552 2.144775 0.997490 -0.067562 0.021215 131 7 7
0.020183 -1.068079 2.432568 0.920950 0.308361 0.238254 131 7 7
0.136047 -1.307372 2.294412 0.920950 0.308361 0.238254 131 7 7
0.150932 -1.163960 2.051265 0.920950 0.308361 0.238254 131 7 7
0.041125 -1.578852 2.137673 -0.997490 0.067562 -0.021215 131 7 7
0.055498 -1.319672 2.287310 -0.997490 0.067562 -0.021215 131 7 7
0.070383 -1.176260 2.044164 -0.997490 0.067562 -0.021215 131 7 7
0.046669 -1.464939 1.877495 -0.996136 0.087307 -0.009487 255 255 255
0.070383 -1.176260 2.044164 -0.996136 0.087307 -0.009487 255 255 255
0.109927 -0.795267 1.398209 -0.996136 0.087307 -0.009487 255 255 255
0.014640 -0.899715 2.203827 0.911824 0.326790 0.248565 255 255 255
0.150932 -1.163960 2.051265 0.911824 0.326790 0.248565 255 255 255
0.190476 -0.782967 1.405311 0.911824 0.326790 0.248565 255 255 255
0.190476 -0.782967 1.405311 0.996136 -0.087307 0.009486 255 255 255
0.150932 -1.163960 2.051265 0.996136 -0.087307 0.009486 255 255 255
0.127218 -1.452638 1.884597 0.996136 -0.087307 0.009486 255 255 255
-0.080635 -0.464733 1.589043 -0.172548 0.791282 0.586601 255 255 255
-0.065909 -0.912016 2.196726 -0.172548 0.791282 0.586601 255 255 255
0.014640 -0.899715 2.203827 -0.172548 0.791282 0.586601 255 255 255
0.109927 -0.795267 1.398209 -0.911824 -0.326790 -0.248565 255 255 255
0.070383 -1.176260 2.044164 -0.911824 -0.326790 -0.248565 255 255 255
-0.065909 -0.912016 2.196726 -0.911824 -0.326790 -0.248565 255 255 255
0.046669 -1.464939 1.877495 0.172549 -0.903652 -0.391969 255 255 255
0.097425 -1.816934 -3.426159 0.172550 0.791281 -0.586601 131 7 7
0.016876 -1.804634 -3.433261 0.172550 0.791281 -0.586601 131 7 7
0.028961 -1.437574 -2.934570 0.172550 0.791281 -0.586601 131 7 7
0.022832 -1.632017 -2.822308 -0.983399 0.176903 -0.040395 131 7 7
-0.009620 -1.934766 -3.358129 -0.983399 0.176903 -0.040395 131 7 7
-0.036115 -2.064898 -3.282997 -0.983399 0.176903 -0.040395 131 7 7
-0.048200 -1.816549 -2.715769 -0.172548 -0.903652 0.391969 131 7 7
-0.036115 -2.064898 -3.282997 -0.172548 -0.903652 0.391969 131 7 7
0.044434 -2.077198 -3.275896 -0.172548 -0.903652 0.391969 131 7 7
0.103381 -1.644317 -2.815207 0.983399 -0.176903 0.040395 131 7 7
0.070930 -1.947066 -3.351027 0.983399 -0.176903 0.040395 131 7 7
0.097425 -1.816934 -3.426159 0.983399 -0.176903 0.040395 131 7 7
-0.028816 -0.128228 -0.036532 0.000000 0.500000 0.866025 255 255 255
-0.009620 -1.934766 -3.358129 0.000003 -0.500002 -0.866024 131 7 7
0.016876 -1.804634 -3.433261 0.000003 -0.500002 -0.866024 131 7 7
0.097425 -1.816934 -3.426159 0.000003 -0.500002 -0.866024 131 7 7
0.190476 -0.546734 -0.883422 0.978982 0.182270 0.091498 255 255 255
0.141945 -0.179690 -1.095335 0.978982 0.182270 0.091498 255 255 255
0.097447 -0.187373 -0.603925 0.978982 0.182270 0.091498 255 255 255
-0.000086 -0.877268 -0.692589 -0.148401 -0.469231 0.870517 255 255 255
0.141945 -0.179690 -1.095335 0.173648 0.852869 -0.492404 255 255 255
0.141945 -0.179690 -1.095335 0.993508 0.098523 -0.056882 255 255 255
0.109927 -0.534434 -0.890524 -0.881601 0.296013 -0.367635 255 255 255
-0.080635 -0.864968 -0.699690 -0.881601 0.296013 -0.367635 255 255 255
-0.036137 -0.435552 -0.460639 -0.881601 0.296013 -0.367635 255 255 255
-0.000086 -1.162312 -1.186298 -0.173649 -0.852868 0.492404 255 255 255
-0.000086 -0.877268 -0.692589 -0.173649 -0.852868 0.492404 255 255 255
-0.080635 -0.864968 -0.699690 -0.173649 -0.852868 0.492404 255 255 255
0.109927 -0.819477 -1.384234 -0.894682 0.386857 -0.223352 255 255 255
-0.080635 -1.150011 -1.193400 -0.894682 0.386857 -0.223352 255 255 255
-0.080635 -0.864968 -0.699690 -0.894682 0.386857 -0.223352 255 255 255
0.141945 -0.179690 -1.095335 0.148401 0.988505 0.028893 255 255 255
0.109927 -0.534434 -0.890524 -0.993508 -0.098523 0.056882 255 255 255
0.016897 -0.175073 -0.611026 -0.978982 -0.182270 -0.091498 255 255 255
0.061395 -0.167390 -1.102437 -0.978982 -0.182270 -0.091498 255 255 255
0.109927 -0.534434 -0.890524 -0.978982 -0.182270 -0.091498 255 255 255
0.190476 -0.831778 -1.377132 0.894682 -0.386856 0.223352 255 255 255
0.190476 -0.546734 -0.883422 0.894682 -0.386856 0.223352 255 255 255
-0.000086 -0.877268 -0.692589 0.894682 -0.386856 0.223352 255 255 255
0.044412 -0.447852 -0.453537 0.881601 -0.296013 0.367635 255 255 255
-0.000086 -0.877268 -0.692589 0.881601 -0.296013 0.367635 255 255 255
0.190476 -0.546734 -0.883422 0.881601 -0.296013 0.367635 255 255 255
-0.036115 -2.064898 -3.282997 -0.000001 -0.499999 -0.866026 131 7 7
0.044434 -2.077198 -3.275896 0.983399 -0.176903 0.040395 131 7 7
0.016876 -1.804634 -3.433261 -0.983399 0.176903 -0.040395 131 7 7
0.051734 -0.139008 -0.030308 0.850197 -0.432168 0.300660 255 255 255
0.044412 -0.447852 -0.453537 0.850197 -0.432168 0.300660 255 255 255
0.130703 -0.326740 -0.523461 0.850197 -0.432168 0.300660 255 255 255
0.009576 0.037032 -0.131945 -0.978693 -0.192872 0.070433 255 255 255
0.016897 -0.175073 -0.611026 -0.978693 -0.192872 0.070433 255 255 255
0.050153 -0.314440 -0.530563 -0.978693 -0.192872 0.070433 255 255 255
0.097447 -0.187373 -0.603925 0.172644 0.901636 -0.396544 255 255 255
0.016897 -0.175073 -0.611026 0.172644 0.901636 -0.396544 255 255 255
0.009576 0.037032 -0.131945 0.172644 0.901636 -0.396544 255 255 255
0.050153 -0.314440 -0.530563 -0.850262 0.433085 -0.299152 255 255 255
-0.036137 -0.435552 -0.460639 -0.850262 0.433085 -0.299152 255 255 255
-0.028816 -0.128228 -0.036532 -0.850262 0.433085 -0.299152 255 255 255
-0.036137 -0.435552 -0.460639 -0.172644 -0.794235 0.582567 255 255 255
0.044412 -0.447852 -0.453537 -0.172644 -0.794235 0.582567 255 255 255
0.051734 -0.139008 -0.030308 -0.172644 -0.794235 0.582567 255 255 255
0.130703 -0.326740 -0.523461 0.978716 0.192536 -0.071025 255 255 255
0.097447 -0.187373 -0.603925 0.978716 0.192536 -0.071025 255 255 255
0.090125 0.026251 -0.125721 0.978716 0.192536 -0.071025 255 255 255
0.028961 -1.437574 -2.934570 -0.998228 0.050045 0.032180 255 255 255
0.022832 -1.632017 -2.822308 -0.998228 0.050045 0.032180 255 255 255
0.055498 -1.327259 -2.282933 -0.998228 0.050045 0.032180 255 255 255
0.032349 -1.828849 -2.708667 0.947348 -0.299943 0.112098 255 255 255
0.103381 -1.644317 -2.815207 0.947348 -0.299943 0.112098 255 255 255
0.136048 -1.339560 -2.275831 0.947348 -0.299943 0.112098 255 255 255
0.136048 -1.339560 -2.275831 0.998228 -0.050045 -0.032180 255 255 255
0.103381 -1.644317 -2.815207 0.998228 -0.050045 -0.032180 255 255 255
0.109510 -1.449874 -2.927468 0.998228 -0.050045 -0.032180 255 255 255
-0.060366 -1.566552 -2.144777 -0.172547 -0.903652 0.391969 255 255 255
-0.048200 -1.816549 -2.715769 -0.172547 -0.903652 0.391969 255 255 255
0.032349 -1.828849 -2.708667 -0.172547 -0.903652 0.391969 255 255 255
0.055498 -1.327259 -2.282933 -0.947348 0.299943 -0.112098 255 255 255
0.022832 -1.632017 -2.822308 -0.947348 0.299943 -0.112098 255 255 255
-0.048200 -1.816549 -2.715769 -0.947348 0.299943 -0.112098 255 255 255
0.028961 -1.437574 -2.934570 0.172548 0.791281 -0.586601 255 255 255
0.121675 -1.080380 -2.425469 0.172548 0.791282 -0.586600 131 7 7
0.041126 -1.068079 -2.432571 0.172548 0.791282 -0.586600 131 7 7
0.046669 -0.899716 -2.203830 0.172548 0.791282 -0.586600 131 7 7
0.070383 -1.188394 -2.037161 -0.920950 0.360515 -0.147921 131 7 7
0.055498 -1.327259 -2.282933 -0.920950 0.360515 -0.147921 131 7 7
-0.060366 -1.566552 -2.144777 -0.920950 0.360515 -0.147921 131 7 7
-0.060366 -1.566552 -2.144777 -0.172548 -0.903652 0.391969 131 7 7
0.020184 -1.578852 -2.137676 -0.172548 -0.903652 0.391969 131 7 7
0.014641 -1.464939 -1.877498 -0.172548 -0.903652 0.391969 131 7 7
0.150932 -1.200694 -2.030060 0.997490 0.015409 -0.069118 131 7 7
0.136048 -1.339560 -2.275831 0.997490 0.015409 -0.069118 131 7 7
0.121675 -1.080380 -2.425469 0.997490 0.015409 -0.069118 131 7 7
0.020184 -1.578852 -2.137676 0.920950 -0.360515 0.147922 131 7 7
0.136048 -1.339560 -2.275831 0.920950 -0.360515 0.147922 131 7 7
0.150932 -1.200694 -2.030060 0.920950 -0.360515 0.147922 131 7 7
0.041126 -1.068079 -2.432571 -0.997490 -0.015409 0.069118 131 7 7
0.055498 -1.327259 -2.282933 -0.997490 -0.015409 0.069118 131 7 7
0.070383 -1.188394 -2.037161 -0.997490 -0.015409 0.069118 131 7 7
0.046669 -0.899716 -2.203830 -0.996136 -0.035438 0.080353 255 255 255
0.070383 -1.188394 -2.037161 -0.996136 -0.035438 0.080353 255 255 255
0.109927 -0.819477 -1.384234 -0.996136 -0.035438 0.080353 255 255 255
0.014641 -1.464939 -1.877498 0.911824 -0.378659 0.158726 255 255 255
0.150932 -1.200694 -2.030060 0.911824 -0.378659 0.158726 255 255 255
0.190476 -0.831778 -1.377132 0.911824 -0.378659 0.158726 255 255 255
0.190476 -0.831778 -1.377132 0.996136 0.035438 -0.080353 255 255 255
0.150932 -1.200694 -2.030060 0.996136 0.035438 -0.080353 255 255 255
0.127218 -0.912016 -2.196728 0.996136 0.035438 -0.080353 255 255 255
0.014641 -1.464939 -1.877498 -0.172549 -0.903652 0.391969 255 255 255
0.109927 -0.819477 -1.384234 -0.911824 0.378659 -0.158726 255 255 255
0.070383 -1.188394 -2.037161 -0.911824 0.378659 -0.158726 255 255 255
-0.065909 -1.452639 -1.884599 -0.911824 0.378659 -0.158726 255 255 255
0.046669 -0.899716 -2.203830 0.172549 0.791281 -0.586601 255 255 255
0.016875 3.869381 0.157364 0.172548 0.112371 0.978570 131 7 7
0.022831 3.253972 0.001378 -0.983399 -0.053468 0.173400 131 7 7
-0.009620 3.869381 0.007100 -0.983399 -0.053468 0.173400 131 7 7
-0.036116 3.869381 -0.143163 -0.983399 -0.053468 0.173400 131 7 7
0.044434 3.869381 -0.157366 -0.172548 0.112371 -0.978570 131 7 7
0.103381 3.253972 -0.012825 0.983399 0.053468 -0.173400 131 7 7
0.070929 3.869381 -0.007103 0.983399 0.053468 -0.173400 131 7 7
0.097425 3.869381 0.143161 0.983399 0.053468 -0.173400 131 7 7
-0.028816 0.089525 -0.089190 0.000000 -1.000000 0.000000 255 255 255
0.097425 3.869381 0.143161 0.000000 1.000000 -0.000000 131 7 7
0.190476 1.032206 -0.028182 0.978982 -0.170374 0.112102 255 255 255
0.141944 1.032206 0.395644 0.978982 -0.170374 0.112102 255 255 255
0.097447 0.610474 0.143285 0.978982 -0.170374 0.112102 255 255 255
-0.000086 1.032206 -0.409850 -0.148401 -0.519275 -0.841624 255 255 255
0.141944 1.032206 0.395644 0.173648 0.000000 0.984808 255 255 255
0.141944 1.032206 0.395644 0.993508 0.000000 0.113765 255 255 255
0.109927 1.032206 -0.013979 -0.881601 0.170374 0.440172 255 255 255
-0.080635 1.032206 -0.395647 -0.881601 0.170374 0.440172 255 255 255
-0.036138 0.610474 -0.143288 -0.881601 0.170374 0.440172 255 255 255
-0.080635 1.032206 -0.395647 -0.173648 -0.000000 -0.984808 255 255 255
-0.080635 1.032206 -0.395647 -0.894682 -0.000000 0.446703 255 255 255
0.061395 1.032206 0.409847 0.148401 -0.519275 0.841624 255 255 255
0.109927 1.032206 -0.013979 -0.993508 -0.000000 -0.113765 255 255 255
0.016897 0.610474 0.157488 -0.978982 0.170374 -0.112102 255 255 255
0.061395 1.032206 0.409847 -0.978982 0.170374 -0.112102 255 255 255
0.109927 1.032206 -0.013979 -0.978982 0.170374 -0.112102 255 255 255
0.190476 1.032206 -0.028182 0.894682 0.000000 -0.446703 255 255 255
0.044412 0.610474 -0.157491 0.881601 -0.170374 -0.440172 255 255 255
-0.000086 1.032206 -0.409850 0.881601 -0.170374 -0.440172 255 255 255
0.190476 1.032206 -0.028182 0.881601 -0.170374 -0.440172 255 255 255
0.044434 3.869381 -0.157366 0.983399 0.053468 -0.173400 131 7 7
0.016875 3.869381 0.157364 -0.983399 -0.053468 0.173400 131 7 7
0.051734 0.089525 -0.101638 0.850197 -0.044295 -0.524598 255 255 255
0.044412 0.610474 -0.157491 0.850197 -0.044295 -0.524598 255 255 255
0.130703 0.610474 -0.017643 0.850197 -0.044295 -0.524598 255 255 255
0.009576 0.089525 0.101635 -0.978693 0.035439 -0.202249 255 255 255
0.016897 0.610474 0.157488 -0.978693 0.035439 -0.202249 255 255 255
0.050153 0.610474 -0.003440 -0.978693 0.035439 -0.202249 255 255 255
0.097447 0.610474 0.143285 0.172644 -0.107401 0.979111 255 255 255
0.016897 0.610474 0.157488 0.172644 -0.107401 0.979111 255 255 255
0.009576 0.089525 0.101635 0.172644 -0.107401 0.979111 255 255 255
0.050153 0.610474 -0.003440 -0.850262 0.042531 0.524639 255 255 255
-0.036138 0.610474 -0.143288 -0.850262 0.042531 0.524639 255 255 255
-0.028816 0.089525 -0.089190 -0.850262 0.042531 0.524639 255 255 255
-0.036138 0.610474 -0.143288 -0.172644 -0.107401 -0.979111 255 255 255
0.044412 0.610474 -0.157491 -0.172644 -0.107401 -0.979111 255 255 255
0.051734 0.089525 -0.101638 -0.172644 -0.107401 -0.979111 255 255 255
0.130703 0.610474 -0.017643 0.978716 -0.034758 0.202253 255 255 255
0.097447 0.610474 0.143285 0.978716 -0.034758 0.202253 255 255 255
0.090125 0.089525 0.089187 0.978716 -0.034758 0.202253 255 255 255
0.028960 3.253972 0.225901 -0.998228 -0.052891 0.027250 255 255 255
0.022831 3.253972 0.001378 -0.998228 -0.052891 0.027250 255 255 255
0.055498 2.634480 -0.004382 -0.998228 -0.052891 0.027250 255 255 255
0.032349 3.253972 -0.225904 0.947348 0.052891 -0.315807 255 255 255
0.103381 3.253972 -0.012825 0.947348 0.052891 -0.315807 255 255 255
0.136047 2.634480 -0.018585 0.947348 0.052891 -0.315807 255 255 255
0.136047 2.634480 -0.018585 0.998228 0.052891 -0.027250 255 255 255
0.103381 3.253972 -0.012825 0.998228 0.052891 -0.027250 255 255 255
0.109510 3.253972 0.211698 0.998228 0.052891 -0.027250 255 255 255
-0.048201 3.253972 -0.211701 -0.172548 0.112371 -0.978570 255 255 255
0.055498 2.634480 -0.004382 -0.947348 -0.052891 0.315807 255 255 255
0.022831 3.253972 0.001378 -0.947348 -0.052891 0.315807 255 255 255
-0.048201 3.253972 -0.211701 -0.947348 -0.052891 0.315807 255 255 255
0.028960 3.253972 0.225901 0.172548 0.112371 0.978570 255 255 255
0.041125 2.634480 0.294893 0.172548 0.112371 0.978570 131 7 7
0.070383 2.352203 -0.007007 -0.920950 -0.052154 0.386176 131 7 7
0.055498 2.634480 -0.004382 -0.920950 -0.052154 0.386176 131 7 7
-0.060366 2.634480 -0.280693 -0.920950 -0.052154 0.386176 131 7 7
0.020184 2.634480 -0.294896 -0.172548 0.112371 -0.978570 131 7 7
0.150932 2.352203 -0.021210 0.997490 0.052154 0.047903 131 7 7
0.136047 2.634480 -0.018585 0.997490 0.052154 0.047903 131 7 7
0.121675 2.634480 0.280690 0.997490 0.052154 0.047903 131 7 7
0.020184 2.634480 -0.294896 0.920950 0.052154 -0.386176 131 7 7
0.136047 2.634480 -0.018585 0.920950 0.052154 -0.386176 131 7 7
0.150932 2.352203 -0.021210 0.920950 0.052154 -0.386176 131 7 7
0.041125 2.634480 0.294893 -0.997490 -0.052154 -0.047903 131 7 7
0.055498 2.634480 -0.004382 -0.997490 -0.052154 -0.047903 131 7 7
0.070383 2.352203 -0.007007 -0.997490 -0.052154 -0.047903 131 7 7
0.046669 2.352203 0.326330 -0.996136 -0.051869 -0.070867 255 255 255
0.070383 2.352203 -0.007007 -0.996136 -0.051869 -0.070867 255 255 255
0.109927 1.602293 -0.013979 -0.996136 -0.051869 -0.070867 255 255 255
0.014640 2.352203 -0.326333 0.911824 0.051869 -0.407291 255 255 255
0.150932 2.352203 -0.021210 0.911824 0.051869 -0.407291 255 255 255
0.190476 1.602293 -0.028182 0.911824 0.051869 -0.407291 255 255 255
0.190476 1.602293 -0.028182 0.996136 0.051869 0.070867 255 255 255
0.150932 2.352203 -0.021210 0.996136 0.051869 0.070867 255 255 255
0.127218 2.352203 0.312127 0.996136 0.051869 0.070867 255 255 255
0.014640 2.352203 -0.326333 -0.172548 0.112371 -0.978570 255 255 255
0.109927 1.602293 -0.013979 -0.911824 -0.051869 0.407291 255 255 255
0.070383 2.352203 -0.007007 -0.911824 -0.051869 0.407291 255 255 255
-0.065909 2.352203 -0.312130 -0.911824 -0.051869 0.407291 255 255 255
0.127218 2.352203 0.312127 0.172548 0.112371 0.978570 255 255 255
3 0 1 2
3 3 4 5
3 6 7 8
3 9 10 11
3 12 13 14
3 15 16 17
3 18 19 20
3 21 22 23
3 24 25 26
3 27 28 29
3 30 31 32
3 33 34 35
3 36 37 38
3 39 40 41
3 42 43 44
3 45 46 47
3 48 49 50
3 51 52 53
3 54 55 56
3 57 58 59
3 60 61 62
3 63 64 65
3 66 67 68
3 69 70 71
3 72 73 74
3 75 76 77
3 78 79 80
3 81 82 83
3 84 85 86
3 87 88 89
3 90 91 92
3 93 94 95
3 96 97 98
3 99 100 101
3 102 103 104
3 105 106 107
3 108 109 110
3 111 112 113
3 114 115 116
3 117 118 119
3 120 121 122
3 123 124 125
3 126 127 128
3 129 130 131
3 132 133 134
3 135 136 137
3 138 139 140
3 141 142 143
3 144 145 146
3 147 148 149
3 150 151 152
3 153 154 155
3 156 157 158
3 159 160 161
3 162 163 164
3 165 166 167
3 168 169 170
3 171 172 173
3 174 175 176
3 177 178 179
3 180 181 182
3 183 184 185
3 186 187 188
3 189 190 191
3 192 193 194
3 195 196 197
3 198 199 200
3 201 202 203
3 204 205 206
3 207 208 209
3 210 211 212
3 213 214 215
3 216 217 218
3 219 220 221
3 222 223 224
3 225 226 227
3 228 229 230
3 231 232 233
3 234 235 236
3 237 238 239
3 240 241 242
3 243 244 245
3 246 247 248
3 249 250 251
3 252 253 254
3 255 256 257
3 258 259 260
3 261 262 263
3 264 265 266
3 267 268 269
3 270 271 272
3 273 274 275
3 276 277 278
3 279 280 281
3 282 283 284
3 285 286 287
3 288 289 290
3 291 292 293
3 294 295 296
3 297 298 299
3 300 301 302
3 303 304 305
3 306 307 308
3 309 310 311
3 312 313 314
3 315 316 317
3 318 319 320
3 321 322 323
3 324 325 326
3 327 328 329
3 330 331 332
3 333 334 335
3 336 337 338
3 339 340 341
3 342 343 344
3 345 346 347
3 348 349 350
3 351 352 353
3 354 355 356
3 357 358 359
3 360 361 362
3 363 364 365
3 366 367 368
3 369 370 371
3 372 373 374
3 375 376 377
3 378 379 380
3 381 382 383
3 384 385 386
3 387 388 389
3 390 391 392
3 393 394 395
3 396 397 398
3 399 400 401
3 402 403 404
3 405 406 407
3 408 409 410
3 411 412 413
3 414 415 416
3 417 418 419
3 420 421 422
3 423 424 425
3 426 427 428
3 429 430 431
3 432 433 434
3 435 436 437
3 438 439 440
3 441 442 443
3 444 445 446
3 447 448 449
3 450 451 452
3 453 454 455
3 456 457 458
3 459 460 461
3 462 463 464
3 465 466 467
3 468 469 470
3 471 472 473
3 474 475 476
3 477 478 479
3 480 481 482
3 483 484 485
3 486 487 488
3 489 490 491
3 492 493 494
3 495 496 497
3 498 499 500
3 501 502 503
3 504 505 506
3 507 508 509
3 510 511 512
3 513 514 515
3 516 517 518
3 519 520 521
3 522 523 524
3 525 526 527
3 528 529 530
3 531 532 533
3 534 535 536
3 537 538 539
3 540 541 542
3 543 544 545
3 546 547 548
3 549 550 551
3 552 553 554
3 555 556 557
3 558 559 560
3 561 562 563
3 564 565 566
3 567 568 569
3 570 571 572
3 573 574 575
3 576 577 578
3 579 580 581
3 582 583 584
3 585 586 587
3 588 589 590
3 591 592 593
3 594 595 596
3 597 598 599
3 600 601 602
3 603 604 605
3 606 607 608
3 609 610 611
3 612 613 614
3 615 616 617
3 618 619 620
3 621 622 623
3 624 625 626
3 627 628 629
3 630 631 632
3 633 634 635
3 636 637 638
3 639 640 641
3 642 643 644
3 645 646 647
3 648 649 650
3 651 652 653
3 654 655 656
3 657 658 659
3 660 661 662
3 663 664 665
3 666 667 668
3 669 670 671
3 672 673 674
3 675 676 677
3 678 679 680
3 681 682 683
3 684 685 686
3 687 688 689
3 690 691 692
3 693 694 695
3 696 697 698
3 699 700 701
3 702 703 704
3 705 706 707
3 708 709 710
3 711 712 713
3 714 715 716
3 717 718 719
3 720 721 722
3 723 724 725
3 726 727 728
3 729 730 731
3 732 733 734
3 735 736 737
3 738 739 740
3 741 742 743
3 744 745 746
3 747 748 749
3 750 751 752
3 753 754 755
3 756 757 758
3 759 760 761
3 762 763 764
3 765 766 767
3 768 769 770
3 771 772 773
3 774 775 776
3 777 778 779
3 780 781 782
3 783 784 785
3 786 787 788
3 789 790 791
3 792 793 794
3 795 796 797
3 798 799 800
3 801 802 803
3 804 805 806
3 807 808 809
3 810 811 812
3 813 814 815
3 816 817 818
3 819 820 821
3 822 823 824
3 825 826 827
3 828 829 830
3 831 832 833
3 834 835 836
3 837 838 839
3 840 841 842
3 843 844 845
3 846 847 848
3 849 850 851
3 852 853 854
3 855 856 857
3 858 859 860
3 861 862 863
3 864 865 866
3 867 868 869
3 870 871 872
3 873 874 875
3 876 877 878
3 879 880 881
3 882 883 884
3 885 886 887
3 888 889 890
3 891 892 893
3 894 895 896
3 897 898 899
3 900 901 902
3 903 904 905
3 906 907 908
3 909 910 911
3 912 913 914
3 915 916 917
3 918 919 920
3 921 878 922
3 923 924 925
3 926 927 928
3 929 930 931
3 932 933 934
3 935 936 937
3 933 938 934
3 939 940 941
3 930 942 931
3 943 944 945
3 946 947 948
3 949 950 951
3 952 953 954
3 955 956 957
3 958 959 960
3 961 962 963
3 964 965 966
3 967 968 969
3 970 971 972
3 973 974 975
3 976 977 978
3 979 980 981
3 982 983 984
3 985 986 987
3 988 989 990
3 991 992 993
3 994 995 996
3 997 998 999
3 1000 1001 1002
3 1003 1004 1005
3 1006 1007 1008
3 1009 1010 1011
3 1012 1013 1014
3 1015 1016 1017
3 1018 1019 1020
3 1021 1022 1023
3 1024 1025 1026
3 1027 1028 1029
3 1030 1031 1032
3 1033 1034 1035
3 1036 1037 1038
3 1039 1040 1041
3 1042 1043 1044
3 1045 1046 1047
3 1048 1049 1050
3 1051 1052 1053
3 1054 1011 1055
3 1056 1057 1058
3 1059 1060 1061
3 1062 1063 1064
3 1065 1066 1067
3 1068 1069 1070
3 1066 1071 1067
3 1072 1073 1074
3 1063 1075 1064
3 1076 1077 1078
3 1079 1080 1081
3 1082 1083 1084
3 1085 1086 1087
3 1088 1089 1090
3 1091 1092 1093
3 1094 1095 1096
3 1097 1098 1099
3 1100 1101 1102
3 1103 1104 1105
3 1106 1107 1108
3 1109 1110 1111
3 1112 1113 1114
3 1115 1116 1117
3 1118 1119 1120
3 1121 1122 1123
3 1124 1125 1126
3 1127 1128 1129
3 1130 1131 1132
3 1133 1134 1135
3 1136 1137 1138
3 1139 1140 1141
3 1142 1143 1144
3 1145 1146 1147
3 1148 1149 1150
3 1151 1152 1153
3 1154 1155 1156
3 1157 1158 1159
3 1160 1161 1162
3 1163 1164 1165
3 1166 1167 1168
3 1169 1170 1171
3 1172 1173 1174
3 1175 1176 1177
3 1178 1179 1180
3 1181 1182 1183
3 1147 1184 1185
3 1186 1144 1187
3 1188 1189 1190
3 1191 1192 1193
3 1194 1195 1196
3 1197 1198 1199
3 1200 1201 1202
3 1198 1203 1199
3 1204 1205 1206
3 1195 1207 1196
3 1208 1209 1210
3 1211 1212 1213
3 1214 1215 1216
3 1217 1218 1219
3 1220 1221 1222
3 1223 1224 1225
3 1226 1227 1228
3 1229 1230 1231
3 1232 1233 1234
3 1235 1236 1237
3 1238 1239 1240
3 1241 1242 1243
3 1244 1245 1246
3 1247 1248 1249
3 1250 1251 1252
3 1253 1254 1255
3 1256 1257 1258
3 1259 1260 1261
3 0 1262 1
3 3 1263 4
3 1264 1265 1266
3 1267 1268 1269
3 12 1270 13
3 15 1271 16
3 18 1272 19
3 21 1273 22
3 1274 1275 1276
3 27 1277 28
3 30 1278 31
3 1279 1280 1281
3 36 1282 37
3 45 1283 46
3 1284 1285 1286
3 1287 1288 1289
3 54 1290 55
3 57 1291 58
3 60 1292 61
3 69 1293 70
3 72 1294 73
3 1295 1296 1297
3 78 1298 79
3 1299 1300 1301
3 1302 1303 1304
3 1305 1306 1307
3 90 1308 91
3 1309 1310 1311
3 96 1312 97
3 99 1313 100
3 1314 1315 1316
3 105 1317 106
3 1318 1319 1320
3 1321 1322 1323
3 114 1324 115
3 1325 1326 1327
3 120 1328 121
3 123 1329 124
3 126 1330 127
3 129 1331 130
3 138 1332 139
3 141 1333 142
3 1334 1335 1336
3 1337 1338 1339
3 150 1340 151
3 1341 1342 1343
3 1344 1345 1346
3 165 1347 166
3 1348 1349 1350
3 171 1351 172
3 1352 1353 1354
3 177 1355 178
3 1356 1357 1358
3 1359 1360 1361
3 1362 1363 1364
3 189 1365 190
3 1366 1367 1368
3 195 1369 196
3 198 1370 199
3 201 1371 202
3 204 1372 205
3 1373 1374 1375
3 210 1376 211
3 1377 1378 1379
3 1380 1381 1382
3 1383 1384 1385
3 1386 1387 1388
3 231 1389 232
3 1390 1391 1392
3 237 1393 238
3 240 1394 241
3 1395 1396 1397
3 1398 1399 1400
3 255 1401 256
3 1402 1403 1404
3 261 1405 262
3 1406 1407 1408
3 267 1409 268
3 1410 1411 1412
3 273 1413 274
3 276 1414 277
3 1415 1416 1417
3 282 1418 283
3 1419 1420 1421
3 288 1422 289
3 1423 1424 1425
3 1426 1427 1428
3 1429 1430 1431
3 1432 1433 1434
3 1435 1436 1437
3 306 1438 307
3 309 1439 310
3 312 1440 313
3 321 1441 322
3 324 1442 325
3 327 1443 328
3 330 1444 331
3 1445 1446 1447
3 1448 1449 1450
3 1451 1452 1453
3 348 1454 349
3 1455 1456 1457
3 1458 1459 1460
3 1461 1462 1463
3 360 1464 361
3 1465 1466 1467
3 1468 1469 1470
3 1471 1472 1473
3 1474 1475 1476
3 1477 1478 1479
3 1480 1481 1482
3 381 1483 382
3 1484 1485 1486
3 1487 1488 1489
3 390 1490 391
3 1491 1492 1493
3 396 1494 397
3 1495 1496 1497
3 1498 1499 1500
3 405 1501 406
3 414 1502 415
3 417 1503 418
3 1504 1505 1506
3 1507 1508 1509
3 1510 1511 1512
3 429 1513 430
3 438 1514 439
3 441 1515 442
3 1516 1517 1518
3 1519 1520 1521
3 450 1522 451
3 453 1523 454
3 1524 1525 1526
3 1527 1528 1529
3 462 1530 463
3 1531 1532 1533
3 1534 1535 1536
3 1537 1538 1539
3 474 1540 475
3 477 1541 478
3 1542 1543 1544
3 1545 1546 1547
3 486 1548 487
3 489 1549 490
3 492 1550 493
3 495 1551 496
3 498 1552 499
3 507 1553 508
3 510 1554 511
3 513 1555 514
3 516 1556 517
3 519 1557 520
3 522 1558 523
3 525 1559 526
3 528 1560 529
3 1561 1562 1563
3 534 1564 535
3 537 1565 538
3 1566 1567 1568
3 1569 1570 1571
3 1572 1573 1574
3 549 1575 550
3 1576 1577 1578
3 1579 1580 1581
3 558 1582 559
3 561 1583 562
3 564 1584 565
3 567 1585 568
3 1586 1587 1588
3 1589 1590 1591
3 582 1592 583
3 1593 1594 1595
3 1596 1597 1598
3 591 1599 592
3 600 1600 601
3 603 1601 604
3 1602 1603 1604
3 1605 1606 1607
3 1608 1609 1610
3 615 1611 616
3 1612 1613 1614
3 621 1615 622
3 1616 1617 1618
3 1619 1620 1621
3 1622 1623 1624
3 633 1625 634
3 636 1626 637
3 1627 1628 1629
3 642 1630 643
3 1631 1632 1633
3 648 1634 649
3 1635 1636 1637
3 654 1638 655
3 657 1639 658
3 666 1640 667
3 669 1641 670
3 1642 1643 1644
3 675 1645 676
3 678 1646 679
3 681 1647 682
3 690 1648 691
3 693 1649 694
3 696 1650 697
3 1651 1652 1653
3 1654 1655 1656
3 1657 1658 1659
3 708 1660 709
3 1661 1662 1663
3 714 1664 715
3 1665 1666 1667
3 1668 1669 1670
3 1671 1672 1673
3 726 1674 727
3 1675 1676 1677
3 1678 1679 1680
3 735 1681 736
3 1682 1683 1684
3 741 1685 742
3 744 1686 745
3 747 1687 748
3 1688 1689 1690
3 1691 1692 1693
3 762 1694 763
3 765 1695 766
3 768 1696 769
3 771 1697 772
3 774 1698 775
3 777 1699 778
3 780 1700 781
3 783 1701 784
3 786 1702 787
3 789 1703 790
3 792 1704 793
3 795 1705 796
3 798 1706 799
3 801 1707 802
3 804 1708 805
3 807 1709 808
3 810 1710 811
3 813 1711 814
3 816 1712 817
3 819 1713 820
3 1714 1715 1716
3 825 1717 826
3 828 1718 829
3 831 1719 832
3 834 1720 835
3 837 1721 838
3 840 1722 841
3 843 1723 844
3 846 1724 847
3 849 1725 850
3 852 1726 853
3 855 1727 856
3 858 1728 859
3 861 1729 862
3 864 1730 865
3 1731 1732 1733
3 1734 1735 1736
3 1737 1738 1739
3 876 1740 877
3 1741 1742 1743
3 1744 1745 1746
3 885 1747 886
3 888 1748 889
3 891 1749 892
3 1750 1751 1752
3 897 1753 898
3 900 1754 901
3 1755 1756 1757
3 906 1758 907
3 1759 1760 1761
3 912 1762 913
3 1763 1764 1765
3 1766 879 881
3 921 876 878
3 1767 1768 1769
3 1770 1771 1772
3 1773 1774 1775
3 1776 1777 1778
3 1779 1780 1781
3 1782 1783 1784
3 1785 1786 1787
3 1788 1789 1790
3 1791 1792 1793
3 1794 1795 1796
3 1797 1798 1799
3 952 1800 953
3 1801 1802 1803
3 1804 1805 1806
3 1807 1808 1809
3 1810 1811 1812
3 1813 1814 1815
3 1816 1817 1818
3 1819 1820 1821
3 1822 1823 1824
3 1825 1826 1827
3 1828 1829 1830
3 1831 1832 1833
3 1834 1835 1836
3 1837 1838 1839
3 994 1840 995
3 1841 1842 1843
3 1844 1845 1846
3 1847 1848 1849
3 1850 1851 1852
3 1009 1853 1010
3 1854 1855 1856
3 1857 1858 1859
3 1018 1860 1019
3 1021 1861 1022
3 1024 1862 1025
3 1863 1864 1865
3 1866 1867 1868
3 1869 1870 1871
3 1036 1872 1037
3 1039 1873 1040
3 1874 1875 1876
3 1877 1878 1879
3 1880 1881 1882
3 1883 1012 1014
3 1054 1009 1011
3 1884 1851 1850
3 1885 1845 1844
3 1886 1887 1888
3 1889 1890 1891
3 1892 1893 1894
3 1895 1896 1897
3 1898 1899 1900
3 1901 1902 1903
3 1904 1905 1906
3 1907 1908 1909
3 1910 1911 1912
3 1913 1914 1915
3 1916 1917 1918
3 1091 1919 1092
3 1920 1921 1922
3 1923 1924 1925
3 1926 1927 1928
3 1929 1930 1931
3 1932 1933 1934
3 1935 1936 1937
3 1938 1939 1940
3 1941 1942 1943
3 1944 1945 1946
3 1121 1947 1122
3 1948 1949 1950
3 1127 1951 1128
3 1130 1952 1131
3 1953 1954 1955
3 1136 1956 1137
3 1957 1958 1959
3 1142 1960 1143
3 1145 1961 1146
3 1962 1963 1964
3 1151 1965 1152
3 1154 1966 1155
3 1157 1967 1158
3 1968 1969 1970
3 1163 1971 1164
3 1166 1972 1167
3 1169 1973 1170
3 1172 1974 1173
3 1975 1976 1977
3 1178 1978 1179
3 1979 1980 1981
3 1147 1146 1184
3 1186 1142 1144
3 1982 1958 1957
3 1983 1954 1953
3 1984 1985 1986
3 1987 1988 1989
3 1990 1991 1992
3 1993 1994 1995
3 1996 1997 1998
3 1999 2000 2001
3 2002 2003 2004
3 2005 2006 2007
3 2008 2009 2010
3 1217 2011 1218
3 2012 2013 2014
3 1223 2015 1224
3 1226 2016 1227
3 2017 2018 2019
3 1232 2020 1233
3 2021 2022 2023
3 2024 2025 2026
3 2027 2028 2029
3 2030 2031 2032
3 2033 2034 2035
3 2036 2037 2038
3 1253 2039 1254
3 2040 2041 2042
3 1259 2043 1260
